basin_id,model,mode,dataset,NSE,KGE,RMSE,MAE,PBIAS,FDC_slope_error,FDC_KGE,tail_RMSE_95,tail_RMSE_99,RB_flashiness_obs,RB_flashiness_sim,n_predictions
10100000,ar1,zero_shot,CAMELS-BR,0.9988306004943209,0.9970519154878589,525.1351084131086,386.9427462210859,-0.01007588994473163,0.00025361085503053035,0.9971028538575716,155.78853913697944,82.04719619902454,0.060459513530222934,0.06068995087602098,166
10200000,ar1,zero_shot,CAMELS-BR,0.9781238137416913,0.9841941910367933,61.56148377049286,30.287090214426094,-0.5463173890998687,-0.0038265223761186073,0.9886053584934777,19.775111065605785,24.059163313116233,0.21292258466130573,0.2169712171315912,174
10300000,ar1,zero_shot,CAMELS-BR,0.9971633972499692,0.997904845776461,36.664083882449724,26.36941660350649,-0.079125247653573,-0.002557650274462548,0.99840878387657,12.474008695277544,13.954485314720102,0.12315210449822495,0.12587639888414887,146
10500000,ar1,zero_shot,CAMELS-BR,0.9972582196206291,0.9977819447844306,79.63644573161623,44.58211251062815,0.12653690050667254,-0.0012370867894163605,0.9982383575659814,21.2732074143817,17.094466681169123,0.1041990335348744,0.10630876985552073,171
10800000,ar1,zero_shot,CAMELS-BR,0.9926561582552331,0.9943592890230168,40.90370766016,20.45604480943109,0.4058466885270791,-2.8504671987443497e-05,0.9956805461069642,8.843414530053709,5.2836821508988265,0.14247032965670797,0.14113431624498146,170
10900000,ar1,zero_shot,CAMELS-BR,0.9969363013327439,0.9983599329371204,24.16842230748225,16.733848879616033,0.012517934919019091,0.0011439651832739137,0.9993449656437186,13.260253346396983,6.2409382970442255,0.10579442048994137,0.10475654821096338,171
10910000,ar1,zero_shot,CAMELS-BR,0.9948951493427506,0.9952788343622568,74.30690371905703,49.61124807444776,-0.21750068090211727,-4.411893092823305e-05,0.9959994230318678,48.90781916774436,90.00168202460807,0.16823463990362492,0.17303195555631726,188
11200000,ar1,zero_shot,CAMELS-BR,0.9983835701028323,0.9991490048923648,670.2392839603211,423.2099775919608,-0.020995452046539895,0.000516848627810389,0.9996791402598985,315.93100318140125,373.02985809417265,0.06712280940826296,0.06604441274236823,171
11400000,ar1,zero_shot,CAMELS-BR,0.9988747259372309,0.9983898958246021,586.9614373534362,397.3596335162755,0.03156637179997348,0.00019204991990888313,0.9984832321365791,167.96875485718144,165.38067089443675,0.05453424600953095,0.05376047714682876,188
11444900,ar1,zero_shot,CAMELS-BR,0.9960568122402719,0.9964159670490349,135.231489440499,97.3778903703643,-0.005275177547283242,0.0002808955607634372,0.996967293245583,42.85212891799159,28.11788569921723,0.0901814739445079,0.09000597965430583,184
11450000,ar1,zero_shot,CAMELS-BR,0.9959360659284852,0.9979304110052678,162.79963067411379,125.43733075632578,0.0119353826275218,-0.0006441892555902849,0.9994483177886765,50.80887709082345,87.19732869772328,0.09995640894863714,0.09737514831452859,176
11500000,ar1,zero_shot,CAMELS-BR,0.9989843589713939,0.9968206063869892,690.7075455017847,508.4806610857712,0.007042886261600977,-3.897474644725708e-05,0.9968569969415282,270.20604121760056,191.38165979154945,0.05578179315636435,0.056041220865934056,188
12100000,ar1,zero_shot,CAMELS-BR,0.9970828302448632,0.9983080743902226,27.065175055000072,18.836263648254395,0.0002968087023106826,0.0005163424762987603,0.9990600250061671,23.409016099536284,8.003443309623057,0.11998768073007617,0.12124643240185781,132
12150000,ar1,zero_shot,CAMELS-BR,0.982691997592557,0.9900257875646149,75.31936882372008,24.44011736609101,-0.20911197296064013,-0.002442415793708644,0.9950562126157781,14.517178946918685,24.466370610505734,0.12472207956978347,0.12909707344607743,147
12180000,ar1,zero_shot,CAMELS-BR,0.99794634851228,0.997731985344188,9.165590997884902,6.068659545654757,0.03981645940049999,-0.0002312810131250044,0.9979390255011463,3.3389650758806044,4.851307329891321,0.06860532806854099,0.06681225686226416,126
12200000,ar1,zero_shot,CAMELS-BR,0.9805398593286937,0.9861906718372413,127.9813018977359,40.103408984758715,-0.9441057783738337,-0.0005172144020992586,0.9900425207533611,23.0996105418158,34.475410767010274,0.09897770671194758,0.09829998164650568,148
12210000,ar1,zero_shot,CAMELS-BR,0.9972305958576052,0.9977577147333828,45.10553977843023,26.563198127007816,0.1419969435570094,-0.00017915194516459135,0.9982066764754776,15.085634338930404,13.972761324875957,0.09291650711813589,0.09223913888136376,139
12240000,ar1,zero_shot,CAMELS-BR,0.9991987892595358,0.9936698962975515,32.96968736802174,26.206508434346876,0.1165330658065064,4.849047085924915e-05,0.9936796021360254,19.927639647384634,6.2925601326945255,0.06595023996649814,0.06552115925274854,173
12360000,ar1,zero_shot,CAMELS-BR,0.848882178437669,0.8668132709422064,113.2010513600817,57.260941271700034,1.6115943296860598,-0.008355133711078926,0.8918260220560785,330.6765227081366,334.7157586455171,0.8229181176366965,0.7261305243446958,166
12370000,ar1,zero_shot,CAMELS-BR,0.8833431168150724,0.9177366352950608,160.19020433068923,78.40639785542038,-1.8665893031856442,-0.0011196402842901104,0.9435614729319589,280.4459646190526,292.8826711106723,0.5735995860619598,0.5497198712157146,165
12390000,ar1,zero_shot,CAMELS-BR,0.941031247798327,0.9295086524235446,178.64264890177037,96.40850556565543,-2.9855335624067116,-0.006276371304380392,0.9357813210548416,441.175610851495,183.57500674804294,0.5496943218816764,0.4974430979421055,153
12400000,ar1,zero_shot,CAMELS-BR,0.8541956619749429,0.8317057378916278,11.392422595322499,5.7670579392609564,-1.3753721646536188,-0.004110466813349239,0.847802022719256,39.22562457606773,46.29933535647459,0.6092085712655972,0.5352644193186801,165
12420000,ar1,zero_shot,CAMELS-BR,0.9764157712814375,0.9756094849659813,13.758820264041356,9.498099755614867,-0.5219753606362835,-0.004204717324839673,0.9786192714281859,7.583085015452674,5.766295515828855,0.3096586105857194,0.3415526776023651,168
12500000,ar1,zero_shot,CAMELS-BR,0.9854778137328057,0.9904492797341261,112.93076568617876,63.29024445735179,0.37614398238983504,0.0008666844814200284,0.9935297560094905,180.88070298623757,238.77817586589686,0.3045796707902657,0.30343487543696734,188
12500900,ar1,zero_shot,CAMELS-BR,0.6067922989466037,0.8092127189313737,16.277032067582695,11.283389202380492,-3.2704752769355916,,,33.64310775546946,33.64310775546946,0.2084235639566893,0.20541699777980296,7
12510000,ar1,zero_shot,CAMELS-BR,0.7398977550517696,0.7974326307457147,57.35425877612434,31.865805459753645,-4.841923580636671,-0.018336288459649564,0.8522381097052527,147.0370234528396,222.62998226838275,0.6612075421386038,0.5840586296451216,138
12510500,ar1,zero_shot,CAMELS-BR,0.6933243893279547,0.6623139757533383,65.59344674322907,34.31705825967327,-6.12882500953092,-0.01639521974186835,0.6996633401353394,228.7508383531822,119.80688794938051,0.8834013904544555,0.6412749138349546,163
12520000,ar1,zero_shot,CAMELS-BR,0.9976856097603453,0.997196099521586,56.987532168931665,38.52168449266941,0.24742661644037778,-0.0007323491383285849,0.9974179591774979,27.522057028801147,46.03426797332329,0.1541279688551621,0.1499652095337804,161
12530000,ar1,zero_shot,CAMELS-BR,0.812767024013918,0.8152560922329073,29.598428047674968,13.41478611492395,-3.0252686610224973,-0.0058591756032200515,0.842098427746079,101.42135925619561,151.63565853401383,0.6203800562236677,0.5463996597990325,171
12540000,ar1,zero_shot,CAMELS-BR,0.9221553122843598,0.9269452118941742,54.261192506066635,31.61866109604625,-2.1454213598363325,-0.004521363096321396,0.9383278780339481,99.22428419210512,69.2901356078776,0.43149561250043356,0.42903178662761765,186
12550000,ar1,zero_shot,CAMELS-BR,0.9978576664798293,0.9906248522227983,58.870441107183225,29.924479761270202,0.9307684789127665,-0.0007404809906258886,0.9906311615694107,20.54338906114857,28.923577589924207,0.0702479340189247,0.06951345931165032,31
12560000,ar1,zero_shot,CAMELS-BR,0.9041485950107354,0.9473110753614151,41.04437131776153,25.807933608579564,1.320890043910785,-0.0058131442295807564,0.9776348124282559,106.69809451572517,100.3712220974744,0.4967259413862086,0.4958501150090013,184
12590000,ar1,zero_shot,CAMELS-BR,0.8975403074204517,0.9189400334474888,125.4675709619423,65.49703850932269,-1.1382201925983728,-0.0036732753812769824,0.9381273059078329,299.19619372277543,209.99871488032662,0.5128127147167272,0.48907822220511304,168
12600001,ar1,zero_shot,CAMELS-BR,0.8140204870746168,0.8638600700307143,181.50799743005567,87.28628971389678,-0.4367024193911301,-0.006412841208882247,0.905174512475818,530.7854574061078,442.6006048292603,0.6034133294438239,0.5874812624363139,169
12640000,ar1,zero_shot,CAMELS-BR,0.9290735327957829,0.9540832808297036,107.14277365714338,60.20042826422632,2.6461972502801303,-0.012721110475867888,0.9705844630787891,274.3970736352074,132.47669972371807,0.6463346679319939,0.6342445224599542,174
12650000,ar1,zero_shot,CAMELS-BR,0.9627651531882264,0.9661421625934613,103.11268543195396,52.89362245755771,0.1849772009208907,-0.0037831454168328546,0.9716452940715509,203.97579357264746,216.15715256146498,0.48356140089580335,0.44746312677778105,175
12680000,ar1,zero_shot,CAMELS-BR,0.9837513007570331,0.9834345009999557,168.36845906399793,88.35141334553916,0.1733230600913294,-0.00279095028042059,0.9855585394635795,225.28873206078276,103.28781210704243,0.32680129696337845,0.3124776422389428,166
12700000,ar1,zero_shot,CAMELS-BR,0.9990332408112471,0.9966516007366517,101.26898218456968,68.33082844041589,0.23609953094183722,-5.310877124699298e-05,0.9966795335670935,95.77026365872787,121.50151789281291,0.10910153600053947,0.10908297745607985,139
12840000,ar1,zero_shot,CAMELS-BR,0.9983420133427038,0.9977445591238956,133.44675539350362,60.39916904550554,0.06097977066445232,-0.0007617356870133971,0.9978756443518295,184.80347162622223,43.77760917766437,0.07591095035070608,0.0752879400252343,144
12845000,ar1,zero_shot,CAMELS-BR,0.9957134568037506,0.9962840448075183,409.2283918261601,296.0585772080051,-0.2731260449088239,-0.0006618654752999879,0.9969218053226784,409.6726960653817,176.0512249464232,0.1160872540370763,0.11445097300012416,186
12850000,ar1,zero_shot,CAMELS-BR,0.9983225331297824,0.9967018811559395,177.67098106904592,140.26065787845405,0.04142280603780172,-0.00010041800235884892,0.996795345049152,134.63387698691852,97.62549363822144,0.06356136528414719,0.06335460950114713,188
12870000,ar1,zero_shot,CAMELS-BR,0.9982159914832684,0.9919346242803234,60.30582621807276,31.840715098960022,-0.44045678220323703,-0.00020396450026301943,0.9919776894189358,32.55565400871908,24.602161864766888,0.09053838224038291,0.09203837345170929,175
12875000,ar1,zero_shot,CAMELS-BR,0.9900244564289185,0.9763684266617244,15.35501974839111,8.974152097028815,0.5068779759933665,0.0005161007333093076,0.9768446457024127,38.285864018839305,60.40690791126587,0.24011595750767645,0.2246421420056643,115
12880000,ar1,zero_shot,CAMELS-BR,0.9969626016123623,0.9982737280258419,15.923513115435368,10.064281698446814,-0.07577260746149023,-0.0001235845122920312,0.99891394761815,39.26900245529723,47.21946602812978,0.11438220877474573,0.11554138958211725,159
13100000,ar1,zero_shot,CAMELS-BR,0.9969948684309993,0.9970087286409399,8.495828643147483,4.7694243720590705,-0.21421103963852484,0.0005307706698681122,0.9973958139141547,8.077365264527677,2.246797003489952,0.09288906940985336,0.0931370680485063,166
13150000,ar1,zero_shot,CAMELS-BR,0.9995160889491375,0.9982868806926041,604.9471445244923,486.7554768951824,-0.01612338336394049,-0.00047287076537396756,0.9983001164044045,251.22241759023063,260.9015120489647,0.04141885233942478,0.041665153247554175,158
13150003,ar1,zero_shot,CAMELS-BR,0.9994974453198563,0.9958382323303173,638.8142049481185,496.46246909272224,-0.025383237022711794,-6.55029325866887e-05,0.9958440648767778,184.7652392786897,174.3307807850335,0.03963160264204343,0.03993063767512016,171
13170000,ar1,zero_shot,CAMELS-BR,0.8134381996845931,0.8240832703730886,254.16238912330385,134.73927361947392,-3.212125087019523,-0.004765171251174795,0.8528069517739637,743.6266639655387,780.9543588562461,0.5574573204165308,0.511665277941976,188
13175000,ar1,zero_shot,CAMELS-BR,0.8573625547508141,0.9054463633331215,72.8898989199336,47.23106881010156,6.050309819226895,-0.008368589904390829,0.9371055472359793,179.174936134396,185.22381498655795,0.6119022398996607,0.5286128618641064,161
13180000,ar1,zero_shot,CAMELS-BR,0.9532351687644075,0.9651319904557506,209.25703873710293,118.26825706659032,0.39685498589794077,0.0013027894701503132,0.9740021607124987,535.4796800653698,74.80790358894059,0.5119767159461748,0.4783973305060367,154
13200000,ar1,zero_shot,CAMELS-BR,0.9725042809719678,0.9837000049289925,121.05679921160355,73.88192898162637,-0.7669222704259929,-0.0023388541720695613,0.9910804954091338,211.59974472944648,108.56066727890942,0.3815808045165843,0.365922539498678,172
13300000,ar1,zero_shot,CAMELS-BR,0.964970324968994,0.9755150414780521,48.248473977312905,27.573898427890946,-0.11156450866863696,-0.0010744778287068296,0.9828798425890948,75.32478978809468,86.43447705811437,0.443360785948479,0.4067481889278068,148
13310000,ar1,zero_shot,CAMELS-BR,0.9855685801822214,0.9924514681236651,68.38809306893769,38.01572613973928,0.010261558776777523,-0.006415440459074759,0.9976289986665231,82.66322561868,40.132673902704845,0.4738818129188359,0.4618745333368329,174
13400000,ar1,zero_shot,CAMELS-BR,0.994517136605794,0.9890767552742843,39.8178854445798,25.620970277703105,-0.7713352578919294,-0.0007306949738775381,0.9893669829983919,20.57687189609985,15.467324432771875,0.29604101395613786,0.2851853366503186,59
13405000,ar1,zero_shot,CAMELS-BR,0.9343901480076153,0.937883051363501,50.387590332867774,14.045617920268802,5.053602823858499,-0.04711518807186249,0.9465632602594057,43.32377527925469,54.0522580408422,0.4992584173314747,0.4828505411000459,167
13410000,ar1,zero_shot,CAMELS-BR,0.9862626252866901,0.9930378208192847,187.94552265929923,100.70596888298857,-0.017712958396599386,-0.0034656938944674365,0.9981394627571508,283.7792758376113,269.51989150378336,0.406260251204248,0.39122012836371584,181
13439000,ar1,zero_shot,CAMELS-BR,0.319145567301484,0.2181129158971643,49.5662058991975,24.601432710566556,-26.485377971251623,-0.038501242792938505,0.2846834703272214,177.87500227372638,256.25351084364286,1.239121707133969,0.4805674022123808,73
13450000,ar1,zero_shot,CAMELS-BR,0.6669960237021377,0.7048809016291826,108.17332442750792,43.246406112465976,-4.489925400444732,-0.038084548007836144,0.7657635151278087,387.6538453970643,430.87890871064576,1.0662259134850076,0.9307741549612192,165
13470000,ar1,zero_shot,CAMELS-BR,0.7792975555524255,0.8728647574377325,98.70458299012395,46.58091271263502,-3.814964485540612,-0.010048968471616484,0.9351845086415598,328.55442647952594,203.18419194874917,0.806830491548605,0.7527919939070242,180
13490000,ar1,zero_shot,CAMELS-BR,0.8419641627895266,0.8331638778749588,72.00654718732058,35.73813395273042,-3.0790714997257793,-0.004095732642780844,0.852899959007704,86.00306929478404,92.59604832347486,0.7557694029388202,0.7176054352076383,40
13540000,ar1,zero_shot,CAMELS-BR,0.8483086304837095,0.9009397645243847,32.53993185779491,16.384820564516566,-0.42764587648217683,-0.019169710641223282,0.9376711489763344,111.83804673885847,86.55311437242162,0.8752099684759846,0.7833991391214733,123
13550000,ar1,zero_shot,CAMELS-BR,0.9080424788755831,0.8771688017133794,84.00645038125111,44.40659009650816,-4.958644792329203,-0.004347726691728386,0.8854065247471952,261.90485804884554,206.80256109731548,0.5965618257602237,0.5939426343663454,178
13568000,ar1,zero_shot,CAMELS-BR,0.9208601903483296,0.7820510023905952,131.44628484644824,56.235495057941435,-5.634536640601998,-0.014571572966671699,0.7825940551685987,499.53215391344463,365.70028246287416,0.8095407104467208,0.7015282819964135,52
13572000,ar1,zero_shot,CAMELS-BR,0.9859578631742856,0.9924239357565801,5.089247114673758,2.9364842787068333,0.027634014933593225,-0.0025792472832644603,0.9969112064557515,5.019726738144673,8.169741767005869,0.3611037646589311,0.35082781522006606,163
13578000,ar1,zero_shot,CAMELS-BR,0.9875578327324104,0.9789652428138544,18.502728019514276,9.646926174719038,-0.39071820264175106,-0.0041508032608470885,0.9797702545434555,57.181578765527505,84.50894980268885,0.44488495740215744,0.4418108725076763,175
13580000,ar1,zero_shot,CAMELS-BR,0.9810257271529119,0.9789373609721764,24.676920053746095,12.466404395638644,1.7422858649290174,-0.0028778160600634872,0.9810603612803773,58.944741442832765,23.464030504641883,0.34416092164794965,0.33922098628387587,151
13600002,ar1,zero_shot,CAMELS-BR,0.9866966945109713,0.9700293833485361,60.98791656669022,38.592099690270615,2.3883742378046353,-0.0005621895198975185,0.9706495047880476,107.41691056575503,43.9382015482861,0.40680530414685906,0.42138278343103597,170
13650000,ar1,zero_shot,CAMELS-BR,0.9935090175566524,0.9937834227123389,57.39446540676208,31.30221253533034,0.4119012074817536,0.0005409459135146955,0.9946146166962195,70.21861242710006,35.1071731277511,0.27718130043513783,0.2803452726698653,173
13710000,ar1,zero_shot,CAMELS-BR,0.9946408347850824,0.9945060375701084,151.82478187246207,86.28409862564706,0.22779231149181497,-0.0007149706529565106,0.995162243791668,103.0906134802553,37.8177323622014,0.19282969828547408,0.1936148388937964,188
13710001,ar1,zero_shot,CAMELS-BR,0.9669242692185398,0.980916858825245,385.1388004317818,128.4795371519265,-0.954677273269061,-0.0032149792101447694,0.99037281893406,176.83963941643253,62.373624296531716,0.2516230569098037,0.24921595036698022,152
13730000,ar1,zero_shot,CAMELS-BR,0.9987727869938283,0.9946386904263259,24.772145418670462,16.13285829842879,0.23315111429792604,0.0018088920881974002,0.9946668329347687,25.889181350820337,37.81775642971463,0.1125788163643115,0.11189719400989644,123
13740000,ar1,zero_shot,CAMELS-BR,0.9861096113006446,0.9911290293000402,73.38264022234948,18.978428945619367,-0.23514409761504615,0.0009230857219208605,0.9944105205796776,12.823924553638687,14.2515519069558,0.11115006467001684,0.11449054654526816,156
13750000,ar1,zero_shot,CAMELS-BR,0.9807326326132486,0.9883635248134404,461.89546866997813,120.75127598277714,-0.507460146525714,0.002199715646266809,0.9933690774899209,47.73822817593278,28.079656140204364,0.14682616181322933,0.14974960803345072,166
13840000,ar1,zero_shot,CAMELS-BR,0.9989685078629352,0.9971169476547455,5.490899919729976,3.474011859690119,0.22092916586714378,-0.0006615298258579559,0.9971552335815378,12.623364489839458,9.932115645394697,0.08906476661831216,0.08965782750859114,122
13840001,ar1,zero_shot,CAMELS-BR,0.9988715040386684,0.9875258365541811,6.707102804990301,4.684242829545892,-0.49703376928812765,-0.002224289199843174,0.9875269155758601,7.551781917920851,5.9105745511837995,0.192303512384083,0.19388110627138924,74
13845000,ar1,zero_shot,CAMELS-BR,0.9968638562497801,0.9965826144804667,5.964927736674394,3.92822511913574,-0.06934723620295323,0.0016646071128367176,0.996928895918094,12.894593687865957,10.268826384801727,0.12516901282781623,0.1266815203480865,188
13848000,ar1,zero_shot,CAMELS-BR,0.9987734807975488,0.9984703177371377,12.453609801271579,8.138326055062185,0.013010271302580121,-0.0003147367974027232,0.9985832197510964,18.86415192353813,29.74094534511322,0.11175332500738755,0.11371432095639819,188
13849000,ar1,zero_shot,CAMELS-BR,0.9981973957403442,0.9894762273302877,19.649608039333195,13.621533195282863,-0.8754219776805626,-0.0009134071445321343,0.9894992141903699,11.101321862608115,5.346960826980194,0.12259008992303047,0.12702055456674094,66
13850000,ar1,zero_shot,CAMELS-BR,0.9992992359229158,0.9957217491979478,10.424268934749369,7.7412093217057425,0.012577905216175822,-0.00022797636299102045,0.9957332583775107,9.179297812249704,3.6604620128512324,0.07120884128973454,0.07166315804466643,188
13870000,ar1,zero_shot,CAMELS-BR,0.9995307612380653,0.9962884570437929,89.72734424407955,65.76915693869333,0.1745908363620324,-0.00017024482934750035,0.9962940593237499,70.42403585580682,85.0335334994276,0.08391146035341769,0.08436869533715072,188
13880000,ar1,zero_shot,CAMELS-BR,0.9996186524309001,0.9965293609694594,79.58254174458679,59.55143543765836,0.18570403103607358,0.0001307885745750123,0.9965332027557874,35.300683158693495,15.582135943451012,0.07492375671550948,0.0751202326501183,183
13885000,ar1,zero_shot,CAMELS-BR,0.9988725164944003,0.9938678595878188,6.525484231646133,4.040880763641853,0.18498983974847166,0.0009036262594026012,0.9938900754842166,8.517154520470754,3.402447456006413,0.1157786054522669,0.1200973933352793,188
13886000,ar1,zero_shot,CAMELS-BR,0.9995455983640723,0.9969499075743061,20.428085423863376,15.397356087455469,-0.08219693543756741,-0.00027859027050575885,0.9969566328050602,18.638001982976547,8.948460851289736,0.07635704284506836,0.07674538523602856,188
13900000,ar1,zero_shot,CAMELS-BR,0.999567369445252,0.9967018191284012,99.29726748313861,76.11792139058518,-0.010173590842107106,-7.083098421368367e-05,0.9967052601899647,42.84346997130729,28.086146180445212,0.052475805972807696,0.052729908041943566,98
13950000,ar1,zero_shot,CAMELS-BR,0.9996987627118282,0.9968914009690665,88.24146533115531,76.55698783982334,0.08339066727257508,-0.0003178266387138806,0.9968930452515484,47.59999863385512,12.004900191381397,0.05463860247961028,0.054606253729841736,136
13990000,ar1,zero_shot,CAMELS-BR,0.9995685098010363,0.9917780842371161,153.75235557690402,121.33143378207284,0.3372891325974454,0.0026159433798009363,0.9917784213972768,0.15221385241481175,0.215256596551626,0.09019459494525506,0.08975598482842183,36
14100000,ar1,zero_shot,CAMELS-BR,0.9995677767521984,0.9949243446378514,740.3853886101424,594.7477948785438,0.0016439097807108831,-0.0004621372230610727,0.9949275175770425,250.70136915400926,215.09102125454112,0.037052847563450286,0.03705390299347273,175
14110000,ar1,zero_shot,CAMELS-BR,0.9986844812277464,0.9991954398940328,100.20011002817157,74.57738646425926,0.046006986767692874,-0.0031911788587251425,0.9994413550722475,39.73549140963319,25.66790203672865,0.10085946860592945,0.09838566985858505,108
14215000,ar1,zero_shot,CAMELS-BR,0.9483940417888531,0.9408115142855037,25.839652139544413,9.718397131406693,2.1171276703549413,-0.0004695944462405066,0.9461710234619715,7.43504634202143,12.840914799493191,0.18789744095567518,0.1877300977745746,78
14220000,ar1,zero_shot,CAMELS-BR,0.9759025622816209,0.9857386991923076,15.02724712692189,8.85851700701415,-0.35094300527937133,0.00019410020013854376,0.9923040127255446,52.590034430867654,7.055709622945892,0.1205836498533574,0.12014828414670989,180
14230000,ar1,zero_shot,CAMELS-BR,0.981689632134138,0.9791681683424323,113.72670316296494,78.6304562491668,0.36333315175952074,0.0011951691578126339,0.9810759406489291,85.04226145575957,98.63955677340437,0.21057380354008298,0.21042155478272062,75
14250000,ar1,zero_shot,CAMELS-BR,0.9985538877659028,0.9950594660712341,171.75423403528282,138.7711582630999,0.15916598521888684,-0.0006412842314789738,0.9950941300280393,110.47088266101059,56.96197661370388,0.1205934023439205,0.12133078799849167,38
14260000,ar1,zero_shot,CAMELS-BR,0.9932770719827299,0.9959091805939607,98.01685750007087,80.98096477780743,0.0617964501850817,2.3594859538664248e-05,0.9974717121673714,108.2783417557264,121.22225837568385,0.1897855435954054,0.18979836179023804,87
14280001,ar1,zero_shot,CAMELS-BR,0.9950356220706067,0.9949172508873918,95.13530211646595,74.22147126007752,0.008564923308604352,0.0015563643489012978,0.9953082108761961,38.58000710704972,2.0123513865046334,0.1867752354759468,0.1926809729661027,49
14300000,ar1,zero_shot,CAMELS-BR,0.9337463398201982,0.9548759238826099,12.538387540239707,9.0444703005644,0.9721529589355475,-0.0008746452680729409,0.9695116580198284,13.36794914431264,2.6061099081130124,0.32874295435512263,0.294345851957016,82
14310000,ar1,zero_shot,CAMELS-BR,0.9636698282198506,0.9733785933288218,34.234102679132185,24.2549224533416,-0.5326295468250203,-0.0005565170062572962,0.9805535948051575,23.563498246027265,3.503541706614328,0.3101034248329198,0.3049767771592396,84
14325000,ar1,zero_shot,CAMELS-BR,0.9927318522895935,0.9946792543630769,29.848332104534094,21.57493963894495,0.19444106193060637,-0.0006693651977798254,0.9960103572546223,24.692727210414592,12.256998717881668,0.16404644768538518,0.16683517722954336,162
14330000,ar1,zero_shot,CAMELS-BR,0.9975259962126383,0.9964854220352024,304.6546448091357,230.56782512955712,-0.09442725576516212,-0.0009690281315093332,0.9966947171591907,99.17902605928262,177.13542016363607,0.11394843773154867,0.11367346059216019,162
14350000,ar1,zero_shot,CAMELS-BR,0.9917716990487678,0.9944662004285444,37.29028018847746,25.20596997219908,-0.017551591699595148,0.0003456360769845575,0.9962591638397307,44.928917081653935,38.1863657997131,0.14099996073155552,0.14336965392726034,162
14380000,ar1,zero_shot,CAMELS-BR,0.6739877323650958,0.8361923639337728,10.689117294761557,7.862180266039471,4.395359654017606,-0.0012361109222760527,0.9535390671784847,5.631797174311501,3.7618128848647956,0.3392459066251963,0.31807227166494145,40
14420000,ar1,zero_shot,CAMELS-BR,0.998585524553937,0.9983939806961091,285.61407160709325,221.41222957569843,-0.002718016070912758,-0.00034675617930139506,0.9985400602633827,122.1919921699792,63.028252550085185,0.08170210827652476,0.0827224540369531,162
14425000,ar1,zero_shot,CAMELS-BR,0.9699405352902146,0.9830120389992112,33.87310717150884,16.782323671603272,0.2875047427897031,-0.0017301443321892894,0.9916032380825353,25.67717725426234,35.25235319677426,0.26719217293193703,0.2722529056777691,163
14428000,ar1,zero_shot,CAMELS-BR,0.9970222649892848,0.9968718910212225,6.249072172906033,4.260593129749456,-0.1864099590668921,-0.0001587278027210294,0.9972152437669954,7.97953381005334,3.0784907680403437,0.13347500628463765,0.13017983780512385,188
14430000,ar1,zero_shot,CAMELS-BR,0.9974084963402028,0.9986878438963521,4.210588064478619,3.0628973867494724,-0.0180555501578519,-0.0010430026519067555,0.9995036252106485,5.767741688180466,8.05950150306631,0.13316997415140266,0.13213339776718017,170
14440000,ar1,zero_shot,CAMELS-BR,0.9860990269401824,0.9898964671167599,55.58033056104091,25.052834979098133,0.6862896857404112,0.0010266643657686064,0.9926171385368208,43.23097689243556,44.33852278992078,0.18657256232074712,0.1841544969999867,166
14450000,ar1,zero_shot,CAMELS-BR,0.9975396528191035,0.9936017910085114,18.675930830075625,14.037620073929475,0.016554155284250336,-0.0001195172039780458,0.9937094594423801,14.455355035105514,5.285668302704429,0.1350661126873311,0.1353161288850162,188
14485000,ar1,zero_shot,CAMELS-BR,0.9280654293587641,0.9431347647453975,3.496109730442867,2.418921721965818,-0.6203079838634143,-0.0007364569452187504,0.9562768375236574,4.451811534454121,5.791156172725819,0.2292973317742107,0.21961038970969063,171
14485010,ar1,zero_shot,CAMELS-BR,0.957111514898561,0.9455485900884791,3.3630953330474997,1.970468799280623,-0.8606821816670093,0.0011513091514510944,0.949575767176704,4.845521345978969,8.155652691366967,0.1225123787353682,0.12850128760704116,57
14488000,ar1,zero_shot,CAMELS-BR,0.9626909214263997,0.9797460276629386,66.49833055283534,41.02969420081201,-0.19117357457064785,-0.00015062414785886255,0.9898281422601392,158.66573855892435,258.9654863123494,0.21374624779645374,0.21871380482220726,66
14489000,ar1,zero_shot,CAMELS-BR,0.9745213041016432,0.9806101820250727,159.67863223784292,108.86593248635424,0.10255548019809961,0.002945847079183595,0.9853412499779117,151.85835477477804,235.89969184870372,0.21764369013489376,0.20861908287784556,181
14495000,ar1,zero_shot,CAMELS-BR,0.9751182798269837,0.9845480754923014,156.83729835441295,101.64753413700834,0.6817581561738875,0.0004680040567665196,0.9907920039444984,147.72285288798824,210.04732774498447,0.20982618936150427,0.2161055983461735,183
14500000,ar1,zero_shot,CAMELS-BR,0.9704332596277349,0.9764659633742954,194.9919432004282,129.12539099189723,0.5224181991990954,-0.0013849861269836714,0.9817015332114233,196.11720641077696,209.12734935320648,0.2361834091275659,0.2372759321662933,157
14515000,ar1,zero_shot,CAMELS-BR,0.9866595290553898,0.9892263859632271,157.8739496693856,108.15115094069735,0.4222564715829358,0.001275493664654976,0.9915062671530831,162.06137426729367,114.12809782496483,0.21926474499536236,0.2175687762453581,188
14526000,ar1,zero_shot,CAMELS-BR,0.9608861951597621,0.956030504829762,75.81156742896354,33.335691801991594,2.7851694964548543,-0.006352317308619543,0.960036351595456,111.7014105953492,7.693170009153357,0.43119566447565594,0.4065598633575538,175
14526500,ar1,zero_shot,CAMELS-BR,0.9444027689316402,0.964532750913279,60.01399373112769,35.74104689028539,2.207039515510648,-0.001177800699995752,0.976993136240421,157.42396290068265,117.90759641033571,0.3712846180660587,0.37995707817920793,171
14527000,ar1,zero_shot,CAMELS-BR,0.9691121332396321,0.9768488736721982,129.9869985763348,80.05433036799627,0.797308699508249,-0.006364902168723048,0.9827657916097416,170.3865961043294,239.08755611919491,0.40128650114228964,0.3897980905141465,185
14530000,ar1,zero_shot,CAMELS-BR,0.40252445528542247,0.47177113519883074,109.97707925880172,57.2743946249596,1.550443134806498,-0.015409099839874325,0.6181615783999912,394.62773534637057,715.4948340141991,0.7733572740027689,0.4630386960527429,161
14540000,ar1,zero_shot,CAMELS-BR,0.6421540839315376,0.7697190027088584,59.60846808365365,37.86529593316733,4.166061446652085,-0.006680444402918666,0.8740120310044754,136.01969298115017,136.23543941703508,0.5595257559531258,0.46025766990430333,157
14550000,ar1,zero_shot,CAMELS-BR,0.6937553280275137,0.7563648252712073,188.66443425107724,90.44460929308251,-3.2320771465459424,-0.006097789016055701,0.8218761334115032,499.07024901172275,389.7849371406765,0.6088570385634483,0.5126984799479917,174
14558000,ar1,zero_shot,CAMELS-BR,0.980711208459843,0.9740288391112775,154.9383032303692,92.24462425507961,-1.0577432336066255,-0.0015905163102336098,0.975823991105376,172.62840901269502,223.229523785868,0.4387410786864335,0.4170426555401244,165
14560000,ar1,zero_shot,CAMELS-BR,0.8339388937723722,0.9022228564450543,10.847549026680248,5.94743498707143,0.9155585793997778,-0.0028694000756632754,0.9529226327807754,28.476518205100565,9.080985613525675,0.5181491286995692,0.48779148720280974,167
14570000,ar1,zero_shot,CAMELS-BR,0.9495797696708717,0.9536714144032843,25.822248765794853,18.30254149029975,1.1459813977018265,-0.0015868807247725377,0.9600812469141774,4.495335585405247,5.5099739177748575,0.3534288503529758,0.33430209612697986,22
14620000,ar1,zero_shot,CAMELS-BR,0.9883690869674876,0.9922407584469538,276.97926190846016,188.46300159268833,0.47205586984075926,-0.0027160107877654376,0.9946334879381319,356.0129616796264,333.3250484972885,0.2636583561245789,0.28028411674690024,166
14680000,ar1,zero_shot,CAMELS-BR,0.9497701113544723,0.9000690780948061,37.15558149055269,23.121670862375044,5.354570663254612,-0.004296346031923515,0.901363837284902,76.94005152360792,141.7392992901748,0.27374186195138694,0.29018160002868915,79
14680001,ar1,zero_shot,CAMELS-BR,0.9426512548330895,0.9382661801931836,62.29011138919528,37.20618981699362,-0.18267482552251682,-0.0014426122828827635,0.9453132800418166,146.00566438704038,169.73869192713693,0.22276667224706534,0.20673614357265888,188
14690000,ar1,zero_shot,CAMELS-BR,0.989067031183331,0.9916741309816332,48.95928985540146,29.70422944978719,-0.40012742547495894,0.00017378748862397972,0.9936823611834789,47.122489083727345,50.91194953849054,0.19980344260217214,0.19208031744297416,188
14710000,ar1,zero_shot,CAMELS-BR,0.9924887252398955,0.995680117140423,287.0467957761535,186.14458424757103,-0.0891474438817513,0.00118718834994826,0.9977757285548079,220.09448569812835,64.17557574209114,0.22855860625919572,0.21983367513369367,169
14740000,ar1,zero_shot,CAMELS-BR,0.9628178889751458,0.9752959384173417,55.133443879609935,31.599898441111385,0.5389356434394341,0.011674627454797165,0.983774696723359,18.225727237326094,27.637090819836544,0.31856008208601483,0.32373219501659245,74
14750000,ar1,zero_shot,CAMELS-BR,0.9535184934129685,0.9451725020066407,22.96572458626783,9.047441409718758,5.0207426161563635,-0.0046343802259072794,0.9493087378081548,18.604468681235844,8.229239050068315,0.3519450553160996,0.3413771973635761,36
14845000,ar1,zero_shot,CAMELS-BR,0.9674022753861805,0.9835374922360496,46.32134100642932,21.642880601350978,-0.19469824867166155,0.0003493971988229108,0.9965138220742386,35.41853300245004,54.48740373200441,0.33755137016031933,0.3438823485390349,139
14850000,ar1,zero_shot,CAMELS-BR,0.9935905597492173,0.9953134641264038,18.741975789826355,13.460597943700954,0.2854113198926836,0.0006684717659694618,0.9965527115992242,13.890291638780422,13.46626666114205,0.20467996989249554,0.1985236965279681,185
14980000,ar1,zero_shot,CAMELS-BR,-0.0414975815032248,-0.2990268191812786,2.5593118004942426,0.9391703813511226,-11.460871182429154,-0.005030676945687369,0.17198858008231377,10.603692289601486,20.627864323788856,0.6455975108875563,0.1175253164969624,188
15030000,ar1,zero_shot,CAMELS-BR,0.9995940165046395,0.9996829761952915,896.5444477124216,743.355184234069,-0.018175381185752806,-0.00048075460270497784,0.9997332739747852,501.9197381621118,305.13241030106906,0.047553302354845076,0.04763109835570173,153
15040000,ar1,zero_shot,CAMELS-BR,0.9995895066058008,0.9967177685402687,182.9561737744833,148.22779649463044,0.030506782228191583,0.00020185812943710954,0.9967219867902093,113.44083887251567,62.40160440842996,0.05899819369675655,0.059257680906501846,188
15042000,ar1,zero_shot,CAMELS-BR,0.9881062882732449,0.9936445718331246,2.183133353160507,1.4662088102961446,-0.07254734788733577,7.576228966379647e-05,0.9969289805908986,4.6714617532812115,8.88629008351,0.14362292491278106,0.14336169665443224,169
15044000,ar1,zero_shot,CAMELS-BR,0.8039304149297093,0.8747184914299498,2.3833307043627663,1.5270040855007183,-0.21175791044432116,-0.0009527767210015538,0.9279935498209847,4.273919311396007,6.137526863403618,0.0684285040113261,0.06848005033681771,188
15050000,ar1,zero_shot,CAMELS-BR,0.9498849780943963,0.9739962585591245,5.575362121371189,2.533861037230108,0.7328678841984486,-7.068529446051935e-05,0.9917016156924874,21.329455739371397,6.140992495864225,0.13528891602409449,0.12243358930065153,100
15120001,ar1,zero_shot,CAMELS-BR,0.9988739235099248,0.9876630912801381,3.26310761880685,1.9585192827786273,0.7339731071441221,-0.0009393823451590393,0.987668975588092,8.93720985154204,8.975749508624826,0.12877561241635413,0.13190754070025051,162
15124009,ar1,zero_shot,CAMELS-BR,0.9730867114022123,0.9743606623812344,6.833557214648776,3.889981155110913,-0.14098169911334119,-1.7454806197785694e-05,0.978200994025722,7.530901258276762,1.5752353630707323,0.22126488470045116,0.21875237012540888,179
15130000,ar1,zero_shot,CAMELS-BR,0.9990206018337182,0.9976580880042674,8.91813802001127,6.114196798059077,-0.03846873742833242,1.4368421574074974e-05,0.9977002816550204,8.329923824729622,4.525870250989399,0.09516572597647256,0.09510001665899921,175
15150000,ar1,zero_shot,CAMELS-BR,0.999469477302503,0.9962075569369475,13.079012185317374,9.556181514111149,0.07389626668313554,0.0003826930425771813,0.9962144256674101,14.072706981859465,11.577044023757987,0.08514675560942726,0.08555544088556322,188
15150800,ar1,zero_shot,CAMELS-BR,0.9417058641876108,0.9606758517998614,6.4376356619665795,3.442313805380404,2.661339754184129,-0.003714995499782388,0.9732424297359061,19.720926643283356,23.28244961249988,0.5021675445716312,0.49326259925606425,188
15151000,ar1,zero_shot,CAMELS-BR,0.936220342027183,0.9351318192911311,7.81479215089822,4.341118644965129,4.179534209460612,-0.0005831394341724444,0.9416667564147001,21.927765786510097,20.246614499288228,0.5152551825657055,0.5334309336361394,188
15152500,ar1,zero_shot,CAMELS-BR,0.8213493343296165,0.906650533653623,11.00702418426133,5.359940049150189,1.5629306657588788,-0.005117414504102292,0.9716501139375147,39.74369860849392,41.337195259533075,0.3698901180330035,0.37460141165694555,123
15160000,ar1,zero_shot,CAMELS-BR,0.9204491485039235,0.9600823866830275,6.199788504577061,3.3165920158467053,0.030438910744765832,-0.0034959802383189714,0.9907307132855282,15.278403617304715,14.426111007836596,0.35028389341841426,0.3420624944925098,85
15170000,ar1,zero_shot,CAMELS-BR,0.8973756505170807,0.9048004623341749,9.88247407472286,5.55423722191655,5.129157559547656,-0.011947425466505724,0.9194996323839656,24.89817102651503,20.311855957021677,0.3674487281057256,0.32414094793942283,179
15170200,ar1,zero_shot,CAMELS-BR,0.8579682167065263,0.9070274024223758,11.512575056054446,5.996566765303649,-0.08780682515782255,-0.005463860142739516,0.9419908990260131,27.75989733133408,32.12321979870738,0.3001483202525412,0.30246209227824816,186
15170700,ar1,zero_shot,CAMELS-BR,0.8891691258256625,0.915535884225054,18.03728395213416,8.480520072115656,1.9856397664987238,-0.00479772019800594,0.9373795624869493,58.495244407945286,45.17156605952421,0.4697661536239929,0.4125456940310729,183
15172000,ar1,zero_shot,CAMELS-BR,0.9359711983393787,0.943229994645307,2.3565124298224047,1.209157557592909,-0.27492628659119894,7.820354305834373e-05,0.9522359857730012,7.178763106897129,15.287516297401693,0.21487574034895734,0.20442907471315927,188
15180000,ar1,zero_shot,CAMELS-BR,0.9594821681986135,0.9539824458531383,5.96853311437468,2.8514015300798077,-1.684886979189364,-0.00022650838138667945,0.9585850106751224,20.55660871903373,29.470235510255932,0.29030022279329654,0.2763032862081831,188
15190000,ar1,zero_shot,CAMELS-BR,0.9821506617172658,0.9898615934003115,2.1110425266589363,1.2035268685313991,0.47712391358530687,-0.0006681124608400105,0.9948474011663202,5.268348277474632,7.292768387714328,0.3202220778708087,0.327246587913286,188
15200000,ar1,zero_shot,CAMELS-BR,0.999408700022521,0.9957470466114188,39.87897167806253,26.158196232271063,0.1528863648901484,0.0013626997816550968,0.9957547700805521,21.396771242235427,23.132824885425606,0.09819059620238398,0.0982906649136168,187
15200010,ar1,zero_shot,CAMELS-BR,0.9995818038113752,0.996398800181934,32.440308093756485,22.774080983826977,0.09798449875114014,0.0005492290731298963,0.9964035605074251,27.401150312124386,14.394229490012428,0.09765148338656011,0.0980565466158565,188
15245000,ar1,zero_shot,CAMELS-BR,0.9397884987897206,0.9395040859205598,5.387117285060805,3.065729066261356,-1.951977464198494,-0.0016561537552552685,0.9474636992421352,15.833245215631452,12.686819478508491,0.3343475659398326,0.31669810004882837,188
15246000,ar1,zero_shot,CAMELS-BR,0.9979111413894155,0.994920521139916,1.9347248928470713,1.5416365602908149,-0.3238158021270497,0.0020529154045307446,0.9949895978194575,1.8085302173344617,1.9351890931977778,0.1958923395445135,0.18977050613641813,39
15248010,ar1,zero_shot,CAMELS-BR,0.9970274276981559,0.9974606811141365,6.455591604883472,3.822445390016219,0.2059128444969696,-0.0013317044769859537,0.9978757973255675,12.40039055752493,8.660630059636736,0.21537327289383484,0.2177382877799999,171
15250000,ar1,zero_shot,CAMELS-BR,0.9992788134728592,0.995796840321959,122.85736431557496,79.97098442085297,0.26201544700110707,-0.00029657007397432267,0.9958092167083163,48.46348617291994,36.317732231336855,0.08552274707527828,0.08569949006644423,184
15250001,ar1,zero_shot,CAMELS-BR,0.9993962532147492,0.9962365575767351,114.44878564776069,81.02815501711285,0.08680384305139369,-0.00014344405130141402,0.9962463691391353,86.35780429338226,106.3620172790631,0.09286903153425975,0.09403627473690214,188
15318000,ar1,zero_shot,CAMELS-BR,0.9965797567379286,0.9981328340197878,563.8031119273323,396.3820613238185,-0.07498646218200838,0.0016976522659386678,0.9991575288761756,715.559399234635,657.2429561252383,0.13573857444583196,0.13509191990236044,188
15318001,ar1,zero_shot,CAMELS-BR,0.9975162162906782,0.9969727454510016,573.5216071547178,398.53686491329364,0.11814233212738648,-0.0009223009416478509,0.9972108354890682,531.6990516376544,412.4627830469858,0.11474199644658198,0.112040475538167,188
15320000,ar1,zero_shot,CAMELS-BR,0.9980069393707999,0.99819082495,471.88865903259955,364.35638832896245,0.14429055308082606,-0.000979832575635893,0.9983555851091375,667.093076481223,1098.8852484972085,0.12280656809559677,0.12125484358309772,58
15320002,ar1,zero_shot,CAMELS-BR,0.9941372501759939,0.984121788966565,607.9910171107291,369.1318571074756,-0.49788208737185824,0.0004959665430590773,0.9842706373427773,1003.9382942166457,695.5722041430345,0.10609146520459202,0.11401328774974667,70
15320003,ar1,zero_shot,CAMELS-BR,0.9973786052581542,0.9956165178832225,561.3318936279751,399.9898741581448,-0.046897092081684306,0.00023914830919808533,0.9958004107900766,397.29282542414245,176.20878459387788,0.1080701046355492,0.10603978334642829,157
15323000,ar1,zero_shot,CAMELS-BR,0.9965648255273938,0.9980832638437468,8.147302592060631,4.3640137735586375,-0.05765965175202563,0.00035520455723343086,0.9989340509288129,16.514112074753946,32.99875108742755,0.20014033568230086,0.19826932114748233,181
15324000,ar1,zero_shot,CAMELS-BR,0.9835006642692441,0.991740418543784,13.030612922936285,5.121276403005151,-0.04124122203979451,0.0006938711750543725,0.9994714414178603,8.915653899121352,6.2518659171304245,0.18556668587397607,0.17351675154794674,177
15324500,ar1,zero_shot,CAMELS-BR,0.9961635486256682,0.9952164873636851,10.449630730655588,5.007846505360992,-0.37667262972210885,0.0019406770033778623,0.9955983088638612,5.333886399181583,6.201614992386321,0.14779903524541366,0.15613004858882767,188
15325000,ar1,zero_shot,CAMELS-BR,0.999172138131356,0.9973220935945875,15.649272782884585,10.411355739128329,-0.03287789541564688,8.616857274793693e-05,0.9973468258509499,31.67909366584604,31.432478680023436,0.10485709823520226,0.10514517957863907,181
15326000,ar1,zero_shot,CAMELS-BR,0.9938170987579937,0.9902089702965736,51.81756312377727,23.035611154391347,-0.6903039219990583,0.000771887109934602,0.9902992999756611,154.88246023708626,86.22099595940335,0.21661384974609194,0.22383459699639277,49
15326010,ar1,zero_shot,CAMELS-BR,0.9981083469529127,0.9969729580847735,27.40774702853049,14.69124896065184,0.14141748488942982,0.0008777260625054892,0.9970884338389225,70.15120666691632,51.760765304751715,0.14231819315319857,0.13596877013516323,188
15340000,ar1,zero_shot,CAMELS-BR,0.9876816060241191,0.9930123799160485,1373.338605333618,426.70512620156205,-0.16949765239378461,0.0005474741791550337,0.9967060592695115,450.39452022606423,51.096261208979314,0.09032379156736352,0.08997503075704148,180
15340500,ar1,zero_shot,CAMELS-BR,0.9880186726519504,0.9682887025420903,610.5548443149071,421.2206468555604,-1.3974481691497098,6.537801017138245e-05,0.9685805409664602,823.9143344624049,1153.9939840305888,0.14382854731867104,0.13048560392450084,32
15341000,ar1,zero_shot,CAMELS-BR,0.9978038974624703,0.9976854773904074,495.5428396738976,420.93777464725696,-0.15534725576132657,0.0001455160004880749,0.9978272198894722,349.81667314490136,479.4961757738711,0.08836664633651224,0.0921447937554897,28
15344000,ar1,zero_shot,CAMELS-BR,0.9974626494527263,0.9947491768731092,7.617732720685106,4.909354974606654,0.1811034452568673,-0.001497881370588025,0.9948848204681388,12.099127013284363,10.972809184208202,0.149861903598938,0.15121352459312393,184
15360000,ar1,zero_shot,CAMELS-BR,0.9973864402089074,0.9963804256412109,637.9273516045314,463.20668612035934,0.17599761511110243,0.00020054107883116234,0.9966076583991338,553.5679843723608,314.59746853666155,0.11502503658762413,0.1157140021264062,188
15380000,ar1,zero_shot,CAMELS-BR,0.9968428528669655,0.9981104333710469,778.5502343445974,612.7273665923299,-0.0956571024473838,0.0006407767881459886,0.9988932536090466,271.53713499031477,406.839672384701,0.09096693509087049,0.09533127898824517,127
15390000,ar1,zero_shot,CAMELS-BR,0.9980128799221444,0.9981189939239071,554.1254490774337,368.0343267887035,-0.15933636699815956,0.0012375469351684348,0.998380633438895,322.3489152615714,464.1790038170263,0.09671221398230814,0.0956520975942454,188
15400000,ar1,zero_shot,CAMELS-BR,0.9976179975404958,0.9965446736836275,525.2440462815665,378.29384088367374,0.21337981361049288,0.00014591889871162778,0.9967433768159856,496.8090185402278,111.13270415886795,0.11444474224365571,0.11539458094675797,188
15413000,ar1,zero_shot,CAMELS-BR,0.761135094269894,0.8242411085668307,14.116868069435752,7.46330864740755,-5.558521191027372,-0.012526366790686819,0.8775718240205389,44.32111320614125,38.04858003350092,0.46641014029133593,0.49042492669345533,176
15414000,ar1,zero_shot,CAMELS-BR,0.9689581631993543,0.981222959227246,3.2005080588954193,1.7472856167259891,0.16539542821764938,4.228810536149527e-05,0.9894778197955661,4.912070550097119,7.289158957737805,0.2629250722607608,0.2422914839291701,168
15418000,ar1,zero_shot,CAMELS-BR,0.894492555467562,0.833864256286065,35.675314923638254,18.605849876054382,-8.597166811422554,-0.0012370170496524557,0.8407485027247097,97.56550342721626,87.34378440225859,0.47774683655922806,0.43749771748967947,176
15430000,ar1,zero_shot,CAMELS-BR,0.9576190915063169,0.9776150101290679,58.47486984306539,32.41738483674515,0.5685812137687037,-0.003065164404442565,0.9925727337054995,111.21514888314584,41.0082986133848,0.41259013629834984,0.4172992187682022,171
15431000,ar1,zero_shot,CAMELS-BR,0.930585205147241,0.9475133780162147,6.34704507787903,3.490531665644528,2.6484137696560834,-0.006969003786338371,0.95884790125957,11.697491286754088,8.54286626365043,0.36870934774926223,0.3803236805330933,171
15432000,ar1,zero_shot,CAMELS-BR,0.8988009696978067,0.9301818532753315,8.564814327529858,3.0638358579074176,-0.8268742910546147,0.0002262892135308156,0.9532581610088112,32.49274452736259,66.98245725847288,0.32637205664682356,0.3153974579034604,166
15440000,ar1,zero_shot,CAMELS-BR,0.9930251101089439,0.9781735215578364,19.15133322228628,10.29838664970539,0.8062615053815533,0.0003062970784419583,0.9783771973666618,53.63579793477997,72.40361343899507,0.18711768816591912,0.20422255204615955,132
15445000,ar1,zero_shot,CAMELS-BR,0.9439819559500333,0.9619261236580229,10.84936103226005,4.483462052800218,1.9100484243103735,-0.0014785460323103392,0.97322029551158,33.31993815860672,10.088350763222126,0.2596835718836728,0.26215149560121703,171
15450000,ar1,zero_shot,CAMELS-BR,0.9969932470762832,0.997374108522158,14.706013965849916,8.891614870373973,-0.05618163941568405,0.0018391180527554951,0.9978050428541833,34.65686090749496,37.33227922022821,0.16283293404735064,0.1602878461295809,188
15460000,ar1,zero_shot,CAMELS-BR,0.9984583663561304,0.9962266097679997,13.272668072704322,8.186597966936539,0.1137158641806701,-0.0009570662789623874,0.9962946124431069,23.474617690472606,12.057433556812974,0.13220608827110086,0.13390343981455272,188
15460008,ar1,zero_shot,CAMELS-BR,0.9979741155436868,0.997506196250028,13.088518863943452,7.918286210128755,-0.2280118191898471,0.0012337202703976285,0.9976708642375247,32.02421517800696,15.537934878423886,0.1470508764429243,0.14226110616971946,179
15460012,ar1,zero_shot,CAMELS-BR,0.9536671634098186,0.9756061655543251,70.30464980783432,16.768024084307527,-0.7714551445301862,-0.0002591725330239117,0.9922338204227474,288.22708228082206,23.544466928591646,0.17869678272497352,0.18618019956341822,162
15470000,ar1,zero_shot,CAMELS-BR,0.9650956089406975,0.9724897904566475,2.8511967810443575,1.158140936342209,-0.3581132881443377,0.0006467190566294238,0.978435277551285,7.351462515995873,15.101175430118742,0.23973120178151833,0.22266472868724266,169
15490000,ar1,zero_shot,CAMELS-BR,0.9979071523433138,0.9949543926317137,526.7648843584749,335.74108722294653,0.12013848422048623,0.0018739124879421296,0.9950541521752192,314.08312329724856,126.74610255899304,0.10718921001671508,0.10883236154737957,188
15490400,ar1,zero_shot,CAMELS-BR,0.9984279535739135,0.9960260272042153,568.665969992007,376.5538869195154,-0.2604305978026617,0.000137626488414401,0.9960968481460215,273.8090275765312,271.1519322365088,0.09197215875284578,0.0910135840303817,188
15490500,ar1,zero_shot,CAMELS-BR,0.9263002502793463,0.9524287613129315,26.266086683360395,10.988267454016206,-0.25341070577666003,-0.004911003973073577,0.9634150243977706,92.95436403011698,81.4877989766436,0.36784157526575106,0.3590516935663425,156
15550000,ar1,zero_shot,CAMELS-BR,0.9987530145226928,0.9961172260631924,11.878354628757437,8.121655892592614,-0.006702722478340946,-0.0007871893128628196,0.996160292756595,15.818627074374879,2.97670129599357,0.1296671176646515,0.1290136103960338,188
15552570,ar1,zero_shot,CAMELS-BR,0.8700135855839007,0.9103250792895183,11.732903584169438,7.693768360248927,1.6126678949131643,-0.00030508970491619544,0.9389394169632678,23.701383071394986,36.793722642523655,0.12573162800780402,0.12807551709113182,188
15552600,ar1,zero_shot,CAMELS-BR,0.7485556564218139,0.8164374126218586,25.888533991031387,12.59344503019561,-0.8494882151741922,-0.0007203807530926313,0.8732992520798741,91.08724929177868,143.95262878868687,0.2096699052701896,0.1696365139377691,184
15552700,ar1,zero_shot,CAMELS-BR,0.9107320828861243,0.9545563681063122,33.11899029933343,15.365610584531636,-0.22174000936798502,-0.0006033390689999911,0.9833022178270157,111.69304846635852,55.37914841492293,0.2367673295742448,0.26898323498382604,175
15553350,ar1,zero_shot,CAMELS-BR,0.9524909374334043,0.9740511141876316,0.8078493790372966,0.47493148454371165,0.6672317992873994,-0.003704606778713971,0.9896870327639822,0.545407547147339,0.4053628371487818,0.23394249070956852,0.2338442615804681,185
15553500,ar1,zero_shot,CAMELS-BR,0.9902759790482834,0.9947665739596578,4.55650752745083,3.1547983542112417,0.08287846131080805,0.0010082741794292874,0.9978990418406988,4.727038961560201,3.4521062903568294,0.1489790286391448,0.14699198911547934,173
15556000,ar1,zero_shot,CAMELS-BR,0.9895433225856339,0.9791927483908905,7.3735375214758125,4.746515401262654,1.7431705439241516,-0.00029046956767697293,0.9796162043490382,9.75136429426952,6.958916633987428,0.11623579397976218,0.10937264079838224,81
15556010,ar1,zero_shot,CAMELS-BR,0.9572819433910236,0.9692368075778222,42.90110808132814,19.924396804411128,-0.013547326185807862,-0.001262035871006345,0.9778162850738504,132.70367141573993,222.48325710719038,0.2763225676890973,0.2840190714606776,179
15558000,ar1,zero_shot,CAMELS-BR,0.9901775380592942,0.9897298379657187,15.859797267682708,9.221716515496144,0.5483658987355217,-8.24456600787768e-05,0.990901004885834,26.980074574014804,2.994027106111336,0.1934177962311104,0.1996040686674528,188
15558200,ar1,zero_shot,CAMELS-BR,0.2605277906495519,0.5341081008711324,9.085967824333185,3.06249222019226,21.09941854760744,-0.028323149172902327,0.5637269986145241,37.16148250594683,77.36997489702894,0.8041276115780762,0.70317907103908,185
15558500,ar1,zero_shot,CAMELS-BR,0.9985067940385846,0.9910899517692796,4.380928294625968,3.053085974198963,-0.18228389414933388,-0.0016226184674328417,0.9911090333355406,9.611889857982998,8.876908772400665,0.19358850073207087,0.18951589819242218,113
15558700,ar1,zero_shot,CAMELS-BR,0.5354546366572779,0.6374205243439448,6.9242254385810424,2.8254482592247814,-1.250229239101234,-0.015794135503312344,0.7543961622722596,25.760169807844534,53.39366646566361,0.6206454446286145,0.4697737166963771,188
15559000,ar1,zero_shot,CAMELS-BR,0.9381667284910544,0.9483737871509984,64.11454951065379,29.87297184147169,-1.337749465173027,-0.0027526380339693395,0.9586476172177918,204.9389517092225,47.286994359077035,0.2462672188135619,0.2320178579086042,188
15560000,ar1,zero_shot,CAMELS-BR,0.9804638861728556,0.9888384360882772,93.7905453770966,51.375486144607024,0.4472379835068584,-8.449992445144772e-05,0.9943221053750332,269.59612274928094,228.61973694814165,0.2803965378173769,0.28485570666707516,188
15562000,ar1,zero_shot,CAMELS-BR,0.7032423646279522,0.7385372853124339,4.219605810240577,2.179371864572732,3.642214507259713,-0.01639586075609417,0.7909377463632782,14.208547858885094,26.28075890149317,0.6748646479137845,0.48565429230972107,188
15564000,ar1,zero_shot,CAMELS-BR,0.8038106102341349,0.8334311845729068,9.22479055974849,3.9890382086980014,-4.958937926967804,-0.006100090860200004,0.8683999164667878,31.596741758430234,47.19259715456573,0.46136070040734634,0.3992207186560155,171
15565000,ar1,zero_shot,CAMELS-BR,0.9400317314743181,0.9492263909513226,29.407924845280075,15.646412212253306,1.7723736303226383,0.00045452075182426943,0.9591033694510016,82.15427929520625,16.93218188758742,0.4056309525834816,0.4020132853771815,171
15571000,ar1,zero_shot,CAMELS-BR,0.8910865197493336,0.9397265621576382,177.65177268296873,52.54990202411699,2.3277132818607558,0.0005266836725146898,0.9709037117141135,161.30393079851711,131.41929341279683,0.23938873506011005,0.21392159496955487,86
15571100,ar1,zero_shot,CAMELS-BR,0.9843800244456588,0.9616158662225472,78.25130507186519,38.289553023849905,1.2171019922251665,1.722743832404533e-05,0.9619081353660928,254.0557654414851,19.852652153605504,0.2155299250484223,0.20689691350040884,49
15571500,ar1,zero_shot,CAMELS-BR,0.9962937750504077,0.9942398455388558,64.3151606367945,39.09295374975421,0.09377506460281965,0.0009797910559960418,0.9945161475088291,39.505725455207916,20.722418019316283,0.16930657327244977,0.16970576612804167,134
15572000,ar1,zero_shot,CAMELS-BR,0.9822627502530341,0.9845681622544163,5.997892891777084,2.705179065035493,-0.40233219122829916,-0.0003937677717340063,0.9872925727443855,10.290041960160812,15.182274939016365,0.18881431857540013,0.18232701884559208,188
15575000,ar1,zero_shot,CAMELS-BR,0.9988060813997728,0.992926745815349,4.64329161359121,3.6332010547217153,0.6226473672066071,-0.0012518076169113386,0.9929345826054268,7.911693581709023,9.399849523792227,0.1297248948852865,0.13773846886504537,25
15580000,ar1,zero_shot,CAMELS-BR,0.9951033813531335,0.9968915686270439,93.66040127594495,57.35918195003968,0.1079945005404675,-0.0016398917130394028,0.9979611375101309,145.2890136690502,162.2158950242416,0.20646094863809236,0.21693656001266942,186
15590000,ar1,zero_shot,CAMELS-BR,0.9932218320201094,0.9958512609643813,2.263510162446469,1.0879129779172498,-0.1299837982103764,0.0002622984838302339,0.9975152867872777,2.910975163376388,1.1013008173612202,0.20931604277654828,0.21351666701069963,188
15629000,ar1,zero_shot,CAMELS-BR,0.9991630572084873,0.9966025225176441,410.9444321644086,297.59790384024143,-0.1256131301435295,0.0016778659330703369,0.9966224208635429,143.4096649771252,105.26835749767002,0.08167447702166672,0.08196888664382514,188
15630000,ar1,zero_shot,CAMELS-BR,0.9988698676393628,0.9979191890252567,421.044828935205,300.9534218425972,0.07280747808407113,0.00019539377811206293,0.9979804699718249,859.9702279706657,501.80976100973305,0.10510313375534396,0.10409922419724801,174
15650000,ar1,zero_shot,CAMELS-BR,0.993379439622063,0.995486727920025,11.587684472730729,6.3052230587587115,-0.07589414210507223,-0.0007788393469173455,0.9968222466624583,19.847556222092336,27.732319143870313,0.22823283013621878,0.23631403801178452,157
15660000,ar1,zero_shot,CAMELS-BR,0.992139419728791,0.992344910091202,3.0521040863987086,1.4024210933577603,-0.32016859011503185,-0.001335056954660123,0.9933477331066548,4.159397401847668,3.09201272187086,0.22283687287328954,0.21615973023968382,159
15680000,ar1,zero_shot,CAMELS-BR,0.9976867462717607,0.9942903215860706,2.2717356260228136,1.2355497095888626,0.4759939572850729,-0.002558837306926895,0.9943993688197004,1.6443713764843642,2.023493522608273,0.14173435543549756,0.14242926597963565,158
15700000,ar1,zero_shot,CAMELS-BR,0.9994905938756994,0.9974643955306505,316.75388767256254,243.32478751894277,0.07517126501966317,-0.00013671279796966668,0.9974741781185049,219.05863567557108,141.9239309870527,0.08880601729823208,0.08894142699936232,175
15710000,ar1,zero_shot,CAMELS-BR,0.9693695801783822,0.9803073224627907,0.9742087916902756,0.5778354059691053,-0.09972482142700283,-0.0016946594694005456,0.9876946161544806,1.8606495072060765,2.935950466871012,0.16796483383534544,0.15991013145864744,188
15720000,ar1,zero_shot,CAMELS-BR,0.6817057147714342,0.7237616665625473,6.911076412761169,2.2638990784576216,-5.780374924989212,-0.004709630299600129,0.7828512425131524,28.024054159463528,61.48201923143745,0.3751473958890664,0.32000286189264193,95
15740000,ar1,zero_shot,CAMELS-BR,0.927727781922663,0.9548618738990992,16.194189526180093,7.264039938936404,1.7336193410503162,-0.0013945875775886463,0.9713126675065084,56.84953944770276,112.6633556749313,0.3010120435109058,0.30734463924948485,188
15748000,ar1,zero_shot,CAMELS-BR,0.9949957969047946,0.9974596635079948,24.441600591216616,14.43343072652922,0.043658888735272655,0.0021646098211919942,0.9991778101103678,56.70367878037906,33.64636479071173,0.18295440726254336,0.17907268490290593,188
15750000,ar1,zero_shot,CAMELS-BR,0.9949854471152816,0.9920650246941481,14.399979972767696,7.804928307402999,-0.21142660329911095,7.410860772699007e-06,0.9923815777985932,33.82577073745158,55.1164372727027,0.1544502900497972,0.15481346011760475,180
15750550,ar1,zero_shot,CAMELS-BR,0.9943564460492172,0.9928160050322722,19.91496427667875,11.487982346218054,0.5531866824381575,0.0005329020120290046,0.993336176265143,37.93683968890907,27.056049882115918,0.15624114876937276,0.15674271060859876,188
15790000,ar1,zero_shot,CAMELS-BR,0.9984520380734853,0.9964165507612496,36.495196882537726,22.915243735255274,0.13446591529107446,0.0005805075927882986,0.9964914783715981,58.41280201711131,67.53037518761637,0.1412957881674629,0.14123239766036064,161
15795000,ar1,zero_shot,CAMELS-BR,0.9972150309135084,0.9947522144600172,19.870621136297757,10.90132488202356,0.32518726606455134,-0.00023738178489576128,0.9949253956561993,7.733989512326026,4.417951844220111,0.14672721030862598,0.1504104266177968,148
15800000,ar1,zero_shot,CAMELS-BR,0.9977158234565908,0.994680029110148,61.74924453338635,36.713154516665305,0.46262179463804154,-0.0002726319682003972,0.9947955543001626,22.48972000612119,13.08081654465633,0.1567150208317972,0.15660923916471003,147
15820000,ar1,zero_shot,CAMELS-BR,0.9963335692838404,0.992587307998089,20.637387277287772,11.982589757347963,0.504268501712195,0.0014690208737771875,0.9927794585961313,43.480600301128206,7.902449211892236,0.17336734374360194,0.17526915484158326,159
15825000,ar1,zero_shot,CAMELS-BR,0.9942239384291549,0.9892809914077276,7.921585094698074,4.360657033580731,-0.4862219818170422,0.00028291262456740796,0.9895395305616619,5.264846146903009,3.0573894633515124,0.19957661143149133,0.18892959791030395,42
15828000,ar1,zero_shot,CAMELS-BR,0.9989578318620309,0.9967354883384626,46.96977636757568,29.73899208967804,0.12800567655636289,0.00023727072330515658,0.9967727040711462,51.86930388031332,26.03162554141848,0.11049242689213049,0.11230030301263264,188
15830000,ar1,zero_shot,CAMELS-BR,0.9988259569773635,0.996668292892457,112.85282843944462,80.75204706322376,0.23047557699153498,-0.0007209164759543404,0.9967159042608017,123.58341313663058,45.96481518811088,0.1271062451874429,0.1270757843132107,188
15910000,ar1,zero_shot,CAMELS-BR,0.9946207184787605,0.9856444258180682,29.079118555804662,16.21808245016553,1.1290057678497687,-0.0023145606559485665,0.985859499268179,60.68272878368483,86.27485752941003,0.2461427487117671,0.24720002870339686,148
15930000,ar1,zero_shot,CAMELS-BR,0.9957078673721343,0.9900106077144865,10.902829373146828,5.097318166923904,0.8033158007768233,0.001175758579935654,0.9902114084316802,13.198437820886399,9.861641931411524,0.1529225996121998,0.1502464617391356,136
16010000,ar1,zero_shot,CAMELS-BR,0.9985728388691307,0.9982634758112701,3.8990503644256904,2.7457398074950476,0.09802653550695635,-0.00044042813453103527,0.9984019360394715,6.900895108092211,9.339929702026039,0.08755787252650869,0.08775286243464318,175
16030000,ar1,zero_shot,CAMELS-BR,0.9995276123181326,0.998757567019796,1175.423691886478,911.5311283673645,-0.012936433474495137,3.1395720505259656e-06,0.9987769236609283,377.0312611710133,266.4914787945871,0.0360892031555441,0.03654973552822394,188
16080000,ar1,zero_shot,CAMELS-BR,0.6465766682832492,0.7067735246065865,162.94354254516838,118.39150945853463,-6.159578933025882,-0.003135805849192314,0.7625191253939111,396.9421444185709,305.4815618068772,0.17466681086513172,0.16674529438596886,180
16100000,ar1,zero_shot,CAMELS-BR,0.8765770321140409,0.9073260126797574,157.84300051911163,113.33854217230447,-3.952914664629121,-0.001179199003434661,0.9296233867639583,83.84926882563549,59.32174245664626,0.1835360369227687,0.15795136592220285,168
16150000,ar1,zero_shot,CAMELS-BR,0.9887137001334424,0.9868241841769706,46.21191293987713,27.21733331429067,-0.07330745663688237,0.0023896197325976587,0.9879770241715681,82.16793703841016,24.72937603762589,0.3712902376744625,0.36509248440899,166
16205000,ar1,zero_shot,CAMELS-BR,0.9887476545639694,0.9800679555949986,44.17701997637391,25.45442715523518,1.81920743617215,0.0009019620942929407,0.980292493935457,17.040273521733567,21.89906355080143,0.25394544976834904,0.2789609903738081,40
16360000,ar1,zero_shot,CAMELS-BR,0.9985994072201688,0.998791253734024,7.429042264810688,5.115188952549105,0.08901805036481274,-0.0006198237053013714,0.9989645084233505,1.9166341458933667,2.130937208088767,0.08166282532461096,0.08243462693996596,95
16365000,ar1,zero_shot,CAMELS-BR,0.9908786231263198,0.9900937630122315,1.4751463679194934,0.941570656460457,0.5056577360908938,0.001692910582963867,0.991127580156476,0.4674677080272225,0.5119062378749248,0.18585898673208914,0.17634790619786667,45
16368000,ar1,zero_shot,CAMELS-BR,0.9960233515906902,0.9902753327448454,11.315530532141043,7.197670617020213,-0.2572718280545558,0.0019398823360800566,0.9904480363063729,31.33175303261618,15.449952196086997,0.1549968854682978,0.1653085809200454,64
16430000,ar1,zero_shot,CAMELS-BR,0.9930261869849538,0.9963479836053246,141.13569279983054,96.4141604426455,-0.10624391332902483,8.524584467099056e-05,0.9987324667133006,196.05100073685128,159.45820372315418,0.20747816656021906,0.215943460802237,175
16440000,ar1,zero_shot,CAMELS-BR,0.9887832364146442,0.970262654049373,60.629264206549045,28.18538874282804,-0.4826203676644586,0.00028481545250290397,0.9707265684059199,223.17407403387944,328.6256051923112,0.18180535313742324,0.18423702333628386,152
16460000,ar1,zero_shot,CAMELS-BR,0.9963437179595729,0.9969309333387334,128.32766438289485,98.55073151810898,0.23032181207426383,-0.0012818704222428562,0.9974304091678389,190.31928233374092,170.45517090305063,0.17868293602297997,0.17748776691756465,142
16480000,ar1,zero_shot,CAMELS-BR,0.9873528231715765,0.9920438251217886,70.01496879699401,40.93952129068694,0.007950636829335365,-0.0005344155503875098,0.9951207346629073,55.700915569923836,16.88635094722193,0.225811124771189,0.23177620087871872,188
16500000,ar1,zero_shot,CAMELS-BR,0.9918596697653377,0.9934688839342821,91.83955362222581,59.76533849378577,-0.40853977934300345,0.0015860004401211172,0.9948121066655665,110.52420216101305,138.04432993305707,0.2145339040686615,0.22036975740972395,175
16560000,ar1,zero_shot,CAMELS-BR,0.9880152619254786,0.9943237585988615,8.03168317434345,5.465624930841926,-0.09701157797137615,9.919984398249761e-05,0.9961309728041006,11.045704589210454,7.118790484631518,0.009523289018841629,0.009819285223763628,32
16661000,ar1,zero_shot,CAMELS-BR,0.9794933374524128,0.9391038618979194,13.315003377995813,11.321553968944443,-0.6640266025181714,,,21.85496032001197,21.85496032001197,0.0367334609981906,0.034243013654763114,4
16700000,ar1,zero_shot,CAMELS-BR,0.9564041932118907,0.9400159917737875,4.959655176541431,2.553230680076444,0.2700053080532507,-0.0016570525816004857,0.9436854985865579,15.138892416049536,22.066146088070465,0.42497333337622456,0.3835405242346195,188
16820000,ar1,zero_shot,CAMELS-BR,-1.0777290937184865,0.4093636570713658,163.18699114222653,143.00106712591378,-14.88431612031369,-0.0022422230342943493,0.44935831186255526,262.532195964518,240.4769195499241,0.037308092635961486,0.03049691716678506,32
17050000,ar1,zero_shot,CAMELS-BR,0.9994577404346776,0.9958743100223117,1184.854317112511,946.761221398795,-0.060847581000924016,0.0003335205864663359,0.9958811868463517,825.4569432006949,823.7715499353917,0.03684800693298228,0.03732603077870435,188
17050001,ar1,zero_shot,CAMELS-BR,0.9996648561459309,0.9968582888354549,1161.757225415014,951.1463775204631,-0.03905285125492538,0.00036321264309699397,0.9968608861009344,494.55523296160806,558.5759224354106,0.0380297519179988,0.03773081271858775,153
17070000,ar1,zero_shot,CAMELS-BR,0.913709520256333,0.9229845914234414,7.207007353982879,2.091459483099096,-2.383728719884248,-0.002061784340040007,0.9347449441804904,26.58865178626352,45.087825698264176,0.3187191135213813,0.307067755744763,43
17090000,ar1,zero_shot,CAMELS-BR,0.9801445464581514,0.9783234477787502,56.53462282516791,22.302577320739942,-0.6822632144833385,-0.0005383525027564395,0.9806524262924373,61.00478910667632,8.804794446928991,0.2230963836292887,0.21273726921251107,162
17091000,ar1,zero_shot,CAMELS-BR,0.9531602092626595,0.9757148722322553,2.1541730840843543,1.2004732163017773,-0.01691664684791456,-0.00031945881824606845,0.9920317672719419,5.739907787726754,5.79731308137027,0.02446541245353694,0.02353740099662292,124
17091560,ar1,zero_shot,CAMELS-BR,0.912723049982636,0.9327499760125721,1.9223511098390471,1.2927803798817767,-0.07979720920420486,1.7765544773143578e-05,0.9495882954778516,3.150023479697859,5.052650943680339,0.037204192517156204,0.031396664829628364,169
17091580,ar1,zero_shot,CAMELS-BR,0.955620324961439,0.9553181622545998,3.362573447137222,2.253094452119153,-0.08254067643852316,-0.0003277073575598459,0.9612063227446983,3.487306455407922,0.7823237864746344,0.041829451500314786,0.045176544717322395,104
17091600,ar1,zero_shot,CAMELS-BR,0.9087598488946166,0.9539851169382593,6.311124331856212,3.7674421419658404,0.4988614654644845,-0.00020318889723068643,0.9874833331459132,10.61221423925569,17.408550117153233,0.05301195494947721,0.06013782440941743,113
17092800,ar1,zero_shot,CAMELS-BR,0.9373281999018724,0.9672539509688837,6.87249806560042,1.7041445818367218,-0.13426698318896035,-0.0003819209326561329,0.9907078328439775,6.756541395191224,13.082592426990617,0.03790008785763049,0.04014839804212505,110
17092850,ar1,zero_shot,CAMELS-BR,0.8720306543952921,0.9355331497463606,10.720780829412787,4.101275236048115,-0.22832653546553014,-0.00013302334544923033,0.9939530057831584,2.41949033557073,2.921254352764343,0.06554108296465135,0.05572153077706516,118
17092900,ar1,zero_shot,CAMELS-BR,0.9656682491666765,0.9790463658214908,3.1619890692224835,2.0568277200814418,-0.40446455680935284,-0.00021018541103590138,0.9870568321974962,3.4823397075836238,0.5276737487434957,0.04560198435413089,0.04430778323711443,75
17092950,ar1,zero_shot,CAMELS-BR,0.9229306801990426,0.9278705217050379,5.639843056240895,3.3637952585286737,-0.1251667737480064,-0.0003018993424258299,0.9392139068442706,13.413352222479887,6.6657666302229766,0.054167290659262145,0.04752160829957829,144
17093000,ar1,zero_shot,CAMELS-BR,0.9931135050474998,0.995473604503376,19.734230469622418,11.538184563373926,0.22186778802287277,0.0002785991156251449,0.9968853358478349,38.12851100947828,49.14259351053107,0.04784363008538886,0.04790628079212931,166
17094050,ar1,zero_shot,CAMELS-BR,0.859736713889649,0.9073556469817446,6.077061923105281,3.9860117063363263,0.5286926892905384,0.00012153299408817564,0.9386876139237331,16.12462669427207,20.633493604371562,0.0823578722351314,0.07329586125937351,154
17094400,ar1,zero_shot,CAMELS-BR,0.93723124346209,0.9440112983999633,6.204937020760909,3.593014471215416,-0.790473738389448,-0.0007988893673305381,0.9536943830342536,14.87461097919511,8.364206118217368,0.16234895918075407,0.14040670724330956,188
17094550,ar1,zero_shot,CAMELS-BR,0.8638556088590986,0.924501357139646,8.680984284147264,4.587526706648192,-0.2882618666710005,-0.0006553090345352338,0.970735655945176,25.667505258655428,4.5064263408318554,0.15939970470948409,0.17344488902374341,175
17095000,ar1,zero_shot,CAMELS-BR,0.9927218172033704,0.9942513666276163,13.840878654054192,8.397081564258777,0.14242385697875645,-0.0006760855351969925,0.9955260412304395,12.215245487916215,10.939431275842065,0.08885325291816326,0.09195852030277223,106
17098000,ar1,zero_shot,CAMELS-BR,0.9437262198815363,0.9438916226974743,194.22978419674982,102.13915530912605,-1.177693419332986,-0.0009741079208942655,0.9506672611965452,14.852741407076792,14.852741407076792,0.15067494771531784,0.1530989716415395,12
17100000,ar1,zero_shot,CAMELS-BR,0.9940649694125493,0.9935419714579857,7.594101557496622,4.851285365030142,0.22471454968892177,6.704155256018023e-05,0.9941918182503562,13.502707393429317,10.759235556243773,0.09623196151790486,0.09549640782456582,141
17120000,ar1,zero_shot,CAMELS-BR,0.9933136073525131,0.9955023277039886,24.67973318918312,14.726172066647456,0.30334320757580635,-4.534719638567969e-05,0.9968440067546135,50.72950273829644,30.941909159426597,0.11164034682525693,0.10510025454265713,149
17121000,ar1,zero_shot,CAMELS-BR,0.9977395120811123,0.9962821575486155,7.308568141046485,4.993876452453723,0.05357878357012134,5.869435606216389e-05,0.9964455869356222,10.749984868082672,2.707310943517536,0.09361767591774402,0.09082679994628243,188
17122000,ar1,zero_shot,CAMELS-BR,0.9962499960217884,0.9968405612214405,15.94025175229978,7.754120755018584,0.12384109483854601,0.0008479271168833763,0.9974377452255003,18.820333896749272,27.908177917823064,0.13261251817671207,0.12997194825963412,149
17123000,ar1,zero_shot,CAMELS-BR,0.9875693208234387,0.9932096997900666,67.84190689068348,31.51317179947537,0.2615413219063579,-0.0007533647908296408,0.9971193529958666,73.98925934645554,58.735687751889714,0.10629845186274506,0.10524080965060607,133
17130000,ar1,zero_shot,CAMELS-BR,0.9977847694426583,0.9895780005140589,77.54368320246127,47.00725100539267,0.5962258233859695,-0.00018813545207870853,0.9896226431189946,160.15014036134744,103.5772443697974,0.10898410515505032,0.10832980425107495,128
17200000,ar1,zero_shot,CAMELS-BR,0.988193222212299,0.9769678726044247,16.25482664554921,8.92574331910514,1.5799715421333453,0.00023844021917758182,0.9776022681959402,47.77336310007077,16.406574916138993,0.21303593328557044,0.2297064331496341,99
17210000,ar1,zero_shot,CAMELS-BR,0.9932640012950799,0.9808404717759962,18.889802833146927,9.042469482017143,1.1883325276559054,-0.0018552744695786681,0.981074300191456,41.495878572478745,31.159982367016138,0.19027938692355376,0.1882476928424003,148
17228000,ar1,zero_shot,CAMELS-BR,0.9653903418861098,0.9724451074728618,0.9074045192827047,0.4735916214463242,0.4992683360430869,-0.0001428579957127394,0.977756417662119,2.3248387997299678,2.8211856370443282,0.10831609524168623,0.11845287862510612,188
17229000,ar1,zero_shot,CAMELS-BR,0.9645060900520115,0.9695223336268968,1.939431206954891,0.9698211619761318,0.4533684828363619,-0.00020073725944337248,0.9741771056925984,4.772815335066985,9.372410647999192,0.11487502305641989,0.12552696936979915,188
17230000,ar1,zero_shot,CAMELS-BR,0.9843155873396412,0.984356292555573,4.835399600115551,2.7123184818120927,0.6107779993733577,0.00043553614127761313,0.9862394119603403,10.909640381464785,17.582543565103173,0.10684219293384573,0.10851705245581146,188
17270000,ar1,zero_shot,CAMELS-BR,0.9502020055367497,0.9698489892433174,10.097447599176423,6.015083598232601,1.688825111534041,-0.0004013928621044247,0.9818390597728527,13.31703780113461,24.62791160826763,0.11439805241459428,0.10798153102000232,185
17280000,ar1,zero_shot,CAMELS-BR,0.9932453028470056,0.9947106290827713,34.90608828047436,20.800082500393437,-0.11335279942886206,2.973469398574735e-05,0.9958799750326311,44.82542639524195,12.678790137456696,0.14007889328603282,0.14457646739604021,188
17300000,ar1,zero_shot,CAMELS-BR,0.9964421270175705,0.9972505792804701,33.82963013090869,19.556352691312533,-0.10326809970317644,-1.4116381231565195e-05,0.9978061755507739,82.00945517969542,53.4399314366727,0.12275985197873993,0.12239061876373371,188
17340000,ar1,zero_shot,CAMELS-BR,0.9799407149158991,0.9754089172165714,52.02212112108365,38.88096833585064,0.09416327106805393,-0.0023653428327342803,0.9774366142647202,75.6115777551892,84.35856406544053,0.16219561927136467,0.17333870551286687,97
17343000,ar1,zero_shot,CAMELS-BR,0.9964506941103266,0.9930317611671465,15.775481552191172,7.566992538703574,0.6113746035085693,-0.003415467241732237,0.9932264021562093,19.27008448000368,10.38004934008074,0.14182674679077273,0.13869808607725795,124
17345000,ar1,zero_shot,CAMELS-BR,0.8386347830855585,0.876513436854019,6.078379051288856,3.30889277755836,0.5737412231317807,-0.002548573618286011,0.9091291600024007,15.811858586567087,27.1396470180917,0.2558534664039382,0.23139532301818233,188
17350000,ar1,zero_shot,CAMELS-BR,0.9684726835639592,0.9552789843413882,4.152457684673395,1.1526488367955925,-2.8981450238830626,-0.004677483847090089,0.957953807680712,6.49734813217298,12.87692885647246,0.23693303925823733,0.21591657188236113,73
17354800,ar1,zero_shot,CAMELS-BR,0.9167449386231724,0.8564757143888829,10.877783289809905,5.634793954303777,-3.7038851750558046,-0.004208678942598503,0.860464535545064,37.16619489600254,55.16761181405103,0.22362565613522628,0.17490073709834852,58
17355000,ar1,zero_shot,CAMELS-BR,0.9738822841961884,0.9768668603895563,17.003457574101024,8.194609640968487,-0.3879646919504673,-0.00047027200396990154,0.9804787655541563,55.33412299122125,63.67666607535896,0.23544393204077096,0.24412398951428202,188
17360000,ar1,zero_shot,CAMELS-BR,0.9980550886014873,0.9837932323225537,5.44131466738187,4.699680820686728,1.5939416539665976,-0.001326420477939242,0.9837932323225539,6.942736383326121,6.942736383326121,0.14852386855220218,0.16106354838589865,14
17380000,ar1,zero_shot,CAMELS-BR,0.9939450997653715,0.9909397026110598,82.94114222952034,57.37327422547,0.4671651570641206,-0.0013868482854217344,0.9913777938709862,119.77255613077705,87.99084310024914,0.16247296535112865,0.1598700225617857,102
17385000,ar1,zero_shot,CAMELS-BR,0.977623643305725,0.96989154503657,1.7291050768481604,0.7539419550141603,2.57767992031499,0.0007316867319931974,0.9718839748897893,3.28403954247758,2.8918099317569492,0.3547148495856574,0.346435799544147,188
17387000,ar1,zero_shot,CAMELS-BR,0.989322034285367,0.9916843810092332,7.645422391308061,4.009505525350957,0.4064650618834214,0.00020527207341723003,0.9934980828962748,16.422595774214287,24.168725228813223,0.23058991003801727,0.2310153506340994,188
17388000,ar1,zero_shot,CAMELS-BR,0.980434075201841,0.9868501488482773,3.2306675131949603,1.5612334116517699,0.8806855100762616,0.0029003948867767707,0.9908414512567223,10.07423509992435,9.897553701416708,0.32740522730910987,0.2907218331023985,188
17389000,ar1,zero_shot,CAMELS-BR,0.9892528890188627,0.9731834410420946,2.5077939619887606,1.2279590025660114,1.9772881095754662,0.0002907061007464684,0.9736010510799804,7.121967237351199,10.752043822670426,0.24545323793782348,0.24347126989577408,188
17390100,ar1,zero_shot,CAMELS-BR,0.9942515452374375,0.9954326074881246,146.69876131628,104.39062481560968,0.35548594186947957,-0.0019284433117154956,0.9963962655260907,236.2710989676093,247.50724283677798,0.15378640703959073,0.15944641285594277,188
17393000,ar1,zero_shot,CAMELS-BR,0.9770156289780987,0.9586709028941148,0.42165699917297794,0.20783005797080156,-0.7116578845206942,0.0009660558902219556,0.9600964931216402,1.2625988876344933,2.771351477961293,0.1855641841213541,0.17406435302852957,96
17395900,ar1,zero_shot,CAMELS-BR,0.9943755539168638,0.993752022939425,37.16336207861949,19.941634598186706,0.4004255978843201,-0.0019711090564701814,0.9942675186616668,106.43968974694967,179.9384880617659,0.23229464041037928,0.23869009253083234,177
17410000,ar1,zero_shot,CAMELS-BR,0.9984487235938816,0.9983576823089102,128.80621204235302,84.65916323001613,-0.06619485103955612,-0.0006203788369313068,0.9985190619503035,115.01410731516887,58.20441312565463,0.11856310104914847,0.11750251505121465,160
17410100,ar1,zero_shot,CAMELS-BR,0.993901481718452,0.996246402640497,234.9742431846886,165.32711359124133,-0.1990579827805319,0.0009305909121233233,0.9976952624436268,217.39239396972974,119.15228747286349,0.1766486811700485,0.16755680563504732,169
17420000,ar1,zero_shot,CAMELS-BR,0.9961247199717388,0.9929317166896112,129.65695949416488,61.66493472149474,0.10983577333859769,-0.0035989475295066277,0.9931852017716946,75.26209846346663,80.87291119293043,0.11912401824584845,0.11894413109677818,148
17430000,ar1,zero_shot,CAMELS-BR,0.9969666892987117,0.9970875472817805,281.1723726291673,122.44555832308575,0.2138186961339364,-0.0002123677949923894,0.9975014540785009,229.89879029464865,243.71550866085516,0.09646057730340407,0.09583097741605796,166
17450000,ar1,zero_shot,CAMELS-BR,0.9775530493771407,0.9820464642053389,27.17857045812187,10.333884256143676,-0.885073920190086,0.0012361621919464993,0.9859515345783988,43.589365246388176,21.771386085099344,0.18982073832644208,0.17525199398594657,179
17500000,ar1,zero_shot,CAMELS-BR,0.9991030492984585,0.9950751870832093,203.19028743284227,138.21468424539083,0.03804448290975163,-0.0011253745394784777,0.9950895346413153,262.9379437035531,257.47757697006705,0.08406297570640402,0.08572640263176555,188
17610000,ar1,zero_shot,CAMELS-BR,0.9732962269886712,0.9686388899317961,33.16527148006881,18.748523107182336,-1.5574268253560688,-0.002411284311592328,0.9715375229734972,62.39478068677544,72.05899168115334,0.2626594131508994,0.2573594965722269,184
17650002,ar1,zero_shot,CAMELS-BR,0.9989153081700494,0.9943599124227368,226.5419724844635,138.7361309057606,0.043394668457484034,-0.0010310413634465228,0.9943821407900637,255.15755414552407,173.27403866243924,0.08180451326790251,0.08179402875917154,175
17660000,ar1,zero_shot,CAMELS-BR,0.9985918234960296,0.9941002085269554,14.217394863171737,10.072157658771907,0.5639560508801811,-0.0008839340971693588,0.9941328133222522,16.858778426507058,11.158593094571415,0.16103890997010167,0.16515507629617235,89
17675000,ar1,zero_shot,CAMELS-BR,0.998325378087252,0.9956962307524388,42.482048839977786,26.56005321861493,0.23643918116476104,0.0008061721153247922,0.9957670403839064,49.92554402164862,38.32955981339032,0.17980212258925093,0.17958823424021841,184
17680000,ar1,zero_shot,CAMELS-BR,0.9978281094066823,0.9974370952245418,50.98862339391141,34.56051841912941,0.22100258209235643,0.001499407302001314,0.9976637880225716,55.20579132496611,75.23807261724734,0.15621178617507597,0.15120316764344774,145
17710000,ar1,zero_shot,CAMELS-BR,0.9700587985361663,0.9811082053986049,830.733755049052,220.08871724125754,1.048017397524325,-8.795827020003505e-06,0.9882643151550474,354.5684563190894,305.2559420658363,0.15881396957944188,0.15578671235798536,52
18119000,ar1,zero_shot,CAMELS-BR,0.9755025215618154,0.9821741607534547,28.410481614549322,16.93212687031636,0.13679756481508606,0.0018943376319949072,0.9870392700800942,35.29176960896852,31.68154162861841,0.24818920319167817,0.23611276338152143,188
18121002,ar1,zero_shot,CAMELS-BR,0.9935297257184114,0.9953769447158582,9.084008536215528,6.181379617356688,-0.1466073138669756,-0.00022161646225949544,0.9965576371460729,11.035169368830674,2.758980889603663,0.1549484601508111,0.16258373134034104,98
18121006,ar1,zero_shot,CAMELS-BR,0.9693612087467538,0.9759409793247024,20.505966265041604,10.304838035014361,-0.5380204648848591,0.0020996384268273088,0.981431235555623,9.621328834200044,6.911636791689494,0.14430569282204406,0.1621995263113361,171
18150000,ar1,zero_shot,CAMELS-BR,0.9773027461696626,0.9640204615920923,7.68093217621179,3.6014020798904913,3.1378618423880345,-0.003994125291370151,0.9655460539626349,28.437781289795435,29.733269467774477,0.3522563848619542,0.3339818996890684,77
18200000,ar1,zero_shot,CAMELS-BR,0.9835341673768656,0.9836312875038344,27.946633530069885,15.379984985570765,0.9094389468417052,-0.0005244493799586789,0.9856697020228474,36.3629339562789,52.70064159581604,0.27137120682081095,0.2682518445155764,162
18250000,ar1,zero_shot,CAMELS-BR,0.9428923032463254,0.9517882103651526,14.600713328496441,7.973822355144918,3.5501404483263763,-0.0033000626195941116,0.9602236641227984,43.48128012865306,16.673882041431913,0.4843181054798451,0.49065113538788385,183
18280000,ar1,zero_shot,CAMELS-BR,0.9930578552021436,0.9930121511142863,11.659908603473653,7.412530574048439,0.5731956507457402,-9.17683738088787e-05,0.9938970369681488,18.444919970363475,5.395133372702106,0.19273523469913778,0.19711400971628887,188
18295000,ar1,zero_shot,CAMELS-BR,0.9890527289821425,0.9882986197949495,87.35204767846285,45.40017415674673,1.023186541646935,-0.00010999160694042526,0.9895683063924818,186.57279660278084,96.90033328740947,0.17439565110661318,0.1798859477906039,166
18300000,ar1,zero_shot,CAMELS-BR,0.9925874279092101,0.9943875462850422,34.08515211790971,18.388790368433927,0.3313851170852703,-0.001856578251477975,0.9957386494783922,39.582833389858685,32.329683327976674,0.20458392475550216,0.1958632213674889,188
18408900,ar1,zero_shot,CAMELS-BR,0.9100235574843725,0.9422808420156366,1.818352353164911,0.7546051702602216,-0.14109392886185138,0.00011172907176063267,0.963502417462824,7.189071301249917,2.571757628091966,0.17740200451277738,0.17725490358958676,79
18409000,ar1,zero_shot,CAMELS-BR,0.7748436746236577,0.8798989408186699,2.421276854063866,0.8906708364858685,0.008561484597517204,-0.0007652564262952671,0.9585459111426302,9.913047825299138,2.883249158417629,0.171750851640781,0.17105181871745403,188
18409650,ar1,zero_shot,CAMELS-BR,0.8831381880605523,0.8705947820027112,24.24341267462967,13.89195520448295,-0.5130888308592975,-0.0023887761997420827,0.8844687859147865,73.23153192371228,56.03689421237054,0.36686297838987847,0.2939808250970502,188
18415000,ar1,zero_shot,CAMELS-BR,0.9737430768659042,0.9573309035628979,29.38348910088494,14.823287351053688,-1.8158962006021993,-0.0013325365597752666,0.9592729970321082,70.686047278932,87.00057437689118,0.291606680716526,0.28596484774555797,170
18420000,ar1,zero_shot,CAMELS-BR,0.9843654792732357,0.9695967968108072,3.721214249652702,2.150387978447488,-1.124527717580624,-4.135466181989615e-05,0.9704427731921312,7.920778917763778,11.246975854843889,0.12362121808311921,0.12530848669749048,157
18421000,ar1,zero_shot,CAMELS-BR,0.9981107637431671,0.9984473927299282,2.9024455758678394,1.8962477949049386,0.04711373115836733,-0.00024722150859441024,0.9987442839440351,4.244100122179256,2.4179135634215037,0.07637339631777718,0.0746049424101611,165
18422000,ar1,zero_shot,CAMELS-BR,0.9983877447730986,0.994717082688131,3.441807593505245,2.366388224687294,0.1183446669760345,0.0003357090424651668,0.994769338429026,4.116619057785567,5.187323383316278,0.06434467878512551,0.06531540157715866,157
18423000,ar1,zero_shot,CAMELS-BR,0.9975644204446097,0.9966957009702196,2.2545975112104393,1.4779729391212775,-0.004541022761642382,0.0006737852880763749,0.9969135447130344,2.609189374119732,1.478025535528532,0.05348998742173394,0.054155831508279705,188
18423500,ar1,zero_shot,CAMELS-BR,0.9961949849342578,0.9919336727005367,0.9638225720613595,0.4969438461993552,0.1386806075657289,-0.0005163817272637872,0.9921316491054242,2.500175953823211,1.5836180669996784,0.10589059382973375,0.10565275199922868,132
18423800,ar1,zero_shot,CAMELS-BR,0.9988608846069329,0.9977073539740466,1.0298967438372275,0.6865481563727763,0.02748090308564317,-0.00018973542205353092,0.9977621174094891,2.3741571619300292,1.9913357696263951,0.05755175146661951,0.057426364709863585,184
18426000,ar1,zero_shot,CAMELS-BR,0.9412491855066536,0.9554637169408234,0.25447827106175774,0.10020468739370231,0.11799352038324082,-0.002888084517171218,0.9668407225868839,0.8041339256719494,1.825324648776203,0.15954309051246182,0.1561892608902801,181
18426500,ar1,zero_shot,CAMELS-BR,0.9886117475773235,0.98847146281099,0.9510680961834209,0.35154414898196107,0.4356225727597352,-0.002658457857664012,0.9898608286135354,3.1673236680525787,5.192523125437178,0.2330385995396987,0.2416855898316052,184
18426800,ar1,zero_shot,CAMELS-BR,0.8708482276039107,0.9047177660634911,0.8285373963424743,0.42603605956554685,2.0331080104536796,0.0006930230794520709,0.9316783322918377,2.201441581696553,3.759990905617432,0.34325758491647573,0.3069271645516897,166
18428000,ar1,zero_shot,CAMELS-BR,0.9986557024581232,0.9993224805813306,1.0412657191559145,0.6152584167612252,0.008415606256644365,-0.0003607169822229042,0.9998087895143998,1.893376595523452,3.45278688824091,0.07952121761652041,0.0807020818822109,186
18430000,ar1,zero_shot,CAMELS-BR,0.9995058372671435,0.9976786220214346,29.193622270849012,22.143427775564714,0.17802304082727144,-0.0012619906737777568,0.9976831388108057,38.6956391242992,15.716424239057233,0.06994140638416255,0.07002874906760079,65
18435000,ar1,zero_shot,CAMELS-BR,0.9983512217098771,0.9977720280662359,2.4859852804458353,1.5573892079621845,0.04335985897330483,6.393934712965732e-05,0.9979143102744816,4.01302438402035,2.0553388297587754,0.10095607688717427,0.10057308534523428,187
18436000,ar1,zero_shot,CAMELS-BR,0.9987971963535266,0.9956029013830873,5.9861620840849,3.716492784673271,-0.04156767192850619,0.0007075506918938004,0.9956397233395596,7.5052704412720574,7.457910130819303,0.09541564445400016,0.09575240999579943,188
18460000,ar1,zero_shot,CAMELS-BR,0.9990970207427595,0.9977720615647839,54.753391587220555,36.83353776650619,0.013402655696112084,0.00016441758258116737,0.9978076909232275,101.72947299049532,193.27892257570667,0.09444501361133685,0.09627123823650563,188
18470000,ar1,zero_shot,CAMELS-BR,0.9819116262978825,0.9806770927473932,360.2462044157454,63.660552989729155,-0.5713952085334195,0.002058632559303202,0.982804614717713,888.571753658519,27.06806647294161,0.09211012081867422,0.09267606531249516,188
18480000,ar1,zero_shot,CAMELS-BR,0.9947319759562414,0.9812706471068795,9.476523273496705,5.506698930283473,0.7390181757129066,0.001047669010974056,0.9814032923191176,19.418774018569078,22.280439618772256,0.27731964901426026,0.26601542334758976,132
18500000,ar1,zero_shot,CAMELS-BR,0.9661138619450845,0.9756778746116564,185.1474684506554,52.140107268151695,-1.018515254946063,-0.003174855968307355,0.9826308313662485,58.908769316174215,40.03769739251072,0.21942448647651625,0.22780080988023957,158
18510000,ar1,zero_shot,CAMELS-BR,0.9985534814289252,0.9949337759335329,129.88087131806327,84.36882673108367,0.037473581647166146,0.0004766294675458624,0.9949795421508989,220.40144705991764,348.7121963982557,0.11137617820811183,0.11185231552128004,170
18514000,ar1,zero_shot,CAMELS-BR,0.9816641779949082,0.9805432921148846,530.3280033242432,93.76173205743586,-0.622780904011481,-0.00020683922349484102,0.9827172355331432,1266.4774550869888,31.135655307288523,0.09960755924712338,0.10024745918592294,188
18520000,ar1,zero_shot,CAMELS-BR,0.9991138882201684,0.9981156265986557,119.09389004515882,77.6954787114977,-0.0028471386072941814,0.0009297995377658963,0.9981603805277688,175.4736506011971,255.15172569049076,0.10543458263890174,0.10498681779079652,188
18590000,ar1,zero_shot,CAMELS-BR,0.9984054290586831,0.9934285133486175,58.49567664726849,30.7831075010275,0.4104618932937059,-0.001894741698902705,0.9934614732583378,162.53408421964886,220.7457970657866,0.16513129230425042,0.16300879241227367,140
18600000,ar1,zero_shot,CAMELS-BR,0.9991331836240951,0.9967266284447103,35.55965195898905,23.762759297005687,0.07857910934148078,-0.0017266677934601807,0.9967449475529793,55.72871981933832,8.742460922970439,0.14774928571596024,0.1486569199161928,136
18620000,ar1,zero_shot,CAMELS-BR,0.9590067462385752,0.9499231334142294,4.0190003842803685,2.3596985209663437,-1.3723301159144174,-0.0023935012971940395,0.9540373580497821,10.73109608260161,2.793920370181965,0.20384938638403013,0.19910841380801775,121
18640000,ar1,zero_shot,CAMELS-BR,0.997778080406537,0.9972233146745931,19.08701505251222,11.551016828151155,0.24865650477187226,0.0008484642159430483,0.9974112251042083,31.67007261638401,31.0193478837125,0.18463210381640346,0.1797840574424598,84
18650000,ar1,zero_shot,CAMELS-BR,0.9987224064161031,0.9968060588448826,31.468478313101382,21.709723747978494,0.04499789339302506,0.0019765816528420146,0.9968588421455314,35.61143822493259,42.06019679936951,0.14647012634360965,0.1439638608080375,163
18849100,ar1,zero_shot,CAMELS-BR,0.9808348731904238,0.9816322801654171,1041.8899124926138,181.4381169760769,-0.7058448793547544,-0.000407350639159941,0.9842055493639925,28.32810735803809,20.34572951345886,0.11556956885832466,0.11634639698135968,188
18850000,ar1,zero_shot,CAMELS-BR,0.9991725043695073,0.9934449843019106,204.8035904647474,130.31192666029324,0.2209675549769872,0.0013506622921669459,0.9934543418594857,294.64097524269516,292.72565676476046,0.11037168156123693,0.11126563960408857,188
18870000,ar1,zero_shot,CAMELS-BR,0.9876077577555413,0.9917111348433069,23.682569599253657,11.396009796636303,0.5347813186967733,0.00019819106351966903,0.9944306293886233,43.894823506394935,31.24714864010374,0.35719300806255266,0.3435197864855859,167
18880000,ar1,zero_shot,CAMELS-BR,0.9937010313254104,0.9928934318883286,31.21129692646268,17.15669735168003,0.438737481012057,0.0023863842099749316,0.9935694756828081,38.66677827172253,12.287706730068916,0.2557468903960194,0.2461724831515408,128
18901080,ar1,zero_shot,CAMELS-BR,0.980835403115957,0.9816334256105144,1038.7372263749367,180.8896951604846,-0.705743801201015,-0.0004070796766400056,0.9842067678557982,28.244639960143363,20.291535583793994,0.11556308509707541,0.11633975231656157,188
18940000,ar1,zero_shot,CAMELS-BR,0.9921400366547475,0.9791308373801726,4.723513016836651,2.792308737885842,0.19914907603638435,-0.0015843299286026433,0.9794221306081741,9.936086357975327,12.534919157042197,0.11306364102520702,0.11712289213717704,96
18960000,ar1,zero_shot,CAMELS-BR,0.99833612806789,0.9905535385283767,0.31362675866409667,0.20424462130802903,0.16980126539612272,-0.0006517883880013536,0.9905826646726452,0.5105481185398661,0.4689206722229607,0.08129183152756723,0.08276373618167333,174
19100000,ar1,zero_shot,CAMELS-BR,0.9916156745374289,0.9846245777757517,6.5062128721824495,3.6286521826762734,0.6854756040541968,0.00043362850874560654,0.9851395712744099,9.014927642594678,8.499917593443577,0.18839338136967976,0.19004091750341645,188
19150000,ar1,zero_shot,CAMELS-BR,0.993399392440853,0.9824196994670452,89.46320080579088,47.48958211708928,0.6077567946035968,-0.00026896371404590627,0.9826773053642613,149.86401224766362,93.58645609694443,0.1689398793150681,0.16865495143736045,188
19200000,ar1,zero_shot,CAMELS-BR,0.9632377135774494,0.9595498347081276,3.537468383463463,1.9310252847329175,3.2922353461484626,-0.00752677133923195,0.9635434021698771,7.424858817481074,4.735847295045418,0.3596651161478483,0.367532959174939,188
19300000,ar1,zero_shot,CAMELS-BR,0.951240819085462,0.957728159581869,7.577661527112316,4.6373986316083515,0.15436158753404502,-0.0013119197958739622,0.9654102384583358,10.698515276239982,18.71911463074275,0.23658915013358062,0.23781262041256188,188
19400000,ar1,zero_shot,CAMELS-BR,0.9618181905421572,0.9635246715904912,4.900820240854715,3.349112931007298,0.15501265866683528,0.000457260019382736,0.9689709915588176,3.5540245200935225,3.8859615294321106,0.2327303742737468,0.2168115704505599,166
19985000,ar1,zero_shot,CAMELS-BR,0.9574442216907816,0.9623579394553035,35.016006044923486,17.70029421646403,-2.081977767223965,-0.0008886693654274122,0.9689092407705169,71.7630641666852,128.1263577603492,0.4061879590559134,0.39867337559847416,182
20000900,ar1,zero_shot,CAMELS-BR,0.3368032107607437,0.3398203862069892,0.9471061143051223,0.6156805912389414,12.635206543483656,-0.008088979956333616,0.45098155805202167,3.11140286021115,6.229437702387134,0.393370327878039,0.13458008497252952,83
20000950,ar1,zero_shot,CAMELS-BR,-354.2662406818569,-14.358971730170417,2.282441053826422,1.362847967585035,361.66850470589554,0.06952334676227176,-14.358021314750673,3.707639625515892,3.5063596498546343,0.1350089797265951,0.03103729300491451,94
20001050,ar1,zero_shot,CAMELS-BR,-0.32329448166263686,-1.4642440556213874,0.08311570807164372,0.06616861323281614,241.59495539500466,,-1.4406989129104097,0.14695803423633957,0.3089113354631989,1.401822508561147,0.17038407727990568,75
20001130,ar1,zero_shot,CAMELS-BR,-3.9467014320363223,-0.8206719496318269,0.721345288929125,0.4273708498757678,67.87698508979379,0.0035657115971882702,-0.8190404861963665,1.1524366308374536,1.0296911588004232,0.15748180066116405,0.10396072885248109,84
20001200,ar1,zero_shot,CAMELS-BR,0.002750271483768385,-0.3246909799102935,4.490668986894134,0.991092517810286,-8.869865043325522,-0.003355019313120727,-0.03721900346874518,19.646948328999375,43.7426351697135,0.8450428013856623,0.07825251595083983,97
20001300,ar1,zero_shot,CAMELS-BR,-7.544499910421523,-1.8628906397263618,3136.8894042408315,694.9567804495889,139.6916526370644,0.10446443820766589,-1.8628787450395858,8684.4722581083,15041.086306537716,0.5517623364247359,1.3470087708642848,23
20001400,ar1,zero_shot,CAMELS-BR,0.8373228945194683,0.6887847800045708,0.38499456728127135,0.2888822768909712,2.667776099959169,-0.010889771944081075,0.6925492653434084,0.8701054235863376,0.9772283307916418,0.2721103215248815,0.19345531281218573,82
20008000,ar1,zero_shot,CAMELS-BR,-317.95474650570304,-16.83683316913831,16.68906060118222,2.7044107200899954,428.99518171017905,-0.011220631040356697,-16.83679827940758,59.196519902661386,132.3645175060963,0.6709916115828125,1.3994062460195726,63
20009000,ar1,zero_shot,CAMELS-BR,0.4521677800717405,0.41468051093561564,2.790256893880887,0.9993323034927653,-6.226922262723151,-0.006181957596030591,0.4879357018364405,11.529875520516091,22.76823598171182,0.5331697295723357,0.32340823980523803,171
20017000,ar1,zero_shot,CAMELS-BR,0.9049565726390029,0.9382854312219708,0.20117643832910834,0.06894799611698092,1.555977948029226,-0.001754874693171829,0.9613326747925182,0.6930042378585167,1.4015881574489886,0.2706209688060632,0.26626692183806483,171
20050000,ar1,zero_shot,CAMELS-BR,0.801807404981103,0.8150828006181301,55.768929775569084,25.452083689718958,-3.8058622622760527,-0.0018684278044586965,0.8450325101285965,204.80894799321612,339.3162147081894,0.3608763764730476,0.3246917246020939,188
20090000,ar1,zero_shot,CAMELS-BR,0.801533415943584,0.8040690913434861,58.82530364741516,22.71683475991984,-3.573496487729384,-0.004796635752076131,0.828257764065253,226.71756594562646,365.1361142716426,0.3442403952536631,0.26280214163662907,101
20090010,ar1,zero_shot,CAMELS-BR,0.926231244098531,0.9361945901549062,20.194532824623646,11.636120690088314,3.1275024562159395,-0.00013388291397330512,0.9471608448161484,59.176617339029555,84.51203346237682,0.21673052422781508,0.20126792958082587,123
20100000,ar1,zero_shot,CAMELS-BR,0.8787399045164421,0.8565829515832518,7.33561577750073,3.3737664919265185,-4.68409554318457,-0.007089465594665403,0.8693884556634155,22.90557392883596,16.316007139544258,0.3913619081900822,0.319785284354767,156
20100010,ar1,zero_shot,CAMELS-BR,0.8340343523339298,0.8748494029484576,9.323114313609882,4.876747458962415,-0.23432577369186794,-0.0022033050778728115,0.9094703175043284,26.182813634224747,22.041880105355943,0.3465112146693493,0.3230817191036313,188
20150000,ar1,zero_shot,CAMELS-BR,0.7987064523951568,0.7393119415191454,1.3246252335539583,0.8635122623121457,9.540838936397066,-0.011681004170781335,0.7555688436596835,4.499788068904297,5.569343361809363,0.3911863839181894,0.32009425702339095,120
20200000,ar1,zero_shot,CAMELS-BR,0.8123574230906223,0.8879684378870957,22.613657575716708,9.480937554082786,-0.7172661742659141,-0.0010143624104710924,0.9415577093500602,86.86107091500409,88.03612649346222,0.48028652844468267,0.4834306502325325,184
20250000,ar1,zero_shot,CAMELS-BR,0.9724621941726286,0.9828563054470619,29.588373220334535,13.15621749302182,0.4186297949257977,-0.0015492295302645467,0.9898169367123251,102.77239886643497,11.496673325912449,0.2870377591916374,0.2972332958063596,188
20489000,ar1,zero_shot,CAMELS-BR,0.685034569636904,0.6933365683749387,129.59904309752534,60.27239674577162,-7.619793409479031,-0.010580979914719044,0.7398045812265095,465.09646200372754,802.4388948222887,0.460310626725306,0.3487502830528705,58
20490000,ar1,zero_shot,CAMELS-BR,0.897135951379687,0.9038446451905487,84.46494284833928,40.4219190245175,-1.6761148786131022,-0.0003511948112712472,0.9179024658785765,278.69271250307037,533.8044018348896,0.4010357701935112,0.35278133930507133,188
20500000,ar1,zero_shot,CAMELS-BR,0.9407724149668263,0.9552519995450937,79.82781195232447,43.141612087460544,1.8300632821304417,-0.0008497903506376296,0.9645077397771481,231.6340809621399,362.6850311509611,0.23711222598012144,0.24363047235930013,188
20699000,ar1,zero_shot,CAMELS-BR,0.47706687285847504,0.5948864611054863,18.010609041479057,8.843184108354182,2.2390027998594255,-0.0106230175322177,0.735566057991579,61.43709552801834,85.99844936678161,0.4820402837188058,0.36760925598910654,186
20700000,ar1,zero_shot,CAMELS-BR,0.5657202947534854,0.6429435165992639,43.022842477202786,14.03543596759282,0.5854151163241433,-0.008420289525371636,0.7416345667841779,171.38728289753115,343.0588585767464,0.5622759235692758,0.49260776095382147,188
20899000,ar1,zero_shot,CAMELS-BR,0.5932924064167846,0.4373985332106689,66.08583929312564,30.116968516800565,-6.5918810561110925,-0.015061165875599867,0.44857566737406707,265.90749472047224,417.09561979129904,0.5515139550293059,0.3104764229512328,128
20900000,ar1,zero_shot,CAMELS-BR,0.7494612644178649,0.7211866910904576,41.388544804464026,15.287489787976087,-6.926067198460286,-0.004036273110049164,0.7473584906148674,162.90891947804718,212.01174499347192,0.40788970747854275,0.33624918115462193,188
20950000,ar1,zero_shot,CAMELS-BR,0.36301840644495587,0.46955089410321615,26.295914600596987,8.841880993011433,-8.199410721762382,-0.022255844426532556,0.6435079027931739,108.71534004699741,215.83390445283825,0.7157362611689009,0.5149524399051943,188
21050000,ar1,zero_shot,CAMELS-BR,0.9554783061881309,0.9555603038433442,107.26622831146697,54.26554352953251,0.6022451705068698,-0.0013073063110305948,0.9596516975905569,323.4517701115621,566.2782103315387,0.23367795471876873,0.24431841755373926,188
21050020,ar1,zero_shot,CAMELS-BR,0.7151787635192304,0.8171534708869723,129.23341726410675,91.51376253682773,-1.2062464647683728,-0.0008539413515488989,0.8983512836592464,243.30023545832307,222.56409413972128,0.2029003164482325,0.18256179656902718,184
21070000,ar1,zero_shot,CAMELS-BR,0.9012762352174494,0.9317789977722569,97.9873835338917,66.1513203141837,-2.0125937243123735,-0.0004104499924066042,0.9523145840340164,171.59277500355316,184.54986561086358,0.1595732522244919,0.15227036474318673,188
21080000,ar1,zero_shot,CAMELS-BR,0.3673272151664726,0.5600701918897384,222.8261854410403,147.42415666922685,-16.796367649288985,-0.010856397388410169,0.6781224205794848,464.84520259965683,602.4012570063236,0.2658052249158445,0.20138350505451896,188
21210000,ar1,zero_shot,CAMELS-BR,0.31654647558236193,0.617241985007497,2.8089080154966664,1.6393434096334925,22.62176404173904,-0.01516741722166439,0.7563282269554314,9.43704927421806,5.877001394465949,0.5520265952048538,0.2894989795895371,135
21220000,ar1,zero_shot,CAMELS-BR,0.9887984739290533,0.9840435830430858,8.86207061110374,4.340605324558795,1.2585699787870783,0.0011492594826539443,0.9848082580878795,27.60037005917864,29.83224826016343,0.366471638758192,0.3720670377450313,162
21300000,ar1,zero_shot,CAMELS-BR,0.7883509762175878,0.8767887184754608,8.688852006672775,4.610474467976945,6.947170587067446,0.0005002296487604712,0.9194420895919339,30.718604378134916,26.121434836834236,0.2281077127522586,0.22246841597967437,140
21500000,ar1,zero_shot,CAMELS-BR,0.9681914904807066,0.9805947933201228,40.823897464782,16.537498474754784,-0.49146876880242896,-0.0016960366465492982,0.9877549912776035,122.28683895339778,100.2023759763107,0.31161996673810743,0.33826849918908714,162
21510000,ar1,zero_shot,CAMELS-BR,0.36326388358816986,0.6604240638816763,11.433510951608664,2.7216043109910806,1.6123949583824322,-0.004526898273815624,0.9374108868251677,48.296252639885,95.96535071774856,0.3211580390203423,0.3066786183398834,188
21545000,ar1,zero_shot,CAMELS-BR,0.5785065712747246,0.7033758499016293,1.1009897765763412,0.4897430800556741,-0.794466167584284,0.00018097566778365074,0.8163641755305182,4.34681661493173,6.134452169069019,0.06270920415845575,0.048050408059618285,135
21560000,ar1,zero_shot,CAMELS-BR,0.9351574561989835,0.9491858601521711,10.308857960026126,4.854782927875586,2.4362089892929943,-0.0012730098709003573,0.9592668229409882,33.53732999054734,44.50571921182663,0.3986736164111599,0.38463144825018036,144
21580000,ar1,zero_shot,CAMELS-BR,0.4917135868228848,0.5504512325428204,1.3492297478929922,0.6107829522902339,0.8883197093275879,-0.00042245455745217346,0.6621297886200961,5.046013951065968,7.838255345484723,0.137774707903819,0.09593642671871479,113
21600000,ar1,zero_shot,CAMELS-BR,0.9306817973781328,0.9597862663673733,43.998275564635925,19.765063145588996,-1.3136579678713984,-0.0006783061250609825,0.976251428803563,146.75432031424205,173.96148470369502,0.36562407965390364,0.3480741597098831,185
21650000,ar1,zero_shot,CAMELS-BR,0.948860227984375,0.8989373045341451,120.45708522822576,49.47874723635874,-3.5753522579980057,-0.004901437795717847,0.9014029281359524,435.5542970238663,704.3055128034299,0.34197395416931614,0.2950868742401593,188
21660000,ar1,zero_shot,CAMELS-BR,0.8852685858108209,0.9411709036047289,89.73479229535013,35.84222823100752,0.49529833935473305,-0.002515118638282108,0.9882910958242759,307.986441339177,178.5998392681037,0.41751621051144006,0.4520261542492998,186
21750000,ar1,zero_shot,CAMELS-BR,0.8392218357913188,0.8367306363993372,4.936251111447597,2.187676121372619,0.6173488673414771,-0.0008869940210195935,0.8567623727834338,20.149050964589055,5.418453724383615,0.16072003825351874,0.12376271472978824,157
21758000,ar1,zero_shot,CAMELS-BR,-0.6124363815958604,0.3497052113360042,16.984330805423504,6.553318900501343,12.583302109697653,0.00017736268850522844,0.5208071040341226,14.53055431583426,0.6528599190261986,0.1322373181641262,0.21597163349520598,84
21850000,ar1,zero_shot,CAMELS-BR,0.6795408569223576,0.7134560708655839,58.4119263704432,27.502934486162353,-2.291093892410787,0.0003229838511109723,0.7702137715805559,226.17925504808724,316.3467510807355,0.3085444002724346,0.25177099385738105,188
21860000,ar1,zero_shot,CAMELS-BR,0.679034723188807,0.6472832005667838,86.10622784051546,33.42255408005431,-2.78529302046116,0.0010266760118425016,0.6815394996715997,340.6286349603972,703.9927077836466,0.33896778966692115,0.277706647912308,186
21890000,ar1,zero_shot,CAMELS-BR,0.8477508603955085,0.9190042222914405,95.35018576600636,35.50699635039983,1.8645579519424411,-0.0017438815036464848,0.9641933068196467,385.1485011805684,488.58685381719675,0.27437482202005364,0.31019126728918295,188
21891000,ar1,zero_shot,CAMELS-BR,0.9363412296976447,0.9577759303834271,31.822492406876457,14.612240429144574,0.8023072572965008,0.0007640788088562698,0.9715083640720927,91.73193166659117,51.08279104557439,0.21859038730369584,0.2342009123296997,188
21900000,ar1,zero_shot,CAMELS-BR,0.9462508993782768,0.8953321848907073,181.12786361795406,76.17575535928013,-3.130456088998758,-0.0028317576602279043,0.8980348127144222,655.199956479116,1043.8215228572706,0.2942596875767713,0.24938445174642812,188
22040000,ar1,zero_shot,CAMELS-BR,0.8758677202080608,0.9311752436351384,299.92418025754,130.86714577142314,2.483806286305694,0.00029217598682827403,0.9652857326277235,854.5490659408129,1731.4537287770602,0.21936707913332767,0.21857983213856333,177
22043000,ar1,zero_shot,CAMELS-BR,0.8199826451986192,0.8461261811163909,309.5316356816567,200.35104877669394,-13.338325770096109,-0.006418358368757815,0.8595748730157988,687.4824734326701,972.1508715188961,0.32671333844655864,0.2831432103149463,188
22045000,ar1,zero_shot,CAMELS-BR,0.8122106252309051,0.8588038703303515,239.3006603089369,170.81111885512712,7.0240669197386705,-0.00030618056630967935,0.8907614067692861,437.70968171209506,455.89518480576817,0.3497125541595425,0.2862473774726899,179
22050001,ar1,zero_shot,CAMELS-BR,0.8602131931554634,0.8897849386960922,361.8655230373194,179.25166530150221,2.5985557739192804,-0.002159241952232568,0.9056879382996149,1207.1235388989987,487.47863749746773,0.273552517595363,0.3528041990660307,184
22100000,ar1,zero_shot,CAMELS-BR,0.9540628842012834,0.9738102372864686,35.992913460394114,9.190335812434816,-1.1835453517238883,-0.007259031885656769,0.9870961604879588,16.760507232087512,16.87648865284457,0.3640095045446229,0.35495806278676845,158
22130000,ar1,zero_shot,CAMELS-BR,0.9312010431000715,0.9600898504799876,9.196087422357735,2.7015939465498295,2.0519661108360348,-0.001485460864082161,0.9794147162390102,7.701479412295094,3.3009425386556246,0.234070346734283,0.22292537326777428,118
22150000,ar1,zero_shot,CAMELS-BR,0.9950625024332891,0.9866691764983764,14.174376299195876,6.429411963520448,0.7298363456151072,0.00014731835223015521,0.9868743375956942,25.65932475145696,29.824118514681725,0.2357057457529465,0.2381809038885856,184
22160000,ar1,zero_shot,CAMELS-BR,0.994301853858274,0.9836563464020811,1.956542197280691,1.0257158141750002,1.2635844674550387,-0.0037535727241656547,0.9838646670984527,4.51085060622961,6.808182305396927,0.18412425566833823,0.1871829240904438,145
22186000,ar1,zero_shot,CAMELS-BR,0.8575669014918049,0.9078161507091753,5.095423847969033,2.872697555998707,2.9853672274515772,-0.0006881552283658264,0.9365294767525464,12.522030510488747,15.985833544799334,0.12623022331960812,0.12474424364420922,86
22190000,ar1,zero_shot,CAMELS-BR,0.9241835419511196,0.9354468489728301,7.038106488286418,3.932057605302591,-0.5517780519959566,-0.0031044054357096344,0.9480293903171177,17.25691671065822,23.078490125156225,0.34800423809957864,0.3062954548214985,170
22220000,ar1,zero_shot,CAMELS-BR,0.8013877262979009,0.886196128987571,56.20260201471086,27.750792869568176,-0.8085876336751668,-0.01836387219366138,0.9515558819611344,158.66489167640967,14.914308137381454,0.47028870281528784,0.5307343707035511,66
22241000,ar1,zero_shot,CAMELS-BR,0.641616635970711,0.7456520819950918,13.207826007678356,4.877919404821469,1.8702503477957626,-0.008718171276908708,0.835795269762806,35.20581605399053,57.88252058355797,0.5395712447318174,0.5536904902183375,142
22250000,ar1,zero_shot,CAMELS-BR,0.9315588635185387,0.9478891907650453,63.967912333223175,30.459348689381585,3.288636377544943,-5.7695466112964167e-05,0.9604634746910515,205.28877599067354,192.62406254577277,0.42622678860385516,0.45129072429186995,184
22280000,ar1,zero_shot,CAMELS-BR,0.8968938068057916,0.9152265868954457,279.3738693146754,177.36868419263735,1.889024200856634,0.0009065227142092715,0.932675477187104,748.2081464726863,1419.7382148445233,0.21894015501872768,0.21014662976736673,188
22350000,ar1,zero_shot,CAMELS-BR,0.9690504743768,0.9353027377378953,248.91779829608427,133.52562942896117,0.21078810218384797,-0.00256775222389111,0.9368693420737796,750.5807631274689,536.3109986073775,0.2323235540035159,0.20689063911981007,188
22490500,ar1,zero_shot,CAMELS-BR,0.8448044071350833,0.7610391424065155,607.7713816676132,315.2444288564357,-12.662890151311018,-0.0055665614110412265,0.7691085572680997,2104.6915430341583,3663.135638920569,0.3791887584892172,0.3744893676788585,188
22500000,ar1,zero_shot,CAMELS-BR,0.9533695385591705,0.9472307182241873,259.24265472894496,156.67225212125376,2.814812900433007,6.379180154936909e-05,0.9521591328923749,649.0950290069076,789.2907509146089,0.2577662779278675,0.23627212229780517,188
22511000,ar1,zero_shot,CAMELS-BR,0.9054721707310689,0.9027945740534933,8.630422016932446,4.4994099375177905,8.568383698290766,-0.01683976765707587,0.9076274413227131,29.554255380513137,63.43528572299243,0.2007992871430766,0.2439267900528871,93
22670000,ar1,zero_shot,CAMELS-BR,0.6992549789186656,0.7194313318802062,34.158185359872164,11.203505981960154,-3.230362612121821,-0.0030733300344161565,0.7619262868377771,141.8110417716394,263.57348190537283,0.22275410276083546,0.18045162068559778,136
22680000,ar1,zero_shot,CAMELS-BR,0.6986207803890783,0.7068425128251605,84.90964812981949,32.396975051791,-1.7094788601386164,-8.654647148809147e-05,0.7531782393675728,334.6301953874472,702.1852703398274,0.27043018466544366,0.2093182197129997,184
22685000,ar1,zero_shot,CAMELS-BR,0.8654615453816858,0.9328457300929813,37.19907627137334,17.252288779342432,0.19441840966809476,-0.0012854413936809455,0.9842681316170565,126.13530888580306,11.10635838526942,0.20529606246811244,0.21034256840273755,188
22700000,ar1,zero_shot,CAMELS-BR,0.8738714721235823,0.9052078447335383,58.67685802995797,32.748255708447196,1.1590831020987131,-0.0029051422247670447,0.9308442407075825,200.99360615444044,168.9737416012005,0.2690582859035104,0.2606984001234027,153
22730000,ar1,zero_shot,CAMELS-BR,0.929743747002456,0.9348596170634869,24.25464370157259,11.688314632423774,1.3211808374783058,-0.0036618868668136448,0.9419054876264618,73.88024884925198,143.81437212286704,0.28956881415285035,0.31734329160914493,188
22738000,ar1,zero_shot,CAMELS-BR,0.9287403129726625,0.9365557019253207,22.683586168486556,12.188561990226365,-0.09206413129000939,0.0002021602111627746,0.9477497405598198,66.89799716325706,103.555133761108,0.24523320230341536,0.2289097376267362,188
22741000,ar1,zero_shot,CAMELS-BR,0.8529976354012696,0.9135241231215446,31.446595565586257,14.65016391262307,5.323784208122174,0.0008679145995420592,0.9453662072631308,37.98477146297916,51.37912082178633,0.1699518198873656,0.17075947929576588,84
22750000,ar1,zero_shot,CAMELS-BR,0.8510736110703573,0.909641829701413,101.00842612375548,53.932686747263766,-2.580021584776395,-0.0058270280305318875,0.9509401315557292,197.888815444364,254.4568726650178,0.31623299781696596,0.3741874371547707,114
22850000,ar1,zero_shot,CAMELS-BR,0.9211732661556521,0.9577538053817041,29.975165793047406,15.800432177344467,1.4837652781094224,-0.0007422574127166903,0.984652905387594,64.14764931306162,13.92439361644327,0.2807182497077257,0.30994847967797035,188
22900000,ar1,zero_shot,CAMELS-BR,0.9334169731484261,0.935222524579613,125.10621713478213,69.49090753010256,-1.0333479279303772,-0.0014756864426847885,0.9436680194785597,365.41538869593563,443.05935508231147,0.2670361056636754,0.25920464564384443,179
22910000,ar1,zero_shot,CAMELS-BR,0.9252291058787537,0.960027486484498,93.60497058176514,49.069749571810014,0.8818360226959032,-0.0001920667592099877,0.9827044539672107,245.89861645461562,114.70707620624962,0.26290189777456957,0.27409610367539694,188
23100000,ar1,zero_shot,CAMELS-BR,0.9842312003859357,0.9877956036201054,313.61295541144915,187.89543626100667,0.21126432035090573,-8.516624948110355e-05,0.9906316079681436,453.0623685585174,267.44723969474074,0.23391739385707805,0.22348075248880656,165
23100100,ar1,zero_shot,CAMELS-BR,0.9685374425016238,0.9715941370527172,278.90600930112834,157.98686964597192,2.390815159334653,0.0007313499981581699,0.9755902107631028,661.333534706414,973.5923225328794,0.24518238180361043,0.2303687173726094,188
23130000,ar1,zero_shot,CAMELS-BR,0.9474065305652862,0.9567549961090935,2.316519307213201,1.271507710363829,-1.0077016508747607,-0.002443173438208837,0.9657932058828007,5.349467235888552,4.396451898514094,0.3995668987239591,0.37239643050159915,188
23150000,ar1,zero_shot,CAMELS-BR,0.8245653472058487,0.88289147241269,17.488451580070798,8.765973352578223,-0.9924005406091744,-0.004896830990782471,0.925818903934668,56.03498690917691,75.19071215621776,0.40973832225950435,0.36495011057618276,157
23150100,ar1,zero_shot,CAMELS-BR,0.9036945368234951,0.9489731110682161,9.682010853557799,4.694655316466559,1.7387677435138047,-0.0029272452408140286,0.9805654341466881,35.70969358814405,32.19422002830146,0.39763857345252834,0.35546305548160945,188
23200000,ar1,zero_shot,CAMELS-BR,0.9852748057347307,0.9824768945613036,517.1278424489609,242.60320110417302,-0.5965350169144105,-0.0008655309787916898,0.9839652378936126,1189.3309009642376,1076.2513600756906,0.25531507759862226,0.2713741777810407,175
23220000,ar1,zero_shot,CAMELS-BR,0.9699288528832805,0.9647580399906585,2.8513138060190832,1.570675277126381,0.7672271467234296,-0.0013891414784018875,0.9680319175303962,7.921832253952042,2.6414766063618993,0.15742149556128074,0.15428487313901112,188
23230000,ar1,zero_shot,CAMELS-BR,0.7679152281469389,0.867431106815812,31.379892562564756,14.551491271299966,-0.17145054546451832,-0.0014182290365817203,0.9451197840813275,106.38801628127639,38.20936490119696,0.4022474876513719,0.3640898802428088,171
23249000,ar1,zero_shot,CAMELS-BR,0.948318903889124,0.950524174745173,24.003456422315768,11.784329251635418,-0.033025028890896736,0.0003516887784919369,0.9579058295874939,74.36132249865285,53.109288533653235,0.2714358865310653,0.264424458093589,188
23250000,ar1,zero_shot,CAMELS-BR,0.9596954959493752,0.9452479191995236,24.325901583225498,12.896248142450313,-0.5437869072528679,-0.0009668375144732053,0.9488558680197605,56.614460276247,66.84058148097006,0.33234363294412733,0.30128740149281197,179
23251000,ar1,zero_shot,CAMELS-BR,0.6868976604232746,0.7048676649592585,34.31079760184135,10.68841920768273,0.7274154948590656,-0.005972612717556719,0.7571251618979289,137.83056620819912,216.4836151855396,0.8429336543459086,0.6937784185315002,175
23300000,ar1,zero_shot,CAMELS-BR,0.9852467584668686,0.981602231103135,221.78958344121077,141.4071137800739,0.07620169592929701,0.001619372734719779,0.9830433131672047,493.3981669343561,505.41577178337354,0.18841957095352482,0.17676352942301635,188
23466000,ar1,zero_shot,CAMELS-BR,0.9715437966025516,0.9837914251793838,5.573728557974883,3.0026036462204173,-0.433909035326227,-0.0019240061405078647,0.9900972057268499,17.020657527800445,17.639382505567852,0.2839421492697361,0.28839993373849143,188
23468000,ar1,zero_shot,CAMELS-BR,0.8593746895288884,0.8934434270801628,16.535183756387543,6.036415976768144,1.0441980730975875,-0.00101009249459867,0.9101628130474727,63.92816827085835,90.37264212841974,0.2240479750411213,0.23528612054953127,188
23490000,ar1,zero_shot,CAMELS-BR,0.9002671039817954,0.855970881402418,665.2766135120861,448.52637390080565,-11.560006553234322,-0.004121608265978434,0.8611070129309901,1384.3901956670675,2311.091716640932,0.27404029637949545,0.279584216479395,188
23495000,ar1,zero_shot,CAMELS-BR,0.9003043028328757,0.9105410257275658,644.9124296981745,374.9451386787595,7.147896702450379,4.959202129002291e-05,0.924247647157054,1148.6519092078863,1557.1144671997088,0.284868487483883,0.31465743202976304,188
23600000,ar1,zero_shot,CAMELS-BR,0.9385774673322302,0.9644010947651578,514.4299272892823,321.06710966779906,-0.841360514173898,-0.0031118321503177775,0.9821584172965093,860.5633733895656,342.108568189747,0.22675922788134992,0.20608772883555945,188
23610000,ar1,zero_shot,CAMELS-BR,0.8634214962279296,0.8495468233476191,6.407688178442347,2.8323258591454032,-2.705927212289285,-0.0019607403999383523,0.8658085514241896,20.704341749466995,8.964454411004143,0.5627350364594261,0.48292252592233753,175
23650000,ar1,zero_shot,CAMELS-BR,0.653600070521642,0.5873456329004543,29.749242703445205,8.426407680565164,-7.743037765190631,-0.008535316189440173,0.6217831085100849,128.71047844029079,231.12810192701076,0.7513780491362431,0.5606759675640763,154
23700000,ar1,zero_shot,CAMELS-BR,0.9700979712792651,0.9710792696105954,516.3846498708467,313.136418325214,0.9781152507823079,-0.0011568815255772642,0.9749464348931551,1111.034615350405,600.1877474979724,0.27832681196436704,0.26050953966335727,162
23710000,ar1,zero_shot,CAMELS-BR,0.9860841103932387,0.9900861528781933,264.7380256769806,148.27151727229355,0.4797655384861034,0.0003654157357967265,0.9925457958001824,820.0438917000922,1276.7544813128727,0.20570226805349906,0.1928189716662573,188
24050000,ar1,zero_shot,CAMELS-BR,0.9448859738014976,0.9636665730580303,2.617354269873281,1.4440331355816869,0.12523984928298693,-0.0005756766083487349,0.976734348911675,2.5927222136998735,1.2678218534403898,0.1018099896276297,0.09949198989736736,188
24070000,ar1,zero_shot,CAMELS-BR,0.9170567194767671,0.9090100481333272,2.957617653707099,1.8638695881533038,-0.11107041256152847,-0.0008376057798330939,0.9189308593392764,7.290016911674199,7.194736580723663,0.26022132794809166,0.2351412512281269,117
24100000,ar1,zero_shot,CAMELS-BR,0.8685065433516763,0.9082282006205434,17.106570238521787,8.536544220767597,0.7853089246947291,-0.0003345725293258904,0.931865668946285,63.70963794256054,57.924825446116664,0.20463146865311635,0.18863105985132178,188
24150000,ar1,zero_shot,CAMELS-BR,0.2865759289846278,0.20639507570769577,16.806357300753177,7.263449978939004,-1.3780497333520565,-0.01262692850408082,0.2926512004058819,65.23949772304375,110.47841282803988,0.6513243944810746,0.2608901932587576,116
24180000,ar1,zero_shot,CAMELS-BR,0.7871626222775268,0.7974620395811957,117.67821220311617,49.53603346864806,6.237134263329918,-0.0029536576190749425,0.8110872804311258,402.1957703843188,734.3792201801394,0.3762063881954862,0.4281001047154285,188
24196000,ar1,zero_shot,CAMELS-BR,0.8643074724993743,0.9215517054956058,10.880995556426125,5.096141595207115,1.707620440958155,-0.018698299270591266,0.9596015713222603,22.77206974783367,23.05037044064262,0.6388482111442755,0.5924901986145278,132
24200000,ar1,zero_shot,CAMELS-BR,0.978701482272029,0.9683975679959783,28.12290359894316,13.3785406974917,-0.08368162862049033,-0.0055122919841122595,0.9700464953944994,41.19685903526057,62.92618898115143,0.31759839634326276,0.31795227793224884,96
24500000,ar1,zero_shot,CAMELS-BR,0.5589263470736567,0.6890212631175655,55.65932144282274,26.986506101483588,5.703523333442196,-0.00684493662985239,0.8111111445771866,184.65122381625173,258.79896803796544,0.5348372188248655,0.4343280662962168,147
24650000,ar1,zero_shot,CAMELS-BR,0.8927377680436123,0.9324693166804038,8.747756237021758,4.7909237851728195,3.707669020636522,-0.00203188809902715,0.9579042992533396,23.09753337246833,39.85187665351504,0.3361039436700865,0.36092740079263197,188
24700000,ar1,zero_shot,CAMELS-BR,0.9059460205564714,0.9358415937233853,108.73431984688295,49.50290176412618,3.7826475593975846,0.0008308736686405312,0.9529382973669539,395.978669548107,610.6421557421045,0.3173292983301873,0.33487722758790694,145
24750000,ar1,zero_shot,CAMELS-BR,0.8609220540639335,0.8424345976210872,30.715219232711917,16.162066798964876,-3.7180744004082715,0.005243754713321145,0.8583512119862037,108.33881248706521,107.81762833339165,0.5408882635807877,0.48126440727301195,136
24780000,ar1,zero_shot,CAMELS-BR,0.7471817028384119,0.7580462286937082,11.519058342678498,3.5274993524019065,-5.365325304996213,-0.007683889165261016,0.7977682640781838,48.90482680742,67.3506326166373,0.6240491028020514,0.5337801031985925,153
24800000,ar1,zero_shot,CAMELS-BR,0.9784533138164143,0.9491080468293647,20.169402472117167,12.748366797855052,1.321578946824347,0.001464943753809865,0.9499743086569327,61.1155325579248,78.77279157276885,0.4199875989654616,0.4057235029549083,145
24850000,ar1,zero_shot,CAMELS-BR,0.8981082966652157,0.9456462874865917,162.93032602581084,77.76045206252269,1.7173599033439981,-0.001996832567056777,0.9768145625214172,476.2346205599358,654.4561905696335,0.3080370395913222,0.34774550527153025,145
24900000,ar1,zero_shot,CAMELS-BR,0.6158966964832577,0.7756670745268708,10.943951550697141,4.097266142116625,5.961128305300161,-0.00347092683684193,0.8275416428647253,44.724536907842705,76.21909547371327,0.3960170318899955,0.3814684889700616,158
24950000,ar1,zero_shot,CAMELS-BR,0.9049945769075854,0.9265243959032413,34.25673710712391,16.85702973735906,2.184063938194039,-0.004406887462427886,0.9390297336041532,109.65403455172856,158.15160550365778,0.4598571369540816,0.45129721439054443,183
25080000,ar1,zero_shot,CAMELS-BR,0.6027132359551512,0.7242962815436691,0.11374985511506501,0.06356816611170339,3.588759369829554,-0.0026008796783286003,0.8310762889902543,0.28798249786853963,0.34733081762389223,0.2682850713663914,0.23838935193491342,135
25090000,ar1,zero_shot,CAMELS-BR,0.2831020454101498,0.24283588492787422,0.9678070741621079,0.37264912745219075,8.094065316535898,-0.013244970331681814,0.3704919330302623,4.138310868916399,8.816489610571013,0.49882890695280785,0.1688554100708291,99
25100000,ar1,zero_shot,CAMELS-BR,0.0950389954212093,-0.06438860858330586,8.976119517843674,2.1935337964066317,-25.827515143881172,-0.028114560372826423,0.14052244912444967,38.368200478292856,73.50593386370386,0.998969187333699,0.28832607867422777,149
25120000,ar1,zero_shot,CAMELS-BR,0.1427531715864283,0.3798770228818743,2.0031609853633383,0.8980180104949017,13.382765507974861,-0.02277857375696896,0.6880522641359048,7.90603095116123,14.724273260998366,0.6556681322882811,0.39829944157971614,188
25130000,ar1,zero_shot,CAMELS-BR,0.818484967295401,0.8566456507325813,47.155532777914715,18.44616987633343,-6.123461577718679,-0.024130948908999084,0.8873394634121232,185.83538476234665,218.26441730443318,0.7319807178739658,0.7138146464525287,184
25140000,ar1,zero_shot,CAMELS-BR,0.9325535771256728,0.9597566339857321,6.72808432696353,1.944922293661767,2.2297093454793733,0.00011659526964419992,0.9773788835185221,7.425741472719571,13.298589895706561,0.2321994220872658,0.23526033321386522,152
25200000,ar1,zero_shot,CAMELS-BR,0.9869164192476455,0.9925327787071452,88.29137850687553,45.77718270047642,-0.3555609570176806,-0.002161471091803223,0.9961633231517663,164.9850951390013,284.91886340092503,0.2423076985906658,0.2441437489781685,145
25500000,ar1,zero_shot,CAMELS-BR,0.9295098636058745,0.9525686136249236,9.977244565564119,4.429659767638118,2.960540224085194,-0.027297096082136013,0.9683419200477128,20.030752905012385,25.6940767083989,0.6492387985539082,0.6405299061786366,175
25700000,ar1,zero_shot,CAMELS-BR,0.9958743433025072,0.9926935743035085,52.540584725543795,28.06217902766249,-0.31615707347687416,0.0009067356541817007,0.9929732049929394,93.85227670398638,119.89576828284873,0.180671660042334,0.1777103241951514,140
25750000,ar1,zero_shot,CAMELS-BR,0.9536718444253786,0.9546167504765045,30.82752053937973,10.645941380872399,-1.1050172062716999,-0.004182012261187029,0.9607153508570845,123.70130971713212,119.71032651310483,0.5304774096892121,0.4883852221496671,162
25800000,ar1,zero_shot,CAMELS-BR,0.9935064527858107,0.98390253693297,16.000055010556355,9.145388769505102,1.0922788707818907,0.0026305722428546924,0.9841823826099589,32.405520620619065,15.646917017003863,0.27687488107484126,0.2748792495061095,151
25850000,ar1,zero_shot,CAMELS-BR,0.89538841680255,0.8151363311267658,0.7401690912936097,0.2776460453479117,4.146367496079476,-0.0032095472854309966,0.8155377154592208,2.7328516402066163,3.2807686397739566,0.36025508445363674,0.4984959025787826,28
25950000,ar1,zero_shot,CAMELS-BR,0.9966664681825317,0.9968473039083365,64.69105359688646,38.340992738673506,-0.034706908724490546,0.0004982592422246232,0.9972476962389222,70.91311604064288,49.11953236489222,0.16298987239765989,0.16363127822039938,188
26015000,ar1,zero_shot,CAMELS-BR,0.9974324800528402,0.9914115973756624,5.311150321845919,2.222954693263475,-0.6034284875709436,0.0008685892132269876,0.9914936496160595,16.552684327233386,1.5558772445431333,0.17597403870237072,0.1778455079896719,130
26030000,ar1,zero_shot,CAMELS-BR,0.9986694606012066,0.9970735272284387,42.3654442103789,28.568387549234597,-0.0952610379255902,-0.0010161803156999716,0.9971295016628005,54.36550127706445,35.845946582266336,0.12018488574611383,0.12185847548529956,129
26040000,ar1,zero_shot,CAMELS-BR,0.9912034320107307,0.9942035980493671,2.6890728918747255,1.3867097054917328,-0.057327293186860424,0.0005879960664755355,0.9961604987407958,7.629257123311662,16.028996158613893,0.06492892507053141,0.0668646017246659,188
26045000,ar1,zero_shot,CAMELS-BR,0.7652410692183983,0.7993081163513726,3.4469251004856254,1.612571899602887,-3.527862041257001,0.0008824332894627022,0.8417623210714427,12.13280372660251,13.702971197402837,0.42749795965955456,0.3173024090126049,188
26050000,ar1,zero_shot,CAMELS-BR,0.9861572206925254,0.9774098697642093,17.24910981872771,8.717990729745313,-0.21577108868216294,-0.0005952697957516944,0.9783627009199397,47.68117615896814,73.80844103475137,0.14994782905885354,0.12711773771252988,112
26100000,ar1,zero_shot,CAMELS-BR,0.98331836483378,0.9882583397814861,27.824346716047195,13.696104107071207,0.022547960383160308,0.0005022455042861564,0.9915998234531367,68.9340601625479,89.96401838008828,0.1506204032513476,0.15735734998889206,140
26150000,ar1,zero_shot,CAMELS-BR,0.9949613942483203,0.9967954304490089,4.481181411933211,2.4259382896406265,0.12070142404915418,0.0015909535492419913,0.9977715265855799,12.566473206612804,13.25499898934721,0.18149450549174528,0.17922260705579846,130
26200000,ar1,zero_shot,CAMELS-BR,0.9931893165722012,0.977546863132785,34.28059682964632,18.00680829005382,1.1083288645315654,0.00021149288244041997,0.9777382758363693,79.89166950402378,75.16376035711092,0.17908386820842542,0.17692602215414868,118
26300000,ar1,zero_shot,CAMELS-BR,0.9539333114783878,0.9750815613718224,110.08605063542298,24.601605070231866,-0.7227411097147117,-0.0009111208584453578,0.9905566453715333,52.10224079035602,38.34745085821805,0.12753594333878665,0.1286394673040731,100
26350000,ar1,zero_shot,CAMELS-BR,0.9988055395400426,0.9920384866369222,67.03437315064592,40.24726753120934,0.3905121038454461,-0.0001696891587996477,0.9920541771958818,100.25988337602617,126.5197740766278,0.13406274053672032,0.13607457551309152,129
26400000,ar1,zero_shot,CAMELS-BR,0.9977015609999645,0.9897479291856494,39.599548876399425,26.95542856086541,-0.7301885104283543,0.0010991744929049092,0.989797452039442,26.041977799591574,11.64264084785691,0.114496205616795,0.11271812671298535,58
26700000,ar1,zero_shot,CAMELS-BR,0.9962134618670636,0.9487964392668398,34.15955944731005,20.675497242387177,-0.12050200767241911,0.00015209669044879016,0.9487965945501876,104.64389843455365,128.18812934144762,0.10067411894007132,0.09787292416437876,30
26710000,ar1,zero_shot,CAMELS-BR,0.996892570134614,0.9852520059023393,4.450989465498646,2.143715337182889,-0.7268901083938988,6.433320993226577e-05,0.9853156633806871,10.171834827141343,0.41634910819345644,0.3039565656986248,0.2896563225572372,136
26711000,ar1,zero_shot,CAMELS-BR,0.9895783114439477,0.9914241634493506,14.4178572722101,3.656195579367471,-0.6451147597330867,-0.003017060048904674,0.9931599920623613,2.1872126326803176,2.639089192369452,0.16888142664177497,0.16971662706118534,184
26720000,ar1,zero_shot,CAMELS-BR,0.9675226893452183,0.9295440200761811,13.009747594876886,4.0727591400218435,-0.6236468788813255,-0.011288793582279286,0.9300363689438764,53.895727594614826,96.41504598848525,0.39920421107544707,0.3544291265778868,136
26721000,ar1,zero_shot,CAMELS-BR,0.9965015208062237,0.9850119176350749,7.39525544435141,3.8364578257767685,1.0630215649945052,-0.0005672516363103425,0.985084839460773,14.332512850140098,16.040863000364524,0.2681146329003981,0.26417439938414955,188
26730000,ar1,zero_shot,CAMELS-BR,0.9972819797792727,0.991234635544185,3.4671435001450903,1.7438435440649358,0.42905119555246823,-0.00027078198220660543,0.9913106195046486,8.164062226345544,12.190883732438412,0.2859454970948367,0.2927011710307981,155
26750000,ar1,zero_shot,CAMELS-BR,0.9949005126788595,0.9957539822167986,7.844577833643598,4.43249039069845,-0.3058937938104791,-0.00029204183316824256,0.9965643296595361,8.480509844038442,1.5926014659841192,0.265836557749239,0.26344094823576375,188
26790000,ar1,zero_shot,CAMELS-BR,0.9769185456674441,0.9651370786092749,4.250478282606716,2.2854352744259447,-1.1804094548657027,-0.016789591170661547,0.9667950174099147,9.425277658263017,8.802850557578427,0.3840355404530667,0.4005289609789201,130
26792000,ar1,zero_shot,CAMELS-BR,0.9943178078336952,0.9857526453321943,2.4450131221642133,1.0894187082414957,1.0622997311197655,-0.006903509410339806,0.9860183960256405,3.9109181355598492,3.7403983631733273,0.2305871930201779,0.22204223598517359,188
26795100,ar1,zero_shot,CAMELS-BR,0.9787426584514705,0.9816345063386411,2.0881602387191927,0.8595579794413346,1.3461204487515999,0.0047781287147285745,0.9848694405880237,1.8792124806538635,2.8356922578375556,0.2106047972314998,0.2103883629154921,136
26795700,ar1,zero_shot,CAMELS-BR,0.9962087488452457,0.9855959160655923,35.70524868799015,12.210409143033695,1.0271012943386053,-0.01986879472478749,0.9857039711332313,122.23334569579453,101.88778362457283,0.3983819449282235,0.40700575592160526,188
26796000,ar1,zero_shot,CAMELS-BR,0.9951811040045311,0.9887784417092682,4.446932462101359,1.878765214438422,0.288589751583143,-0.003157765927534445,0.9889594285732495,13.30623280951345,26.182926561007456,0.18389811956044907,0.19324491517877007,188
26798000,ar1,zero_shot,CAMELS-BR,0.9994447629520122,0.9899252880051016,3.5840597734432187,2.055359018770804,0.6858103748696354,0.00523538013923705,0.989927328200158,3.586378816088098,4.3502617794876945,0.13683147161425915,0.13661664231870826,127
26798100,ar1,zero_shot,CAMELS-BR,0.9995802800636923,0.9888702971263328,3.020264508775984,1.666957351006473,0.9415290396415297,0.0022408049414032183,0.9888704536238406,2.030811678062381,0.3897780206595485,0.09372130119640365,0.09145448701152627,44
26799000,ar1,zero_shot,CAMELS-BR,0.99793514962209,0.9966139595861854,11.418126966324328,4.546175129669199,0.2652098550066996,-0.0074619321635542996,0.996751648694726,3.5289990148669648,1.9560601755674116,0.14054768737477485,0.1321922889879951,188
26800000,ar1,zero_shot,CAMELS-BR,0.9976141886328518,0.9913887937824405,18.427293042629504,9.473289890022139,0.6339695943430154,-0.0010496431914829157,0.991462472406666,28.54266090445104,5.4748823932229405,0.23085011354295812,0.2307068414418077,162
27100000,ar1,zero_shot,CAMELS-BR,0.9964275173575248,0.9856023728934854,2.4871234906493362,1.772991024513916,-1.3829241357002549,0.0017435078133666883,0.9856048868617149,1.8617545655594654,1.8617545655594654,0.1640799642332503,0.16976504947299212,20
27110000,ar1,zero_shot,CAMELS-BR,0.998867464437854,0.9960978188458521,2.8531897148338774,1.9936459575557,-0.1742977443784094,-0.003051796783623259,0.9961293241604995,1.3968329709968346,0.21809886783199772,0.17154971148624112,0.17056292128659611,82
27300000,ar1,zero_shot,CAMELS-BR,0.9838292183854828,0.8683589085742529,2.8778812649220815,2.7327431074645583,12.655494477298049,-0.005673851078085913,0.8683589085742529,4.916854144979581,4.916854144979581,0.2393022537820315,0.22131784611989025,15
27300900,ar1,zero_shot,CAMELS-BR,0.9736384025402915,0.9575887945534195,7.185990254227572,5.877558151435854,-3.898296716606226,,,4.647176573071931,4.647176573071931,0.19515696477073594,0.2063598492232439,6
27370000,ar1,zero_shot,CAMELS-BR,0.7866720202589208,0.8776086943697444,1.574270751335408,0.6697629807930574,2.8820747306296175,-0.013410150378826598,0.9447553050051382,4.209162492472785,2.9061520912310708,0.49251898168825364,0.42868479170781715,188
27380000,ar1,zero_shot,CAMELS-BR,0.9946794065087265,0.9883944774103285,1.2203362899992254,0.5463620521641127,1.1109724612707277,-0.0002533675982431677,0.9885987248772595,4.0015951380660795,5.763892346841651,0.17509937404326884,0.1806851687804461,127
27500000,ar1,zero_shot,CAMELS-BR,0.9993740079840481,0.997192917809862,99.4448125156123,61.32836607050232,0.19525356599239319,-0.00028975375789171143,0.9972056056807048,138.7684849003232,88.03952849104517,0.12166948696234117,0.12256760978939012,170
27530000,ar1,zero_shot,CAMELS-BR,0.9753672079474173,0.9692545079860402,5.546050164443603,3.1119249005508856,1.4650342843680733,-0.002082223843597235,0.9714928226174009,16.000726538452415,13.983850996304346,0.3423795428908205,0.3377858270393681,188
27540000,ar1,zero_shot,CAMELS-BR,0.922986814971584,0.9443131776514824,13.310482748122823,5.7146398145461,1.6246885398020448,-0.00484938379930501,0.9597078040373533,27.481870100102164,29.320169517821657,0.5805414485034583,0.5326512510744265,170
27550000,ar1,zero_shot,CAMELS-BR,0.9376896620443602,0.9440245172507158,7.922077292507614,3.125389070380599,-0.17188686117553229,-0.0009623739240332344,0.9532942609861303,27.195794065507283,53.178732444973384,0.428970135373623,0.3899194580781119,161
27660000,ar1,zero_shot,CAMELS-BR,0.9893351297845463,0.9705144853604353,2.7034812114522895,1.3963264146834042,-1.8177250261322035,-0.0028573739899850487,0.9709358634285289,3.991935688072991,3.4509153039690905,0.3709044216627818,0.38619989299216656,139
28150000,ar1,zero_shot,CAMELS-BR,0.9531599297022401,0.958617769321863,6.0835719290489525,2.7167471703391897,3.023192813862387,-0.003081175788407761,0.965107408306345,24.2612378084933,27.797859610698307,0.45185265502977584,0.41920399322888896,116
28200000,ar1,zero_shot,CAMELS-BR,0.9507873167118148,0.9564712259969131,5.035018069618861,2.8974285378215177,-0.05197693341192381,-0.00045316022377106177,0.9641220885920643,13.602942352746018,1.4957564542608404,0.30524027572135826,0.2747030412016373,178
28240000,ar1,zero_shot,CAMELS-BR,0.9604106702733985,0.9701530205445591,16.380211834144493,6.647161694733417,1.0071027249289841,-0.001102191920436077,0.9776720325644579,62.3635368511057,112.57070468616325,0.23228146007473216,0.2290374711739048,133
28280000,ar1,zero_shot,CAMELS-BR,0.9415408395861571,0.9486307778493306,28.80853163263436,10.382670993400854,0.505991041966302,-0.0027191151082746404,0.9576463378929797,60.42254901770469,122.97542202150255,0.2871822566877531,0.2600981764883852,188
28300000,ar1,zero_shot,CAMELS-BR,0.9985118436460385,0.9975558442433226,183.0986859539853,113.8071043187215,-0.06345647221471745,0.0006069847998125336,0.9976575266379861,294.88694230699605,139.32414050313082,0.13755410123974504,0.1348908679334282,124
28318000,ar1,zero_shot,CAMELS-BR,0.9444591974396523,0.95709488142309,7.674089839844477,3.2590291545980468,-0.4500212195459396,-0.002494253338465636,0.9675772599906418,27.349010488231873,5.407797119944701,0.26160226138509907,0.24846632921587578,144
28320000,ar1,zero_shot,CAMELS-BR,0.9908526333401172,0.9415681432923451,2.0851789234672697,1.430826178880561,-1.6063443350661297,-0.002382071550811342,0.9415939142240133,3.7347561048605513,3.7347561048605513,0.20732921728739293,0.19988476820435602,10
28840000,ar1,zero_shot,CAMELS-BR,0.9960387500168925,0.9922399934912565,1.8415985795986383,0.8227480595418158,0.7050486241625156,-0.0002498516566845077,0.9924372373891572,2.2652094095462236,2.430857979972444,0.12357479773532498,0.12291056605480494,86
28850000,ar1,zero_shot,CAMELS-BR,0.9955324841958011,0.992334772680612,334.242262419798,121.66214222656679,0.7069590308530067,0.0007242116408277752,0.9926533352695082,140.43796115059646,68.71855390573249,0.12840423124630415,0.1292486148621365,158
29020000,ar1,zero_shot,CAMELS-BR,0.9435094908924849,0.9212736394263934,3.709773504422399,1.7926397590856729,-2.728375839814398,-0.010973616117704366,0.9261359915741353,10.867015248601586,19.78157568985244,0.5160693728083446,0.4696555468389632,145
29070100,ar1,zero_shot,CAMELS-BR,0.9685642461681581,0.9721665736562921,20.247300583392246,10.736794736726914,-1.676128153913279,-0.005543093936742335,0.9769677850361899,61.03840226672157,72.10258807365857,0.46330179250086606,0.493153112423404,188
29080000,ar1,zero_shot,CAMELS-BR,0.9828557143106106,0.9722518459446546,18.673798302628743,12.13594616698581,-0.5267373607410059,-0.0005795374627212205,0.9732939607244913,46.45377510325002,29.086418127843558,0.324703132712017,0.30840609857205703,85
29100000,ar1,zero_shot,CAMELS-BR,0.9915247929767723,0.9853503132733336,61.48433645013373,36.617350855366894,1.0929779126795576,0.0010997913169449175,0.9859202612219974,82.02199490910765,25.809165471597165,0.27374259980055554,0.27242465417418305,174
29680080,ar1,zero_shot,CAMELS-BR,0.9617985705989581,0.9687335198217817,1259.791736548168,848.7811556721891,-2.4086192554510135,-0.0006030421864280516,0.9746316178977119,1023.717075604987,1795.053287348416,0.1470381108844758,0.1589028473754828,188
29690000,ar1,zero_shot,CAMELS-BR,0.9959955961307319,0.9827232577315583,151.94266553498468,89.63031319226697,0.34677683130241055,3.3394265951454394e-05,0.9828118673983312,313.52954586156454,433.7272596530165,0.1020565193060996,0.10413497048435744,32
29700000,ar1,zero_shot,CAMELS-BR,0.9678659526818849,0.9584635967624265,1214.894020551349,857.6353452726755,-2.6009549311586433,0.000593399560859461,0.9609492441873145,1244.1641262026653,1476.7783395936642,0.1424315893435392,0.1457037898239401,180
30050000,ar1,zero_shot,CAMELS-BR,0.9605079047141228,0.968107743377982,100.87411230659971,66.05343182481388,-0.9451989118328368,-0.0007082270508606998,0.9749387167256995,226.88168499844122,63.17243952531628,0.23915654560596042,0.24161199911761208,121
30055000,ar1,zero_shot,CAMELS-BR,0.9329316443048116,0.9177083237663903,48.96926602655148,30.038020937462335,-2.090338685556473,-0.003278149178350051,0.924577276658292,104.04700683356802,93.09681177150505,0.31608250933835474,0.2872425122241412,188
30058000,ar1,zero_shot,CAMELS-BR,0.8819788138686947,0.8110420990922677,16.33140917440553,9.115540725690044,-3.801359789046692,-0.00667397395180995,0.8178998314358608,54.11751109576504,74.66751633617459,0.45084571440079574,0.3506475943869177,175
30060000,ar1,zero_shot,CAMELS-BR,0.9725693433209026,0.9729279797531153,30.473690356746182,21.746459824392524,1.9811305567284705,0.0007746703547150853,0.9757235863760836,33.09547939077732,45.12328701464605,0.32559274652782916,0.27766959961973964,25
30070000,ar1,zero_shot,CAMELS-BR,0.9355790856196416,0.9103665848985053,6.261150311937134,2.7695437636334845,-0.9004827616992663,0.0009088773260208585,0.9156777155010347,20.05865162946333,26.725379179545776,0.2735976717645124,0.2394492337841865,172
30075000,ar1,zero_shot,CAMELS-BR,0.9592761813856748,0.9734836561878124,20.72371588155809,10.10094011012934,-0.8575660114427672,0.00022399439452607667,0.9831542079281899,12.902121419992138,19.564764708897332,0.2361366315591464,0.2220071795248678,153
30080000,ar1,zero_shot,CAMELS-BR,0.9873568636800745,0.989529134197472,35.194599291439225,21.762533348606137,-0.4700618672497364,0.0033872354806231512,0.9915404983679539,51.86631400229095,49.0404156818157,0.24207663165819424,0.23314207102690288,185
30100000,ar1,zero_shot,CAMELS-BR,0.9823968796855537,0.9726451562946478,17.48397698450453,11.093475685620279,1.6129061373148432,-0.001362841307794016,0.9736743166504376,44.25705092487442,40.590421672535264,0.2988684250219577,0.2952948971120476,97
30200000,ar1,zero_shot,CAMELS-BR,0.9707244747938117,0.9817962909390161,45.18102340587247,28.609401169728677,1.086622474080929,-7.91858082616545e-05,0.9888577449330658,82.58466119856868,61.59622240399074,0.3523993136247096,0.31044723920835776,90
30300000,ar1,zero_shot,CAMELS-BR,0.9836296695667942,0.9910924820413636,35.541659046782456,24.50922913007358,0.2193740429191898,-0.0007784822889272715,0.9963304459529593,36.51085407008043,11.975640049590643,0.17964552037890852,0.18073738105152273,170
30400000,ar1,zero_shot,CAMELS-BR,0.9893144502057931,0.9911282061401296,82.04824658733617,44.046259177203865,-0.10447582853128755,0.0012220245280779203,0.9928960742263832,138.499607934447,67.73075942777065,0.19322600373688426,0.18636254062851138,188
30511000,ar1,zero_shot,CAMELS-BR,0.9803204342334735,0.9882320763117071,111.68031733228482,76.52323467255485,-0.41060563056039556,0.0026206302906659276,0.9932796686147398,175.24065956466225,110.50735983127332,0.1743320369252761,0.15617646638112032,185
31020000,ar1,zero_shot,CAMELS-BR,0.9988795902808721,0.9923741374371333,3.7872155300195653,2.2067101500766215,0.23425230918220005,0.0010854149245352537,0.9923832072893651,10.266219922614448,2.5075848667244145,0.11740334038498249,0.11982545396927395,98
31490000,ar1,zero_shot,CAMELS-BR,0.9937911422383717,0.9923838614456996,6.680685890131409,4.754306225469087,-0.00015162285974123273,0.0005631126651583288,0.9930158443465452,8.518956073583492,9.154734070029514,0.17128221267035054,0.17003114150503862,184
31500000,ar1,zero_shot,CAMELS-BR,0.9852620086601794,0.9909478266869247,10.304536496995988,5.093414773194553,-0.35644456356967014,-6.259585600184442e-05,0.994613322754635,14.903752447227909,1.7101477837621077,0.17416503317249696,0.16950027912482643,188
31520000,ar1,zero_shot,CAMELS-BR,0.9885059311542698,0.9864212096033883,14.502903307058979,8.515391055303803,0.5661527138681645,-0.0002066621144840436,0.987470085818525,34.831530403479,61.833584506196075,0.18120883030949092,0.18219340919433663,167
31600000,ar1,zero_shot,CAMELS-BR,0.5753332535025251,0.6640132446109919,0.5647195835665776,0.26210215148868465,-3.98227186984849,-0.003326691235483294,0.7620735416657826,1.8824562457956266,3.606702847740427,0.3227149241959513,0.26370697503973056,188
31650000,ar1,zero_shot,CAMELS-BR,0.9982191200322388,0.9978713810823276,11.877155683780886,7.739799984889206,-0.0820393520583041,-0.00029269347363133913,0.9980493461302533,11.372335067473434,8.60358595723912,0.09168434313524922,0.09261052822653965,188
31680000,ar1,zero_shot,CAMELS-BR,0.9978518122574291,0.994126068681467,11.458225005393608,7.325367849915575,-0.019736983219399977,0.0001971108681296553,0.9942142007476673,12.695090031312445,11.76197736105653,0.07703023768029207,0.0789029771034416,185
31700000,ar1,zero_shot,CAMELS-BR,0.9975661789932251,0.9921146399369677,14.21752555393862,8.383837726308155,0.15429392290698787,-9.547753716255061e-05,0.9921989005052942,17.598091517564235,18.61874329817391,0.06068011433227468,0.05997803654269913,188
31850000,ar1,zero_shot,CAMELS-BR,0.9829942275974695,0.9744439159654069,0.06876524625255684,0.03836793133726893,-0.41269305252736305,-6.48535121355355e-06,0.9756486483197708,0.04873136095758046,0.011240383257274278,0.06947038171360276,0.07096072619237742,73
32300000,ar1,zero_shot,CAMELS-BR,0.9359932535830976,0.9469571353404105,0.5096560473958023,0.2876166901192655,0.21796643913678965,-0.0007419786448063688,0.9579983869853085,1.3553987702078318,2.5313959466194227,0.17763517613906066,0.17691856459411343,188
32320000,ar1,zero_shot,CAMELS-BR,0.9741797310489779,0.9856170461897287,1.8028626417662985,1.0810833910819346,-0.18819511521738497,-0.002153565368566788,0.9936834276405332,4.922318053568856,1.3748186036409846,0.23129879168518416,0.2262285671354377,149
32350000,ar1,zero_shot,CAMELS-BR,0.9469248904895848,0.9142467754490069,8.303390638953791,4.177512739610881,-2.1092941291037914,-0.0009096256787805707,0.9178147007391008,29.958959492060142,47.21515487311329,0.2653445396258362,0.2350431959947393,175
32400000,ar1,zero_shot,CAMELS-BR,0.9320230451738357,0.9434574320028392,20.505410873766007,9.704186769138074,-2.490751814902794,-0.004408060641374459,0.9550558607961881,58.290045135208736,101.54687595721006,0.4280282054121903,0.4228012102389141,156
32450000,ar1,zero_shot,CAMELS-BR,0.9639056755766742,0.9762583904656037,14.50337135106202,8.37767967166757,1.2949514206916655,-0.0031583082468815762,0.9845437526379731,15.151181470951686,16.7605415747256,0.4366166587402918,0.43348313234595753,188
32450002,ar1,zero_shot,CAMELS-BR,0.9692833622187127,0.9610324777531501,19.856695158789996,11.613189890194262,-1.1166490267614122,-0.004524945284817838,0.9641148081691213,36.05066758407552,5.29021051482695,0.4253129579733118,0.3874903555421465,183
32540000,ar1,zero_shot,CAMELS-BR,0.9952489089112028,0.9935420667594592,4.958081870907075,2.778363538199527,0.16457122097726692,0.00046346733905013905,0.9939442594227934,9.97664156145941,4.974027107977245,0.08617749971448264,0.08776434944312883,188
32550000,ar1,zero_shot,CAMELS-BR,0.9941218357769176,0.9940824118087909,5.762600174903857,3.3462454343896324,0.12930907411514794,-0.001002920570778415,0.9947479797121621,15.082377042464786,19.630959536074286,0.14646853393572262,0.14751698892772028,168
32580000,ar1,zero_shot,CAMELS-BR,0.9923163032601822,0.9573582889534793,3.5740412090079037,2.3994159689347496,-0.23928491261935814,-0.0010495613011705495,0.9574268238657022,8.942207496689846,11.745193850831924,0.09963194385003851,0.10253919428992361,28
32600000,ar1,zero_shot,CAMELS-BR,0.9931083577566907,0.9656340769433118,34.1780812028125,27.58214784459908,-2.8225505264089907,-0.0010565875859445129,0.9656461636663326,32.0223745142257,32.0223745142257,0.25009761618051285,0.27262954475393264,17
32620000,ar1,zero_shot,CAMELS-BR,0.9940726058074405,0.9948340041209115,42.10689373865909,27.462215042077403,0.03423480192647197,-0.00023891634298796663,0.9957477853647103,51.920555139721834,26.293731558367604,0.16125858911342844,0.1664631989031906,188
32740000,ar1,zero_shot,CAMELS-BR,0.9316299362180139,0.9626768415211067,26.42354468104513,12.692026993745483,1.206197909457137,-0.007339655615912377,0.9839324584900239,85.43338577688743,28.048940065923713,0.4830717022040402,0.5284815272231072,185
32830000,ar1,zero_shot,CAMELS-BR,0.9926849094989504,0.9954365167300993,9.28848491695249,4.554450486880853,-0.24747801623328428,0.0030524527267921306,0.9971937180844677,7.301957666231366,10.614654849038788,0.2524663267517497,0.2649010978133106,179
32850000,ar1,zero_shot,CAMELS-BR,0.8294972061630775,0.8846999318300153,13.734056300506747,6.80693387384091,4.912287755001916,-0.010844438564658929,0.9247178511888359,41.50702012734192,84.12622101439007,0.6699042787063048,0.6270345921306806,184
33025000,ar1,zero_shot,CAMELS-BR,0.9758562283815259,0.9798232555350103,3.2344394027118275,1.3390679291938137,0.20285423896629803,0.0006333371188496292,0.9837481544635998,10.809660175709801,20.040667604071395,0.14932692051215876,0.14518492208003975,172
33070000,ar1,zero_shot,CAMELS-BR,0.967011492106118,0.9708396887893854,5.496443858253975,1.7074016427692185,-0.750663635624431,-0.000949252519855049,0.9759342577827573,11.00947474781587,16.164650609465024,0.11193952939927224,0.11424785342943071,179
33075000,ar1,zero_shot,CAMELS-BR,0.9734383250391639,0.9631363910044085,0.9650341605648651,0.3185494139923688,-0.8144762526902096,-0.00034386213407667024,0.9655087660813628,2.6365578779299095,1.4661884007027652,0.13971213459982565,0.13837116569058827,184
33080000,ar1,zero_shot,CAMELS-BR,0.9894547265213919,0.9861266431578269,13.69990772866058,6.961961804788799,-0.5627137708127234,-0.00020327688490859655,0.9871416168321264,18.094640474984324,9.378074039924684,0.1995423768002443,0.19663333066778937,184
33170000,ar1,zero_shot,CAMELS-BR,0.8910932138346832,0.9265764722618683,14.71489891603158,5.73416778045317,2.9526682129394692,-0.005147785022993033,0.9514928850467859,56.10036845035807,94.4347709232832,0.5713924427176216,0.46260163289041495,187
33190000,ar1,zero_shot,CAMELS-BR,0.9975276365239378,0.9942757332770203,14.391074338434425,8.667534303489289,0.29912807357099847,0.0005194518285696371,0.9943769702797548,32.10402856057624,52.658024095178746,0.1605204179304168,0.16161540134514982,185
33205000,ar1,zero_shot,CAMELS-BR,0.919208497763254,0.8997154426534137,6.629936280230366,2.5385647102436284,2.2673493833971636,-0.0015677832393653814,0.9037028906570771,25.905047064245252,45.62489872197587,0.24408398488664956,0.24777312739963347,188
33212000,ar1,zero_shot,CAMELS-BR,0.94748517097403,0.9409904567695841,0.07005375933272491,0.03405586620861387,0.1973519229023219,-8.297467918042326e-05,0.9469357271300745,0.188223136093969,0.20664588870658676,0.09306260575296109,0.08956963035822439,188
33214000,ar1,zero_shot,CAMELS-BR,0.9690190212662825,0.9350506403292835,0.12277051699862981,0.0432084897864594,0.47816013397176227,0.00024880660626853783,0.9360543813153401,0.4494341762284796,0.9637368952264345,0.059603119614844824,0.06429002066979811,188
33215000,ar1,zero_shot,CAMELS-BR,0.9197420478096597,0.9271492497761692,1.7360865115423467,0.38040381346983787,-0.5237718073596793,-0.00016019504282543083,0.9395065871102232,7.557991559722199,14.87327689437156,0.07885874416880922,0.07298529345634153,160
33220000,ar1,zero_shot,CAMELS-BR,0.9533655529108882,0.952860120163736,1.1540054080346054,0.6329087720187232,0.3855305266345005,-0.0001316190637556617,0.9578454290928915,2.6474555434921028,2.059386541838884,0.07635955765085264,0.08139472279733447,188
33222000,ar1,zero_shot,CAMELS-BR,0.9094087202986761,0.9343793633415679,0.2698814135404599,0.12190534663037181,-0.426299446887839,0.00034780357593021394,0.9528677172691415,0.8767421793070027,0.26779205147466667,0.11329501915708812,0.10863172042324946,188
33250000,ar1,zero_shot,CAMELS-BR,0.9561071920091613,0.9760886430579491,6.301506001072166,3.0235160797640197,0.9257408099201633,-0.0003928822506714504,0.989097494958529,19.533078373481118,8.799919377481524,0.18633972195198387,0.190616208997083,188
33260000,ar1,zero_shot,CAMELS-BR,0.9741349860573284,0.9663730534679247,5.3137204166569605,2.6692650556215485,-0.11281738479146874,-0.0006015359782165237,0.9687864899913791,13.021148306062098,11.88922773978689,0.18110676715596372,0.1646223399689199,184
33270000,ar1,zero_shot,CAMELS-BR,,,0.10526131354499323,0.06287218462149376,,,,0.10526131354499323,0.10526131354499323,,0.08668377618845284,57
33273000,ar1,zero_shot,CAMELS-BR,0.8931722662565509,0.9080075556252742,4.229018797148336,1.987389062499375,-0.37634497717086746,-0.0008665179337947193,0.9259981334624949,12.214593553964265,5.423356166330066,0.24601101818259827,0.21323080363074312,184
33280000,ar1,zero_shot,CAMELS-BR,0.9859828130663042,0.9850688764240012,5.620204398807541,2.7075767009489753,-0.42008025973859303,0.00025779900347719115,0.9866191462896889,11.86642242284627,16.38076691624478,0.14264908378349753,0.14307876363932487,184
33281000,ar1,zero_shot,CAMELS-BR,0.9697850186242665,0.9773027213806545,16.199817726689957,6.795774103930421,0.02088424875747495,0.0007126871714985238,0.9826144544005129,20.437799270576708,29.11557720568867,0.24705400171957434,0.2580103695006243,180
33286000,ar1,zero_shot,CAMELS-BR,0.9937988284372645,0.9744056836711168,8.547471696690542,4.308181932579851,0.7422030222369701,0.000957023634362968,0.9745186211793624,19.28394762562215,37.5275241236409,0.20945326460515232,0.2152204102030306,184
33290000,ar1,zero_shot,CAMELS-BR,0.9961683531742432,0.9945662690643919,7.336142336759694,3.646245318988538,-0.290354615186837,0.0007163226683638245,0.9948913236020636,7.802025088167343,5.768752616988286,0.17832347054229136,0.17720649922998355,184
33320000,ar1,zero_shot,CAMELS-BR,0.633161055731442,0.6519145840219647,22.987212224131277,8.35795807464064,17.616350189263933,-0.007633673367249134,0.6681543019074767,89.06538651714756,52.14140033424361,0.5246044861655295,0.5640622435244699,171
33321000,ar1,zero_shot,CAMELS-BR,0.8395749193336208,0.9029468781084427,17.24300426995945,7.327348602980303,4.81773376226972,-0.00972417111278601,0.945622287673694,63.82442737385781,66.15375568517011,0.5750376929142228,0.5386126556569771,184
33330000,ar1,zero_shot,CAMELS-BR,0.9406319185247451,0.9635221449144452,8.632271334492891,2.9624512668660317,-1.1098416714422836,-0.0036082811952310653,0.9781372995903712,30.37959080005513,20.29692691782019,0.6120363938452136,0.6466167166647252,182
33333000,ar1,zero_shot,CAMELS-BR,0.9826680695368919,0.9820314017901361,5.322545308599783,2.1853646073579216,0.28970557058738916,-0.0013664814238594364,0.9829563622028944,19.86886912965787,40.08732978948787,0.32631453199110944,0.3220082366955426,182
33340000,ar1,zero_shot,CAMELS-BR,0.959059449001491,0.9785801523529734,2.2614571348404477,1.1269681410428583,-0.09130593395174168,-0.00041046125254343493,0.9928847964157308,5.179288457741654,2.8939126665226484,0.375522221376177,0.4208682985786751,188
33360000,ar1,zero_shot,CAMELS-BR,0.9718059841315884,0.8833309695756842,10.425748359477032,3.338486763285195,3.565583530010582,0.0001381093569906705,0.8833884750570761,42.94687071980896,89.13200007386885,0.2872787633241911,0.31434476633527525,184
33380000,ar1,zero_shot,CAMELS-BR,0.9806526277447103,0.9859454801803189,27.631059617274175,9.821999784063335,-0.5179913535488048,-0.0047129784197891544,0.9896463431270319,30.47922456451628,23.905347995064815,0.261731346136165,0.27287566501480626,183
33410000,ar1,zero_shot,CAMELS-BR,0.985296503903426,0.9745865969243119,0.771619186030561,0.3910377641755253,0.4702944155785787,-0.0005018965447880237,0.9752788661642541,2.8616111457777507,3.3252567148245125,0.11930767365512691,0.11743780344328981,184
33420000,ar1,zero_shot,CAMELS-BR,0.9758613715905303,0.9739410699098033,1.5427463993277737,0.5976115426711196,-0.7846643680463385,-7.4725816621643015e-06,0.9763113938035096,5.745932144151837,5.30957660387265,0.13467212305923376,0.1252316523610362,179
33430000,ar1,zero_shot,CAMELS-BR,0.9570730519051522,0.967316953771288,0.6221444357334968,0.3208217478644707,-0.17069429639888883,-3.778305812841788e-05,0.9750537139535974,1.8307431957109297,1.7727171101430936,0.04089710386906585,0.03944535692214998,174
33450000,ar1,zero_shot,CAMELS-BR,0.943580554785274,0.8783393475088775,1.167279647785687,0.30739961360349916,-0.3927739215580689,0.0001246715027030578,0.8788518865488741,4.817704747887454,10.686726962580897,0.050378911581170076,0.04372579595706757,188
33460000,ar1,zero_shot,CAMELS-BR,0.9942229337462285,0.964347011497694,0.8340473033347897,0.37940242771777816,0.5522061093316196,0.00015941231139020816,0.9643843931330782,3.18531626908494,5.39720262244176,0.09709456295508113,0.09953572170333999,180
33480000,ar1,zero_shot,CAMELS-BR,0.9883300369019583,0.9747187857824395,2.3379253829213344,1.0940766788862453,0.6430590086230694,-2.1294182638466677e-05,0.9752218210862994,6.341715212197603,9.254582079682438,0.11547114763244165,0.1194028036465321,182
33490000,ar1,zero_shot,CAMELS-BR,0.9863909919116649,0.891701728696043,1.9948421925362279,0.5934931599457183,6.044750056252563,-0.006068255662319298,0.8917081842598382,8.506140088336798,14.569305743480854,0.43858013559170733,0.45375416047674844,154
33520000,ar1,zero_shot,CAMELS-BR,0.8804100086453991,0.8890763070941844,8.390003253756554,2.197394876640233,5.35310133225299,-0.0021579210515461945,0.9010675126128277,35.21386831739726,19.26742848700519,0.6497815844374247,0.6048332027938512,179
33530000,ar1,zero_shot,CAMELS-BR,0.9680946689480368,0.9757598922018533,8.392307295483,2.494258774247032,-0.4726424993701384,-4.3411234107058536e-05,0.981743698078653,32.00637099665155,62.96195641658566,0.16187775322636522,0.15986280553258336,180
33550000,ar1,zero_shot,CAMELS-BR,0.929842405111496,0.9622784934034413,16.59280415261012,6.7411444228351085,0.9589316528709928,-0.0011460120965562579,0.9844051806112505,48.84698353750698,33.34520016889498,0.22868941365922896,0.21123150486042347,166
33590000,ar1,zero_shot,CAMELS-BR,0.8946309817759287,0.9098455604786018,45.175357218390666,17.02324101492841,-0.3451266525630343,-0.00080056352260581,0.9276500341307012,161.19715883859382,154.40703006337125,0.3222525283517551,0.3308210009247198,181
33620000,ar1,zero_shot,CAMELS-BR,0.9662843205368329,0.9493762124020997,13.772277251815051,5.450815364422756,0.1948489408517546,-0.0075769979883619845,0.9520826805573928,35.4728464681519,58.94033895771601,0.42017480268194785,0.37947405052632344,177
33630000,ar1,zero_shot,CAMELS-BR,0.9471764522386097,0.9699074037166509,55.99244325906002,24.960613421613775,0.8420558880965817,-0.004546669416044841,0.9841998881388818,146.22824979348073,145.29541012670006,0.3712804030095139,0.3462161485160131,177
33631000,ar1,zero_shot,CAMELS-BR,0.9829224881031982,0.9633487341560901,1.6581661361437825,0.6969315045642696,2.639953930966664,,0.9641655418210727,3.7170184409922595,2.2156950744589383,0.48743337232038425,0.5134446062742917,188
33638000,ar1,zero_shot,CAMELS-BR,0.9536396588994602,0.9733912234465557,3.093499285668699,1.16327073217887,0.346541966236907,,0.9813784073518846,12.186184892838423,9.200439398628346,0.8115073900670156,0.7749181544266873,188
33640000,ar1,zero_shot,CAMELS-BR,0.9245589871481603,0.9455347441762021,4.950166532846496,1.7133789480596995,2.9598844690894492,-0.056349288437111573,0.959029568189682,19.11690505628572,14.64689087606338,0.7821803828549192,0.7983385740318335,188
33660000,ar1,zero_shot,CAMELS-BR,0.9921999254279825,0.9760807564730525,9.052408436818922,3.751419426896549,0.5060539597632077,-0.0016537403116393332,0.9762614822853711,27.646107987881695,36.34086179720611,0.35350019178440406,0.33703281962109494,188
33661000,ar1,zero_shot,CAMELS-BR,0.9913075001571313,0.9874715772691927,9.742958665097799,4.775994362135504,1.123620185585731,-0.012822318444339634,0.9882076314987879,18.750390134416193,23.47752695809376,0.3777484400578508,0.37652393223592917,184
33680000,ar1,zero_shot,CAMELS-BR,0.9849693693747371,0.9554203076181276,44.45247079306821,20.862588596272868,2.5648103020331567,-0.0010366983441263342,0.9558684375083514,139.5340614742584,161.5039885213633,0.31939926248061795,0.30774583775514686,182
33700000,ar1,zero_shot,CAMELS-BR,0.9963637781209019,0.9843437734017799,0.5665428237691492,0.34513527087763196,0.3675663699603085,0.00027894953158503,0.9844146006667216,1.6114525108300977,0.7931485157047476,0.08224288828115693,0.08171020929967722,184
33720000,ar1,zero_shot,CAMELS-BR,0.8999745667832711,0.896487313240557,2.155243905640966,0.8946631257682618,4.122163198066949,-0.008011404076736728,0.9046215060179127,6.016868066302199,8.057985774840157,0.5093740404699835,0.5692219563840435,184
33730000,ar1,zero_shot,CAMELS-BR,0.9773943177146507,0.9710331010011746,11.659615796216485,4.725519028360869,-1.7062521111018654,-0.0014118517404895017,0.9732604058935079,36.048628216395606,38.877700604888005,0.3837112655888401,0.36825321770978575,183
33750000,ar1,zero_shot,CAMELS-BR,0.9821188012981621,0.9861919488939153,1.9349245580478356,0.7747348406390194,0.19665886043161698,-0.0004685390368129351,0.9894434755993538,7.391435225445104,14.473354916100051,0.16726547986018092,0.16745711864963536,180
33760000,ar1,zero_shot,CAMELS-BR,0.9766982524590758,0.9786768079592372,5.8605481248075035,2.1421521000755366,0.07839768060260092,-0.0010244172842792942,0.9818453249062481,14.915600279693228,2.2656994185862693,0.20157778815991456,0.20758681905424964,179
33770000,ar1,zero_shot,CAMELS-BR,0.9951820249671876,0.985677874606326,4.078679517590211,1.880290882099979,1.2845835286211735,-0.009866053142319073,0.9858561652269687,8.488118166214894,7.2493983186985105,0.3092992538509999,0.3089394928147801,183
33780000,ar1,zero_shot,CAMELS-BR,0.9890910802849197,0.9644016207547382,25.689058143032128,10.782996479946567,1.6339255468230371,0.0008340976323480166,0.9647006038808867,57.71348107466458,49.66606405228893,0.3089022774772132,0.30314413795621936,179
33790000,ar1,zero_shot,CAMELS-BR,0.972283740279918,0.942623634972916,1.0411638092118858,0.3900333622900672,-1.8919434741241816,-0.0017401152020368495,0.9439743566073155,3.717801944556214,2.91021407823781,0.2810738012201373,0.2433072882596408,188
34010000,ar1,zero_shot,CAMELS-BR,0.9022685162825929,0.8811322138356914,11.517852719092792,5.866392725070793,-0.225939045440284,-0.0005360268390726657,0.8912056346045056,33.301958813868424,38.34361860885597,0.1706230085925606,0.14063197167543096,184
34020000,ar1,zero_shot,CAMELS-BR,0.7065698440794617,0.8373110398510453,19.15579612090059,7.0772388057037094,1.6084123575893676,0.00014154125225718933,0.8777570763794152,76.87042253772245,146.56023950707043,0.18099270987810512,0.16217833579266755,184
34030000,ar1,zero_shot,CAMELS-BR,0.8785820538804162,0.9138104970441635,5.366126752232613,2.507902417825861,0.6105719217639163,-0.00168273455496077,0.9398818279622332,16.445975417392795,17.599641302501286,0.2640498396347689,0.23660579366629897,184
34040000,ar1,zero_shot,CAMELS-BR,0.9147070892778973,0.9572306754033587,23.52743126305313,11.740261574371317,-0.20380822970734627,-0.00047413961795193804,0.9853907918312398,69.63373276928748,78.47971603264978,0.17497356733202035,0.15767340669726135,188
34040500,ar1,zero_shot,CAMELS-BR,0.9116398427728466,0.9055142708906418,19.139604960143295,9.63945180722073,0.4493448803622635,0.0002472617118746828,0.9160703527822799,66.0016365372462,70.24022886894801,0.1622302299063174,0.1397665076537542,184
34060000,ar1,zero_shot,CAMELS-BR,0.863494924858301,0.8835431483053813,26.43558923629128,11.973665297877734,-0.511986117925466,0.0001373252189046676,0.9070329193206887,96.5464025516314,173.10851032413498,0.15618343317558483,0.13258851087215368,188
34070000,ar1,zero_shot,CAMELS-BR,0.9365003341161253,0.9657573433005326,18.288526623889418,9.640087118566004,0.6068352339909384,-0.0004121141941999997,0.9829585415544729,54.128762211881075,93.87493744809734,0.13112379545847738,0.1386661153187745,188
34080000,ar1,zero_shot,CAMELS-BR,0.9030102948819326,0.8910272863703712,1.1463896789752723,0.3004422616409176,-0.5349945324438767,-3.793097425414983e-05,0.8998536932461144,4.747992988015471,10.264782664513014,0.07807001239511627,0.06575372496119217,184
34090000,ar1,zero_shot,CAMELS-BR,0.9852197471206582,0.9660135666901292,1.4824356688212061,0.7827975218497261,0.19181994735825528,-0.00020313895005369224,0.9666514269202892,4.356108611514222,7.665720444258159,0.0957801544458276,0.0949211586052551,184
34130000,ar1,zero_shot,CAMELS-BR,0.9276455280235564,0.958608599788586,11.615290681392034,5.4683711397226205,0.8626659683604218,-0.00045829743493711224,0.9729454282175597,44.581431282584774,60.427403555244425,0.15722075541294958,0.15678161025884155,184
34140000,ar1,zero_shot,CAMELS-BR,0.9602129755751675,0.9568847532064075,4.36217314551439,1.9392050914575052,1.0698254649112124,-0.0002492385039305628,0.9613755907609676,11.85382201954095,18.23562802963933,0.5002408803645559,0.47039867720257444,184
34142000,ar1,zero_shot,CAMELS-BR,0.9145222070263465,0.8657636361053809,3.4576642964428324,1.2000300073704233,1.2163118922833063,8.873133987528925e-06,0.8711202520529339,12.525292434094062,15.070376703172958,0.5411406458161517,0.46900960678059933,188
34145000,ar1,zero_shot,CAMELS-BR,0.42675806911341185,0.4815635264525219,14.550314522417953,2.9378808699603924,4.139381329466045,-0.0008781245712906251,0.4849622164338361,61.663119998634485,130.57624608833092,0.3524738186176554,0.4243574532500701,184
34160000,ar1,zero_shot,CAMELS-BR,0.9617904321263059,0.9651094622347971,24.878325311574798,11.39501307592767,0.6939917153518845,-0.0013137773517709651,0.9700368133937755,82.38023397164457,61.374804044821516,0.24831399876454574,0.2484181503935767,184
34170000,ar1,zero_shot,CAMELS-BR,0.9684394234840055,0.9831089497193908,25.666457990912235,11.426238417655446,-0.20649547140764965,-0.0008405124984024615,0.9921015596722087,80.55911033646188,90.20121491526753,0.25128135136822544,0.24618168193902595,184
34218080,ar1,zero_shot,CAMELS-BR,0.8172244765634329,0.8310064052684976,61.837655864425784,38.36619686826409,3.540371786729992,0.0008013565084275445,0.8570136897900398,82.42600977876208,178.9254027968243,0.21854265664307887,0.18336678013763696,188
34230000,ar1,zero_shot,CAMELS-BR,0.8235627796957189,0.8234092250217528,1.6333753859451146,0.4154803359998662,-2.3525980140771443,-0.030515281217389806,0.8478618031226646,6.728347676995339,14.621166609267394,0.8300239383024132,0.7549004185645132,184
34233000,ar1,zero_shot,CAMELS-BR,0.8912610449857025,0.8855765467740919,5.2009748081001,2.1515055876814313,-2.9838639844856543,-0.01455125422866365,0.8995794046048823,16.015384728776887,4.311892789885826,0.577875863362894,0.44465464904649327,173
34243500,ar1,zero_shot,CAMELS-BR,0.8564977341041669,0.7367232582418692,0.9100927351659269,0.15026430086131218,-10.158547173918619,,0.74179450815234,3.8969730467017145,8.48268910099737,0.9416394425802312,0.7853678774359598,184
34250000,ar1,zero_shot,CAMELS-BR,0.9771238727404424,0.9834086765952724,4.354765072141091,2.255882635199621,-0.5951430887618683,-0.0010916008947340003,0.9879901395287771,2.2630829731748805,3.6351388335442403,0.32982344432915134,0.3183518760428765,188
34251000,ar1,zero_shot,CAMELS-BR,0.9963963865363256,0.9931533999589925,0.5600674960086609,0.3039389436283033,0.6078978646143821,-0.0008736598827236777,0.9933723000164038,1.0544812621049167,1.2431235771268254,0.18501335348069015,0.18405217352070866,184
34261000,ar1,zero_shot,CAMELS-BR,0.9904158907679299,0.9898923190309854,0.367750371151749,0.16689608422221652,0.3123076560182251,-0.0005843586500089183,0.9909554052807563,0.8947927062133866,1.2595944666903394,0.13215311391829196,0.13597439397549432,188
34270000,ar1,zero_shot,CAMELS-BR,0.8495078995220842,0.8125603666544851,10.847682697263734,4.60376782633569,-2.2251991791502865,-0.01593833571936449,0.8270707627791262,38.734459064805314,47.82069675545636,0.48231097032493153,0.38587530098106193,184
34310000,ar1,zero_shot,CAMELS-BR,0.951183571116264,0.9352885966435396,52.69042619630515,32.99434613907265,-0.8867872786046547,-0.0009456951079227296,0.9396360363605538,78.16749019269474,110.17704793273788,0.21889186958316137,0.2162231560434931,36
34311000,ar1,zero_shot,CAMELS-BR,0.936788538097245,0.9351479405073148,61.28294761801519,41.15058773143983,3.4701657269347734,6.903735956840379e-05,0.9424198565091959,118.21223494099519,55.760627401227616,0.2218679417296348,0.20156205641725053,184
34340000,ar1,zero_shot,CAMELS-BR,0.48268980917650706,0.39571014755464595,4.139877902500608,1.6862538531046665,6.2869663893955705,,0.4423098059682856,16.757258556771383,31.18640622829324,1.2277792542631007,0.5543916112741151,184
34410000,ar1,zero_shot,CAMELS-BR,0.8601211765348473,0.6956503942491674,2.9559417317473846,1.6002618657754453,2.665719465467322,-0.0001461687206594702,0.6959433799112827,6.775366095758399,11.615106229357814,0.053626939635550104,0.03905580606461808,59
34420000,ar1,zero_shot,CAMELS-BR,0.748247431549603,0.5563459405686726,5.337118755969534,1.2392510209531344,-18.14154576588407,-0.0008580928410279361,0.5619369276462232,22.662764310038465,48.29012897173052,1.180573951292253,0.9216652545868853,188
34450000,ar1,zero_shot,CAMELS-BR,0.2868939369047837,0.5897495786047773,10.590031143734581,1.874984766929599,5.828950195323709,-0.042308336715679185,0.8550514036985817,45.28101339649295,99.20872531642925,0.9691711903159905,0.9717293753199359,184
34465000,ar1,zero_shot,CAMELS-BR,0.49173888712840763,0.6450423367745282,1.3590499258897386,0.4558396320925612,21.696112212622836,,0.7687657190938919,5.646772554629398,10.462332532531898,1.0419200593699938,0.78586750455712,184
34470000,ar1,zero_shot,CAMELS-BR,0.5747170296528836,0.669555301444156,7.326500961557391,2.182725420069536,-12.894545660590973,-0.023876053300189708,0.7708981976029833,30.9170438950938,54.84502095312439,1.105164333623314,0.9548528046845663,188
34471000,ar1,zero_shot,CAMELS-BR,0.8995398770502013,0.8851915446906101,8.29078242538914,1.96301154276152,4.841558100974506,,0.8913844702253592,35.41242479339965,25.25110060306628,0.8542298913723156,1.02203942605841,184
34479000,ar1,zero_shot,CAMELS-BR,0.9820841683933922,0.9001568765542696,3.9567527646417537,1.343117208059638,6.266993129955809,-0.010341838559543272,0.900196578039428,15.863940432462577,22.7741686822477,0.7772586566607743,0.8038524191908545,184
34480000,ar1,zero_shot,CAMELS-BR,0.44009251669849003,0.6245114784360535,2.7496887706516073,0.9571982521672273,10.190265075157388,-0.022065391433862967,0.7961531870905508,11.351188574373573,19.55639734286796,0.9560204596751652,0.7382046474938658,188
34564000,ar1,zero_shot,CAMELS-BR,0.9184876577826194,0.725328075889482,2.211883035949464,0.46754798691672234,13.506232659008989,-0.010726215875810343,0.7254671275758477,9.537395182466987,18.753065522975405,0.9514941459982148,1.0066792103275302,188
34571000,ar1,zero_shot,CAMELS-BR,0.9529801415863648,0.8968094595490784,1.004151840254668,0.4757168412932732,10.070204521294214,,0.8990917716239829,3.2258620046159394,3.332071188081242,0.6778099499868387,0.6256486751044643,184
34580000,ar1,zero_shot,CAMELS-BR,0.9727117403608323,0.9625801417563655,5.722546500674457,3.73582415531886,-0.510025748168967,-0.004892218822781624,0.9636633348163444,8.274240134333866,8.274240134333866,0.5256005603373746,0.4924676630294515,20
34600000,ar1,zero_shot,CAMELS-BR,0.8174865656085908,0.8938067972772239,26.191503689865037,10.667070088568058,2.177724370902981,-0.03222292993226425,0.9505646163393674,88.93508804800734,51.26225817262809,0.6807225138770936,0.6306318329685958,184
34610000,ar1,zero_shot,CAMELS-BR,0.9261246787378637,0.9391526747670863,32.152971739225784,10.480156362022672,0.45384874863845,-0.0023476303684910917,0.9514048845641182,128.89815212817555,160.83563148567686,0.6615373417555598,0.6831648583542718,188
34620000,ar1,zero_shot,CAMELS-BR,0.8744127673097177,0.9065881612191403,3.536293235429688,1.392163288640616,-1.8425988086753537,-0.015438574122034483,0.9310906721320947,12.06403441807645,22.933517511918826,0.6161520479452112,0.5493376377852884,184
34660000,ar1,zero_shot,CAMELS-BR,0.9552231671122008,0.9678511602329033,71.59047089423278,39.695275152480015,1.5857735910032638,-0.0016369481852214207,0.9752920883875379,218.7757697560215,5.843960023568757,0.2309484922233179,0.2519707477718424,188
34690000,ar1,zero_shot,CAMELS-BR,0.9357981430424981,0.9585059092210755,84.58083730315322,43.188389015407765,0.4556987237266214,-0.000498692342438661,0.9720079256924749,280.47948464352515,182.56488746311405,0.23980564551204595,0.2586588123543424,180
34730000,ar1,zero_shot,CAMELS-BR,0.6074226231193449,0.8036966472319536,1.967947100839975,0.5504239513403689,-2.02320455974251,,0.8681300491127308,7.998693382153921,17.79949929633797,0.5177547689983222,0.521015734261177,188
34740000,ar1,zero_shot,CAMELS-BR,0.9516490012118375,0.9407690405922268,1.1965597824655616,0.5136843107883757,3.6237323981153335,,0.9442240935580366,3.4913035349907826,1.1675005060448151,0.4973620235461569,0.5577167421694023,188
34742000,ar1,zero_shot,CAMELS-BR,0.8649770618225369,0.8262794917893108,7.184883139100497,2.207829108328405,-0.2950321916721128,,0.8382740814752963,30.337575002022493,43.85718228691952,1.0438700210847,0.9027982109951835,188
34750000,ar1,zero_shot,CAMELS-BR,0.7790728848152939,0.8059420489630545,18.068664671325788,5.54965274412729,-7.6271530786491955,-0.2558186668215964,0.8446115448564402,71.863829433257,134.06307996979288,0.8732681575198232,0.8434353387848598,184
34751000,ar1,zero_shot,CAMELS-BR,0.18673833323358924,0.3419959353480013,21.854334647409747,6.35652216607624,14.300640459406852,-0.0253791243414212,0.6086184491532204,92.06273674871835,194.7161777146297,1.2372515079361914,0.6634534541471241,184
34760000,ar1,zero_shot,CAMELS-BR,0.5698479815552354,0.6045315000755629,56.30614890548239,22.585119643221436,-14.599299079506892,-0.035054986987064475,0.6859724099476969,216.56904199369765,381.2052586016557,0.9834499356110624,0.8481095797757983,184
34770000,ar1,zero_shot,CAMELS-BR,0.6218851215723122,0.596796482980139,118.46519103780803,40.53566182039134,-12.675557361568714,-0.0559572213871477,0.6494614021309981,479.0495177483817,930.9145582517349,0.9615815754688047,0.7334295883178339,184
34789000,ar1,zero_shot,CAMELS-BR,0.6559263264717796,0.6867695347573171,120.51488582938133,39.587371363945685,-8.395573004282692,-0.03510493270513289,0.7487079713002819,453.93527183207874,778.4942977808204,0.8036865938716896,0.5536165545379442,184
34790000,ar1,zero_shot,CAMELS-BR,0.9150607882782098,0.8944073089298544,109.62096064738492,39.61320625390504,-0.9953269294384722,-0.008453956857962311,0.9025906320960586,376.7823280026376,678.8989524792487,0.5919324870355437,0.5806867582706092,188
34820000,ar1,zero_shot,CAMELS-BR,0.945760948704656,0.9654227269470304,131.1945790488372,60.27144811873267,-1.4381638750187407,-0.001219885140810447,0.9784465402269417,318.34394904195455,200.78364113244774,0.29113328027262003,0.24846137760930284,184
34879500,ar1,zero_shot,CAMELS-BR,0.988095009561869,0.9847294589989851,53.98751846068641,34.7356913799268,-0.12913639588249015,-0.0006052502620189464,0.9857655203845929,90.35541050363966,49.78785148391299,0.18124187579552842,0.1909176174217789,184
34880000,ar1,zero_shot,CAMELS-BR,0.9891361374011586,0.984041840146707,78.20283464727387,43.5782007395399,-1.1522347885056008,-0.0007107282824976163,0.9848894970051474,169.6553395656017,75.41783591567314,0.230177620717776,0.23794141983377437,188
34930000,ar1,zero_shot,CAMELS-BR,0.9483826770336957,0.9269929111826302,18.34022886007638,6.933664776545416,4.551102920928584,,0.9305945526529693,65.56007067375087,116.62212788754098,0.6501073405208438,0.6290144605869867,184
34933000,ar1,zero_shot,CAMELS-BR,0.9406201742981739,0.9500180733796868,6.991627052811428,2.8461858313025665,2.5659823665871277,,0.9579308710061999,18.314717118882697,11.079560881841408,0.6772188929550611,0.7193997242200536,174
34936000,ar1,zero_shot,CAMELS-BR,0.9737711199745759,0.9743695625441001,8.211727036393192,3.6207563119763617,2.1831529054703993,,0.9774596046426451,15.913451160730792,24.447993679524746,0.5623166134045455,0.5064044623244462,184
34940000,ar1,zero_shot,CAMELS-BR,0.9743696910695835,0.9743773796192989,34.85539948899139,15.43364630610248,1.526753989355309,,0.9776150241608158,111.73110926428907,168.81000073363464,0.5452062532719909,0.5041338765835136,184
34948000,ar1,zero_shot,CAMELS-BR,0.782778888551771,0.8854270716352453,11.89381563449683,3.3686716579640903,1.028326666608927,,0.946362597664534,48.716601432190025,93.44754931347033,0.6350512421794993,0.6767366135042331,184
34976000,ar1,zero_shot,CAMELS-BR,0.8626883562390335,0.9111135817935099,12.558992113603862,3.4371872644313775,2.9680370590331724,,0.9347309638979546,51.98755767072567,59.749089264793675,0.7335334573470643,0.772977631141771,184
34979000,ar1,zero_shot,CAMELS-BR,0.679913282852054,0.676984607009619,1.060597396221756,0.5219745849617412,2.6605426119491637,-0.02731919390087935,0.7241252212904508,3.7443578028172744,6.223460504981382,0.6443033910234737,0.3954979513852026,188
34980000,ar1,zero_shot,CAMELS-BR,0.9765939836880184,0.9672582646431032,47.18351772504027,21.6724431137788,1.3112270761801674,,0.9692305508687035,127.6307836758568,27.62234283722503,0.5919933788118938,0.5380355335850459,184
34988000,ar1,zero_shot,CAMELS-BR,0.9898120839851389,0.9879799677874616,0.5175415994279604,0.24830468117544466,0.28866089657231536,-0.0014632852601908115,0.9889566567961179,1.6965367152510298,0.5949853492868791,0.24980254741643024,0.2565932894250792,188
35050000,ar1,zero_shot,CAMELS-BR,0.6150237256339421,0.7132654269650027,10.275864146723753,3.6480180753364966,1.343461159039514,,0.8104119686248159,38.403525536894136,59.000213855205295,0.714975553740978,0.6071431030986935,188
35125000,ar1,zero_shot,CAMELS-BR,0.8235925396141413,0.8278418728887214,6.2478171782449605,2.713116158532677,9.648976532729574,-0.03803576571043327,0.8533337871520125,22.08081639293093,22.041823892526253,0.9006158448381817,0.7388122387242528,183
35156000,ar1,zero_shot,CAMELS-BR,0.9650789853050769,0.9376432051562634,2.586169403624838,0.903616666440287,4.547463800835468,-0.0463779188205881,0.9396702815740527,6.052847635201731,4.16605807805004,0.40260894743803877,0.44328450690412036,179
35170000,ar1,zero_shot,CAMELS-BR,0.7274658955485223,0.8180273783898186,24.415405587197125,7.187902583345189,-4.979762120384709,,0.8905136182152984,100.6064054713564,169.3241545059011,0.7508945966465348,0.6327581279915752,179
35205000,ar1,zero_shot,CAMELS-BR,0.872461537279328,0.9043926169160293,4.870083377075854,1.8104177954057359,6.487602105184053,,0.9292279793011199,16.504701695249324,23.136006216486614,0.6822095200128236,0.6257978569984605,180
35210000,ar1,zero_shot,CAMELS-BR,0.7215766946117512,0.6898816134613223,7.394558578122965,1.9998793619133257,-4.038633761315344,,0.7229999498701587,31.127222363057964,62.01678718684525,0.7498664516922484,0.8449465679259291,184
35223000,ar1,zero_shot,CAMELS-BR,0.7193812303309695,0.7024082951828383,4.022202017146579,1.1295226300202614,-8.605605416245862,,0.7398784523455396,16.733732730063416,34.485816994527205,0.9836569872766138,0.6256042505785709,188
35235000,ar1,zero_shot,CAMELS-BR,0.10203234643976977,0.5209521133488351,11.979989824798698,2.713698492937071,-0.7394200233057713,-0.0009884279004564438,0.9018913648875061,30.692310643096356,47.760764781984214,0.5168953937747675,0.5219925291304796,184
35240000,ar1,zero_shot,CAMELS-BR,0.5511491381484463,0.6341074625217136,7.339596246197625,2.9749991421866815,27.132551763441757,,0.7193108334289551,23.841487298600683,34.11429687866483,0.870577901920539,0.4948866545745162,184
35251000,ar1,zero_shot,CAMELS-BR,0.6314812814269447,0.6783738825674761,4.49467567734615,1.2080879851202826,-14.174796552066987,,0.7230841801275991,19.333867522799128,34.39952598685815,1.2127004602307718,1.0006449270345308,188
35255000,ar1,zero_shot,CAMELS-BR,0.7543509924496625,0.8020599890149844,18.088056452062304,5.701257112200227,10.643987816121955,0.004845934256950303,0.8259793547178527,74.08414047513135,143.53890779453155,0.746709482057748,0.638993731332829,184
35257000,ar1,zero_shot,CAMELS-BR,0.8639580537981155,0.6647697606932644,3.950265916624969,0.8512084534888372,-12.69669750679586,,0.6657834596341132,16.985743138985775,35.37843944864155,1.2408677249241278,0.9765067595959902,188
35258000,ar1,zero_shot,CAMELS-BR,0.08314137565628144,-0.09691564268155317,25.647536322441475,3.0148579578589683,-42.7205533887312,-0.00012329690683674996,0.15624439579176608,114.33597663912715,238.08667957102466,1.5036630382619975,0.7835982205806563,179
35260000,ar1,zero_shot,CAMELS-BR,0.6535952822626612,0.5221692439272609,9.325163306153803,2.3089209352927766,-16.620326488016754,-0.023342512102748573,0.5415164795571605,39.741785947946056,67.13452622003051,0.922643241371816,0.7278474515238058,184
35263000,ar1,zero_shot,CAMELS-BR,0.8589576614007055,0.8941934245682097,0.08080542943402566,0.0263026789510088,-0.9393224465518188,-0.019726173415290753,0.9234546176842875,0.25067409052785566,0.4840385063026822,0.3064163232076528,0.2837368111392233,188
35270000,ar1,zero_shot,CAMELS-BR,0.8528140889957295,0.8602031474612747,12.7365523163655,4.3915381444306485,8.26141328854119,-0.011419414927143073,0.8747873244429218,49.70990921731721,77.8563857092056,0.5120200239441167,0.5214949471000148,188
35275000,ar1,zero_shot,CAMELS-BR,0.7856132784374302,0.6318763621317902,25.969690986966793,6.208039835883301,-5.748741893419831,0.004001745901783796,0.6348807663470568,106.72483163495102,231.60269130962342,0.6690411689764169,0.5026720013469418,184
35279000,ar1,zero_shot,CAMELS-BR,-0.38215825007744475,-0.5091814561594998,0.4442888733775369,0.2027577853614741,130.56058164536157,,-0.323432107524408,1.7018580209000866,2.8179790409788437,1.2371860030959547,0.2847479088588094,188
35283000,ar1,zero_shot,CAMELS-BR,0.9152668561113015,0.8552663420048409,23.25297495571887,8.567602708835118,8.88889921378425,-0.0022868856335479214,0.8599492949057358,93.31680843496706,155.63521462868152,0.7141909551439205,0.7251031862838914,184
35301000,ar1,zero_shot,CAMELS-BR,0.9072333627866657,0.8596610628428785,3.599615906572362,1.4156292651475633,4.104146583106472,-0.03301938871045318,0.8663866232677374,12.917142404633385,14.955828964915263,0.9136657660155769,0.9126497824463716,175
35350000,ar1,zero_shot,CAMELS-BR,0.7611619731480911,0.4981397001394413,6.296247767423153,1.3154071927989874,-24.289387940073574,,0.49888080884478303,26.65514670457127,54.206108231089175,1.061348513901431,0.9579621866139043,184
35370000,ar1,zero_shot,CAMELS-BR,0.8904728434572041,0.825487498103502,8.989184724757175,2.5176138771097465,10.032093456923144,,0.8292932887758834,37.02655988745806,57.15103433559704,0.9374022268311685,0.885939842628875,184
35370600,ar1,zero_shot,CAMELS-BR,0.7388246427355323,0.7297662315831286,7.842013449072585,2.18779119115746,-15.319833700565049,,0.7650471610672809,32.36002887509273,39.959473096057074,0.7135608139535288,0.624804937720237,184
35390000,ar1,zero_shot,CAMELS-BR,0.9899617633198052,0.9596918721444414,1.7478049470940673,0.5187160467487455,3.0862399710101807,,0.9598312788925728,7.201263816648943,11.52645219278725,0.3543269993621209,0.3881403318301328,171
35551000,ar1,zero_shot,CAMELS-BR,0.6988049872193394,0.6409100745362148,4.951320232463643,1.2440190235578295,-9.8321390087171,,0.6726817151753247,21.23808004634711,18.564899700404386,1.5486740596972919,1.0937062110293754,188
35570000,ar1,zero_shot,CAMELS-BR,0.7871718221914917,0.633028289415483,4.981575368063849,1.4742838994477168,-21.41770846987475,,0.6429708317446945,19.87254681208795,32.572530649105396,0.5605447032589826,0.6393412353697198,184
35571000,ar1,zero_shot,CAMELS-BR,-14.572154863225853,-2.393658193998009,10.096426565179943,1.163703018649787,41.66573475178786,-0.02108594320723791,-2.366113568835343,41.47685281901185,97.26957016080262,0.3516057949245723,0.6800207542647665,186
35640000,ar1,zero_shot,CAMELS-BR,0.8710144204381228,0.8858967386024785,0.9665520084504708,0.2036139358578414,-5.532466536539923,,0.9070354911532381,3.7108419741306564,0.1650484943604042,0.35221826299746706,0.35799995895102,188
35650000,ar1,zero_shot,CAMELS-BR,0.6597572960765574,0.4541386345626037,2.994554349416463,0.6574314603638949,51.89689468091492,,0.47643751502906295,12.782006109713755,28.50075067778737,1.0792524566530157,0.6303744198428461,186
35668000,ar1,zero_shot,CAMELS-BR,0.18572846861594128,0.5023766058536994,2.218263505992473,0.32265959046227927,25.95092360471271,,0.5709213670178694,2.442786942483717,0.16902145427886475,1.2581769768650963,0.933423037120506,184
35669100,ar1,zero_shot,CAMELS-BR,0.7681206860894453,0.8381589334861343,3.580613285487574,1.5317493685747252,10.537100180816285,,0.888597795082137,10.572358071535094,7.1846233006899425,0.6210931450664068,0.6216477416150376,177
35740000,ar1,zero_shot,CAMELS-BR,0.4069140488014592,0.4574551812556529,2.4150123303535302,0.8373764521727318,-4.198928482500722,0.004513944367390806,0.5940160287834924,9.803925211325936,19.180449701091554,0.8576107444145223,0.46749732032010916,179
35830000,ar1,zero_shot,CAMELS-BR,0.5611642532697072,0.6570894332605639,3.2616789355050138,1.1883971247594651,6.50628980655585,,0.7220438915917805,13.469713371017091,19.12693981726804,1.0572099832021864,0.8497568541714254,188
35871000,ar1,zero_shot,CAMELS-BR,0.5001739552371858,0.7486247626512706,4.224654482276085,1.457549590372801,7.227977009656848,-0.047487607365222395,0.8887999841149994,17.37443993192963,16.50452862594867,0.651181076157617,0.6135638219977436,179
35875500,ar1,zero_shot,CAMELS-BR,0.5385643108356768,0.6784868984902513,10.040497230835843,2.9978325594726036,22.668103134014867,,0.739711094374536,43.50882231270067,88.99633967304639,1.0220269582453503,0.8752593645681189,179
35880000,ar1,zero_shot,CAMELS-BR,0.7332825917541639,0.7431595804063941,8.126464622277238,2.3906775813216776,-5.741796591180395,,0.7852309333527332,32.86391647204384,28.33971758661777,1.0280223092462808,0.8727490806910359,188
35900000,ar1,zero_shot,CAMELS-BR,0.8358100213912175,0.7857677696059381,3.4543331635327426,1.0657616131584935,15.295496329199448,,0.795026571213733,10.414633858836952,8.424087844741377,0.8651989849434009,0.8826072812780752,173
35950000,ar1,zero_shot,CAMELS-BR,0.08758055355074568,0.45429860393620536,16.15995421909604,3.511834051684562,3.29941739752693,,0.47233829020459395,68.67072336416251,141.62296757224337,0.8284244471374878,1.0501861319982255,184
36020000,ar1,zero_shot,CAMELS-BR,0.04060258529754468,-0.2729175011398435,0.24392748473259177,0.1819962520119783,104.29393911486815,,-0.18123762935050602,0.6665681445336488,1.110276037359387,1.0415451853294457,0.20078338687454947,188
36045000,ar1,zero_shot,CAMELS-BR,0.5991092151318407,0.42474775249565444,0.20867549797900728,0.06606290631943913,49.739400062012265,,0.4360517956787332,0.8819384519255639,0.28415093980119926,0.9679652855238458,0.7290195871856902,188
36070000,ar1,zero_shot,CAMELS-BR,0.837682280150412,0.8005514855252314,7.813242512244413,2.846461970696702,12.889966033579151,,0.8173890135184333,32.22695276443207,44.05969408898865,1.0353921762246816,0.7867789313519494,188
36110000,ar1,zero_shot,CAMELS-BR,0.537818688175787,0.3967284967320167,7.4688564598333205,2.1347191266374903,49.72204657636832,,0.40864464643459086,32.02697391722881,64.48734501975068,1.1139141170531284,1.0424534820165732,172
36125000,ar1,zero_shot,CAMELS-BR,0.7964320069593418,0.880055426354121,3.529204488622244,1.1637310931050062,0.5715590686398394,,0.9429164054666046,14.085395719662197,23.05135265904919,0.8448256608066529,0.8809811183740047,188
36130000,ar1,zero_shot,CAMELS-BR,0.4225201180101794,0.36583303351791807,25.896655378244436,6.785865699443622,-20.511336600020314,,0.4516780922288989,110.3594862595187,214.37643330553632,0.8618848190532367,0.6319699870925597,188
36160000,ar1,zero_shot,CAMELS-BR,0.7342296789629873,0.8583410020708423,22.328465176265468,6.826828350408726,0.4012133683752259,,0.9624662805252953,90.92369796270202,177.75576154047113,0.7386260113124201,0.8517198806404132,188
36210000,ar1,zero_shot,CAMELS-BR,0.8074988043607647,0.8498821994681058,3.8598663357718688,1.6103640948729867,-0.5935021899234124,-0.03896255891566612,0.8888151215601832,13.896378448988933,13.336891299885675,0.6291684379348637,0.5299307442099758,188
36220000,ar1,zero_shot,CAMELS-BR,0.12990564342491218,-0.06678359777801957,6.355985972679591,1.1792127869530489,-42.24998576509481,,0.06605008026101478,26.205178927822775,59.80659763485491,1.64114469754447,0.7125790420170105,188
36230000,ar1,zero_shot,CAMELS-BR,0.3041508017359049,0.1867415953790913,7.792732312477951,1.6021370444244183,-14.9288191735512,,0.21342113368930693,33.49613515563334,74.42408650116444,1.6398929411446646,0.38709351170029294,188
36250000,ar1,zero_shot,CAMELS-BR,0.8579924508546014,0.8900757716527191,2.4765595919820154,0.8098200340628527,-6.920015305942194,,0.9063454605857011,10.201886005813373,11.559415929876776,1.1694311232657653,1.0346464422505284,188
36260000,ar1,zero_shot,CAMELS-BR,0.8349076199133298,0.8525314366792407,12.534361378498941,4.727609709741861,1.6924173272868015,-0.049500984772257936,0.8797410288684838,49.23740571408284,78.74455179929402,0.7842491186309266,0.6432652358119069,188
36270000,ar1,zero_shot,CAMELS-BR,0.8022343873256151,0.8394014337820334,15.963485987153792,5.824030171114115,9.393976116270826,-0.03250821510883647,0.8626632838506889,62.77649392339084,80.37495052015457,0.6875033410070529,0.7332759893272602,188
36290000,ar1,zero_shot,CAMELS-BR,0.7494762798665897,0.8463484446795102,33.86562747199551,10.277589606866446,-1.3010848831405977,-0.09836131713483315,0.9203566966013084,142.00058938053738,168.43362331178162,0.7776495381697833,0.7779435523129373,188
36320000,ar1,zero_shot,CAMELS-BR,0.6580341018136796,0.6041217426708718,67.95047452080804,14.419254947221281,-8.450534441962027,-0.04855755091116421,0.6381597514977206,292.2554334874994,599.5409703737516,0.9368847735365761,0.7928475668602063,188
36370000,ar1,zero_shot,CAMELS-BR,0.8419843137371045,0.7434290987124018,55.962904016224755,15.236556178332556,12.406519632288536,-0.03122004669017449,0.7448023218985285,225.33299843534294,451.59730425903433,0.5221071201036472,0.5126527136369327,161
36386000,ar1,zero_shot,CAMELS-BR,0.9085480945926614,0.8983215717399277,0.7652602993912294,0.2078792742633441,1.837489206103205,,0.9025315771301761,3.172628791261815,5.715126213226208,0.998192367627068,1.0269491494949436,172
36390000,ar1,zero_shot,CAMELS-BR,0.7981310417874528,0.5946582377957184,5.4447026438191495,1.1563651988558417,8.782847725228008,-0.0030042167656564693,0.5948386289752128,22.788457810404637,50.07445771697271,0.46800185096020885,0.5417442655141077,188
36470000,ar1,zero_shot,CAMELS-BR,0.604084509263958,0.22131324122256868,5.037561842963066,2.2104758032506333,60.13137417186169,,0.23279321153376498,19.7238972304588,38.274136066980034,1.1881452240209671,0.4685680498773081,188
36515000,ar1,zero_shot,CAMELS-BR,0.9365106527673446,0.7945909269995152,1.3885241191328785,0.606747601762725,19.776278051845434,,0.7962225175854556,5.3939575927519785,6.339820330049508,0.8270402450578379,0.7216469430248447,172
36517500,ar1,zero_shot,CAMELS-BR,,,0.0,0.0,,,,0.0,0.0,,,188
36520000,ar1,zero_shot,CAMELS-BR,0.6538623085211739,0.7168613855694002,6.5802390966797875,1.182599564403979,13.075125752176596,-0.013607999946042157,0.7240673831337876,28.387922634828012,61.151916107576824,0.6296446353953378,0.7775130570181249,188
36580000,ar1,zero_shot,CAMELS-BR,0.9743379376244906,0.8647950946586817,3.9120539195482107,0.9707826695058477,13.388699214274716,,0.864818605465267,16.826471669050868,20.657870376498096,1.1604574653758626,0.9712362855426627,188
36586000,ar1,zero_shot,CAMELS-BR,0.5335636906816623,0.6851510077521707,4.204177693368868,0.9518042919472717,0.5887015258319621,,0.8222446534091583,17.580781974925547,36.55904356140582,0.8696069100841489,0.6872616977735414,188
36615000,ar1,zero_shot,CAMELS-BR,0.8375620491459832,0.6665726776470513,2.352581932291086,0.6840550513909246,6.058177320355332,-0.002164794382974988,0.6670273012728325,9.391557113967957,20.762091748260676,0.5084991430404378,0.5706533838529523,188
36628000,ar1,zero_shot,CAMELS-BR,0.9726500510127792,0.8986434632729721,4.0778218484376545,1.3095719939700785,7.434249940446691,-0.0076748508884740985,0.8987083967263197,17.27225784298688,32.49176364753153,0.9078654457868454,0.8256301987305747,188
36630000,ar1,zero_shot,CAMELS-BR,0.9418287202219479,0.8607707438628074,0.19102195162303057,0.06996857922398028,0.4201984756183673,,0.8624677067639582,0.7021135604253314,1.2147433880822858,0.5850538561070887,0.5693422226667761,188
37030000,ar1,zero_shot,CAMELS-BR,0.6359661460110788,0.7693690306898839,0.37850782044359266,0.08387298093083599,4.659294604627306,,0.8660858402080679,1.6564994128129213,3.2594173442496213,1.522934079364252,0.9474812824967797,157
37050000,ar1,zero_shot,CAMELS-BR,0.23651786206619696,0.17094699522692391,7.955084685153056,2.371088020981459,-26.572877453159915,,0.3332492674806995,33.216473680260954,63.16880808835246,1.243076693230362,0.5752297994103946,188
37080000,ar1,zero_shot,CAMELS-BR,0.8814466752522735,0.834498559902252,1.713074499901923,0.5351815422846422,-0.6421899633795367,-0.08514745255432196,0.8440442845827852,7.058390749310274,9.146924073726792,0.8121539094647524,0.6578778092910664,188
37084000,ar1,zero_shot,CAMELS-BR,0.8439557747620161,0.6640818373395303,3.817860593753488,0.659748904831695,14.584943370020609,-0.0044068074613983176,0.6642234977926512,16.29786340078952,35.742489012229505,0.6663713035910812,0.7648061293869256,184
37090000,ar1,zero_shot,CAMELS-BR,0.5823593139702805,0.414117300289248,4.109417468269996,0.8780027564282105,27.41626866427081,-0.018686366450713095,0.4143907280492751,17.69470414899248,38.93442294968657,0.49634825210395606,0.5637296344483712,188
37145910,ar1,zero_shot,CAMELS-BR,-46.8128176043134,-28.13982631476982,0.00024180430786713693,0.00022369668119173755,2908.0568554925876,,-28.132026162821873,0.00017944437803852072,0.00017510747779964393,2.0,0.1217223641386549,39
37150000,ar1,zero_shot,CAMELS-BR,0.6377794226213003,0.5746091908584071,9.204881146600911,2.5208634706922344,5.077478363483042,,0.6112744985176204,39.01770381166033,86.42451083382274,1.3040638036789496,0.788708372780759,188
37185000,ar1,zero_shot,CAMELS-BR,0.937235579496928,0.7950984393876023,0.6699068305171995,0.3127898486015467,10.586264016509311,-0.016456055383122888,0.7956548149364402,2.4922526966395977,3.109274315333049,0.3808595308660953,0.28028770816966925,187
37190000,ar1,zero_shot,CAMELS-BR,-0.2152381904353864,0.24155034940506126,7.616527177387713,1.3586629886889985,17.52156811454992,,0.7434433342640188,32.826388412005855,63.4422579612894,1.1190336376748296,0.8344085468454528,188
37220000,ar1,zero_shot,CAMELS-BR,0.9064219932694355,0.9508713694129852,1.6757071177306977,0.5865018544622774,0.7572092442128591,-0.003739405471339524,0.981842059408362,3.8509386545764244,6.621476325336632,0.5025303641062341,0.48158638654880603,172
37260000,ar1,zero_shot,CAMELS-BR,-0.47219588730979667,-0.005171206814859275,3.9430801606663017,0.6403095662869257,57.389169129669455,,0.014808469369287258,16.601329312950284,36.80031055563625,1.518498887908072,1.3130831983975524,184
37260001,ar1,zero_shot,CAMELS-BR,0.4851989901889696,0.5341450466836231,8.857515097391603,1.6495519562814316,-20.725843391381616,,0.6340199528329417,36.276691059836374,66.58105645080524,1.3114529914529915,1.0069462940462937,118
37290000,ar1,zero_shot,CAMELS-BR,0.8753467016656596,0.9123208115477772,5.926613638352865,1.978582676110849,2.7641475547578698,,0.9376590710733599,21.450201391788376,16.817090418912194,1.2688209308544125,0.9362570198900368,184
37297000,ar1,zero_shot,CAMELS-BR,0.9396640675069113,0.8176921564318389,6.770280851192508,2.516292671885289,-5.978535291408656,-0.027560005809107675,0.8185314296069623,25.205234612866207,45.806003895379,0.8922616178231667,0.7572812859315992,158
37312150,ar1,zero_shot,CAMELS-BR,0.9942896557408412,0.9534496202258287,0.0017919419643307082,0.001737911208848251,-2.1846698292760727,0.00015346441456017118,0.9534496202258285,0.0018875392904393162,0.0018875392904393162,0.04675553149739495,0.0464544934842542,22
37320000,ar1,zero_shot,CAMELS-BR,-0.004593205102124687,-0.14038960853055404,9.512602564502554,1.2717373189016279,-36.23363431390722,,0.23019952276540045,38.60647524055944,85.8785570193017,1.252194243639785,0.7737288700690742,165
37340000,ar1,zero_shot,CAMELS-BR,0.07587863971063113,-0.051874896314964,41.209046710126565,6.594506927383613,-16.00929989728138,,0.21811640302168955,178.1921567035131,395.23037813690524,1.5667248175467032,0.7013507516058815,188
37360000,ar1,zero_shot,CAMELS-BR,-0.4372838097033107,-0.2573811336634826,0.5401943372911597,0.20697778019709417,93.31729056802541,,-0.2496061131943259,2.215350510295741,4.024116645255806,1.1576475313949064,0.8224927955676724,166
37369100,ar1,zero_shot,CAMELS-BR,0.9283323446928716,0.9620522190684945,0.3800200939484679,0.08656588348919339,1.1490803193064403,-8.255390335571919e-05,0.9853906465402882,0.2774970738775777,0.25346571705791593,0.07090496625230058,0.08760389227905972,170
37380000,ar1,zero_shot,CAMELS-BR,0.07693875458880828,-0.049837031925725306,4.692888194486268,1.4923739567057062,-7.827381147200679,-0.013338035689800243,0.19951732229266872,19.74504733418067,42.12382143419022,0.4134767782655819,0.1110746685770291,188
37410000,ar1,zero_shot,CAMELS-BR,0.4792862197296053,0.4700095997191869,22.824875047734565,5.585600181000709,-9.233535476496026,-0.007337415215229291,0.5507195872803595,94.41478025055102,201.83889255460522,0.7869041054746968,0.5509502396711272,188
37412000,ar1,zero_shot,CAMELS-BR,0.6489395920271913,0.5940572821687509,23.634648012178285,6.928694054262274,-12.235945667951851,-0.0063070304672415145,0.6329893772168882,99.54759111624321,182.93850254622575,0.8889445427214164,0.685433972672973,188
37413000,ar1,zero_shot,CAMELS-BR,0.47910838845861936,0.4645890006898675,44.87488748689064,12.268553647614695,-14.475881859675296,-0.02174576266095907,0.5521273788147975,192.02945695321546,359.2421548136427,0.9870635079390174,0.8208087103709851,188
37430000,ar1,zero_shot,CAMELS-BR,0.2695608496390972,0.1793602863403979,5.807475744084476,1.4562490598700946,-19.015470365710883,,0.28550049085834917,24.738578431721194,53.93153273004082,1.5391472707853517,0.4940140590305712,188
37440000,ar1,zero_shot,CAMELS-BR,0.39239293249906915,0.3286276665593234,3.1072457472722346,1.2577485209522272,43.90311909069224,-0.03903530345174579,0.4322853287349313,12.402598520863204,23.354630471951,1.0865164030106755,0.5346208911820449,184
37450000,ar1,zero_shot,CAMELS-BR,0.6255072081274743,0.7203160943822784,3.1022140785118197,0.9572047112078297,11.133390560851819,,0.810978735639938,13.37616766843931,18.716388689497073,1.3396483495093816,1.1184889988314906,179
37470000,ar1,zero_shot,CAMELS-BR,0.92517596154518,0.9324214909321281,1.8613553850361955,0.8597959729339354,3.0099245797428504,-0.0012001488958717499,0.9416418595086,7.187910672696953,4.053094992770184,0.32504803642792013,0.30484901408831677,188
37490000,ar1,zero_shot,CAMELS-BR,-11.751620396762647,-19.13458597046969,0.04448021251325066,0.02558764120980487,2001.7487953290038,,-19.13409823219289,0.04448021251325066,0.030252552648927636,1.3319450229071221,0.07915911885896013,188
37515000,ar1,zero_shot,CAMELS-BR,0.3249093793496691,0.21729748231292212,0.2951034283544089,0.04776442865591912,-17.263324906524424,,0.27516023208843854,0.2951034283544089,2.8373641202541626,1.2037775811295026,0.5133659409782972,188
37526000,ar1,zero_shot,CAMELS-BR,0.5561952286340524,0.3888037915458151,1.7909507653877814,0.3229210973058495,-31.570910191907682,,0.422150294674418,1.7909507653877814,15.612133140914752,1.7084351276314345,1.1363025284191561,188
37559000,ar1,zero_shot,CAMELS-BR,0.5613309100602132,0.2239774421427816,1.1509253784905107,0.23603140098570477,50.660026475522685,,0.22422609906811497,4.970283760938741,10.502221533461285,1.6433376760145062,1.4161641718621116,188
37560920,ar1,zero_shot,CAMELS-BR,-0.9293851288943347,-0.3953654122680468,0.045338237212572866,0.01012232385364973,52.69787952172083,,-0.3953587126429279,0.14123367411733076,0.28240873788570975,0.6683511406295123,0.9659181900387777,39
37570000,ar1,zero_shot,CAMELS-BR,0.2982151046410776,0.38553068002716795,9.199446784055887,2.013643435576233,-23.55155101524569,,0.5743743349763335,39.612494357651904,83.89587695031584,1.204600998932641,0.8263058747055876,188
37580000,ar1,zero_shot,CAMELS-BR,0.957736116204311,0.9397839757321501,21.059512845287514,7.390773749882316,-3.379440871598558,-0.077450595609505,0.9434576922018285,72.58759644645274,121.53545880584284,0.39589902837107926,0.43400252903004966,181
37604000,ar1,zero_shot,CAMELS-BR,0.5046366304064044,0.4880824965128413,60.91557753372153,15.688567387804591,-18.418855790215108,-0.04285114131056075,0.5700724648522342,261.2271264427949,442.2512979145444,1.0587038891999911,0.6182966030078996,188
37610500,ar1,zero_shot,CAMELS-BR,0.9812239521907441,0.9892432007493769,0.3456722492958088,0.10576990403962754,0.1249366114539149,-5.466548023299461e-06,0.994768729320763,0.21843944936736337,0.2325230509977037,0.0528002261494244,0.05164735858818197,187
37710100,ar1,zero_shot,CAMELS-BR,0.9569060091605635,0.9104097486344772,56.78796567920907,18.51446145448675,2.7886953439225355,-0.006950350438316013,0.9122439162377411,232.32978734784643,348.4561891236773,0.8991197635399093,0.8123570872786049,188
37710150,ar1,zero_shot,CAMELS-BR,0.9242496327915333,0.9201978258482003,2.63313521354588,0.7602723121359277,3.6650916841090497,-0.0068525757722631905,0.9223598737622988,10.564944936896936,23.030348085482363,0.42625264966123105,0.4158783761340913,188
37711000,ar1,zero_shot,CAMELS-BR,0.6700154720887593,0.8295483667798056,10.147992824376773,1.3554166177261935,-4.735579753808349,-0.03001630937207601,0.8931044604827623,43.97060814883795,98.05234157696324,1.2044215895079957,1.0754714849979314,188
37730000,ar1,zero_shot,CAMELS-BR,0.703041526042203,0.8296351429459831,5.800855286941086,1.1437996546786704,1.4268092184692978,-1.378499433599134e-05,0.8840514505978502,25.106569210773788,18.282166266109385,0.35026429543409204,0.4297402645155562,188
37750000,ar1,zero_shot,CAMELS-BR,0.8897990609636495,0.7766213055741561,11.621834171470171,2.493994729114924,7.597173266551601,-0.001094450629006101,0.777060311345481,49.51521529811559,105.10881055863433,0.6360020479258363,0.7124538699482247,188
37761000,ar1,zero_shot,CAMELS-BR,0.8111803404330257,0.678723272963377,6.273884865449172,1.0892906459384573,-4.837775925219966,0.002636347539237794,0.6801040776142788,26.866570335339098,58.8696010972908,0.6952936609903424,0.5802125431556578,188
38129000,ar1,zero_shot,CAMELS-BR,0.9107483382400641,0.9539583494292303,0.5016883822729513,0.2514434861662994,1.089680774229017,-0.0004061410647683266,0.9846977463584385,1.4378742954650026,1.720324807113001,0.3468431452969574,0.32758366207896167,188
38155010,ar1,zero_shot,CAMELS-BR,0.9992107979372172,0.979340592978444,0.010368640310977692,0.005287286035306812,1.454460529981017,-0.00028809411661712137,0.9793405972413576,0.013338634014764669,0.013338634014764669,0.09748269982950557,0.09567504620775404,33
38170000,ar1,zero_shot,CAMELS-BR,0.9655118463779985,0.9619424845145151,0.5721011462848881,0.17651610273272927,2.9366714351469456,-0.003730557711951639,0.9647682748477412,2.3030650805702604,3.435121387927643,0.5076044489354308,0.55439470020722,179
38340000,ar1,zero_shot,CAMELS-BR,,,0.0,0.0,,,,0.0,0.0,,,135
38380000,ar1,zero_shot,CAMELS-BR,0.9956150905709953,0.961898411430788,8.960778445022486,2.1677333655187607,0.6478479265998237,,0.9619078625717152,38.88086483487905,56.53881647030373,0.5310339617875507,0.5315955257997044,178
38390000,ar1,zero_shot,CAMELS-BR,0.416075169671684,0.26159535409642876,4.996280661540439,1.5563079160025888,-38.36804936159982,,0.3195762508175065,21.078604071111915,34.18047015411089,1.4101045296167247,0.7436567171513688,58
38460000,ar1,zero_shot,CAMELS-BR,0.8547000368774,0.6311334708620524,0.4572668797792654,0.08478330507466686,-6.72414405957489,,0.6311647642978462,1.983598165200362,4.15941484942066,1.2099051521627782,0.8556018735221245,176
38485000,ar1,zero_shot,CAMELS-BR,0.7863103613685496,0.5535583979736278,4.231492479097169,0.7774744353419455,-5.968439367622325,-0.056362323433803596,0.5536699606350556,17.927882772082985,32.585062661263166,1.0337165929084704,0.6359347923320184,184
38490000,ar1,zero_shot,CAMELS-BR,0.7282894474101561,0.8602805274089709,6.437508237833795,1.9997517449713333,1.4152471258388102,-0.04244361347552793,0.9348037074366812,27.110910984015582,26.907092714888638,0.8533829507272255,0.6500199686362206,157
38500000,ar1,zero_shot,CAMELS-BR,-3.9086613896292217,-7.078708679876813,0.05941489647535901,0.042903451690489265,799.5701269324478,,-7.042574695950815,0.09935751356877486,0.2134863639637792,0.8607809847198641,0.020898986628231236,184
38580000,ar1,zero_shot,CAMELS-BR,0.04427908707573802,-0.2721413511495103,17.609960205831847,1.973451024627826,-59.53528202766414,,-0.009089336914998025,76.26859821861945,169.44440540607667,1.8181016157483034,0.8963319706176627,188
38590000,ar1,zero_shot,CAMELS-BR,0.3146148926403848,0.19492733078129887,1.2304974924695855,0.6857718417253046,18.730616309717018,-0.07486973718658552,0.23003194654476244,4.6601079390110645,6.315268110381518,0.9792060491493381,0.22745742427709673,34
38650000,ar1,zero_shot,CAMELS-BR,-3.9433695183475574,-1.435494027331361,1.800678279153482,0.2697174604690376,199.391406259716,,-1.2332455944932286,8.031872320678174,7.607934792330058,1.711732595528303,1.2218815846863187,180
38680000,ar1,zero_shot,CAMELS-BR,-9.713382102164035,-1.9397708401734999,40.84979143606712,4.584830208927956,151.58364031828654,,-1.853956594476677,175.41045945408862,371.7063294618137,1.6288648085518567,1.6646829702279566,166
38690000,ar1,zero_shot,CAMELS-BR,0.6448694222261961,0.7590860987195687,0.10418539037772374,0.05828775551785581,2.353093372544114,-0.0025326464048738167,0.8493582428836834,0.3215273588215195,0.5529250610432391,0.13558108393409996,0.12013902011704355,187
38750000,ar1,zero_shot,CAMELS-BR,0.5299935418067527,0.7472804671932372,6.110632648756992,0.9946969573640764,-4.426044134029761,,0.8875099070728806,25.90090786743041,52.318769481968836,0.8270528591683614,1.0106129950178486,162
38771000,ar1,zero_shot,CAMELS-BR,-0.28665622804443647,0.4507192351461291,5.806954794905449,1.4332100102212944,2.3950006721038153,-0.0243901518574047,0.6224145308688087,24.298416209523854,27.334219216333572,1.252381182712835,0.9745054901513039,142
38790000,ar1,zero_shot,CAMELS-BR,0.18282940886938093,0.22907521160066935,16.63935168840301,2.2410733188405425,29.402889239451618,-0.03844519662122398,0.22992262614057335,73.72334970631665,152.97429784534125,0.8805186221577497,1.072380423837998,177
38800500,ar1,zero_shot,CAMELS-BR,0.733584891506259,0.8301951576010866,1.8242711380985785,0.7169317537023676,10.35781584150998,,0.8833868510229027,6.688750708185749,13.515654056697533,0.6162911501301378,0.5688542704748394,179
38812000,ar1,zero_shot,CAMELS-BR,0.7763045860599105,0.6350508043161931,1.346686693197331,0.45321048226023725,-2.086645852134158,,0.641181542441259,5.671660311495603,9.7065703601337,0.5858642199984561,0.3561404866561066,174
38830000,ar1,zero_shot,CAMELS-BR,0.4689408494389413,0.4215581510905878,7.680117551898142,2.5304445562857785,19.051662889410316,,0.49882455102066425,32.14268503755909,69.12899231015983,1.4131948358993716,0.6836686515972072,188
38841000,ar1,zero_shot,CAMELS-BR,0.9521725674524726,0.7955359700012817,0.047220608615750496,0.007410125309037778,-8.018102571586125,,0.7955359700012821,0.047220608615750496,0.27094233137452767,1.2879943252349708,1.1452169899708726,133
38849000,ar1,zero_shot,CAMELS-BR,0.10016738426474947,-0.05415342012451596,3.2109223738470014,0.5746646073475153,-29.401074497275285,,0.1829385189081001,13.69150780063522,30.076780238029446,1.6745176679325355,0.5833021943885561,184
38850000,ar1,zero_shot,CAMELS-BR,0.06361990542993001,-0.22956801681737016,7.116990437282589,1.3061830749638528,-61.8419050597827,,-0.10654052248678347,29.049809814821725,64.01706348292994,1.8929288306186787,0.38216297873072425,184
38855150,ar1,zero_shot,CAMELS-BR,0.7676756673018376,0.8413644255492145,0.06185678282647667,0.028937021938517805,8.416139962329655,-0.02812257623273432,0.8873484995084848,0.0016241742765492927,0.0016241742765492927,0.2691673823727397,0.2573585729198305,43
38860000,ar1,zero_shot,CAMELS-BR,0.7723891370695641,0.8161190944074395,0.9808352740324205,0.36939526648388155,-6.130304971620703,-0.014073854920851905,0.8588780263891732,3.923369580790039,7.276295487972531,0.549303091752406,0.5003310331463673,185
38880000,ar1,zero_shot,CAMELS-BR,-0.3586604151847388,-0.38904898985280645,22.284821858231453,2.191100069712691,80.49899973343494,,-0.3890480596226431,92.09256267104996,215.96808294557664,1.3656127787775807,1.5494221406039765,188
38887000,ar1,zero_shot,CAMELS-BR,0.32619707062807557,0.22577632836632422,5.840133527691948,1.7386867411805267,-17.26542451381229,,0.2933848316763815,24.689708131637243,40.40404150973581,1.1083832804441673,0.5108761869120922,185
38888000,ar1,zero_shot,CAMELS-BR,-6.165145928376716,-1.6801346338345335,21.95643301284918,2.7267269010531283,102.67208098194205,,-1.6796158641219185,95.11997431708653,211.6201424221035,1.017814174706218,1.277634637070456,188
38895000,ar1,zero_shot,CAMELS-BR,0.43776660025196845,0.4033870158252525,24.878684074338654,5.628809705336192,-12.637078546371335,-0.06560732921486333,0.492433182231068,106.842641763064,225.63465749343948,1.0168683099443434,0.7252043369017878,188
39081250,ar1,zero_shot,CAMELS-BR,-4.874748556643299,-0.8693244206985213,5.577282187947713,0.9957214362360963,43.54963728769874,-0.01148158083662712,-0.8089767455223693,24.049336717259383,53.4046979970805,0.7450499855094076,0.8357493753574881,188
39082000,ar1,zero_shot,CAMELS-BR,0.5381898330585602,0.257920425140469,27.13019628963826,3.9748654512882857,-46.00973217991089,-0.016336108662871957,0.2710777153474657,117.58948776287286,259.8164985966656,1.1108367345096184,1.096733491873073,188
39082800,ar1,zero_shot,CAMELS-BR,0.8941707159259431,0.8042797397511743,0.4593271279615882,0.2344145507907991,2.7219612252210057,-0.0010805007250095748,0.8090228311408785,1.701271320618398,1.9586405439143884,0.5999953938717147,0.43872377395786977,188
39083000,ar1,zero_shot,CAMELS-BR,0.3931736994350171,0.4116826451458029,4.695370552515584,1.4053120830782564,-11.352356270858932,-0.010113253142459963,0.537559778623693,19.609908013408663,39.12750105437407,0.7962958822110033,0.4887518367466262,187
39084000,ar1,zero_shot,CAMELS-BR,0.5736431316045065,0.7354466345544985,12.172575962353303,5.205712861190639,12.414116156361512,-0.01446782891141668,0.8586132889695014,46.405140754482744,58.178231300194305,1.007236905790603,0.7947867042732123,187
39084010,ar1,zero_shot,CAMELS-BR,0.9289841477608906,0.8777802589604659,6.318670409732441,1.9192412482798236,11.437747971611138,,0.8786268646957938,27.617718669246454,40.07772040164019,1.2507981780521342,1.2730435823312045,179
39084020,ar1,zero_shot,CAMELS-BR,0.9043500776899353,0.9317998602713754,4.875909222277184,2.1767466439700134,1.4162815240193802,-0.006403064993557403,0.9461854226795587,16.315484903831067,8.127934558744675,0.981924991756445,0.9587003415983059,171
39084200,ar1,zero_shot,CAMELS-BR,0.700537441787939,0.6415406131046834,0.7152576398640104,0.2162683816615735,-5.481243232318161,-0.001750628956433166,0.6702293202040229,2.9234768266904494,5.818992316193175,0.44362382190863675,0.33387966133442504,186
39100000,ar1,zero_shot,CAMELS-BR,-0.6960576694721974,-3.394537715687811,0.2537285884995282,0.11914995695728343,426.64699012942503,,-3.333195640157701,0.8475180657179363,1.666279199707564,1.8075135067219499,0.055966951779542924,157
39130000,ar1,zero_shot,CAMELS-BR,0.24192916308961765,0.20286771833956385,0.5654182332088027,0.1362102528423996,-30.80479375062957,,0.38037223292685307,2.3479519408233527,4.3744460672589796,1.493962566692577,0.8792882933663984,175
39140000,ar1,zero_shot,CAMELS-BR,-23.24572671067053,-3.566845396231076,21.19030463203585,2.4530907316593638,144.91650567242544,,-3.544855777853323,91.75708934035211,204.80453901534113,0.9756006639275122,1.358135307231109,188
39145000,ar1,zero_shot,CAMELS-BR,-230.64732047043333,-14.16238011774157,102.50990914761137,9.164986401670795,370.0925103511778,,-14.162153567410714,444.41708459405106,993.3704809434637,0.795629597703677,1.6134551584875403,188
39150000,ar1,zero_shot,CAMELS-BR,-0.3555465730093146,0.3050103684865485,7.115298561165448,1.6951608593938774,3.367509974606436,,0.9352305656697357,25.204478642785723,43.89168558272362,0.9633093254323649,0.7516456375406293,173
39154000,ar1,zero_shot,CAMELS-BR,0.5629416734066639,0.6907478133823368,1.5471673473636096,0.45085417662869864,-3.8622948164967514,-0.0021528382910785265,0.813293914412121,6.613077515572266,12.22830432949651,0.9855224315174032,0.8331649648419318,178
39155000,ar1,zero_shot,CAMELS-BR,0.924684969771866,0.9313144708174398,6.019726234235613,1.4703459992704533,4.859223724817207,-0.022520887582084738,0.9425453086314394,5.704791410180047,4.426996493795514,0.3227036759401659,0.2997483272538099,135
39170000,ar1,zero_shot,CAMELS-BR,-0.516790513790621,-0.27950849326801297,8.070881535537943,1.2780464802787084,65.25352708837036,,-0.27842925234097704,34.68241380750976,73.75529272473915,1.4193906881742167,1.2735171544924995,186
39180000,ar1,zero_shot,CAMELS-BR,0.011573877992424375,-0.26410366380858186,5.409205203427739,1.3997397682101993,0.19653339812304346,-0.022621861261888747,-0.07922631059168417,22.080695632471738,50.596704662210186,1.3370024607566378,0.1323801339709031,188
39185000,ar1,zero_shot,CAMELS-BR,0.9256779075441368,0.9539743565752747,10.320237438507412,2.94782301352669,-2.0161797792594935,-0.0011993529450145604,0.9700280804734366,42.23668166993347,23.62676353476929,0.4588193257951283,0.4616277523894162,188
39187800,ar1,zero_shot,CAMELS-BR,0.42474924483546905,0.4516566442642055,17.95733730251284,5.6097696734146165,-16.226112258902393,-0.04424125557209428,0.5714629382394847,73.58150752943429,141.78532059057125,0.8313029804806744,0.558697815543068,188
39188000,ar1,zero_shot,CAMELS-BR,0.5486791265319617,0.5481012248767897,31.26248377415498,8.204409511528215,-6.110897403134663,-0.007811772750105195,0.6191812619937891,130.89086644217753,275.5887993925274,0.801227120922763,0.5616294408283445,184
39189550,ar1,zero_shot,CAMELS-BR,0.2799917968730943,0.29879325035254256,2.890877774460732,1.0334956155172639,-13.187988323440468,-0.017382701667595493,0.4755776177722213,10.957143252913752,20.654592259115223,1.0927144002259481,0.5528256202157961,185
39190000,ar1,zero_shot,CAMELS-BR,0.6904637454675272,0.7543076967343153,1.1577273163359239,0.5614227164081684,1.1290761506099238,-0.0032939116017319855,0.8185643279360146,3.8227807438039303,4.761664748368302,0.4671745195288283,0.35157679809431497,183
39190500,ar1,zero_shot,CAMELS-BR,-3.7045702930935978,-0.4521947354419591,0.3718192951273135,0.11547253300076764,16.964726585079777,-0.008348808092908704,-0.3675804044591726,1.5009587250717822,0.32669688160152965,0.46446589046818276,0.3946505794763319,104
39190800,ar1,zero_shot,CAMELS-BR,0.48054823799790103,0.4831484620679791,0.5488272637490983,0.28497529480275297,2.351028694603253,-0.0031740894367460705,0.5743726446383616,1.8979121152841059,2.6891371907803254,0.35608304015704234,0.23014510685900189,127
39191000,ar1,zero_shot,CAMELS-BR,0.29459093660505764,0.3800760036764118,1.4362253611509714,0.5910985735073345,-0.2258195620730463,-0.0026314624751638763,0.5755469134494595,5.6824730564850725,10.14895292853523,0.4347851487999662,0.19532265133944238,188
39192000,ar1,zero_shot,CAMELS-BR,0.34333398739110677,0.4253307658546184,2.0979607559244524,0.85711710423732,-5.983366567695584,-0.010451597368500194,0.5985781305627231,8.126011921083554,14.612719928083614,0.6372405347992065,0.39857143063936806,188
39195000,ar1,zero_shot,CAMELS-BR,-0.2034019751791869,0.32768795218308966,13.340908236972954,4.280317917275467,7.983869632986885,-0.006750973963311341,0.8703285062433448,42.88084858223796,85.64020513167156,0.5069210460935959,0.515845179325598,179
39200000,ar1,zero_shot,CAMELS-BR,0.818707466214208,0.7946581890289044,12.756314047276211,2.439048813853179,-8.053147668824383,-0.004684355527406557,0.8046659752775298,55.76915936121626,105.48987522992367,0.7615012403113632,0.5538066131220369,174
39220000,ar1,zero_shot,CAMELS-BR,0.5056955087559944,0.7030804281607039,3.5523132846209426,1.5907110546891061,18.21762232474973,-0.0344534979216804,0.8075233184661171,8.720182968614926,13.638337604363924,0.6434547437245175,0.6023686865369434,184
39310000,ar1,zero_shot,CAMELS-BR,0.31145341366476154,0.6005032516603007,1.0522769758078472,0.19253953648384925,-6.655230506397392,-0.017586179064809443,0.8711930924750222,4.07948823805242,8.653008101257536,0.9965470061135231,1.0129071085703403,183
39340000,ar1,zero_shot,CAMELS-BR,0.9936898748994063,0.9533840783727389,0.35731825514248283,0.13572551571687724,4.376267035880746,,0.9534666389912166,0.46618364626319114,0.6262156372143522,0.6995689711576657,0.6609955356863172,175
39345000,ar1,zero_shot,CAMELS-BR,0.5579801646073783,0.5832310834147884,3.7644896298938404,0.9225734312346625,-14.02363389535656,,0.6639613683638645,14.406620180499504,27.06582265290281,0.7586491705425155,0.6941605214761318,175
39360000,ar1,zero_shot,CAMELS-BR,0.21282025319301512,0.5671943298548519,8.133845136378476,2.7868362853628112,8.201724527477031,-0.00930562097514012,0.6311426501390773,32.394801021883396,16.90223062405809,0.5975783108043378,0.5474242893014719,175
39370100,ar1,zero_shot,CAMELS-BR,0.4436044107966636,0.5827586725907326,19.75882385557148,7.421874093067731,-5.169388322210381,-0.002507134333854716,0.7421745724678379,74.45545092998317,118.94506339933922,0.6376187084811884,0.43452439645064767,185
39431000,ar1,zero_shot,CAMELS-BR,0.5361401737345337,0.5006946740150762,3.3966594310018383,1.5325477167150372,-6.209915529622116,-0.005061454406404835,0.5613849669127946,13.522040512266786,18.464805849910007,0.5653044988687076,0.3227691481728876,188
39433000,ar1,zero_shot,CAMELS-BR,0.722068815568776,0.7160734922431864,5.397816055111824,2.7533873685740544,0.08753400921137654,-0.005567755553835988,0.7549104629001666,17.102974888920432,27.874544824755567,0.5270299056828915,0.38101941068339096,188
39450000,ar1,zero_shot,CAMELS-BR,0.8700395385080167,0.9337737221335598,3.729785373076906,1.8927842948152453,0.8552383662920717,-0.004169026236074555,0.9768544268889061,11.516418423414617,2.0479400341979335,0.42356487418125605,0.37544410277459106,188
39450400,ar1,zero_shot,CAMELS-BR,0.7219026683579448,0.5952594662508118,5.409721398445434,1.878451689278463,-3.387754999345833,-0.006967897744314177,0.6038267534014908,22.494543699089864,44.91719095610937,0.32031799491462876,0.23489849299544194,188
39480000,ar1,zero_shot,CAMELS-BR,0.7892808140221185,0.8007957277818158,15.161531461136189,7.223678942176168,-2.3367009190539143,-0.005557611265736997,0.8334995833089351,48.69542097061717,82.22866088258446,0.5213920066979603,0.39906140112491567,188
39480300,ar1,zero_shot,CAMELS-BR,0.8219374773324487,0.827335887285496,10.658777653597546,4.875098320208854,6.916554021310499,-0.003958274984248677,0.8347435937274554,37.70787051820726,67.72043158271306,0.4560186025737263,0.44691340733408197,125
39490000,ar1,zero_shot,CAMELS-BR,0.675534348384546,0.6318824614162826,20.064523233640106,7.228645454692354,13.589760060004199,-0.0062657433383464245,0.6353351653211166,80.25668972529127,116.43199637327427,0.4560168085152232,0.5099969941179734,107
39530000,ar1,zero_shot,CAMELS-BR,0.3506301014908044,0.14565001481480133,2.8291373419007892,0.3393314433095872,-33.70176276822342,,0.14575034058511438,12.250338378151666,27.376182991181867,1.7948706059256143,0.7047082284193421,188
39535000,ar1,zero_shot,CAMELS-BR,-0.12166519536463993,-1.5042283772159015,0.0387464262794514,0.017969296153646657,225.1497218423863,,-1.5022653297626345,0.0387464262794514,0.28185716950770656,2.0,0.035778962862962276,140
39540000,ar1,zero_shot,CAMELS-BR,0.7427056033600069,0.539163965490432,7.179434864255076,1.7539356354112687,24.85283283997505,-0.05695137317621664,0.5401363738065551,30.74422844826471,64.33408135342727,0.921751100481501,0.9599422960925941,188
39540550,ar1,zero_shot,CAMELS-BR,0.5820184946664901,0.4888237867427905,12.178996341058365,3.5568646317113197,26.091148128682,-0.06347103263854188,0.4943442243519547,51.60056943354846,91.31581929725404,0.8273438035949852,0.8559457538861883,188
39540750,ar1,zero_shot,CAMELS-BR,0.6495061344034541,0.699030787168144,4.906386020363807,2.011388922804941,-4.646219729864714,-0.010110555548930603,0.7550041357812417,19.042772092598945,31.235650764756706,0.6430486523539217,0.49834184768100903,188
39541000,ar1,zero_shot,CAMELS-BR,-0.7724190715387804,0.05065092080658662,7.994803249421647,1.8226450174684978,27.591863871760047,-0.04621460184321796,0.061257358654145055,34.33040008812284,73.33446343556078,0.8530844038310644,0.8559502700132671,188
39550000,ar1,zero_shot,CAMELS-BR,0.6784388035833122,0.7924487836052428,9.546109552996862,3.964790758761779,11.928640604529026,-0.012902824408634536,0.8241334158551732,36.866134303922905,10.685386027744302,0.6560196078694286,0.5283617234723013,188
39560000,ar1,zero_shot,CAMELS-BR,0.6754534590048415,0.7145992524912215,32.93397943975322,10.373882936104714,1.301091441660339,-0.005171751462042778,0.7706214426697501,134.8033498675519,240.76645280534842,0.5161184572821328,0.4000755508077894,188
39570000,ar1,zero_shot,CAMELS-BR,0.5408934282372108,0.7336506818272476,3.4789926843329844,1.1434775466362772,-3.921260880426985,-0.00425735365792358,0.8902021927589366,14.507219561395097,22.35931186063808,0.6540445642351047,0.5051809003237767,188
39571000,ar1,zero_shot,CAMELS-BR,-0.032110999981757926,0.18766327726441112,3.8162802008085186,1.0359997965695575,10.704625263397883,-0.003563353248925364,0.1932483043658234,15.38904137652694,33.576794110737026,0.5058180556266595,0.5207307199952512,188
39575000,ar1,zero_shot,CAMELS-BR,0.8081970906464162,0.6615211413836907,2.467110522803605,0.7711651515406948,11.474054431567147,,0.6629421556503368,10.359361648316826,20.06926515184311,0.8389338016045913,0.9415107461711018,188
39580000,ar1,zero_shot,CAMELS-BR,0.758331862738298,0.7001686954664512,16.958456021487788,6.289995055701348,-1.7421873185056644,-0.005239773908230156,0.7217184948309094,67.06614894306756,128.4392869321431,0.7086962570331804,0.5512135338722703,188
39590000,ar1,zero_shot,CAMELS-BR,0.7900206793529407,0.7405379224944726,52.97281015944543,18.85944702949391,-2.486700168067276,-0.0025476547956492183,0.7606690967992294,216.67769989524362,417.49455304612565,0.5744131151321943,0.43492835230558713,188
39620000,ar1,zero_shot,CAMELS-BR,0.6973639554797635,0.6862890832181407,9.634349294507345,2.950221798233179,-0.5422314732592097,-0.0022658416771253465,0.7179813268664594,39.223180842000154,84.55557781318335,0.6887177495578413,0.5306360185125564,184
39640000,ar1,zero_shot,CAMELS-BR,0.8548576663884848,0.9195367550358682,7.73547003359084,3.2502385203082955,1.0880441458868164,0.0003942163462039121,0.9684287466058504,30.14682289561171,49.70220683371486,0.590249981532239,0.5562369736154322,177
39650000,ar1,zero_shot,CAMELS-BR,0.8604735725146722,0.9172714395973773,8.405456814721962,3.6029997801319804,1.6452505509399564,-0.004542959292579255,0.9435903444317558,30.133940845270978,29.031627170381277,0.3827429275009284,0.38839965885819133,188
39689000,ar1,zero_shot,CAMELS-BR,-6.6038022954712865,-1.2111978657727893,14.053691991877969,1.924509197229967,29.235148069794974,-0.04043607610171893,-1.1727800750634456,60.78510193623721,135.45630946716312,0.8523869880395106,1.1134248784762166,188
39690000,ar1,zero_shot,CAMELS-BR,-5.037533129854603,-1.107193731315356,18.851087277145265,3.7094589233191755,41.0303453979683,-0.008085107393482463,-1.1021448657259492,81.33360862770684,171.5489058845035,0.6648921583748076,0.8811349700884744,188
39700000,ar1,zero_shot,CAMELS-BR,-1.0526347908833267,-0.16614221078365476,20.04147498415905,4.354326469183719,19.24940958568607,-0.01434793950981392,-0.16039034616770187,85.95005061466831,181.95391044525678,0.7208086342597673,0.8036186632495681,188
39715000,ar1,zero_shot,CAMELS-BR,-0.1627340988540784,0.11732522826553105,2.2530902959180206,0.6714527528320886,25.32586657330276,-0.04945472183561747,0.11996234455615573,9.538670646304144,19.940221313106377,0.8035961550235718,0.8996388515057516,188
39720000,ar1,zero_shot,CAMELS-BR,0.8291730131589895,0.9012361188936142,5.348725291041594,2.32897371214858,5.053395119668567,-0.010897559451697372,0.9478856021596078,19.99864114140366,36.51884904144986,0.7053321329554871,0.6455786752963445,184
39740000,ar1,zero_shot,CAMELS-BR,0.5861562449386457,0.7347741413651763,30.19038824898977,11.301782702493691,3.1607818334560154,-0.006921252752620949,0.7637919885440749,123.93365275339065,107.04446249940352,0.6335664404581842,0.6105997860122848,188
39745000,ar1,zero_shot,CAMELS-BR,0.7466793378448223,0.77821698317402,12.947992023270057,4.326187355995739,-5.074483599774823,-0.0029349969931295565,0.8225504399909467,53.23116458455594,80.59680147271337,0.49134670107858724,0.5541468000262205,188
39760000,ar1,zero_shot,CAMELS-BR,0.7124639179418379,0.8129580013348898,43.82765684375395,15.144714087395924,-1.365241100711132,-0.006799238398592731,0.8723755074949594,180.812342352641,362.36117431439027,0.7261574355949966,0.5780465635629729,188
39770000,ar1,zero_shot,CAMELS-BR,0.8048192034185049,0.6981423114583909,43.89272655605035,16.117397247805886,-5.400227941688181,-0.007266741007689197,0.7083122139651514,172.50953442657715,330.54271106568706,0.7366044965684845,0.5141434622742097,188
39800000,ar1,zero_shot,CAMELS-BR,-3.7744435997201524,-1.1425008698330554,4.5840171777808,0.6047744280457193,66.39934291577921,,-1.1423292096908275,19.836447150283085,44.288489920882164,0.8057879401624302,1.0923832744178268,188
39850000,ar1,zero_shot,CAMELS-BR,0.5351677978976117,0.7684605453421471,8.38657476882357,3.5095777355196085,4.6352662713927115,-0.01192493400035665,0.8619670119032299,29.808432929820114,54.25086671312646,0.6676399753105043,0.5634646612267136,177
39852000,ar1,zero_shot,CAMELS-BR,0.08620076316172376,0.16134409684457718,22.81706564642373,4.029466177450845,24.30336524219412,-0.019519003041160807,0.16186626848183427,98.28335909580754,217.05364218162484,0.905769415838155,0.9456767736083834,188
39860000,ar1,zero_shot,CAMELS-BR,0.0018760745465891127,0.3252325345474468,38.5704333119695,10.696267431563474,25.09143294362203,-0.025011531098171565,0.3502880671096341,163.0582970432422,337.96016727292107,0.7712085065113876,0.7760618886726034,188
39863500,ar1,zero_shot,CAMELS-BR,0.8266087705935004,0.830343686978021,0.2991538745265577,0.1584037847986071,-0.1353176069731472,-0.001074908439467965,0.8554895013401582,0.9973266331838254,0.5636090318124808,0.39064521061166274,0.314152871520425,103
39870000,ar1,zero_shot,CAMELS-BR,-0.17554409874484356,0.3292515533825424,58.46442636779111,17.68893336773249,11.91275015774323,-0.013887686190309206,0.3435602351256971,246.85348380893245,477.7781033466265,0.6898083360198057,0.7166054455573906,188
39880000,ar1,zero_shot,CAMELS-BR,0.6199246920110237,0.6647372992683143,6.835012874303133,2.6532857787897384,-12.214189253386094,-0.021839530080545157,0.7275072516329388,27.29808174724947,35.45387426927428,1.0959304575754436,0.7257946437077744,162
39890000,ar1,zero_shot,CAMELS-BR,0.6609587541743756,0.585355643913355,13.01967182213248,5.300842558139216,-11.876044192725209,-0.020226406253056356,0.6159725933348975,52.33527597312074,70.15984667373823,0.8501563273566936,0.5757384404943474,184
39950000,ar1,zero_shot,CAMELS-BR,0.7620535860425328,0.8604700754874169,3.9507386286446486,1.3676654768478347,0.5462255930549464,-0.012624685425571876,0.8947780101454299,15.304003413886656,23.168951780735576,0.8095782061944392,0.7539562371451055,188
39970000,ar1,zero_shot,CAMELS-BR,0.43649710596874747,0.4398717944286268,22.068542401705585,4.394360356669267,-18.33129086714085,-0.057801240949460514,0.5486738440164523,94.76361363771512,201.53744477114495,1.1736948531358404,0.8081351220605062,187
39980000,ar1,zero_shot,CAMELS-BR,0.0752037110647854,0.3570304707812847,12.712833187452429,2.5458773180733933,12.463575523837456,-0.003697029563594644,0.3714822707271145,53.80308070928872,33.171528111234245,0.45489686693294695,0.5250786879716195,164
40025000,ar1,zero_shot,CAMELS-BR,0.7131113495585534,0.7499588636409482,3.3812610031995893,1.6575506842436194,11.448704326314623,-0.006976441713403243,0.7965659659370722,10.397231211385558,20.946712607495595,0.3678771744971297,0.29096367965807196,188
40030000,ar1,zero_shot,CAMELS-BR,0.024025791201227054,0.5307866864282318,6.8122638647047244,3.719709213158143,21.09423249474891,-0.0030076238002925007,0.5572504070330442,24.00776316567311,5.773596271696025,0.12304693774831606,0.15558566014879632,63
40032000,ar1,zero_shot,CAMELS-BR,0.8912337430012943,0.8801047044777202,4.857628362859369,2.122479638375447,0.58540254817041,-0.0033592258579417805,0.8927003210618072,17.890591240856963,4.133739863789717,0.3069851900149231,0.2783659680704198,180
40034000,ar1,zero_shot,CAMELS-BR,0.7687935820258824,0.7617875705778209,3.1070061239060474,1.9026997922760527,3.412922055340446,-0.004530715674992484,0.7902129100286933,9.692036416443834,15.432081556304194,0.27880350746232485,0.2170636997698941,185
40035000,ar1,zero_shot,CAMELS-BR,0.6591968448776653,0.70709737308423,10.670093724420553,4.810505920942251,2.130134165625862,-0.0022666883190829157,0.7728772920632142,35.59100843225751,58.90416236961179,0.4467544787827928,0.4188334746033713,186
40037000,ar1,zero_shot,CAMELS-BR,0.7582988805261535,0.7271985199351505,13.73967381407963,5.3934203278343835,-4.741184308701974,-0.00341701718981062,0.7550310796397535,54.502979425388595,44.428832660481376,0.4999933483328824,0.3648326431548585,188
40040000,ar1,zero_shot,CAMELS-BR,0.9942985273787354,0.9932582181678372,0.2773484299848045,0.1605400872290275,-0.05679472728644858,0.0007570894872346613,0.9938161830400944,0.5669953285646586,0.6092966146409919,0.20613091278231613,0.19966556313607653,175
40043001,ar1,zero_shot,CAMELS-BR,0.8128396655922014,0.7018690393438641,11.602281515044242,3.28059575860301,2.2919204850610924,-0.008928892000198061,0.7060644073250866,48.760818827054834,103.98449299590764,0.5772926800332185,0.4676508053266612,188
40046000,ar1,zero_shot,CAMELS-BR,0.8980079166596735,0.8722425185164003,16.697742007077863,6.865417388692913,1.1871938978720025,5.978472059423035e-08,0.8811572652074171,58.14739382091345,93.07753291353279,0.39252185868654543,0.38158915443809566,188
40050000,ar1,zero_shot,CAMELS-BR,0.9814160559946352,0.9757412699498367,15.772023233984672,6.946416172045558,1.5693363489704337,-0.00010636098566257218,0.9773571397094074,34.300984058245234,9.802128608222707,0.2888076478458076,0.31322900612418025,188
40053000,ar1,zero_shot,CAMELS-BR,0.832593584370176,0.909155883313738,1.1089091314220825,0.23148714105130686,-0.7602593622227204,0.0005509333010758986,0.9696330263430538,4.265961584423723,9.023874254520186,0.4087665693892621,0.4709632226564147,188
40056002,ar1,zero_shot,CAMELS-BR,0.9336886824842506,0.9632721882278928,2.497126835315962,1.352019978494384,1.5289312840077747,0.00028657603492147216,0.982566258702827,1.3821740756911,1.096511450800186,0.34845705059993404,0.350886295028739,51
40056200,ar1,zero_shot,CAMELS-BR,0.8087038529637749,0.755242538287625,4.480991907205551,1.743343553528026,-8.241538365936881,-0.004463960878830499,0.7723465761409012,17.062246868149042,7.67590745284465,0.7034313358698134,0.5951435717336535,167
40056500,ar1,zero_shot,CAMELS-BR,0.9735944456863995,0.9570644347646646,1.2354161650690365,0.6290703929677648,4.064371101637982,-0.0014477310453521568,0.9580474399258926,4.220144020358072,3.1013486922771847,0.3312857031066594,0.29245285525553893,75
40060000,ar1,zero_shot,CAMELS-BR,0.7815896842570961,0.8779057758416303,3.3887207027444877,1.7980708680333122,1.9089912122491215,-0.003305768654021435,0.9521308284781476,9.256634710015856,5.343622110699266,0.274248201750585,0.2642178770999992,188
40060001,ar1,zero_shot,CAMELS-BR,0.7107836600673687,0.7798436660707236,5.583436675180751,1.2800147532360826,6.322622010715473,-0.002320241902834544,0.8057249495724432,22.33913715190791,7.7163463529413185,0.3183004924130638,0.3073532700223972,184
40063000,ar1,zero_shot,CAMELS-BR,0.9154926388295013,0.8928184247511888,8.690124636480535,3.979504512096012,-3.0479016426944114,-0.001187459918125914,0.9009966471797752,29.10805946986155,42.056841421712505,0.4817082721841872,0.4515874255665846,135
40066000,ar1,zero_shot,CAMELS-BR,0.6291953981784808,0.6554881913375923,2.7455847665190736,1.426379495759925,-8.405336946115598,-0.011897653810262152,0.7106286669350637,9.033823706369185,12.9772955450506,0.34204896600903256,0.23671656493702983,188
40067000,ar1,zero_shot,CAMELS-BR,0.9935504803684487,0.9929489752462026,16.840383113756435,9.20852909914938,0.6247537311001783,0.00027912693025639035,0.993614982335421,35.83118613117084,41.05425538301417,0.25493334929160244,0.2583292418187085,136
40070000,ar1,zero_shot,CAMELS-BR,0.9846259172249768,0.9835722459123144,21.228879109484033,8.890406112288971,0.8711355981196741,0.00016262678771343173,0.9852792083528652,64.82695127376697,120.58250870306874,0.265648312937804,0.2583179870260115,157
40080000,ar1,zero_shot,CAMELS-BR,0.8850695584963137,0.8674987406436303,33.181497488012305,8.641944214519272,-11.610254626945421,-0.0014780413830479608,0.870599320762453,134.09840024750812,118.65340393336527,0.6782022916025802,0.7236065328220277,104
40100000,ar1,zero_shot,CAMELS-BR,0.9924064323657255,0.9799319185996787,20.342873551042757,10.570604387712464,1.1013862604764104,-0.000958365893318585,0.9802108622739324,48.18049575383253,68.56150689551087,0.2755535286055574,0.2696193665954052,188
40102000,ar1,zero_shot,CAMELS-BR,0.9936738047025107,0.9893338863698958,23.594946471034426,12.563448958297146,0.4067517916459891,0.0011236690159099894,0.9897532048599309,30.113510418480452,41.5649707885039,0.22948164568324267,0.2339924172661635,188
40105000,ar1,zero_shot,CAMELS-BR,0.8276169469173043,0.88470032224431,3.1902221335747885,1.4770561945600444,-1.5885271760273139,-0.0033233749073225474,0.9199939549386691,11.549978125767929,13.048301100152973,0.4207618137489126,0.42439518114600083,187
40130000,ar1,zero_shot,CAMELS-BR,0.8793481953629414,0.9160292323110726,8.50784157857623,4.292180313887272,1.1122849127135028,0.0002968906962839673,0.9358486411024487,18.788018760160142,13.716342724009403,0.33082185813782744,0.3564772641304791,188
40150000,ar1,zero_shot,CAMELS-BR,0.9630103510570353,0.9576055597816204,5.514880394715383,1.99626463705035,2.15403524163474,-0.001091617478524742,0.9611554309714068,19.06904650676135,10.742016930431575,0.3087071094179976,0.30302881231171536,188
40151080,ar1,zero_shot,CAMELS-BR,0.44587615545899917,0.6292151814594076,7.7445980165721995,3.83303130722342,3.3272965294499914,,,13.1783423298129,13.1783423298129,0.2486905653007962,0.4145159542545268,9
40154080,ar1,zero_shot,CAMELS-BR,0.9328440394954769,0.9432080028766932,3.207113565235285,1.7647500552440252,-0.561867639355283,-0.0014177264580039761,0.9545477628897527,7.580704610494207,15.666976024019913,0.2753361360215923,0.2660943909861034,188
40160000,ar1,zero_shot,CAMELS-BR,0.5980849369761627,0.6522081845992004,1.6247061948641568,0.6848511024399081,-4.556949295430708,-0.005146825742270333,0.7336319382696423,5.853671709577402,10.443558012374973,0.5007716111401358,0.3272085340217213,186
40170000,ar1,zero_shot,CAMELS-BR,0.9368186132915233,0.9497144772296555,4.07053550452865,1.6361278816798803,1.0643111955614952,-0.001466876866407181,0.9611259185869874,13.627607539163598,20.08828371009665,0.3550315361455717,0.3353430643498288,171
40180000,ar1,zero_shot,CAMELS-BR,0.35770343932431015,0.45157584272000173,2.0956379516890675,1.0304893636950796,2.165315925361037,-0.011378726747301806,0.6253041701849453,7.632498119158734,12.839783068539568,0.580803222037589,0.3561233722225566,188
40185000,ar1,zero_shot,CAMELS-BR,0.806568921117181,0.73047877674143,18.152114197493926,3.1584257935302933,-4.3023214407569235,-0.0017333376498087916,0.7439853672850127,78.08942911499246,171.08139046940101,0.5561863318307699,0.43116722391154516,188
40190002,ar1,zero_shot,CAMELS-BR,0.9760461048972267,0.8725412438897407,3.4716585634193744,2.114949748788836,3.249172763116356,0.00047962622684126835,0.8725844401636172,11.94295014115905,14.725898971022573,0.33665309411946936,0.293166777639845,35
40269900,ar1,zero_shot,CAMELS-BR,0.9496675334101011,0.9472094952653289,0.7956537028147578,0.3311380134853729,3.4362356886659757,-4.7442488736240684e-05,0.9523816401144732,2.925806899490115,2.080607875289346,0.276868518789412,0.2675934166812952,184
40270000,ar1,zero_shot,CAMELS-BR,-0.5504485458584718,0.5902297482302756,0.2923996357738552,0.23186150147620332,3.954783946748326,0.00038844906578533304,0.6895173336776399,0.5660256967398223,0.2385351470331747,0.02909796314258003,0.025658824172848416,32
40300000,ar1,zero_shot,CAMELS-BR,0.8077047292506657,0.9004558202504276,4.205879367564793,2.038585139732034,1.048380117064867,0.0029578223360583952,0.9736775848669424,14.897232224168164,25.318704954327302,0.3018730913066456,0.29059712804159576,186
40300001,ar1,zero_shot,CAMELS-BR,0.5341543230349878,0.3952826213484084,44.943552850446466,6.144139763612073,-12.102654861655449,-0.0012251807566573663,0.396831224076829,192.28797303837388,426.7579844649931,0.7547537447332864,0.4342624816519478,184
40330000,ar1,zero_shot,CAMELS-BR,0.9365239715944795,0.8936576780154889,32.55958093440022,10.674532365216791,-0.5470217288351069,-0.0013186671668457793,0.8970295075712954,128.81105653745135,207.79762952903477,0.4470702879893977,0.39808942063682307,184
40350000,ar1,zero_shot,CAMELS-BR,0.6937573679768975,0.8192743682382368,1.9536865118711488,0.772095870763454,-3.269568898709186,-0.0008177990003106483,0.8934824232472515,7.983332589939704,11.650650284831793,0.46857647109465805,0.4099749907295969,136
40380000,ar1,zero_shot,CAMELS-BR,0.9606947985371734,0.9780280307439707,4.099671959654396,2.290199481163913,0.6329211038587043,0.0005127393996657379,0.9898183722823208,10.903757329916788,12.452762037608474,0.3929224512101563,0.3825651081339667,188
40400000,ar1,zero_shot,CAMELS-BR,0.944475539900799,0.9122642733941856,8.24345932958446,2.886775630726778,3.134066724574399,-0.00020772538179079925,0.9149026291223848,30.623552469235122,44.50468461627792,0.4328591433647614,0.472452599076618,188
40410080,ar1,zero_shot,CAMELS-BR,0.9762857779824043,0.9563920472676316,4.317282389049656,2.168096536702949,-2.012386921330306,-0.00510011269489204,0.9577042929146183,12.519949988640315,6.33054960148387,0.4301131309762064,0.42834784359864064,132
40410180,ar1,zero_shot,CAMELS-BR,0.9233750483980531,0.9458131467253514,7.340782001126907,3.0620759206542045,-0.06534714331890928,-0.0019584632575835453,0.9562061520368542,28.044643692443625,32.48775324987735,0.34388602748467384,0.36825959941157427,143
40410200,ar1,zero_shot,CAMELS-BR,0.9473077166226185,0.8261334608501401,7.435321091997142,3.5337664414480185,-1.6326088371942509,-0.005174271896549093,0.826635645295243,28.766373747244987,45.28892012850132,0.5323859351747426,0.48401206278940634,145
40450000,ar1,zero_shot,CAMELS-BR,0.874289646335154,0.8697049081401025,54.149786440433736,15.426770805317608,-2.5526069524410344,-0.0008420156642419685,0.8860169842027795,217.06979175003346,476.2817765735074,0.3838091435015642,0.3302788468730854,186
40450001,ar1,zero_shot,CAMELS-BR,0.9138425194018,0.936413549492844,11.94651723830167,5.199365989902046,-0.4961007312511611,0.001293879901305934,0.9540677594308666,40.90111783324747,61.415760425435046,0.31728389281601105,0.2897226672012699,188
40500000,ar1,zero_shot,CAMELS-BR,0.9273895086133145,0.8984218701695188,0.7524450766973435,0.2761314404081061,-5.114971167150825,-0.0025547862444543004,0.9040169241593914,2.792086986743811,3.6861983703949446,0.46417059235305075,0.4703064355167283,174
40505000,ar1,zero_shot,CAMELS-BR,0.9550356117094536,0.9188169870507062,9.907743186019646,3.217707148203608,6.497385021105078,-0.005826224803346221,0.9213195152303005,23.444436028058153,27.310310501176204,0.6745004284886312,0.6756338275949958,188
40530000,ar1,zero_shot,CAMELS-BR,0.8861150844852899,0.8495905614782676,3.0549757665392,1.2623324493009291,-8.182014298329985,-0.006586750617373044,0.8598356595511693,8.654651434750773,9.509396247479149,0.7326810901908436,0.6802420548552194,182
40535000,ar1,zero_shot,CAMELS-BR,0.9445842829934037,0.9143840469892883,84.16223082207475,44.04936696374609,-1.3421604141595098,0.0017106881159540538,0.9185470817410638,276.1407041713546,366.4575372588017,0.4083927813444137,0.36815871896546404,182
40540000,ar1,zero_shot,CAMELS-BR,0.7016340341568623,0.7552824880785182,2.854961591814621,1.40698664458906,2.8485956900125378,-0.006587490617633777,0.807255920325507,10.797263558730682,14.15197451796595,0.45108644083878924,0.306582590506539,129
40549998,ar1,zero_shot,CAMELS-BR,0.8684845061790697,0.7976931552829738,4.336359688190689,1.872379061503028,0.738158048353447,-0.005363042276718959,0.8040103764263158,16.790456537170982,30.596608280252426,0.5460596737715855,0.466658096723384,188
40550000,ar1,zero_shot,CAMELS-BR,0.5243703599096059,0.5774111714211632,14.241541279747196,4.605949121596216,-8.621222038344824,-0.0039660572663170295,0.6760744059042683,57.67763429646257,80.6174967671498,0.5407980021886136,0.3250902039367307,123
40550002,ar1,zero_shot,CAMELS-BR,0.1956411028643289,0.072933220408545,22.088924933913678,5.948024742886932,-34.02278167865797,-0.005173125255871775,0.08224715436385854,96.07967411222943,134.00584738811858,0.7925968256309105,0.24831274064091655,39
40570000,ar1,zero_shot,CAMELS-BR,0.18222720533574155,0.15596970808248833,1.426625812221267,0.7068644252962502,0.8427087472071227,-0.009871103830198834,0.3764954495535999,4.976716934228083,9.66587168620045,0.7673845573124188,0.20791654443854066,84
40573000,ar1,zero_shot,CAMELS-BR,0.7347655262353328,0.8619706566698526,1.8040431213118522,0.8310191046155314,4.354377493637247,-0.0026250785599316595,0.9349454362261047,6.7462596238634385,8.389381558704395,0.4196994179977407,0.3991734569747645,188
40577000,ar1,zero_shot,CAMELS-BR,0.7550022409261319,0.8198016178923857,1.373730719936036,0.7469632056975762,9.615307922647412,-0.005342040952636497,0.8465999827936169,4.686823340690376,6.7662428589331585,0.313370943313867,0.37193659581640176,188
40579995,ar1,zero_shot,CAMELS-BR,0.18968473101280614,0.6064598903857459,7.146871248743081,3.009781376491557,13.715420140336263,-0.006378445985475267,0.7607581742152267,18.26744671361245,35.41823336110625,0.404464265401488,0.4541227820964196,88
40579998,ar1,zero_shot,CAMELS-BR,0.6632867046630515,0.6464467425337206,5.945965793301557,2.846476837801868,-1.1048734382852674,-0.005338837853197701,0.6925030827705414,22.253005508789677,38.891153215625096,0.49041545461326175,0.3561877190282417,176
40580000,ar1,zero_shot,CAMELS-BR,0.7121988638588755,0.7211957245904331,3.535824408540139,2.006570543568671,1.8739819712213381,-0.003256591610976403,0.7651570150016935,12.394356841741216,5.3367006357433056,0.357610667420548,0.30235226812561555,188
40585000,ar1,zero_shot,CAMELS-BR,0.9702359785652811,0.9663483552049446,0.07552620639620629,0.04549043748152215,3.032141592063498,-0.003622682098177482,0.9693022151915256,0.13570698081030896,0.16861675412264399,0.3420076052595408,0.32583629810751086,188
40665000,ar1,zero_shot,CAMELS-BR,0.7978849700813876,0.864153855889136,2.197508603661367,1.1966948400541266,-0.0749858139875819,-0.005098342154798822,0.913512232538681,6.187474097003226,3.055171249041791,0.480279346628858,0.38266112177707234,154
40675000,ar1,zero_shot,CAMELS-BR,0.6780319336242049,0.6904272019474239,0.9647195762981223,0.377356366785621,-4.493981661868904,-0.0036368352664802404,0.741049472154925,3.5252074536649025,6.43759343780977,0.3333002338478647,0.26943225645855834,181
40680000,ar1,zero_shot,CAMELS-BR,0.9703132026823015,0.9098639539912177,1.897815048574764,0.79667203296658,1.6939384241020288,-0.002660150403338571,0.9104516962068644,7.234285831319971,13.056538279645785,0.35232920540877194,0.31008244419081293,172
40700002,ar1,zero_shot,CAMELS-BR,0.7868260149463792,0.8309420780566822,13.282981149573484,5.761659916452145,0.15903788590126697,-0.002366802611201516,0.8733095028121586,50.28502596677181,65.43526472649432,0.4253985825228363,0.3523712173672968,188
40710000,ar1,zero_shot,CAMELS-BR,0.7831009843919454,0.6267373892000947,36.68734798843777,8.264716826293565,0.5992013562566665,-0.002955589802215188,0.6274935356129272,160.48016378117902,337.796513971342,0.4852383706505356,0.38479430584950897,177
40718000,ar1,zero_shot,CAMELS-BR,0.8431830141868358,0.8300118059237781,6.712709944599833,3.0874551401051247,5.510442211235229,-0.0018926799342582415,0.8347233536160978,24.10457328624156,25.089078095543428,0.14217919514047073,0.20356922039161104,62
40720002,ar1,zero_shot,CAMELS-BR,0.9218708172678514,0.9240207344424549,14.115595256111295,7.443078822874835,-0.0500102340008369,-0.001841176138327627,0.9350339004930281,32.56992667673547,26.635422002091342,0.4107511919621846,0.4157704334861074,187
40730000,ar1,zero_shot,CAMELS-BR,0.6500784918412432,0.651672492231002,0.22279711549976905,0.11808781883450609,-1.9310902507081704,-0.008724250704165944,0.6984583579005976,0.844976069555484,1.0574784568340718,0.5008080799772998,0.29104335503934275,188
40740000,ar1,zero_shot,CAMELS-BR,0.7186069876743959,0.6867320532026352,35.51326495755835,10.955448133622813,6.666464097622174,-0.0018577289688618721,0.6917018663416057,147.86881517570382,295.9937342549235,0.44674541639354076,0.4326520717903713,188
40770000,ar1,zero_shot,CAMELS-BR,0.9044164993386716,0.9370298007242395,2.374438626887568,1.1106341157040733,4.063176116400957,0.0010705946448557706,0.9560115559679618,8.047222977351518,11.636794636817367,0.2791892551139245,0.2712269364027371,188
40790000,ar1,zero_shot,CAMELS-BR,0.621101822473429,0.7619514743832975,3.0343865600754563,1.1309677593155862,0.4616695823900267,-0.008419907217539619,0.8818005031007656,11.03827742944644,16.447862473160907,0.753644312172493,0.6884701277872288,188
40800001,ar1,zero_shot,CAMELS-BR,0.9302445849334415,0.9556255793789494,23.98677046421845,12.251045673482231,1.2807618287708178,-0.002925229023586877,0.9728483653101548,78.59404774915592,85.48224070361799,0.41918093322381733,0.37808143100988534,184
40810350,ar1,zero_shot,CAMELS-BR,0.7047616561582235,0.6612613191647569,0.14625612627772902,0.04191272397250172,18.127933649935866,-0.0035900456891996106,0.6632519453435863,0.6210034100350619,1.3705494564512473,0.5914133544200759,0.5174789759974241,187
40810400,ar1,zero_shot,CAMELS-BR,0.8802849559447725,0.8632241213624062,0.06764642604034152,0.03060456210918018,10.99287379408203,-0.0013940611555219012,0.8753651688736883,0.2544076948200668,0.26593781992300114,0.3673848964171545,0.2711288879436663,188
40810500,ar1,zero_shot,CAMELS-BR,0.48717652315446847,0.6202660457940227,0.198399207020002,0.14019183475888153,10.636434343889626,-0.009353166035454111,0.7448600915584304,0.6034688759961004,1.085646446647613,0.2761483796918119,0.16437852332016173,96
40810800,ar1,zero_shot,CAMELS-BR,0.4958935652413382,0.5590188348304734,0.7333365307299055,0.2491171714176648,-6.599564163625095,-0.007997781034556551,0.6708385303153326,3.0493799028324684,5.23376021483071,0.4585613356480106,0.2882402683853525,186
40811000,ar1,zero_shot,CAMELS-BR,0.4593465394183879,0.5262440944564217,0.2972951204534325,0.20139476902072287,5.569921774158012,-0.005671648231371172,0.6457883911469477,0.9899330196683082,1.4475725479332118,0.32626367376977894,0.14838961436973963,96
40811100,ar1,zero_shot,CAMELS-BR,0.6643720970886892,0.6786181654557788,1.765310502336571,0.5637980977257819,8.25325492135819,-0.0074459029753150534,0.7167099409837148,6.852705816920072,12.715857902023659,0.5745835483016608,0.46059837342158333,188
40811500,ar1,zero_shot,CAMELS-BR,0.5650854926845854,0.6533581203797574,1.385147338591969,0.5218384535472907,-2.925060532728584,-0.003957969370646557,0.7570555787315314,5.21443991603161,8.649311504299687,0.4678255352894528,0.3367218619081495,158
40812500,ar1,zero_shot,CAMELS-BR,0.6937514629906181,0.7635319199036947,0.12722810751346497,0.046867735792220463,-5.9053104828123955,-0.0035296095670685514,0.8273156076008269,0.49255747131372196,0.534671751056541,0.25333443790903815,0.2129883974350496,136
40813000,ar1,zero_shot,CAMELS-BR,0.4645157492459989,0.5669412991871199,0.2124071336393218,0.09028772855814408,-1.7687970236137358,-0.0048183145345296035,0.7052969934027928,0.8126662001868296,1.426094547111749,0.43680338019960663,0.35455444775909767,188
40814000,ar1,zero_shot,CAMELS-BR,0.7842193050539982,0.8642782043927397,0.048630775378788516,0.02715364013228383,8.627701184789855,-0.003479579178279355,0.9118407441518528,0.17345624150030917,0.17144505761166592,0.29658104196816215,0.30900952905235635,188
40815500,ar1,zero_shot,CAMELS-BR,0.7891388260567456,0.749258832566833,0.848765746224143,0.2981846480489873,-2.2527876265915254,-0.0020804027395908455,0.7697576384478674,3.399182312937508,5.0842220215307705,0.43156095156010027,0.33008572542476344,162
40816000,ar1,zero_shot,CAMELS-BR,0.5181398259857326,0.6501856305363617,0.03524595188419594,0.017825597988403614,7.053173573535168,-0.016467154528481215,0.7826676805045242,0.12358572605821919,0.17824142691737588,0.6255013978363924,0.44224291835205876,188
40817000,ar1,zero_shot,CAMELS-BR,0.7433236935252334,0.8383329918678105,2.0422314855300927,0.8069226681590899,2.4851201762882527,-0.0013144907044031606,0.8730286813835102,7.933464738469354,4.094893849007809,0.35766316124530195,0.38074817072361095,180
40818000,ar1,zero_shot,CAMELS-BR,0.7125852588406361,0.8395825976690543,1.8559841642066444,0.6385067425504605,3.5734079461411885,0.0012231748878884577,0.8912344803280089,7.462170330001148,4.61823349634838,0.3248833057930985,0.36422307413204813,188
40819500,ar1,zero_shot,CAMELS-BR,0.5535390135974632,0.5945458533329252,0.3329365694195803,0.14053156455284727,1.3101249663267571,-0.0018057235688116232,0.6821435945511435,1.3372957776346452,2.6888654487405628,0.35665493204019305,0.2173431560263845,188
40820000,ar1,zero_shot,CAMELS-BR,0.2915908504906196,0.6299133322615982,0.3852354360759191,0.1464377365993896,-3.0065454205364834,-0.0038102587744136395,0.7906827222577588,1.6342576917408171,1.9999190596858782,0.46101123779300873,0.3347728544424353,136
40821000,ar1,zero_shot,CAMELS-BR,-0.06191146392573521,0.5373664946693257,0.07359270765856048,0.04740282822189465,25.292597231048813,-0.002760955937197213,0.6585209876999423,0.1338467876308561,0.14432113296182467,0.24126508399716068,0.2132300856681165,96
40821900,ar1,zero_shot,CAMELS-BR,0.24237333681677364,0.5492601908173336,0.197325159256466,0.08771044195592902,28.562520815482483,0.006634789026238704,0.7121125462068436,0.52554665101041,0.8145597715304403,0.6398994203886806,0.5741613754674125,72
40821998,ar1,zero_shot,CAMELS-BR,0.0008480050847515797,0.07291201326041785,0.5210093620107006,0.1986970415943431,4.733365936214581,-0.004221562897651047,0.4711490278803363,2.1597587818445048,3.997580106545035,0.5956303054608648,0.26750775960845424,188
40822000,ar1,zero_shot,CAMELS-BR,0.520280441274989,0.7459808535838734,0.29734211052271475,0.14644236434252556,2.9314727127966513,-0.0049793600273865014,0.8927187313576288,1.0912964861875047,0.9402831521079917,0.30537960698818595,0.27004894213811076,110
40822995,ar1,zero_shot,CAMELS-BR,0.34212010112598246,0.37511580980414894,0.665665708110381,0.18741442208883133,-0.2012826235882172,-0.006513336589761401,0.5289946922689428,2.8298001021268844,5.698002509838675,0.9386533192351634,0.5548100011297933,188
40822998,ar1,zero_shot,CAMELS-BR,0.16321325819791965,0.12966083128655248,2.36186817657665,0.9059936312921721,-4.892093607902175,-0.009220792920861757,0.35085673052895283,9.782647733418674,16.204272222810513,0.46963734827528797,0.22637992429186488,115
40823000,ar1,zero_shot,CAMELS-BR,0.4764192855881013,0.5811530810109957,0.5222431493093838,0.23641215185694403,6.310691470209289,-0.003718489074766967,0.7129698801681528,2.0202246234722843,4.096761313817087,0.4115430224689104,0.25787689864597535,188
40823500,ar1,zero_shot,CAMELS-BR,0.2999569782069812,0.2150642758383089,9.925422378036963,2.0450303336128157,-29.177057588212968,-0.005204925857965361,0.33401457304028415,42.917191627050826,78.79695622063588,1.1729381418995621,0.43664008644864544,188
40824000,ar1,zero_shot,CAMELS-BR,0.4050512887280203,0.6266834214745971,2.071616455312137,0.6853280604085589,10.788639532580587,-0.003935045333831712,0.6704746989189321,8.560473409647356,7.822833831277939,0.4551759644026036,0.5436400712313504,188
40830000,ar1,zero_shot,CAMELS-BR,0.621906811150347,0.7079722558397994,0.6919593597350386,0.3558909718314289,0.09806451464972409,-0.005280901911879051,0.7983777039208885,2.2993009518227665,3.7724590870246373,0.38594903601028546,0.3349757933625207,154
40850000,ar1,zero_shot,CAMELS-BR,0.9516647911185236,0.9126065399174854,33.082307236913095,13.789318804221104,2.739968232398064,0.0006136178357875714,0.9143618937646156,114.6463252070666,194.59319316772363,0.436326320857601,0.46478807737747097,171
40865002,ar1,zero_shot,CAMELS-BR,0.9516699492306014,0.9693393054723601,26.287799887379414,13.599759614925864,-0.044727281530939404,0.00018641441271742033,0.9802339534026236,62.5577609816818,73.19931684135585,0.30375523401622595,0.2923184999461675,188
40870001,ar1,zero_shot,CAMELS-BR,0.9660237291329518,0.9768907588232615,94.31240658777057,47.69579454033781,-1.3066426738376158,-0.000658750274928465,0.9839956877287912,231.64375870882654,178.6252164074036,0.3174125914405852,0.2842940481548299,176
40930000,ar1,zero_shot,CAMELS-BR,0.2892626645045797,0.4523503130483203,32.33751023284436,9.043441949351058,25.141837836662624,-0.007249358901461042,0.4704318548013894,128.57962102825454,258.18142590333986,0.5732660366443664,0.638049038971349,188
40960000,ar1,zero_shot,CAMELS-BR,0.6722462630031154,0.6686242822200152,36.989240637168514,12.924444292696487,-2.1864994477599806,-0.003981513760955992,0.7163106993525836,141.52570680994893,256.3057626985162,0.7148776103249037,0.562753666551676,188
40963000,ar1,zero_shot,CAMELS-BR,0.6281397074165253,0.7058003252678613,26.35107015225083,12.00008724786799,7.303258531568888,-0.011359473774520894,0.7842253813476667,105.03522333988403,169.92962137993734,0.6534238271739886,0.5209585532885597,188
40975000,ar1,zero_shot,CAMELS-BR,0.483324552554405,0.5074182196678785,20.70122889034027,7.06540073277355,3.4246173634014556,-0.022446189460505885,0.6074497242897344,83.1808882093485,179.56152754698655,0.8285982826939834,0.47223434204287934,185
40990080,ar1,zero_shot,CAMELS-BR,0.9781980359461386,0.9697098610501145,66.33873379268623,34.97681644314916,0.17395999024858153,-0.0023179882373033887,0.9713618994827471,197.27045954622378,379.73792003832153,0.28260720946924617,0.2880396828140511,162
41020002,ar1,zero_shot,CAMELS-BR,0.8706157435072982,0.9324376948671242,91.2403581758946,47.592625402947505,-0.28462839627641384,-0.001162915044791232,0.972487319400881,300.5920315488075,202.53777463677667,0.1376465150879367,0.14174607268509426,186
41050000,ar1,zero_shot,CAMELS-BR,0.49204132518174504,0.6244973439136963,29.926994541654533,12.37084384029775,21.939817071391037,-0.00790171278608601,0.6629142294179887,116.23671631209386,130.02483932607902,0.7130830786111038,0.6640341633966745,149
41075001,ar1,zero_shot,CAMELS-BR,0.6994198950971253,0.759791470642452,45.41429862019317,19.133557788631528,6.361852803645064,-0.008498946448561358,0.822742726932581,168.54248115012734,330.1177488980679,0.778965948722593,0.6169838336118902,188
41090000,ar1,zero_shot,CAMELS-BR,0.3862089685126193,0.5175102243958996,64.49758108811885,35.6442063130645,9.402960092599237,-0.010912098838888065,0.6893488721065777,204.7041094867863,333.57404892871205,0.5618705329793751,0.38676827590271695,188
41090002,ar1,zero_shot,CAMELS-BR,0.7458011088492733,0.7778764126788866,49.987922177120346,22.854297246519494,0.07740100063131866,-0.005839735330475774,0.8235137145469221,180.49449993987088,232.78452696131248,0.6664989216391085,0.5603928002707795,188
41135000,ar1,zero_shot,CAMELS-BR,0.9375960753534113,0.9602945360327964,135.97281955988652,48.595954259716535,-0.062131919773431465,-0.0030515727803528472,0.9733354246122526,489.63773714791853,376.12425779020964,0.17381674850462417,0.1631103082663376,188
41135003,ar1,zero_shot,CAMELS-BR,0.8782211408396144,0.8340327441737727,134.561918665671,73.39499733442987,-5.769938898445577,-0.0008024650981826222,0.8407315437549513,397.00161466874897,646.2061160652792,0.19718143758476325,0.16240080326162376,116
41150000,ar1,zero_shot,CAMELS-BR,0.6291310156327272,0.7801862974156515,2.5029404901004835,0.8616884897861058,0.02034853781220605,-0.002365546359048209,0.8983822142116724,10.534280534491494,15.981826920754784,0.4441810374022949,0.34781814943486383,188
41151000,ar1,zero_shot,CAMELS-BR,0.6705990711207713,0.4597263242395917,3.419406644700012,0.8112423555192685,-6.382602301687082,-0.005277108138838679,0.46079828764959674,14.452515036862579,31.853612335499864,0.5858585125385211,0.3298066563158653,184
41160000,ar1,zero_shot,CAMELS-BR,0.4204468483382299,0.6463455254464253,3.976885880802247,1.428735948512594,6.351703048854336,-0.0053430943621390215,0.847492856498584,13.6947307967303,29.52969138159297,0.4773874944304173,0.4703339822662371,188
41162000,ar1,zero_shot,CAMELS-BR,0.8753234769959368,0.765444411713263,0.9945462049113183,0.8630136201413807,-13.330297552516798,,,1.3124355634718046,1.3124355634718046,0.2937047403260918,0.28431723610099324,4
41165000,ar1,zero_shot,CAMELS-BR,-0.41927510714789085,0.19241528450803935,0.5756343386944773,0.33752713034604204,19.04985554395459,-0.008799545617148864,0.6874252907888705,1.2724794659692449,1.691447279292775,0.37046925200235303,0.20125020215322256,177
41170000,ar1,zero_shot,CAMELS-BR,0.5514086164117172,0.6489870337673508,2.0555363259240638,1.0265212883217534,2.9568864190873905,-0.003658457227516599,0.7595713566918454,6.4056854686280555,8.645405998146076,0.31760848891012305,0.2115893045983041,188
41180000,ar1,zero_shot,CAMELS-BR,0.87019715538212,0.6907054443031448,5.786802245493118,1.6405514137418347,-3.829959354316708,-0.003274605389025933,0.6914148931343493,24.27953148743428,51.609023347247216,0.5236965315128095,0.3957768863363005,188
41190000,ar1,zero_shot,CAMELS-BR,0.6590089430048214,0.5908994898341511,3.9913226897469722,1.6345984396089297,-1.1535973009529916,-0.0014824677375573359,0.6221835097650265,16.183996000231616,30.295089579411794,0.2560031727736362,0.16663607169689257,156
41195000,ar1,zero_shot,CAMELS-BR,0.7724467636812488,0.8730598629777067,9.317647468926905,5.082430723471817,3.8255646667605694,-0.002022151294097616,0.9225308858303641,30.481958790270745,10.191354205864478,0.2822775520432455,0.2618602492586731,188
41195050,ar1,zero_shot,CAMELS-BR,0.6362620302515707,0.7965947265149824,11.39173989188822,5.02313513255545,6.65572051134071,-0.0002907549581319304,0.8634108967252998,34.87685459259104,65.5136654118647,0.3213647670754189,0.35838034808565283,184
41199998,ar1,zero_shot,CAMELS-BR,0.8927613365516761,0.7344035529233545,14.144803018608817,4.220916838926655,-1.3336031626374925,-0.0022488818935970257,0.7351476927249274,57.89700068459952,125.39867431523537,0.43864527226239214,0.34664643644767046,188
41200000,ar1,zero_shot,CAMELS-BR,0.4470608188739381,0.49842244514300227,15.102512359009072,8.701215252458535,13.675357475001809,-0.0028719653094925095,0.6029668239251986,50.16477652160947,90.1113401980047,0.4063112828516816,0.2148766347779661,188
41200430,ar1,zero_shot,CAMELS-BR,0.5228470092124787,0.7637739889106024,21.228285178237567,7.989755807670932,-2.0151151872119883,-0.006712797263189827,0.8869937576970943,87.5460748818123,144.41052920516776,0.561947036084385,0.4195338641128082,188
41205000,ar1,zero_shot,CAMELS-BR,-0.4432845624793327,0.07450374397113191,0.41010290604277894,0.26896386422008206,77.00095680140181,0.0032060119623838895,0.22517405303159466,0.7709518368749771,1.7092940516030808,0.40668209266888655,0.17340487618012865,188
41210000,ar1,zero_shot,CAMELS-BR,0.4880735148185079,0.7424715028222235,0.2636888935681419,0.09570236060001919,5.412960992574204,-0.0055630557647424715,0.8539196045318441,1.1074814600285057,1.2914838539807632,0.6469938449806636,0.5374041077377999,188
41220000,ar1,zero_shot,CAMELS-BR,0.49167835685219496,0.39425479431980814,2.5118768437286967,1.2648075868012625,-10.326681564759784,-0.005449068888128494,0.43274660120382014,9.434141970408529,17.505750127574302,0.4016219488181797,0.20622848845793781,180
41230000,ar1,zero_shot,CAMELS-BR,0.407971874187961,0.4094013004106559,18.55254959742622,8.545437695286747,-6.685067671424506,-0.003003290039186722,0.5186417139005037,72.19437131047829,115.14014915251774,0.4136135197771007,0.18760667394050148,132
41241000,ar1,zero_shot,CAMELS-BR,0.5169575305605452,0.42022104620328127,3.6646857899831655,1.8838031709202856,7.094388649535982,-0.01605775020683075,0.4576857872670764,13.48770242338975,20.61034159977744,0.9309858950334828,0.3585060932277817,47
41242100,ar1,zero_shot,CAMELS-BR,0.4815803694176294,0.44340751319634386,2.45370164422648,1.0372827008254564,-3.874982428063914,-0.005482943494291343,0.512726625497664,9.313060866975121,16.03050844820631,0.4998700623700624,0.2831511716410188,188
41250000,ar1,zero_shot,CAMELS-BR,0.469985716411883,0.42543743792227107,15.325698243901048,3.783826816350066,-5.144970750679809,-0.004716263081265578,0.4950469188010014,66.10262346380956,128.2321554610668,0.6988949866156153,0.36058691616784766,153
41260000,ar1,zero_shot,CAMELS-BR,0.6792659195626597,0.8361450861141724,32.158821081690164,14.893568565045861,3.7442712611917615,-0.0025760880177169068,0.92788352706269,116.23365613348324,108.262057975976,0.41682631191136627,0.4083444856635765,183
41295000,ar1,zero_shot,CAMELS-BR,0.7240327430078917,0.6982174274095485,2.0252800526529384,0.8536140422885927,-0.3013252756342168,-0.0033170622033687515,0.7316193611298198,7.38735437650836,14.545150138406411,0.4327364267733123,0.31065547506821856,188
41300000,ar1,zero_shot,CAMELS-BR,0.3616442200395894,0.18423023175826714,34.10949441713223,4.753771770739275,-22.12330756661878,-0.0009228203942240783,0.1845732284591487,147.65351318686533,328.8291895712523,1.0427915430657733,0.3924649046781402,188
41340000,ar1,zero_shot,CAMELS-BR,0.7929171514296013,0.6628988629601236,55.105107624727815,18.07366391774933,-0.9075537668367335,-0.0019211616540730104,0.6684136487568677,226.56570604515147,462.7557544256607,0.571375519488393,0.4145455788152592,188
41340005,ar1,zero_shot,CAMELS-BR,0.6822636712574488,0.8385053040742189,0.5328120055490867,0.23542658105126174,-0.7727777471417776,-0.003553364722173989,0.9719596672053524,1.9254749170978487,2.8321093735980662,0.2509843656136504,0.22650096173294076,172
41380000,ar1,zero_shot,CAMELS-BR,-1.2059873780986954,0.04906776894165643,9.048123531319085,3.1089348779437036,43.43582847157755,-0.008506596232730068,0.18495291529627023,22.00493626748972,24.250043189691812,0.6866805436905917,0.7081929531249292,174
41410000,ar1,zero_shot,CAMELS-BR,0.7493945550449661,0.8046391883933416,36.629010581287154,17.60317494533334,5.750464754408309,-0.002153773227007296,0.8550255507859672,123.96450280639101,211.70698660640247,0.353963606135752,0.35358478883953864,187
41440000,ar1,zero_shot,CAMELS-BR,0.8412464737028432,0.8810712840821846,2.0244468163403355,0.5791409352457816,-6.78336990778456,0.0004084290520148699,0.8997752669710927,8.541849029819398,6.172091839631184,0.5172296711458244,0.44886624357461075,188
41440005,ar1,zero_shot,CAMELS-BR,0.498434907910803,0.6049721198903304,1.9147841465124424,0.8568379025131306,3.598348715509536,-0.0023387095541004665,0.7337943859532087,7.453985497826995,14.92496763465402,0.4294778304146483,0.26804749780048376,184
41470000,ar1,zero_shot,CAMELS-BR,0.07898696531339511,0.18852571189725809,0.7643784962968844,0.18934789585849948,4.20859298124088,-0.000811677243168293,0.5108075504108449,3.0519463506562534,6.483049756469099,0.5122652446093207,0.29838654623043104,188
41500000,ar1,zero_shot,CAMELS-BR,0.595296185708329,0.7560535053536179,2.361050317391796,0.8549729948225366,-7.206119365972808,-0.00889241062614433,0.8854410562549356,9.39942532101096,17.937289247501564,1.1262383674276564,0.946865031888829,188
41539998,ar1,zero_shot,CAMELS-BR,0.7316410631298242,0.8249403555614595,2.4522153572915135,1.3115632549284857,2.3658702203007005,-0.0038275227302952113,0.8988561138664921,7.154311410447865,5.203343787372299,0.4580356694059683,0.38603668901152854,184
41540000,ar1,zero_shot,CAMELS-BR,0.8012438473201389,0.8041606687916211,2.5075553460830733,1.0931655163670189,-3.5078640753033707,-0.0009741606767875756,0.8322014144631482,7.274915671864002,6.128832093531335,0.34978532590044914,0.28412800183918646,184
41600000,ar1,zero_shot,CAMELS-BR,0.847575893790159,0.7940453790009023,35.865339039127186,16.773792441387553,0.7465831128449039,-0.0013009600456658586,0.8058015103665765,127.98750923033018,261.98345461084097,0.35715781008133457,0.31024077261330996,184
41600020,ar1,zero_shot,CAMELS-BR,0.639743836338496,0.6915082403656287,2.10192947673373,0.7364352574099673,9.853000212306966,-0.006456763855919803,0.7530893207415308,8.852621486591604,15.235547023742896,1.0802724290419343,0.5918108858914459,188
41650000,ar1,zero_shot,CAMELS-BR,0.8658207607193806,0.8090895391089235,28.35374250834357,13.453394806194483,-1.3619502938987451,-0.0029439131079226806,0.8183713252333034,104.71775533561934,173.5616344763893,0.37204203373560163,0.30905232944008365,188
41650002,ar1,zero_shot,CAMELS-BR,0.8763414261349853,0.9228248829547768,43.355632157783035,20.37751580633233,1.361215302320555,-0.0011448833221343671,0.9515494222255073,146.5288525805661,109.62233374462824,0.43300762279160293,0.392854969750981,188
41685000,ar1,zero_shot,CAMELS-BR,0.9530042645493835,0.9369117696657162,0.7207403159737445,0.3164609357619746,4.513700723444792,-0.007502915871285452,0.9409621032051482,2.099559157178052,2.3788334929773827,0.5820032625012203,0.5627305230102556,180
41700001,ar1,zero_shot,CAMELS-BR,0.6851545737543672,0.80100619903755,19.42001235174696,8.476162884874146,3.7541873076725154,-0.008071728607575029,0.8908364460807746,69.35556583315159,122.69064117530624,0.5043929307929446,0.47292476645111947,172
41708000,ar1,zero_shot,CAMELS-BR,-0.22478527218698519,0.2929945985802205,1.5312618224586731,0.7651910185031637,46.827795850295274,-0.02107879501902036,0.5144627808407973,5.378866747654624,8.024769759897797,0.979738495286468,0.619342426852096,186
41715000,ar1,zero_shot,CAMELS-BR,0.48911495198019317,0.7107563798048682,2.241598168451509,0.8879873979606974,15.065010485551547,-0.005013597594723765,0.8030791954394019,3.840167665712574,0.6706427806444997,0.5448751230087785,0.3890046849757493,177
41718000,ar1,zero_shot,CAMELS-BR,0.50561048547539,0.4170063385341858,24.192134760152125,5.681848696644558,-5.043098917159142,-0.009124652068109022,0.4287495518352449,103.14785251973568,225.01483605681213,0.7441142823408001,0.5059632716207918,187
41720000,ar1,zero_shot,CAMELS-BR,0.9778668966332389,0.9400041876841654,10.631783913420684,4.527998854416151,-5.605359649568453,-0.010419569078806593,0.9406390245148437,13.608423266576787,20.20966788942248,0.4303462748668286,0.35109257194990723,101
41780000,ar1,zero_shot,CAMELS-BR,0.789575659658964,0.7522531085824748,42.66706926717551,18.372413763977885,-5.677901067256718,-0.00478320806436551,0.7744739986561502,154.47352833867936,224.87716167505562,0.7149197415312974,0.580720196259527,188
41780002,ar1,zero_shot,CAMELS-BR,0.7503145123383271,0.7162781121601594,61.501812277776274,22.172121023144623,-3.776189744053871,-0.008484638564216652,0.7448302070642241,260.7696049359776,444.7674653111331,0.5998547691125486,0.4109210432013543,175
41781950,ar1,zero_shot,CAMELS-BR,-2.6759759090995954,-0.9751308165242076,36.47503625397163,9.944388563068719,88.11401033478195,-0.024396783109198503,-0.9739243529030548,151.27526050150013,259.3642558601937,1.0936466423169706,1.1703440498570488,58
41818000,ar1,zero_shot,CAMELS-BR,0.8951196576182877,0.9121033482739144,78.59108817660734,34.14253959512053,-1.893887788222225,-0.002251215586795082,0.9302211140825555,268.3582592552211,199.6134994508994,0.4903183132606822,0.49638017091088704,184
41840000,ar1,zero_shot,CAMELS-BR,0.7698752801176143,0.8043343869894843,86.37229729364668,32.32759940912446,-2.9089632467027298,0.00022286684663035128,0.8463558526048073,320.79676524744605,592.0269415482718,0.5146569277011085,0.45674755946453227,175
41880000,ar1,zero_shot,CAMELS-BR,0.18081044059568852,0.21365596806857723,5.18913630631006,1.2248560160536863,-14.646898683207164,-0.011921127733737692,0.4521871714105409,21.0838351338973,47.898128549920436,1.0445389809628525,0.7102624511865617,188
41890000,ar1,zero_shot,CAMELS-BR,0.572419904622175,0.7755891729735651,23.80029214067194,7.5193733348855085,6.627332035511546,-0.012354789253349863,0.8761075181012886,97.58932686274392,98.70213273470306,0.7474128706606179,0.8592160238099112,188
41940000,ar1,zero_shot,CAMELS-BR,0.6670811784391356,0.8191659994230576,17.76156395276831,5.027352992007108,2.67264811924514,-0.015717401957445337,0.8867453679248019,75.21694751633186,93.19649138962596,0.7802892623388952,0.7826647446783125,188
41990000,ar1,zero_shot,CAMELS-BR,0.9513370092179979,0.9657844957759831,63.692566327386764,29.415419671048767,0.582844807312114,-0.0020439012928542798,0.9760695418689849,194.77024586057513,133.5455119737995,0.447287521924968,0.4691274773797352,188
42030000,ar1,zero_shot,CAMELS-BR,0.920447722625755,0.9579604468550559,139.36175302626464,81.61364360146062,1.1597668562338554,-0.0004706368378377332,0.983512317814438,433.4799172221966,518.3512228096876,0.2631214626986572,0.2577887721532362,132
42089998,ar1,zero_shot,CAMELS-BR,0.9474540931358243,0.9171406587508493,13.337269350331486,4.241255999459576,2.8349942538574227,-0.004887345461558619,0.9195528726642227,54.98168098743384,56.77771653094754,0.7006434095849664,0.6953007175434762,188
42090000,ar1,zero_shot,CAMELS-BR,0.919548714477264,0.8917397999499012,17.836548309279824,6.4983515413909005,6.283756371252651,-0.0010685709360585514,0.8967648880616134,69.873757880021,33.59967978103178,0.5875369634064538,0.6388007577476015,187
42100000,ar1,zero_shot,CAMELS-BR,0.21448138210415513,0.19667203411310175,13.302319457667515,5.044618762183234,7.519343216590878,-0.024007377060874937,0.3940281301666966,53.94346669815153,113.81143066584544,0.919392335439944,0.3782597497340634,188
42145000,ar1,zero_shot,CAMELS-BR,0.45846155447292003,0.6528155838151619,45.32636868669342,17.64372403774196,2.14427023738565,-0.013757879845934032,0.8373380576599564,174.11502802699388,307.44013019489864,0.8085161142362063,0.6041705922993907,188
42145498,ar1,zero_shot,CAMELS-BR,0.9550599719104705,0.9459059157054382,17.635815797562113,6.090818453302212,0.15751464328821166,-0.0030188394707494695,0.9506526008104496,65.51087780411825,77.43676963195504,0.633550330713039,0.6162361692835528,184
42145500,ar1,zero_shot,CAMELS-BR,0.8891367199998749,0.9129690586627757,23.696308905296537,8.25826028941746,-1.0340785317602703,-0.006276565736142194,0.9310425010175509,93.56561342842323,124.88435766364566,0.6475867269903379,0.6233972961444049,106
42187000,ar1,zero_shot,CAMELS-BR,0.8248556312807354,0.8518951181342499,1.3631874649713696,0.3795626002547841,8.59057810194944,-0.0031314223059974496,0.872206259556368,5.772010309776538,10.3788423674016,0.5898971985470588,0.681579248689093,188
42210000,ar1,zero_shot,CAMELS-BR,0.9840780282792206,0.9811604961897288,111.9067419206961,49.43742477309693,0.8861264068282246,0.0005080878071949228,0.9827274702994879,251.66127489816967,192.46083251759757,0.20464963141670076,0.20493232892560295,184
42250000,ar1,zero_shot,CAMELS-BR,0.9069098462815968,0.9258233742125305,2.063066272938082,0.7648367392180259,-2.5051012684616354,-0.007735597242483207,0.9426949973951678,7.810458876177214,0.5853101479982198,0.36047011723585115,0.3037435957338225,188
42251000,ar1,zero_shot,CAMELS-BR,0.9770459326457935,0.9662749362332061,3.59396848392525,1.4689635277866022,3.029934989100741,-0.0011127917465238411,0.9680531423252647,10.224230617348386,2.2514744577514767,0.3352954323395802,0.3444542486212091,177
42255000,ar1,zero_shot,CAMELS-BR,0.8769948635291492,0.9069593982855637,1.29888407741555,0.6416841870122904,7.159323858125797,-0.006205462321231543,0.9273404014813645,3.5332191975234326,3.4229436155966027,0.3481034276417294,0.3425125828208627,183
42257000,ar1,zero_shot,CAMELS-BR,0.9393524777569944,0.9229546063610381,3.0266324671773894,1.2135020762339885,-1.7026242515490788,-0.002403035522846892,0.9288577396492371,10.293205453329165,8.031884992036947,0.45803909832300876,0.4157891537560769,188
42290000,ar1,zero_shot,CAMELS-BR,0.9734676584479047,0.9862168814564529,17.625475895480044,5.931749014530409,-0.3506568110684126,-0.0002670603934371227,0.9924749394995475,69.95421394986882,71.68010761969452,0.3251522904193314,0.3493937300827005,169
42350000,ar1,zero_shot,CAMELS-BR,0.34038742063816707,0.38030776853041093,96.62660499201478,34.19790810000214,-7.336623965178287,-0.0053339573289949045,0.538289081459634,381.64711360516264,720.082344950142,0.7531548040504071,0.4071610890539993,159
42365000,ar1,zero_shot,CAMELS-BR,0.9507032354640014,0.8342378739346137,14.049136612877142,10.971503533242636,10.283797939305552,-0.027982389103098304,0.8350933357387511,29.037317020047794,29.037317020047794,1.1942259106303474,1.064886374832938,15
42395000,ar1,zero_shot,CAMELS-BR,0.9617562793109952,0.97635916415703,31.154830515766093,12.26373122001141,-1.13692486570511,-0.001891617924740862,0.9856223238233778,99.43517901808156,61.01157445611696,0.41793455299098675,0.3937280986029941,188
42430000,ar1,zero_shot,CAMELS-BR,0.9112781855012818,0.8025746693380564,0.31759268679386754,0.12539329572896196,5.331645881906692,-0.00015518253604532295,0.8028026898319632,1.133834911418098,1.787772956769131,0.22300999388354495,0.3325772521166919,44
42435000,ar1,zero_shot,CAMELS-BR,0.9033524586989419,0.9298243631108105,1.0655949933845406,0.4318148107434528,0.7947255330183933,-0.0021888030396117406,0.9488701339801323,4.045847443052656,2.1012086285957388,0.6030457046168107,0.5590430221064326,79
42440000,ar1,zero_shot,CAMELS-BR,0.7101396316820118,0.8195443599286609,4.99395747870311,2.3225047427891314,5.616182675894644,-0.007247343951676043,0.9038940250351948,16.114378036377012,23.797562725500256,0.6241408014297389,0.49638841870535017,179
42450100,ar1,zero_shot,CAMELS-BR,0.9536616425020967,0.8840199755310642,0.1353796768602668,0.055388114943450126,-1.2824343635705207,0.0006719318158974683,0.8851564308772404,0.4766994308439255,0.676677027031849,0.2620949349516104,0.22987099472314426,86
42450130,ar1,zero_shot,CAMELS-BR,-59.48490771557236,-2.6514128831050563,2.520179449304057,2.242818139044339,244.47453703393958,-0.009359766348473447,-2.3925172817607345,0.560807478121879,0.9801678283086797,0.1498917189672667,0.045788008728150274,95
42450160,ar1,zero_shot,CAMELS-BR,-28.608520735912435,-2.489324612452382,1.4268173852682584,1.1849430742515505,230.65949496481372,-0.00047476747107506705,-2.4604944894502454,1.4833693100942253,0.7009427185988741,0.22144041494834402,0.031938328750167604,84
42450300,ar1,zero_shot,CAMELS-BR,0.8995983184055383,0.9436867240879285,0.22131181012862433,0.11500960840035877,1.7192630228678698,-0.0014281216737741884,0.9649266252895703,0.5794030152390588,1.1952473050498484,0.18084919899733223,0.1709782378187591,179
42450330,ar1,zero_shot,CAMELS-BR,-4.420031116522548,-0.7114101835597164,0.34204666901562597,0.2018539219749933,114.81512150424317,0.018810396633096096,-0.6184485351949678,0.11407235077041822,0.029931321370075814,0.3447302260072922,0.13956622540934158,92
42450350,ar1,zero_shot,CAMELS-BR,0.9887883131561185,0.9916064581222112,0.3512041071557849,0.18917175070957035,0.2798399758632965,-0.0003784100180518335,0.9934942194717006,0.7945403967342598,1.2143740470219297,0.18997391098250135,0.18896783987067975,179
42450360,ar1,zero_shot,CAMELS-BR,0.6768496399038286,0.8307930753503301,1.874243487658102,0.6351661738596984,0.48724061778866623,-0.003414056188362026,0.9674318063797968,3.3765339173959745,0.28620248306121354,0.3964620965630727,0.4297961001691456,93
42450370,ar1,zero_shot,CAMELS-BR,-271.32548665873117,-10.546491394084343,1.9236334752331201,1.7174495407591803,956.7858949493188,-0.032277930493376975,-10.507791294973487,1.575200998413002,1.863644183489825,0.21030864599113364,0.02790600294475352,60
42450380,ar1,zero_shot,CAMELS-BR,-0.6879848485596385,-0.23249602878552555,0.768467587349814,0.6509963513978912,57.80516629841477,-0.010678841607226479,0.09558409773552756,1.410729230390164,1.8698446874711532,0.29425598368063083,0.044978304832621795,79
42450390,ar1,zero_shot,CAMELS-BR,-1.306812160298226,0.14573689375579413,0.950734393002031,0.3265621461368277,11.627748299729234,-0.017552083700630862,0.4481012364850233,1.418079497487301,1.8313951948001161,0.38859407396474,0.3942808931634186,96
42450400,ar1,zero_shot,CAMELS-BR,0.9637981698846159,0.9512486294970023,0.25600370313084253,0.14851117543354692,3.832157596522622,-0.0015329106331326073,0.9534630427429084,0.62975278804491,1.3667737027573965,0.3404936218486219,0.33638026877807087,92
42450510,ar1,zero_shot,CAMELS-BR,0.5471661066992191,0.6414904464955073,0.8928118860260282,0.36609542588982835,0.9147433132842882,-0.007178599742148899,0.75284070305321,3.2251281509376017,6.921494613074614,0.5381279603778666,0.39816873648710255,81
42450600,ar1,zero_shot,CAMELS-BR,0.8238965677014536,0.7763694918116346,1.9740706240702812,1.044675515009556,-2.012401186379902,-0.008400330070206345,0.7923546262165393,5.050260995174204,1.989263103241644,0.41285160144808664,0.3340058079363919,95
42450710,ar1,zero_shot,CAMELS-BR,0.9084710634559982,0.9474522632463882,0.10840969942620432,0.05371298043514121,0.7912081596623963,-0.008922698930281012,0.9693838500708672,0.17538561143702316,0.24784561564446572,0.36311081021594793,0.4275550392181799,86
42450720,ar1,zero_shot,CAMELS-BR,-0.3531019145265544,0.31786365385806736,0.3356674597587662,0.2318510889402662,27.694062141706965,-0.019987883691087845,0.7120937038471189,0.41652926205729734,0.6446251686314776,0.29121524673002147,0.10152431761654584,96
42450730,ar1,zero_shot,CAMELS-BR,0.8315324680205903,0.7258582188519421,0.33347251072664225,0.23446914156910686,1.8388817472184535,-0.009540465821411298,0.7339271368710049,0.9177826601765836,0.7815654497148468,0.23116023536914845,0.15880538572062147,97
42450750,ar1,zero_shot,CAMELS-BR,0.9677778487560244,0.9679463151847743,0.18290516163411125,0.06958628566040165,1.2557900637345707,-0.0002492473583278858,0.9717288742296658,0.21102933759969414,0.16180471099192525,0.16368020009444686,0.18786714265488177,176
42450760,ar1,zero_shot,CAMELS-BR,0.7327087073681764,0.7273099923152628,0.32324748449406754,0.12463480223091743,-6.657967971101438,-0.008332582096721605,0.7637768590573552,1.2781896346464774,2.5100492616394607,0.3628670114829443,0.23621966232971495,92
42450770,ar1,zero_shot,CAMELS-BR,0.9686037270647225,0.8930851351601755,0.37740332237698077,0.26203668352903164,1.9218897074696726,-0.007339713420445898,0.8936158163444425,0.9958799390087817,1.0834819090100627,0.21175036596659993,0.14780577683814905,36
42450780,ar1,zero_shot,CAMELS-BR,0.9050793017702456,0.9365640854327204,0.10339544941444606,0.06705629077213002,3.5051919119119788,-0.0023829470514169157,0.9545871489050868,0.2552389182886973,0.21607043563223982,0.23032600013817162,0.26614317455528247,188
42454000,ar1,zero_shot,CAMELS-BR,0.9440870031199599,0.9569196009473759,0.17980749713159005,0.1061813116889673,0.002766576743828937,-0.0009867993445843194,0.9674711003440332,0.6181565153586551,0.3703876015834553,0.17679344505930528,0.1654945077006282,176
42458200,ar1,zero_shot,CAMELS-BR,0.21799872315494218,0.5845160727009231,0.8061621447705549,0.4345346490355554,-0.3103810167071486,-0.016113330422936264,0.8275803368191941,1.9712303704289964,1.9712303704289964,0.633816228104512,0.5823841304616321,56
42460000,ar1,zero_shot,CAMELS-BR,0.6424359910331074,0.6763194174912632,7.799188514451435,4.089957242220666,-0.914970657665744,-0.0023493078009372056,0.7419108802155935,23.738841454386744,45.87403946203143,0.21162864196576112,0.1590322873663756,184
42490000,ar1,zero_shot,CAMELS-BR,0.836760634460919,0.903785180742159,15.76165015437931,7.489911760018381,5.1051503541578604,-0.00010598747346618476,0.9393765074869506,49.2962300598097,62.80031512855813,0.37877107211623323,0.3405840528264484,188
42540000,ar1,zero_shot,CAMELS-BR,0.5484880000141592,0.5970777812123407,48.14573580761132,17.651168174031874,-5.036635539319961,-0.0023595450087884095,0.6884814213350012,179.12823506199143,278.12129627214404,0.39823934640543085,0.3220487694558876,172
42545000,ar1,zero_shot,CAMELS-BR,0.13774256557057618,0.03513115675108591,7.533542099813692,4.107429194509676,-21.236904284119035,-0.02347742655010651,0.12308171850615612,24.818615445797484,24.818615445797484,1.2157132632274403,0.24355901107189906,14
42545002,ar1,zero_shot,CAMELS-BR,0.007399905614414948,-0.05513085550385943,7.112642284177283,3.4979690008776756,26.328793756354695,-0.0054526421913807105,0.29631576384761427,29.45435231594895,49.53299369197866,0.9366650580090589,0.20831874320518326,179
42545500,ar1,zero_shot,CAMELS-BR,-2.3426275148316944,-0.18246275012538304,21.16759711400766,5.232534773984958,33.89228687453371,-0.01838002662671609,-0.012020274522107632,89.10336424713311,83.98205991041031,1.0890739174485808,1.0550875520751515,188
42546000,ar1,zero_shot,CAMELS-BR,-0.45954476112958553,0.27552896613805156,8.30895061535837,3.76615232680757,26.24555745699243,-0.02917420275469442,0.6640851979129896,34.970621734902856,39.704685620233064,0.5371735149453376,0.29569054232516606,119
42600000,ar1,zero_shot,CAMELS-BR,0.842717737072274,0.9052812767516467,22.26717477785421,9.270982948113783,0.4458112132916826,-0.0017766692762525588,0.9511498365627117,86.40771540022409,144.73899264877778,0.44050849502757716,0.40246913411824903,165
42645000,ar1,zero_shot,CAMELS-BR,0.9038318717476348,0.9044541169708411,3.2012001210838665,1.161680281540616,-2.5507582327834797,-0.0017787818570424163,0.9176999155946274,11.463650329812099,3.774487015907937,0.4047593336033255,0.3758962795040765,188
42690001,ar1,zero_shot,CAMELS-BR,0.9827976497845908,0.9586991935144137,34.078577172807535,14.12185212285402,-1.2762375726403055,9.688671487024375e-05,0.9593599245435933,105.15288061911825,166.26606896604562,0.29027071063967086,0.2786721795054521,184
42750000,ar1,zero_shot,CAMELS-BR,0.9866046183872655,0.9890472736792543,44.57477379470949,22.67788875554867,0.5870077946571318,-0.00128157401160554,0.9911926876956612,93.97327715494436,43.0168355588636,0.25661104391405404,0.2560995399890382,184
42840000,ar1,zero_shot,CAMELS-BR,0.40113703814098445,0.517865272769428,4.858508101648811,1.3246193689244783,7.29926088887336,-0.010913503371380572,0.6830700666455007,20.38795513370343,43.513221654108435,0.806866782613074,0.5240123763148048,188
42850000,ar1,zero_shot,CAMELS-BR,0.6593068227890682,0.5980007659010335,42.481676220627136,15.670995685879278,-12.839120999421267,-0.010890755052760989,0.6339093353989553,168.61048064284654,267.98420334266825,0.7997816122940921,0.5305820661456622,174
42860000,ar1,zero_shot,CAMELS-BR,0.6701001346465723,0.6224930828465753,44.668487331443444,16.275398522502133,-6.738606163221525,-0.005081976062873174,0.6592125022572968,177.44011212048738,298.00783379696463,0.7336343772356648,0.5243036720036554,181
42930000,ar1,zero_shot,CAMELS-BR,0.9516307872175351,0.9560523824702672,63.082165794535406,31.91585039967796,1.4748767559540739,-0.0008998141212740937,0.9622076709886767,196.69935582337934,197.06053601621664,0.3181540509260057,0.3241532953445388,183
42940000,ar1,zero_shot,CAMELS-BR,0.9728459783623605,0.9802619671666782,55.987855292317974,25.38749251795802,0.9300124754269489,-0.001431891873684827,0.9848022313334648,147.3474446746538,212.01283727079675,0.30395822443583975,0.3123853717336479,188
42980000,ar1,zero_shot,CAMELS-BR,0.9219849830960603,0.8920980009989847,98.70715937304003,28.25563893419952,4.854671757645581,0.0008876224555682058,0.8962111292024427,379.1096911726964,248.40030574884207,0.3989940658466302,0.35775106026578685,182
43010000,ar1,zero_shot,CAMELS-BR,0.3654391795960632,0.5226665965782245,0.3795750124713804,0.15255072296157124,16.07560356949929,-0.0065921572670783425,0.7006125063357724,1.4440928680307934,1.5904156712063648,0.7836057861931085,0.5926934877267498,30
43010001,ar1,zero_shot,CAMELS-BR,0.4730184026734662,0.4453445618941203,0.4040274984752539,0.1145642085379247,-17.017906330907266,-0.007106866962072841,0.5279152123383628,1.683136519910837,3.3712272697433256,0.6606675800224188,0.4800460376064723,185
43200000,ar1,zero_shot,CAMELS-BR,0.9894413319507313,0.9857289577743422,118.40882687057804,54.97357914322563,0.5745905949924173,0.00015761002981072927,0.9864195931989295,276.3639012938181,279.3019049500578,0.20373181856251085,0.20513558449638336,184
43250000,ar1,zero_shot,CAMELS-BR,0.3313945195639353,0.4729503563491766,21.853646774286716,12.474876248893892,0.482487246613441,-0.008127343738434559,0.6771914489403191,74.95399005385835,90.26582479166841,0.6746648116042848,0.4582560913687782,154
43250002,ar1,zero_shot,CAMELS-BR,0.6410690618375081,0.715125288201891,31.403370406837876,13.154209764575821,-3.562898088145781,-0.012585166140035655,0.7959813813795023,117.90834844659858,133.0069725583545,0.6525735160471422,0.5451563572116223,175
43300000,ar1,zero_shot,CAMELS-BR,0.7187292069772331,0.8194603044476433,29.409987720512735,12.797347991100777,-2.1206042054813063,-0.00813107503178949,0.8948961740395215,103.7478844492997,138.92878548602084,0.5497685621391782,0.42687302413020467,187
43360000,ar1,zero_shot,CAMELS-BR,0.1675933514682454,0.30266036331631874,6.168575857694659,2.112362127465535,1.7196604332030176,-0.016953979193508804,0.5766815767470755,26.045245323372644,51.2733555677594,0.9005655787888249,0.4579605844951708,188
43429998,ar1,zero_shot,CAMELS-BR,0.9617005047933348,0.9735718184601555,30.834762741847427,15.077509925676198,-0.3380851411222737,-0.000969454010941645,0.9817692084733435,50.131363464300776,36.34254785730932,0.39284600382801643,0.39864394066955017,184
43430000,ar1,zero_shot,CAMELS-BR,0.9256746693284769,0.946197964733465,39.6692231531861,20.91258341678041,-1.4713445364797395,0.00015324637316907475,0.961540640830522,79.69659926441548,40.19132773731621,0.49371462291619767,0.4440044232177472,188
43670000,ar1,zero_shot,CAMELS-BR,0.9899428688504959,0.9891135534083918,20.310890632637683,11.540651185136516,0.5489984777757876,0.0004559324044080548,0.990184640935444,44.95809244724396,75.9763542159866,0.3734727370602665,0.36588485771289847,158
43675000,ar1,zero_shot,CAMELS-BR,0.2334913288463467,0.30078865813333655,30.11571581704189,11.6788908002798,0.8079293125534504,-0.026130254144552698,0.5258687525965786,123.27973449342457,247.3812110569994,1.137876592297419,0.548738257721596,188
43880000,ar1,zero_shot,CAMELS-BR,0.9838441670432364,0.9707844278281527,30.35804698129289,14.703055660463672,2.5964962111136933,-0.0016059614357583074,0.9718157657125863,52.75221396040022,18.998554141998785,0.3314926026561983,0.31146723057441916,183
43920000,ar1,zero_shot,CAMELS-BR,0.9600082616403334,0.9671814403102603,39.84759397951137,24.020551623721047,0.9891285503621173,-0.0001855083666413293,0.973882201990205,62.89219297839124,49.42321919557805,0.36117099232302574,0.36770091533724913,186
43980000,ar1,zero_shot,CAMELS-BR,0.9714847666604185,0.9762574229997903,40.14565216033045,21.698537295514328,0.794569832384289,-0.00030219786068294563,0.9809812389815323,90.74458161339987,21.86523823790173,0.31388091514990385,0.34385789245882886,188
43980002,ar1,zero_shot,CAMELS-BR,0.9808551410965091,0.9832509185344975,27.675996017707096,13.665608722979915,-0.5018938501178946,-0.00041032011693228204,0.9861777256970807,60.35585697795434,48.01197419828603,0.34641848415960425,0.346523906382667,180
44200000,ar1,zero_shot,CAMELS-BR,0.9937102184167884,0.9880531621247047,108.37224063671432,53.604468676923894,-0.09010492701829349,-0.00044430546926547444,0.9883658969705842,327.73543659535807,453.50418150075114,0.20657358849872365,0.21151137223393934,188
44250000,ar1,zero_shot,CAMELS-BR,0.9599737153481485,0.9653618302687736,2.7048327601968634,1.0928957102238195,0.16810079536820016,-0.0007398686348683015,0.9711872202640903,8.036264520187537,13.229684211112405,0.30519900584256465,0.3225181159861817,179
44260000,ar1,zero_shot,CAMELS-BR,0.9240170828836257,0.9283518163246732,30.80735585087865,10.969566696134224,-0.4909094487244541,-0.00141672272019603,0.9394324594183884,78.79039002382868,61.992525707296714,0.525308887385429,0.48244322686762614,188
44260001,ar1,zero_shot,CAMELS-BR,0.9306976620407905,0.9517230005112949,3.8580565854612314,1.6304064461124028,-0.20692369620768208,-0.0002209965872579855,0.9669002093095744,10.192805597926254,4.956012044676106,0.16772690930580178,0.1651740820618632,188
44290002,ar1,zero_shot,CAMELS-BR,0.9964644714391324,0.9970945248048521,89.30193664244722,49.86910282797392,-0.23042246784138784,-0.0019304747234888363,0.9974639965917952,162.02577081840826,143.40762889234713,0.19008345139643598,0.19003719049584,135
44300000,ar1,zero_shot,CAMELS-BR,0.9772467310677528,0.9858981452627796,202.27123908799234,99.44664059987484,0.10090159464214091,-7.92795945760514e-05,0.9914275948874429,241.46986698276012,252.836498662843,0.2319334624839601,0.2494505113572385,188
44350000,ar1,zero_shot,CAMELS-BR,0.1360189360668992,0.05242500793510685,2.279112034452435,0.45275367042201353,-10.363157261687972,-0.0023429732451272778,0.2560973370841947,9.745865276217634,17.676270831347438,0.7809885609703231,0.38565543553217996,187
44400000,ar1,zero_shot,CAMELS-BR,0.9709221879263475,0.9783062671323005,215.0321791297281,124.03169489371481,0.2451891261014674,0.00040694777320961044,0.9838773495752579,328.8458692694314,249.21629682380217,0.22335818504338864,0.2133641182572104,141
44500000,ar1,zero_shot,CAMELS-BR,0.9945116629215036,0.9946683110367182,95.99732722209421,49.23971104804041,-0.11913235616758025,3.0599342815748956e-05,0.9953667732359468,152.15416489375718,149.98624390522568,0.16346668099458259,0.16546286805009497,184
44535000,ar1,zero_shot,CAMELS-BR,0.32301475735090046,0.19884553499609614,2.097094183273661,0.6063991794234901,1.623563882962572,-0.002298520731147148,0.20670188140363388,8.83606454653709,15.021840668926894,0.4314841242260548,0.1046095265631824,110
44540000,ar1,zero_shot,CAMELS-BR,0.8928240875172132,0.8404912633680549,0.4702185454946903,0.17034147484456524,-1.8795407305602947,-0.0005452198484203891,0.8446460696629001,1.8360543217804712,2.8146330317625017,0.2933904253966456,0.22045227938956072,188
44600000,ar1,zero_shot,CAMELS-BR,0.10310518342273134,0.08066281153069255,7.688192491071322,2.360916517819695,-12.553292246295227,-0.01646645811564674,0.3719223988753133,32.46039158531003,68.59264590803734,1.1336092316361575,0.5924083547100746,188
44630000,ar1,zero_shot,CAMELS-BR,0.765034528848628,0.5748387178109815,4.956888591991582,0.8543751244650785,16.7421918253126,-0.0042576842668137875,0.5749446869704158,21.285968160766956,46.927112452431565,0.9121864193171255,1.0252054175085823,188
44630500,ar1,zero_shot,CAMELS-BR,0.9914129229592659,0.9454392557749318,2.0905446893894735,0.9980827311780516,3.104029525706864,-0.0006446489000899863,0.9455185898915249,5.789602926729004,9.84780517773214,0.7500126252411493,0.740184672776176,175
44634500,ar1,zero_shot,CAMELS-BR,0.9871109215371742,0.9546241609667148,1.4391234230397891,0.684832322553187,2.3828388721414617,0.0011670582547083815,0.9548976854411405,4.052640882297377,7.515057659004121,0.47312829259258704,0.47766785432431746,184
44637900,ar1,zero_shot,CAMELS-BR,0.9842212252330301,0.9775200839488949,2.1510831180315155,0.8723949096986744,0.8299049053751515,-0.004081192395389666,0.9785359287139496,7.663851282538859,12.612105998060336,0.4947609967755243,0.49938445871297044,179
44640000,ar1,zero_shot,CAMELS-BR,0.9616236194913483,0.8513279009967225,8.845724108124086,2.0496704748442096,6.189661680919563,-0.006335907680200172,0.8515301350169168,36.11118508673372,57.40303016316363,0.6506153192430859,0.711962519971287,188
44670000,ar1,zero_shot,CAMELS-BR,0.9688917308978948,0.8445240651873511,5.562905939920806,1.28903057329718,6.807126306271464,-0.002620001162076231,0.844567610679119,23.773375601180252,47.24194571263992,0.6446957479453886,0.6943565391743397,188
44740000,ar1,zero_shot,CAMELS-BR,0.6128883597833501,0.7385511563566565,0.21130427557973627,0.15179664022072345,4.696481559199905,-0.01518320426220727,0.8471204174180376,0.5090576637454415,0.7200411709444786,0.5852508708585642,0.46135321841936694,188
44750000,ar1,zero_shot,CAMELS-BR,0.9621902699913637,0.9150388630366798,2.367311831516554,0.5450241335289236,4.202006766384031,-0.00018328090403001672,0.9163712398326216,9.80052014959411,16.797260736954687,0.43636603361039844,0.4087130740827834,178
44760000,ar1,zero_shot,CAMELS-BR,0.742390302517696,0.75379330900681,0.005350745688087221,0.0020283637512766967,6.20685124123191,-0.012405910532603018,0.7605646352417549,0.0222107300856983,0.03330123663127289,0.5188476861783635,0.4620786244682091,152
44770000,ar1,zero_shot,CAMELS-BR,0.9602518113651771,0.8421157318154291,0.7643935369025706,0.25459805624900883,1.389289821967535,0.0019189423626824855,0.8422135877421023,2.8666548597758084,5.537296274050706,0.7459430432969785,0.5950566266725495,133
44850100,ar1,zero_shot,CAMELS-BR,0.7587857348858278,0.7447086672452692,6.455295242117546,1.6801543324257504,-15.601264919260961,,0.7732580949023168,25.59657411510234,1.9260436518775916,0.7797877625265188,0.5986857547688634,143
44890000,ar1,zero_shot,CAMELS-BR,0.37569828696556784,0.3584720496971642,0.8160250684982235,0.30713437105079255,-0.9144710121009823,-0.03418573328547869,0.4733435243629349,3.38176312942441,6.4678964141449296,1.211643215247037,0.5195640263791089,188
44900000,ar1,zero_shot,CAMELS-BR,-0.014002533659959404,-0.24508395598529797,22.07871664675581,4.513326975151555,-7.610654840281323,,0.17724288311053904,93.71096573574908,205.90797325337556,1.7501392698109877,0.3996393560911547,182
44909000,ar1,zero_shot,CAMELS-BR,0.367373064498969,0.3541386549778295,0.5480024805286497,0.27535166080389917,-21.710388117575743,-0.025045547581989645,0.4446207488263916,1.8998995830356131,3.87500294802251,0.45502968046832376,0.30818955893918376,182
44940000,ar1,zero_shot,CAMELS-BR,0.981785861685795,0.9599100748266692,6.406211247366824,2.27434777779617,-0.7095087761335471,-0.020546854099603912,0.9602304034086571,23.263678878045877,45.87671818139664,0.4522589336576804,0.41174632464956173,145
44950000,ar1,zero_shot,CAMELS-BR,0.9950173122034113,0.9926314762389086,2.2953541902025516,1.0582752833910307,0.5365793177557215,0.0001820376759719619,0.9930283386636964,3.745371381932016,5.153013825024039,0.29869570983705646,0.29841041229143817,188
44960000,ar1,zero_shot,CAMELS-BR,,,0.0,0.0,,,,0.0,0.0,,,188
45131000,ar1,zero_shot,CAMELS-BR,0.9510040405231077,0.9470403066542058,6.21551366542893,2.407465809758613,0.2874106414376751,-0.0003584744408611229,0.9528609307191226,22.43248519622654,34.462745404670414,0.15444660616187314,0.15353752166946094,184
45155000,ar1,zero_shot,CAMELS-BR,0.904543635385538,0.9303163295142935,4.876172344299333,2.7028603323139784,-0.2163877452115166,0.0004890358458874864,0.9501874086957516,12.779891519046686,8.28751138284618,0.1263497525856451,0.11577822131765525,186
45170000,ar1,zero_shot,CAMELS-BR,0.9167335426163987,0.9493366342227764,4.459629441690251,2.1796061098197668,-0.05520723043223053,-0.0003209385846913385,0.97212773263326,13.036799423884473,8.022620577407164,0.10652996754054235,0.09422753019018051,188
45170001,ar1,zero_shot,CAMELS-BR,0.9368614655573986,0.9468164578763998,3.134378425527896,1.3285268846392904,-0.2375358895242089,6.233763068380117e-05,0.9574188443110601,9.41293883586407,13.919253424544852,0.10642410876572096,0.10469157826763441,184
45210000,ar1,zero_shot,CAMELS-BR,0.9784697367096375,0.973669382979086,6.931567706411844,2.5333282125659804,0.4252711464678981,-0.0005361857613253168,0.9754981837556876,17.699317913620767,8.949324933002316,0.12188324015313624,0.13347801613358076,184
45220000,ar1,zero_shot,CAMELS-BR,0.9516061520663013,0.9747675721130842,1.3068034099575196,0.38010490998849294,0.5503914678237564,-0.0004989596473641885,0.9905664998812476,5.215539757021998,7.288234771883271,0.19521726368149825,0.18616035000862582,188
45239998,ar1,zero_shot,CAMELS-BR,0.7676508821925807,0.822184195741458,6.381843780502124,1.9976517650879924,-2.149081474831608,-0.0002496927962846278,0.8717013517964665,26.724941998928774,55.16791799370701,0.2811615906098192,0.24200894679743798,188
45240000,ar1,zero_shot,CAMELS-BR,0.9140647322801295,0.9514357162754312,1.555172835700236,0.6884816398269268,0.349757389248851,-0.0002401684987888451,0.9710279431882993,5.6278142413681165,11.043984947024143,0.1725811934472314,0.1629998803453418,188
45260000,ar1,zero_shot,CAMELS-BR,0.9757345646860422,0.9779671004402426,8.272761067567593,3.4385844278203552,0.7634656004880356,-8.699329530953599e-05,0.9812185475104417,24.042783819546678,9.402426049380622,0.12206237438464165,0.12202049973459343,171
45280000,ar1,zero_shot,CAMELS-BR,0.9815420915139575,0.9752578222363371,8.607071147750943,4.895869525161747,-0.4246360029833008,0.00013507310726419176,0.9768324700572388,20.519353205250955,29.46702387767485,0.13450689027961896,0.13057627093281693,188
45298000,ar1,zero_shot,CAMELS-BR,0.9901784552680193,0.9744760169888181,136.42541845552063,51.318762247948676,1.0497514486484698,0.00047190290921702606,0.9748191296063344,507.72270416218544,111.82258730623033,0.1635713665890661,0.16676832943189396,188
45480000,ar1,zero_shot,CAMELS-BR,0.9941377900888865,0.9886152816136584,96.28575679392215,46.16580592831026,0.03503266585806648,0.0006987092015350201,0.9889628078680175,152.1326387937716,71.21661082064138,0.15090401384316848,0.1482290791963534,187
45580000,ar1,zero_shot,CAMELS-BR,0.9636230886138288,0.9782174472322674,0.5256636787858975,0.2583707318659504,0.0847430150432352,-0.00037009904843157346,0.9881067075656222,1.3203516707309388,1.0043058382210461,0.07896877896164325,0.07527967889896989,188
45586000,ar1,zero_shot,CAMELS-BR,0.9562332831204976,0.9561628396670935,1.1895988362115404,0.5725798008914538,-0.32607827658244043,-1.2353894089112746e-05,0.9615731119355759,3.344045108357618,3.3866347388125373,0.10668442489843893,0.09989746731645663,185
45588000,ar1,zero_shot,CAMELS-BR,0.9438274905552803,0.9561341345012225,1.1921832757555555,0.5858233696526617,0.04454074596040394,-0.00026879247492314715,0.9663979674382448,3.530542179021074,7.465879695460175,0.10752116578315567,0.1038383721087766,188
45590000,ar1,zero_shot,CAMELS-BR,0.9670696887422635,0.9783965255361248,0.9848619979338128,0.5375598740958699,0.5711137766219018,-0.0009332119778370602,0.9856060139747139,1.3179989824288776,0.5272198551824819,0.06656518355481274,0.0664636011712457,188
45600000,ar1,zero_shot,CAMELS-BR,0.9361013527243911,0.9217935992173945,1.188918290067613,0.5680321378722025,0.02530633643700806,-0.00028555611869994155,0.9282892697058884,3.754112432093885,8.053699519987035,0.10003095559963046,0.09262821976495779,188
45700000,ar1,zero_shot,CAMELS-BR,0.9876353329778709,0.9912907069660741,0.8380543543212752,0.35934813039764185,0.4357991595653412,0.0005671482137828594,0.9935779308465498,2.8473384494946647,4.291860383701528,0.18831117862947225,0.18426222149246257,188
45710000,ar1,zero_shot,CAMELS-BR,0.9606213201552455,0.9718966359772149,1.3405270820861135,0.6127314138401416,0.13101617168069135,-0.0017018709738435122,0.9790866057954332,4.451329952674458,1.0236466370472466,0.14101628634298907,0.1467241394237947,188
45725000,ar1,zero_shot,CAMELS-BR,0.8909962709122844,0.9037955228469532,0.702910137777128,0.26949159084239255,-0.9671889059878369,-0.00020616985855288587,0.9207219079589642,2.8533090395915526,2.2895793277710683,0.23555963231132532,0.25016261803516343,188
45726000,ar1,zero_shot,CAMELS-BR,0.9813394222596211,0.9812349416961301,0.2529736315877283,0.08877727954407928,0.6235307689521143,-0.0005905662814954318,0.9833797050104647,0.9354960411145916,1.118134790464839,0.36152091079250287,0.3387555116798112,188
45740000,ar1,zero_shot,CAMELS-BR,0.9267675635272253,0.9102836277689236,3.613113938868773,1.372312154950666,0.34146907202011606,-0.000307711827166433,0.9175649194953989,13.687123758295764,23.961837172918536,0.1135955521790179,0.10244512106217847,141
45740001,ar1,zero_shot,CAMELS-BR,0.9543569655838088,0.9663163102166287,3.524640766285488,1.1290667416371925,0.8253886648012202,0.00030662020370337585,0.9752583318411627,14.406395405059449,31.222558749116107,0.14234041505284104,0.13421062912183976,188
45760000,ar1,zero_shot,CAMELS-BR,0.975008608384753,0.9844312141699584,0.6679301728548745,0.27135762851170403,0.2414410902505104,-0.0001863517156518342,0.9906570627196,0.6924266801194082,0.12186779849519476,0.05742549472089107,0.05750350242173742,188
45770000,ar1,zero_shot,CAMELS-BR,0.8262848650817801,0.8486532340877561,4.519304579530176,1.6797148267972508,0.5404013946777269,-0.0009066660418723949,0.8775908082568799,17.5983818475261,32.29134002632225,0.0876778492274403,0.07606080788007555,188
45780000,ar1,zero_shot,CAMELS-BR,0.8532972043000888,0.9278266263985765,3.3234285764593774,1.7830045511251675,1.069814033041154,0.0005119277823245113,0.9697928304347218,11.97307093263344,13.745950426428195,0.07288895644903853,0.06898783470359182,145
45810000,ar1,zero_shot,CAMELS-BR,0.9489914867174495,0.928904335859997,0.1122397050521067,0.039352110502761745,2.8650950752567903,-0.003970201462154439,0.9319724774753668,0.4437962717122099,0.5247840116808714,0.566373447459623,0.5317475970665266,188
45840000,ar1,zero_shot,CAMELS-BR,0.9803944466412938,0.9680629826536498,2.2753707785679995,1.2574856993593166,-0.3169846211512992,-6.533260691815763e-05,0.9693258631519527,6.76180218064876,6.875183084169628,0.11311026284687292,0.10167195660993202,188
45880000,ar1,zero_shot,CAMELS-BR,0.9673180330105733,0.9791692907503621,4.463297581351167,1.6110981067535992,0.947593603585547,2.7029805242132117e-05,0.9861679485368725,17.74329420269195,12.686881052080718,0.16371719268178755,0.15642821337897586,188
45910000,ar1,zero_shot,CAMELS-BR,0.8899201425769824,0.8582472927258396,13.347289278588441,4.922638385364793,0.6748835538391904,0.00010847231014051665,0.8610979605158972,52.21054258620569,110.12174299240664,0.08775247099269445,0.09281398666552358,188
45910001,ar1,zero_shot,CAMELS-BR,0.9494277736341088,0.9591209978876377,16.368007728931826,6.070700553187783,0.4334911632984407,-0.0003034927263915292,0.9663391798502838,54.2147254591033,66.3143548668203,0.1497372095755703,0.143364391463738,188
45960001,ar1,zero_shot,CAMELS-BR,0.9739968999293727,0.9238372492383342,10.39823109979453,4.8001542266025155,1.4631269377585905,-0.00017390597382340844,0.9243267928402494,32.55855354191456,28.086951666861275,0.11164243264809268,0.1297889463172742,188
46035000,ar1,zero_shot,CAMELS-BR,0.9969326850810355,0.9916534900794697,71.26434073643986,40.36733610267,0.41733749297658446,0.00045963269258190304,0.9917649524234505,57.19832503301402,75.58417555543596,0.13703846145793866,0.13492895220708145,188
46105000,ar1,zero_shot,CAMELS-BR,0.9971772961778642,0.9935084079025277,70.03518016751964,39.75098432335681,0.35611760083033545,-0.0002849735864862025,0.9936316567974799,99.44898831326663,106.51069672447136,0.14561335396535133,0.14406204936364547,188
46110000,ar1,zero_shot,CAMELS-BR,0.9161233924006058,0.9054722089015788,1.2898910984296603,0.4357774606291978,-5.35716795354293,,0.9150341043315018,1.6923855588674965,0.1906101757010532,0.19908894805553345,0.1715037436867632,60
46150000,ar1,zero_shot,CAMELS-BR,0.9967393005672869,0.9916635123338364,76.75759532198329,41.201045285262886,0.39780032621319955,0.0009597629959383087,0.9918017411897389,171.68169388825484,35.973264199832364,0.13751180679938532,0.1330812561936316,188
46200000,ar1,zero_shot,CAMELS-BR,-0.24089468390063185,0.3781303581511303,1.4523580619585057,0.4490492965387911,27.478438952036807,,0.459037184986801,6.211947842872946,11.828243544248377,1.2315552472403763,0.9070215619920862,188
46295000,ar1,zero_shot,CAMELS-BR,0.9082677636971123,0.7614411980374385,5.537642481904288,1.3936242552461822,11.201470456809092,,0.7619121563608365,22.54641108970948,44.67551029426257,0.8361670123345438,0.8714942605683563,182
46360000,ar1,zero_shot,CAMELS-BR,0.9971806867163528,0.9904575443712765,70.23740647084742,39.75775989206636,0.14517229339443752,-0.00036066847666953866,0.9905441754976164,128.0225874548249,22.05938439935239,0.124327447526837,0.12381873833913766,188
46400000,ar1,zero_shot,CAMELS-BR,0.9122989954835944,0.941452996536269,0.6666222626954632,0.2669067723927505,0.16042923883878335,-0.0012045929116807387,0.9622617825483494,2.3793834957886184,1.781999105490874,0.09862093269117815,0.09464772641593697,188
46415000,ar1,zero_shot,CAMELS-BR,0.9870811392949219,0.992102769413102,1.0085207867529529,0.54091921488993,0.34656595717201816,0.0004310936248694292,0.9952164306116583,2.026150449905149,2.4733739216541064,0.11437954628115347,0.12154574734861583,188
46420000,ar1,zero_shot,CAMELS-BR,0.9009293698657872,0.9322857354368255,0.3366374134946991,0.15797967438052926,0.36760557840014485,-0.0002520997121735814,0.9483822654041062,1.2257812135408965,2.277316424111491,0.07701797001824794,0.07710803411390502,174
46450500,ar1,zero_shot,CAMELS-BR,0.9838037930063478,0.991686193186535,0.6047598604839871,0.354950575017908,-0.008986481932910836,9.994308518542373e-05,0.997444316459936,1.275052120708803,1.4087052771118522,0.06086497178492181,0.059628139926990856,184
46453500,ar1,zero_shot,CAMELS-BR,0.9653232015385406,0.9677716602433182,0.9383859190715531,0.61207949430917,0.1332944087006886,-0.0004951638628116896,0.97282144432781,1.5906885338361252,1.6566576680721259,0.049531340931908946,0.04971229712151168,186
46455000,ar1,zero_shot,CAMELS-BR,0.9830510122560993,0.9898857576320599,1.7473837475069172,1.150503611821261,0.08756813457546342,-0.00010343932531598973,0.9943666868235287,4.333633300206595,8.951448736345627,0.09327698421865588,0.09418061130720244,188
46460000,ar1,zero_shot,CAMELS-BR,0.8856814162349913,0.8958806044372536,3.7296391567950584,1.030622417865295,-0.32267544506858264,-0.00047625591577533325,0.9133981619917383,15.330272829077282,30.144994109282248,0.08024881936583081,0.06845090241426868,178
46490000,ar1,zero_shot,CAMELS-BR,0.8708962091764733,0.9007983365745867,1.1010254988421055,0.46079183523708084,2.9287154769562287,-0.0025091925459043325,0.9257558114019606,4.047372429472396,7.002815962359677,0.2167730762533935,0.21839770948794077,175
46520000,ar1,zero_shot,CAMELS-BR,0.9701573109891035,0.960007566787379,0.9178746852816649,0.48661568948311834,-0.49755563006585746,-0.0006077745872061172,0.9627806168126484,1.81864403079971,2.290331611583444,0.1281250330674719,0.12260592038346077,188
46530000,ar1,zero_shot,CAMELS-BR,0.9956972667375517,0.9969030027259784,0.34329818641283566,0.2514967009369403,0.03509589667003975,-0.0002153300394019779,0.9977178690395528,0.34100842095840084,0.2726576557758659,0.07880616779996122,0.07588356842709362,183
46543000,ar1,zero_shot,CAMELS-BR,0.9731088533681411,0.9384053071466618,2.5024479115586726,1.3815843135911436,-0.1353836105387783,7.436494330572384e-05,0.9396252410497031,8.297002179197746,10.529304423860019,0.13473033177814672,0.12269394194387935,188
46550000,ar1,zero_shot,CAMELS-BR,0.9048070842192047,0.8612182864987716,8.394110738103091,3.438175151200424,-0.7450350989191029,-0.0007001942683724695,0.8679902219341545,31.305588859422002,65.62924767955204,0.11861543515099912,0.10242132630056318,188
46555000,ar1,zero_shot,CAMELS-BR,0.4380463493631286,0.48027806138107276,1.7696167858860434,0.7881629151523583,-0.8773808376534735,-0.04148041393600279,0.6018881411980255,6.918242794148976,13.069362493843666,0.793609836027472,0.4762816715693813,188
46560000,ar1,zero_shot,CAMELS-BR,0.9009124649019596,0.9346644889367237,0.5368827060741775,0.3458689391628362,0.9395241530395668,0.00020087604006841127,0.9471923524427829,1.3511088599723249,1.2360475423467912,0.0566455867250419,0.06317693224818126,108
46570000,ar1,zero_shot,CAMELS-BR,0.96441183409883,0.9643623730638307,1.0948581835118478,0.6860538053721495,-0.8733724952125707,0.0005658476388044377,0.9690714765533938,3.019199939148871,1.3380452203865218,0.2348510528863919,0.23155204291964487,188
46582000,ar1,zero_shot,CAMELS-BR,0.9380985923481244,0.9629730219089692,1.1086716536257553,0.606594388354039,0.3272397208795808,-0.0009566418911191223,0.9797721352372322,3.337932151736611,3.1236259398601662,0.20332602373580044,0.20153389997437976,188
46585000,ar1,zero_shot,CAMELS-BR,0.7949066051727278,0.8141657718357539,3.0836772116644853,1.3653421336554032,0.01830871492627591,-0.0005997864739151204,0.8480169690940061,11.087485170938125,17.10247544997098,0.16089488201041985,0.1370851161798192,162
46590000,ar1,zero_shot,CAMELS-BR,0.8062379331051535,0.7935271773864092,6.910437947333068,2.3891887787738355,-1.3035680011277475,-0.001000018376791251,0.8172054994523961,28.147169388287463,46.16753652644544,0.15175573286310715,0.13352738935073669,188
46593000,ar1,zero_shot,CAMELS-BR,0.9189077123996107,0.8718795337100971,3.373398408299228,1.5359357749837448,-1.3377449806018868,-0.0003529031736879216,0.877062355632584,10.774893763725288,12.450930526895027,0.12282490663982838,0.10579829684358602,188
46595000,ar1,zero_shot,CAMELS-BR,0.9020233650372554,0.9368739298772406,3.1002823258246215,1.4598200674131845,-0.43535239504154655,-0.0005373585362461837,0.9611465765733403,8.707200577442018,3.793033369078925,0.09956704224979146,0.09651152357214328,179
46610000,ar1,zero_shot,CAMELS-BR,0.9545375352478439,0.9708361338867995,11.878910183864319,4.58752378684183,0.6465656603199403,0.000127444276982195,0.9818417053879699,40.21794434272135,85.42161708921176,0.10655348715122392,0.1024218082334633,187
46620000,ar1,zero_shot,CAMELS-BR,0.9830704225602853,0.9899557083366796,5.047158821335162,2.628321213006822,-0.022259097739968127,-0.000366871000013899,0.9944889587734456,8.24555627313385,8.861096132917346,0.08094832667496234,0.08124903874988579,188
46650000,ar1,zero_shot,CAMELS-BR,0.9963017379683263,0.9937301232582332,3.834024895529715,2.3061924702524044,0.2298909794230486,3.603838002252599e-05,0.9939662085423987,9.076242526016129,6.271725377287738,0.10692706744068917,0.10642685646355936,188
46675000,ar1,zero_shot,CAMELS-BR,0.9970072848539739,0.9805575774084574,3.2665135814177,1.962729614279266,0.24357287689725785,-0.000252640724301487,0.9805882840942318,9.662839664061533,10.435480105030926,0.08664204682374214,0.08761433111152306,188
46750000,ar1,zero_shot,CAMELS-BR,0.7667696924477952,0.8617751228568568,0.7331350351849376,0.19138519313587338,0.9833215106438985,-0.00019952058847731626,0.9026681604379465,3.117435641175287,1.0798506807402903,0.13051578694984034,0.12861269834150577,188
46770000,ar1,zero_shot,CAMELS-BR,0.9717338938106693,0.9737520314599808,1.1659094509478178,0.646406092351705,0.13141507667893773,-0.00036152370875213065,0.9778335819606698,2.1214188491455483,0.8389329862968836,0.09132522851392058,0.08644940344779983,188
46780000,ar1,zero_shot,CAMELS-BR,0.9909691575442182,0.9920900686099654,0.9058915534660444,0.5324393588316273,-0.03919447795005646,-0.00031717370454164076,0.9932992752494537,2.4020379144927912,1.3877405807680516,0.09508050884916953,0.09352274418779177,188
46781000,ar1,zero_shot,CAMELS-BR,0.9809050513578047,0.9897801197298323,0.31790965346764605,0.13144680870793676,0.03529417395186271,0.0006564005421543094,0.9958826498440403,0.4487859855427063,0.4129095679954516,0.059226420943664454,0.058785789952008324,182
46784000,ar1,zero_shot,CAMELS-BR,0.9591696101935915,0.9779865964032465,0.6123500129707178,0.28626796349721867,0.05604764693369724,-8.526214603036229e-05,0.9919322983988146,1.2535414126642224,1.554280293260317,0.12716067882561702,0.1366590022022023,174
46790000,ar1,zero_shot,CAMELS-BR,0.9675389400207937,0.9724923859325071,4.3123788397394875,2.308087111153112,0.00397181127733971,-0.0002765202771951277,0.977623552087222,11.30307021996944,5.432608786174702,0.09549946554605934,0.09288669955824264,188
46830000,ar1,zero_shot,CAMELS-BR,0.9559209859934632,0.9333775187027901,2.6305346181014584,0.9862388028740612,0.5899201941015509,0.00035821315041530393,0.9351316797319145,7.992167429817541,16.315542596416364,0.04774524960290607,0.05152881297808845,83
46870000,ar1,zero_shot,CAMELS-BR,0.988354864965364,0.990768679656882,3.3537322261566858,1.7334200101132982,-0.056849726715492266,-0.0001197080858696695,0.9924325045767443,8.32806051141947,7.076287191481922,0.10015118067793857,0.0979529997948206,188
46902000,ar1,zero_shot,CAMELS-BR,0.9970375791819954,0.9870525026842973,4.803959960535848,2.8893625539203907,0.011200137902991349,0.00019965969838323452,0.9870980713930911,14.713575730032908,10.590814311588014,0.06537658159194829,0.0667403201834088,188
46998000,ar1,zero_shot,CAMELS-BR,0.9976121340474925,0.9928521118390874,63.01416440996133,37.85602574854898,0.16418479829845872,0.00023435160126105553,0.9929408065335203,60.66489087695062,91.78780455429832,0.10448996640267086,0.10640175785989042,188
47225000,ar1,zero_shot,CAMELS-BR,0.9441798968673047,0.8862209848818224,1.006209733158827,0.5710741471616267,4.507961255441858,-0.0013263730997545853,0.8872059679372092,3.5669178958785777,3.673933145800092,0.405795025160724,0.38187581501823387,63
47236000,ar1,zero_shot,CAMELS-BR,0.9720556498201979,0.9566866895826329,0.8436975102709393,0.43818710761898266,0.4141379736444376,-0.015232863813198744,0.9582958245201005,1.9972741308778348,2.824194267509892,0.41947020068931684,0.4328930010645229,57
47249000,ar1,zero_shot,CAMELS-BR,0.9842257576557053,0.8570874663431082,0.642382895410189,0.12291141335556087,9.601011767510121,,0.8570937350313342,2.771068045496629,5.8784129849336075,0.8198710864790385,0.8258817041822047,188
47250000,ar1,zero_shot,CAMELS-BR,0.9852045431023848,0.958123056453672,1.061808728731719,0.5870121535509644,3.8325465969573007,-0.005068118213520115,0.9585397347603961,3.696806304599426,5.367688823397344,0.48592417583157965,0.4646134313092497,84
47302000,ar1,zero_shot,CAMELS-BR,0.9952223968942442,0.9970331840727731,86.63122117277527,51.71792807602658,0.16895519664317088,-0.0003904892985909618,0.9982148148963832,54.499111511796684,35.8119281271434,0.14305303848230122,0.13738377600551394,188
47441000,ar1,zero_shot,CAMELS-BR,0.2536450473481857,-0.04277964495254549,1.6262793080692315,0.20522852217033602,-60.60349619508759,,-0.03851037840757354,7.249103754319384,15.35585238917408,1.7660389598304846,0.5212876177284457,179
47480000,ar1,zero_shot,CAMELS-BR,0.9778019403956425,0.9861316386236962,0.12307853232347774,0.03554153368176752,0.5986572345361109,0.00011404092999284937,0.9915300251959063,0.45695021683331205,0.10792909131959179,0.24263453390715428,0.24191598654565874,184
47750080,ar1,zero_shot,CAMELS-BR,0.9900515205036489,0.9877869398995375,42.461789123035246,15.855247869196914,-0.6990046246105897,0.00016710510537486234,0.988464285457721,138.33902633922924,43.15565693156314,0.08179245515170903,0.08116566058383613,188
47900000,ar1,zero_shot,CAMELS-BR,0.9980629208853837,0.9868922140022818,0.1987814900648424,0.1313018546073516,-0.5426250284916799,0.0009465581368422356,0.9869096905738968,0.33168402333683655,0.34256819240040143,0.24305724021891928,0.26070430523983296,139
47960000,ar1,zero_shot,CAMELS-BR,0.9540638746787813,0.8872646927366297,0.1110893930377131,0.07579215845786898,11.019452254298734,0.0019163605045818318,0.8880917084384659,0.1431086189991064,0.14062090331389276,0.3143157710177961,0.2876572717832768,97
47961000,ar1,zero_shot,CAMELS-BR,0.9764421727208364,0.9386573075710416,0.0643181748367969,0.044179184506653216,-1.124429843738234,-0.0012792016300001091,0.939430110335436,0.15625704140193492,0.051563178914752594,0.10078470280508704,0.09321260371056896,84
48017000,ar1,zero_shot,CAMELS-BR,0.9350302851517152,0.9394712802930617,132.72497761187967,93.79422371627477,2.8138108084667506,-3.1673626818434254e-05,0.9469118592423251,194.43903941689518,288.71687402259636,0.08794367933929327,0.07069075079300893,188
48020000,ar1,zero_shot,CAMELS-BR,0.9941466555321042,0.9925952393553239,51.758480534855295,20.304054879566593,0.1902141700079477,-0.00010759754805811025,0.9931006606202427,125.86315475298271,143.53994197441605,0.11027403115358742,0.11082237197004208,188
48070000,ar1,zero_shot,CAMELS-BR,,,0.0,0.0,,,,0.0,0.0,,,187
48280000,ar1,zero_shot,CAMELS-BR,-1.0866733314024386,-0.05123874816618912,3.2264300903002074,0.5153246394860033,54.153427877147124,,0.4352520004427216,3.2264300903002074,21.09664186757833,1.697354823197918,1.2970640105321638,188
48290000,ar1,zero_shot,CAMELS-BR,0.9898383409877941,0.9941962857198652,71.94894407213431,30.94035766333097,0.20930460343031104,5.560610387845676e-05,0.9971232006334633,31.248799608807154,21.34015937816779,0.11500693382243193,0.11962304588287305,188
48395500,ar1,zero_shot,CAMELS-BR,0.9914790740341826,0.9951560574514885,73.30534351536232,34.813363961337934,-0.03143989638277827,-0.00034313615574034766,0.9974183793090462,91.04336432224889,44.23354695027017,0.12745968867076135,0.12634055937426275,188
48400000,ar1,zero_shot,CAMELS-BR,0.23737487883346797,0.13557504684466237,0.6042820538819639,0.263326446187563,11.098556901868593,,0.14554294552674263,2.55750283019683,3.45190170336521,1.07901012135022,0.12601061969417057,173
48420000,ar1,zero_shot,CAMELS-BR,0.003059922936147208,-0.37824782573944415,3.067324488962731,0.3923115420926881,-39.15468269427142,,-0.03824115835535924,13.274787006929426,29.65406191254637,1.9354896848378533,0.20142604183026813,188
48430000,ar1,zero_shot,CAMELS-BR,0.6071515506561594,0.5594610605429842,0.6712573777922126,0.15750575687612994,20.23231824209341,,0.585738319692499,0.6712573777922126,5.407550932750153,2.0000000000000004,1.2709892713264552,188
48460000,ar1,zero_shot,CAMELS-BR,0.9942914618794279,0.9439301623171134,2.7689583498094326,0.6021403258123029,4.671667826926997,,0.9439301623171136,11.38667782781974,19.616835454212577,0.3273476564238765,0.361920806495464,103
48561000,ar1,zero_shot,CAMELS-BR,0.9953535691582842,0.986450391091415,189.01220212448197,103.687156649147,-0.2811342331039801,-0.0008946476622871393,0.98659459035916,214.3739951069701,215.58720029888354,0.11536670343330357,0.12728629487267604,84
48590000,ar1,zero_shot,CAMELS-BR,0.9897252800950621,0.9916427972001002,81.254156584993,38.001239984309464,-0.010207640479363737,-2.6316620512112365e-05,0.993220257326234,131.05074274413244,42.02001569118637,0.1271502770453248,0.12882460811465643,188
48820000,ar1,zero_shot,CAMELS-BR,0.004195697578432522,-0.3763456972430981,0.6743847467830001,0.08037880750677538,-35.993645402911646,,-0.3466862478775514,0.6743847467830001,0.6743847467830001,2.0,0.027419205461773052,188
48830000,ar1,zero_shot,CAMELS-BR,0.530209979006565,0.47118831064173705,1.5195629635133654,0.4372174144743054,38.71694616513469,,0.5431089440895746,6.1287308971657195,12.704482140224359,1.7446525121099845,0.8870129946005784,188
48840000,ar1,zero_shot,CAMELS-BR,-0.42863748315191263,-2.243028160999246,2.3700597774984207,1.1854880593809167,313.83246565522745,,-2.2280716048940463,6.9270089148971685,15.412668749314987,0.9002885816427618,0.1115586353121933,188
48841000,ar1,zero_shot,CAMELS-BR,0.3386920481737431,0.2524426825918047,1.028439877954022,0.33373649255559207,-16.69257073990472,,0.3314965859328636,4.1597824964266366,6.6941404744834,1.281081414584675,0.42751159649433046,186
48850000,ar1,zero_shot,CAMELS-BR,0.5090988254329246,0.6609795630196749,0.3013416288572228,0.15608171904774418,5.540614027077992,-0.004882860915822131,0.7992052055387885,0.8481130755925002,1.3749332257344977,0.23447127756730826,0.18545869543259785,180
48860000,ar1,zero_shot,CAMELS-BR,-1.4521081006115577,-0.908341218947613,2.2940609935149245,0.5821354624497193,155.99270201228686,,-0.8919179356027078,9.700284107619305,15.823554090554065,1.9367397768469672,1.2077309012388031,188
48880000,ar1,zero_shot,CAMELS-BR,0.6293184613917693,0.6772043924325505,4.361805317219081,1.617844801485228,-4.09350780940474,,0.7509550109280778,14.101013258070981,12.958364445754174,1.7791951634976106,1.4559510028714244,188
49030000,ar1,zero_shot,CAMELS-BR,0.9755208797910763,0.9736453944181758,178.1603295520079,109.12509911556508,2.1535974629808448,-7.87869272944261e-06,0.975626665166457,455.4188389870108,892.1601876623871,0.11416965634681948,0.12164212077267676,188
49042580,ar1,zero_shot,CAMELS-BR,0.5138530220274737,0.6526971758923203,272.77984867160524,201.20955164639267,-17.782037361882594,-0.0004803583484642715,0.6811010680394196,531.0235803051901,678.5824735522664,0.16268729411395025,0.10733112128081757,188
49100000,ar1,zero_shot,CAMELS-BR,-0.002080239731188094,-0.5765329330540916,33.7156464879115,3.0722260049976984,-78.67861334976963,,-0.5096784835521095,33.7156464879115,325.86473398615277,1.9739143104845558,0.04263522570552543,187
49130000,ar1,zero_shot,CAMELS-BR,-0.004406366327599498,-0.282134121401572,0.7268040949784876,0.1474802092291288,-4.479974217904084,,-0.00877583183899544,3.1037821776990224,6.848091855871118,1.5886881604156138,0.14045050698588402,187
49160000,ar1,zero_shot,CAMELS-BR,0.22457437268759028,0.4947030167655819,0.8586339980826524,0.1180772799599241,-4.966734497427308,,0.7823013509819965,3.719503308333822,8.29713184275719,1.1140443459943103,1.0806409090970774,188
49330000,ar1,zero_shot,CAMELS-BR,0.9611920824631607,0.9336026437263494,160.37879535649296,102.90664325442411,6.119526742895846,0.002286503033508804,0.9352346904020392,170.71671171302907,19.849833035229537,0.17479742380212626,0.16957625460464573,188
49340080,ar1,zero_shot,CAMELS-BR,0.7943403588614224,0.7911273752569036,171.83623888024593,106.1929010650901,-9.423152088892216,-0.005819277669721384,0.8013391361456177,293.48392143247816,217.31366625185922,0.09612409649368271,0.0792474541698094,188
49370000,ar1,zero_shot,CAMELS-BR,0.9530531987340137,0.9435684762075811,159.32110305765644,101.71777176586991,5.304317446920519,0.002313674842515777,0.9467289236439641,105.80644555673027,37.66009805519174,0.15749808774780485,0.1525485933464346,188
49380000,ar1,zero_shot,CAMELS-BR,0.46731169044094856,0.7326371891238666,2.2394977765212114,0.6251233860803458,7.500915303298824,,0.9005979692629122,9.25101376801849,10.085169618322803,0.6415977488578425,0.7649083390893847,188
49480000,ar1,zero_shot,CAMELS-BR,0.9445567168558425,0.8412025122551924,1.7048232614556875,0.7826765930886849,14.715904009569833,,0.8428325302249232,5.805852320072641,4.434120995746407,1.0276277722826057,0.8271278364788717,129
49490000,ar1,zero_shot,CAMELS-BR,0.8629462160018107,0.6150657822869551,14.914797631562498,3.3145304254283037,25.75096854778174,-0.11439429336534779,0.6155181569455912,64.19265810799516,126.08996086817524,1.0904379064634164,1.123463247336315,188
49510000,ar1,zero_shot,CAMELS-BR,-7.425376287129975,-1.8936729587110706,127.5538450576674,14.043337263946285,128.45472563669776,,-1.8930187702805306,541.0693996180544,1147.7046200753373,1.5012738211337977,1.5947790813022622,162
49525000,ar1,zero_shot,CAMELS-BR,-0.08508515797960015,-0.10695793748376525,138.21024428351967,19.412680631691266,51.8736776938524,-0.042311400846318355,-0.10676657443767068,598.1976122312742,1330.5076792659804,1.226860707309019,1.2866682878117652,188
49600000,ar1,zero_shot,CAMELS-BR,0.7343636515267216,0.7072801818814572,15.557617003411252,2.866397253613376,-9.68109413658472,-0.17429421630587338,0.7397327213331792,66.94239151562016,146.6787868905117,0.8405632610687339,0.7213562586601536,188
49660000,ar1,zero_shot,CAMELS-BR,0.9604982744747348,0.960938989061216,141.34984745749,87.15018054958301,3.45238163314394,0.0007104895257644987,0.9645023196129797,91.16539337599002,26.80307662868674,0.14722891901122426,0.14519348431071702,188
49705000,ar1,zero_shot,CAMELS-BR,0.9656260932131441,0.9761977326611194,132.17144909209225,77.02378703216156,1.690916400942634,-1.8696637669987463e-05,0.982330797392516,296.41682013199693,21.21653995361851,0.1575608237379329,0.14617611670540345,188
50040000,ar1,zero_shot,CAMELS-BR,0.7619323986119753,0.8809751418763736,2.3996461552897985,0.7759456815796733,-0.9138855645020634,-0.021983662688969043,0.9545659926063651,9.490682679608428,4.71281094004096,0.8539419115907939,0.9629952670252031,150
50042000,ar1,zero_shot,CAMELS-BR,0.5950809929442306,0.7995063551638022,1.2213177918729619,0.5622379357141304,3.386504572030315,-0.014019562332724032,0.8952499880708635,4.348068602674074,3.717357972291739,0.2630658969114035,0.2475423362763403,177
50043000,ar1,zero_shot,CAMELS-BR,0.38790449513938385,0.25799930098124724,2.8578265763271107,0.7075512024614291,-14.482415467259536,-0.004889162627427727,0.28375417272593484,12.303254078407543,25.696230337465597,1.1810776070329188,0.4922686845242354,188
50046000,ar1,zero_shot,CAMELS-BR,0.32614719151844607,0.2842523197178406,0.8415225950441939,0.38753174992171696,-2.1405891110612965,-0.004498511321031424,0.3959132866620583,3.277640918546076,6.1510277672041385,0.3383613878328062,0.15153954817056425,86
50046100,ar1,zero_shot,CAMELS-BR,0.28996538039236397,0.19224906974792477,3.054923862031893,0.8307936468631768,-21.643045381310774,-0.003396215909025335,0.2884073335462778,12.778565684371252,25.446166174802208,1.1246244662310803,0.30880529145302266,184
50047000,ar1,zero_shot,CAMELS-BR,0.87070915244111,0.9080697751203032,1.5810486734857643,0.6587033672737255,-1.5729601052619162,-0.018114184460670826,0.9349797098116877,5.155243115421451,7.0284996285937975,0.7592627479375916,0.6845419306701146,184
50080000,ar1,zero_shot,CAMELS-BR,0.647570276942329,0.8066710996215397,9.070674747891655,2.9308262427501544,5.494300732257436,-0.008164040481891899,0.907119793021749,38.3715958315211,33.41971682974506,0.7787818569923917,0.7412981126633901,137
50146000,ar1,zero_shot,CAMELS-BR,0.8707525885569993,0.8519900866686051,2.4152771884370394,0.42693477539704294,-5.997985695130413,,0.861310347028985,10.253130755030059,21.651046734701946,0.8158832014921868,0.6839165421420855,187
50150000,ar1,zero_shot,CAMELS-BR,0.6355555392294776,0.7973932250485553,3.804297523941317,0.6348767475788664,-3.0724089267100876,-0.002494519942337011,0.924743761763732,16.908900059350657,29.4371276729662,0.8580633501165006,0.828706989024172,178
50169000,ar1,zero_shot,CAMELS-BR,-3.636460581729586,-0.7990638831561849,28.944533642367503,4.422373159216133,30.436630725015284,-0.020413583828971328,-0.7943971979107456,125.28366188546752,262.0159339250285,1.1658333507667205,1.3479575514597075,171
50169500,ar1,zero_shot,CAMELS-BR,0.35202459440663947,0.18487155775778152,13.750102244092918,2.3303087753446867,-33.17097312964367,-0.015456338845915697,0.22659583586234955,58.736496743872834,130.61043744087135,1.4765043369242463,0.6244919728587701,186
50191000,ar1,zero_shot,CAMELS-BR,0.7341486986015424,0.8479331699928998,7.060038477160627,3.048683692942586,7.3209439607794,-0.0097816026086468,0.8995540633000857,28.143197847666634,42.80567795005328,0.9486259055551988,0.6239074684200351,188
50230000,ar1,zero_shot,CAMELS-BR,0.6328033607992132,0.5785499598359991,3.0047352207737297,1.1948530174683352,1.6994501259252923,-0.005607416451510902,0.6176412359779033,12.451407237787013,22.245164667391627,0.6698418156753855,0.39627683912908596,188
50250000,ar1,zero_shot,CAMELS-BR,0.7526475562654233,0.8167623034085053,1.4883521766009722,0.6404088039905216,13.384826628576127,-0.04148777457146767,0.8639215365046506,5.494483551612235,7.100758057737714,1.263081916081853,1.1137309665364181,154
50290000,ar1,zero_shot,CAMELS-BR,0.8094743208922646,0.8672110176313861,8.081453986480977,2.8556477417700328,-3.68951798016592,-0.003913069401397278,0.8833089899801216,34.586039767818434,50.78967402421931,0.8237127751887031,0.827656981408187,179
50330000,ar1,zero_shot,CAMELS-BR,0.652013507696068,0.6239643264735544,1.2655653543297631,0.43755803582958935,-1.6634694241515846,-0.003824851090339889,0.6683558998355797,5.197757240298032,11.044693735896077,0.4924325035016817,0.3495261101282799,184
50340000,ar1,zero_shot,CAMELS-BR,0.655345754138405,0.627083462883674,0.8838293590319759,0.4374006474374063,4.968789737726124,-0.01434756225921651,0.6712423665923577,3.352264702831099,4.943954693989001,0.820376725786592,0.518249047217852,184
50360000,ar1,zero_shot,CAMELS-BR,0.10325186116428164,0.07923657827666697,3.1541654964528743,0.6932024730681469,-5.6897033998886775,-0.013847022421268602,0.3633366749732312,12.95501445348236,29.392050172526908,0.7463592534385322,0.34415594608108235,188
50380000,ar1,zero_shot,CAMELS-BR,0.544675840237675,0.7669466137099838,8.806241859068528,2.5939474848002644,-2.287867979386047,-0.020316296988591456,0.9605101759523189,37.113474261151715,64.8812230047992,1.0485102175518053,0.9130464997037645,188
50420000,ar1,zero_shot,CAMELS-BR,0.857298580631872,0.7478172381915589,0.573389320837627,0.2583145160820612,20.290531033903793,-0.006676412819719382,0.7530503791719191,2.007188481871778,4.194454353703079,0.938336838442764,0.7608397316607123,178
50430000,ar1,zero_shot,CAMELS-BR,0.5277856097861723,0.40543309060423494,3.1043476336154767,0.37281140887767017,-12.378473394435595,-0.008322717899302563,0.40845923889381286,13.555366127774462,28.693696830678984,0.9441425181178322,0.5791144017243934,172
50465000,ar1,zero_shot,CAMELS-BR,0.8566002569178643,0.8710036613232434,6.747001852829515,2.463340222273284,2.308006926702962,-0.007115231943189172,0.8887957317730198,25.40936807861283,45.68366429056034,0.9621448163655222,0.8536973528537664,183
50494000,ar1,zero_shot,CAMELS-BR,0.8395277847655187,0.8581657200104863,12.61245034310134,5.083012875624637,6.06955818747024,-0.052993682152510574,0.8849829601324116,32.65816911441136,66.60612619693568,0.7661986506859861,0.5935051974834391,169
50520000,ar1,zero_shot,CAMELS-BR,0.13212112804428733,0.22727837729228995,45.14070347430458,10.708781167709864,-14.43711285567287,-0.02193320921485732,0.5124278331107893,190.8817633587071,373.2376047489326,0.9076949659959158,0.6602846244288023,164
50540000,ar1,zero_shot,CAMELS-BR,0.9331637581746739,0.8255557115633061,7.226325976137532,2.7916064282663196,13.776497883065979,-0.012321587832260658,0.8270798926679702,27.98824742836776,31.94860253283744,0.8931741858848382,0.8862482224017698,188
50590000,ar1,zero_shot,CAMELS-BR,0.964135102049714,0.9019549869585675,14.764533951066207,5.0902289462955626,1.4915913525124467,-0.0035063633594386336,0.9025256520627706,57.225063567456395,59.2895042372591,0.5811694864531934,0.5597007837333042,171
50591000,ar1,zero_shot,CAMELS-BR,0.7016717493744249,0.7737276305603852,38.133364468065665,8.56767682781674,3.7763930878037946,-0.00557151770308119,0.7939811994764018,164.46046647471434,244.748567005351,0.6916542354098565,0.8370441218512333,188
50595000,ar1,zero_shot,CAMELS-BR,0.38459477302758316,0.682990051327543,19.771523786914038,6.015591285994372,-7.07562237605926,-0.0015510825223334496,0.9168644197263699,79.66594910460532,131.44371959343073,0.6183016106732918,0.5664079444049779,141
50620000,ar1,zero_shot,CAMELS-BR,0.9017119737302068,0.9228070784815181,0.1084868225148126,0.04065151315250979,2.267175806080182,-0.00036475017100616024,0.9350034263542079,0.4077088375909067,0.3007273194558064,0.14423770683715353,0.16019302909141417,188
50660000,ar1,zero_shot,CAMELS-BR,0.8109494152803851,0.7352740440583162,5.974861768797877,1.7328205732317083,-0.6022661520518207,-0.002456010453797567,0.7387046901452602,24.800677672434578,53.77585886186955,0.7318477757402712,0.6226684543154664,188
50690000,ar1,zero_shot,CAMELS-BR,0.9003289627118897,0.8947724011728652,0.8686813863113333,0.31974397843961605,2.2990919326195196,-0.0007598826419721715,0.9026950811306604,3.1976009208229925,2.0071792091624783,0.3177757999383973,0.3448302965253998,171
50700000,ar1,zero_shot,CAMELS-BR,0.9295749003909253,0.9005714519863095,0.23901669454362728,0.15805322927819393,8.221834663925652,-0.011808064411394256,0.9056446101111317,0.39359906392707733,0.4624423201975086,0.2832048257454568,0.2803781991929334,188
50705000,ar1,zero_shot,CAMELS-BR,0.5537618065712181,0.6844778918188106,2.0230679798827804,0.6951628360804194,9.27992552334002,,0.8077671344925754,7.959575493013968,9.211323060017902,1.307255285461488,1.035636585101924,178
50715000,ar1,zero_shot,CAMELS-BR,0.5392249983114524,0.7047269630474553,0.34095296719443524,0.14430888476285889,1.9274120484207307,-0.0009070227533763825,0.8535276818189773,1.283542147909342,2.0618354576000715,0.6407551360355359,0.505427210001221,156
50720000,ar1,zero_shot,CAMELS-BR,-2.2608440081768966,-0.8018627401733773,1.701419785923571,0.21854908249920568,43.03787731571292,-0.009325071140702211,-0.8017886120699587,7.022534936593058,16.449945408558236,0.8452313177072435,1.0154388180345821,188
50730000,ar1,zero_shot,CAMELS-BR,0.7762813875785652,0.6746784042579217,0.022459243257364682,0.008642922458373161,30.755238564031703,-0.010033257207708451,0.6907315254496583,0.04848005999439127,0.06043000108348693,0.8019097606475479,0.5507854058385708,188
50740000,ar1,zero_shot,CAMELS-BR,0.8409308670249684,0.814718412430431,0.5006244943661827,0.1860350804088488,16.48744407783238,,0.8257136733528978,2.0857795035110027,1.9517528964636202,1.0768602004501957,0.8422252854506498,188
50750000,ar1,zero_shot,CAMELS-BR,0.9044300256779995,0.9148181985262076,10.754596133038463,5.008486107055644,-2.974618179567796,0.000853439907506557,0.9298028466467674,30.604151075245326,4.996653695436331,0.847619237996242,0.8334878972052047,166
50755000,ar1,zero_shot,CAMELS-BR,0.9071808248776722,0.8821948909061748,6.0446782773878205,2.2413469612790755,-3.6308862718085813,-0.0024099156429831653,0.890292344474222,23.592830939894238,17.55999093726436,0.9546330977313995,0.8499982274248514,187
50775000,ar1,zero_shot,CAMELS-BR,0.9427816211500174,0.9676273292652369,1.6468169941838005,0.7810111345515076,1.4856064736655887,-0.0015752945472250722,0.9847751249054649,5.97692934779213,1.508295100439616,0.4831180668683578,0.4801846267548789,167
50785000,ar1,zero_shot,CAMELS-BR,0.9061028162202759,0.9143387230321923,5.680934182734591,2.392617355969,2.7784057059955938,-0.0031269698713545305,0.9247005544908262,17.26605549610732,22.786301951400542,0.666987784157493,0.6029285972571194,188
50795000,ar1,zero_shot,CAMELS-BR,0.8828968214376267,0.9371356752536039,7.836419754481669,3.565333333754719,1.6670196734232556,-0.003564345525095037,0.9779897310014676,18.5878264190739,19.366660881454116,0.6093995614780527,0.5921419924595323,188
50820000,ar1,zero_shot,CAMELS-BR,0.969537139552799,0.8549494173143128,0.30577498454306323,0.16712561805852835,14.123476667776607,-0.001098833354671848,0.8555383181652465,0.9676226281917265,0.24142133718563966,0.6862307254818735,0.5998906732341831,188
50840000,ar1,zero_shot,CAMELS-BR,0.4660296365629084,0.480739364925729,6.741048162732121,1.7765181175928033,14.670170010784693,-0.006758514653001455,0.4868106252004778,28.016653276671686,61.316489428732005,1.040913081022995,1.119468557737,188
50850000,ar1,zero_shot,CAMELS-BR,0.882650871103971,0.9110611611583435,4.61191993096794,2.1931311993977953,4.842535337553281,-0.009808453126308785,0.9252664316730763,15.195815210334061,19.853543266918532,0.7253927568288472,0.7031694281264548,144
50870000,ar1,zero_shot,CAMELS-BR,0.7113058022857257,0.6833321375701111,2.5639183034388204,1.0735763942844214,-1.6592131145776978,-0.007486393631221697,0.7166582526806777,10.022754033598307,19.797393276857772,0.7119656614839145,0.5479551776737023,182
50890000,ar1,zero_shot,CAMELS-BR,0.953104558753144,0.9673861313129206,3.2144254261423155,1.8494711120154605,0.16700252108651314,-0.0005470669520157984,0.9772497161845886,6.31059054246497,8.41686721641195,0.6320680509275182,0.5886936968750005,188
51060000,ar1,zero_shot,CAMELS-BR,-1.401440199739688,0.09039064818841158,7.005734884588909,2.198409104248797,13.559565575270481,-0.0027274934659015423,0.24551992971363168,20.8828269153572,20.239160488542748,0.6106544280642425,0.482261762594516,186
51060100,ar1,zero_shot,CAMELS-BR,0.6680217990787694,0.7019603148051681,1.02427728190943,0.3710025902144254,0.9606536658292366,-0.005434485196270936,0.7625377514800041,4.314498260295411,7.5172818267440435,0.5818466450537514,0.3629098687183933,179
51120000,ar1,zero_shot,CAMELS-BR,0.6155055904191782,0.45534942926105293,33.20559166953289,11.090655732511964,-13.820437110119856,-0.04597928455891993,0.4690851356277599,139.95432870664203,272.5183489983474,1.1517495819842676,0.7601451671275361,188
51135000,ar1,zero_shot,CAMELS-BR,0.7544122835065403,0.6955306085973866,2.0280535106972892,0.32724005183268495,25.98217249900326,,0.7015255932266545,8.734325747329258,16.45366025393894,0.9533958416823158,1.0100652789393125,186
51140000,ar1,zero_shot,CAMELS-BR,0.7611746644356241,0.7468435429132703,6.958140744829982,3.8398538268249216,-0.2634316834778526,-0.017266934372123965,0.7773901915371977,25.068968970059334,26.259561035182138,0.6886235179267691,0.49029083756967945,167
51158100,ar1,zero_shot,CAMELS-BR,0.8150241576924279,0.6997819150297631,0.697164632157981,0.16153024634140944,-4.70642812882902,-0.004307475405749821,0.7052221224407456,2.9921427092084674,6.07458073521548,0.38639665492152553,0.2908171516886642,188
51166000,ar1,zero_shot,CAMELS-BR,0.7795722534681018,0.8794299343774927,0.5703029358100278,0.08785825491506372,-3.7019442608683697,0.0007378274538788164,0.9426627971121939,2.252258219113703,1.14942004219619,0.47554606796915183,0.45898997526725877,188
51170000,ar1,zero_shot,CAMELS-BR,0.7751177856801836,0.8437726152061666,1.3351148092293976,0.3401984353163715,-2.222146248879668,-0.0022722651995832933,0.8977378560652636,5.656277573178583,10.35033378749225,0.40366834563401743,0.41930887673677186,166
51190000,ar1,zero_shot,CAMELS-BR,0.9394786114113686,0.8814302383422798,11.773286023218768,4.3557257274165995,4.420983733468449,0.0002665393745000244,0.8824000926687434,45.81093958476641,87.29598856353218,0.681706758185388,0.7187967847864791,188
51230000,ar1,zero_shot,CAMELS-BR,0.806891602107731,0.8649014849832345,18.15665544198234,6.666613711282432,6.27105219207817,-0.01619872371172,0.8946934773081864,72.58741654416342,110.2693225865549,0.9696811325284442,0.9709709937151677,179
51240000,ar1,zero_shot,CAMELS-BR,0.9157529934516476,0.9556022999644437,21.98101803340034,10.244748912779029,1.387042631107602,-0.003243123970771797,0.983570545334161,81.71258500342003,96.4384037750522,0.5814654411923501,0.5836546161983478,188
51280000,ar1,zero_shot,CAMELS-BR,0.8610897987409218,0.9008436711326642,36.81884621721433,11.193902615444614,2.1642517882430554,-0.008867524160916934,0.9270586935549928,152.02370324223568,266.2262160834145,0.6444579386175383,0.6560007016294457,188
51310000,ar1,zero_shot,CAMELS-BR,0.4741277608623312,0.6421943164382635,0.8678866916345259,0.49653285230681965,23.289601974586123,0.0027842294839556525,0.7413525426769975,1.6566886280158182,2.5132089275623053,0.456261986795431,0.2575996898000488,188
51330000,ar1,zero_shot,CAMELS-BR,0.8934321684252475,0.8464283527126024,28.73864487796134,16.051250381932448,-2.781337053119696,-0.006559751475289852,0.8547385208764289,78.29689790328263,93.69364395621723,0.6502312821475514,0.5958475791210462,105
51345000,ar1,zero_shot,CAMELS-BR,0.2172363077265277,0.11679549977135406,12.977024875794108,3.1320624644496298,-24.69231592420253,,0.2644376203555474,57.767828606435124,105.33827497215458,1.6047791330494097,0.5623728035771255,160
51350000,ar1,zero_shot,CAMELS-BR,0.9472303434142306,0.9151835084302838,26.988837529113145,10.82127617136968,-1.9555862952883742,-0.009729328141745854,0.9178409516709292,101.03108424384251,35.55623258403582,0.6010367122149942,0.6329139658387971,187
51410000,ar1,zero_shot,CAMELS-BR,0.8013721133128912,0.732620250544636,0.8577338414388666,0.29120108869017886,-0.05366846256831605,-0.0002502361821035406,0.7479386483428169,3.4394015532889366,6.98797198940401,0.029371376139319085,0.0204191870285156,183
51430000,ar1,zero_shot,CAMELS-BR,-0.02603436650879587,-0.5554491914816309,2.0127739918600014,0.5171421932279803,78.82953009944714,,-0.4069325958961234,8.105686111391826,18.985064692672506,1.9441592791116546,0.07029769133721213,186
51440000,ar1,zero_shot,CAMELS-BR,0.24964208886012762,0.1687096045941291,4.027116537610371,1.0256897243336298,-0.05093334807708077,-0.016866191308138594,0.2663739609606479,17.78548992179904,36.57962293096443,1.5723201997809482,0.5957666780694858,179
51460000,ar1,zero_shot,CAMELS-BR,0.3052733834164446,0.5130668576806092,14.406778473147645,3.6504342163648427,5.962775705851042,-0.06680009206531592,0.7284319415346372,60.823856357527234,124.52093139272556,1.5774931701572232,0.820311152615469,181
51490000,ar1,zero_shot,CAMELS-BR,0.8476514852640176,0.832160134739937,78.68889029810467,26.772681758428995,-6.377069511808456,-0.004783043582183021,0.849690643765304,300.48840758694524,473.1582185498017,0.6365366893766908,0.6131813392292899,186
51490080,ar1,zero_shot,CAMELS-BR,0.8882662000597898,0.8761190297454092,6.942276980051326,2.7909003087326214,-0.872868406290285,-0.0007935284270011427,0.8884388993206244,14.04097908819717,33.83856371129651,0.2487144974235564,0.1959668141254649,188
51560000,ar1,zero_shot,CAMELS-BR,0.42143036599704464,0.6007427439212435,10.15372991877975,4.397941418881964,-2.700957045653083,-0.008887352447008879,0.77994817979067,36.9238179697446,43.13670994420171,1.0265738592266127,0.6690186725522612,188
51640000,ar1,zero_shot,CAMELS-BR,0.8794662835598148,0.9241075385547454,0.6894668836375558,0.28511989492630735,2.321011740134056,-0.002200268214648027,0.9462195462368604,2.6984457679513816,5.096306751466344,0.3522149132894797,0.32698243425147255,180
51650000,ar1,zero_shot,CAMELS-BR,0.20074924081159673,0.11008552110271586,22.35524851530916,4.485954297817288,-20.96874175601526,-0.0015455455209457576,0.2616961456574043,92.11305771305845,159.3196240690465,0.998959054329774,0.4661646870747146,108
51660000,ar1,zero_shot,CAMELS-BR,0.49572893028231335,0.7370606717705109,2.9550802492306003,0.780168107659671,7.56031198069998,-0.003777033755078962,0.9216411315940379,12.652703952239154,23.52224272519838,0.6532811857726625,0.6039054547798947,150
51685000,ar1,zero_shot,CAMELS-BR,0.3329943791901162,0.2583151976025464,25.670999864934213,5.6114508422477565,-19.69749982784288,-0.005242654464423372,0.35287064504115206,110.0574631090603,239.26759139839086,0.8656263097561635,0.5073210025941004,187
51750000,ar1,zero_shot,CAMELS-BR,0.9156344410479036,0.9496658479245327,0.4584515957558707,0.2660552703678979,0.88961380447268,-0.005299084980321615,0.9733428669174254,0.891459633604115,1.1064351701655548,0.33638105723025363,0.346815641706844,188
51790000,ar1,zero_shot,CAMELS-BR,0.9712136099271302,0.9794211103156473,1.2917751325726399,0.8844470552809731,-0.3141629219519883,0.003972951273588637,0.9851384347323556,1.654590873742405,0.8639956261047033,0.34066073904426564,0.3333198063998471,50
51793900,ar1,zero_shot,CAMELS-BR,0.9672493923370189,0.976863872465218,1.3240675065592575,0.7535096222580108,-0.6341081931820736,-0.0005481916933743024,0.9832428255025397,4.10769400684219,7.39776827385797,0.39834239379731595,0.3783243078411865,81
51794100,ar1,zero_shot,CAMELS-BR,0.886282148309562,0.9167491354235678,1.895967659975286,0.8503683937391934,-2.919175626416036,-0.0031379481198565706,0.9388009076565458,7.346618530057456,1.4374816516140996,0.3228738813213869,0.28926391855502126,80
51795000,ar1,zero_shot,CAMELS-BR,0.905938029999102,0.8687808561545804,5.9769762532682345,2.827126615539078,-1.2927217168980434,-0.0029625859801587356,0.876540590595376,22.833981165359457,32.914473535406806,0.4540322874712651,0.3872231567266463,165
51820000,ar1,zero_shot,CAMELS-BR,0.9072779715495569,0.9426416140940436,2.557228253579361,1.3517628744433257,0.5381371698686866,-0.0010590929890951194,0.967472937581509,8.281942071859387,5.3038962461891535,0.4673843478144549,0.45279304103144397,186
51840000,ar1,zero_shot,CAMELS-BR,0.9752708037085543,0.9643732020189348,0.06167511275725716,0.03093827520852682,2.3273163926790152,,0.9661994485055011,0.14836858613508863,0.30088327055655384,0.5130581891906841,0.4915126369498891,188
51870000,ar1,zero_shot,CAMELS-BR,0.9402542774219962,0.9337487693325301,1.34746433697223,0.8166141924648376,-1.2230281676037553,0.0014445046969337148,0.940781467363812,2.72186244604741,1.112779382357173,0.39032118622562734,0.3694306647272026,188
51890000,ar1,zero_shot,CAMELS-BR,0.7628189702964121,0.7212680753608202,13.005013222600022,7.788029775060796,-4.442703923414081,-0.0012462181055179697,0.7444115959306863,39.28489445631941,70.68499258449343,0.5829573310184021,0.49036652527233066,167
51940000,ar1,zero_shot,CAMELS-BR,0.8542317215331536,0.846476478078177,0.8941657454585149,0.651278414327282,1.5754797125460738,-0.006016217098333984,0.8651826817547509,1.2007822067355034,1.729093443053686,0.40844695657036084,0.3331646106671293,184
52020000,ar1,zero_shot,CAMELS-BR,0.8673566875038136,0.9013292297436342,4.964617553361739,1.176072071839861,-0.5731570527016694,-0.008988563746728323,0.9287695912463098,15.668614112204988,30.15855539247733,0.32709628039156774,0.2505381850325111,183
52050000,ar1,zero_shot,CAMELS-BR,0.7205307758159168,0.7391326268835652,5.423857490261753,1.6194775963228445,-0.5533528600116799,,0.782453434293156,22.929143435840015,45.875546961887565,0.8447748340463701,0.6224902960852474,188
52090000,ar1,zero_shot,CAMELS-BR,0.8154066151111485,0.8454775373470437,8.947685159595064,3.3872903738836744,-6.769675750166242,,0.8784742985353338,31.270046528176007,63.4099068896145,0.458232923970032,0.4974442406072725,174
52130100,ar1,zero_shot,CAMELS-BR,0.17997761513074317,0.11877656554444871,0.40972899528530426,0.24716641506154988,2.2837996166921983,-0.0037952653709129036,0.31398973740895175,1.3711925897392336,1.4914453081287666,0.5692320644910074,0.19670863103484834,46
52200000,ar1,zero_shot,CAMELS-BR,,,0.060102697223036065,0.028615264466085782,,,,0.060102697223036065,0.060102697223036065,,0.028246485050724947,161
52210000,ar1,zero_shot,CAMELS-BR,0.7325052173980761,0.8520080072960238,0.18826110792553652,0.09211715478673077,5.129167543859929,-0.005941003492253214,0.9039659559462282,0.43221411763974776,0.44990148071474,0.22009900879457348,0.2581812405999408,125
52230100,ar1,zero_shot,CAMELS-BR,0.17468577983805234,0.08220995897763461,0.030219582530145898,0.012038318773926544,82.72353362728235,,0.16092638734903741,0.08943647198654389,0.17232292699676172,1.4433205759066887,0.4356652617758738,133
52250000,ar1,zero_shot,CAMELS-BR,0.9803441468716461,0.9598083727930501,3.3770610602928057,1.5137037768763693,3.7573370294574637,-0.002710281662869421,0.9607353443470976,3.442525428396962,4.756761235172082,0.5095767991043606,0.46922882107014163,129
52264000,ar1,zero_shot,CAMELS-BR,0.8333615451833649,0.8390521911772092,14.186859609699285,5.267411019793557,9.243190466565995,,0.8485417214331206,55.55760543179898,82.2975408816479,0.5046292342344947,0.5892370481746281,153
52265000,ar1,zero_shot,CAMELS-BR,0.7009183607958875,0.601220291825155,14.054428039327062,3.355177394253478,-17.929390563030772,,0.6261486079554028,61.34191892780213,106.13994329460493,0.8934055018429156,0.7115307377216982,119
52270000,ar1,zero_shot,CAMELS-BR,0.7918103059086028,0.8894938419070406,47.21888376048311,13.628892210321359,3.67876263616145,-0.04326012247868521,0.9426724456280354,202.16064996472954,400.85289855498354,0.5599128019347839,0.5569073090572111,180
52360100,ar1,zero_shot,CAMELS-BR,0.9997662513328351,0.9945644953227419,0.11759643918316262,0.045556014543079386,0.5307619631319367,-0.006978715519131273,0.9945656682266739,0.1535961610545006,0.034307664417257265,0.27101215853150434,0.25645037030711765,102
52370000,ar1,zero_shot,CAMELS-BR,0.5551079463772173,0.6184973567049563,8.245264025369297,1.614391696974924,9.210181319866152,-0.019935827126755633,0.6288572603938543,35.560265340878956,77.96105061782215,0.7862311666170089,0.7597880122876959,188
52391000,ar1,zero_shot,CAMELS-BR,0.4327576445513498,0.11397810508252093,56.80002435873541,9.808763231590017,-54.228109134189566,-0.012836039202569594,0.12025887356059572,244.9376942419775,434.91616034533604,1.5266264240805205,1.0923138960229537,149
52404000,ar1,zero_shot,CAMELS-BR,0.8739686353297316,0.792226986855799,39.03949524621217,13.703670775744506,17.230429751463728,,0.7943230487215834,163.1712933703684,190.61367156670292,0.6009840151777703,0.5557734645942622,95
52404100,ar1,zero_shot,CAMELS-BR,0.4898311563349367,0.4653865809579436,10.0700024065945,2.8786941971145255,1.500881344438464,-0.01511678448756023,0.5426511028270645,42.75726081821678,86.5775532767653,0.951054491708255,0.5149577452887785,188
52405000,ar1,zero_shot,CAMELS-BR,0.780613711148896,0.8191305772094022,31.816198808968178,9.820940653006426,1.7557273303294803,-0.015703587096390914,0.8601240371621551,135.1914237126165,222.48643069061544,1.0109546481363703,0.8255765271288815,170
52406000,ar1,zero_shot,CAMELS-BR,0.7486717212175593,0.6868768512204213,0.9070995347862121,0.2922675673234551,28.572347249242654,,0.711939542483241,3.8844805102664535,5.0298977630867165,1.6409504874398944,1.107834126031076,176
52570000,ar1,zero_shot,CAMELS-BR,-0.24902765499666235,0.3125856810936626,61.29778443932256,11.636522364686275,41.30716299332717,-0.01872009592352658,0.4356111595422145,113.89483822659963,104.95061072992345,1.058828924290196,1.0111327065233953,180
52680000,ar1,zero_shot,CAMELS-BR,0.40060887058719474,0.7042262032854585,115.29155534790401,18.987115267697057,2.9399326027384913,-0.00878237092922491,0.9530168266129254,490.87914848128423,464.4133798207398,0.7704002092714856,0.6032620007293862,182
52695000,ar1,zero_shot,CAMELS-BR,0.8672249168735267,0.7745382600023909,113.2370816789826,18.841320744744024,-8.43651195858775,-0.0015571897300481752,0.7810609884899906,487.4358706835814,1016.7447584918406,0.529989022659913,0.48456265162195844,187
52720000,ar1,zero_shot,CAMELS-BR,0.06141848211300793,-0.0789179576289818,3.2230752877144346,0.822363129376599,-26.18417291271587,-0.008664345487002609,0.15204856913649478,12.987183557408395,18.316249400297725,0.7956865894229664,0.30855339059490766,33
52740000,ar1,zero_shot,CAMELS-BR,-0.645911713938228,0.1378965439898776,4.388140939637779,0.7337040293427473,17.33702142416782,-0.007499026688797409,0.18199342965721288,18.76933570498246,41.76159226752999,0.6039462875888253,0.6968792309110922,185
52760000,ar1,zero_shot,CAMELS-BR,0.6642631217233573,0.6037355775435618,33.1859626459144,4.995972782825562,-9.55570035044459,-0.006952176429391502,0.6370691387930969,139.0577592571324,274.30891107140116,0.9148888517822547,0.652086452369596,141
52790000,ar1,zero_shot,CAMELS-BR,0.437132177940027,0.5017923003880801,85.46989404659692,16.999443299994237,-7.2488221563819515,-0.004298527406549929,0.6332283045524436,368.4598964084376,772.0463414486069,0.9887834599888916,0.7210250673562549,188
52830000,ar1,zero_shot,CAMELS-BR,0.8790979011464455,0.9045234157174311,56.91941147073557,16.863514770537265,3.43374723974502,-0.0008602385390602037,0.9123137450804506,239.32674153091835,439.350103264055,0.5022338559443787,0.550198580480928,188
52831000,ar1,zero_shot,CAMELS-BR,0.7539265349318928,0.7394478535463114,72.95258137951414,24.382656234230303,-3.72741720394021,-0.012195515354477087,0.7696514856626676,291.24869295979204,514.912987173443,0.8650189416042797,0.8141901717656996,138
53050000,ar1,zero_shot,CAMELS-BR,0.5720207119305626,0.5509408977633301,6.316960630069049,1.9201134898429426,-10.030918269208081,-0.009777829833433293,0.6118979480544349,25.698235009144646,49.58459422928035,0.9286076318811708,0.7586214803479647,161
53070000,ar1,zero_shot,CAMELS-BR,0.7959086845874008,0.6183255233405962,1.481847170554619,0.4356177382880062,-4.853654738670492,-0.0016132301872411603,0.6214497560798576,6.191699121363829,11.351669975708253,0.9971322481185558,0.7756622373983556,154
53090000,ar1,zero_shot,CAMELS-BR,0.24331803702210797,0.29397194765331247,100.96562070003961,23.930928197448775,-24.47693805739722,-0.024478218328964067,0.49736496892207416,425.994060562809,822.644900858441,1.3805916772026061,0.9601824640063128,145
53090800,ar1,zero_shot,CAMELS-BR,0.664191633685105,0.8182590427965503,6.150520069432008,2.2792435869064978,6.439758053094642,-0.012581879526520227,0.9301044223067341,25.165021000571617,34.917814236272456,0.8468247356035826,0.7321787995772897,188
53091000,ar1,zero_shot,CAMELS-BR,-604.970016874977,-101.39267301977257,0.5788173206555409,0.48268309015813066,10161.749266486962,,-101.38984607050733,0.565562101915434,0.09584602318321814,0.9145263157894737,0.0675864562238655,50
53125000,ar1,zero_shot,CAMELS-BR,-3.0715490718633047,-0.6489907114530162,9.891200572895391,2.0125924624082914,64.75724008490758,-0.032069612693761844,-0.6214730037478278,42.12390766349394,93.9009439343008,0.8891466351889725,0.7452568509930227,184
53130000,ar1,zero_shot,CAMELS-BR,0.22606296129869619,0.4092346569070566,11.645296090527143,2.166941056989411,6.788684499922336,-0.07429715173780607,0.6746747914373836,49.383449693627284,108.49968376685347,1.7290960420858243,1.1549307649510399,181
53140000,ar1,zero_shot,CAMELS-BR,0.8607846102471316,0.8005957219484553,4.189210005297299,1.6665016348790336,14.926209459879802,-0.034389824886383674,0.8085900737144276,17.140031799642802,29.722203702400925,1.2101752299331048,0.9583812253249058,188
53150000,ar1,zero_shot,CAMELS-BR,0.3021316827793272,0.5632700349078857,0.3303162293422615,0.15053520535897463,29.23282830843014,0.0046141663922056805,0.6384982032237907,0.8722110362963317,1.1489111933727376,0.5725953130465198,0.5182558077522997,180
53160000,ar1,zero_shot,CAMELS-BR,0.889525719089621,0.7615473759632205,1.3950187505144582,0.9317329263041927,21.183248998697643,,0.7659257022662431,3.9376913703577743,1.0132624744641834,1.0280415209975249,0.7003380998138491,169
53170000,ar1,zero_shot,CAMELS-BR,0.3720523154343436,0.3373161469102586,31.15062564945434,9.293323018896558,-12.527565340933494,-0.04464803888877168,0.4434436365779233,130.74707495885355,253.75332282717216,0.9952224866774496,0.5214144969580264,184
53180000,ar1,zero_shot,CAMELS-BR,0.012893968214356066,0.11725803861224449,71.20843991152233,11.567534546627614,-24.07947643672053,,0.48267482025261144,304.32071951316607,610.9473438258045,1.3516603903521476,1.1657753949765337,183
53460000,ar1,zero_shot,CAMELS-BR,0.9704930493496761,0.9799271033728447,1.59894569635882,0.8541065604656418,-0.09986822898635968,-0.0015273448998199338,0.9864285261523037,1.0364040859893342,1.264679541503977,0.2774223702275582,0.255335871130084,188
53460500,ar1,zero_shot,CAMELS-BR,0.9339858881061704,0.9636582257646675,4.472091671060614,1.5314878918055348,1.5336922076262083,-0.0059546871853974545,0.9813584083771449,18.105934342288446,28.398129890069658,0.4988086838777798,0.5054152762785916,187
53470000,ar1,zero_shot,CAMELS-BR,0.8768187669756702,0.85529983804669,4.01038323117213,1.0067113716027636,4.7196612100348805,0.0001221775561245815,0.8601894096825117,16.375744678893433,33.981364952882345,0.5262476643899795,0.5811380692142923,182
53490000,ar1,zero_shot,CAMELS-BR,0.9793663381267873,0.9467910893230896,2.4387728843999206,0.9062907095926712,-1.2167696263510286,-0.00031247432727788196,0.9473823396754847,7.747319475926876,17.192885495010923,0.13900581215410437,0.13287069917752148,184
53500000,ar1,zero_shot,CAMELS-BR,0.9990455186561835,0.9832601281355546,0.18603236240051163,0.048014477166419524,1.1757850960790635,,0.9832601281355544,0.7051043261097549,0.38697578413766154,0.2797975980044218,0.29483597369166453,102
53540001,ar1,zero_shot,CAMELS-BR,0.9259303496351986,0.8217325942611649,5.099750295939541,2.060679459920036,4.4791388528903715,0.001063822542210064,0.8234784386472049,16.96931778322738,35.04750674678728,0.5569089549571089,0.4165828903175148,169
53620000,ar1,zero_shot,CAMELS-BR,0.9906868375704153,0.9831606131308546,7.678531540630183,2.7146209900358955,1.5228707147795002,-0.026807949550516942,0.9837796788324642,15.79180591957087,8.955660792006736,0.8102836547650714,0.7987707708706646,176
53630000,ar1,zero_shot,CAMELS-BR,-0.7150436375736455,0.11316340786981394,27.51675909999297,3.9899942975578506,21.376840716215206,-0.0035334852551088917,0.13984402065439927,122.29274661052214,210.88555821812582,0.4834794393032175,0.6670945275830616,180
53650000,ar1,zero_shot,CAMELS-BR,0.8637658555816126,0.779668348809161,28.078618649401697,7.3685095951590425,-7.811054149700421,-0.0014477415581847543,0.7878639572567636,114.00255494113959,174.3459597557311,0.7332485858380883,0.7121577357469272,172
53670000,ar1,zero_shot,CAMELS-BR,0.5425320576072987,0.7106495190957911,0.3177727810288451,0.1211787106584617,2.021948404327142,-0.00011855044770870803,0.7558077694701446,1.1735139833913484,0.24540387381260975,0.19228880003699617,0.21192967876391647,123
53730000,ar1,zero_shot,CAMELS-BR,0.7309500341822134,0.6099147287511817,1.7820081785247737,0.4693198032814604,5.691917360185816,-0.001086120664412214,0.610669774196089,7.46310741858238,16.428579903284113,0.4011977718580627,0.4383771003946794,188
53732000,ar1,zero_shot,CAMELS-BR,0.6313220115853939,0.6876879437543603,1.0979926398787045,0.2611894295813746,-1.3040884405124986,-0.0002816920579196032,0.763516882944153,4.683612188222084,10.333123001329168,0.33317542809469364,0.2658433928149051,188
53780000,ar1,zero_shot,CAMELS-BR,0.5442644438598809,0.4861735673367985,36.44170483735631,5.5147148098815695,-14.622332021793465,-0.0006701596950079002,0.5416035789124489,157.7244932979007,347.76067167998525,1.0577611438517818,0.7468643871208369,188
53790000,ar1,zero_shot,CAMELS-BR,0.736870266462688,0.8372551641192683,73.2200213925355,17.137892817539363,-7.871921288550013,-0.001142116486344916,0.8828540206009998,311.7352356351882,376.40859105242185,0.819226598337448,0.8330986078910193,184
53860000,ar1,zero_shot,CAMELS-BR,0.8760245586208193,0.9262808487825982,6.420758441290506,4.978268236091757,-2.1509613287475093,,,9.815827328740895,9.815827328740895,0.2725728842343617,0.27473917299382083,6
53880000,ar1,zero_shot,CAMELS-BR,0.6531782540908921,0.5171481987852609,141.72890051099372,32.02827027602129,-17.903466489086718,-0.0016083686370991085,0.5367124998873063,604.5136990944808,867.1507144918936,0.7875354464977893,0.6209485537690965,188
53920000,ar1,zero_shot,CAMELS-BR,0.8427610761293641,0.8491950497379936,1.780409927858775,1.1086220206465933,1.7822083151829824,-0.001856633644263611,0.8718816722053178,3.453596869489442,5.910293036870478,0.5209665658582067,0.4162561022935994,73
53950000,ar1,zero_shot,CAMELS-BR,0.7113776740916398,0.6560000313126848,123.69897173071692,25.5882608435837,-15.103760572687587,-0.0012582390613393273,0.6865631650330029,526.2480036386494,1056.0159458197163,0.9094904217645094,0.8573357781324101,164
53980000,ar1,zero_shot,CAMELS-BR,0.984539912899087,0.9728961325056285,0.6597680373558888,0.2771233853794732,-0.15365136078598185,0.00016029018601062053,0.97390590241653,2.2530182609488794,0.4335898847521168,0.2374783389264548,0.23019617494978747,170
54001000,ar1,zero_shot,CAMELS-BR,0.5841967668092221,0.5192937630386973,21.89766452593855,6.2691431947471665,-4.394026923377579,-0.019511001017970122,0.5604070019973604,92.41256603387221,201.76869468408216,0.8511489544130816,0.5900319646468649,188
54002990,ar1,zero_shot,CAMELS-BR,0.5599236259974537,0.7830319409296627,16.89909551218678,5.798750095858148,2.5528978094600574,-0.004601947235660209,0.9158306814996403,67.90868603965451,98.2959175659572,0.49491906245212686,0.46066002510082366,140
54003000,ar1,zero_shot,CAMELS-BR,0.22256107959754146,0.4251822182680478,62.962233425640704,25.494137029734794,10.953394571410332,-0.013171757321903071,0.6909522684234071,258.23214652584534,433.3298456138971,0.950291052875238,0.5302906484216071,187
54010000,ar1,zero_shot,CAMELS-BR,0.8347448003257798,0.8828748549708609,85.47936079203244,30.453424202546124,-2.1298908526290745,-0.0033036179907243134,0.9195645491739601,320.7584228747421,544.9940651683979,0.5872613710519382,0.5934856935505995,187
54010005,ar1,zero_shot,CAMELS-BR,0.9057213676901787,0.8988239706669922,36.078527084134876,14.98856098140497,6.898349364635581,0.00037455146957685384,0.9077129976039552,98.85581734775401,104.38758114172416,0.6335265372632721,0.6463536388443125,184
54060000,ar1,zero_shot,CAMELS-BR,0.8434190746424814,0.8910227236161969,61.1785527317626,23.737237739371036,3.4222322131518683,-0.002651696122188664,0.9148317267326802,227.83923084609944,247.72780064343448,0.4862904276101585,0.4610547855600447,188
54095080,ar1,zero_shot,CAMELS-BR,-57.64299155915998,0.11573115641418696,0.2580123144484514,0.252982310225658,8.89958136324292,0.0001473006767498666,0.2513154888859255,0.2485203599873403,0.2485203599873403,0.004073319755600819,0.008267536554479768,19
54110002,ar1,zero_shot,CAMELS-BR,0.8852053338252617,0.9377657088821528,11.716398888741868,4.230581975192945,-0.5883896246710587,-0.012846253564602866,0.9675253708491992,46.69373932172429,79.39355096697564,0.7835934923508944,0.6604138248276265,187
54140000,ar1,zero_shot,CAMELS-BR,0.8843218804361328,0.8772133311297038,27.820548091764664,17.165667428596993,-2.9015659109871295,-0.005168059302807743,0.8913874394512336,57.07473555492452,53.21460481118095,0.30499565595134664,0.27773867621165144,188
54150000,ar1,zero_shot,CAMELS-BR,0.47342133092481387,0.6526991331585554,103.34528812022683,33.024826280661756,5.76613773316908,-0.0012535590428833891,0.8164956952920753,324.6596332822071,758.2250709933685,0.5225781671273763,0.38830162700721327,184
54165000,ar1,zero_shot,CAMELS-BR,0.5892938032621875,0.4825728690033825,11.82135681823036,4.507752266369011,7.618862209342234,0.001846956802003797,0.5116605548063969,47.31377268122934,67.49310987970651,1.2915438408804543,0.5405051969086125,104
54193000,ar1,zero_shot,CAMELS-BR,0.8558720470804114,0.8684967952988231,23.912817431967447,7.214194921490977,10.34111731881244,-0.034455628890837704,0.8905512008943588,78.5800343198027,44.75435977325102,0.9027493242398656,0.7283742939731401,154
54195000,ar1,zero_shot,CAMELS-BR,0.4469475356056767,0.5823712607409708,71.99534503648007,40.916851847947555,11.97104990975179,-0.004108271754558034,0.7246527695701983,230.4286912076489,458.18741158291795,0.5411754775954271,0.41677403620058334,184
54200000,ar1,zero_shot,CAMELS-BR,0.843273981239889,0.8433276226430544,70.72638999357243,28.46017251197933,-1.0969888068427134,-0.004408741766450109,0.8651694187839171,246.8000503898589,344.26365703888763,0.6506294337918447,0.5186006565172037,188
54200500,ar1,zero_shot,CAMELS-BR,0.8586027846918529,0.7075527798640091,54.11412974708791,28.513911077065387,-8.572874658673761,-0.008098959379645738,0.7101310089198976,180.393119103073,346.2615813554915,0.42873247163313605,0.3346384868343238,186
54220000,ar1,zero_shot,CAMELS-BR,0.49860753060855634,0.510191016190912,2.8554813611233585,1.2666197572303604,11.623883947646984,-0.011341108877027892,0.6017927638304306,11.470026506709672,22.09529917259941,0.9621855058400488,0.5378043329023847,188
54225000,ar1,zero_shot,CAMELS-BR,0.5308450986861935,0.5270793684424857,7.062727489952087,2.4942739399203884,-10.986559852892048,-0.0014391377775602142,0.603538778064543,27.2499701233227,46.142379487149825,0.6234181841636629,0.4929299810262567,184
54230000,ar1,zero_shot,CAMELS-BR,0.8207287271141096,0.8842145611412656,11.141335610088076,5.523108465009125,7.203472537915465,-0.004139352860524241,0.9252390157858686,37.03682351211703,25.673801705157224,0.5147012238355135,0.4975429670288599,184
54234000,ar1,zero_shot,CAMELS-BR,0.85611329104304,0.8901854725184298,0.38044035009908955,0.1565711343256784,-1.2968040783214474,-0.0009818643046233533,0.9193560359222827,1.3812882565686648,1.0118367479504478,0.29061060883412737,0.29273064677040483,188
54235000,ar1,zero_shot,CAMELS-BR,0.7970922415822944,0.7882534225353006,5.526874881692501,1.922232731205834,-3.139985069978251,-0.0011428885773192496,0.8150496837609202,22.65432979707006,38.03747271480216,0.4381626047275198,0.3705711694899896,188
54250000,ar1,zero_shot,CAMELS-BR,0.5486196847112629,0.5101322072035659,0.6559500388488172,0.3237889311037851,-4.612320515815167,-0.014894509652777818,0.5686163959687083,2.5444486335457923,3.4391006918787963,0.6359008790968569,0.3939635519095246,80
54260000,ar1,zero_shot,CAMELS-BR,0.6854883383163313,0.7183222434272183,26.404263384191726,10.741525011382665,2.714038672153172,-0.004246159865969653,0.7754870794662342,96.19514752434057,154.72598282425702,0.6786716882320588,0.5247658702219873,180
54270000,ar1,zero_shot,CAMELS-BR,0.8704740564636456,0.7991200627894604,25.111281648851833,9.709693624058186,0.6712782735194353,-0.0011974202363642262,0.8064549892696259,100.42881682692146,163.7274985121718,0.5469089703717427,0.49107863925444495,188
54300000,ar1,zero_shot,CAMELS-BR,0.6661133461892667,0.5486499820920666,3.508046311378215,1.3501152898065651,-6.568542312793924,-0.002822424220042981,0.5672527418248037,14.249639113137427,25.967365197785536,0.5704906436628583,0.31647956137964944,188
54360000,ar1,zero_shot,CAMELS-BR,0.6170306484026962,0.7163996106678628,35.4261886612402,13.508094207896113,8.335831883085563,-0.0008191336794733869,0.7390152216893047,142.1857571742248,269.6479361738954,0.43135205403648696,0.41722770441256724,188
54390000,ar1,zero_shot,CAMELS-BR,0.5926927905119893,0.6518824718685763,57.250781232741076,19.32309464620185,-2.260539013444563,-0.006343136084461808,0.737403797478416,230.24977265473836,465.89038949544846,0.7504851171066412,0.5763472605044586,184
54430000,ar1,zero_shot,CAMELS-BR,0.6352398283260596,0.5523801388762091,2.196689463615917,0.7819970015975201,-8.141229751691153,-0.001441396854764545,0.5819477050522252,9.150439074890862,12.392696675010574,0.6045065450951992,0.35868337239037973,185
54450000,ar1,zero_shot,CAMELS-BR,0.7728048771269707,0.7769896868922009,0.44722406183358665,0.2618283724646403,3.4519028456377643,-0.0012912171307473026,0.8084393353525604,1.699672748240983,2.0234354369391427,0.2531321543814107,0.19515994449407617,136
54480000,ar1,zero_shot,CAMELS-BR,0.666364998479423,0.5331802580099263,7.972301903696489,1.454529867859489,-10.446933835176269,-0.0029643426219971916,0.5473891631159575,32.7190750014434,60.77380688059408,0.4848848094618353,0.3092415750783479,119
54485000,ar1,zero_shot,CAMELS-BR,0.3042386456223025,0.3598698497925502,10.557765476919677,2.8165181991928767,-25.140683414914562,-0.0076936475761616475,0.5227583346033752,44.930732449378574,76.40786232856146,1.0218149026605667,0.685422681314542,184
54500000,ar1,zero_shot,CAMELS-BR,0.5706606982219955,0.5780426348990843,70.48577875760546,23.216621131052953,-10.452178133846397,-0.0017951480896118508,0.6502100033970626,277.6901130463251,553.3280487498378,0.6435276867821711,0.4759430141322006,188
54502000,ar1,zero_shot,CAMELS-BR,0.7095684184581941,0.7195512195795588,59.76011823104787,21.789574964510123,-6.4700046699424725,0.00010500003052173364,0.7640499054346541,237.99313663467188,435.59909436329764,0.6383166255957043,0.5093526089406453,186
54530000,ar1,zero_shot,CAMELS-BR,0.7667573438543711,0.7412407372127588,90.50497455076885,34.1835411061621,-5.049057378541115,0.0006833162541726705,0.7678863068778208,349.24473647241706,595.7327104645877,0.3434567438914838,0.2843595505608097,127
54530800,ar1,zero_shot,CAMELS-BR,0.8323792508933633,0.8825559888826602,69.08376869449062,43.48866752985308,4.204343205199917,-0.003419882621154783,0.9203273565297748,168.68152062691095,279.8993524654466,0.44918746707678164,0.3761506236184705,187
54540000,ar1,zero_shot,CAMELS-BR,0.44745397710302615,0.4375191211086923,6.317895413894628,1.6796654726723217,-2.98888460840661,-0.028855827974833083,0.5277092589840515,26.272553188506986,51.8929615648366,1.6873257465161193,0.7751465180818324,177
54547000,ar1,zero_shot,CAMELS-BR,0.804218826638819,0.7780497565885742,0.6909461862129844,0.1742144070501478,-11.196101126722189,,0.8015047267599396,2.3362280048159043,5.135128662891218,0.4011932788738737,0.26390490593778465,158
54548000,ar1,zero_shot,CAMELS-BR,-155.5454663780543,-91.25188896561016,0.011012060068500563,0.005904758262611179,9174.335151825635,,-91.25170777981742,0.011012060068500563,0.011012060068500563,2.0,0.021062028574990267,188
54548500,ar1,zero_shot,CAMELS-BR,0.3209447312533381,0.1523343123321267,0.1969878133619574,0.061681098681520705,27.35113047690301,,0.15536858785899255,0.8215180316947043,1.6272137265452493,1.7436637792749439,0.26006561161529645,73
54550000,ar1,zero_shot,CAMELS-BR,0.7783720202389578,0.8791744534004731,204.84633241382468,64.78684038207379,2.0256347928586145,-0.0032436437329347624,0.9338367031418209,828.5744687787825,1661.371684290532,0.5392782336857556,0.4879553111739167,188
54560000,ar1,zero_shot,CAMELS-BR,0.37944178589697974,0.444666784121024,13.520500952052926,5.216666722486436,-9.889889485846126,,0.5974468298063611,50.624684866403804,75.7442693549979,0.8607393545967533,0.6135473312305404,142
54580000,ar1,zero_shot,CAMELS-BR,0.8025104343467585,0.9003563743987593,152.03607190613778,66.41862050719858,-1.6631232050613372,-0.009833044732629151,0.9763260920328672,557.9579572718513,1028.2212684939755,0.6095411281341,0.6362994691248306,162
54590000,ar1,zero_shot,CAMELS-BR,0.6573434601613252,0.7658472651177065,3.571005265686338,1.115825522792961,6.566710347156202,-0.00792123890520556,0.8551935177871508,14.69938908607834,21.163957142239813,0.7643886288467876,0.6143252068230307,148
54660000,ar1,zero_shot,CAMELS-BR,0.17518424592044213,0.42674897457018357,1.574449734058447,0.5576217371476032,19.731634714127853,-0.005383222452417791,0.4387744760295147,6.4658780142156695,14.125591946623775,0.29764125100539707,0.317126113469095,188
54710000,ar1,zero_shot,CAMELS-BR,0.8910056558178264,0.9154460210198406,111.02663271273295,42.12178356718892,5.993825995233411,-0.0019417346024482966,0.9334683441583206,449.80397847203983,380.07206187930615,0.5881631030107274,0.526324184086062,130
54710500,ar1,zero_shot,CAMELS-BR,0.838056237905378,0.7358967196484616,110.26167787653873,46.32777844147005,6.428124213371272,-0.003978703895223116,0.7399263127747379,432.28621355852476,906.8905299512038,0.49948295749113536,0.39278817226865353,188
54730000,ar1,zero_shot,CAMELS-BR,0.7316467579992929,0.8567789213185717,6.6814671336085,2.8587674649412107,0.8980049137291194,-0.0027342976888355547,0.9477477922710585,25.348410702046277,34.655523580244555,0.3731729496743285,0.3714455264071589,188
54730005,ar1,zero_shot,CAMELS-BR,0.5996724848024126,0.6756031988183102,11.508686558609194,2.5067209911705457,11.537276935919126,-0.003462308309060448,0.6940645988155293,48.70027711814683,25.76147011080563,0.798263806300371,0.7908016315084079,174
54760000,ar1,zero_shot,CAMELS-BR,0.7976183942656957,0.87060373725869,125.99557134878337,45.366504958931245,-0.2153022115440656,-0.003078584952640462,0.9254705347605816,510.016117947685,756.5492826913103,0.5129330522599671,0.49866574978818196,136
54770000,ar1,zero_shot,CAMELS-BR,0.8962925328444041,0.9027651188975622,2.8071718072506138,1.1260975364485968,3.464740742926164,-0.009946495525291085,0.9173462887703349,11.318379093105019,5.957798140600251,0.7358550738739401,0.6037621706521057,178
54780000,ar1,zero_shot,CAMELS-BR,0.7666694753424235,0.7379951497856917,227.22621351812606,71.1769490840333,-15.933091897454506,-0.003563953231749107,0.7481456378045167,894.6726495134071,502.2906653367496,0.7202230398564848,0.486847905044521,102
54788000,ar1,zero_shot,CAMELS-BR,0.970096557852887,0.975316378678336,14.834499391940815,8.328532982906596,1.9711254605635966,0.00201382951362071,0.9791346141069001,38.06188444852713,7.414626634710544,0.27204758963194914,0.2736957196762417,95
54790000,ar1,zero_shot,CAMELS-BR,0.9690102357681145,0.9471848777144241,77.65982516146003,39.28581919036166,1.5481518964968286,-0.004343702983938399,0.9485034127744002,270.68869637568264,196.36184860914256,0.6045423762412857,0.5632256794263528,187
54810000,ar1,zero_shot,CAMELS-BR,0.856301114164736,0.9129205497497607,334.64431754346145,85.52618629206212,-1.3697982170658716,-0.003081344682570323,0.9177549304215322,1452.4640395086717,2835.686372619485,0.6344559089167442,0.6856459167770605,158
54940000,ar1,zero_shot,CAMELS-BR,0.7909888378662857,0.8876974987858568,94.14335668792128,47.56124587862926,2.1433224634041728,-0.006532944052305161,0.9649839513967183,354.2182232929809,631.3166605758686,0.5135815797093195,0.5188645836821754,179
54945000,ar1,zero_shot,CAMELS-BR,0.8820682693416563,0.9193708895889724,150.17517028378256,66.48276186402991,5.547923609998256,-0.0015508495720203234,0.9434653487501011,565.9957871921806,1002.5710809558103,0.6541318991155151,0.5683081658653264,187
54950000,ar1,zero_shot,CAMELS-BR,0.9649800160189722,0.9722693538906155,121.69294359192847,60.93356739277753,0.017417792550427837,-0.005493110582768326,0.9784630961095788,243.41630812353029,423.2169887528182,0.4910527994526831,0.4551227765401047,167
55130000,ar1,zero_shot,CAMELS-BR,0.506547028191434,0.7539558578516565,38.696142709395424,10.10758661199043,2.0270775440334097,-0.004679390924487017,0.9607016266400958,165.19917101716004,271.7379466782254,0.7498520123908541,0.7462073326630939,188
55150000,ar1,zero_shot,CAMELS-BR,0.8451097034453489,0.8580203129145314,5.947661502146516,3.436914203082341,1.3062881025677446,-0.0009013450536193672,0.881923702969561,20.320010025319448,28.04451295384136,0.5154671735633863,0.4459856984995317,188
55170000,ar1,zero_shot,CAMELS-BR,0.86765162835135,0.8971549631338293,5.01052061615488,2.5270935156353715,1.5115640927622738,-0.0023054553983643325,0.9230147550828538,14.913722873726728,11.285825487595423,0.6441613174478649,0.5935173657989611,171
55240000,ar1,zero_shot,CAMELS-BR,0.6680958961726031,0.8195195058022623,0.9292463357314016,0.5573768726435748,4.206873118155724,-0.006793418169360903,0.9386839939525019,2.6787121866613246,0.2056502947452805,0.6188268214760337,0.46125657437991846,188
55241000,ar1,zero_shot,CAMELS-BR,0.9046028878813936,0.8191449603659965,0.6703175345570829,0.630656070141374,10.129225692328431,-0.0015895849925800839,0.8205123558008038,0.8195490680850487,0.7305245891823322,0.3753413283012367,0.2700949682103123,23
55330000,ar1,zero_shot,CAMELS-BR,0.7904528455668197,0.8441879108868706,3.614482301326139,1.2814842068479855,1.4722137735989715,-0.004174642758664623,0.8654932995145788,14.526408979829059,19.205479199937642,0.5949891421904979,0.59058951785387,148
55340000,ar1,zero_shot,CAMELS-BR,0.8987279584766206,0.9305758484547135,10.195651373791973,3.265049507132319,-0.2673589532898957,-0.001965802595562791,0.9416026093556632,43.54361331255303,63.251128439788424,0.5096329072220908,0.46603960143860534,179
55350000,ar1,zero_shot,CAMELS-BR,0.9099796713072537,0.8859754813719278,5.8774689788273795,3.244536705063096,5.021452054065383,-0.0016192967255729655,0.8909104780830608,20.029844728925205,19.526190033377564,0.5313901525180321,0.5585857367735578,125
55354000,ar1,zero_shot,CAMELS-BR,0.9023516376549057,0.9122827441934072,0.7033441642327298,0.3915879173139442,-0.5772311654329159,0.00019415655465693932,0.9275003910831672,1.8972045030393556,2.180066085985627,0.45605803424264785,0.4232587821674033,185
55355600,ar1,zero_shot,CAMELS-BR,0.9400494122459657,0.9699310048875023,0.3709475176413461,0.18029533559337765,0.09658745331134462,0.00010169892469592996,0.9949239087944513,1.233774283646793,0.6511099694516955,0.3859763915313968,0.38297579456881614,185
55357000,ar1,zero_shot,CAMELS-BR,0.8056617182103525,0.8329978233428919,4.806442126150039,2.4184772693686143,5.469414448674023,-0.005676568686388472,0.8498485724130074,17.922232834739663,24.897785039976224,0.6949978832762869,0.6531557400603364,186
55360000,ar1,zero_shot,CAMELS-BR,0.8438886137111067,0.8996708073300119,5.633658479548039,2.0810837455542193,4.097723254845874,-0.0026934993983930653,0.9285118764810306,23.65196799579065,30.88696523452925,0.5396726481107944,0.5329683441696732,179
55370000,ar1,zero_shot,CAMELS-BR,0.8486726085353857,0.7807071501455993,6.1987562603615105,2.1274395290271797,3.13914266593545,-0.003983384450534859,0.7831330777815495,24.93270664582091,50.696682180059064,0.5401150416931364,0.5477493110385991,188
55380000,ar1,zero_shot,CAMELS-BR,0.989477878569168,0.9508686000976109,2.673426590663239,1.6189082081078545,0.8927576229640919,-0.0014213081592057975,0.9510041672978718,8.878804641360531,8.904827709579514,0.4888036036825245,0.46145541637893195,151
55430000,ar1,zero_shot,CAMELS-BR,0.910171036383987,0.8936833283144378,2.992888247195677,1.2095120195596019,6.111182528375223,-0.000848282364322557,0.9003520765401654,11.711235365342883,11.502835866849246,0.4181736837147971,0.4013845054599167,188
55460000,ar1,zero_shot,CAMELS-BR,0.7289945224139487,0.6071142239814062,11.352736294930445,2.5071677616288626,-8.171967271274847,0.00038397175050462404,0.6186353851415008,47.16769497649921,84.41820804164362,0.5267364936856838,0.44083442931237754,124
55465000,ar1,zero_shot,CAMELS-BR,0.7556361429070529,0.8783224310779796,4.560129624198308,1.485698737066653,-0.7675018619536688,-0.007649019205492404,0.9222817903582153,19.093237611894214,38.83089368646716,0.4985925951509291,0.36938229569532305,171
55470000,ar1,zero_shot,CAMELS-BR,0.9201638317542467,0.9586149951254483,7.503174576261663,4.027797204837038,0.6589117324833816,0.001248382045265466,0.98849561009179,21.661498306562105,12.629942540491541,0.47731830606722436,0.46826240184712864,161
55490000,ar1,zero_shot,CAMELS-BR,0.7060131932888045,0.7616210255838677,27.169119640768436,5.597184349179172,3.12525782857386,-0.003573406609127045,0.7703577514970135,119.88280713295333,215.3247108363546,0.5912723472257101,0.668793689452091,178
55510950,ar1,zero_shot,CAMELS-BR,0.9213341075377841,0.9387615504133939,1.1701527728848786,0.4437225584090969,1.8631162195906201,-0.0004241602960286077,0.9478984684978055,4.060298411902093,8.06958267831897,0.6114069980295752,0.6022434132488361,183
55520000,ar1,zero_shot,CAMELS-BR,0.9268844657289977,0.9381371746020929,3.337944081085654,1.6884050284922743,0.9203048134974415,0.0002884568453004506,0.950215072345378,8.856886707687806,8.468104592171924,0.30222246222894245,0.2871184064659973,188
55520001,ar1,zero_shot,CAMELS-BR,0.9427288282479747,0.9547935088553856,2.2739462910458657,0.9734772541142368,2.3263702745053854,-0.003369554276909787,0.9633559772924064,7.665424361694726,6.780206559121895,0.4253157305093025,0.4570668417464421,175
55550000,ar1,zero_shot,CAMELS-BR,0.9306288591946653,0.9454828605946315,7.873106682468476,3.655590069983647,-1.5598121263369447,-0.0002491617876585854,0.9581660292602261,25.78566774081044,43.55310042100898,0.40275904462932244,0.3776644327911305,188
55559000,ar1,zero_shot,CAMELS-BR,0.9378272189536699,0.9100522273401552,2.5486285777985245,1.2149644552860333,-0.9604542730138593,0.00011204453606794909,0.9148410280033795,8.973541634833813,11.318841041958203,0.596820830923951,0.5696296841214363,181
55560000,ar1,zero_shot,CAMELS-BR,0.9591509842508097,0.9706969124928534,10.783094209153024,3.542684223389915,1.432195851501988,-0.0010472836464716986,0.9776615986878129,43.10347455628611,44.67952532678295,0.6426888700565473,0.6412847802119711,146
55560500,ar1,zero_shot,CAMELS-BR,0.9376264845469852,0.9548009508699472,5.011766252049046,1.8866403543478794,-0.38109086812667864,-0.00026243894703838547,0.967648568498218,19.863323366136967,16.224886720155475,0.697522601291037,0.6655542044028049,188
55568000,ar1,zero_shot,CAMELS-BR,0.8722657403192946,0.9334757284317912,9.793444515975033,4.156759133776587,-1.583966526344913,-0.002832208113053368,0.9734095758759158,34.75798248958049,39.44934763529438,0.6675168918830335,0.676564742945392,159
55590000,ar1,zero_shot,CAMELS-BR,0.892563538055536,0.9343004483161924,1.3647739389068942,0.6166510908746292,2.5685932825982607,-0.00150629586235714,0.9542783824595089,4.256472830365711,1.0189406798184486,0.5121322448610388,0.49987741800636776,172
55610000,ar1,zero_shot,CAMELS-BR,0.9082911082035786,0.8613117410679999,5.7584672446865275,1.2676289717103957,6.128060238956348,-0.000360148924096082,0.8637959841906165,23.942923262822543,4.087724708689901,0.5387084208170356,0.5882233393809613,184
55611000,ar1,zero_shot,CAMELS-BR,0.8450197472940852,0.9131392019201321,3.4936398207494985,1.111622550869308,-1.2820719946322074,-0.0028576802621182937,0.9572186897961642,14.191568621259755,24.177884574148564,0.8457695968356171,0.7486609732525328,184
55630000,ar1,zero_shot,CAMELS-BR,0.9396799614580676,0.953923946389476,15.744349084609095,7.00500243789719,0.7207925474097235,0.00014710003329543656,0.9652018902917596,54.21247887899697,16.47593316945834,0.585848342270927,0.5882027723894594,187
55631000,ar1,zero_shot,CAMELS-BR,0.895937534866987,0.905780293487766,11.134364486165403,5.229318900955497,-2.325667759223595,-0.0032226843006329838,0.9219343255220692,36.8112539234028,48.35602835659641,0.6631030110098992,0.6038219887041797,188
55660000,ar1,zero_shot,CAMELS-BR,-1.1604858478363975,0.01923909024126802,24.85822492292982,3.490581380911439,33.06092148810399,0.0010781741983136792,0.09817818195206784,14.901790704099698,17.945525664498135,0.6476927293788171,0.905564227729544,162
55664000,ar1,zero_shot,CAMELS-BR,0.9117643744251949,0.9306108337883013,2.3025785442481825,0.8604289237746554,-0.6529619963731756,-0.0029974004689163163,0.9463548242426125,9.180483928030927,17.087927490741595,0.5569466642410317,0.5288366999245686,186
55699998,ar1,zero_shot,CAMELS-BR,0.9402716283193581,0.956948401585024,24.479669834479026,9.52058283863975,-2.041235388600422,-0.00015468365246711774,0.9672549794210654,89.89079120099416,96.87361665194236,0.5883325177609368,0.63451046658901,184
55700000,ar1,zero_shot,CAMELS-BR,0.9564892985205373,0.9769374778424214,22.17886998023729,10.295963849694129,-0.43544339987767344,-0.000591977356878751,0.9876349420807516,66.02696017779596,87.06854536308424,0.29276379049069606,0.3235505505378299,188
55720000,ar1,zero_shot,CAMELS-BR,0.9488252360884125,0.9467269446318716,13.941683341699788,7.4396546644328065,-0.5771731751677487,-0.0033078316611972157,0.9532134202189888,27.035011966576526,28.736900080721146,0.660260481161154,0.6258299893818238,187
55740000,ar1,zero_shot,CAMELS-BR,0.9297991930017274,0.9512615313254151,29.77586226025018,16.509057805685778,-1.0304938281118279,0.001196258940045495,0.9663329738359485,88.52502598709394,134.4542227285055,0.3846590638208744,0.39376445468704124,179
55744000,ar1,zero_shot,CAMELS-BR,0.9543374580046589,0.8972938395243681,1.2993847216950178,0.5405825943477832,-0.5543106355269314,-0.0009423775988065108,0.898905734738547,4.746047355473638,9.245927154139242,0.3833197494408649,0.3578153999988177,164
55746000,ar1,zero_shot,CAMELS-BR,0.9699994571024577,0.9685585838130356,0.781280274279795,0.28539195694240005,2.7278739852443485,-0.004599103402818008,0.9705865926964734,3.196238495831632,2.0595583745481143,0.5210195221035765,0.5140243256877184,89
55747000,ar1,zero_shot,CAMELS-BR,0.9919119580080547,0.9903273677615005,0.40886011517740056,0.18118584882324262,-0.1474337777194851,-0.006163819689078587,0.9911306046685671,0.6838839447738542,0.969353754227648,0.28024844691160394,0.2828556002003072,170
55779000,ar1,zero_shot,CAMELS-BR,0.6222159670882157,0.7028593898064477,3.9341274922887775,0.8561644320599527,-9.781727938123987,-0.03212620030806815,0.787144912896059,16.945393220414772,26.699370052842227,0.9973561524955095,0.9412977427232451,188
55780000,ar1,zero_shot,CAMELS-BR,0.779472278491739,0.8516396431003612,4.6306603488353835,1.4985862553037101,4.4261169842507515,-0.0033948310851271875,0.9051524617401457,10.540416646316984,12.737220261318642,0.738967559599315,0.5603259006278318,133
55780002,ar1,zero_shot,CAMELS-BR,0.9749137106258399,0.9256827546280704,1.5766242458773903,0.5993040292166084,2.9000833136726674,-0.004869389131486617,0.9259222185696603,6.1170757483422795,12.250613166022953,0.5899610628210615,0.6060506880808486,188
55790000,ar1,zero_shot,CAMELS-BR,0.30875887058124707,0.2319843801382363,8.869699759313226,1.4844208521583517,-17.098483460857885,-0.01907955836440546,0.3075409577578877,38.33888216040063,85.07841914035887,1.1340364004068855,0.6270133279402431,188
55795000,ar1,zero_shot,CAMELS-BR,0.9336393121954336,0.9636947382221724,0.6771389013124258,0.3170960611333161,0.5165915306081081,1.0014122073201404e-05,0.9826886845644505,2.1439678595765117,4.044354652012949,0.24115438757143942,0.24449087924826005,165
55800005,ar1,zero_shot,CAMELS-BR,0.9495354051071956,0.9408133981531673,6.37787240397094,2.383608157757771,2.946328466923022,-0.00189995738626942,0.9453889294284576,22.916491612861858,21.740401245654816,0.5315150116344766,0.5396477594799959,186
55810000,ar1,zero_shot,CAMELS-BR,0.980842475933426,0.9555550197948796,4.081592588216748,2.1290231570762583,2.2005585332055544,-0.004785939602761306,0.9561401134891713,12.272270821864874,16.433956385864548,0.4674327479232109,0.4516709636109992,77
55850000,ar1,zero_shot,CAMELS-BR,0.7762580488508977,0.8680066419130213,27.703787610093983,7.833537439519973,2.636514828504498,-0.004195438955648754,0.9362769968404968,117.87324721685484,209.02730015310985,0.6441074272953072,0.5885215928111069,180
55884990,ar1,zero_shot,CAMELS-BR,0.882133292273655,0.8829459036121321,7.860186158773026,2.7591536595731436,6.495340428886568,-0.012842077178379405,0.8964379031832148,31.687714725776264,50.18526294089687,0.560774923067493,0.4283795129564802,188
55884998,ar1,zero_shot,CAMELS-BR,0.5643868787607111,0.5266202673661489,15.018013342782057,3.5499714496427406,-2.175176249577515,-0.0019746974005675853,0.5746653433676463,64.38530473937082,136.82325506083083,0.6675586830116551,0.44154040119866567,188
55885000,ar1,zero_shot,CAMELS-BR,0.7110086719164073,0.6729301739000069,5.348809157279078,1.8617547269297425,-3.2725684158916923,-0.008366190691013572,0.7050066030712374,22.425668877520895,38.304124454083116,0.770411834861341,0.5389121869691746,140
55885100,ar1,zero_shot,CAMELS-BR,0.9377208384339636,0.9457525759577364,5.617030640325689,2.751436844996098,4.408303537496331,-0.0013931124625061499,0.9518898151327757,20.672906856568023,20.50128138806386,0.327914991725989,0.3604063041591054,82
55895000,ar1,zero_shot,CAMELS-BR,0.8249006811671162,0.7451936490132055,12.261274725026016,4.297897234415786,-0.8990423149638493,-0.0031662384338262545,0.7540342295684502,48.19390237964433,89.57514778474862,0.5943190490073265,0.5251008447017621,188
55900000,ar1,zero_shot,CAMELS-BR,0.6966895497515813,0.7501705467603472,0.7779503826180734,0.3443436681709604,1.4343840592092747,-0.003844267708952985,0.8082097381082411,2.9781099221005327,4.425404890082586,0.44335138245198696,0.28312446489980886,175
55920000,ar1,zero_shot,CAMELS-BR,0.7929688346568999,0.8954429200049036,21.313155475977073,7.450146482244308,-0.37186719041943667,-0.020785868720042795,0.9684770184527154,85.7845551469224,18.369384525804946,0.6015308604426686,0.5942640992129592,77
55960000,ar1,zero_shot,CAMELS-BR,0.9762466685871718,0.9663798596543305,16.495016092442782,8.361953625688768,1.8214306501684296,-0.0003912531080992876,0.9681999068229638,38.77971417571115,58.24044419417408,0.5698769215056212,0.5260192230135645,148
55970000,ar1,zero_shot,CAMELS-BR,0.9715238872279923,0.9824041197702638,2.9437401108941024,1.6993687190874354,0.7416565676638872,0.00038934024011449964,0.9896379167182281,8.00962200493647,0.7028980891057836,0.2894878916229288,0.29744509395917373,188
55990200,ar1,zero_shot,CAMELS-BR,0.8564355837342469,0.8976168431601766,0.9420683157642298,0.2657795617290434,-3.942964074983553,,0.9272616107711912,3.8249054837689473,0.5046743646581006,0.8868006922148836,0.8344003827722143,188
56005000,ar1,zero_shot,CAMELS-BR,0.945706196703184,0.8824209147898561,0.09578136835934302,0.05752851254143767,1.723302431939823,-9.869629032049302e-05,0.8835206504858212,0.2830524980255616,0.42193363675764933,0.14921678435191946,0.16987887003566557,106
56010000,ar1,zero_shot,CAMELS-BR,0.8111890968416827,0.7667804883061138,5.2021310968560845,2.6345192842231637,-6.531559102064294,-0.0044013535831373945,0.7843958682473728,17.79372166610624,21.068353363356614,0.3846135198361231,0.3718018825544401,67
56012000,ar1,zero_shot,CAMELS-BR,0.8649852517384846,0.8693948355746751,0.5370610667763049,0.2991504353330374,0.7613373884170954,-0.0006201421816449271,0.8889756215334519,1.2617821118144132,0.7110785580099701,0.297752314795109,0.2615381313511628,162
56028000,ar1,zero_shot,CAMELS-BR,0.8795700814682993,0.9221122589961545,8.77021533622788,4.398101419940658,-0.4853888409964376,-0.004955319683531398,0.95191725826591,31.415093441265526,36.47800647923557,0.5217737873438023,0.44786359213587695,157
56040000,ar1,zero_shot,CAMELS-BR,0.7618841993062564,0.8422504868690965,0.30665096167417977,0.18023653637633183,-1.8942052964871952,-0.0011945931188637564,0.9046761044028657,0.5872406911320391,0.5855908869294065,0.2997332523692828,0.2579618949727819,147
56050000,ar1,zero_shot,CAMELS-BR,0.6945598121725877,0.7049082692882027,2.0063329266186045,0.9212291330164747,-0.3020243656890467,-0.002183392893025533,0.7470672181589544,7.345543537296601,14.054100636267624,0.26111543366835377,0.2127479889827188,188
56055000,ar1,zero_shot,CAMELS-BR,0.8522290303295357,0.8812185542349775,10.431463335524802,5.032311180347174,3.203247625015438,-0.004194339450448224,0.908178223006967,36.60782393841624,29.719016379571173,0.47650827716397526,0.4381487697538073,188
56065000,ar1,zero_shot,CAMELS-BR,0.786516024862247,0.8093876941311589,1.9696175774087927,0.6190171106320115,-1.391006910872322,0.0002493678887230382,0.8450956465883982,8.118752784197925,14.113354431497157,0.3249455460622674,0.28250420289357014,170
56075000,ar1,zero_shot,CAMELS-BR,0.9272959871141947,0.9483293080271573,17.14464285996747,8.673133170452115,0.5388316582977569,-0.0021968739134992435,0.9635146188533764,58.24650892431383,44.47963190462376,0.41531612728244893,0.3500287371417097,188
56085000,ar1,zero_shot,CAMELS-BR,0.7959471333693973,0.6748166614539475,2.2098393595011703,1.2171634950139802,3.054592909591243,-0.00478656556721917,0.6832790454956326,8.079235682259183,10.52933410691179,0.43110815472189645,0.29980711982856084,179
56090000,ar1,zero_shot,CAMELS-BR,0.661341507446115,0.6952235899586516,2.0088899441017367,0.7688175084539316,-3.7752314661608644,-0.002994841419575551,0.7556779598491215,8.242943628632913,13.426611097820546,0.3019776136050795,0.22483097035637883,169
56092000,ar1,zero_shot,CAMELS-BR,-0.0100771380522382,0.49680384750326734,16.772708824275007,4.6333939787366685,4.117733586078504,-0.00467025028679224,0.5509408709026443,70.62564099386657,141.87480941473706,0.4930418505428166,0.5166094578600954,188
56093000,ar1,zero_shot,CAMELS-BR,-0.1058156554563896,0.31204446856049217,46.624080623672015,11.727356328629766,8.456759858596884,-0.0035257963895923942,0.32173347046074496,196.2582516981862,425.35393530339496,0.40567222016481796,0.4780136544366883,188
56094000,ar1,zero_shot,CAMELS-BR,-0.10825212929375172,0.3117255651457381,51.26835033948162,12.883341968217035,8.426728952165343,-0.0036675901897204426,0.32149643749561885,215.77795117234228,467.6063356756059,0.40619392278142114,0.4781105650704614,188
56097000,ar1,zero_shot,CAMELS-BR,-0.1124746030560666,0.3104615700430662,62.8983199087942,15.78477785482255,8.421950988325827,-0.003742573507969929,0.32015979314345766,264.85402597554753,574.138524612079,0.4057295596021542,0.4775500106326145,188
56105000,ar1,zero_shot,CAMELS-BR,0.21191437957584391,0.5991455535190668,1.2306489067223463,0.4978747117698917,10.74507607270673,-0.015791832730107574,0.6917955191692742,4.969285756284806,6.033836779178452,0.540686170212766,0.5264579616108835,147
56110000,ar1,zero_shot,CAMELS-BR,0.8728310209887917,0.9302620681841278,24.59644362815586,13.051013362357088,0.033840568099300194,0.0008441350373552033,0.9738092158630725,72.03661229369192,21.09858342031648,0.33612659520163346,0.3377962848343322,188
56110005,ar1,zero_shot,CAMELS-BR,0.8719782157964009,0.9341646345786008,30.403461569787055,14.98402892697444,-0.7187107622898181,-0.0008544641278313905,0.980029010569332,103.55280449573297,102.71587617255086,0.4106236443114693,0.40834508729601954,184
56130000,ar1,zero_shot,CAMELS-BR,0.18273528652687887,0.4660177971079509,4.0726685259218405,1.560590636312498,2.4272278654982,-0.005908512601503757,0.7789640258116289,16.72565566556013,24.356678189841904,0.8438110090793964,0.5276857226655599,188
56145000,ar1,zero_shot,CAMELS-BR,0.661837115399159,0.8085252309434091,2.87912640133361,1.0631869295875127,6.293618687941613,-0.005525178278866734,0.9206523509179546,11.686811001501981,20.45026919067118,0.5583195975074867,0.5442576568969063,188
56148000,ar1,zero_shot,CAMELS-BR,0.39414868121236446,0.38164941340538405,12.391500107930248,4.00179246347092,-0.5536050096232462,-0.005820816424882485,0.4895592663889913,50.51748448975819,109.03843554201154,0.7162028074411764,0.39463937809188,180
56150000,ar1,zero_shot,CAMELS-BR,0.6574593582937549,0.7602666172654687,0.36825764763690144,0.21467409508711677,5.0548269075185726,-0.005208389468049019,0.8449141691738172,1.1028709464738922,1.7797064618482155,0.21910904241834245,0.19375767099280075,168
56152000,ar1,zero_shot,CAMELS-BR,-3.0702134315913145,-0.34510780832824595,0.5017138523490736,0.12766410656828386,20.084867406795006,0.006039002023041607,-0.22512066932311292,2.2077445700932206,1.707824276533461,0.32416039537234637,0.3439350603383946,179
56155000,ar1,zero_shot,CAMELS-BR,-2.2104969113826667,-0.15727004872707062,3.073682752030144,0.8177307519543001,49.38204968988663,-0.0007606633381307239,0.13474638172298126,5.6051387267108055,12.280707709177685,0.6468029318872538,0.5121548131994758,175
56158000,ar1,zero_shot,CAMELS-BR,0.15838253577502615,0.11779018430031396,0.8665537904713396,0.3136270432541316,-6.277532500214196,-0.005139981235090725,0.34919551915480196,3.661524827200193,6.4483850959104005,0.5486948593343172,0.1893602915923328,153
56160000,ar1,zero_shot,CAMELS-BR,0.5546465854954208,0.49773078531411075,1.6423910937400956,0.8056868895585865,4.650001099680886,-0.008025644250929867,0.5482167986896838,6.0952488948185355,10.508946773538677,0.5398591869180104,0.26479447670001044,188
56170000,ar1,zero_shot,CAMELS-BR,0.16309318631677838,0.41591086539444955,4.07918487339329,1.4511103876015068,6.692508937809821,-0.0024892402654469424,0.7285509803757291,14.787634690460038,30.403841150422533,0.4914314682771465,0.29084281285636776,188
56182000,ar1,zero_shot,CAMELS-BR,-4.16083493167732,-0.46348451382365474,1.421174711809054,0.38800684486320297,13.725045456070095,0.0015323607762270115,-0.2064484990810549,1.600502907190131,2.5750152829484865,0.29030753198914305,0.36098813387464346,184
56185000,ar1,zero_shot,CAMELS-BR,0.5381247866936945,0.39674870524715355,0.28509137620571656,0.17744422444395655,1.7187316902111456,-0.008262495544822526,0.4120982980720047,1.0029952013280907,1.8778156481031154,0.1921056730739275,0.07506161109944313,171
56195000,ar1,zero_shot,CAMELS-BR,0.3925063089566465,0.6511769947769703,7.197717568508946,3.083327112755009,-0.4074786641103855,-0.011890230581742343,0.894228928857673,22.129103059707646,30.62451150821938,0.4198824706493244,0.3844696741579628,175
56240000,ar1,zero_shot,CAMELS-BR,0.6878265453747491,0.5464100516142582,15.333933091537261,4.964201713334831,-1.2317304165772025,-0.0041756687008742965,0.5557121831362958,62.307365664652316,131.45863994969616,0.4673464484343449,0.3386572661181341,182
56335000,ar1,zero_shot,CAMELS-BR,0.1878564049393645,0.4972503538497154,13.813343290166927,5.663994734061348,4.318747735878436,-0.0013481835401583904,0.8207265174614822,54.79986385521592,96.61770211886275,0.2736169362891951,0.2258059292495645,188
56335001,ar1,zero_shot,CAMELS-BR,0.519094303409179,0.3924894325806264,38.906419049454016,11.66605545701738,-10.440345484249105,-0.00345925091634669,0.41296052835622044,162.4344638073304,310.6686842478399,0.6245460030207004,0.35206528785890523,167
56336001,ar1,zero_shot,CAMELS-BR,0.7175788492853679,0.8000092726309529,2.289674015243072,1.1275182798311025,-3.636385895486638,-0.0060314012636030305,0.8670412097629463,7.497400964409545,12.117678019133152,0.3247290200022349,0.265169835339905,106
56337000,ar1,zero_shot,CAMELS-BR,0.8422715545220049,0.710481547725216,4.7132206391082345,2.4446819137198688,5.500210363898769,-0.004756419007475938,0.7151884224240926,17.289431427147306,35.81691096645322,0.3832877162533654,0.29915377973921714,183
56340000,ar1,zero_shot,CAMELS-BR,0.19578792756040242,0.1889471239456657,4.927650717901948,1.4332350150995847,-4.019191185720871,-0.0006671939106845676,0.3959084040578448,19.82493607257721,44.39406953055062,0.47950142860887573,0.21356349512967945,188
56385000,ar1,zero_shot,CAMELS-BR,0.8204259440135414,0.8857195425952137,3.312289654135103,1.8229161308753112,7.400017212295354,-0.002077913225966465,0.9258744095178533,10.715356964977905,11.150411318679325,0.36321409890187223,0.3460022380047243,184
56400000,ar1,zero_shot,CAMELS-BR,0.8679978998857355,0.921254422433197,6.59206266735952,3.2300270563187796,-0.8166600372433154,-0.0022614612556979136,0.9596479488503729,16.650628127135153,11.479357656468276,0.43061012486231914,0.40762929674203496,188
56415000,ar1,zero_shot,CAMELS-BR,0.8735570495983627,0.9041827980683452,6.602619280125046,3.6645870896534505,6.350583365487976,-0.0013435418579495727,0.9224496652163352,22.674077759414327,31.55219976178225,0.29153710825040247,0.2753329143198615,132
56425000,ar1,zero_shot,CAMELS-BR,0.7861972882909525,0.752299922237408,74.94035568102498,23.110636898649002,0.1664195934725912,-0.0011120408586111769,0.7604811938429623,307.07137165403077,657.0320680497892,0.3615289244036736,0.30841679938356087,184
56430000,ar1,zero_shot,CAMELS-BR,0.9162911280765111,0.9450450864286071,26.740858036489524,13.873492691486563,0.24515168222415099,-0.001382988597044773,0.9647145064225761,85.96968777374657,78.32392887478657,0.2693551919406814,0.24944342372370445,188
56450180,ar1,zero_shot,CAMELS-BR,0.8068193733291518,0.8025760194115668,7.154460868873311,3.469981593684409,3.512853542544601,-0.005335215525069584,0.811086496681357,24.85883116584022,37.80571186592887,0.36506628398687585,0.40305683554190314,139
56458080,ar1,zero_shot,CAMELS-BR,0.8279703503101277,0.8219903639467722,2.4146994098032963,1.2456456297716012,-5.16112473423543,-0.013505868636327566,0.8435134181852493,7.813113903232782,5.223289223940945,0.3985829337919093,0.2731082801727667,66
56460000,ar1,zero_shot,CAMELS-BR,0.8382242787925385,0.815119194130936,2.0158761965737884,0.9198783009248114,0.1656245820324848,-0.001624556679063728,0.8334393017144787,7.5846066078208985,11.40508491216417,0.4498535451076561,0.3796819507432993,188
56470000,ar1,zero_shot,CAMELS-BR,0.7951096580790703,0.8247656198200692,1.1843548726835598,0.4494318024765151,-1.6849294251894444,-0.004158958008211783,0.8612215410118607,4.094243536617211,7.9034949844383515,0.36392075078206465,0.2990043880972444,188
56484998,ar1,zero_shot,CAMELS-BR,0.9197913311400124,0.8243732300504575,4.511654308524839,2.7608052314058096,0.8891170449946796,-0.004195936678717871,0.8269040973527697,14.779495763671683,15.92797476689546,0.3398430930479789,0.26272306902095915,180
56485000,ar1,zero_shot,CAMELS-BR,0.7681025364454808,0.774179042809061,6.378833877748288,2.383087386211297,-3.069166939641779,-0.0011829592809903082,0.8084800420315572,25.72207019883108,53.9379074508855,0.4330868261126666,0.37166403049116153,188
56500000,ar1,zero_shot,CAMELS-BR,0.11611249599241602,0.5759341647196676,4.183742447102102,1.735687810624818,15.209124318793327,-0.0028514779945050927,0.7595962366542931,17.133070611865637,23.029510831434855,0.4200454353294883,0.36526033970408944,188
56510000,ar1,zero_shot,CAMELS-BR,0.664008866300376,0.7355065022157758,13.852951818311933,5.633145595133722,-3.0365184850274773,-0.0042512032916953765,0.8084987807309515,52.90665324172422,53.341104500796796,0.48316523905054154,0.3775667432826863,188
56520000,ar1,zero_shot,CAMELS-BR,0.20093376912168803,0.17349596054440852,2.622536394165176,0.8824872879209126,-8.819038131456553,0.0009365269184906993,0.3207128442115079,11.123937559922103,18.164571284115816,0.23297542919630965,0.11030600213000645,114
56539000,ar1,zero_shot,CAMELS-BR,0.8904285925909537,0.9269721339690917,60.35782055563651,22.34400811465228,1.8804904963524014,-0.0018793742088739733,0.9528880186519724,249.7838786574202,485.1086179075873,0.27750315009357335,0.2626181937463833,180
56540001,ar1,zero_shot,CAMELS-BR,0.9459972881867734,0.8778662899475218,13.864594701978415,9.545699929740575,1.375162479040864,-0.0005625925944103558,0.879533185999312,39.58368154831064,46.69384318712099,0.19020009095043203,0.13987479766896885,54
56565000,ar1,zero_shot,CAMELS-BR,0.8809599051308552,0.8580740586172063,1.1966646076326264,0.5750576731504805,-1.3576193141469195,-0.0009922998367673172,0.8704369989300796,4.269193399772897,4.8003418755185585,0.2862089410648643,0.2087525775000168,174
56570000,ar1,zero_shot,CAMELS-BR,0.36132059297471286,0.550912690698248,4.3176853579505545,1.996654975715253,26.61309034555577,-0.0032499743731427867,0.583972023705281,15.794063307698437,1.8636783338617096,0.37800687064554495,0.3935184768002583,110
56590000,ar1,zero_shot,CAMELS-BR,0.2320460827032994,0.42974666289310925,1.1383677660701996,0.5746780742627421,3.5995177360913226,-0.0025416048938234573,0.6931861459398332,3.6200593720849215,5.762781418923724,0.7171943131706692,0.4575815580413027,188
56599000,ar1,zero_shot,CAMELS-BR,0.6534282515836336,0.777302421300254,6.1386549669384785,1.3313605352961935,11.158445811506976,-0.00282691125503751,0.8310281252231101,26.163368124249406,10.736138320315328,0.5300719669103346,0.42326826394932565,156
56610000,ar1,zero_shot,CAMELS-BR,0.7182164263288808,0.8344662309728559,11.858891573935006,5.573332508117441,6.668790037166362,-0.002336972163387685,0.8877972320597083,38.65276856225445,47.786006244192166,0.41691883461101503,0.429390901333271,182
56610100,ar1,zero_shot,CAMELS-BR,0.8353034088258903,0.8295650944065929,12.239449806113178,5.222111084217678,6.309657986708059,-0.003601105674632921,0.8402228087945209,44.938098200070385,67.96767394179719,0.3870135582956086,0.39369072801924476,184
56620100,ar1,zero_shot,CAMELS-BR,0.6878891883736797,0.5908356583972829,88.39671183381483,15.892456191192446,13.156026621915895,-0.0016429384348266018,0.5913060991358026,389.9650007887972,771.1687917929372,0.5268057411747632,0.6581674825740473,160
56631000,ar1,zero_shot,CAMELS-BR,0.6559882713877858,0.650325205004983,2.9779416472068316,1.592856528256399,2.0789964412147266,-0.007760356779585164,0.7010091863564836,10.413080522394631,18.012532712636858,0.41400257300664534,0.2985935706981216,184
56631500,ar1,zero_shot,CAMELS-BR,0.3982396971150307,0.4420356561102816,8.736809524470841,3.0415689822579894,-3.382561759754146,-0.0022020928607461264,0.57741177421576,34.580808188882045,67.17180211291638,0.3847549117080765,0.3025567299944139,188
56631900,ar1,zero_shot,CAMELS-BR,-0.19293356104488568,0.46649966492474804,5.7718752236515005,1.8686201883559996,13.346912857711894,-0.003559653762908975,0.7672894665101491,23.10652354884772,29.43003653800329,0.4555342892927214,0.3424730724378539,188
56632000,ar1,zero_shot,CAMELS-BR,0.3768513279197995,0.3264440507565306,3.5082810050722584,1.727620328754234,-10.726886864841113,-0.010762299991929526,0.4167170891915838,13.631247787606286,17.415605838925746,1.2255814694371676,0.48273341600661235,188
56633000,ar1,zero_shot,CAMELS-BR,0.19878523533600412,0.41533466294273036,12.27431153445124,4.429535972345317,-3.033719375489857,-0.017430180731740817,0.7008699297528493,47.3510512690225,88.36987798537997,0.8179950370811657,0.6666419850248324,188
56635000,ar1,zero_shot,CAMELS-BR,0.4715445497196369,0.5502250377133717,3.778132799009993,1.287267037380281,-6.011168856986754,-0.0052416174623536455,0.6753498061061611,13.820594052166644,22.512933424397055,0.5212200699488835,0.3897678267952299,136
56640000,ar1,zero_shot,CAMELS-BR,0.340170167851201,0.6351807346599145,10.436040799153076,3.8682896198073915,6.914376103921886,-0.0031058155636715604,0.677186783108198,41.95200425875275,85.93394036402468,0.6381719506181872,0.5054733700816298,187
56650500,ar1,zero_shot,CAMELS-BR,-0.15861078264546036,0.42883449971643395,17.88816106433373,4.9353345699562094,7.865019771079078,-0.003866859128138212,0.502342824653986,75.44224104489956,62.262642686246,0.6072186383077821,0.6029959134908203,169
56651000,ar1,zero_shot,CAMELS-BR,0.6381368722865504,0.5137068123557722,14.57025255229863,5.750353890802643,-3.884153775151876,4.818212561949475e-05,0.5327014248269387,56.52173904520128,111.9709664831413,0.5972753533852868,0.34859008625241883,183
56652000,ar1,zero_shot,CAMELS-BR,0.8573843704811569,0.6850869701637332,9.048038739705337,3.2347762517773964,-1.852582818311735,0.002086243439965829,0.6858176055733708,36.858691441693374,58.852917631779604,0.4187954172859395,0.3097570224431982,54
56659998,ar1,zero_shot,CAMELS-BR,0.7867490135309594,0.8210737624529582,23.020098423331454,10.48642948755864,1.814408050522454,-0.004225874223841644,0.8604693370566118,76.22255249017678,91.40539349927693,0.43224347142558034,0.34036177824061964,176
56659999,ar1,zero_shot,CAMELS-BR,0.7569069144975099,0.7199479904008734,55.865336629938845,21.71678045343886,-6.943023620823079,-0.005459868453569524,0.7468501314678977,224.3926228056744,284.8604392743368,0.529463942606349,0.4445059093446712,170
56660000,ar1,zero_shot,CAMELS-BR,0.8201337292221396,0.8569259858889722,16.584256064723363,8.516142387247738,2.0513258920967523,-0.0032127064377961458,0.8909281816173742,57.5399617490386,57.21130142359563,0.38004248609346947,0.32461714989971746,188
56661000,ar1,zero_shot,CAMELS-BR,0.8922055239645773,0.7099803877419691,47.30736494662384,16.454975501009997,-10.330638937497694,-0.0032457115186086127,0.7106436847478153,203.02142981770737,306.689128275106,0.8178587802971622,0.6045630306716976,80
56665000,ar1,zero_shot,CAMELS-BR,0.9008451738621488,0.917060949515452,0.34352099352482446,0.1999772897273872,-0.02229047348694305,-0.002448384293550319,0.9342127630288114,0.5374444490717443,1.0473386653164798,0.16533899805275276,0.1520751982654881,119
56667000,ar1,zero_shot,CAMELS-BR,0.5828139876684306,0.7385420120822102,2.2074202903962505,1.2957610600508396,-4.272042832219569,-0.003009377241486451,0.8608406380520637,4.736909751656801,7.140547691284864,0.22785341290563213,0.17773790979570162,69
56670000,ar1,zero_shot,CAMELS-BR,0.8677376622402957,0.8777617697778126,4.518903295177381,1.986349045377449,2.91896426660105,-0.0005557335630930454,0.8979230219974896,13.351673713870824,20.8579056632061,0.4185621291256464,0.3868277565706042,188
56681000,ar1,zero_shot,CAMELS-BR,0.7621730523843805,0.7523570985943907,66.13394052158563,25.068238226468335,-3.026182816265766,-0.003066812635439318,0.783487046972872,244.97754727526066,458.29658716334075,0.42316420429834345,0.3462497145970162,188
56685000,ar1,zero_shot,CAMELS-BR,0.6839654802705959,0.680525253805325,0.5439241822574397,0.30689379583859333,0.646395008272879,-0.0025134284830006168,0.7262524776016003,1.6982488988724465,2.9068959819296705,0.138691702923441,0.11909226617913773,75
56688080,ar1,zero_shot,CAMELS-BR,0.7811498091878566,0.8614657568315973,33.68697574200332,13.63411039326473,1.8617150519603018,-0.004070482122134329,0.8939412415247238,133.06664294919096,134.0318738109697,0.4283548865624005,0.4710846427705018,188
56690000,ar1,zero_shot,CAMELS-BR,0.8014019459082684,0.7857115350355391,32.24497851624548,12.47637575300705,-3.859314203086003,0.0008543444060893773,0.8094703945254068,121.41829391740579,207.30715166904466,0.27979973266421215,0.2675032802318088,188
56695000,ar1,zero_shot,CAMELS-BR,0.7980012228600442,0.8805467735901397,42.87306051543546,19.78204659435184,1.6627565173907228,-0.003588736514623863,0.9218566877680898,142.81962199646932,225.9579311973467,0.3194404419449263,0.34253879008621974,169
56696000,ar1,zero_shot,CAMELS-BR,0.7516513501096189,0.6426773746437506,46.36553215291423,15.787353254610867,8.728615765752423,-0.001671137929820687,0.6448025907773386,188.41718105415504,373.44556015065933,0.405756465064163,0.4404012777185414,187
56700000,ar1,zero_shot,CAMELS-BR,0.6735926039579223,0.6120677056105635,37.23169044411116,13.697668991085099,-5.624059514279849,-0.0017167709823718673,0.6408069876879443,146.39118646473662,274.29959418850837,0.30150954144118486,0.21639938129358743,145
56719998,ar1,zero_shot,CAMELS-BR,0.8517162727722285,0.8858505936681768,105.29524789965323,34.456854436424386,1.4283247891029462,-0.0024544511229725556,0.9154558904428464,431.74257126131926,881.3602086206816,0.2965859915495397,0.26638934759837873,188
56720000,ar1,zero_shot,CAMELS-BR,0.7918291898315404,0.8674279878412745,148.71667318622988,58.39274645062257,1.8576361084725679,-0.0011210551778022826,0.8987792148282312,588.9914516273486,645.1616543170225,0.2664331528908702,0.28310156041370027,188
56750000,ar1,zero_shot,CAMELS-BR,0.6268198906080865,0.7137961884178489,4.608423543192876,1.4799492489003834,-2.340684099075577,-0.0068550720005038385,0.7948026978838957,14.747903693729823,22.46501512651163,0.7728510174913222,0.7446343505650244,188
56765000,ar1,zero_shot,CAMELS-BR,0.7735180648732475,0.6456617935973288,10.734995855059076,2.8630133932341804,-3.000684543232111,-0.012495005890133182,0.6525575216342623,44.609287723868796,91.94104210393877,0.8568827852370633,0.7677069158498359,188
56775000,ar1,zero_shot,CAMELS-BR,0.581644478084244,0.5121834972592791,13.405369304755169,7.664240048674676,7.522984019830393,0.003468747114859304,0.5427281053938823,49.32134176611266,75.69438427135039,0.3527220738530195,0.20530625758134632,52
56780000,ar1,zero_shot,CAMELS-BR,0.9944603676788352,0.9913448927933229,0.566311554784534,0.3234673198455921,0.5140638058869156,-0.0012418410999220468,0.9916612490230872,0.6354015216076373,0.9474623825559857,0.08800661181387953,0.09168619931626829,110
56780001,ar1,zero_shot,CAMELS-BR,0.30634532598892383,0.27213326176001085,18.292988727770627,5.9195373072359185,-16.56703465220867,-0.0014016201282249317,0.39388383982146435,68.88813416630771,108.70684467656542,0.5709503885236104,0.36563343362719547,45
56780005,ar1,zero_shot,CAMELS-BR,0.6826932366024017,0.8186461951530855,9.979971371929793,3.787415112212769,1.4777360004510514,-0.0008184876711778491,0.9093817525610413,39.19557650050372,17.5448545025733,0.6036252109223275,0.504149337937318,68
56787000,ar1,zero_shot,CAMELS-BR,0.3830448340323427,0.6528889169558549,10.110046956859177,3.888026927024543,0.6558094937434857,-0.004594829461588743,0.9020864036395764,33.57407825140023,50.155082311075084,0.5693336799227283,0.47137978550013787,183
56800000,ar1,zero_shot,CAMELS-BR,0.5606013205274234,0.7378288898435814,12.650534043596995,3.917654835774073,1.645354251673887,-0.002598993093941779,0.7784094305539211,53.569211828935586,96.9849503467629,0.5454043938388617,0.5586296878267745,175
56815000,ar1,zero_shot,CAMELS-BR,0.8093996853570437,0.8047858424132264,9.963072329496136,4.796505100196344,1.8415772501976935,-0.002969881715865026,0.8300280486211302,35.78780879592468,57.45878273128007,0.27560235025040414,0.22043159107295218,158
56820080,ar1,zero_shot,CAMELS-BR,0.8064728972858803,0.7918741761312538,59.450979698457786,23.64647379081384,6.220730407436416,-0.00014942856976064497,0.7997541135179124,240.8592434673857,232.79583380301204,0.4820270520659626,0.5078079104650006,188
56825000,ar1,zero_shot,CAMELS-BR,0.7883354086192742,0.7477417408703182,56.75399134140451,22.781216292348766,-1.141516643643801,-0.0020818004407390216,0.7685075115891649,226.8843220638895,402.58213894017234,0.4139809464300113,0.3247500861149353,184
56830800,ar1,zero_shot,CAMELS-BR,0.8131531966250948,0.7935835836067101,114.93368948612823,35.52763275707091,-4.535747267040616,-0.0028986758796353956,0.8150991838471531,461.90030037227393,978.9262352176471,0.439753855752837,0.41078205549019914,188
56831000,ar1,zero_shot,CAMELS-BR,0.8430541648911818,0.791915682874414,117.88496488546612,47.3168371653367,-5.680365417080132,-0.00017190959072048081,0.8046226316344534,450.1654916937454,542.4149165419233,0.4130673455419527,0.349591256955831,186
56845000,ar1,zero_shot,CAMELS-BR,0.9289280342465017,0.9187768572851615,1.3366427421832572,0.6793255159612395,1.4953550027438804,-0.0032242744770527784,0.9250818223623721,4.623573405073854,6.8263742859016405,0.5905424600805411,0.49901588211309084,188
56846000,ar1,zero_shot,CAMELS-BR,0.6165880611019859,0.622354189293423,34.97742927722915,10.690997205013149,-2.3380653594198644,-0.003980605187810311,0.6829266173516384,145.38586035714982,278.8436851206544,0.6529835202973707,0.4560933780195772,184
56846020,ar1,zero_shot,CAMELS-BR,0.8653642740946431,0.8613209346467389,3.741221290600739,1.7878089566906363,-2.290739316361766,-1.841699636818267e-05,0.8784298893169189,13.148345464871404,22.730223962044644,0.27060858300292234,0.2327392158429988,187
56846200,ar1,zero_shot,CAMELS-BR,0.8608662501085993,0.8944079510204558,119.66665274569885,54.940240367173345,-2.633140346532611,-6.854372214141688e-05,0.9214184483453708,420.84336648259784,706.0663623340624,0.46135500861868567,0.4414916597573574,187
56846890,ar1,zero_shot,CAMELS-BR,0.9598110007796021,0.9552003602409942,3.1676849551357233,1.6406434138951351,4.031726211688002,-0.0023498205453374894,0.9591510363481695,11.636997666095818,13.496360667892107,0.41641942116861963,0.4177538819513504,134
56847000,ar1,zero_shot,CAMELS-BR,0.8623559255610788,0.8663174378330945,3.2065512023510085,1.8302976265628963,2.5632437188222843,0.0012652370858170173,0.8853429868328061,9.974315086244353,3.633276278192806,0.26904665397659344,0.21856656230513083,122
56850000,ar1,zero_shot,CAMELS-BR,0.9055242410291237,0.9336177011642215,138.6020152844747,63.878311680892764,3.379947054096034,-0.0005607575547485581,0.9503621080119047,528.0171800778327,180.57754103018695,0.3081560556230226,0.3452884492295794,175
56851000,ar1,zero_shot,CAMELS-BR,0.8890980049479007,0.8007469018191468,1.44864911609121,0.6019020391136767,12.964160217394165,-0.004992603338934146,0.8035634952777967,5.267685028537529,7.4602155305386395,0.5928221337210529,0.644308323819757,185
56860000,ar1,zero_shot,CAMELS-BR,0.8136097712985958,0.7807720409587862,11.465505876278987,2.958539257427841,-1.428434843233307,-0.0009108472775581217,0.7982422737551577,45.38901325039157,100.07615002116998,0.4123062906512351,0.3130370583145463,184
56870000,ar1,zero_shot,CAMELS-BR,0.6612220446850385,0.7912456622836952,3.2393560379982893,1.0802449099177167,7.530592988822584,-0.003899927071850509,0.8916418501821214,13.087171302218252,21.542033182543996,0.4599229660851862,0.4491404465266515,184
56880000,ar1,zero_shot,CAMELS-BR,0.8685825318655265,0.8994263649421907,7.237069973395888,2.134236826893255,-2.814621911498572,-0.005516024614409497,0.9255316010112971,29.12373378796714,56.12342966314423,0.5106635995009358,0.4258399367098234,149
56891900,ar1,zero_shot,CAMELS-BR,0.950726172629379,0.91735259093166,13.103951615557467,5.4680260199321635,-2.4057862858596986,0.00034842513282800497,0.9206222407290658,41.066215130622496,71.13600284126134,0.40589991924600705,0.37494889152362965,188
56892000,ar1,zero_shot,CAMELS-BR,0.9115050070717472,0.9556288083833212,11.355939651694065,5.767846754574018,0.1694470450184277,-0.001236876124161115,0.9906390353071959,38.64543252486491,36.70981329865597,0.2535215160178277,0.2463966306384544,188
56915500,ar1,zero_shot,CAMELS-BR,0.8457379335098509,0.7895773526115992,3.378661691468128,1.1931144688937743,3.5361987630073406,-0.0011933968567718698,0.7940712440991586,13.763491498327058,19.07789258014734,0.48680175602597603,0.5464073282239481,153
56920000,ar1,zero_shot,CAMELS-BR,0.9306337616377294,0.9546399677062188,179.64590012403403,104.04493133864105,2.449630171008511,-0.0013980557711121833,0.9703273009212615,557.8194919685463,366.5833176116683,0.42548509178740557,0.4309932024891795,109
56923800,ar1,zero_shot,CAMELS-BR,0.1263085535269216,0.0994998616006878,0.26163025229246173,0.07268160665731507,-17.42899248486221,-0.007100459119874714,0.3598042328647304,1.0883534659823855,2.2893579039140937,0.8093975993285066,0.4125096392506103,188
56924100,ar1,zero_shot,CAMELS-BR,0.44436734043690007,0.5034452623032175,0.3130342830904991,0.13618274869656916,-5.298520323862463,-0.0046001728804911,0.6287258888825931,1.2289037390342934,1.842746067912874,0.5522581141849245,0.3757374269771334,188
56924500,ar1,zero_shot,CAMELS-BR,0.15789521795299366,0.06928850118175411,2.3800447024679006,0.6049796963225866,-10.35331348499333,-0.0064914710425387784,0.23146403287409778,10.020557264436468,21.416368512485406,0.8015429065598868,0.3290100659373405,184
56925000,ar1,zero_shot,CAMELS-BR,0.6019882773162206,0.6146993454207988,0.7822558563696098,0.4129495452999141,-0.8745931839391261,-0.007542679666540928,0.6816970330961538,2.987879896631918,4.038604914482341,0.2970502239165032,0.17149294935967827,188
56928000,ar1,zero_shot,CAMELS-BR,0.4095943715216468,0.6672258134692415,5.867049765581003,1.4619267496188235,3.654938574987024,-0.008412130169906756,0.8292833379401745,25.212746590931143,51.07486760716868,1.0730419731875642,0.7312619843453999,188
56935000,ar1,zero_shot,CAMELS-BR,0.2338789521220117,0.1505804040820784,13.944491410551532,4.060306205885707,-6.9063267195358975,-0.005030866656532481,0.2549176450162013,59.71748480106275,110.9157302911207,0.7231736607219089,0.24936689545774568,188
56940000,ar1,zero_shot,CAMELS-BR,0.9192235760972053,0.8290184740385967,10.049723347111586,4.699531735911087,9.016567876711749,-0.003300349939403655,0.8305289525899195,36.959258931078544,60.581480452457114,0.6126650417219122,0.6047350479173094,149
56940002,ar1,zero_shot,CAMELS-BR,0.5945351133040488,0.5359225092287268,14.015643325109426,6.396046271402187,2.956638729494036,-0.006904432535210994,0.5786709779575093,55.08499314485906,108.24698475356514,0.4236910992607339,0.22520843405657917,161
56941000,ar1,zero_shot,CAMELS-BR,0.9341982415613149,0.9648470464853367,128.53992760058648,62.286959901027224,-0.43111528096852103,-0.0010828566004765904,0.9880756332125085,423.22644633023594,465.88806404833633,0.2778308753253246,0.25588015479118065,183
56943000,ar1,zero_shot,CAMELS-BR,0.9011125503969005,0.864173386393777,0.5819589094413875,0.21203759832385716,-3.0174800308248515,-3.4819553996963924e-05,0.872451669259685,2.009873274079993,2.029150576380374,0.3122306126469236,0.2779131040787625,188
56948000,ar1,zero_shot,CAMELS-BR,0.9250661264916649,0.9593055288876335,161.01731296137504,75.55092003431925,-0.27703478711361385,-0.00042092311359260247,0.984194414890069,459.9069992447586,673.6000433828053,0.2618895645379585,0.2591436905003603,168
56948005,ar1,zero_shot,CAMELS-BR,0.9295854712190399,0.9566559726900858,164.80164165405267,72.50059716046442,-0.786063216013392,-0.0025447118456341546,0.9746814871694397,574.1524373106747,585.1995108204399,0.3411671066668234,0.3392742109629935,184
56960000,ar1,zero_shot,CAMELS-BR,0.940567355414548,0.8933772835360373,5.170841462645436,2.0954631863888564,4.799004549885195,-0.003293156333999143,0.8956608057729091,15.259557507616924,27.573043789705835,0.3396399379129642,0.4077764692940016,169
56960003,ar1,zero_shot,CAMELS-BR,0.7895455719983205,0.8237689808164049,5.5979711149397575,2.4319058593922405,-1.0137798596197893,-0.006323542538960777,0.8629106066919165,21.244608207132774,38.565772261632205,0.49963971314422595,0.4213034161803464,188
56960005,ar1,zero_shot,CAMELS-BR,0.7682042632441397,0.8265402150390917,8.796520586087942,3.8997225540389846,2.1046947834330965,-0.0006518662057993542,0.877918767065528,29.15866604752117,42.7541296034204,0.3696689774069078,0.3337617326650634,188
56960080,ar1,zero_shot,CAMELS-BR,0.9291140759266828,0.7997020146635502,3.302492144941392,1.9443235614638072,0.13281793217309734,0.0036480945200965537,0.8005458170408102,10.963616000819648,15.21818455960635,0.5059439898225828,0.3933404016016557,33
56963000,ar1,zero_shot,CAMELS-BR,0.8004300541300469,0.7991481269949187,2.368972386042836,1.0522876866197928,-4.565475663330889,-0.0022260716267851824,0.8266163663890592,6.613526166997683,8.730922604530422,0.315802234115154,0.2570689232676075,188
56967000,ar1,zero_shot,CAMELS-BR,0.8387989760913901,0.9177058852983926,10.675153855843309,4.237240755751923,1.1599551846833844,-0.00022684815352156523,0.9849999682172073,42.16296629163527,84.06436781122477,0.3733407375821821,0.33871676350009167,188
56972080,ar1,zero_shot,CAMELS-BR,0.8331813734617501,0.7456416336481179,15.725705780763581,8.685428300977463,3.628023533023359,0.00039879435019876154,0.7540884613517254,49.09941649574848,93.33115503933004,0.49248263743141996,0.3878022542385066,70
56974000,ar1,zero_shot,CAMELS-BR,0.8758656722336998,0.9300516457750538,11.416067065441261,5.2235266000777365,1.4098178568086905,-0.0008590698603654565,0.9584479199705015,41.911483639252424,68.49237346481547,0.30983131549720144,0.2929077154811006,188
56975000,ar1,zero_shot,CAMELS-BR,0.8274830070470561,0.913157614126927,9.973878545338982,4.617528183097334,1.2995055262785529,-0.0003444780761312355,0.9777305623081128,37.038164137828296,40.54675173246862,0.4809536055418039,0.431521211963731,164
56976000,ar1,zero_shot,CAMELS-BR,0.5685876128499748,0.7690038655192954,20.409320186613478,6.626046368428256,0.21510983259026376,0.0008069833836104844,0.8323330765765469,82.32926333372457,134.5872116686265,0.515750112821207,0.5367007868491485,188
56978000,ar1,zero_shot,CAMELS-BR,0.8092539898531915,0.8526574835742784,23.163946852263003,7.718954449111953,1.2425116109439291,-0.00565003517219817,0.8652127302390678,91.13692992255372,170.14216404571638,0.4933105069556454,0.4744821708423655,184
56982000,ar1,zero_shot,CAMELS-BR,0.8979594694569404,0.8572853907442088,15.994337205909499,6.59196271228633,-0.13762048892533554,-0.0004559722438962181,0.8653661748833215,60.6302646608118,73.70330490916848,0.2833947541515367,0.2639650881593967,188
56983000,ar1,zero_shot,CAMELS-BR,0.7212082421534978,0.8499622048655935,3.302649833486522,1.3545964172556144,5.860018558602724,-0.003107519537662227,0.9407334728960797,6.5566232148671455,11.023267711984431,0.3951484246336035,0.33414356071624063,184
56985000,ar1,zero_shot,CAMELS-BR,0.17709784988241506,0.6014440200564286,4.612808667307732,0.8539850410169304,0.36433373515442613,-0.002949197629039498,0.7198762379564987,19.881461636908902,20.747665225183052,0.9049230985322002,0.8879383606592867,188
56986000,ar1,zero_shot,CAMELS-BR,0.5918496456157587,0.611408953497816,2.912624628527791,1.3788942236930237,-1.95784955518733,-0.001756622908448597,0.6824806665967795,10.021264394735045,17.042545166047198,0.3052738415290808,0.23018942964255223,188
56987000,ar1,zero_shot,CAMELS-BR,0.7021969400874792,0.719027141324359,4.93638340873104,2.064808703716719,-0.07073641217114132,-0.00042211494821550125,0.7682272936841064,19.148546258103945,23.205615139667206,0.588951099121021,0.4869822847028878,159
56988000,ar1,zero_shot,CAMELS-BR,0.9442720236544444,0.9526248280245107,3.8809289035383947,1.6334142397848566,3.219383417164799,0.00014725141827764965,0.9599043601684496,13.698327110195008,23.52312669273738,0.47596081234833915,0.4254781612014542,182
56988500,ar1,zero_shot,CAMELS-BR,0.8903593311537893,0.9358555051421871,7.401651999746592,3.1531105229393472,-2.3564828302971983,-0.006233872782956645,0.9614201943066171,24.26514254545668,26.09193147877552,0.6675309471526337,0.665726433100233,93
56989000,ar1,zero_shot,CAMELS-BR,0.7867381512214797,0.8128685804814118,3.7921008229119555,1.6901563033564393,-1.3895012762414687,-0.0014367921748787912,0.8499931805537958,15.203665327471004,18.56065081908282,0.34975111202391046,0.3209087799209139,188
56989001,ar1,zero_shot,CAMELS-BR,-0.002174334778464848,0.36552729853724664,12.310880897875512,2.6648007823999724,9.762942541584069,0.0005858664630202706,0.3769908638651186,50.866017619908504,109.65500233966715,0.38343360318502656,0.4758504121546533,174
56989400,ar1,zero_shot,CAMELS-BR,0.5511590648785599,0.5709436975117788,44.30577468460901,9.861715680647755,-1.9321461761875462,-0.0023496684330790354,0.6483446155896083,190.38930358248535,379.2878749841441,0.5633820732081015,0.4743501386231977,180
56989500,ar1,zero_shot,CAMELS-BR,0.8737592941671994,0.90879423563368,9.006091219184988,4.192257499182334,0.002218692964445187,-0.00028436088038084895,0.9325694267057538,31.328276957049603,31.422629559197958,0.40208218708243715,0.34171196439804463,175
56989900,ar1,zero_shot,CAMELS-BR,0.9084846246954544,0.8299659892326954,25.673781634424113,11.838445148369875,-2.294996540948749,-0.0002783353470958254,0.8341760047991501,92.35540461228716,148.007721609539,0.4055234341405389,0.3632910515499191,188
56990000,ar1,zero_shot,CAMELS-BR,0.8813984156879761,0.8813139826646429,31.17120551152857,13.590210579126545,2.2872457755570825,-0.00019911483491540788,0.8974590065431783,83.7813387300441,131.85326059101354,0.33421449783259916,0.3525816360462405,188
56990500,ar1,zero_shot,CAMELS-BR,0.8161619458843996,0.6558709915972183,3.6555353457311544,1.103624718917997,-8.24842593740905,-0.005373445282712816,0.6602230662271146,15.356827933306139,31.08499962707116,0.767919388382788,0.49404873473263483,188
56990990,ar1,zero_shot,CAMELS-BR,0.13296152313264875,0.5370661001805568,3.9264068956905356,1.5200909159008584,15.41970020221721,-0.004716921994470821,0.5968745492503882,15.68310032563052,9.04293053592647,0.4638585639864824,0.4653503516903015,182
56991000,ar1,zero_shot,CAMELS-BR,0.561623720598401,0.7559430447058777,1.7684479039026373,0.9909210820621454,1.9703834990896383,-0.006697632390145085,0.9128954554144976,5.250328177783002,7.450359550933624,0.34057122263266953,0.29538399464018483,101
56991300,ar1,zero_shot,CAMELS-BR,0.723328645204568,0.726249410252275,5.659686423509406,2.6980781590400142,1.7718270427579914,-0.003237171008971692,0.7671259547480228,20.7047082074048,34.43699455910977,0.37982851231912296,0.3008498316965708,171
56991380,ar1,zero_shot,CAMELS-BR,0.25247482514170394,0.5389239360387443,6.84162843148387,3.526899284899637,7.857214135680522,-0.011270593696065975,0.8172080821241078,26.777552556415962,5.691843979900284,0.9738216341189325,0.582941486700357,97
56991500,ar1,zero_shot,CAMELS-BR,0.38140071095856076,0.3674496980123153,13.575384379141786,4.700637699184263,-9.330988541495632,-0.006824057949070601,0.477202870299256,56.5189800984493,111.91906491709724,0.5522027892569878,0.3107854078642114,188
56992000,ar1,zero_shot,CAMELS-BR,0.642947007482108,0.7984134972824504,12.452605558677162,4.756939990007048,3.158697078588989,-0.0022821662009682026,0.9260981032281286,49.25358771754704,47.367808519231104,0.5671854850621498,0.4742380337224335,183
56992400,ar1,zero_shot,CAMELS-BR,0.9097623890384059,0.9213084380214851,239.22536542803374,87.02902106206548,4.189144254059768,-0.0010525996442000037,0.9326887415061318,971.1039370759463,848.955446898423,0.43346837977146774,0.37419641764353223,188
56992500,ar1,zero_shot,CAMELS-BR,0.7668536178469185,0.6295175040591464,0.5245467169974162,0.20327812139244705,-1.2574012928630756,-0.0017377636411807212,0.6373092212638285,2.1106660685144227,4.228271673418226,0.4225185740248557,0.29518173794297226,188
56993000,ar1,zero_shot,CAMELS-BR,0.7337790426580895,0.8561532446986302,1.5519035875604006,0.8047467348646321,2.6459721406885808,-0.004566098634893278,0.9538464456676239,4.321839235812836,6.347019725432582,0.40190018442966524,0.3476183908858055,188
56993002,ar1,zero_shot,CAMELS-BR,0.2686801805096003,0.23880877440031867,5.695446365310664,1.726335799412624,-5.98260761678551,-0.0077797226866376055,0.38745423257704603,24.183637965522774,44.040184265197375,0.8702856749020411,0.47628346286197826,133
56993551,ar1,zero_shot,CAMELS-BR,0.8256611204625921,0.8020126364222085,4.184672539426519,1.7972829753908197,-3.0994637966934704,-0.015136668215474342,0.8216393482875424,16.242398836292846,27.829212780309287,0.6786800648923614,0.5459137696198793,153
56993600,ar1,zero_shot,CAMELS-BR,0.8865404948138198,0.9194591115012732,3.216837511821955,1.2103556544763456,-1.3868089066784974,-0.0012048651034745443,0.9441336335022813,12.458902763677614,16.96883614996996,0.5436304884455673,0.44062658949315797,188
56994000,ar1,zero_shot,CAMELS-BR,0.6798481509766381,0.6457373864312514,5.105198463953782,1.8006554365657985,-12.744160910893909,-0.009847028017483082,0.6840229614047583,18.436615688578538,35.02874088367617,0.32202260284319034,0.2705605402105187,120
56994500,ar1,zero_shot,CAMELS-BR,0.9581653674470311,0.9647975174867093,140.96181285574724,68.93492511350668,1.8638954998716095,-0.0022521570208903913,0.9707367065705356,480.95682544683257,332.92396270788083,0.3430912354640827,0.3903475331334062,184
56994502,ar1,zero_shot,CAMELS-BR,0.9209612363394,0.8976524496026528,250.36743135723228,111.05916360333401,-1.4045470185886826,-0.0001556196664040336,0.9051121021856919,909.3561002055225,1723.0939467310611,0.2894751474645039,0.2434692887319642,186
56994510,ar1,zero_shot,CAMELS-BR,0.9283974873686669,0.9118327318372774,209.45223447450525,102.5758451132447,-1.0455735638551629,-0.004421706293618311,0.9188611684832612,670.5395598646833,1374.3673647727373,0.43516572684963145,0.40654132009791816,188
56995000,ar1,zero_shot,CAMELS-BR,0.8874394206362957,0.9333977495943903,1.8920883510951043,0.9552523633454818,-0.6944804100515439,-0.0025738061629129033,0.9662256544328333,4.0529183936619715,0.6975964779315771,0.6273089189015648,0.581266858138042,188
56995500,ar1,zero_shot,CAMELS-BR,0.8886095316583188,0.8413961246627789,3.3082654538807774,1.826930713981004,5.649540380825378,-0.012812315622932034,0.8502656523061316,11.651231354704821,12.332873582399948,0.5947630143505369,0.5670136548975333,132
56998000,ar1,zero_shot,CAMELS-BR,0.9762640250762676,0.9366276728825667,124.13994048158294,60.35751087226729,1.7766189132599168,-0.0016840977397710975,0.9369902387894279,453.93730107302395,549.385430777344,0.2680041848408824,0.2939078627595345,115
56998200,ar1,zero_shot,CAMELS-BR,0.8654061477635608,0.8374164654451499,195.46800703184084,75.15694777132131,-3.367955391575948,-0.0017494731770308428,0.8498223205441338,777.5715427767907,1198.3217013164578,0.41223800594729715,0.35163733786048745,188
56998400,ar1,zero_shot,CAMELS-BR,0.9371757074821774,0.934939702149031,2.775225253990261,1.4392190491083159,0.9786324822286298,-0.0030017593092886465,0.9414669294971565,9.644328162996091,14.674871005503448,0.41690262850362375,0.41072593854824063,188
57040000,ar1,zero_shot,CAMELS-BR,0.39606643790600793,0.6126888838943034,1.6136854070834485,0.6371329068166708,3.200954042889351,-0.004537372587987231,0.8261554871037202,6.507309430531375,11.737804059783189,0.6121949133699353,0.5327617412618543,188
57040005,ar1,zero_shot,CAMELS-BR,0.758446458047821,0.7789195898014872,0.9392958817391575,0.4696073531936881,3.8135291758247973,-0.002106007815728358,0.8184294155900144,3.2299006954712866,5.2712244593222986,0.4365923950567589,0.44139731960072465,188
57040008,ar1,zero_shot,CAMELS-BR,0.8115561060586648,0.8787006140917255,0.6563040658740974,0.3080793902949135,7.846065956282992,-0.004600655581939625,0.919494915847811,2.231775356045501,1.7385990931153406,0.745090799751804,0.6489925413726779,188
57040010,ar1,zero_shot,CAMELS-BR,0.41183948445986374,0.7129242679748413,1.403967926253089,0.7813652405309772,8.827766036490337,-0.006374533346855889,0.8578136380942792,4.3300965626601275,4.357247493464538,0.3397283566190028,0.32462612861738316,106
57117000,ar1,zero_shot,CAMELS-BR,0.7094562240932758,0.7552330864721158,0.9860538582720454,0.32218543657996795,7.452212884731374,-0.00151669125134438,0.7722667169296766,4.025626372759534,6.211328125370613,0.6502792237439358,0.7588490099157432,172
57118080,ar1,zero_shot,CAMELS-BR,0.4850685895144614,0.671769768536828,2.837385387820127,0.7203753941178375,-2.601578764103823,-0.0008328660568959027,0.8445708432686722,11.98433496103857,24.435565852528907,0.5734363188610699,0.5652652611089231,170
57119500,ar1,zero_shot,CAMELS-BR,0.9323245934153762,0.9470454364576796,0.7782328099974144,0.32336144091747876,-1.0726684381817042,0.0009707506325917301,0.9579438750034733,1.6571459318479567,0.18530162094224062,0.3782273317379412,0.35618525228685893,145
57120000,ar1,zero_shot,CAMELS-BR,0.9007304107734577,0.8503458027328137,8.88044264969296,5.35174614805327,3.6058314964797935,-0.0014496603045823985,0.855480507193007,23.52030902368903,38.14692093222911,0.1250665956313266,0.12398892279477021,70
57120080,ar1,zero_shot,CAMELS-BR,0.8160349285475016,0.82757691087453,2.149212504969064,1.294753592252671,11.265314335983641,-0.004806593639580567,0.8520235864923175,5.81282060876464,8.021111090037916,0.427556939087985,0.3680339349837656,169
57130000,ar1,zero_shot,CAMELS-BR,0.9221473885637839,0.9000484897801209,3.808122337366347,1.7757292734746415,3.1721320511745112,-0.0024169061607050117,0.9074680170730125,9.413020177296117,17.3978086798483,0.42829539610956335,0.37629913611409793,178
57170000,ar1,zero_shot,CAMELS-BR,0.8971038539324996,0.9379830250816892,3.0652201236994334,1.6808753538812582,2.183933583488276,-0.00016929458445396652,0.9658483443277834,8.936813723630188,9.091898221510936,0.3417317606275475,0.33551918055838587,184
57190000,ar1,zero_shot,CAMELS-BR,0.6058460787562969,0.7391532117554087,1.1462806921821946,0.5425814170908903,1.4277024443732143,-0.002259975862923597,0.8552746564501887,3.8596370680217125,7.934108466823253,0.22732964748133447,0.1897571348211571,188
57200000,ar1,zero_shot,CAMELS-BR,0.5942997018014666,0.7937617421077019,2.7970657341993648,1.22519120875543,-2.5998766677750202,-0.0034326881457980747,0.9673384967870571,10.292324499754217,17.786195920562168,0.37031540344328046,0.34872545004144595,178
57230000,ar1,zero_shot,CAMELS-BR,0.8439651922162089,0.9120278898273101,7.712988343060614,3.8548387300363856,0.23879564050218174,-0.0024668655783334787,0.9636244976777146,22.76551894645742,15.412264223310595,0.32437352611923204,0.2818976467275075,179
57250000,ar1,zero_shot,CAMELS-BR,0.4905509300388379,0.7483009998244041,2.1959560198425243,1.0140618504946426,5.909448380240968,-0.0002822228346923746,0.8675189518282166,8.188403837622385,8.222707365989937,0.2507188664100547,0.2375365933044719,184
57255000,ar1,zero_shot,CAMELS-BR,0.8452236322908268,0.9194889112672958,1.173344065747812,0.719346299033762,1.0589172826590973,-0.0013843549663600067,0.9803551059603921,1.7834794388574617,1.319647979124658,0.19737279064882313,0.1999049692282993,179
57256000,ar1,zero_shot,CAMELS-BR,0.8751726425915258,0.8733172403308824,0.3797471438074152,0.2205603073817865,1.8595093040033366,-0.0045859239444105936,0.8900355890364243,1.0761739805380877,1.2370227769978153,0.23091376206840125,0.23067249366530845,186
57257000,ar1,zero_shot,CAMELS-BR,0.5985290447730314,0.7945122991495925,2.4591231129771898,1.224858519462287,0.5721470389344838,-0.004099388079602402,0.9088731682037084,9.106296796920008,16.16180568322045,0.22845324814059736,0.18568444732845682,187
57300000,ar1,zero_shot,CAMELS-BR,0.7560851196248648,0.7474366629389451,2.1371210698476393,1.4803800019656725,11.727492669059448,-0.0029185513646082222,0.7747642491539996,5.757797799354161,4.50292544651149,0.43173397285716253,0.2755066944235204,82
57320000,ar1,zero_shot,CAMELS-BR,0.3684189053832817,0.33837030334030493,1.7811641486880496,1.0971053768896741,25.482209287191658,-0.0037339874604237116,0.3792915668760366,5.965615854174142,11.586084588264793,0.4626706737168636,0.21040989524227333,67
57350000,ar1,zero_shot,CAMELS-BR,0.5684649929456066,0.5848727247687405,2.456655788210433,1.3230191622944008,4.873889026598154,-0.006470664245954131,0.6596576392809924,9.217528876186693,12.525348911819627,0.42450162293795285,0.27563908248894003,175
57360000,ar1,zero_shot,CAMELS-BR,0.38894076005143374,0.39749800922065737,6.196317145432071,1.9179330240884251,-1.4352348990596293,-0.0020040281333572833,0.5185366227881133,25.330878105969234,54.97042032765001,0.4286511318034138,0.24875011092725294,184
57370000,ar1,zero_shot,CAMELS-BR,0.4746731151256224,0.3959318902600377,9.078013270637614,3.666433525808271,-2.9710918191688225,-0.004469463848639487,0.4445738920299762,36.959818395931144,65.18019885950292,0.5259604930162352,0.2703555474633913,184
57390000,ar1,zero_shot,CAMELS-BR,0.7530038036374431,0.7247344117488619,6.351641185658431,3.4950183062373577,-1.8053890325767807,-0.004078214020045275,0.7535497576385538,20.804349133235903,25.188394953872606,0.4486064306620901,0.3351827693696366,188
57400000,ar1,zero_shot,CAMELS-BR,0.553616374739305,0.5036726601328008,11.837213425452594,4.598160144461742,-2.18063533032204,-0.0021211846092406544,0.5558491863320225,47.27277041233606,86.63128787501319,0.49638091298405246,0.27376974065996384,184
57410000,ar1,zero_shot,CAMELS-BR,0.6309304729610992,0.5438807255384966,16.24454530275503,6.875027653834839,-7.957743741064411,-0.005259818001761915,0.5734536508126911,63.808262149053185,108.23685210282503,0.5578749735236874,0.33482876991646876,172
57413000,ar1,zero_shot,CAMELS-BR,0.48595860681177216,0.5792887304409766,16.679918738527842,6.446373919380052,-4.010500078988174,-0.0034425553134623844,0.7050410788193442,63.0058348567888,122.35211239808525,0.4879252658834946,0.3624619670506494,162
57420000,ar1,zero_shot,CAMELS-BR,0.8286771156104311,0.6977342866951965,3.921356301574753,3.0706094168272093,27.74890496422733,-0.001678681239954214,0.703029767460984,7.5574061395224055,4.987244421127028,0.4334270300510406,0.30862089850765295,119
57440000,ar1,zero_shot,CAMELS-BR,0.7476606862944537,0.7345213791738232,1.4330212344777291,0.7633460137486534,-3.2732916989815983,-0.006378621300442828,0.7678670744933355,3.694002704974479,4.090668577956651,0.5751050870065346,0.4058303738631289,187
57450000,ar1,zero_shot,CAMELS-BR,0.8092088433711554,0.6644522799216955,12.392589451217784,7.984872732883815,8.208920902362678,-0.006496045559408215,0.669754750034832,36.539103710636724,69.97393283148347,0.4409258592474329,0.24738995643954914,67
57460000,ar1,zero_shot,CAMELS-BR,0.7108778290842569,0.723089803737125,34.419083839407925,14.53558825409933,-1.1211423256380204,-0.0016114925210350683,0.7689251566984161,138.44033973752545,256.762501949475,0.4903476055484032,0.3807825457157901,188
57474000,ar1,zero_shot,CAMELS-BR,0.4148811232452143,0.4223232388051654,4.590734810933517,1.3047387110657769,15.09698121416863,-0.007491645975027172,0.425188198761527,19.153338011871114,41.38988704231157,0.5786418073888935,0.6210849187734968,188
57476500,ar1,zero_shot,CAMELS-BR,0.3409816178489118,0.30273163139629633,8.680982964507463,2.823240853975256,-1.6898564738725261,-0.007478375522885369,0.4115380042017167,36.02271072407854,75.80095178136023,0.5729638761329358,0.2960317794573692,184
57480000,ar1,zero_shot,CAMELS-BR,0.42784535292594117,0.53175559329219,6.3710242753882245,2.466955129729975,-4.940965479681727,-0.011433789734865108,0.6820218011793467,25.836918693535004,45.29779141444187,0.5888150945734044,0.43147472724435176,186
57490000,ar1,zero_shot,CAMELS-BR,0.7097567835271958,0.7636127203940422,11.74593706152205,5.060093821324616,2.3986223594967724,-0.0036598224576573236,0.8227916240774589,38.23475048243581,76.31622826099175,0.49336036128119376,0.4317598143503547,185
57550000,ar1,zero_shot,CAMELS-BR,0.6668406942631102,0.7608622857910217,13.435963492980656,6.436347753793132,4.880715193866171,-0.007622966300631084,0.8439215490325436,44.55418642343187,77.74856648638234,0.5000333350365472,0.3976241324866552,175
57552000,ar1,zero_shot,CAMELS-BR,0.8806703223070549,0.9125295803000124,0.8710269591438182,0.45376550317060693,2.457705918415213,-0.002475940811271459,0.9357891594239469,2.534591253285306,2.34553900497873,0.31169592721586464,0.3102983811059046,188
57555000,ar1,zero_shot,CAMELS-BR,0.6851163176604669,0.8246842742591883,53.52791430534542,24.40078078546031,5.4407446112443925,-0.002549385957256161,0.9286267946114811,208.87731214103417,335.114795787373,0.4647952762133178,0.41014913543809634,188
57560000,ar1,zero_shot,CAMELS-BR,0.8982245185751674,0.9318507025945117,26.427231414109677,13.551962808140438,-1.6460368695061451,-0.0033978548763213285,0.9535384204044268,77.96137286899175,124.51653359780451,0.4877108486629722,0.43914131792360944,184
57580000,ar1,zero_shot,CAMELS-BR,0.8335115702927365,0.8537987060092612,29.796096293793823,12.542340801497012,1.2896953850298187,-0.0031757275211537206,0.8815719230530833,109.83273359772325,91.7834906806869,0.3713783490772655,0.3100053140280922,99
57630000,ar1,zero_shot,CAMELS-BR,0.1967689658274202,0.2167999170550421,3.9731498743069396,1.5359303309190997,-6.500136503134263,-0.00444756039676187,0.4444072332197585,15.402204390737744,29.01444235779576,0.7017435268642257,0.3133139260674923,188
57650000,ar1,zero_shot,CAMELS-BR,0.9140349881246912,0.9520278448280922,0.5279338737505024,0.21993350961303362,2.2062534241391254,-0.003171908976864455,0.9772393448084304,0.6608971395711597,0.44391292723705433,0.20805578456134233,0.20444527800431986,75
57700000,ar1,zero_shot,CAMELS-BR,0.8633986935282768,0.7974239008913869,2.815962584027786,1.331896088145718,3.766836060412119,-0.00245898980220563,0.8050713150172081,10.69471365361765,19.624031814612298,0.34479482763576697,0.3132441126007427,184
57720000,ar1,zero_shot,CAMELS-BR,0.6934281623681274,0.7451544572434203,3.172925348644962,1.5102214089628914,6.8359700143566,-0.002262444876542938,0.80427786426968,11.66860371995823,21.974958748876,0.5887448107793736,0.47115554003967963,172
57740000,ar1,zero_shot,CAMELS-BR,0.7115369342979438,0.6779180984967471,6.99218484095641,3.1857929403924845,1.534898142169818,-0.00394287305954895,0.7112387928026841,25.9492722265318,42.854566645127306,0.5126797062452474,0.36324782516557796,181
57750000,ar1,zero_shot,CAMELS-BR,0.7198802135496393,0.8022401224687626,15.595728245760379,7.239300299351694,2.334424951962332,-0.0017031892835717224,0.8712994940460731,58.856516797206474,87.3646543183994,0.37145853823974256,0.35790458780907614,179
57760080,ar1,zero_shot,CAMELS-BR,0.8819576027045696,0.8027044036111715,12.8537750432865,6.062620939712518,-1.8771076446737731,-0.0019766199010962243,0.8087967403495908,43.92260209778837,62.13766659653756,0.39174852652259334,0.32497698602783837,137
57770000,ar1,zero_shot,CAMELS-BR,0.9109481968663383,0.8743352057366873,1.0631669875788703,0.5077244427067024,10.602055436315709,-0.005013412792236254,0.8790856759654687,4.063691186152665,7.86003251954537,0.5943948133411266,0.5558136521547876,175
57774000,ar1,zero_shot,CAMELS-BR,0.7449747045335664,0.8434905709842808,0.564316051707269,0.2602744159585156,-2.5573461563095226,-0.007951809727212825,0.9153142414115635,1.9683018742159026,2.003787038617723,0.5811636129861781,0.4818449008690313,184
57775700,ar1,zero_shot,CAMELS-BR,0.8617224648172269,0.9240411981339012,8.80259089380649,4.75732936295432,3.2956086283002257,-0.003593897940141255,0.9654935854100729,27.586305906677023,36.46076493466941,0.47092240557131165,0.4433181440146058,187
57779000,ar1,zero_shot,CAMELS-BR,0.8712654838736318,0.9355155387898506,10.681737199750858,5.541130568296548,0.5325834512123995,-0.006869438137914342,0.9874533312695969,27.763747520987476,42.66187093907422,0.5530927769386369,0.5196824307977822,187
57830000,ar1,zero_shot,CAMELS-BR,0.7125623463327742,0.8333143760224456,28.152106222566626,11.726265970076774,7.843701700667255,-0.0017891699252604344,0.8951772092627861,111.02318346235677,148.45637182452228,0.4688990067777219,0.4463426208631673,183
57880000,ar1,zero_shot,CAMELS-BR,0.7941739580929279,0.8419780665732579,4.67236204620783,1.8368334837181963,-1.7102779672203596,-0.002357936479160525,0.8848488311496756,14.312322268251464,8.739657232498146,0.6231863175534541,0.5897045648827558,155
57930000,ar1,zero_shot,CAMELS-BR,0.7562884861290841,0.7686994223335821,38.34791550697403,14.039395847104622,-2.637531542429454,-0.0027653107408541593,0.8011752370987361,139.4010473066777,263.6586843968036,0.6410652498327933,0.5376704967559953,149
58030000,ar1,zero_shot,CAMELS-BR,0.6588870251203894,0.7764335692701637,4.832040435968641,2.056417779461506,1.3660203946176874,-0.0032983965241697322,0.8752760368141801,16.606957030125653,22.191193393821464,0.347225692874883,0.29109976539464205,188
58033000,ar1,zero_shot,CAMELS-BR,0.45967353628050023,0.4520129297271229,1.0626884093382591,0.5188739473166367,-0.03609445524259555,-0.004703583073024167,0.5414955203346652,4.182406215243605,7.551404970369457,0.27769530798501496,0.16402759641990947,188
58035000,ar1,zero_shot,CAMELS-BR,0.4972118793938437,0.5211841715389947,0.2863675974550643,0.16417390924362818,-0.36883720936964803,-0.003930768984230814,0.6179534361529632,0.9648532224979722,1.3585015099233795,0.3543607987965294,0.21553943983938997,188
58040000,ar1,zero_shot,CAMELS-BR,0.8607566765406404,0.824994153607023,9.987181668006267,5.103025744621539,-1.033785226633411,-0.0014772176937500065,0.8378004650916084,33.69366636886048,45.538975515522296,0.3963896833083076,0.37549899700021905,175
58040100,ar1,zero_shot,CAMELS-BR,0.826347218732176,0.879116821203228,7.322789324982556,4.11756993653367,-0.36659020939368914,-0.001582273415681408,0.9170720199457756,22.86526041711944,22.971677584136284,0.3425180739326149,0.29292353872599936,188
58040200,ar1,zero_shot,CAMELS-BR,0.8690460331294825,0.9276767182281029,6.481327371675236,3.5035058456714228,2.698382671952893,-0.0008049131224236797,0.9631919424541877,19.305869702073835,13.04386833235636,0.3241483943317245,0.3070116106812236,188
58045000,ar1,zero_shot,CAMELS-BR,0.8907424133446811,0.9423005965632253,6.869324504490102,4.054739325862449,-0.2335513873707674,-0.0010734138296768555,0.9756582403863983,21.261263488221022,29.478794071009666,0.3314632628431922,0.2948755827485596,188
58060000,ar1,zero_shot,CAMELS-BR,0.633699768760793,0.7614377661743454,2.9352914825662353,1.8986736576707066,6.386702312845654,-0.006663604167410617,0.8518896808485532,9.421884405274774,13.88800759100792,0.2766570842810176,0.18984927537493804,175
58065000,ar1,zero_shot,CAMELS-BR,0.21079865403081255,0.16684731944320386,1.2892413564417278,0.6662455801418893,7.532395215609714,-0.00010488283163636279,0.3298813705447121,5.0638700735012225,9.516623174185547,0.6076240677610029,0.13924599602078455,173
58068000,ar1,zero_shot,CAMELS-BR,0.32358301111068344,0.640058476524759,6.0071087160708165,3.423888879563504,5.392738204357096,-0.005861666822575838,0.8856033016750079,21.812880012541616,24.29806541066164,0.3496428599973891,0.2562018017596292,188
58070000,ar1,zero_shot,CAMELS-BR,0.27624280982444493,0.2165569940366724,15.70477184408705,7.717927415117611,-4.634237150800279,-0.006562716002729284,0.3351421950426464,64.10913082553697,93.81788098753398,0.4387205019666152,0.12773931201590902,139
58075000,ar1,zero_shot,CAMELS-BR,0.20925738139560257,0.25319253201409286,1.1859232626471927,0.585188522773008,-1.2864815521446265,-0.002032598789682605,0.4828229320881191,4.498910218110477,8.932807655634695,0.4241244349154016,0.22841726479269664,188
58078000,ar1,zero_shot,CAMELS-BR,0.6290225143247195,0.7634203949725277,8.763134160591669,5.517670741366528,2.0078089977075084,-0.006906126146663059,0.8562123300404705,30.290965942728892,27.994972146016618,0.4085344970777958,0.2866187697585658,188
58082000,ar1,zero_shot,CAMELS-BR,0.7021575483168458,0.8253802099431169,2.2204063017664,1.285451802739032,4.317891317853354,-0.0006261555448559206,0.9165771679310033,7.266911634283624,8.82434129229719,0.35248999733176867,0.3025238573960029,188
58087000,ar1,zero_shot,CAMELS-BR,0.7272118303039607,0.7955365976711641,8.885270959986613,5.355968853497505,1.5049107620086961,-0.0025319333978068848,0.857209795146818,29.53401147021013,39.130518333703215,0.3521736231383538,0.2971251950677098,188
58087300,ar1,zero_shot,CAMELS-BR,0.9487184939618074,0.9432866306369573,7.715044348442941,4.126805602533355,-1.393520065988584,0.0013328212037006393,0.9489328438792529,2.670960391065154,3.1884655311318624,0.15504938260881643,0.12883036607241857,169
58088000,ar1,zero_shot,CAMELS-BR,0.47443526678297854,0.6039114584953209,34.33093261259074,13.487961499665694,-6.860786166777176,-0.0022487053324876296,0.7419168601943348,139.75136986657418,225.6940220473594,0.43915592815980914,0.3167004879840523,158
58093080,ar1,zero_shot,CAMELS-BR,0.8974779873190692,0.9468050883213064,10.577775180257584,4.037750620999698,1.6338274061812414,-0.0007787001732577018,0.9823827024004576,2.525975562486018,2.8817522277808423,0.11870676271087569,0.11929274583826564,188
58096000,ar1,zero_shot,CAMELS-BR,0.9117804207087186,0.9451010057794945,11.239653857269557,4.734589260947415,-1.2784969678634168,-0.001335360577564228,0.9676674288332475,19.49405579589087,6.031472292540341,0.1359004407862244,0.13337823819053793,186
58097000,ar1,zero_shot,CAMELS-BR,0.8627130383389411,0.931394112923807,11.867900438523822,6.194469523956308,-0.5573065873148122,-0.0016675233022852877,0.9820870457809084,35.01479385476173,23.995236631689263,0.2551221583453577,0.2468949787041421,188
58099000,ar1,zero_shot,CAMELS-BR,0.9495403517628808,0.9736289924638163,8.440797105002682,2.6737854514533264,-0.012163956749534813,0.00021974922371946481,0.9928327776241743,10.785217675895233,9.762195952467101,0.10840564899057843,0.10377972706534612,169
58105000,ar1,zero_shot,CAMELS-BR,0.9598134661417886,0.9721903778691146,4.674477878964773,2.261693405768366,-0.20403118561059558,-0.0004277085711079584,0.9809128413493124,3.799641219434529,9.143819343593659,0.10332950631458093,0.09737667882925158,188
58105200,ar1,zero_shot,CAMELS-BR,0.8707555353229481,0.9087823956244541,10.684712080823687,6.348215416155761,0.051065006952753025,0.0004011294275029116,0.9374021729029871,20.45101678204804,32.342797962667504,0.25570250451716187,0.2340569302351245,188
58105300,ar1,zero_shot,CAMELS-BR,0.9673093719957869,0.9810844045250409,5.958130746587388,2.5532176943732807,-0.35062151998260976,0.000628787142517644,0.9904682087803613,3.5871838326203838,5.392626303490987,0.1257117246496982,0.11323082692882437,188
58107100,ar1,zero_shot,CAMELS-BR,0.18583344944064328,0.22347012170949543,0.6019587147814061,0.271581881918283,3.3748636346732424,-0.005898625988891166,0.4604573159383697,2.4630209235120937,4.293652138454978,0.604425961084491,0.22305940482239275,188
58110000,ar1,zero_shot,CAMELS-BR,0.9359718181211596,0.92589754710772,9.849071223259655,6.227327281495001,0.3814766686946154,-0.00040731717357038975,0.9329846719587038,19.962741367467547,34.464208349301934,0.2728817930323064,0.2579179871904304,184
58110002,ar1,zero_shot,CAMELS-BR,0.7076494068177266,0.8486951410998205,17.967070699775928,6.886586655867759,-2.2359224955657298,-0.0006269728233008406,0.9683239580784548,2.8397114458346864,3.2623946055297495,0.25927710724038006,0.28039627734630873,55
58116900,ar1,zero_shot,CAMELS-BR,0.46212854473305987,0.7164620523032075,0.8949882927681032,0.5112827965632153,11.18202558535446,-0.0034307129290983267,0.8749683284332621,2.8902406410695622,3.5072663113366693,0.43362836031646795,0.3131186380531636,188
58118000,ar1,zero_shot,CAMELS-BR,0.6953846618059811,0.668733569546236,3.1131607757749546,1.222701328170738,-3.2622814400097044,-0.001150899744388931,0.7056207143891637,11.82582583368272,24.56243210518676,0.39000274888236236,0.29505830437048985,188
58120000,ar1,zero_shot,CAMELS-BR,0.7157949832552554,0.7827974678329358,1.7096437622994936,0.9758649447896179,0.5219284672902516,-0.008694334311358354,0.8466856970486715,5.594245325626325,7.702335053900068,0.2992364559349774,0.28030619984817956,188
58122000,ar1,zero_shot,CAMELS-BR,0.913596306641972,0.9283095156820932,3.6293868358608186,2.113478377962752,2.263125405272,-0.0035039908475331255,0.9431318764365968,8.615353037480208,10.186614608371736,0.30730187115851615,0.27570614635920054,188
58126000,ar1,zero_shot,CAMELS-BR,0.8605997138149301,0.8847136915840532,5.3779608798606535,3.015139550378192,0.9646160655383161,-0.0015733220361033272,0.9098557219582752,15.675461584070279,18.803285945095578,0.29549292047374437,0.2772914495683902,188
58128000,ar1,zero_shot,CAMELS-BR,0.8342993882904007,0.8662878284744426,7.350284054183497,3.8625702237164923,0.6175537724866104,-0.001961233072610256,0.8977276801723566,24.359341346546866,44.8358151328014,0.2889928415069387,0.24698946557743523,188
58128100,ar1,zero_shot,CAMELS-BR,0.9778669738879632,0.9733187972443921,2.30921712494551,1.105607241669237,1.1405649117894376,-0.0011006113648591373,0.9756416782359129,1.141206514756465,2.3728469760261195,0.13078332569857995,0.11848537011716706,188
58128200,ar1,zero_shot,CAMELS-BR,0.9502955097271256,0.954817658963145,3.3066983196825013,1.5156146812810438,0.08728603586460566,-0.00256882130002984,0.9623455893114925,3.5213334811758967,5.506825213333049,0.23712240060702253,0.2101531564250483,188
58129000,ar1,zero_shot,CAMELS-BR,0.8342104314442889,0.7606927374458742,7.691014671076287,4.285733744794272,-2.423685692261481,-0.0018228921462223498,0.7713422400025591,25.332499084983795,44.49223617649448,0.3366300493638323,0.259359561568433,188
58132000,ar1,zero_shot,CAMELS-BR,0.7044962364276337,0.5869103072071972,1.4585617016544328,0.5992776558671805,-5.123225404570279,-0.0009607339425388248,0.6024585293544147,5.886956999035284,7.628960222208437,0.6738681599785393,0.5434702535766801,135
58138000,ar1,zero_shot,CAMELS-BR,0.9180237223017185,0.9469328374300875,1.0102701484510863,0.47741933230833805,1.7032807814670592,-0.0001544396255402404,0.9668532001141641,3.0202322591692723,1.3925214882282955,0.5300150357777182,0.49504252760009576,188
58140100,ar1,zero_shot,CAMELS-BR,0.6363130244074193,0.8291656220043353,22.85826021026664,11.529290441582623,4.033903789026414,-0.0006700782625887755,0.9428579329802124,12.397698679504872,8.759271438749408,0.1583865503823646,0.14630501615576152,33
58141000,ar1,zero_shot,CAMELS-BR,0.6540979578196922,0.7910765853713722,0.9856560470680833,0.4995308222918298,0.7684939011513812,-0.0020136632002042817,0.9033565846693655,3.5858995675828726,2.0322707583946635,0.24910906591849455,0.1947315078597048,179
58141800,ar1,zero_shot,CAMELS-BR,0.6128528465597357,0.6561834336945032,2.625882155402156,1.6639913857010802,-2.6680165550209547,-0.0036749044089498147,0.7305787270156493,6.5264207832362695,8.891376476855484,0.3565136405534369,0.2721277447977805,187
58142000,ar1,zero_shot,CAMELS-BR,0.6940745929795384,0.7631301756658393,1.995390214469015,1.290612600684017,2.4827784490348193,-0.0021970817782761614,0.8298351446181544,4.723757736607281,8.110984305841122,0.24642142842515546,0.22765850220947476,188
58142200,ar1,zero_shot,CAMELS-BR,0.7485969438750686,0.777149296583715,3.0995042537868334,1.7018431618350285,-1.4727258888666468,-0.001767407603637099,0.8213990198208633,9.193047668146955,9.480425379023266,0.39394624920196,0.31726677070230525,188
58147000,ar1,zero_shot,CAMELS-BR,0.01683232048031924,0.25334042881471586,1.2024130489192868,0.5466242286938972,15.502298479920364,-0.014932051493383574,0.6274395035512239,4.530631988299699,6.615502420392902,0.8620218375181107,0.4979494048352629,188
58148000,ar1,zero_shot,CAMELS-BR,0.43641954553689166,0.49516924410056884,0.5854030813258737,0.2220494897075614,1.8962349529204725,-0.004443079551282236,0.624429384076864,2.406469528409606,4.393389251485305,0.6761706670593433,0.4329902037672981,188
58152000,ar1,zero_shot,CAMELS-BR,0.9388242031470876,0.9670217258478613,8.586048436904434,5.137065145777075,0.6978413099352425,-0.00016031999620380946,0.987201787631963,11.613015126551842,11.055299014970945,0.15754536975223593,0.14251020696156,188
58152010,ar1,zero_shot,CAMELS-BR,0.9511374850889289,0.9625125031944685,9.426917306305558,6.27891804564605,1.0880854532680604,-0.000814901520656065,0.9712170079599273,11.458259723774244,13.85998088758918,0.15862719164762323,0.16629712072688574,188
58152100,ar1,zero_shot,CAMELS-BR,0.40826407778351703,0.6372771369296147,24.50949422586253,16.19717552349342,6.695963905491615,-0.004300913790304668,0.7970832315264778,45.48378031628508,63.79222926102642,0.21725183832892764,0.10766840544144203,148
58155000,ar1,zero_shot,CAMELS-BR,0.19815214603476405,0.3948868764166622,0.3015170257014497,0.12531899691664172,10.953406764118377,-0.008017524349362242,0.6694412415714647,1.2097607235812768,2.167328388147351,0.6749539399843291,0.4264171767053518,188
58156000,ar1,zero_shot,CAMELS-BR,0.7007553755822185,0.8353879154778342,0.30611819184486494,0.14822695080137205,3.260689299883487,-0.004450899220555568,0.9441463715962802,1.1562146544308285,1.4611547732671983,0.5842457943487293,0.5697538447147209,137
58157000,ar1,zero_shot,CAMELS-BR,0.2591177892362143,0.18381350058349177,0.27256019618887617,0.14575505786737078,-5.144815483630783,-0.017041493132236255,0.29499868337231294,1.0563237815691755,1.2533132979600339,0.7416408348832403,0.21301029967713328,93
58158000,ar1,zero_shot,CAMELS-BR,0.9235606081260891,0.9572056609292614,8.586825146732089,5.416202417048099,0.14663224790227575,-0.0008946855374090861,0.980815814357614,11.516871471175742,7.535727499211333,0.16502917127551134,0.1627171402229095,84
58158100,ar1,zero_shot,CAMELS-BR,0.9266967215310218,0.8873213108624137,13.11057238776732,8.22798764352047,-0.4019018580735097,-0.0006506044409212534,0.8922832149622186,33.422331027313724,71.3758409249262,0.21532315716173075,0.20260812692752475,188
58165000,ar1,zero_shot,CAMELS-BR,0.6969888377216442,0.7141312987141448,1.0272482924241364,0.6858716470860814,9.538129830463863,-0.00555887590493062,0.7542923973886899,3.2658085993758172,3.430075039474543,0.3522177073074222,0.24754338349772884,188
58165500,ar1,zero_shot,CAMELS-BR,0.25053781136633946,0.27535316631245343,1.1362998464246779,0.5010176707331838,-2.1058483559403527,-0.004056120225305677,0.47139036875456297,4.295831445232008,9.183321721720155,0.37863103269018694,0.17736169667488105,188
58170000,ar1,zero_shot,CAMELS-BR,0.2388388140261466,0.15445744517182225,3.1377587348092084,1.3257816646752807,-0.7925774192510706,-0.0029214776192871897,0.25540590872575797,13.061926022188207,21.93022425777111,0.5486857555776353,0.1410523204957864,188
58170100,ar1,zero_shot,CAMELS-BR,0.5264752287642267,0.7424116333836963,3.188780736305318,1.1796297019515865,0.25821186413502567,-0.005306109148765462,0.9109294583375849,12.666144963091877,16.289097351585607,0.5961806639310698,0.5015729834590462,188
58177000,ar1,zero_shot,CAMELS-BR,0.8755987298099452,0.9202902230890647,2.72280771533814,1.1367244608327118,3.3017889680062003,-0.005309142249270326,0.9515358956858188,7.761018918050751,7.064280017980245,0.6154958917261237,0.5634239844817431,178
58182500,ar1,zero_shot,CAMELS-BR,0.8703129459511769,0.9020831523184419,12.951602543925084,7.904635631139658,-0.057821125145405224,-0.00011228109617089643,0.928479745690821,29.261008700775196,31.172760965009253,0.13019948124305303,0.12065489757671614,188
58183000,ar1,zero_shot,CAMELS-BR,0.9396883288383586,0.9364841191188166,12.598610002235805,7.179500423982226,-0.11444187013935898,-0.00011670215735850448,0.9439120143520695,38.46052404234307,18.59316507503709,0.18827810961133593,0.18503292948990613,175
58185000,ar1,zero_shot,CAMELS-BR,0.13311868506429647,0.09418941658390134,1.630949339550133,0.4468163297560742,-4.024354826600831,-0.014002764205833582,0.3500631038478921,6.947919871952977,15.06425485057863,0.6869706120645209,0.2653157661119499,188
58190500,ar1,zero_shot,CAMELS-BR,0.5124072546136126,0.5754707584286212,0.16666402466647823,0.1097163211506965,20.423217196926508,-0.001642312390111901,0.6482149910386313,0.5644703052685981,1.0485742401159681,0.581859431428836,0.327157651318147,75
58192000,ar1,zero_shot,CAMELS-BR,0.8992715041311896,0.9355984019375827,14.41876095476137,9.052217991639253,0.2569736787938132,-0.00014501628393258793,0.9610638322240144,25.2072279339259,35.185077628788385,0.16127679225238115,0.14877657229404,180
58194000,ar1,zero_shot,CAMELS-BR,0.5635100210151482,0.6243134883370312,1.4263047137301685,0.6922587234878285,-5.798175643664452,-0.003149291841417068,0.7139336384326473,4.990815587583608,8.83712019172194,0.4104720032842122,0.2880596168770428,188
58198000,ar1,zero_shot,CAMELS-BR,0.001284432446810424,-0.29493298662347733,1.7579945789416467,0.3933781418824057,-13.849150323779524,-0.0054819342343993445,-0.05418279719340102,7.793339613895796,15.97770711578764,0.5743987201783994,0.08810588550909394,179
58200000,ar1,zero_shot,CAMELS-BR,0.7188834883906018,0.815061033303379,0.35025406304098916,0.19774957477877905,1.3651039436038883,-0.011508340549657846,0.891326103688122,1.01423460068781,1.9945237950419614,0.3798819255222526,0.34623248924445,188
58201000,ar1,zero_shot,CAMELS-BR,0.9279861086256558,0.9044399131965353,15.444113383551338,9.951012602881855,0.8640562386645315,-0.001441544873517369,0.910949922597339,30.89064700936338,58.060237878082674,0.246184385386383,0.22270009960515327,165
58204000,ar1,zero_shot,CAMELS-BR,0.782461791486821,0.8547176971061283,24.998626044385187,12.218791483644003,-0.8913626313620342,-0.0005120923148932118,0.9104946931267786,69.12575773622508,134.07003701887655,0.20862491901824273,0.1856154930273574,186
58206000,ar1,zero_shot,CAMELS-BR,0.890371870608975,0.8987969421773568,13.489847966603005,8.28446768133029,-0.7406751468364499,-0.0018833459129394825,0.9154040447794728,23.16737717608296,25.732595792068356,0.185551671629762,0.1680294517411674,188
58207000,ar1,zero_shot,CAMELS-BR,0.7026860896741483,0.8404755534871184,1.4966977053616,0.8288508939234613,6.13321727009613,-0.005935252360005444,0.9347583347731746,4.436454577934646,3.2107419377597957,0.3918122923756451,0.34157194940769825,188
58211000,ar1,zero_shot,CAMELS-BR,0.892779801086274,0.9323199360172767,1.8761933213611757,0.9336333585811086,-0.5126927551721443,0.0008358490668151641,0.9585078557164666,5.6730221380172505,11.450404253372655,0.5034003865702628,0.4652804284224943,170
58212150,ar1,zero_shot,CAMELS-BR,0.5769468802435505,0.619997321634681,2.234970814991722,1.0846058961722527,0.9441945647101673,-0.009858986256188978,0.7027817023898117,8.305442922511187,11.69279994300641,0.5019433348242515,0.375451773203385,151
58214000,ar1,zero_shot,CAMELS-BR,0.8979721863057996,0.9308044691057589,13.657674260534494,8.714973099268613,1.021795092215028,-0.00013771594004011439,0.953121118516404,34.09092392742846,42.27328044531549,0.18523501259613176,0.1587320992406787,88
58214250,ar1,zero_shot,CAMELS-BR,0.8534830530843305,0.8931643800956196,18.41466542236777,11.960315468023477,-0.2876865395519167,1.827108152136457e-05,0.9249188493882929,45.433382941846745,76.7573193937174,0.21705562285286678,0.1961434784571618,167
58215000,ar1,zero_shot,CAMELS-BR,0.4977285363404961,0.670112418617858,0.4553089724905039,0.28148333361890177,16.145379436943436,-0.02131381507489892,0.7971301387247636,1.5948908313189547,2.031079918236569,0.5939627632326506,0.33866237148511114,188
58217500,ar1,zero_shot,CAMELS-BR,0.3670263970247253,0.31013605626873986,1.0257986058647168,0.38907695523595204,-10.851546033977712,-0.0170739729625652,0.4011258489600428,4.244641563140447,7.72178735115671,0.9924479920592248,0.5249237506028964,188
58218000,ar1,zero_shot,CAMELS-BR,0.9320402161768397,0.9623132012019018,16.04691592092779,10.09334446764784,0.7947948098052503,0.00016665197443643462,0.9809250490502548,50.93867590507234,64.9824195843024,0.22024435700435108,0.21070327442572864,134
58218100,ar1,zero_shot,CAMELS-BR,0.9585012212297855,0.9742023173192592,13.272169227160989,8.25284455024496,0.5125538965698576,0.0001239551087972449,0.9846538478069066,10.875556387645545,9.987111645620711,0.2143149218106663,0.20525812391669293,188
58220000,ar1,zero_shot,CAMELS-BR,0.5756422814873727,0.5682362234436062,1.455497322142682,0.8019498951946356,2.614451291448504,-0.007444785652116122,0.6336294580875677,5.540929163339629,8.570530419423326,0.5061656473099981,0.31491182707514354,178
58227000,ar1,zero_shot,CAMELS-BR,0.4509377625304276,0.4079867236202287,2.3848277908367588,1.0694913936795762,-8.156109237095993,-0.0034766225518981925,0.47837900760293917,9.36168676632015,13.863744427943333,0.4587091302902852,0.23112307214430552,169
58228000,ar1,zero_shot,CAMELS-BR,0.26522676091051767,0.4567770334146678,3.972439039164202,1.9837560534138745,-4.339161280659097,-0.009021233874139176,0.7035603644689918,15.005469010812513,21.364687313997088,0.5988657440607141,0.3821020970196556,92
58230000,ar1,zero_shot,CAMELS-BR,0.8142399832766611,0.8813071094644787,23.181855863532444,12.14724162766052,-1.2214181971369598,-1.5815103716506924e-05,0.930281593136271,71.51810187927457,14.236713275086196,0.19943760946783337,0.18443245289257,188
58230100,ar1,zero_shot,CAMELS-BR,0.931037273757919,0.9326280375850017,19.03313675256724,11.89590996368192,1.9484387334643138,-0.001259881164614043,0.9410681486609882,39.097784339505736,65.34736982619091,0.2259326124437636,0.2069492492617463,186
58230150,ar1,zero_shot,CAMELS-BR,0.7859524934154609,0.8166407614887088,29.978120544267206,16.03110958999918,-1.2134053283364534,-0.0014175340921456486,0.8546696883400537,109.58211619201106,164.16848886159585,0.24565039098488187,0.21141580024698503,159
58230200,ar1,zero_shot,CAMELS-BR,0.906325136476496,0.8881991908578625,19.34729412768159,11.108571023161629,-0.7951224066785774,-0.0004590519447320116,0.8978906218986894,45.297399474733425,25.145148521709654,0.1913812497575734,0.16614581827631716,134
58230600,ar1,zero_shot,CAMELS-BR,0.8356716338122635,0.9006140360034152,26.67046375304057,15.688988099502248,0.0064298629325176175,-0.001051169232342517,0.9487325438102069,68.94100427875038,118.70302434786002,0.233681266693819,0.2146132733172938,187
58234900,ar1,zero_shot,CAMELS-BR,0.4248999005603974,0.6023774623677309,104.0757285621242,47.20719021475941,-2.9337730476850274,-0.0018331624616928395,0.7643215825423315,393.985417956307,615.2803971789001,0.37877154727141654,0.2699733857422877,135
58235000,ar1,zero_shot,CAMELS-BR,0.8632289197847277,0.900437875651555,23.93189081133347,15.078129422030026,0.4972556405791181,0.00029669083226590426,0.9296808209131311,69.31186978671433,83.40267004547881,0.27474910801783264,0.23930084951119865,188
58235100,ar1,zero_shot,CAMELS-BR,0.813322911767348,0.8764650167508373,31.322168559393994,17.338460513537864,1.0942406575438537,-0.0008622591927677122,0.9239913426958652,85.63878553083444,83.56330152564234,0.24015023767362145,0.22386920174823632,188
58240080,ar1,zero_shot,CAMELS-BR,0.8646001802164874,0.931563517727707,21.993775687606114,12.64624329952223,1.7956452165072405,-0.00027559853281558435,0.980004876835227,58.62602881524577,98.16324890669718,0.1311189826374775,0.11079466393370979,188
58242000,ar1,zero_shot,CAMELS-BR,0.8831263447486442,0.9316711564294573,19.74560217499128,9.536669490040143,0.6730914839499594,-0.0007063653234678155,0.96673188410241,68.49466417081956,25.305780179004184,0.17319101438463166,0.15405876063976115,188
58247000,ar1,zero_shot,CAMELS-BR,0.8687192285145293,0.8558799218565514,0.4263655000638294,0.24068334686214207,4.265850089692001,-0.000992691637707304,0.8611280170261628,1.5633127195435617,2.8080569594767857,0.3195853704681011,0.31850103496565785,99
58250000,ar1,zero_shot,CAMELS-BR,0.8972406794442351,0.9254771505952992,19.249450176921584,10.1658991524178,0.8097805800912139,6.858985190765811e-05,0.9468775117374547,44.92639060363885,74.76327973050807,0.15194370013494893,0.13797544800029476,188
58256000,ar1,zero_shot,CAMELS-BR,-0.20894468930496735,0.21630420824541496,2.370409416321166,0.7019483255175427,4.09350171298939,-0.008613276711150135,0.7677184894955884,10.088051618645004,18.04823203143969,0.4609271124949054,0.26266748359931885,188
58258000,ar1,zero_shot,CAMELS-BR,0.6074193489115265,0.5447249500324309,3.925382274794088,1.510903366851676,0.5403598447577553,-0.011106642037751267,0.5691553112174514,15.76395965671635,33.53419652169629,0.46600034854295846,0.28768853236371034,188
58270000,ar1,zero_shot,CAMELS-BR,0.4930186763465404,0.47071654301364907,4.217464353191948,1.567885531274826,-7.450293790981307,-0.003964732907947743,0.541584744461163,16.933033202934414,33.192272627964556,0.5083095695718152,0.3334473156458293,188
58285000,ar1,zero_shot,CAMELS-BR,0.28601787076050744,0.20557296383096102,1.87346682982969,0.6758267540099943,-6.9284878203822515,-0.006562551593468044,0.2869285651050002,7.9077677977962635,14.813949233428001,0.5323102189457452,0.16781556362520594,188
58286000,ar1,zero_shot,CAMELS-BR,0.4621510444681781,0.6790105708535561,2.5707096965476937,1.44842449577701,7.057136075364608,-0.003436428111398191,0.8536743924682421,8.650117834644412,10.997238920241795,0.37884340223730617,0.26578508606431744,188
58287000,ar1,zero_shot,CAMELS-BR,0.3086181086532669,0.25504751163733863,4.639519105618141,2.2515363350678594,1.2505873897202662,-0.012312655598672369,0.3679965461414676,18.12877963041673,35.0149022831559,0.5867671701048937,0.22507092611868848,163
58300000,ar1,zero_shot,CAMELS-BR,0.8537444204682318,0.8064392422699427,28.068057208554677,14.861111899778995,0.6033265893093713,-0.0005744346356184324,0.8187692871218075,94.59697552906121,153.90389223035368,0.18322567297170922,0.1408100399799956,188
58300001,ar1,zero_shot,CAMELS-BR,0.8924418360143097,0.9096132535451145,39.4993033357817,21.965674863413305,-1.0088802494752172,-0.00012631521510227204,0.9277631346958466,119.87862974523537,23.51790195823901,0.15264191830204346,0.12231674647317907,172
58305001,ar1,zero_shot,CAMELS-BR,0.7401674969766862,0.7332405460004612,66.66287551465916,34.42397483529181,-3.432833051439876,0.0002874744977406146,0.767477617886517,218.46522507339515,236.1738568126509,0.24963319295381348,0.1922435380778432,173
58315100,ar1,zero_shot,CAMELS-BR,0.7415849998491071,0.8563558433730994,53.69620445488934,23.69061193362308,-0.33545157902595596,-0.0003935270444042139,0.9489802690901172,142.96865290327673,87.03240963605337,0.18253429381350997,0.16638136578596635,187
58318002,ar1,zero_shot,CAMELS-BR,0.8367294422045257,0.910432684444753,59.3261134066829,33.55478933381988,-0.007616458617936764,-0.0009619092723427477,0.9680489002715986,104.0598894037829,88.50845593401719,0.2719137532975557,0.2389276744186201,186
58318080,ar1,zero_shot,CAMELS-BR,0.7584665666634987,0.7601959103619221,41.7651812996749,18.022652276742363,0.3321525523798651,-0.00036921917811391734,0.7954657155395192,160.94657458640472,190.15739517177903,0.27961581722339046,0.20980504564679697,188
58321000,ar1,zero_shot,CAMELS-BR,0.7909472966039985,0.8487816060224946,34.88901495637864,16.963758073311134,0.6828060518891433,-0.0026338821557514436,0.8898415974203567,132.23613440414212,201.0093984349302,0.26403590997527354,0.21339045320768738,188
58335000,ar1,zero_shot,CAMELS-BR,0.12768020100010258,0.03160677468637341,7.170799245326822,1.9827936926136986,-8.180213822706797,-0.006962440658980329,0.2280803319668424,29.832454939226437,61.927562650617034,0.4744538501332752,0.22558110589562785,162
58338000,ar1,zero_shot,CAMELS-BR,0.5734429218650908,0.4917898621527256,4.934949961642524,2.2492192751916593,0.9301706252591607,-0.005322491955911526,0.5270525627470456,19.535034222249585,40.98262087254265,0.39636149610473403,0.24671701145167307,188
58339001,ar1,zero_shot,CAMELS-BR,0.28996470183775835,0.341260641180801,1.181745831928378,0.5382161614008909,17.188274133290182,-0.017906304075801974,0.5132050019464987,4.643449104193473,9.882745498528823,0.7969979521920789,0.42844908911512924,188
58347000,ar1,zero_shot,CAMELS-BR,0.5254183542459274,0.5426623967220157,0.4858308054738321,0.25949361238214397,-5.66270571097269,,0.6284251190895089,1.364523565563134,2.17610273740491,1.183673469387755,0.8423532643411886,151
58350001,ar1,zero_shot,CAMELS-BR,0.5314382752675122,0.6984854636465148,10.248555889368019,3.7094185061506653,6.994025667257595,-0.009281204844969894,0.8463564711568844,40.698432117288604,82.42794243016664,0.6377729757327008,0.5320164551353682,188
58358080,ar1,zero_shot,CAMELS-BR,-0.0843090476619488,-0.06772742292237943,0.6373129385717285,0.3023745385015938,40.66636047251492,,0.32243801207285305,2.2044692989970693,3.767548742642192,1.6563034797490017,0.36000907356129597,187
58359000,ar1,zero_shot,CAMELS-BR,0.5162533886318544,0.4786825591391016,1.4068842230077452,0.7168904112199448,-0.8268677376088857,0.003460078923797449,0.5443183712405734,5.299122115790036,9.49927832899179,0.499001996007984,0.21702415280806642,184
58380001,ar1,zero_shot,CAMELS-BR,0.7983654977410406,0.7797596896549622,54.074126284924944,23.45183133303725,-2.0610484440772545,-0.0002771301980781923,0.8042988742223304,203.89080176776466,207.39825850007514,0.4123615408037462,0.3263880537545,175
58385000,ar1,zero_shot,CAMELS-BR,0.8451039216305477,0.8535525111469051,57.975862849446955,31.16174822157394,-1.4628122323698804,-0.000971033870536403,0.8767801757045016,168.43446597606842,224.30352813478194,0.2617415876289828,0.257646523035405,165
58400000,ar1,zero_shot,CAMELS-BR,0.09653774301344131,0.19270707654002917,2.110220392728725,1.225100167225871,13.130335908254837,-0.009770941705990658,0.4988835121482439,7.244450310600868,13.018093545295079,0.7012467221787735,0.2860068803561034,183
58405000,ar1,zero_shot,CAMELS-BR,0.026725042011357725,0.3869149607643966,9.20390922333735,3.899408392019291,5.665917733153906,-0.005715781695006059,0.796617181755511,36.94550365200817,61.70900414947303,0.5794721899771651,0.38520566226076036,188
58409000,ar1,zero_shot,CAMELS-BR,0.354274937822985,0.3410268966680249,8.816376019400426,4.823243985847669,-5.359328793213991,-0.013208754432081447,0.4639996782625766,31.796674192740035,51.79844945220294,0.5541325157225111,0.25625835581935347,71
58420000,ar1,zero_shot,CAMELS-BR,0.41947650825327554,0.5059836821394139,9.841974462041742,4.915136369765005,-6.071551707085702,-0.007165153691904505,0.6499040715805611,36.15428618208632,62.011997894076146,0.5661401254618204,0.3800714966251275,188
58425000,ar1,zero_shot,CAMELS-BR,0.5136806683945934,0.7259131823785866,7.568049681932366,3.717012686971698,1.029843761146794,-0.005157604468349581,0.8561504589347585,29.58588601376166,35.173191405726755,0.3877063796427198,0.2733525843857047,166
58427000,ar1,zero_shot,CAMELS-BR,0.7535393334478012,0.7599256416162152,7.487000703057779,3.4829962496822438,-0.2696123851875187,-0.0014159103829043795,0.7968528820876484,28.098835096575552,49.49592026596707,0.33872134329451403,0.2762545617474575,188
58429000,ar1,zero_shot,CAMELS-BR,0.5621385181064895,0.6011890080353886,7.93563737671714,3.5973274359858,-8.934977642843041,-0.003398373392569636,0.6772525289914574,29.542127381793392,43.641881809076665,0.5538611602831929,0.36352485889724023,153
58430000,ar1,zero_shot,CAMELS-BR,0.5534303305338072,0.5988330734541767,11.942385425377566,5.847295793294738,-7.6059895034535465,-0.005593914936304246,0.6837518154478287,42.85703588059674,71.07364335653519,0.5054490051724458,0.35585577307473604,153
58434000,ar1,zero_shot,CAMELS-BR,0.5316609755286885,0.5314027816322338,1.5496328396638108,0.7609673053941844,-1.0946539353612899,-0.006705373850510857,0.6091677142641636,5.773909570194906,10.066265824608847,0.5497433325246964,0.341382352774243,188
58435000,ar1,zero_shot,CAMELS-BR,0.5954574547918838,0.6878176336119726,1.6343925401678532,0.9695837697745255,8.654444051095643,-0.007438772151768826,0.7791175810211463,5.828469827377711,8.53243683950241,0.5036799452287222,0.3530756414415103,164
58440000,ar1,zero_shot,CAMELS-BR,-0.8694583196035823,0.26479299411197965,28.004576960374155,10.138952869583582,12.77888795386531,-0.005952053051848723,0.5685238058744029,43.166263495070936,65.11913556116014,0.4118960148577163,0.3351539927084035,136
58442000,ar1,zero_shot,CAMELS-BR,0.5153733626917629,0.7226066872259401,23.13827105339807,11.136262899135922,-1.6860642277628812,-0.00670609100444145,0.904240609776757,86.10350358355768,114.00836220760601,0.4513765030197872,0.35734055024228933,164
58470000,ar1,zero_shot,CAMELS-BR,0.6978835559842049,0.775290662563934,2.53270397706846,0.8094507297625245,0.012477610339693279,-0.0013354602456479014,0.8414663304616001,9.141406994039109,19.22666515447926,0.19321364286491324,0.17346098792566975,188
58480000,ar1,zero_shot,CAMELS-BR,0.7182251853956363,0.6759178013547165,11.809053093415088,4.3139172330122815,0.1585615620874031,0.0013020859541534608,0.6953588423082393,46.96841342331133,79.1970637688539,0.4759135809549859,0.3357325906003705,188
58480500,ar1,zero_shot,CAMELS-BR,0.6053702477038077,0.6195958545190281,7.645842469915668,3.535060409373718,-3.339960444346757,3.0154320405189478e-05,0.6852233598243234,27.56324978916573,39.9682331096224,0.3461206494725404,0.2271599768205259,162
58491000,ar1,zero_shot,CAMELS-BR,0.5388924500255278,0.7361717329408557,6.720370853089535,3.2895032948369036,7.9038422012091685,-0.0017870114911951642,0.8879088052057756,20.024747154325645,29.446350188509932,0.34021519613676166,0.3065163170417316,188
58500000,ar1,zero_shot,CAMELS-BR,0.23471503368924862,0.45380576473134826,4.695107377169888,1.9431826571066686,1.3265108534666663,-0.009268523428498564,0.7140913580789348,18.655063925947,28.18686887218314,0.8065053148276857,0.43866646209351284,188
58512000,ar1,zero_shot,CAMELS-BR,0.8416934446657742,0.9150049410298868,9.517994962089205,4.179587808598441,1.2553855205678364,-0.001485237624017614,0.9568119613721424,35.836917035644866,16.620993899961537,0.2807376564266832,0.2694311482545982,188
58512030,ar1,zero_shot,CAMELS-BR,0.6856631497272329,0.6708034768407654,4.546279433599912,1.813999146297219,-3.2423145068269124,-0.002327087148587169,0.7128902800705167,17.033487601895448,30.4312860007433,0.3947352088199781,0.3227603646577462,144
58512040,ar1,zero_shot,CAMELS-BR,0.3432262581042175,0.6532808048925658,9.447522648111212,3.3634579843221974,7.792396320231694,-0.0012640723638480695,0.7130913424862244,38.274979000366095,36.347919803109555,0.3545204380940508,0.3300859475259094,188
58512080,ar1,zero_shot,CAMELS-BR,0.8191978898475366,0.9080022182189544,8.333108904970283,4.240958588287341,1.0164993292646147,-0.0003714842908463141,0.9808171740115205,26.237249405933753,20.117445749881956,0.43277148529175685,0.36820365456282,187
58516000,ar1,zero_shot,CAMELS-BR,0.8852462887729695,0.8762857756306748,10.469877097139227,6.037954763926131,3.7462576822282982,-0.00284645426834757,0.88385310313683,25.981353945867973,31.42461642108052,0.28233692660320897,0.3107936716346622,184
58516500,ar1,zero_shot,CAMELS-BR,0.8602244864759119,0.9283648986411892,11.678904820050455,6.130828736143359,0.4820635810813208,-0.0014999654056321605,0.9759167292033847,38.9720102321382,47.76954263802376,0.320299824033631,0.3441364275736265,166
58517000,ar1,zero_shot,CAMELS-BR,0.6541480902983131,0.7788260572458232,7.046653520534329,3.757180147539178,0.6604161058409533,-0.0027738771025990986,0.8826479831878125,24.527572235950437,32.12605276672866,0.37927975789166907,0.36745189094212416,153
58519000,ar1,zero_shot,CAMELS-BR,0.790648356987001,0.8031540718643175,21.9258067928527,8.733982792298466,1.8077552596753876,0.0019208921100130495,0.8124619764348942,84.63666993539773,166.23890048531882,0.27760615917568515,0.2699348400906064,188
58519030,ar1,zero_shot,CAMELS-BR,0.8592673087808391,0.8688807388360918,13.088492243614942,6.440993310985278,2.787226356525611,-0.0013430080652497272,0.8872514522642754,47.432847588631525,80.54777029652392,0.3348852709620401,0.32811273640456884,176
58520000,ar1,zero_shot,CAMELS-BR,0.8426001658325435,0.8454571608679169,19.52987193843619,9.359869999180422,-4.707504679175436,-0.0035914132776305036,0.8665834388708702,55.7290788445743,53.52905502911538,0.3240556471113703,0.25788988308018923,175
58525000,ar1,zero_shot,CAMELS-BR,0.45061977306229883,0.691266480629878,2.6335025804710908,1.0389034048932295,1.9332920896978323,-0.008596279415757902,0.9122633774707261,8.386948014476673,17.907475238904517,0.3734589227774677,0.32796476554681697,188
58530000,ar1,zero_shot,CAMELS-BR,0.6272342603006706,0.6233595962215697,5.467311717255757,2.544271083786374,-4.380971749437658,-0.00572216850677662,0.6789478814922495,18.608006431241265,37.60944128999795,0.32793148814016554,0.23033857109680295,188
58535000,ar1,zero_shot,CAMELS-BR,0.6948396854961313,0.7576519001739362,9.619531811776925,4.126573283235795,-2.857697328566344,-0.005356391721329241,0.8230051531150493,35.16198881846996,48.792965267000085,0.4409511885822868,0.3585601110603007,188
58542000,ar1,zero_shot,CAMELS-BR,0.331023615252102,0.6449670667769609,4.3935629924202555,2.180816576223108,1.9782512875272127,-0.003857274404521608,0.933584452983893,15.529221020713305,24.090674979604973,0.36987009525894254,0.28424258498443317,182
58544000,ar1,zero_shot,CAMELS-BR,0.7930461421528425,0.8617476480417782,3.085337979164683,1.5993206645677274,-0.316005443311318,-0.0013078921930023482,0.9149849809236461,8.503291224650908,3.4827822688140118,0.3109188382182323,0.29520879147222395,188
58550000,ar1,zero_shot,CAMELS-BR,0.7897567721394932,0.802003999602214,13.08050280688477,6.872074925440927,1.3502118895158026,-0.002440552218748988,0.8344723608874538,47.680476048902946,91.43083296646493,0.3130830240008325,0.2415872406010303,184
58550001,ar1,zero_shot,CAMELS-BR,0.6793694539101667,0.6461270295386052,26.003470150272385,10.481479723201472,-6.109107158207149,-0.0018163306469384539,0.6834416537584795,102.89585721099125,162.6314501086886,0.3913193678806702,0.26689165338002974,175
58560000,ar1,zero_shot,CAMELS-BR,0.604580388141321,0.6859241728724519,1.303256301979815,0.6485772426671175,3.809602161591088,-0.006148639704637941,0.7774965412938908,4.952914749214222,6.153345110821685,0.7934288225651365,0.5548616877888802,188
58573000,ar1,zero_shot,CAMELS-BR,0.759961943615771,0.8626440303351076,1.077779395906388,0.6234325769814116,4.329520446481392,-0.006821195136110354,0.9253928212431954,3.763269005099274,2.1760597554713152,0.5199472784425709,0.39809780118115373,188
58578000,ar1,zero_shot,CAMELS-BR,0.8365412093348482,0.8837392416057384,2.1333353449178194,1.049285088228119,6.451832113616352,-0.001054594366630671,0.9070147940238653,6.697746716452317,8.438622189520482,0.38553787783120663,0.38604793126205467,184
58585000,ar1,zero_shot,CAMELS-BR,0.7676599130855437,0.7474154735536858,34.02542890269272,14.850783449414813,-3.3744625303703595,-0.0022497195904785036,0.7755735597842669,130.15540653906908,247.5108003255065,0.3825700704693657,0.29783630677438727,175
58590000,ar1,zero_shot,CAMELS-BR,0.8186796058408523,0.8041705786123644,22.88426528992922,11.28971188254512,-0.07209989984049905,-0.00255806361348857,0.8264993831852265,80.19642852722204,148.0248815718677,0.3336042017639481,0.2787805108602738,188
58610000,ar1,zero_shot,CAMELS-BR,0.793645114591696,0.8078653864199811,5.018052425294779,2.132616312825593,-0.3404616535396531,-0.003956378974428305,0.8381667831793259,17.84307891624116,30.82813928227563,0.35737523035251456,0.33346992359708405,129
58620000,ar1,zero_shot,CAMELS-BR,0.9286874835575806,0.926264956369741,32.137657519001515,20.642199243628077,4.63945210497848,-4.602103980188427e-06,0.9325831928825802,70.91393895290075,14.986031634450825,0.29339482917671295,0.29351174853894085,165
58630001,ar1,zero_shot,CAMELS-BR,0.7273578053440513,0.7312488342866487,73.76188535833693,26.692569478153512,1.2499178159963835,-0.00034929934324502004,0.7714551891634207,294.24063573457255,534.9854422785204,0.4057637345188949,0.29874420169803745,188
58630002,ar1,zero_shot,CAMELS-BR,0.748557619840059,0.7206558837873407,99.3131131619095,39.55979012990624,-2.984963201423599,-0.0006946061429917512,0.7505251309425464,336.43701743223056,531.9036417893846,0.5112688407890033,0.340582559528131,188
58636000,ar1,zero_shot,CAMELS-BR,0.8135012005699991,0.8617084012937998,123.64896839065237,65.03522830709858,5.081058655487571,-0.004479499589088436,0.8852808594359506,223.5162199331852,228.82508855366706,0.29079364292392845,0.2937896158506801,144
58645000,ar1,zero_shot,CAMELS-BR,0.2513120599907215,0.534141481379965,5.385755145770584,1.8949714930911477,2.9812500373846684,-0.0033045675768003328,0.8276612099444796,21.889545860608113,37.78779117014722,0.5897213200028112,0.44456208298188393,131
58648001,ar1,zero_shot,CAMELS-BR,0.7390457995511113,0.5548345828411396,9.61652214539508,2.445688763718896,5.85443137955907,-0.0023546032179475197,0.5551066307367459,41.1463178131726,85.58701682701205,0.3617195444049305,0.45299034036871805,173
58651980,ar1,zero_shot,CAMELS-BR,0.8850139600372171,0.9314556424659599,81.21391945854607,54.96302270231616,3.9607852657412677,-0.0023723088030387033,0.9595445998884125,214.6007660896469,260.4672034514845,0.2912127729464278,0.28352990769951597,188
58658000,ar1,zero_shot,CAMELS-BR,0.47819307332775707,0.5994761847342926,3.0256509206790883,1.2212024948340643,-0.8464303769955511,-0.005275949367958147,0.7232203015558545,12.237262353019089,19.483114921685935,0.7501492310963968,0.4063590329994427,188
58670002,ar1,zero_shot,CAMELS-BR,-3.0065946333606366,-0.46064232683941797,15.07318562205805,3.008379971980032,39.708759446579556,-0.005709034534935351,-0.38430920329872653,64.38647403644703,21.399436980124097,0.5854779730735289,0.7332967639367429,185
58710000,ar1,zero_shot,CAMELS-BR,0.4181725465017795,0.47970810905503924,8.031867227577283,2.7918629755866395,-2.256757423086281,-0.0025035353357421436,0.6158044267447851,33.04308256801517,62.87386087707516,0.4441701131839587,0.2734655415600099,188
58720000,ar1,zero_shot,CAMELS-BR,0.6820155505792919,0.6631719439482386,4.428841781038963,1.3782889855575287,-1.7231875016306364,-0.005300702490027693,0.7050367285851045,18.371143001235737,36.20739451344381,0.38729019007792637,0.30099759959205724,163
58725000,ar1,zero_shot,CAMELS-BR,0.850279352432991,0.884659520268874,1.8401790907926496,0.8698768799250731,1.0824844823911497,-0.00027570254406533885,0.914148425582649,5.364836215836394,4.6185683137610365,0.250922764943114,0.24984674211322158,168
58730000,ar1,zero_shot,CAMELS-BR,0.7354481361668753,0.8038621752497476,17.301127885230784,8.4243106306995,-1.5803481688248928,-0.00290842158977591,0.8626163620261154,60.97758756437135,74.08082506401519,0.34215005129161613,0.27502937251207327,188
58730001,ar1,zero_shot,CAMELS-BR,0.5843770204343658,0.7393580799456927,20.178676074458902,7.651169755339862,-0.8234329718720385,-0.0036560295440302686,0.8741560288992143,83.77813883970383,138.24380519645752,0.37076811433322243,0.3272962910206868,179
58731000,ar1,zero_shot,CAMELS-BR,0.6944537378279088,0.8260373129008489,12.972165016054497,6.304321365096679,3.049223332307126,-0.001682832773125309,0.8527895126242466,50.85631018998028,85.53654723018991,0.26633776733515874,0.2653086484283747,139
58731300,ar1,zero_shot,CAMELS-BR,0.6807129449639346,0.7179289697366062,9.264548389347771,4.382755320761783,-0.1951999628535499,-0.0012831786644442126,0.7756032723066529,34.552512939678905,56.9536512904193,0.37493562473150344,0.3066411847412294,188
58735000,ar1,zero_shot,CAMELS-BR,0.8036277919135509,0.704855857967124,19.05121008783818,8.476228683736878,-3.2637269676863836,-0.002567230042443195,0.7158933258256384,76.15279629151404,114.10443722641753,0.3915537640428025,0.29420386272436516,188
58736000,ar1,zero_shot,CAMELS-BR,0.42574012899233094,0.5874506709080545,18.807092770181267,7.227051928925006,-2.9269107626484523,-0.005502399845557121,0.7638224050122264,74.17069999205177,119.2181499413209,0.7064141406872079,0.5067568096172026,188
58737080,ar1,zero_shot,CAMELS-BR,0.8198447102092249,0.8803652193439957,0.31486137241838635,0.19776597614624275,6.771313885624029,-0.000434181792399433,0.9191634043870287,0.32608395361140735,0.5433095863224762,0.27183359117091344,0.273037453714214,77
58737180,ar1,zero_shot,CAMELS-BR,0.18911379773808223,0.37272526605328615,0.38785597044687015,0.26268280345715017,4.067613801848998,-0.0012320241543384558,0.6346017012928639,1.0518003391927,1.4867042446948817,0.14408921036769143,0.12425397589305853,23
58745080,ar1,zero_shot,CAMELS-BR,0.6080034815586589,0.6813101508897009,2.366983927901969,1.1419950978539666,1.5146125681398683,-0.003854067004035972,0.7686392770099694,8.765501666237443,15.804032299932878,0.2840857397601761,0.2626783442396205,188
58750000,ar1,zero_shot,CAMELS-BR,0.40927769766636524,0.46303843713878934,7.006850363095769,1.5952954557780328,-2.306914937112333,-0.0034116857069343438,0.5945584287874157,30.852105134520738,64.39468240117185,0.3408022864581373,0.2404581448708069,180
58753080,ar1,zero_shot,CAMELS-BR,0.6320373156106324,0.6607438843103937,4.686949252537639,2.261551750702879,-12.756119769451523,-0.010242740852266969,0.7202244123734329,5.00352411169179,1.88212383348624,0.43174068427351253,0.4273252500552779,64
58755000,ar1,zero_shot,CAMELS-BR,0.6235243751362578,0.7202374178200287,10.37667402040466,3.8441804724684956,-1.898148781881985,-0.0005035552726270643,0.8138658564951935,38.90013720021187,70.23831029023694,0.3645729844788891,0.32567976527047365,163
58765000,ar1,zero_shot,CAMELS-BR,0.800675712933416,0.7130835301394204,25.109031036899392,11.061412422953167,-5.54462084669813,-0.003621868379730704,0.7247492671712339,95.93845191278422,149.9673407073592,0.35811559262396553,0.27748332965322203,74
58765001,ar1,zero_shot,CAMELS-BR,0.7639611341947956,0.8496363929858343,21.383255755406992,8.083213165992237,2.5568451630967672,-0.0049849372279439,0.8728277114311829,85.91075102812081,163.1104371188162,0.4786271830149584,0.4972458258020688,188
58765010,ar1,zero_shot,CAMELS-BR,0.7386420341300695,0.7726692065670473,10.547143555404865,6.7267950747886855,1.3518886738073816,-0.006407224905932657,0.8174530830362068,26.843957625567548,6.940852079386929,0.3570690717758247,0.3322519086587283,32
58770000,ar1,zero_shot,CAMELS-BR,0.82728825405985,0.8401069464188338,42.00839285415796,19.752046819159663,-2.4576899932051957,-0.00446645436658244,0.8643531967395287,153.36104854514258,211.8594671544238,0.4432022458006022,0.3265817518297769,175
58788050,ar1,zero_shot,CAMELS-BR,0.7104262532288439,0.832665406091562,40.740864772529555,14.055410179372712,3.9929195159780946,-0.002617690177405183,0.8877677696251172,155.07645845176856,98.9520409674583,0.488174846297212,0.48415609508006346,188
58790000,ar1,zero_shot,CAMELS-BR,0.6736606943567276,0.6550888784873384,46.52018194941816,17.21480598483186,-0.2765566094463916,-0.0033237540555003074,0.6862376622446533,185.91536837104258,383.34509794484006,0.4586049656516396,0.34375153700842154,188
58790002,ar1,zero_shot,CAMELS-BR,0.9234732776987676,0.9374339376300038,35.9904662282799,18.601334848856766,3.5201128873454435,0.0016955257581090996,0.950411579429871,122.98953892325828,162.03726946170062,0.4240095149104821,0.3816549129414919,175
58792100,ar1,zero_shot,CAMELS-BR,0.9103200471454175,0.9103034437798445,45.33208860213674,18.9609347584909,1.4380180186233726,-0.0009347807868856934,0.921633983139082,181.34399226051613,259.2978473003684,0.45722415821382567,0.4232203914013403,175
58795000,ar1,zero_shot,CAMELS-BR,0.9340613598596444,0.9416121125014767,118.2207066504502,68.97796789949639,1.48418798774799,-0.0036300471804202976,0.9515996133144535,283.74552172472767,425.64692181811,0.3904923827298225,0.35282765328260685,175
58805000,ar1,zero_shot,CAMELS-BR,-0.21771053022128117,0.20681583958948335,0.2220810484642104,0.16269293344312832,26.572851515524942,-0.013252672280517188,0.6216804594647128,0.6782473755009131,0.9633525458896625,0.4428443049297642,0.12947377544917654,188
58820000,ar1,zero_shot,CAMELS-BR,0.68565744565586,0.7776450072484474,1.4210537080948005,0.8183004381443678,5.28848170195054,-0.0048679343362664496,0.8548722454647493,4.18332139390599,6.1162617372065915,0.4424757857280797,0.3988113885479689,188
58825000,ar1,zero_shot,CAMELS-BR,0.7891366488001602,0.8844245647872033,2.746077922216462,1.376557273039688,5.214055486115082,-0.006410882923140739,0.9341766100524398,10.351107528520968,4.9406377743296135,0.3587785910313689,0.3410316915055784,188
58826000,ar1,zero_shot,CAMELS-BR,0.7638615862344547,0.8778096847218315,1.6956497265348134,0.7334299890057704,3.212441325340204,-0.0018875065655007475,0.9630195886433393,4.61992883544716,5.737850792443646,0.4553658515055054,0.4546529480459934,188
58827000,ar1,zero_shot,CAMELS-BR,0.6637741694027712,0.7073445872705048,5.665239698095279,3.211141074999449,-0.1774272830467456,-0.008299713994163122,0.7723627540418387,19.591962918111,22.21150557583412,0.35941706066895396,0.25969407059986316,188
58829000,ar1,zero_shot,CAMELS-BR,0.7777665723559715,0.8762808696900747,5.3376495349361734,3.2471437025680294,5.9542431750420155,-0.0010178772438714755,0.9385499583719358,15.79910096745153,20.230654919233757,0.2984617347921491,0.2852352871816664,177
58829400,ar1,zero_shot,CAMELS-BR,0.5147670106426504,0.7539137811436334,13.381608259220231,6.222903605299939,7.737372162727066,-0.005969932511065765,0.9031294993771528,53.48221166609466,58.25437084566224,0.46640540622335647,0.45408939524990494,179
58830000,ar1,zero_shot,CAMELS-BR,0.6554038662092008,0.7558173852531581,1.2102759004645622,0.5908930019520142,3.713559492995134,-0.0019021933799193607,0.8413963715408767,3.8472076394122072,6.94935445507864,0.1423465451564685,0.11136689681943417,185
58846000,ar1,zero_shot,CAMELS-BR,0.7601793257991178,0.6486680990642383,10.443841394524512,4.762037699628844,-5.775906705006142,-0.0035152471226440815,0.6601391719565485,40.114948090153604,71.67821224632543,0.4158652756986862,0.2500536953040798,175
58850000,ar1,zero_shot,CAMELS-BR,0.7074610396878567,0.8055250496092818,11.40966781255266,4.229659543486592,1.85470280186079,-0.0026234511323605797,0.8240446136957978,45.81940830293088,84.08421133135657,0.3351839181730174,0.3292162350272566,184
58856000,ar1,zero_shot,CAMELS-BR,-0.5118747755509796,0.27333914977755847,0.2342962021427922,0.07666357297367506,3.3731180966467957,-0.015044081307472583,0.8553217003132507,0.9674988985064346,1.1842488764331074,0.32852067920346784,0.1952166781775428,106
58856500,ar1,zero_shot,CAMELS-BR,-0.5944775114009102,0.06905553990440083,0.13436604205417754,0.041760244200715106,23.43761394779942,0.002125156792783766,0.7301515885747915,0.5659060611001666,0.7443581505482936,0.38322608865815616,0.19594978113429362,110
58856900,ar1,zero_shot,CAMELS-BR,0.8630919195828963,0.9024001376224244,0.7745285785095356,0.5246467449981579,7.620838673180584,0.000672979536883252,0.9229418824715689,2.085409578616824,3.0068590978308767,0.3251296766361329,0.2675382064764471,188
58857000,ar1,zero_shot,CAMELS-BR,0.8794536905075737,0.843794983761304,0.6370507472281455,0.3835413030370625,4.570813991067399,0.00042013714364845696,0.8520057381075923,2.1874102926524546,3.8684383048005553,0.16629233189865902,0.13111829495200875,188
58858500,ar1,zero_shot,CAMELS-BR,0.2663083203115969,0.6323889883135397,3.445740866258961,1.013838834241315,7.506061769882313,-0.0001644638453086704,0.9161220272457691,14.571502872379138,25.03438293806213,0.6202866782872384,0.568786886523985,149
58860000,ar1,zero_shot,CAMELS-BR,0.5993917716856416,0.543766536302732,2.738632940260312,0.6126027205908685,4.292458879762015,-0.003199840861710603,0.5447017517313507,11.595402356212439,24.1162215307903,0.44875547468573584,0.4667508150749825,167
58861000,ar1,zero_shot,CAMELS-BR,0.6692515605476321,0.6990222586671389,1.2205846724631277,0.6751400911167552,4.886739447391143,-0.0032356315256020923,0.7564467639025143,4.620022746640343,7.56505480837369,0.37445639734493014,0.3034028577655736,175
58862000,ar1,zero_shot,CAMELS-BR,0.10624981771205877,-0.01832077695734169,3.194311566451268,0.46611432640495937,-20.22399242274539,-0.0006445616424617783,0.00864437408548524,13.829420388399937,30.755558313129473,0.6408054436416549,0.16659507816303423,188
58863500,ar1,zero_shot,CAMELS-BR,0.4115614466195645,0.6093555668633082,2.4184881913249,0.992202332776441,-3.4101260592323968,-0.005668064687816339,0.7996131760603293,9.606939119747556,15.792096400453808,0.5405089946798971,0.3876358360283043,149
58868000,ar1,zero_shot,CAMELS-BR,0.8353848952271772,0.8017931315514398,2.8167696272333664,1.5946220846200534,-2.7768685886059625,-0.001134923393272447,0.8182331195337773,8.541286099127985,3.9216069015689143,0.4429540204188092,0.3175851146546263,84
58870000,ar1,zero_shot,CAMELS-BR,0.7360424750083824,0.673845499214129,6.42249201988493,1.819872911280084,-7.1718904381681785,-0.0016956275602504345,0.6955106998208437,26.993510494098196,54.85665692024542,0.5459709288520112,0.40478222909005385,188
58874000,ar1,zero_shot,CAMELS-BR,0.7665504756426501,0.5643319511505743,25.975908479547794,7.025698529042934,-4.131488817685211,-0.001495669188301598,0.5653818780961726,111.55102554888192,231.365432736399,0.47543020659671725,0.318231685520165,175
58880001,ar1,zero_shot,CAMELS-BR,0.9234273343167346,0.9176874806553142,137.08296522305076,72.64918985432507,2.590627757038069,0.00017979232425782872,0.9251859315679709,464.55963313441555,782.0538364507125,0.37079258217436034,0.34180955875611896,175
58905080,ar1,zero_shot,CAMELS-BR,0.7577318159316324,0.7038775702513203,2.724289921398087,1.5723480702473969,-4.227145264928203,-0.007727375680623559,0.7270629205559468,8.583015841100341,5.950072275585701,0.5048638020691416,0.3571451835156494,158
58910000,ar1,zero_shot,CAMELS-BR,0.6637292425217458,0.6867360325262184,2.3486838721829177,0.87678986271583,-2.817254649901332,-0.004432900210076831,0.7445560710750319,8.657990231774793,17.74754816145329,0.5516849131112023,0.44306940021727265,188
58912080,ar1,zero_shot,CAMELS-BR,0.5195622835992613,0.5391846537991589,6.49615291000641,1.5826223199682354,-3.1097879302940488,-0.0010080505621164974,0.6260746359746917,26.326949507451218,58.4708117379798,0.5532409626181022,0.4475026282496407,85
58915000,ar1,zero_shot,CAMELS-BR,0.8468474304188608,0.9184092290656556,4.5479735136216055,1.9299562900214464,2.7701907359646545,0.0017144791702780552,0.9582128859839996,17.673751316410364,11.285886174906453,0.4332172139171271,0.4352224038633468,107
58916000,ar1,zero_shot,CAMELS-BR,0.8499304681453503,0.8880547807344652,2.8973376586967974,1.4306440429620386,0.5851431250584517,-0.0030279735919580344,0.9197066278965071,10.325536361278875,11.504897510402055,0.5055250776966584,0.5129320073304325,188
58917000,ar1,zero_shot,CAMELS-BR,0.7799008837635387,0.8672190182266934,6.35353780554967,3.562849316325135,5.692127541565435,-0.002830903863742594,0.90536295746607,13.492290952902927,13.794966425554952,0.40429902988741084,0.4083495618122594,165
58920000,ar1,zero_shot,CAMELS-BR,0.8600906304227436,0.9283731017685349,22.40956800192013,11.330276101132398,1.0653604351188066,-0.005316157698344703,0.973378669886768,72.38947761523586,92.3010549706996,0.5181067310147953,0.4262860052178248,175
58930000,ar1,zero_shot,CAMELS-BR,0.6667154510437661,0.7923946137222451,6.4494606914605015,2.6152702164468007,0.11539090095520459,-0.0034309098027009294,0.8932290344998399,25.58898025529582,41.475442829243946,0.36907746152377996,0.24671779805603072,175
58934000,ar1,zero_shot,CAMELS-BR,0.556436483761938,0.7486824207974013,14.3880148501778,5.939634489196999,6.952560370159899,-0.005247866823584097,0.7905793843691942,55.70849675858169,104.82408829181365,0.36215289632320397,0.347543229787251,175
58940000,ar1,zero_shot,CAMELS-BR,0.9119626547650351,0.9106449773726357,32.409739572658964,18.567934649060263,0.4592064510595364,-0.003671545242257955,0.9224716719488861,82.37317618038301,59.418174933127155,0.43152099545548256,0.39229550554444576,175
58960000,ar1,zero_shot,CAMELS-BR,0.90590543020706,0.9256479096732517,35.42312439765432,18.80938569534572,3.9339502843939504,-0.0012173857146334684,0.9412282781406293,93.62314309448195,127.33340176844118,0.4387120055138998,0.390689901635906,175
58972000,ar1,zero_shot,CAMELS-BR,0.812111358965809,0.9040002067272791,166.6495360422606,70.3941438336932,0.30737285367432676,-0.001942865799019618,0.9773504291424876,637.0342133805017,29.53346764864765,0.33846272662328886,0.31717404000324645,188
58974000,ar1,zero_shot,CAMELS-BR,0.9570200455494865,0.9575485625304432,110.4769312929265,64.79831505545592,3.5152401587304887,-0.00019340749548008712,0.9625351707677355,213.24074431044173,382.0460759728181,0.3131404037795133,0.2955523031498151,175
59100000,ar1,zero_shot,CAMELS-BR,0.8640493365359712,0.8780461404232796,4.40538691772336,2.2703919874719545,3.422133715269716,-0.0054621424077197205,0.8890903684645993,14.347040736237615,25.697908911145362,0.5071001864923192,0.4699527444545425,188
59120000,ar1,zero_shot,CAMELS-BR,0.8734474528683398,0.8912504230435281,0.7470467330504718,0.354367184801502,1.2940666474936615,-0.006727840040601139,0.9126690220254707,2.356910095829962,4.909021960067266,0.25830328941071373,0.25919006693480673,175
59125000,ar1,zero_shot,CAMELS-BR,0.23154968839516388,0.24853252731927555,3.296144258819413,1.1724416189897373,-0.39310301811057247,-0.009093209465305695,0.4404542270817232,13.164023714992094,27.133686382939057,0.37996345747795107,0.23153948593492768,162
59135000,ar1,zero_shot,CAMELS-BR,0.8719604766626392,0.9053318078793752,0.8174434122419268,0.5311111126577543,3.906493152028024,-0.005520416306839741,0.9280570219821864,2.54042109771024,4.013397297393132,0.3563950670463188,0.321604815903683,175
59180000,ar1,zero_shot,CAMELS-BR,0.7401025285782379,0.8421611498335935,4.1335279194722325,2.026704902777776,0.6964832462937205,-0.001148015000393278,0.9220450141654779,14.211254037576051,25.00798271790883,0.48710355800261984,0.4248372421921548,188
59181000,ar1,zero_shot,CAMELS-BR,0.7840125787968841,0.6734976597540487,10.238501652121402,4.808887561996907,-9.097401128160337,-0.003867877240743209,0.6845733223904639,38.82820005101745,60.5828103086394,0.6826249192919,0.5161360111260732,188
59235000,ar1,zero_shot,CAMELS-BR,0.31228064890730256,0.3100745119064082,3.4898223184886534,1.5998667022058628,-2.0819459384416996,-0.006018539837377371,0.45857556415451173,13.204586632633818,28.140921137768242,0.36997140901220155,0.1649564571905679,188
59240000,ar1,zero_shot,CAMELS-BR,0.24571995700035165,0.28478896652649766,12.820742019007245,4.618029622345072,-14.772544002569402,-0.0071025439100921,0.47963992853853765,52.27120956940822,89.27297281624435,0.6463424633492132,0.4042820106074554,169
59245000,ar1,zero_shot,CAMELS-BR,0.4313329204929094,0.4174741922695452,7.6630675559723604,3.5473118345506207,-5.762937927958479,-0.005859319000972337,0.5131282849153744,28.6473070451199,52.94338993783505,0.4758712095466507,0.2281280175554162,188
59245100,ar1,zero_shot,CAMELS-BR,0.5252782811304659,0.5828374393329732,1.1807022049222664,0.6429247514926821,0.23236523334666828,-0.00329387620645874,0.685432945334685,4.222010878008763,6.4151711533458196,0.42297794039709835,0.2726036562844458,184
59251700,ar1,zero_shot,CAMELS-BR,0.4000257762638476,0.5920112432000743,1.4616953446959982,1.0276372113822057,10.582971652734974,-0.00845627987749459,0.7544660844273573,3.5933803057855145,1.1629472186362264,0.3760789491223359,0.26509743114722223,74
59316000,ar1,zero_shot,CAMELS-BR,-0.04804161702797116,0.25371994040831014,33.57109266140924,24.81799178876645,5.455945971993155,-0.005075915978993598,0.673327912123723,69.21910998538642,68.44336217036162,0.2492236783000996,0.09495851152643922,185
59355000,ar1,zero_shot,CAMELS-BR,0.43277248788033995,0.46065697813938655,0.3865603796000849,0.19961269271336077,-0.6747921543285934,-0.00634010642261236,0.5762452509206749,1.4535153276126658,2.368672902775772,0.3397466107635745,0.17338783955155662,188
59360000,ar1,zero_shot,CAMELS-BR,0.3836439816118684,0.5595057746603036,0.6087284475226333,0.2882750906575023,4.149205436849857,-0.004591267390752966,0.7520483214001675,1.8808269252402912,3.6645812771680832,0.23043925937514775,0.19582932122259417,188
59370000,ar1,zero_shot,CAMELS-BR,0.15577373800798655,0.0954054745284183,27.196726527433874,7.613278675226215,-3.4885893326753536,-0.008652058321884502,0.2986168946896296,115.04339226853291,249.57152244937328,0.5376638240607189,0.2362191988871764,188
59380000,ar1,zero_shot,CAMELS-BR,0.6220954867048616,0.6863077570681685,1.467654045762999,0.8595187330385962,5.048944106757892,-0.010240252024935764,0.7638610399558434,4.936179445387337,9.435561865033328,0.3064036802593042,0.1920323020757916,188
60005000,ar1,zero_shot,CAMELS-BR,0.717146296434245,0.6809036852748274,2.9737705851209086,1.0556292697932457,-10.088092816210233,-0.007944709473995726,0.7134204608158281,12.129576044889337,17.570499252232317,0.45636399570839686,0.23556825142821508,186
60010000,ar1,zero_shot,CAMELS-BR,0.9729189391829633,0.9259626743624416,10.048282572780755,4.134103694788919,5.203099171468287,0.0005357850630758262,0.9267159387661219,27.103493374595953,44.24208651571349,0.3435236900726247,0.38328994829741053,183
60011000,ar1,zero_shot,CAMELS-BR,0.6227145046561819,0.8104375558025754,11.246312214028107,2.8939542244354493,4.73267766633885,-0.002724109044681483,0.9446126040600832,11.527046030566455,14.955138799430806,0.25810211523974924,0.28141351413977644,104
60012000,ar1,zero_shot,CAMELS-BR,0.9465009078692538,0.9663668023894739,26.706237559220483,11.326649317872553,1.268092728557696,-0.0016394097054743817,0.9711548493704932,101.56742351029348,136.8232296619417,0.4234321193222313,0.4146566286914211,137
60012100,ar1,zero_shot,CAMELS-BR,0.9616492862172272,0.9752896024904667,20.99387160528917,9.33587453794155,1.4626292132701366,0.00396507690402351,0.9839219838196549,59.81781631859478,9.991838844647512,0.26555757944129726,0.2973427781954975,112
60015000,ar1,zero_shot,CAMELS-BR,0.9670941491320223,0.9667031198447438,42.265997004823674,17.64923265852888,-1.6215536142250708,-0.0011123424244703015,0.9699555119114023,138.98412131429612,189.64802023676728,0.349313554419449,0.36992894602395937,117
60018000,ar1,zero_shot,CAMELS-BR,0.9964728451019476,0.9923192260385738,0.31139519101170937,0.21842060582428258,0.551219664521014,-0.0003428011051336277,0.9924808399467178,0.4707053573261116,0.2281425625550888,0.15317239619016912,0.15691295754331444,84
60019000,ar1,zero_shot,CAMELS-BR,-0.04872462809077982,0.5208947194162332,0.3845265293292366,0.1458548425396065,17.45926041026326,-0.0030312845930689017,0.7512378987622385,0.25381672103568653,0.3321363983202422,0.3367332057773525,0.2951691584793562,138
60020000,ar1,zero_shot,CAMELS-BR,0.9816996641836482,0.9906034536494409,9.873517067692788,4.624289993138455,0.022198506123818663,-0.001720608619429187,0.9967933348245939,29.2554236840246,29.229536392393676,0.2718851546908926,0.2762983160962749,181
60030000,ar1,zero_shot,CAMELS-BR,0.9855436226786947,0.9848710230763599,18.07384026984622,7.886151406816906,0.48797248709562646,-0.0009900570056053937,0.9861924887589918,66.20845538897521,114.69000763482208,0.23336113187132515,0.22020705716866606,188
60038000,ar1,zero_shot,CAMELS-BR,0.8454237848750894,0.8864872785767527,33.83253586881369,21.227661150650974,-0.03352614241209092,-0.0023641096347935577,0.9196109019578234,17.89247428212582,8.99410132938701,0.15176097895110566,0.13591545212423536,188
60040000,ar1,zero_shot,CAMELS-BR,0.9791536663593846,0.9870251390715473,25.84987454106259,12.481116609830162,-0.1874819683329842,0.0011197464640767714,0.9918346702514655,75.04821931765264,81.97961267737745,0.2255371544705263,0.22536357802484147,188
60050000,ar1,zero_shot,CAMELS-BR,0.9036027701091185,0.9400228018009036,5.39063176422649,2.107004455814376,1.2203255779818516,-0.001811338985761031,0.9651528361228312,10.689452570133795,11.835830535350654,0.3491166720389882,0.3543445323946414,188
60100000,ar1,zero_shot,CAMELS-BR,0.5242139518107694,0.41220417654072716,1.0698837943449866,0.3752149433359392,1.4113542250832318,-0.009963349721668785,0.43848344639279124,3.9573462039250877,8.765187177494067,0.579321954851987,0.3058730392065121,188
60110000,ar1,zero_shot,CAMELS-BR,0.7054284249999744,0.8428703543209949,10.827444214094422,4.346660816102917,1.7531455741428996,-0.003908779252409813,0.9021675751184126,41.72914512576061,66.24993262973302,0.3774881209101493,0.4111845127823491,187
60125000,ar1,zero_shot,CAMELS-BR,0.9253791189070103,0.9219199039055348,142.03914356298958,57.01066308455808,0.8408716975012805,-0.002719297575777376,0.9307999739315895,527.602850596464,972.6472767353498,0.3280284498934111,0.2907375977299204,176
60130000,ar1,zero_shot,CAMELS-BR,0.9151115881792442,0.9227239460068386,0.3976872265187998,0.15894133679295525,1.4416240572222325,0.00026887812381900383,0.9357418880118581,0.9978079569139969,1.5735538943850675,0.2731233065477243,0.2936302122719518,188
60135000,ar1,zero_shot,CAMELS-BR,0.5735980241413754,0.5512464755210938,10.902542992865778,5.619990742831888,0.7579673220507778,-0.0055903149730810835,0.6110281044032744,41.54003402040573,59.7794898952102,0.47369051243718113,0.3043244316985152,188
60145000,ar1,zero_shot,CAMELS-BR,0.6932919470110158,0.7365341523625913,0.6595581388795345,0.34661996159094416,2.440882336724518,0.0027764730130648285,0.7864209844513135,2.3524778874058545,2.2699915110167317,0.6811170003710488,0.46374595957725023,133
60150000,ar1,zero_shot,CAMELS-BR,0.3516618315192369,0.5701713132856843,9.252699079778795,4.6363963877086425,22.321999415642516,-0.008624989068072068,0.742550262159045,35.095750465280396,37.99496013955599,0.5289694814094233,0.3331432140238134,166
60160080,ar1,zero_shot,CAMELS-BR,0.7344173796635931,0.7079848143764386,107.13304343821817,86.212420137715,-3.657966885163252,-0.004847356381810216,0.7385914267259164,131.81890830064083,215.7978384020094,0.20879408574669941,0.14894408328066283,188
60180000,ar1,zero_shot,CAMELS-BR,0.8407565773414437,0.8313654987130822,5.836207160968725,1.78197470961151,-4.297671040489414,0.00043266615349311574,0.8513726508902971,23.103463872182633,45.461458848674944,0.3598168350392408,0.298379874063119,156
60190000,ar1,zero_shot,CAMELS-BR,0.2057529839699388,0.38079055820413765,18.44212784318856,7.0294599887779565,-8.218764398527716,-0.00974362180571112,0.6275724591255389,79.02904591662589,122.70135825548158,0.49579313483495974,0.3084407281916389,178
60191000,ar1,zero_shot,CAMELS-BR,0.603367764797907,0.7184185824998461,3.9057697657041164,1.9091726142256806,4.540868234609875,-0.008784915551613929,0.824103420291803,14.680086873589598,19.451368510924155,0.47007514124728667,0.36632328556993743,187
60200000,ar1,zero_shot,CAMELS-BR,0.9185693618797209,0.8488006637528779,19.200069895741898,10.564246916687267,-1.5578506646702877,-0.00458577703018263,0.8526392118919166,65.86306284466723,57.07572785048442,0.2988292564389489,0.23971475048058266,101
60200600,ar1,zero_shot,CAMELS-BR,0.7054584091707502,0.7470648807657156,10.511711869724406,6.34480809273093,1.164849931757278,-0.0034239386818641446,0.8026014081430685,31.307017691348182,5.319413191547521,0.3444124392096952,0.26849778249395284,188
60203000,ar1,zero_shot,CAMELS-BR,0.7126438839712116,0.7951036116615218,14.820593988269781,9.64241350857608,0.026073060158332842,-0.010409682850687406,0.8665018996007554,35.73040591636234,41.72060714017915,0.5526631795399356,0.457314826439116,188
60210000,ar1,zero_shot,CAMELS-BR,0.9599890483249646,0.975066858927758,114.30447756372662,55.8079643759336,-0.5693826016574871,-0.00016044942129543951,0.9849125221357661,231.5720978589339,283.6305058851499,0.2964847666886854,0.29640461635488985,174
60220000,ar1,zero_shot,CAMELS-BR,0.783577506574917,0.8820377411537611,14.17274832595773,6.343805410150462,3.2094902010721285,-0.003197275915961117,0.9468315781984968,52.389923344061614,77.13437694461258,0.4504286441639871,0.397893633550221,187
60228000,ar1,zero_shot,CAMELS-BR,0.789439584226976,0.8357641619145979,16.09459864150711,7.6014599286100495,-0.4431411367256808,-0.0017945955719526029,0.8778717338325245,57.2589186630974,76.37912585812428,0.28137568831630766,0.24071906120524325,188
60229800,ar1,zero_shot,CAMELS-BR,0.9371050690692437,0.9571849464020014,14.399640267189435,8.134373199471279,2.0299398561591997,-0.001230773834884246,0.9704876302204704,33.22644391568012,24.294947533570184,0.3117192042544666,0.29938487193519847,126
60230000,ar1,zero_shot,CAMELS-BR,0.7441150519396085,0.7589399064967125,17.498205754747357,8.26920067237585,-3.1271907477956087,-0.002019770981964989,0.7986107894241133,57.17837827547451,75.6738147877025,0.33000046076579276,0.23794372972904765,188
60235005,ar1,zero_shot,CAMELS-BR,0.8997960211536666,0.8581632337226976,35.03628679208682,16.834359077823045,-2.364832188338098,-0.0025385393797220535,0.8661404599541833,117.41773728019044,129.29948262174727,0.39070351211306403,0.29327007554056606,186
60250000,ar1,zero_shot,CAMELS-BR,0.9107936478074797,0.9421921228512555,3.8287127634274447,2.0879911622155225,3.4827891242662616,0.000977654760421328,0.9616519049222061,13.419019758876582,8.976472252615396,0.18704244048366384,0.17263785378365476,160
60265000,ar1,zero_shot,CAMELS-BR,0.8696850378338002,0.9137402858558988,9.518414472911044,4.174918147826096,1.7583536629445864,-0.0021939680608875894,0.9360963557737162,36.75967516748904,57.69788323569471,0.36863968122949436,0.3882682267379381,178
60272000,ar1,zero_shot,CAMELS-BR,0.8532882887914053,0.9069799839854773,3.2794998543791265,1.537063810792941,1.2403736560574552,-0.0003839756473010478,0.9460030215934483,10.618039683166662,16.129458648713896,0.3383418498929848,0.33283846201320627,188
60285000,ar1,zero_shot,CAMELS-BR,0.8954239817365661,0.894069660560378,1.0083914149828581,0.350894557277344,0.13487479186464837,-0.0031266441837008857,0.9081149993362428,4.036061304497387,8.247845009779029,0.33025691909654364,0.280129858456396,187
60300000,ar1,zero_shot,CAMELS-BR,0.8600261226700325,0.8957488221649336,9.41134499515174,3.7891494278955102,1.113075384448327,-0.0007826964888538838,0.9240245242620254,33.23217705336032,62.20504379042717,0.42043197050073733,0.36493538216024346,188
60305000,ar1,zero_shot,CAMELS-BR,0.9375866675788042,0.9173789565805621,43.837414504171505,20.139691431374132,-2.1342664446361574,0.0015296946028287677,0.9227046126419353,155.8276388559474,207.85682349468462,0.3281618583421805,0.31707642058783786,188
60320000,ar1,zero_shot,CAMELS-BR,0.9326705237434201,0.9066890059246103,48.201598548097174,22.788989490723136,-2.1734664120402507,-0.000654746513311516,0.9114704480087682,172.91407210349115,223.23766425712236,0.2796718797074854,0.2805388018475727,188
60335080,ar1,zero_shot,CAMELS-BR,0.7251794134189241,0.7079333969955114,57.742065996506845,42.70301152356787,-2.474292210995088,-0.0020696299088053365,0.7429114856383736,88.79079548246804,103.79612812064565,0.21470973374072458,0.12556036898998837,188
60340000,ar1,zero_shot,CAMELS-BR,0.42962794891920086,0.5381216258584482,93.80479507844323,63.88342971555816,-2.520906018815121,-0.0009052479475778639,0.6872056655893283,147.37007771413678,202.85519381404163,0.2783713183171009,0.19326113002130316,85
60350000,ar1,zero_shot,CAMELS-BR,0.8978170766236377,0.948347306555862,74.80533844976677,38.310267879892905,0.8490740708876504,-0.0015417053718778384,0.9892661467768311,208.0863124578022,59.12969292703752,0.2638561869451543,0.2743702870576731,188
60351080,ar1,zero_shot,CAMELS-BR,0.7045320409894906,0.7549498974164659,62.030082918714605,46.66180926202776,-1.0106585094256184,-0.0005467328584037694,0.8142252843992165,74.57662052184456,107.63560328674906,0.19487877150151886,0.11645711908766608,188
60360000,ar1,zero_shot,CAMELS-BR,0.7691882761931036,0.7976618091955952,68.64341807370093,41.35366600064475,-3.095411597197464,0.003279546133627107,0.8356035135944231,146.30866280701858,313.42297480061114,0.21308261894308025,0.17645686990492154,188
60381000,ar1,zero_shot,CAMELS-BR,0.9601780454774194,0.9334338771228109,2.2467861631753228,1.4027998709581608,3.7367020124322394,-0.0035432807905608366,0.936186811050508,5.501617288363762,5.919127160764442,0.4884114704826934,0.455520264665392,183
60381005,ar1,zero_shot,CAMELS-BR,0.9675654378148417,0.9429766197536835,2.1314101502043505,1.2453875758624677,2.6763354034072155,-0.0016578589772165593,0.9444280729682983,5.557861613997904,8.589652034048237,0.3183147130690245,0.3522901131073146,166
60400000,ar1,zero_shot,CAMELS-BR,0.9191455340629537,0.9376439521033797,60.33648356057372,30.035230554726727,-0.5276352016954206,-0.0015699749204951888,0.9531493923347801,197.57319754401055,343.87329251514603,0.20837476344741315,0.1935883266128449,166
60430000,ar1,zero_shot,CAMELS-BR,0.6508567726864254,0.8251542408053814,15.570972419353616,6.466867539653416,0.6303551621658725,-0.0010298713796937746,0.9309953075354508,55.334258587795794,22.478017815986068,0.24541137754344586,0.25720266962188454,188
60432000,ar1,zero_shot,CAMELS-BR,0.8913223978754643,0.8830770196546565,1.2017058098845113,0.6781385799108823,2.0479418726007292,-0.005337757016062015,0.8958320876993008,4.275501683877285,3.784787731105898,0.44271034714815705,0.3880620003958111,103
60432500,ar1,zero_shot,CAMELS-BR,0.25553177526190707,0.29288265240062106,11.131296932147327,3.521869095509079,3.547391365085585,-0.008401992328079876,0.4546467893573827,46.138515648728635,92.62657256435327,0.5459724788331393,0.17586040660931168,166
60433000,ar1,zero_shot,CAMELS-BR,0.500260675934443,0.47082932591516136,8.820787880490297,3.833139733559083,-11.523752908250682,-0.008192021751929315,0.5357471959904715,34.33576726135789,60.590862503042125,0.39714523815582364,0.24929951721906543,186
60434000,ar1,zero_shot,CAMELS-BR,0.3051689518794424,0.6616780480876185,0.04765355200329656,0.028595029237005153,7.411415863976342,-0.006874977884859761,0.8769929160432165,0.1317347411526732,0.22413843708994702,0.09706299652463653,0.09098319684505085,121
60435000,ar1,zero_shot,CAMELS-BR,0.6490376937849138,0.7265222860803817,0.8747575811553355,0.42110786889337465,-1.7096503229254205,-0.007659300227123467,0.8073148304258849,3.1104822727545454,4.570390799310043,0.3818434519883587,0.3436851532541907,179
60435100,ar1,zero_shot,CAMELS-BR,0.4180822065733797,0.5817671435778377,0.3588527810764951,0.16477983046279876,-1.1820503155045314,-0.009435121226894348,0.7627546973961863,1.3100807755887396,2.256284489234698,0.6023363122861914,0.42802422742930085,176
60435150,ar1,zero_shot,CAMELS-BR,0.622097703744457,0.8077924039616537,0.11320493655710197,0.04205332222763152,5.828405944336625,-0.007542161600037728,0.9094740553205822,0.44712779154825033,0.8834193486043195,0.25889677280040385,0.28738174938405536,153
60435180,ar1,zero_shot,CAMELS-BR,0.6909911828476566,0.7799672698563404,0.3708910318524253,0.14137671290226098,1.1812152977394723,-0.005634618349075915,0.8571303070821022,1.3785044984092494,2.8005015705814027,0.3993641893994056,0.3439757825155223,176
60435200,ar1,zero_shot,CAMELS-BR,0.6801465997477668,0.7213986764443473,0.7426803872884579,0.30746745208089865,-1.7135732095414933,-0.004344543578848992,0.7817376147832249,2.905144712751105,5.2140227421248975,0.34403113251178613,0.3213077479609756,176
60435300,ar1,zero_shot,CAMELS-BR,0.5748214034033069,0.7858277649599497,0.08690063342626914,0.041143923610880595,6.508902114095381,-0.005165898421844924,0.8879174518120126,0.1714651492064778,0.15951685457285833,0.2849621089219916,0.27189116144481007,179
60435400,ar1,zero_shot,CAMELS-BR,0.8521651308947127,0.7515557365737242,0.32956855778678396,0.23362845527300333,3.503059430187074,-0.0046834401730049356,0.7582153585700356,0.8593933276735878,1.228055125210036,0.21598634255500856,0.1588031682932907,179
60436000,ar1,zero_shot,CAMELS-BR,0.9164831371631363,0.91401369324643,0.8523396630403322,0.3423856039102766,3.9999784226351425,-0.001721133635495406,0.9199546064258239,3.2558690129530166,4.917969724838513,0.3725857842548312,0.39498887504941926,148
60436145,ar1,zero_shot,CAMELS-BR,0.4752135108346983,0.5459779221249026,0.35406454273237603,0.25434640126814684,-23.138988599820124,-0.0059671361066941115,0.5585891362166344,0.5776259493298675,0.6820429296183761,0.3152254127246043,0.2913503805202334,23
60436185,ar1,zero_shot,CAMELS-BR,-0.015689715607391408,-0.14562664181551765,2.924319763589716,1.6324864412554556,8.236634851538147,-0.01299752189879541,0.2550934872636208,9.126699012015138,12.621743850258529,0.4831421672776099,0.11411428752793254,23
60436190,ar1,zero_shot,CAMELS-BR,0.0423343457255394,0.30308921627677854,10.28658658375057,3.8649638414539003,-1.944632585574593,-0.004855681451877187,0.6805460481109195,36.16615846054081,66.97267443374555,0.4783692114545821,0.2865132848162781,166
60436195,ar1,zero_shot,CAMELS-BR,0.3963031985966634,0.4477029011858221,0.2304382675811465,0.1483466079687651,-7.783295536676026,-0.01634583051272736,0.5830213213754025,0.5786086817626224,0.8031437384157063,0.8541561821502006,0.40287524847845285,22
60436300,ar1,zero_shot,CAMELS-BR,0.722441715223487,0.7499209436781751,9.653392426884366,4.731512723616314,-2.7869453949598526,-0.0039859345710867335,0.7979719716474722,28.375440684271258,49.92373305099826,0.3602251110426991,0.339433280507532,89
60436350,ar1,zero_shot,CAMELS-BR,0.5440152050908382,0.6271143908438059,4.471628366139577,2.636363039538922,-0.004005684891772451,-0.007042983374750646,0.7348825567290689,13.941870187227863,20.90704639126878,0.3750539326143684,0.26240037873688793,157
60436400,ar1,zero_shot,CAMELS-BR,0.2915054079258367,0.4187200959651488,0.9541306419994701,0.5764035559813572,18.696829988843614,-0.005039323465063118,0.5967187920091379,2.8328125053839446,5.836182258530711,0.49102989487853477,0.20223996843761677,92
60439500,ar1,zero_shot,CAMELS-BR,0.612962639827418,0.7605955703274057,6.976640613986091,3.491366913359942,-1.6639145821176513,-0.0015528424013994402,0.8861878313569218,21.482725726868573,36.91354818657841,0.37617467044940783,0.3224980343732655,145
60443000,ar1,zero_shot,CAMELS-BR,0.67876803484538,0.7902981224868039,4.953992031008799,2.4498429074754973,4.526068621425653,-0.003122108656139065,0.8793523811029753,15.990818465783876,21.800495733989134,0.3355093906788445,0.23964946201772386,136
60443830,ar1,zero_shot,CAMELS-BR,-3.763829960770688,-0.3806014835941438,11.419984673062864,3.4685149957357146,19.72595022000103,-0.012884683683082423,-0.0196246707465928,16.608854151867096,26.8074524073793,0.6116259085498833,0.4635996101828437,96
60443850,ar1,zero_shot,CAMELS-BR,0.5729614142739132,0.6494436303108035,1.3204657695194257,0.7037451678779405,-2.359284188754432,-0.004407264254674808,0.7462482885352623,4.201618908165468,7.288244698937933,0.34150955599392036,0.24995008141076364,188
60444035,ar1,zero_shot,CAMELS-BR,0.7737919828940214,0.6572863167373079,0.6840909144777957,0.4186789558403441,4.024777837599533,0.0005434432849019573,0.6661686887412073,2.00712981270745,2.8186627716153936,0.8363073403423875,0.6231311879085613,27
60444100,ar1,zero_shot,CAMELS-BR,0.011308372394361554,0.30431917771037564,4.084098842792703,2.1495493318482084,12.776790752945255,-0.013332509088707978,0.6751894958961915,14.874529571988823,26.527182619640794,0.36434245938537285,0.17522934408393065,171
60444500,ar1,zero_shot,CAMELS-BR,0.79886447540131,0.8313279820723916,3.487672404373777,1.8188709852144647,-0.509808767348633,-0.005010985513498649,0.8686324923026327,10.202458276047919,12.739356243229121,0.30855368721648274,0.2705585757990053,142
60444700,ar1,zero_shot,CAMELS-BR,0.7867635585626623,0.865009872909555,2.3956788257299815,1.4290978580516969,1.937670479662438,-0.004170957810756883,0.9239262482851089,7.56370342579616,10.355484390603001,0.27951135336167054,0.23857907101307715,156
60444850,ar1,zero_shot,CAMELS-BR,0.3671341646033647,0.3740577865024344,4.483012289593586,2.051548236436767,-6.00430165859847,-0.00717124407213679,0.5023900927247691,17.076247747560227,28.793431559920542,0.4659031836275523,0.2260667533738617,126
60444950,ar1,zero_shot,CAMELS-BR,0.7284342338211751,0.794598602615549,28.503170999940032,17.13054222092273,-2.2137216020832344,-0.003256876703621396,0.8538127631543067,59.092545437822636,126.7301781210652,0.23897852224848423,0.2072687975157685,188
60445000,ar1,zero_shot,CAMELS-BR,0.857651514677541,0.8998792231850614,43.63339246203521,23.53714530667077,4.1342036961267405,-0.0012854679836593816,0.9283687208962785,115.75680829413932,197.5389605293896,0.24334719296520413,0.25912193065306316,186
60448000,ar1,zero_shot,CAMELS-BR,0.8606915175346017,0.7409278425190451,0.9222294319817453,0.5531577979901396,4.232646619284385,-0.0016790338580756174,0.7456545760547195,3.36537228277399,2.858531309184194,0.2842187987851608,0.2314443207018255,74
60453000,ar1,zero_shot,CAMELS-BR,0.8827754511920783,0.8791339665128309,0.2500170343946984,0.16426788826050892,0.458520862662668,-0.0024361499038880272,0.8943887721884909,0.40397088037905193,0.521058314226492,0.1728760554708476,0.17133914963640656,100
60453500,ar1,zero_shot,CAMELS-BR,0.6631582393882614,0.6779636379916905,49.095237868930276,25.58113786121584,-2.661099253529938,-0.004292285865389922,0.7221047678013996,151.42933044696713,331.9503998090872,0.260651264325996,0.19850832741535918,188
60454000,ar1,zero_shot,CAMELS-BR,0.5865657675867718,0.6406134988469669,53.702367595355796,36.6214554097246,4.421532068257794,-0.017896916987520255,0.7247291075236524,111.8277111952555,126.53740089982944,0.41100736324267867,0.2624619193252009,103
60470000,ar1,zero_shot,CAMELS-BR,0.8549689080680057,0.804970080166978,0.18470295086148236,0.07316875161191008,-2.3517521211743926,0.0010095062482386764,0.8089166643747556,0.7214256432605789,1.390105487312585,0.24764936772688173,0.266403216829426,188
60471000,ar1,zero_shot,CAMELS-BR,-0.12839105050023325,0.4931800351880845,0.6146802371561247,0.21215183174534796,0.15468886034668627,-0.0021723948579151116,0.8106741886524711,2.533217148504123,2.292951533219675,0.28289152651871813,0.2845805537483958,188
60471185,ar1,zero_shot,CAMELS-BR,0.46677305867714913,0.5683618398862937,0.9333229478764343,0.40145473160507356,-2.112471682271124,-0.008479394695924038,0.6977510381867391,3.632139580834974,0.08205613315857807,0.43317186340616226,0.28604573635249075,89
60471200,ar1,zero_shot,CAMELS-BR,0.6707248659108163,0.6791839349453966,0.8341113799588636,0.47868154906972005,-1.024618692214101,-0.005307661551072318,0.7314590820096789,2.690661659565531,2.632465285147743,0.3982844853682008,0.22943190182595588,172
60472000,ar1,zero_shot,CAMELS-BR,0.8597949889081533,0.9093327017860426,0.007228929727647039,0.005295932912061604,6.988804071003247,0.0023866931417061057,0.9292866661196286,0.011457134395442698,0.0061204713642625235,0.1881436493266438,0.17511935078275098,171
60472100,ar1,zero_shot,CAMELS-BR,0.8491061228387258,0.8138647590141339,0.016998062862409485,0.010113104336095009,0.06074336643147941,-0.0010672608745610546,0.8277770222666453,0.05640266396954459,0.10727295790269928,0.10736802835291923,0.09649899632021434,171
60472200,ar1,zero_shot,CAMELS-BR,0.6296572124690536,0.7931459466682804,0.13848804272468718,0.06141015067333565,1.1284746199420688,-0.0011354513247325247,0.9325436827464827,0.5021093037441566,0.8957026918847278,0.21282305829420672,0.19102933749660733,181
60472230,ar1,zero_shot,CAMELS-BR,0.71598948485933,0.7122045172017688,0.25495888059930844,0.1174433699857839,-0.2702668064267336,-0.0004829696953458397,0.7519746996883117,0.8756252019738968,1.9246152071841056,0.25706432226835985,0.17140377513700703,181
60472235,ar1,zero_shot,CAMELS-BR,0.7978861857554451,0.8927207065929104,0.2600555020852909,0.14441225238992747,4.392555500733808,-0.0022638027990332567,0.9505396948834464,0.8286504845572109,0.824322402325405,0.1885395762133938,0.20149677794190463,184
60472240,ar1,zero_shot,CAMELS-BR,0.7655859180569964,0.8667184245073543,0.5252681551577,0.2328254140742991,3.1932215619721953,-0.003925335656303293,0.9131273998644853,1.936156632407342,1.5579994768571446,0.23811628169303367,0.22499256871996107,180
60472300,ar1,zero_shot,CAMELS-BR,0.7189932346042445,0.8231059096493577,0.9534626656304886,0.2946612053797884,2.8699017800248914,-0.0029875417552644445,0.8613920053730796,3.9743229388575627,1.2531385879839079,0.3909633445331031,0.3758086717267711,184
60473000,ar1,zero_shot,CAMELS-BR,0.6760051333359984,0.8186998796601429,0.9455517816708895,0.35052208502434207,-1.4793895148252487,-0.002495931262094908,0.9364989193122777,3.41944927005927,4.4949672095603255,0.34800645193002255,0.3559534895828912,180
60474000,ar1,zero_shot,CAMELS-BR,0.4767502709936482,0.432826369722214,1.2094890610284148,0.5416442023982335,1.8523234572148086,-0.0023461386756991965,0.4973843183268214,4.823397358432255,9.222931065563534,0.406192584723946,0.19702753525697544,188
60474100,ar1,zero_shot,CAMELS-BR,0.7276740291323063,0.7489189400308728,0.7596310983708062,0.4967201187660339,1.4463195198473209,-0.006000360578241942,0.7946102605621178,2.2353402874048043,3.468034045742588,0.35107609080888885,0.2648065830175518,183
60476000,ar1,zero_shot,CAMELS-BR,0.830953150124079,0.794255996577302,2.845229478076242,1.3418027518446272,-0.7477714327110876,-0.002426085845832024,0.8100682763687505,9.616812118068236,15.574374727627832,0.3279145461001302,0.2668179452018466,166
60476100,ar1,zero_shot,CAMELS-BR,0.7589778493335841,0.8184046123989025,1.869162168102573,1.1875595995411443,2.162114176340329,-0.0035690514233163873,0.8701899661167785,5.468168184258627,8.445516824715195,0.26455534607913056,0.2216810315510628,188
60476150,ar1,zero_shot,CAMELS-BR,0.7141721652509785,0.8455690970420198,2.1853959329993713,1.297707487315212,4.072614248791112,-0.0034463955387028736,0.9338003217647493,7.360060950621888,13.704400839797795,0.2579688658265382,0.23111492588681365,188
60476155,ar1,zero_shot,CAMELS-BR,0.4890324401513154,0.4683171426581638,2.5300882303630563,1.705654658895093,18.620902676655444,-0.010156448782702292,0.5084101940153799,8.313077565472128,17.66242580203828,0.3692398173439879,0.18787635400304656,97
60476160,ar1,zero_shot,CAMELS-BR,0.8126349532321107,0.8606074490651678,6.802072538517855,3.935972653946966,-1.5339646178519524,-0.001291309855436653,0.9010455732221809,14.899008002087147,10.461003472672072,0.2961468383130103,0.2737415479752867,176
60476170,ar1,zero_shot,CAMELS-BR,0.6808208242911061,0.5764479182360607,11.035493828994195,5.446689382381622,-8.765863255511341,-0.0029850707396452333,0.5936483422294219,40.060444053387506,49.30926546850397,0.40417296661620905,0.3153571884993326,92
60477030,ar1,zero_shot,CAMELS-BR,0.866452586322336,0.8998583712594334,0.03992634442275317,0.0392600527044553,8.711351900695005,-0.0009216461402130963,0.8998583712594334,0.038699200290570834,0.038699200290570834,0.07296716051068479,0.06159162866645002,13
60477050,ar1,zero_shot,CAMELS-BR,0.7308226593503233,0.9208517761638648,0.013162752032039248,0.01301520843389648,7.323434860396399,,,0.013635497283194437,0.013635497283194437,0.07652487058293946,0.07212049704357015,5
60477200,ar1,zero_shot,CAMELS-BR,0.8831107549668112,0.8852754836963533,1.2417818085490748,0.23195670970188909,9.335063076895567,-0.005693445669790187,0.8984792139880285,0.49161547550635654,0.602315311337069,0.36153976033003365,0.3735093883732425,74
60477300,ar1,zero_shot,CAMELS-BR,0.6470950700139924,0.7542826868746653,0.31036317248488055,0.2530383332073939,9.005349916338933,-0.0018855440795930972,0.8170220087471265,0.03619804981179087,0.03619804981179087,0.3884657014945093,0.27403517052375176,16
60477400,ar1,zero_shot,CAMELS-BR,0.9111733225604102,0.7639081721351444,0.7333493866425916,0.37479431344298464,10.923797324097835,-0.005889779303606173,0.7652070292171944,2.6717327077683968,4.6830145812863275,0.6669307434167435,0.5418259926883426,131
60477500,ar1,zero_shot,CAMELS-BR,0.5899995884499672,0.7728112928893822,0.011857453704146393,0.010574903394143615,20.021716016606728,0.00091208843023248,0.7838598522077282,0.010148930050806814,0.0010589533581646798,0.12123552123552125,0.07081864864329139,81
60477600,ar1,zero_shot,CAMELS-BR,0.33768318926991514,0.4027573739552395,0.6608581627185015,0.5040388854437263,35.11940025859295,-0.016385810960588075,0.5214975069997541,1.3319841415106846,1.5257031533150451,0.9449033607615875,0.5136405750982965,32
60477700,ar1,zero_shot,CAMELS-BR,0.7709106179971938,0.7895220617087919,0.12873250110387385,0.0611741343828024,3.626722835337867,-0.0017095532132339435,0.8250375650111826,0.35245920033227446,0.5676408143202554,0.3537115861359278,0.31901015058425897,92
60477800,ar1,zero_shot,CAMELS-BR,0.00554753633384375,0.43794049743749464,1.1937548400299445,0.38565812051543347,11.271360799351,-0.003376249429837574,0.4853604853554223,2.2333562913089833,3.544281017642216,0.24678332548490534,0.29968072759208286,135
60478100,ar1,zero_shot,CAMELS-BR,0.8535340072487759,0.8179121880274178,0.13891384132603604,0.0635346758691328,-0.7687108701772093,-0.002169804634855647,0.832075490434492,0.4785804111892153,0.7767344218493801,0.21545457295248072,0.18438983515261256,188
60478150,ar1,zero_shot,CAMELS-BR,0.3435000001386508,0.4784108726503936,0.8270231284992342,0.4259565515340737,1.217959938900503,-0.005459505970447875,0.6747890185864508,2.954440248072827,4.118312269682829,0.5043696652920304,0.3174408269774556,158
60478200,ar1,zero_shot,CAMELS-BR,0.2996404782356522,0.41326536142815684,3.6303888205351025,1.610957284422401,-1.6449781711031397,-0.008572846608635179,0.6186537682074055,14.023498012204165,23.298384595912307,0.559316956408681,0.3519942841778665,157
60478300,ar1,zero_shot,CAMELS-BR,0.7403194695542663,0.790747583948757,0.7937096341781756,0.4379341282864568,-0.3304387334165256,-0.002571308717747892,0.8439056180064947,2.580127894941924,1.8705956819771397,0.18208573752081475,0.18279590788929337,144
60478400,ar1,zero_shot,CAMELS-BR,0.25513077849610255,0.32796566079041756,2.7460314048037797,1.458884651359979,5.581146279466278,-0.010077346639252983,0.5382100295732055,10.626081244525059,14.302506888646331,0.36979603313315135,0.2122861041138882,119
60478480,ar1,zero_shot,CAMELS-BR,0.27710016531094017,0.3869685392422674,0.4030189505567972,0.17272958112064243,-4.316735936450676,-0.006115800710162166,0.6005088473342648,1.4982536928536305,2.735712048215986,0.3445917182918348,0.21160883721624357,182
60478485,ar1,zero_shot,CAMELS-BR,-0.9135479530470467,-0.46897142032517625,0.1517457007075427,0.11949106498589858,61.48904578097585,-0.015008732987257856,0.14257942750118746,0.27582443675960944,0.5434935656650102,0.37251741794678084,0.038142946766963455,88
60478493,ar1,zero_shot,CAMELS-BR,0.8530216681799632,0.8436624762269269,0.03245550896915873,0.025984094176604508,10.279840380864798,-0.0028988695565612937,0.8441823529824903,0.08903886782799812,0.12552476755368158,0.14165383358999487,0.15383551423202554,36
60478500,ar1,zero_shot,CAMELS-BR,0.8665311500910808,0.8135871165906119,0.40880696191481036,0.1924272599247189,0.8941799274018107,-0.006869397110428711,0.8240368320705755,1.577405354048896,2.6528234306888008,0.3009774109617158,0.2289769840116101,114
60478600,ar1,zero_shot,CAMELS-BR,0.5781869262520734,0.6739693347242591,0.27418996071903007,0.13145951196272854,-7.620225979128241,-0.010333665887180286,0.7751161135490285,0.8812296418977489,1.5998473119030674,0.4495642503579761,0.37627137687647977,181
60479200,ar1,zero_shot,CAMELS-BR,0.9164240427865316,0.9526054726393912,3.2898145467767494,1.8218309869499067,-0.057868424420906256,-0.002924465245401315,0.9748731299219549,8.376090071137776,7.581191731483584,0.3644390362266091,0.35614197783921964,188
60480000,ar1,zero_shot,CAMELS-BR,0.15410614664203992,0.12516510271480275,24.47864033522818,7.691427976889759,3.1976443344942234,-0.0257975662968413,0.32861275072438256,79.80470394611021,223.83195464401254,0.7517874016192103,0.3465295362039378,188
60480045,ar1,zero_shot,CAMELS-BR,0.8230441116838181,0.8205738494961674,5.037949457379076,2.8188212118635985,-0.6656386406579758,-0.00703720925199643,0.844986250969919,11.947234112813765,21.885579149200026,0.4555665239761081,0.3727521600011244,181
60480055,ar1,zero_shot,CAMELS-BR,0.7854028884729773,0.8045005746936198,4.905968410660963,2.6029196127792558,11.753536726145,0.0006950412928740605,0.820129710906939,2.600720780476669,4.107859917986582,0.3870473896137125,0.4549541237638506,150
60480200,ar1,zero_shot,CAMELS-BR,0.4430088020874967,0.3549088385980783,0.22344666997510162,0.07434814248444249,-11.233886273120413,0.0004732539912389207,0.39629816300243204,0.9555795807293846,1.4188710304189815,0.40033863791476626,0.2452524815256987,120
60480310,ar1,zero_shot,CAMELS-BR,0.7002755046341635,0.8223042187450238,0.7458969296253697,0.19660218879740407,-4.329462289563345,-0.009615645967906324,0.8957936158175963,2.993672462625402,5.925915387601654,0.49478814865334547,0.5335354920233587,82
60480500,ar1,zero_shot,CAMELS-BR,0.5008904647232341,0.4424458648258637,0.5661425135213657,0.17801752131718285,-11.825031821346341,-0.003990053903404723,0.4896441721685044,2.4386994432631193,3.735858416702206,0.33704429468899194,0.23248538142890454,120
60480550,ar1,zero_shot,CAMELS-BR,0.534649451561518,0.548260502419412,0.39708698921013413,0.294964550622319,9.65233012127169,-0.006693494307257639,0.616971256780702,0.9061737897812555,1.5015632382899566,0.3171389157365356,0.17840600636463358,83
60490000,ar1,zero_shot,CAMELS-BR,0.8558493867052495,0.9028995397598466,6.711556319341221,3.577975232978985,-0.36113157607392354,-0.0008188159673505543,0.9379019414140657,19.564389744621167,38.72617156005699,0.26967087092040043,0.2393482831869563,181
60491000,ar1,zero_shot,CAMELS-BR,0.27885626085194337,0.3676147807275575,0.8116608521253682,0.3974045101256451,9.365727866466584,-0.027191044040701474,0.5669246559772559,2.787672098027886,6.015021938057046,0.4538712647260389,0.23652190242579943,83
60492000,ar1,zero_shot,CAMELS-BR,-1059.754777820011,-21.652152201247517,19.49824597618248,17.151703791676905,1722.146543838901,-0.0072141610074632385,-21.63744349713656,12.706772475607291,20.3736676413918,0.3331728763518501,0.01861368295415533,91
60492200,ar1,zero_shot,CAMELS-BR,-2.889057797362481,-0.33290635185519535,40.73280101308415,18.43024148059529,71.2557516725201,-0.003348470889736912,-0.16000662739385696,26.928328937978087,10.397085396622828,0.4132379899261976,0.2952507564361236,98
60495000,ar1,zero_shot,CAMELS-BR,0.9963136990511435,0.9878575762331695,0.1613209942885932,0.06378086227031397,-0.13842837494151047,0.001674209951422763,0.9879874185414196,0.5631457938899981,0.14605382992929233,0.14789368002764455,0.14603286149317377,136
60500000,ar1,zero_shot,CAMELS-BR,0.9422149263342284,0.9487347501317778,6.965617927778757,4.175830858856503,0.9528393456307568,-0.0003733456721821543,0.9577725059458069,17.06319617314047,11.394567164003059,0.31617119388230663,0.3019836619973306,188
60510000,ar1,zero_shot,CAMELS-BR,0.9279596399370909,0.9164555685332497,61.14964713443165,35.277206476723066,0.5614671499278803,-0.0008530413200133515,0.9243113032407047,150.61974465983496,109.61396861705069,0.29582262276614263,0.26818622349920257,154
60510010,ar1,zero_shot,CAMELS-BR,0.8305604487708913,0.911339851683474,35.67754065698179,26.220498641062445,-2.949772531259739,-0.002821372410220199,0.9603902078847744,26.61462396875349,34.36341643448441,0.20987482333244561,0.16784002355352656,84
60540000,ar1,zero_shot,CAMELS-BR,0.8802097506814445,0.8882209556605607,8.843550819937642,3.9212667999042767,-0.5287188215800704,-0.0005233771238543454,0.9064250530290332,30.281764138600682,48.75979815670985,0.27660495030090737,0.22847937246457012,188
60544000,ar1,zero_shot,CAMELS-BR,0.8422955114122505,0.8142711326698283,0.4216997542015576,0.18392791885422313,-4.384705080210202,-0.00522917370613259,0.8306829928015712,1.484334344018209,1.3469687591458532,0.2398638380173025,0.18649402692142647,188
60544100,ar1,zero_shot,CAMELS-BR,0.8479543579785705,0.8500670787430319,0.15043009345575886,0.0716639072041856,-1.12359408824189,-0.0012654679310035808,0.8716691596943834,0.4561009723477938,0.6127133814627207,0.16271500727728383,0.13732187633498955,188
60544990,ar1,zero_shot,CAMELS-BR,0.8010736164201901,0.8424495667690779,50.889813749577954,35.7571785811195,0.9295003319404775,-0.0010377593074346134,0.882143882953992,117.34362386322347,199.14877918933837,0.21900083002822443,0.23993527022179742,188
60545000,ar1,zero_shot,CAMELS-BR,0.9501318076365158,0.9623816149985679,63.786762703772325,29.67721928943998,0.37372270073769903,-0.000312554359413816,0.9716240442944335,225.14544487946816,262.86802988616506,0.22798817094301577,0.20557481125515525,136
60555000,ar1,zero_shot,CAMELS-BR,0.9847800713224856,0.9837586861916314,0.3256737056300551,0.1861241849277713,0.5656906322547552,-0.0014103670871861602,0.9855183005829314,0.4316526774845093,0.9570251378340312,0.14155809707208356,0.13407738354658166,188
60564000,ar1,zero_shot,CAMELS-BR,0.8790320068252746,0.8309337873027166,7.564944341783302,3.8188255259135477,-1.6939432044115668,-0.0009449669828239041,0.840573449185084,26.357059529535896,35.990164188775964,0.2280446182855268,0.1893693114511436,188
60565000,ar1,zero_shot,CAMELS-BR,0.2965052987328619,0.2536243976880743,27.998696071772724,7.9156477492345285,9.221117844901418,-0.000773242809333434,0.2537711985530984,108.76007481107274,153.8094207764928,0.2929983060417843,0.4040335374853712,32
60570080,ar1,zero_shot,CAMELS-BR,0.7264674916263095,0.804018106358403,101.84914002849713,75.02921127890977,-4.357072957833475,-0.0008390261662734651,0.8657771750024967,100.08556477473671,38.98333679991925,0.26138449377687867,0.24250703318899625,188
60590000,ar1,zero_shot,CAMELS-BR,0.9847193482431849,0.9784241070653921,3.8763700602382554,1.809237540735557,1.9016349475035645,0.0011236863365165946,0.9791997544430933,14.016841300827632,23.278543582093548,0.22654392437037077,0.2246422331178198,188
60591000,ar1,zero_shot,CAMELS-BR,0.8089380538369241,0.8200829600924825,7.407872869894689,3.4462972192724792,-0.04288466196444055,-0.0032131947905053686,0.8496537667437901,24.248203494546356,48.38981775970839,0.3098794232785151,0.2498938055235862,188
60600000,ar1,zero_shot,CAMELS-BR,0.9769026298698769,0.9813251901469785,59.81786435069881,32.20956325194151,-0.9904908402072277,0.0004071617615767041,0.9851144916543862,127.25621729754998,126.89954666493524,0.2606648557754495,0.2571747151858213,148
60610080,ar1,zero_shot,CAMELS-BR,0.5963847750140849,0.6389382665140391,416.54766053304917,327.528308561366,-3.521759481632362,-0.0019088457259691764,0.7150345710549533,462.89156375291395,518.4750822152998,0.2783141897455735,0.16484990894813917,188
60615000,ar1,zero_shot,CAMELS-BR,0.8977839710912013,0.9002949893577871,0.5614319546644901,0.310261942812308,-0.048244072881894876,-0.0023255752316396726,0.9147906836675235,1.8667726158896758,2.4445947995664596,0.3021342275544672,0.3087586194898416,181
60618000,ar1,zero_shot,CAMELS-BR,0.9134030847884457,0.9561228560887294,1.7941783460858922,1.2286794613191183,0.7589006801655461,-0.003625815440728654,0.9900118655600196,3.2443174296683526,3.497568826660437,0.27203016503731214,0.2565688888458741,159
60620000,ar1,zero_shot,CAMELS-BR,0.7993294011212229,0.7599455694133919,5.342585944648179,2.38968993324008,-1.3431788610617759,-0.0018112482641304863,0.7788623216380038,18.70737887805757,31.909283267435633,0.40946958461756705,0.313713824646477,188
60625080,ar1,zero_shot,CAMELS-BR,0.6148071952845153,0.6673203753270684,390.0395539761279,297.08856056568726,-1.5495464337759195,-0.0021946988092336247,0.7453338388383803,503.39292286825594,646.2622380955175,0.25216603874833704,0.1649644196212252,188
60635000,ar1,zero_shot,CAMELS-BR,0.7859943036393802,0.8657288808557209,2.0932650251517324,1.0205973214026067,1.0992140118055538,-0.006791124716954863,0.9246021225212429,7.839673489143481,6.20369290186204,0.3701563224751193,0.3699855259476713,184
60640000,ar1,zero_shot,CAMELS-BR,0.9185378079547193,0.9182697843756775,4.832100302769436,2.7137111152568143,2.291798999324384,0.000435621780505116,0.9291987846678132,8.77777111170446,10.881654101402114,0.42772506295377616,0.4091357115843059,184
60640100,ar1,zero_shot,CAMELS-BR,0.6214773205248416,0.7515748578719421,5.924333546603124,2.7066652562624145,1.384427921266786,-0.004787602515643002,0.8632514145799477,22.62234059922552,33.073015979764044,0.5345941426437538,0.47580858586974245,176
60642000,ar1,zero_shot,CAMELS-BR,0.7428254355412862,0.7735156765559561,2.574555094641444,1.3517965659522078,1.295629342610644,-0.004923504837032591,0.8194808567482816,8.47347336476579,5.248072060620401,0.35890053774139274,0.2766131513958481,188
60645000,ar1,zero_shot,CAMELS-BR,0.9268882265713251,0.9530636347811005,6.511395071979689,3.1408487596254377,-0.39609954249929036,0.0013242505686869473,0.968834607505936,23.18063994829047,19.202326791173483,0.27559733866099045,0.27458336060562993,180
60650000,ar1,zero_shot,CAMELS-BR,0.6516168040466241,0.6295543625569986,19.047338842871817,9.138166475855334,-5.370569021823524,-0.008205500667476957,0.675336281498445,72.4843425332522,108.51174780181236,0.43513887015417085,0.3187827365948177,179
60653000,ar1,zero_shot,CAMELS-BR,0.3839813064285631,0.39228107556905967,0.4658734621063395,0.2002705473230246,-6.826945418087645,-0.011920469934053147,0.5121465820349647,1.780883979396445,3.5622621766787885,0.4791523728887786,0.29390992611954425,188
60654000,ar1,zero_shot,CAMELS-BR,0.8718455327387813,0.915011394839395,3.3699284094770396,1.4553927479989324,2.5892260303075294,-0.0010026704060563003,0.9457697344296692,11.549022244314747,15.390079154430857,0.3662538552374263,0.3386813301197325,146
60655000,ar1,zero_shot,CAMELS-BR,0.813147025852009,0.8825202304724583,13.97767362259263,7.6723461448132735,2.301176910835501,-0.0010722884966781528,0.9330859944252439,39.207816254150224,62.146192645986716,0.343265456462682,0.32608479279562586,116
60655500,ar1,zero_shot,CAMELS-BR,0.7560804401740496,0.7370064336812925,25.44338106409708,11.652980477781783,-3.4978667034046587,-0.003662842234210057,0.7675725798833667,98.98259880640309,132.11781330039298,0.5192657690365611,0.40327397991178715,151
60664800,ar1,zero_shot,CAMELS-BR,0.34891812238066544,0.44794920523861637,0.27725215652057195,0.06377013935046866,-4.427819219873441,-0.0029777638103918314,0.6233479385307565,0.9602295731569933,1.9777239905056607,0.3987571854560113,0.23202895382394595,111
60665000,ar1,zero_shot,CAMELS-BR,0.8218882179250178,0.8668876223970654,5.166377612085406,2.57338523013493,-0.9092940040178099,-0.006224361015055246,0.903766593282624,16.230732251924756,3.879701433625855,0.41510815128401385,0.3551548486325253,184
60670000,ar1,zero_shot,CAMELS-BR,0.9406582064199677,0.9184520522145069,12.356604915062611,5.57590721489906,-1.3241604653605374,0.0002175602635795977,0.9236453421465569,45.71467146905889,53.024789554644535,0.2682940916004081,0.24997767524458375,154
60675000,ar1,zero_shot,CAMELS-BR,0.9132593672166722,0.9498313332904069,23.169209092009385,11.961619194189998,2.6437144414679747,-0.0028215615729598412,0.9729772777061397,64.43375639789916,36.582761973287035,0.23413957989878859,0.22342458943143317,188
60680000,ar1,zero_shot,CAMELS-BR,0.9573001543062639,0.9557262355936653,18.667555632072467,10.725905634184878,0.4108745032029134,-0.002599684597167442,0.9612074391487402,46.03519345233588,14.05769438307513,0.2878332443372247,0.26812064339684544,179
60700000,ar1,zero_shot,CAMELS-BR,0.6906405284887154,0.8029479394240484,4.229869851048105,1.7661743184014658,1.4031551523791983,-0.005928888586796785,0.8939973520779356,15.706326280787746,27.82514551635624,0.3180467412760337,0.2913753437275802,182
60710800,ar1,zero_shot,CAMELS-BR,0.9351961698273256,0.9206908319156618,0.9944031769492444,0.6412729489593312,1.0922837292740775,-0.0021532885167919093,0.9272540549744909,2.825746722261082,2.6782229048874613,0.2975152866687954,0.2778822300857525,188
60710900,ar1,zero_shot,CAMELS-BR,0.8991688117223573,0.843936245068213,5.066915487147893,2.4005975316844874,-1.089890419947551,-0.0009301559003977201,0.8491518689903854,17.122578778330634,37.310151487877164,0.33273206061314037,0.286204719447539,188
60711010,ar1,zero_shot,CAMELS-BR,0.9221781702621892,0.9588248202717374,2.218351913352497,1.5801285038105668,-1.3104922338512939,-2.8668265075165733e-05,0.9857960341254195,2.2034520156899604,3.617580986253214,0.20963380410322116,0.20129361716555905,188
60715000,ar1,zero_shot,CAMELS-BR,0.9309376578579444,0.946562500283993,8.939861285134956,3.7699035204501965,0.10697778605814469,0.0008276256756373605,0.9515835266954659,33.67326625887223,64.48850789267962,0.30849162884481773,0.31422123678763664,179
60750000,ar1,zero_shot,CAMELS-BR,0.9731065104816239,0.9359795244418296,4.006783716062731,1.8146063561088808,2.163210107349047,-0.000576686663680416,0.9368327276952814,11.621019493704626,19.569793450871774,0.35766134764836566,0.3640770057115152,184
60765000,ar1,zero_shot,CAMELS-BR,0.9837582731246404,0.9831351840069995,6.637060577699832,3.5432633411639842,-0.6695417991290791,2.5601852553135823e-05,0.9851819050852335,11.38892588554448,12.781798714000246,0.27354030334680224,0.2667198124580855,184
60772000,ar1,zero_shot,CAMELS-BR,0.9833011480935112,0.9771006501122963,14.005248488918724,7.001536167884987,-1.1235249754128673,-0.00029757705641765206,0.9785164368797574,22.52565437963202,37.28272356845196,0.25066645115384023,0.24078899410596546,84
60774000,ar1,zero_shot,CAMELS-BR,0.9329077128392552,0.9420808583833966,2.407318462529675,1.0699198279257682,0.9647218988319626,-0.0013182312086600263,0.9495960496936781,7.46470790083275,13.474867420196595,0.2453858256222238,0.2443598437160227,179
60778000,ar1,zero_shot,CAMELS-BR,0.9655166255373855,0.9822416255627209,1.401463485502781,0.5293165643611586,-0.42157897130154803,0.0007426720658464878,0.9954886670785821,1.5515151497304895,1.246636424972759,0.1667311123490883,0.17507064855065807,153
60781000,ar1,zero_shot,CAMELS-BR,0.9572720092854694,0.9600875706938338,14.517716443090249,5.770409674893164,-0.7680011934453639,0.0008855391427354288,0.9662387028917843,54.16358627755354,54.1415170912815,0.34533342789793164,0.33101877596656737,188
60785005,ar1,zero_shot,CAMELS-BR,0.9595168051986666,0.9797133044711829,2.0938921175383767,0.9223981898244221,-0.0931767424244653,0.0006903992428951861,0.9970361933145764,7.523036421697555,1.2984130834556078,0.16119978539604235,0.1717907368712183,184
60790000,ar1,zero_shot,CAMELS-BR,0.9479763272199944,0.9668257472812611,14.424909686784074,6.929767753253306,-0.0011490934002074409,-3.7731837646569344e-05,0.9794322716748194,46.786829088522666,80.358754804105,0.2514569758215691,0.2524188323800823,184
60794000,ar1,zero_shot,CAMELS-BR,0.9173525914352114,0.9585747563087345,19.32142667247139,12.941929295737784,0.3432746068232361,-0.0018926064536031323,0.9930158890459303,46.36022736083414,78.36829881037337,0.2637821525039991,0.2631108298915722,101
60798000,ar1,zero_shot,CAMELS-BR,0.9227205379737558,0.8801106104321886,28.632667502297956,15.804171537958775,-2.212750687397778,-0.0017734032063023361,0.8855166213479619,94.10760280680354,106.71480361681381,0.2845734155103624,0.27735626064584445,188
60805000,ar1,zero_shot,CAMELS-BR,0.9885092120533774,0.9810066680074488,33.44119447133702,20.527096650330684,0.8780467735541584,0.0005635848620546731,0.9817523889284463,71.7535792590472,76.01071685948263,0.22900303361098384,0.23690009955201546,188
60805050,ar1,zero_shot,CAMELS-BR,0.754700025359207,0.8278228255034084,1.0167177500215285,0.7550688966878613,14.831662200635517,-0.0045545562714737545,0.8500030900064455,2.3002738621634915,3.860136197232035,0.15426702171897044,0.11883740347464547,119
60810000,ar1,zero_shot,CAMELS-BR,0.9482698878585658,0.951417202286544,2.370134401467238,1.0505170641667068,-0.4363572091759102,-0.0029731819471696987,0.9587496943822638,4.8259262478582245,5.385453133565794,0.19709534163563697,0.20778314231662084,184
60811000,ar1,zero_shot,CAMELS-BR,0.5116942165003804,0.6603227476976574,0.9386255514945095,0.50432037666227,1.1789390325724773,-0.009600103502523685,0.8065997124259576,2.728080638135405,4.744230022231133,0.537724631995639,0.40860096944327456,182
60835000,ar1,zero_shot,CAMELS-BR,0.8195381211790584,0.8936196364669152,5.42678901052352,1.7353224311303197,3.9053503734017823,-0.0002720394653533166,0.9336529798696023,10.72814425816032,16.949877298935764,0.33156935300562745,0.30799774344886066,166
60842000,ar1,zero_shot,CAMELS-BR,0.9186864360473981,0.9372348010687918,7.174066427440063,3.306680984170497,-1.316777177830085,-0.0023383704238896276,0.9524479836064574,13.150881164725888,7.156876492980536,0.3693705086292205,0.3650057035940468,145
60845000,ar1,zero_shot,CAMELS-BR,0.9354748923668039,0.9672393913285788,13.548920840208451,6.838935522855741,0.3276563324403678,-0.0029129333138838524,0.988965084777923,37.79597528361719,75.44099447415647,0.34312069733694045,0.33695935139725336,188
60848000,ar1,zero_shot,CAMELS-BR,0.8048144958500291,0.8783843154635057,2.4856915896353806,0.9768728521787144,4.25231148370734,-0.003614464365514932,0.9157474806587118,5.7139833370993784,5.504717568312307,0.51914262876228,0.4628379859913414,139
60850000,ar1,zero_shot,CAMELS-BR,0.9594354001510897,0.9552119637874581,3.964777071019748,2.1492545394956633,-0.11297428513582791,-0.002037973352603202,0.9599976921922214,9.172560961782974,5.838776599390128,0.3385171734884207,0.3310671995350105,173
60855000,ar1,zero_shot,CAMELS-BR,0.8253366361178432,0.8626981522025565,9.452083255490018,4.6452574289212585,6.521156726966362,-0.002564569812877244,0.8817047788660514,32.662208017643756,12.502804578657509,0.2751155142232558,0.2423040723169859,150
60856000,ar1,zero_shot,CAMELS-BR,0.8373521490519815,0.8102128274480218,3.0074996525690265,1.219996952742191,-2.7909744870476354,-0.005477395436094636,0.8277406762101855,12.173771972231885,8.826726103632739,0.5037029659680524,0.41289812412851157,188
60870000,ar1,zero_shot,CAMELS-BR,0.8971729952204186,0.8744110423290173,4.717830001784018,2.187207727218769,-0.8105733409073668,-0.0014180551978748967,0.8843671325284381,16.333088717468687,29.13853429970482,0.30491934486313654,0.27483496226612225,154
60877080,ar1,zero_shot,CAMELS-BR,0.8282227234970269,0.8094192458758251,256.7623913512275,159.97950403861157,3.6104800739265346,-0.0011127398003424422,0.825144794116729,455.200602434394,764.1213895023537,0.12838600174634787,0.09865662406879579,188
60884000,ar1,zero_shot,CAMELS-BR,0.92121914345843,0.9341189995617272,10.67407641365247,6.1053341454108345,1.9293611833107898,-0.001541787825641074,0.9445067564044539,24.820784762892195,29.688612056788656,0.2266960993280025,0.23496328875915154,186
60885000,ar1,zero_shot,CAMELS-BR,0.9638485211422373,0.9564553647313088,17.311866143664574,7.101357653299148,-1.6288322032677418,-0.0019882579851657964,0.9602730162168045,17.683530131919454,21.535021539896427,0.2628147263009553,0.2651324457829245,155
60890000,ar1,zero_shot,CAMELS-BR,0.8884817931524506,0.916380225441834,22.72826702195429,11.479152080931769,-0.36518182406261485,-0.001315635194043447,0.938951679872307,77.58928914988532,84.78650299688306,0.25923513369928064,0.2315235188413566,174
60891000,ar1,zero_shot,CAMELS-BR,0.9019382214976487,0.9484226358550872,20.341852732703636,11.792931073253056,1.1003793012228251,-0.0013155664356460598,0.980715233218464,50.296426882308616,70.68727084419167,0.22582825994646274,0.22608351847746314,188
60895000,ar1,zero_shot,CAMELS-BR,0.9314582045820725,0.9569629456872715,1.908150842061642,1.1636412121612107,0.3048162935117219,-0.0005334481937656985,0.9746226517548877,4.365295547333883,5.443230722836116,0.13347210795684722,0.13596541438465967,105
60895500,ar1,zero_shot,CAMELS-BR,0.8580110261137277,0.8592534768921861,3.582124481086056,1.6905792416785759,-1.544400207130411,-0.0015173291346645568,0.8776893748771716,12.072553151277251,24.382267253597732,0.1750426849601614,0.15249679248939033,163
60900000,ar1,zero_shot,CAMELS-BR,0.9596382998222717,0.8839386998160602,4.55800091666627,3.1688508529328696,-0.9244459385747367,-0.0043493420161018394,0.8846541266711703,11.559034827502119,5.807822106407301,0.1445089785664372,0.12868927054355492,31
60901000,ar1,zero_shot,CAMELS-BR,0.8059626592680216,0.8575773267004793,9.328783938957592,5.239710733728708,0.09639690013224052,-0.0006601685063285581,0.9006902411228962,31.145032383338915,58.95017307263214,0.22965020671551295,0.22570579514640593,170
60901800,ar1,zero_shot,CAMELS-BR,0.8878702336406444,0.9200058396439985,41.709047571122674,24.126727510895712,-0.02547159593064204,-0.0010865855799231938,0.9444067678172396,106.15602147244157,78.87444354987835,0.28234847859137785,0.26000106903270215,188
60902000,ar1,zero_shot,CAMELS-BR,0.887964420396896,0.9234660590274657,30.859283407127577,17.324988145354343,-0.050103666063314525,-0.0013890984459909057,0.9495671700103826,59.180976646388274,116.74848183834641,0.24579747743072666,0.23644306180418753,187
60903800,ar1,zero_shot,CAMELS-BR,0.8966944324543312,0.9187206036328736,41.25162992770087,22.983141132658236,0.021476069035035676,-0.0008584111630077461,0.9383418788409376,114.29151372717546,120.9185206681571,0.3064341963180489,0.2717148627025176,188
60904000,ar1,zero_shot,CAMELS-BR,0.816211946210718,0.906396999660396,60.01201082842364,35.24867270961747,2.2361975866560186,-0.002203012668812022,0.9748915899330465,162.35808707374431,240.07339126514282,0.2874020151613202,0.28880818896211047,187
60905000,ar1,zero_shot,CAMELS-BR,0.9507509697990207,0.9727087070374119,30.55173109633786,16.765918404698755,0.26726870998277974,0.0009130763719954263,0.9881823187642572,39.95141987176278,60.92048306647489,0.24538518267189718,0.2427678783090743,153
60907000,ar1,zero_shot,CAMELS-BR,0.940868063491827,0.9586334110724042,31.12572541908075,16.804161185382824,1.3643948696059536,0.0012987421099689787,0.9681673421852108,84.89195777344675,157.92583388777763,0.20089216827752604,0.21068110203404572,188
60908000,ar1,zero_shot,CAMELS-BR,0.8800401193651342,0.9271697273592964,37.880338464320545,22.496029195887456,0.4597798952064348,-0.0008663327171415554,0.9609125561591981,108.38011040230865,131.95125510832662,0.2521322522901969,0.24374151137382224,188
60910000,ar1,zero_shot,CAMELS-BR,0.8075955920282655,0.8709633560234349,2.3263823920012845,0.9531125809766673,1.9668222521570227,-0.00030413045962435215,0.91844441562348,9.40519231120449,14.226678741097109,0.2558756868421955,0.22224023870288154,157
60920000,ar1,zero_shot,CAMELS-BR,0.9103617268366402,0.9322524086039089,22.227399593053814,10.540651730801091,-0.15036459055001639,-0.001459516652331858,0.949601813176415,80.32001251149701,55.81718911345149,0.15744032803014013,0.1494114209929797,188
60920400,ar1,zero_shot,CAMELS-BR,0.847905798714795,0.917883858070616,25.288538978854763,15.90346010204991,0.9099877150649821,-0.002020789734547378,0.9720240127643853,49.90383169373035,47.40462631216508,0.20529634332573002,0.19317020259789697,188
60920700,ar1,zero_shot,CAMELS-BR,0.8844426143261088,0.914214352806854,24.05515213679445,12.288656859499826,-1.1913318143539247,-8.569347219114423e-05,0.9373887407332442,83.16438714157076,148.6386568649914,0.21266461527812244,0.2101576938139451,86
60921500,ar1,zero_shot,CAMELS-BR,0.8410252359398671,0.8501472492661492,28.04743037204392,17.895164057565125,-2.035817726659109,-0.0035662376398205957,0.8734953404984169,67.88370221602665,90.27172655512653,0.21928796755295177,0.21658974389999264,188
60925001,ar1,zero_shot,CAMELS-BR,0.9568549812967564,0.9632527963984033,4.146931947960082,1.91407148936025,-0.3721442631999183,-0.0013758224742227848,0.9695560157338575,10.546431694410447,17.556238047871215,0.30306389271069584,0.30793007936055705,179
60930000,ar1,zero_shot,CAMELS-BR,0.9439549877704168,0.961136203435821,1.4797129256833101,0.9064018125319722,0.12951914218597302,-0.0007845777784682654,0.971695164066722,2.246564564845855,0.42168036188818564,0.1367293606401898,0.14308187488181426,178
60940000,ar1,zero_shot,CAMELS-BR,0.9911525853945314,0.9913602156496426,1.0644393469887932,0.6045646644946113,0.03916796629923153,-0.000727114675856207,0.9925350660787886,1.3222855314016035,1.0473700828182508,0.07150526498331927,0.07024692713277786,175
60943000,ar1,zero_shot,CAMELS-BR,0.7361064091655334,0.8455284188520475,8.06164994020449,4.763692683019804,0.306128708430451,-0.0018462303734420333,0.932058070922303,7.6883030557001835,10.257916367445157,0.17740229885057474,0.1650983885985699,188
60945000,ar1,zero_shot,CAMELS-BR,0.9075137650468899,0.9526425895478545,9.874975155432674,6.078469218357164,1.4592047115433342,0.0002068864610429372,0.9847622550504604,26.292251428945935,38.205326998661256,0.1399545389161405,0.1477078383209088,182
60950000,ar1,zero_shot,CAMELS-BR,0.8236171040432138,0.8413353468023727,10.309426824563031,5.723490987744737,0.11384421049637483,-0.0013748449193899072,0.8701467505314137,23.936648261602528,49.46275769326476,0.17049081106324915,0.14229942708667367,184
60960000,ar1,zero_shot,CAMELS-BR,0.753567448993899,0.7746816952143583,0.5476025268896983,0.3048358233234036,-0.6274087564877384,-0.0005584123615740089,0.8154780871668943,1.6186611632488903,2.4138455984010836,0.10719743972246908,0.0819271984474942,160
60960700,ar1,zero_shot,CAMELS-BR,0.6270682637305343,0.7138617696378304,6.585282879207682,4.370893994180083,2.0563966267924307,-0.003227071726494163,0.8027125470827519,13.736295285301289,20.79198211859704,0.3594933300570017,0.2910909121173225,188
60960800,ar1,zero_shot,CAMELS-BR,0.7096503448633431,0.7464631860410522,3.765680462978788,2.333567905019855,-4.954184550063682,-0.0012639425045145487,0.7921105548545659,9.411166551277487,13.69426049915945,0.20950622971219737,0.18481526942817983,159
60961050,ar1,zero_shot,CAMELS-BR,0.7687895498395889,0.7661274367179376,4.591158934799587,3.110182183328167,0.31135509756936813,-0.0005326642720387322,0.7987405082020829,9.125268471394303,12.780733199694321,0.2189985472567758,0.1597869731214187,188
60965000,ar1,zero_shot,CAMELS-BR,0.9861275923168462,0.9881569603547953,2.9473517677276067,1.6568232288984255,0.25722706716860544,-1.0070423699086277e-05,0.9900939144964206,2.145568303449905,2.1444590322903982,0.07738241378115643,0.07865052873321364,124
60968000,ar1,zero_shot,CAMELS-BR,0.8598662852264376,0.8704314989001722,9.552158036795781,5.7647540889350894,0.7402559201310613,1.7234340039449375e-05,0.8917458255478004,29.150804063669863,48.48149974375365,0.15078160525238307,0.1257704566598376,184
60970000,ar1,zero_shot,CAMELS-BR,0.8663245630962336,0.8989848640860719,10.638218176669598,6.072082613585212,0.685882481807735,-0.0015911995950402043,0.9262056411376538,32.154122469524324,36.98139227538827,0.15344403665823864,0.13330442776836215,184
61004000,ar1,zero_shot,CAMELS-BR,0.9409778663188478,0.9668101651059039,1.0913110349754493,0.6484411344737633,0.626408516856485,-0.00332815661760065,0.9845541349276317,2.183000932822343,3.5612057387052793,0.23507927575024695,0.2215333108606762,188
61006000,ar1,zero_shot,CAMELS-BR,0.9777235287872282,0.983232225320066,0.16981715386280405,0.1184659035389857,0.4613798531600045,0.0019203207823688014,0.9873901362977828,0.26989698593424766,0.30834741809995825,0.13235108464662193,0.12550640880434843,188
61009000,ar1,zero_shot,CAMELS-BR,0.9428273586980233,0.9629182066569122,2.3703222157056874,1.0321884472041074,0.5145501130991778,-0.0009630939471827818,0.9750746266989657,7.57174613835634,11.739732623672415,0.2942117969230632,0.2899878152441863,175
61011000,ar1,zero_shot,CAMELS-BR,0.963105898929272,0.9791862741259745,3.1541772901647085,1.356956332900201,0.21171344555439772,7.034334597273012e-05,0.9903785158378362,6.941138247247136,4.3029073485099305,0.2110278385582029,0.20113355461925653,188
61012000,ar1,zero_shot,CAMELS-BR,0.9542050080491447,0.9718759504308081,8.043621690597897,4.126207174552811,0.8689762387566493,-0.0006498651816571853,0.982489499903477,22.269234893257277,36.386252624199194,0.27720675611759577,0.2899082228220054,179
61014000,ar1,zero_shot,CAMELS-BR,0.850226172890288,0.8213820350076446,1.9635267649054304,0.887930113414594,-4.870450421789284,-0.001947514851953342,0.8360087823869226,6.35237147940942,1.694594548798447,0.35638737826631456,0.28913655817164785,175
61016000,ar1,zero_shot,CAMELS-BR,0.5984963153214249,0.765706840147811,0.811627751747497,0.3377576341955454,0.3878805950339663,-0.0019427146831653714,0.9062456232654464,3.2119409137872017,3.8462369502550997,0.3326165866215969,0.2598315207638072,187
61024000,ar1,zero_shot,CAMELS-BR,0.8325805210801156,0.8935614002909414,4.579012664318753,1.9502524365331766,-1.888392365472512,-0.0022956613478872373,0.9369636607038544,12.758706096216974,25.43697486046974,0.34346982614402166,0.28284453188909103,175
61027000,ar1,zero_shot,CAMELS-BR,0.684446411927162,0.7132413913530922,0.26532528353767,0.12621371315943225,-3.9770682712337604,-0.003595281480930218,0.767457992922149,0.934528380491995,1.7550845611117754,0.281142226514002,0.2067452840354872,187
61031000,ar1,zero_shot,CAMELS-BR,0.5668104142782346,0.6759910186846712,1.7149002311096513,0.5402615620058249,-4.613671418086216,-0.003365649860680768,0.7844767839797967,6.824427325529156,13.867791849942028,0.41807508760441314,0.3328004717433531,162
61041000,ar1,zero_shot,CAMELS-BR,0.6566495810499051,0.6688710904868048,0.4643027739051711,0.20946300639621926,1.848493645555842,-0.0020926341107892574,0.7246094016747595,1.7770632383672897,3.153534274521438,0.20807472911949706,0.15854569758556952,188
61043000,ar1,zero_shot,CAMELS-BR,0.8220105307443033,0.8633084835998827,0.45181783366434625,0.18909515434293397,1.2932649876522135,-0.004880520118978621,0.8997697084537308,1.7290891291947414,2.5622835922054255,0.4818925298374317,0.4261736530778013,187
61045000,ar1,zero_shot,CAMELS-BR,0.924893405193973,0.9541731187933344,1.301651918024528,0.5932465679388588,-0.5607885436487803,-0.0007944487082230164,0.9702233713751943,4.499533207350015,6.480491806337464,0.3757975655342499,0.374374760652381,184
61052000,ar1,zero_shot,CAMELS-BR,0.9181134729402154,0.9546726631699953,0.938611136408537,0.4481006847987079,-0.17868374044897523,-0.0012847017353723456,0.9780268174204425,3.1956243044331054,2.5834575841859118,0.23297522521555497,0.2535537915636562,179
61060000,ar1,zero_shot,CAMELS-BR,0.8908023925329994,0.9062901350800162,10.452533787661462,4.541478866486336,-2.1394625665022176,-0.0016443210457549491,0.9245859092455623,34.29161844354173,26.64380785001542,0.29086805292769485,0.23862770990679794,188
61061080,ar1,zero_shot,CAMELS-BR,0.9440969345852158,0.9328126543000848,22.098919408670643,10.855117758722926,-1.4049617280476214,-0.0009710101090602379,0.938677703031033,57.89217877464897,63.15246721365184,0.27782869946023014,0.2703412545532942,188
61065001,ar1,zero_shot,CAMELS-BR,0.8817406257789576,0.8803028398276487,32.89392868490941,17.2999240086503,-2.236685909038481,8.992540684000377e-06,0.8959006744709811,112.8810367529747,61.22903439116537,0.3063212751367535,0.2821314297160308,179
61065080,ar1,zero_shot,CAMELS-BR,0.9457755380556462,0.931053215695532,23.775612967360118,11.537559738665697,-1.4267989248623947,0.00015450757850059976,0.9363281750153639,67.64669146008363,67.1517327686153,0.26554026800519875,0.2522287561821244,188
61075000,ar1,zero_shot,CAMELS-BR,0.9056854347354485,0.9454554616916602,4.586761407047412,2.209948649957045,-0.04574485434216388,-0.00013103828874882692,0.9676907663494432,12.292520342388679,13.949094625925001,0.36020941621734137,0.3471878585803029,184
61078000,ar1,zero_shot,CAMELS-BR,0.8774059496293675,0.900085349264682,9.15176743774293,4.1550921371442096,-2.8440551140218817,-0.0008504308627180941,0.9205626883458482,32.454315993249374,50.32874353952803,0.36895800547916213,0.32021514795479833,188
61078600,ar1,zero_shot,CAMELS-BR,0.938059935858024,0.9603086516099156,5.783123120330192,3.1987071088538745,-0.35898324510676316,-0.0015904987694375372,0.9752911322306212,16.849259640100296,0.14778352049012256,0.4303841625674239,0.4041637463780033,88
61080000,ar1,zero_shot,CAMELS-BR,0.763085674503767,0.8060757338945425,0.3438399221305965,0.16400256894056844,-1.123147838169092,-0.0023388103546586533,0.8525813378306748,1.2100480425667148,1.7228250070418853,0.3298312046761858,0.2949459764755975,188
61081000,ar1,zero_shot,CAMELS-BR,0.828395687354063,0.8150310229531916,0.7778963953601703,0.4523995357548269,1.4395607520676772,-0.0033280272453779045,0.8362247901292513,2.3004257546859557,1.5718590018334366,0.29991624591949767,0.22737857800009645,188
61085000,ar1,zero_shot,CAMELS-BR,0.7229424171399945,0.7421652214503092,7.739138689287539,3.0815653033043056,-2.1675166185322583,-0.004573632867712309,0.7881153196866678,27.91166990170239,53.1785873604154,0.5279303635306232,0.39374697865894703,188
61087000,ar1,zero_shot,CAMELS-BR,0.9287510428009436,0.8794217462726301,0.7877176595785746,0.3847862473142087,2.161942477900612,0.0032130675619110264,0.8835799206794345,2.931348067475922,4.192804496336673,0.3988049344641481,0.28095034862289486,188
61088000,ar1,zero_shot,CAMELS-BR,0.8001299882040498,0.7307446719527315,7.105138179139035,3.0889347395294178,-0.39471808356154114,-0.0028882143958551317,0.7447116552749367,26.48026966736795,48.00855580501587,0.4445747576281017,0.33149891293604483,188
61089998,ar1,zero_shot,CAMELS-BR,0.5993527031953065,0.6977753118897061,14.292455860565171,5.879502224739761,-3.8415022486892796,-0.0018430533622207836,0.7972893709527169,52.71463162314906,81.694152918205,0.4230570711050657,0.34838013669113566,187
61090000,ar1,zero_shot,CAMELS-BR,0.7344722779108221,0.8049300489984605,9.63173902421086,4.135471044886392,0.7501606812611548,-0.0027643147574108445,0.8618678827245014,28.791209430413886,50.44283294541778,0.3795761301746096,0.328813168850054,188
61093000,ar1,zero_shot,CAMELS-BR,0.7775363126675081,0.7541812346211058,0.48566595832688825,0.2162267149606847,0.7601045239590839,-0.0013759010175067718,0.7808342101713093,1.790621233615138,3.7713304877764213,0.25877512066524294,0.18832357957443757,188
61095000,ar1,zero_shot,CAMELS-BR,0.8599229251592109,0.8499783953767817,1.8700265336719701,0.9023121624150234,-1.2973940123572938,-0.002640950915911962,0.8671785578077342,6.079903347424567,10.189994821779361,0.3233014800139844,0.28720132949691535,188
61100000,ar1,zero_shot,CAMELS-BR,0.8036376963994687,0.8602236948037676,1.2638815929987508,0.6392096593430591,1.0920353570489512,-0.001695704319606318,0.9055795792575824,2.9090277259739428,4.860069350227742,0.41471015523570515,0.365944284971216,184
61105000,ar1,zero_shot,CAMELS-BR,0.8792367058360444,0.8947977193888871,7.4506303217175605,2.928026146562703,-4.620442541516077,-0.004798074901311334,0.9138441683444204,29.17633378032588,15.519879849946722,0.4083179923710652,0.4011028302490835,175
61106900,ar1,zero_shot,CAMELS-BR,0.7860337988158964,0.7099100325433181,36.682489205309594,9.71497167732326,-4.079974208586654,0.0006022257697286849,0.7237007161866493,150.3885799875363,334.28346849531556,0.4742388694022629,0.37139548445750586,88
61107000,ar1,zero_shot,CAMELS-BR,0.9427462319753467,0.9296947869324781,12.237131437103166,6.613764581408801,-3.6702176070056627,-0.0038836625833254187,0.9349340062644771,29.445598038699664,42.11762838189291,0.3785250067976934,0.3626223640097302,184
61110000,ar1,zero_shot,CAMELS-BR,0.6566733276292156,0.805615822992828,0.9402112296232409,0.4589270750004175,1.087712034485504,-0.00884140541996466,0.9299902661038644,3.1430076134212603,5.332940390016947,0.4531641429832881,0.35908462289650667,178
61115000,ar1,zero_shot,CAMELS-BR,0.7546978517824194,0.8108783855241288,5.915355045203823,2.4137639593460185,-0.5696054359585911,-0.0022783390933667352,0.8619403753754549,23.365566442475682,43.753365691123015,0.38694193001698246,0.3299159596266703,188
61122000,ar1,zero_shot,CAMELS-BR,-0.1640548133862625,0.38810631258611017,10.342931022919633,1.8921285565452732,4.711616638363162,-0.004966524422521318,0.93443428998691,27.04857305164284,59.517735788477445,0.6277185464621077,0.5963693154151151,188
61125000,ar1,zero_shot,CAMELS-BR,0.6811624403440496,0.6181683989192439,2.497414359094565,1.3362576906251196,0.18351432836579504,-0.0018764670377252645,0.6490075504919284,6.606074200524403,8.275754539051068,0.77522705213533,0.5234640807836949,42
61135000,ar1,zero_shot,CAMELS-BR,0.8510909115837083,0.8949640356612013,43.1422542705453,18.583947860832257,-3.3725592287763235,9.81246904384718e-05,0.927916266489955,143.41614464045043,229.21840997104474,0.3616929125947323,0.3527996084102925,188
61140000,ar1,zero_shot,CAMELS-BR,0.43520971906522055,0.4975729766860245,5.090418251037122,2.1395700917248397,11.408459110622172,-0.008559866567066575,0.616641951452685,19.677954936041264,39.48402100244357,0.45159235499575656,0.34743357200724534,175
61145000,ar1,zero_shot,CAMELS-BR,0.9079403136258942,0.9205999626367515,43.98666088095792,25.52312505528793,0.462676877249891,-0.0017093627375839842,0.9358290202241427,126.41783203501106,209.83755403926108,0.24610331627522658,0.2519471166765561,188
61150000,ar1,zero_shot,CAMELS-BR,0.9396597211268618,0.9257496686836042,59.07421346785517,36.065133545969,4.6227459695947095,-0.0008298893041299819,0.9315374996310303,191.71443950744032,172.61237031913183,0.30242627846211273,0.2543147281825482,188
61165000,ar1,zero_shot,CAMELS-BR,0.6787098013375179,0.7781319137479403,2.2559846348974513,1.178465492024742,-2.0461729929817163,-0.002492247884165369,0.8627653313249402,6.254993073087563,6.881490946859177,0.2587740088356308,0.23805626848713193,152
61170000,ar1,zero_shot,CAMELS-BR,0.9234894358908468,0.9614528211330725,0.2162754067672861,0.10908421091004313,0.10190607358958576,-0.003027661905955669,0.9935449917642873,0.5680594625882014,0.6399705966256155,0.16692294312054268,0.1783563988812038,169
61173000,ar1,zero_shot,CAMELS-BR,0.6538924777611104,0.6288262667094255,2.854129751069662,0.9816125072317604,-3.8510284630493365,-0.0014039348247362566,0.6734149286982727,12.181064329810239,21.737233282584988,0.3587398646708087,0.26935594198444207,178
61175000,ar1,zero_shot,CAMELS-BR,0.6633716026290917,0.6538724130738456,4.976724886561577,2.5324302717670157,-0.233338120434815,-0.0001162175876708825,0.7018964690149327,17.848174984882,29.572507058285353,0.2820143543651351,0.1536895256374244,84
61176000,ar1,zero_shot,CAMELS-BR,0.5790008724208195,0.7825138697622789,4.238734933369265,1.4685525286930325,0.06505870857009839,-0.002267209304864872,0.8345008299049985,17.761354076387672,33.41066495167867,0.3033923034618071,0.27835008363584246,188
61195000,ar1,zero_shot,CAMELS-BR,0.16210609785298025,0.3658440086477609,5.103293517681286,2.548117281060175,3.0783897691348696,-0.004481473932473708,0.6683890891971609,18.173773948600857,25.362248948312256,0.5802877792756297,0.31927370063478694,188
61196000,ar1,zero_shot,CAMELS-BR,0.8847393955811895,0.8545200972622933,1.4154760737039858,0.7612416148756999,-2.90214995246031,-0.007792425616156191,0.8654446635170312,4.881592305890977,4.765771863137668,0.4586522406999265,0.3833928742918957,188
61197000,ar1,zero_shot,CAMELS-BR,0.7566003896109117,0.7950069142466712,2.757500261706063,1.425304086581455,0.5969645750568505,-0.0028417438559950083,0.8403418311612962,8.90503106295201,15.247357022194974,0.31481198858900455,0.25035659606937116,188
61202000,ar1,zero_shot,CAMELS-BR,0.7909530809291156,0.8762005818548162,7.638991826910007,3.5093392544870348,1.3684357466842707,-0.004392724911931734,0.9299032091499292,29.67485406110505,39.767519936369396,0.6506240954894544,0.57594866201021,136
61203000,ar1,zero_shot,CAMELS-BR,0.9171891914716273,0.7984730878528333,6.831394571732286,4.3383004597897115,-1.057672681445561,0.0012312790090683035,0.8001895019860916,18.2306929462939,22.76546632366815,0.6987647604251155,0.5168545423041603,25
61230000,ar1,zero_shot,CAMELS-BR,0.9653541499291705,0.9747618666820562,68.54713405850154,40.308546516953335,-1.0218641250842142,-0.0004618928956699707,0.9813290214359915,189.34055324180102,216.4201866434787,0.22273093664355956,0.23300455107922755,188
61250000,ar1,zero_shot,CAMELS-BR,0.7024604996528734,0.6242058163990771,1.037538129741105,0.5517675631142667,1.8577164601520597,-0.006166714326455748,0.6479567372972279,4.104226086685216,6.619330884345159,0.27984491276342943,0.15982994273957724,179
61250100,ar1,zero_shot,CAMELS-BR,0.7366021567333088,0.7761200743604992,0.8147318066094136,0.5048018160699173,3.719888972048565,-0.0026303523989716984,0.8242586621266614,2.236954757748801,2.5064330232265566,0.2646870524808357,0.21136091554894684,184
61255000,ar1,zero_shot,CAMELS-BR,0.9331038985446747,0.9663465853142171,0.08263070071706398,0.0440789468129636,0.05100722010396758,-4.113044370872851e-05,0.9949986244683031,0.22401126119670564,0.3085141178518161,0.07812922055248472,0.07970886113173527,188
61255300,ar1,zero_shot,CAMELS-BR,0.8047465422398923,0.6700385018654539,5.402883242474217,2.8586525656346256,30.881598088239926,-0.012600710220261931,0.6832291267514881,14.486610126325685,8.146152723846846,0.6386528815641314,0.4838513497013303,81
61262000,ar1,zero_shot,CAMELS-BR,0.5318704032762047,0.7429617288170113,1.2282796059530061,0.6848359796381442,3.9439396503592756,-0.005287115151879775,0.8899046047881798,4.713557458000209,4.009415553412818,0.2500954305602335,0.20869022242041482,136
61262100,ar1,zero_shot,CAMELS-BR,0.7300297377208089,0.7703237802930873,0.7794670159025091,0.3661510281209244,-1.6486288758827201,-0.0023986824218843565,0.8213361351544325,2.9300824125818266,5.509552555684969,0.23590778675231236,0.2375980722774567,188
61265000,ar1,zero_shot,CAMELS-BR,0.07805459655168878,0.5783624653187263,0.9689712781219232,0.6803389325520829,19.36745239648961,-0.0004391541022477491,0.75773109273366,2.3899640306814485,2.5221750040923547,0.42413896736190415,0.33856934014006573,48
61266000,ar1,zero_shot,CAMELS-BR,0.7545453475316538,0.8642486911924802,0.06217504242900154,0.03349533805942102,3.5605954397506068,-0.0014376846356510646,0.9437944194582638,0.1434495168129699,0.144603726559501,0.250506879785831,0.22539113518599543,188
61267000,ar1,zero_shot,CAMELS-BR,0.6404439187017017,0.62767662077912,1.1712829411465924,0.7403406791900188,-8.447048279589401,-0.009987986699582261,0.6746445652200638,2.883347767450473,2.9031517308983266,0.38065003811208964,0.2566974761941881,184
61269000,ar1,zero_shot,CAMELS-BR,-0.08476465780043774,0.18195627650739188,5.227135268967875,1.8374275371307296,3.979280058654012,-0.0031321737023184606,0.6486551291786089,18.838604014020877,34.42462383858339,0.6466208918376795,0.3693603299174404,67
61271000,ar1,zero_shot,CAMELS-BR,0.4027357632387154,0.507570611509702,12.75258686693823,4.252015237099532,-4.029969120665659,-0.0049816194553915834,0.6669485486036324,51.33935925821053,107.01692303296429,0.40892328298707836,0.29857462115932215,188
61272000,ar1,zero_shot,CAMELS-BR,0.9595760946895393,0.9794001824893339,3.519891802432465,1.641162937979076,0.07341148228786022,-0.002057175397674183,0.9933546819562771,7.9925649249952055,13.243935006341971,0.21365430474467564,0.21234570795383306,188
61280000,ar1,zero_shot,CAMELS-BR,0.6555852461637761,0.7703950163533451,2.1013606997990864,0.9650244935331893,-0.5605194855691016,-0.005223364438698657,0.8668376543461895,7.1828152019149,6.1436113832036865,0.2765829094459281,0.2708269266855173,188
61284000,ar1,zero_shot,CAMELS-BR,0.6952235485808556,0.7843473254307936,3.590859737185649,1.1464851623970358,-0.3612088508769337,-0.003769096753086225,0.8619433876429984,14.87793377594055,29.995313459622594,0.301326765544135,0.2305446852689749,182
61285000,ar1,zero_shot,CAMELS-BR,0.6899149334040314,0.7036185466653035,8.412999700401215,3.0330955503130177,-8.744856656470429,-0.004733041893292454,0.7524944833562559,33.96306618617123,61.839681794181544,0.49453590935862374,0.4059012821040725,175
61295000,ar1,zero_shot,CAMELS-BR,0.8003954804914588,0.7404781186766533,1.4472318535718078,0.6640218059416093,-5.63553268256425,-0.007302175755200334,0.7576527874780211,5.142183568609437,4.913162813311342,0.5789395214262131,0.40126032185779786,184
61305000,ar1,zero_shot,CAMELS-BR,0.942541949492979,0.9635588524569209,9.462483583977683,4.753371867676255,-0.44012947824514675,-0.0008200394426711131,0.9779033633530613,11.965818167763643,19.069572691000342,0.31756232473736634,0.3030890376137494,179
61315000,ar1,zero_shot,CAMELS-BR,0.04949917685138994,-0.14179031573752732,0.688190584885676,0.2606601309542055,-1.7673788653265508,-0.010981908532666243,0.024875588489123412,2.0392992462017494,4.264135300126333,0.3933567310102783,0.051860416295448505,48
61317000,ar1,zero_shot,CAMELS-BR,0.731350149719822,0.8006307074138282,0.774977227060935,0.38470474342172234,0.18414228070944422,6.71592947703737e-05,0.8627782353898842,2.4038328729227367,1.714968321457451,0.2456951786000321,0.2531008130611638,171
61320000,ar1,zero_shot,CAMELS-BR,0.8578738203923565,0.9170960552029876,1.9495342571973897,0.6095228916785989,2.2000813127579812,-0.0008204068280630462,0.9505244050585122,1.6594750126633238,1.0647891419570787,0.24358694193140584,0.2686284301018645,188
61323000,ar1,zero_shot,CAMELS-BR,0.8948892007027291,0.8791149441061856,0.0715697263078506,0.032367576331205745,-0.9750446955405614,-0.0012730273563913846,0.8902804036541213,0.2339082344759158,0.22307518914973734,0.15095976166232983,0.11616563541762921,75
61335000,ar1,zero_shot,CAMELS-BR,0.8401255129761123,0.799001586614896,0.8175411197605245,0.42746932010506905,-1.8984010809101983,-0.002867900989355623,0.8142534046718553,2.4557514694147686,2.7006859552959837,0.32532254573131714,0.23540812366626518,184
61343000,ar1,zero_shot,CAMELS-BR,0.8463502273598356,0.9205902357823309,1.778475679470021,0.6291002673978257,1.8836527831820897,-0.004147495666580287,0.9713302955143436,6.371522365384583,11.3799621354743,0.2649725680356095,0.28509547651777295,188
61350000,ar1,zero_shot,CAMELS-BR,0.40204045962934276,0.7067742609579489,17.58025689142843,5.550246978498631,-4.454898127241566,-0.0011489621785168228,0.921431533068774,71.09399921538747,92.3357738610163,0.4134311975608524,0.40339410004454757,170
61360000,ar1,zero_shot,CAMELS-BR,0.09774688527010256,0.3288919382511093,1.8241814970794297,0.6585804918185094,-0.48837885881570786,-0.010209644035252458,0.6760127070056614,6.379809149195938,10.868641446292727,0.5192446103944248,0.3630205774983074,110
61370000,ar1,zero_shot,CAMELS-BR,0.8730718676338431,0.8979152862246392,7.771451827499077,3.6672054128435527,-4.2439820700092,-0.003181398272420699,0.9212104489691528,17.157642304473505,21.31000989683987,0.5391702432471519,0.4745116949286161,184
61380000,ar1,zero_shot,CAMELS-BR,0.9133371511908518,0.9372323020509087,2.82647484302879,1.629607636936301,-1.3663923357782772,-0.0028750962130257435,0.9552569921609735,3.9393577515045433,5.684047260886628,0.4267464107008537,0.4340458331695943,188
61389000,ar1,zero_shot,CAMELS-BR,0.50893593652461,0.6808517248707726,2.296890885427181,1.455936890670511,4.061140295895551,-0.0025891541367599677,0.8268452602938664,7.643908436780842,9.983200100893253,0.33579063767047546,0.249684393885793,139
61390000,ar1,zero_shot,CAMELS-BR,0.622849486225838,0.6899674546017482,6.237949273349628,1.6222325355189349,-5.605199927933746,-0.0026558079264473074,0.7710292413547521,26.248590846118393,53.17566560791919,0.43693362484406434,0.4434116082528959,175
61405000,ar1,zero_shot,CAMELS-BR,0.9481829148551219,0.9585072442497912,0.25258715728662207,0.11936644185633034,1.3200107427859331,-0.0014437984939970165,0.9676092970629381,0.19469355417658168,0.14512837746405546,0.22753930248467416,0.2187854255649007,153
61410000,ar1,zero_shot,CAMELS-BR,0.9274514937172882,0.9449541223583284,20.120883892471635,9.402707246717119,-0.5462329963895888,-0.00019693186667349254,0.9590652187094857,64.41144387877576,23.56551755967325,0.2602130723449598,0.27585299890904535,188
61415000,ar1,zero_shot,CAMELS-BR,0.9863202393022195,0.9913133187323838,12.519583255460617,7.410349089334518,-0.08639699191664035,0.0003578122247616042,0.9946127221268507,9.351343966427638,8.234034614772975,0.2414736205747499,0.24325603799180556,188
61425000,ar1,zero_shot,CAMELS-BR,0.9540218312047295,0.9735166759676647,17.376107857468643,8.673374163571648,-0.9813505916623638,-0.000859157412118023,0.9855928787521404,35.103945358248154,60.447868674249385,0.3079846905027455,0.2968284968063503,188
61429000,ar1,zero_shot,CAMELS-BR,0.6424655237796619,0.7155979967392294,2.46252357866771,0.7701649574666911,1.01913812074554,-0.004748315824968378,0.7955923305039772,9.785962051584807,18.277857076999865,0.5103087119584434,0.38059630110074144,187
61431000,ar1,zero_shot,CAMELS-BR,0.659784587196983,0.6696448944516702,1.1892803106075964,0.4778099264760311,-1.9824938864829342,-0.003084719318704937,0.723494988883393,4.629096818096764,6.806564889023984,0.31672797689070703,0.22712703128894196,188
61434000,ar1,zero_shot,CAMELS-BR,0.3463363474668075,0.6903853884686244,2.08327121394915,0.838727883856136,0.41541833738681666,-0.0046013309667850034,0.8583358697570349,8.161367845367499,14.823528579077804,0.43974157710421446,0.40658659270322306,185
61440000,ar1,zero_shot,CAMELS-BR,0.8384847140671519,0.8366745603917595,1.8659409047923268,0.8151364924814368,-3.440032019338047,-0.004975410705746742,0.8568331108121394,6.586587638735178,11.077629189307293,0.4405111947565185,0.35469045986252057,153
61443000,ar1,zero_shot,CAMELS-BR,0.6909543920318852,0.6210643733485546,0.35212623284365546,0.12387834214055345,-3.946560919166667,-0.0019461440000327589,0.6453605494565444,1.357083476851133,2.932408506776861,0.2545886841680753,0.18339356298578835,188
61447000,ar1,zero_shot,CAMELS-BR,0.8184465203232134,0.9006365390822141,0.4778402587363916,0.2729400673547042,1.729019751489998,-0.0038871633070707134,0.9634902529895386,1.0153561876461452,0.933636833153087,0.2660370117562275,0.20748709636107884,188
61450000,ar1,zero_shot,CAMELS-BR,0.9305274694116995,0.9254007576583977,7.383739447668053,3.6574511142589734,1.6084462616240696,-0.0011587829844303555,0.9316684913884276,11.457049597839635,5.105418963980055,0.27346698055491653,0.3054700054794232,188
61452000,ar1,zero_shot,CAMELS-BR,0.7336151677573564,0.8548543973018242,0.37120602736827774,0.20853363246544127,4.741786166438054,-0.0017788524290543919,0.9413091320781932,1.0817437921593849,1.7031430757662804,0.2564024852250341,0.26755156356925774,188
61460000,ar1,zero_shot,CAMELS-BR,0.9199608428914057,0.9517562448693748,9.039608882030235,3.95672881954302,-1.1234674596070238,-0.0011205864663467457,0.9737288300009982,14.43558800643935,6.365664661703758,0.3562210013764283,0.3451830734058347,187
61470000,ar1,zero_shot,CAMELS-BR,0.884498345900523,0.9257695441623623,0.31723296427435765,0.13784051863697386,2.94161310598898,-0.0005115723297042015,0.9533615362522188,1.137265493886453,2.0163392600217387,0.17615598131473834,0.17485679557743386,186
61470005,ar1,zero_shot,CAMELS-BR,0.9627935674554325,0.9682365167878079,0.38163142748018875,0.1795656116256478,1.6694458939961185,-0.0008100836922057056,0.9736385373834923,0.7260637051036053,1.3893379445641758,0.1975490711036049,0.18692405230880255,188
61473000,ar1,zero_shot,CAMELS-BR,0.8889364446676443,0.894498509438188,4.357411992304776,1.920776244435737,-0.5939276503270888,0.00017044696240212792,0.9094443457155019,13.329449395549446,22.785534125178383,0.2825987847569686,0.29233715333068355,187
61484000,ar1,zero_shot,CAMELS-BR,0.9013567042930561,0.9217183637711891,2.341772160883847,0.8293768620936651,5.962922794521705,-0.00830168388097214,0.935832457257096,9.836924712928742,6.559869662937394,0.4853264612908561,0.43045350117679326,170
61485000,ar1,zero_shot,CAMELS-BR,0.007815087631055428,0.2917034851321948,1.5018449721191978,0.5083059372915061,2.3572107436378107,-7.152100856935677e-05,0.6828824848963448,3.8146094718783288,9.173512294245212,0.4463078972031767,0.2619423556681827,144
61486000,ar1,zero_shot,CAMELS-BR,0.5081916238184778,0.4885243956034284,1.2148859674425807,0.4076839767425354,-2.900809406610847,-0.0012264171736248199,0.5536444190569294,4.7861435848677445,8.22683865830436,0.29246677691219536,0.17312623651855558,106
61487080,ar1,zero_shot,CAMELS-BR,0.570067336877349,0.7775576227871055,0.7864739103220141,0.46035101646048043,4.81734354890381,-0.004028741112107895,0.9476196770570127,2.2426617480128,3.92766097977896,0.38103795207937835,0.35634650902016124,185
61490000,ar1,zero_shot,CAMELS-BR,0.5562059457856035,0.6648682531505736,1.4139332040714871,0.6247761549386392,-0.9642909427190814,-0.0033273682975370252,0.7801339785961736,5.095907960350163,9.052305244225431,0.35376181666977813,0.2750447485433456,188
61500000,ar1,zero_shot,CAMELS-BR,0.8548541693899065,0.8931647222856569,4.95384945820783,1.9813766538281243,-2.6286428026235957,-0.001937969098280895,0.922977862841334,17.58161201507901,35.94075370781392,0.39534306755581683,0.341572634319485,187
61505000,ar1,zero_shot,CAMELS-BR,0.6294284184348224,0.6697262992513127,0.7240991816606659,0.3103844567567479,-2.607741483323977,-0.002143805590602968,0.7396133920767874,2.795309026801768,3.4207649990210633,0.3641825489797206,0.26650705486644133,188
61510000,ar1,zero_shot,CAMELS-BR,0.969561637456338,0.9736216330858913,12.055732561329759,5.975456682519079,0.7925809816023591,-0.0013429523595751905,0.9779481611129907,22.646632638554124,12.218021439429627,0.347174976955492,0.32845810859911095,187
61513000,ar1,zero_shot,CAMELS-BR,0.920466081114382,0.9377999294301265,0.2866294236945852,0.11622718842842246,1.05665032366813,-0.0018132328266485115,0.9527366334127976,0.9969476840604707,1.404887255929895,0.2608384105752815,0.22756630984169907,188
61520000,ar1,zero_shot,CAMELS-BR,0.9344863131460948,0.935733751582009,3.3586150726625026,1.3705125839342975,-0.1537870935411459,-0.0007049848087722806,0.9443016704014465,10.698519827199512,14.996075095946937,0.3930270410457687,0.36677456036863015,187
61525000,ar1,zero_shot,CAMELS-BR,0.6694625901724112,0.8326686750030725,0.04842802343811239,0.018368145309297715,-0.5215503897683682,-0.0007976477119090138,0.9489085800476794,0.12960165845982652,0.05408288113761854,0.1423537069874975,0.14387735283678932,188
61526000,ar1,zero_shot,CAMELS-BR,0.11783332232634203,0.26469688778127287,0.32445276618939706,0.2784216958140858,17.703095430902348,-0.004163106566875251,0.29316386061920763,0.7403306953835586,1.0013841125271832,0.17234962180333774,0.03896849943328896,32
61526080,ar1,zero_shot,CAMELS-BR,0.288780681725471,0.5026038241916889,0.2700076247257329,0.1651154706012607,1.9723628053916538,-0.004322386280560166,0.7506927205636525,0.898856439085276,0.898856439085276,0.9086378737541527,0.5981191076308172,19
61530000,ar1,zero_shot,CAMELS-BR,0.9503150436517266,0.9736024052145268,0.8105246213072121,0.38758928084225513,0.4850356546645113,0.0001539443608865182,0.9906224469704197,2.4366024089064844,1.9780509075724426,0.42656965091478116,0.39547939034076446,187
61537000,ar1,zero_shot,CAMELS-BR,0.931043977716918,0.9643665404643563,21.137770144062458,11.34349031128015,-0.6224573585077051,-0.0008207989041957697,0.9895244246112868,55.70035772328447,20.08244801312475,0.3667193615250431,0.3474325902417895,136
61540000,ar1,zero_shot,CAMELS-BR,0.9418753141097264,0.937836691021897,20.168642988673657,11.416855009067493,-0.7468905829848178,-0.0016141220400918681,0.9448994667055015,53.722977444694706,50.784070730890605,0.29747600088081083,0.30378794848646534,145
61545000,ar1,zero_shot,CAMELS-BR,0.9613391057492637,0.9628614241285416,0.6456235438815306,0.30328032358791146,-0.3123410226729892,-0.002367239369504604,0.9683092848204524,2.1549771975658536,3.085745450731073,0.20055057031314683,0.21613177805748574,139
61550000,ar1,zero_shot,CAMELS-BR,0.9884761456995121,0.9903363542345343,27.24564041632775,14.821327467896374,0.168582622686519,-0.00254901945217848,0.9921099026665686,28.646343496916412,23.840630284133443,0.2047712362613956,0.18550814757053394,188
61565000,ar1,zero_shot,CAMELS-BR,0.7828389375843524,0.7907672616329555,3.6396874419105973,1.654186184727388,-1.357480038691061,-0.004380823865075049,0.8234835294877059,13.042088320981447,20.84708990234694,0.43960818025586773,0.33868315070842026,188
61566000,ar1,zero_shot,CAMELS-BR,0.8694395029173556,0.9346268580147202,2.441999815193828,1.235884682238156,0.5420954041075132,-0.001467689098371576,0.9937756373844256,7.567922647005094,9.258212183944192,0.2920702131635217,0.30102954805452353,175
61568000,ar1,zero_shot,CAMELS-BR,0.926736206870993,0.961777387621829,2.333303717307752,1.1386778808111808,-0.5161538463933596,-0.0005613505813887865,0.9853976938057191,5.75041714516887,4.746787216990548,0.3731612344430534,0.3641828354535474,188
61573000,ar1,zero_shot,CAMELS-BR,0.9797362446786391,0.977692059433051,29.300032730815325,17.095254064004745,-0.5012332779071162,-0.0011789771110934447,0.9800504005813803,59.805573953242316,16.68686622091026,0.3239440442311122,0.3197674104790387,188
61585000,ar1,zero_shot,CAMELS-BR,0.9824302058492469,0.9800073340517764,0.628158760422342,0.3806905028494123,-0.2678181118077683,-2.1901588651885434e-05,0.98199599983869,1.3943032713394556,1.355149685032844,0.11877968795509546,0.11251944011206043,188
61595000,ar1,zero_shot,CAMELS-BR,0.9862799909331311,0.9489162537102009,0.3850747126044141,0.19858139413552378,-0.6006005478373061,-0.0010824051768126407,0.9492113326573159,1.1177112958422142,1.1937735655407617,0.20006514321577099,0.1942775085009319,110
61605000,ar1,zero_shot,CAMELS-BR,0.659909647037977,0.8046176622909547,0.3384516201062137,0.18816451405659002,1.175490131828538,-0.0012158120690659215,0.9238136345293982,0.8996229831983479,1.3689115293143241,0.18806647208190638,0.18328066082210206,136
61610000,ar1,zero_shot,CAMELS-BR,0.6908873200221785,0.8396476099413716,5.512540995953666,2.9568000651582107,4.695977654934454,-0.002934845199159602,0.9440028780305793,15.381320016351438,15.83712307057826,0.3271142073709354,0.29006425732880864,188
61615000,ar1,zero_shot,CAMELS-BR,0.9962512014293803,0.9973410607774486,1.3804283435632172,0.7606948360423014,0.16458009612522848,-8.851270572909214e-05,0.9980924235437875,0.5620984905500472,0.303759030805269,0.07481551013805796,0.08095633403216346,188
61635000,ar1,zero_shot,CAMELS-BR,0.6486847731015797,0.7627141608498388,2.985072163228523,1.5533812584944307,-1.2173102529903028,-0.0044791912074365805,0.858333775746251,10.040230896820443,12.375262293062155,0.49240050463644097,0.35805173867441453,188
61642000,ar1,zero_shot,CAMELS-BR,0.9497634750737547,0.9743407975844611,1.304887883871342,0.5713780347829926,0.2942827627389693,-0.0019947215844633645,0.9948786086708633,2.2585018939701045,0.6513354765952344,0.33313448024774756,0.31275856153564585,173
61645000,ar1,zero_shot,CAMELS-BR,0.9871489626768274,0.9890882165540096,43.44463261291486,24.332737489324366,0.2374416016193421,-0.001431902163722118,0.9910644445280402,39.94225630444801,44.156921040760295,0.20351884868737122,0.1955610226122869,187
61657000,ar1,zero_shot,CAMELS-BR,0.9846451902759076,0.9809736206718476,90.00480998727191,50.7788090760001,0.2537707485290861,0.0007078279955876152,0.9823793363370774,219.5414984168232,159.69053301306008,0.21066423653096786,0.21522534343466102,188
61661000,ar1,zero_shot,CAMELS-BR,0.9048371978496275,0.9155455659339409,121.65472602622819,88.13973384936861,1.483150410106471,-0.000585564365261141,0.9305915442399891,136.0483189506238,197.40989792840693,0.18854504036819514,0.159751902428506,188
61680000,ar1,zero_shot,CAMELS-BR,0.8254126565001196,0.8617089056375193,0.3644401155043037,0.20147184026657344,0.10957242552775887,-0.0014291905246435824,0.8960456864145574,0.9184521126282709,1.7813242306435988,0.21415086272110725,0.2089860615725426,188
61684000,ar1,zero_shot,CAMELS-BR,0.6814543954514537,0.7090768516244368,5.560519937188561,2.334988437684682,-1.1616407782423994,-0.0037660485165265656,0.7652373800744569,22.62095000831345,31.464887518581342,0.4455723419790206,0.3369702040848636,188
61684500,ar1,zero_shot,CAMELS-BR,-0.20478760240579508,0.43944718715635533,8.918499823549622,2.864988583668513,10.184940396118307,-0.004501109629063027,0.5580171687905323,15.460722040641983,28.203584333460604,0.3877689462472373,0.42247911815609823,171
61685000,ar1,zero_shot,CAMELS-BR,0.6001034496183855,0.7926429791351164,6.664217873413576,2.8279693381385194,6.5450754179655135,-0.005134753932953925,0.8952991494468984,24.157660081251258,37.425648282804524,0.43284422194469524,0.4012083525799424,187
61689000,ar1,zero_shot,CAMELS-BR,0.7061987886641599,0.7477438629914148,5.6956264134177905,2.5232658978732125,1.2140170475917493,-0.0005216476559001485,0.8037660638882984,21.93329474381376,42.00756666314909,0.4475937813793702,0.3691065832949447,188
61690000,ar1,zero_shot,CAMELS-BR,0.7794037196482105,0.8032213614483972,7.785508521382623,3.4873614374523254,-1.5964672582884936,-0.0029122438025042385,0.8398310464428086,28.84831709185613,47.86753696071992,0.29425419128062047,0.28634117138646725,188
61695000,ar1,zero_shot,CAMELS-BR,0.42830350082075386,0.4906861590870042,12.468545133673011,4.205767941189108,-7.815940347895556,-0.0045297079235210765,0.6190233180421778,52.26943183911394,90.6171856515009,0.5593421748421685,0.38494492389239854,136
61700000,ar1,zero_shot,CAMELS-BR,0.4697938793431442,0.667073425737538,3.392927741801105,1.575447320398964,7.642994808533509,0.0005833304827857974,0.8395704111525014,12.871369745007849,21.92404801536645,0.42946203149994927,0.32377588608432506,188
61710000,ar1,zero_shot,CAMELS-BR,0.5832508052516944,0.7712490183094589,1.8304250881580182,1.0930167999362257,10.99955553957028,-0.0032932827240378625,0.8877476810083136,5.3191802945136715,9.40688017991987,0.3602031393597912,0.3504754881587169,174
61730000,ar1,zero_shot,CAMELS-BR,0.9356227195911069,0.9639721468936094,124.97347107511574,51.07635974582744,1.6802830294635744,-0.0012743969311747802,0.9830198716598548,165.25552628166875,241.8330387157667,0.27090313737435273,0.22805932515870958,182
61730080,ar1,zero_shot,CAMELS-BR,0.9097623890384059,0.9213084380214851,239.22536542803374,87.02902106206548,4.189144254059768,-0.0010525996442000037,0.9326887415061318,971.1039370759463,848.955446898423,0.43346837977146774,0.37419641764353223,188
61731080,ar1,zero_shot,CAMELS-BR,0.8449397360684763,0.8093813232954035,186.32006394301567,142.29917218142103,-1.7494434154832674,-0.006807071587607641,0.8246811134806535,311.0839783626631,376.9223986950256,0.19810584245216611,0.1376471120243531,188
61734080,ar1,zero_shot,CAMELS-BR,0.8612660772170875,0.825872332028671,167.48595894824774,124.71210917590217,-2.7103744581884124,-0.002389631632230639,0.8387452865201165,325.08751353461236,423.3894501390728,0.1903877684056654,0.14918252940646995,188
61740080,ar1,zero_shot,CAMELS-BR,0.8483308231753041,0.8310409315249347,198.12177563648348,147.70154016579977,-2.2227288012470945,-0.003221207531051467,0.8483178723131921,423.3573595292183,572.2701706567879,0.18332830635521744,0.15140242515660934,188
61756000,ar1,zero_shot,CAMELS-BR,0.9740607440444191,0.9861542378667244,2.5729245857679084,1.2538841730808699,-0.3139999221635471,-8.551198894017273e-05,0.9942591494010458,5.312754983168022,8.017209984295565,0.1580299901368512,0.17417893510154625,184
61760080,ar1,zero_shot,CAMELS-BR,0.8427941138979236,0.8772424018998963,172.02619599096047,132.3894748811248,0.44034319283362566,-0.0030413695067302675,0.9083417561938618,253.18017732103323,376.6418907220293,0.21656600517687663,0.16714484583857997,188
61770000,ar1,zero_shot,CAMELS-BR,0.7296283510028891,0.779697375702137,2.247771781330112,0.8405170729567542,-6.110303212916092,-0.0032919461275243214,0.8333971240684687,8.423481140294404,14.777081541518697,0.48384342261849766,0.39577242123751816,176
61772000,ar1,zero_shot,CAMELS-BR,0.8838351974705001,0.9142018969171878,3.515985309495885,1.5474918718198856,-1.9911356493817052,-0.003095625113225326,0.9370612963249789,13.152047554824485,7.245360500200956,0.4057611695185716,0.3642262096815098,165
61774000,ar1,zero_shot,CAMELS-BR,0.7546076413729217,0.7350262887072426,10.926917296075594,4.088991634236136,-6.973493845616488,-0.005214587281818662,0.7643120637385059,41.79422968856629,68.86009423999522,0.336655227459268,0.25974134621284384,188
61776800,ar1,zero_shot,CAMELS-BR,0.4233079475669145,0.49374178640057786,2.843984373708047,1.1907540344577217,-2.686706795453422,-0.00754153151630426,0.6300727306716507,11.698818492081113,19.247199481084376,0.376397849027307,0.20617402331370074,166
61776900,ar1,zero_shot,CAMELS-BR,0.9654180435983789,0.9512845711269152,7.253933612592286,3.3941275592212223,-1.6736340120521773,0.00023086405657015904,0.9542722877719371,13.89361046860501,6.513960802421484,0.21518247692823422,0.1977460455600265,172
61777000,ar1,zero_shot,CAMELS-BR,0.7014594220323895,0.7516541059388918,1.1787179449317167,0.5143667040135905,-0.5964543792312073,-0.001384029789384499,0.8110890143513707,4.330988312924956,8.188536821696307,0.3022913993229249,0.21389411749548892,160
61780000,ar1,zero_shot,CAMELS-BR,0.960587245560801,0.9706696936534517,6.731867998141298,3.6840875537009983,0.6298382755708558,-0.001501243086234394,0.9783059063105536,20.141281161107205,9.429050129574312,0.24462883497507626,0.24639290896359117,188
61780500,ar1,zero_shot,CAMELS-BR,0.9686670767739172,0.9735594163870283,7.859085333303572,4.140254006013251,0.36236046196890076,-0.0006628765141113938,0.9777346776059871,18.836536598080347,39.16846991438988,0.18093541657167103,0.18955340460916179,188
61782000,ar1,zero_shot,CAMELS-BR,0.9527850325184708,0.9675979665977156,8.64887240068772,3.1084640754949695,-0.30332145862762216,-0.0005094478419009375,0.9780650974546216,31.776250081297974,69.34058130072602,0.19732553212295056,0.1770138346025766,188
61782100,ar1,zero_shot,CAMELS-BR,0.9771524449682055,0.9851784949482493,10.22741592216241,4.804733496596247,0.19668434136623447,-0.0012092067661399614,0.9879429060857221,35.17448317590801,58.46500233718707,0.23569074457887618,0.21286460511416735,174
61782500,ar1,zero_shot,CAMELS-BR,0.6333127557109743,0.6796595791148055,0.8352940604337947,0.2991318965836886,-1.255233500141233,-0.003456757152440971,0.7507124189787227,3.244642091640016,6.828131744945775,0.35696580687759094,0.2585417045510228,188
61783000,ar1,zero_shot,CAMELS-BR,0.5803963610401308,0.6047236311439187,2.3228155152982897,1.0598254184972535,3.0966107188193677,-0.0078050863711726145,0.6796991502335681,8.909730425323431,17.293957033075692,0.24776383783495823,0.16786191986353005,166
61783445,ar1,zero_shot,CAMELS-BR,0.9399040018754551,0.9410800241446646,10.370527558142506,5.452896976322263,-2.200087661851011,0.000655238019065741,0.9491595158008164,25.308338819291123,21.444349616898375,0.22453727672109394,0.19994962349328754,188
61783450,ar1,zero_shot,CAMELS-BR,0.9450553327093933,0.9296108685771869,10.325875577143291,5.4592752566214715,-1.5916772592185804,0.0006248986831453203,0.9349340480591203,28.57804067976041,23.68923062670651,0.23350489237755262,0.213289422012509,188
61783500,ar1,zero_shot,CAMELS-BR,0.9769429097735961,0.9466518396611603,8.971846167435377,4.813025154249163,0.6848652563594626,-0.0009884792392240369,0.9476851511562056,24.864560441889818,48.204430867060566,0.1471862478723742,0.1432062439363659,186
61784400,ar1,zero_shot,CAMELS-BR,0.9491704751145682,0.9527566158045513,9.72487329928669,5.6521114135274875,-1.0949785533259373,0.0007980119491304075,0.9602397634467406,19.034207186924302,4.287832187206849,0.22837520593798008,0.21812988683214207,188
61784500,ar1,zero_shot,CAMELS-BR,0.9473053102672216,0.9279638861013223,10.77796705917166,6.084848508025231,-1.906466078532869,0.0013517041910139013,0.932623137576993,26.327226126623426,31.332065622796115,0.24533496705391666,0.22172329717607114,188
61785000,ar1,zero_shot,CAMELS-BR,0.8973073795741822,0.9059962739560408,0.5891971467085609,0.2271840242053328,2.791802276222274,-0.001146386712540106,0.9161129588648622,2.2413478317995383,1.465854244925952,0.2145548343119181,0.2481391013111922,188
61787000,ar1,zero_shot,CAMELS-BR,0.9379293943075346,0.9281375649025451,12.82679201278992,7.0567133875269485,-1.2122930703224049,-0.0002928597000464786,0.9349553539920493,32.859857983586316,64.17713333435739,0.2283571256985917,0.21541504501153053,180
61787500,ar1,zero_shot,CAMELS-BR,0.9860271387097449,0.9924887292510738,8.413377479438843,5.035785340370309,-0.043163568321151924,0.0027358534865731463,0.9971838213342437,19.450704407065604,24.38316066515142,0.2586495598171023,0.24278206276182926,175
61788000,ar1,zero_shot,CAMELS-BR,0.9808234369799635,0.9813229604287117,12.185364623786727,6.028481248598723,-0.47684671447061994,0.0012825566824971064,0.9837778197031377,7.417803272463375,8.661766053582646,0.2216126126057086,0.23891210913715596,128
61794000,ar1,zero_shot,CAMELS-BR,0.8599499189873051,0.7831111872367215,4.779764421651908,2.723155437550901,0.11658377683839423,-0.035203451969855165,0.791818098754725,16.57603736361501,19.560835773568698,0.7877281513850818,0.6108322322019758,149
61795000,ar1,zero_shot,CAMELS-BR,0.6873867671965564,0.8338090199739302,15.391783949081873,8.153759538448274,3.3865449599959008,-0.0033615395861651236,0.9478520962345647,51.445348653407606,85.99816067078643,0.35474537287445973,0.31790971576727933,188
61795100,ar1,zero_shot,CAMELS-BR,0.7564391889269106,0.8043388404901399,13.151965073195726,6.1040667477211725,1.8663933582404684,-0.006241294357147183,0.853668410710223,48.586743657731866,95.91161374572883,0.36388709891175797,0.300131449541651,184
61796080,ar1,zero_shot,CAMELS-BR,0.7922297024807253,0.8804148229054323,217.31099392466444,162.37218954558287,-0.66975196383396,-0.0009460660490657972,0.9483319406570886,132.66951485270053,48.31604188175942,0.2252678076053092,0.1771433995666827,188
61800500,ar1,zero_shot,CAMELS-BR,0.8209980591755133,0.8505025321861793,3.28477539454217,1.4914845162210297,8.916242003125683,-0.0034002621803980553,0.8706758738011278,7.900805779093186,7.244879441516058,0.47386707161758457,0.5217110449850794,114
61802500,ar1,zero_shot,CAMELS-BR,0.8722043575684992,0.8748238516659308,7.926935521592593,4.357942767185455,-0.2827038967404309,-0.00016287439041398274,0.8928073078762692,25.83590461211955,26.09791754788677,0.3253734433697163,0.28872237010798674,188
61802502,ar1,zero_shot,CAMELS-BR,0.951486743341045,0.9750057183160864,5.147068996828239,3.0452805761202573,0.6085888005095702,0.0005039842940763803,0.9918880590937009,9.591228937167111,14.680540496517683,0.339891792269979,0.3222077196051929,166
61807000,ar1,zero_shot,CAMELS-BR,0.9811175441523866,0.9718854717416553,2.193160845266603,1.269380700163252,1.7380441207643806,0.0001426448608462562,0.9731343526704845,6.00194043733489,7.9441220446186165,0.3230737677900427,0.3214740411763881,188
61807002,ar1,zero_shot,CAMELS-BR,0.8451017353378307,0.9004168621343185,2.191564265730208,1.2236114216572036,0.373167097196604,-0.0008949670119180984,0.9406076843617502,6.159518307871835,6.692161906964554,0.2921529368566603,0.2513445894408872,166
61810800,ar1,zero_shot,CAMELS-BR,0.6774165930832875,0.8261799353880651,1.7231211235521564,0.7293652884122998,2.3263237817945313,-0.0030359479666340616,0.9424066744276466,6.705713739967975,11.503498568785188,0.40162576848437925,0.35982985874369555,183
61811000,ar1,zero_shot,CAMELS-BR,0.6956742203380055,0.733828917929197,1.6361178922807258,0.681075356055286,0.7291323498130751,-0.00219510761050105,0.7885501079155088,4.959042480330509,10.55357154776064,0.3052321526010663,0.2337190220677515,188
61811080,ar1,zero_shot,CAMELS-BR,0.8824125473502149,0.850651080435086,9.379137308753133,3.152384521086813,-0.5016675952324364,0.00017598836231264882,0.8612918237803021,35.45674827063876,71.27462107561868,0.18200946870068385,0.1505014429643406,188
61812000,ar1,zero_shot,CAMELS-BR,0.9322531575926503,0.9604339109983947,3.8921925310279484,2.1896576927911675,1.2080356480473848,-0.0004783195724198516,0.9769779572845458,2.731847068553098,0.6274851207039129,0.10888081184703903,0.11463958621858358,188
61813000,ar1,zero_shot,CAMELS-BR,0.944965621536958,0.9325392946899971,3.7018739985841047,2.0456119858775175,0.6740330013565964,0.0008553989748818561,0.9381859651789628,8.763805369696122,11.1056507432878,0.12733531695189246,0.11776766987046808,166
61815000,ar1,zero_shot,CAMELS-BR,0.16767039964764696,0.11759952783796246,1.4011163753313818,0.394111436682751,-0.6769814681924118,-0.0007693553869843172,0.32336049880876594,5.911743020759413,13.025487996356766,0.5075099769213612,0.21099828818085184,188
61817000,ar1,zero_shot,CAMELS-BR,0.5591634326097076,0.5929096414218749,42.15650383846832,13.49457773194302,-3.1222239908773655,-0.0013989744354095165,0.6695607208908547,171.66453868892353,373.0758592465469,0.27401401754755544,0.22431026645013272,188
61817002,ar1,zero_shot,CAMELS-BR,0.9687161389304856,0.9683630708161055,14.299076727163584,8.737261611076399,2.3800786000976863,-0.00300082654716537,0.9721782119743825,40.12428967474519,44.281553712802165,0.3579151254839483,0.34433601066349656,188
61817004,ar1,zero_shot,CAMELS-BR,0.8792957323770445,0.9256383614959587,6.689139627276756,4.39493959713795,2.315079846522463,0.0001299472701590254,0.9479324498785283,16.64745989816374,35.518023691553054,0.1679560931879283,0.1798963910563718,188
61818080,ar1,zero_shot,CAMELS-BR,0.9000663235274843,0.8649961636827236,11.418047708658404,5.78089949435804,-1.5269714924247644,0.00010988773159669243,0.8733837025156055,39.965326477280584,35.70953849729207,0.2220681286296264,0.18507215838188137,188
61819080,ar1,zero_shot,CAMELS-BR,0.8499683690419088,0.827171683693154,14.867694145459655,8.354898791652811,-1.93379067644786,0.0009353189006343268,0.8434002030212814,48.255469971326384,63.26069304891744,0.2407664296861453,0.21017518259760373,188
61820000,ar1,zero_shot,CAMELS-BR,0.8296029924043365,0.8195588712411113,17.531696848610167,9.838881986615734,-2.973321362360535,-0.001545745457147172,0.8408416498739778,61.21873268691663,38.69659259927179,0.3166790698817252,0.26578491407238414,188
61821000,ar1,zero_shot,CAMELS-BR,0.7608787841283832,0.727838032960178,2.6645914710737513,1.0466223274690807,1.2399988112516374,-0.0068115226543838895,0.7544487168122012,11.026601983951583,15.590507005737242,0.6014559533896994,0.4753553482580569,38
61822000,ar1,zero_shot,CAMELS-BR,0.5701134879727738,0.7879389757954616,0.4960625710028399,0.2515290582537492,3.252832889369187,-0.010667936553349435,0.9137262642384738,1.8771931927750554,2.525813612440835,0.6707884728187855,0.5861545615425215,154
61824000,ar1,zero_shot,CAMELS-BR,0.8208591777495199,0.7863635318172146,0.6086832404869291,0.3246886223879909,2.368866813173144,-0.001055826161833428,0.8020516673109087,1.9806304763498337,3.5196309728096344,0.2993525756230648,0.2500358656430216,188
61826000,ar1,zero_shot,CAMELS-BR,0.8533876699699874,0.8209902702152474,3.2112312014135025,1.6815117706009077,-0.7846095034179332,-0.0034120702273855025,0.8351954380894687,10.859642999016703,14.003719782220236,0.4731463345662887,0.4192547318989158,175
61830000,ar1,zero_shot,CAMELS-BR,0.8718189122394815,0.9160940837526359,22.075325108970105,11.681485893808137,1.0534470273083494,-0.0019437774614745884,0.9480087053212333,65.0395265429044,74.85454543990379,0.24651525712621294,0.21813774683307247,188
61832000,ar1,zero_shot,CAMELS-BR,0.8018653815344743,0.7637489803055981,2.5019525426602964,2.1537183838709386,18.369803246572367,-0.008322676572162862,0.7730230220710302,4.048712316398347,0.46718564489392733,0.5193690463996722,0.36495283183423605,52
61833000,ar1,zero_shot,CAMELS-BR,0.8911837783669818,0.9346579855941797,28.680101043969426,17.644515168969527,1.4948275205360564,-0.0009964721809281492,0.9650249528859106,67.5131173734404,111.63000853904705,0.25956452873334573,0.24825744721734153,188
61834000,ar1,zero_shot,CAMELS-BR,0.9643641371573005,0.9803191607709583,21.31482491969502,11.82860402867959,-0.13390354279630617,0.0010636571260659554,0.9909778335836449,54.75291576149475,34.80584835648433,0.24532960459956832,0.2620932393743076,149
61840000,ar1,zero_shot,CAMELS-BR,0.9784147357186986,0.9837915719412398,20.034516277196378,11.219591199096413,1.0465748244478974,-0.00023384919482094188,0.987660620345281,26.985383661397012,38.28201128387728,0.2829090859829037,0.2882883654402078,188
61855000,ar1,zero_shot,CAMELS-BR,0.9711722634880813,0.9316720692222148,18.074803318492307,10.622996308088167,-0.7193564613409033,-0.0012243917900029936,0.9328423615866213,55.025715858433315,82.30056537247178,0.2642142561913591,0.25428569982986043,171
61860000,ar1,zero_shot,CAMELS-BR,0.7762604695629327,0.8402433861169658,1.0063171413383962,0.49824871555943034,1.5452486851187637,-0.0016658820438605615,0.8926446483130805,2.748513209323782,4.081547449729314,0.3519413768484017,0.31744766235715877,164
61861000,ar1,zero_shot,CAMELS-BR,0.6561556467359129,0.8174800839509713,6.011558207664328,2.4815018845750547,6.530632771321544,-0.0007024975846288417,0.9336660680891495,21.61436386432446,24.79291914027429,0.4915686500819491,0.3944999432315849,188
61864000,ar1,zero_shot,CAMELS-BR,0.9280885970823056,0.9385957301822939,3.2569381415612906,1.4485984184823355,0.1958474302005926,0.001432469036095254,0.9503251776310766,9.552982972183939,19.476061272856576,0.22840939808353236,0.23152147142714746,188
61865000,ar1,zero_shot,CAMELS-BR,0.9390807758080891,0.9438091083367118,3.7498716452233314,2.0000294475086973,0.32230542453343325,0.0002326699926200708,0.9526870220728678,7.971983483561769,3.6622511830654223,0.33064364327802725,0.307202481556123,188
61868000,ar1,zero_shot,CAMELS-BR,0.8389789622095376,0.8344101673407633,0.34255578879367976,0.19019589048383384,1.4230255655588515,-0.004169242735546913,0.8559552575163135,1.1646616808542691,1.4294815622252623,0.26844410221858617,0.2624830224929246,180
61869100,ar1,zero_shot,CAMELS-BR,0.8878833574138139,0.9278545143724233,5.124621703005988,2.469904861886424,2.0805385779860495,-0.0003265212065870632,0.9422013833092235,17.143334826302596,34.10066286144244,0.273312702666812,0.27415711844665164,188
61871000,ar1,zero_shot,CAMELS-BR,0.8679787508559856,0.9133022898826704,4.743838089400038,3.0049120049973745,0.4009206738552543,-0.001955850745141421,0.9464062967700451,11.670877939124958,19.617933218933302,0.31309601905140977,0.2943489935244148,188
61873000,ar1,zero_shot,CAMELS-BR,0.8402793605848659,0.9007754899750051,6.348418803915704,3.399057903097121,1.520848041114666,0.0009655013229839769,0.9446172696768531,20.10792184883295,42.091347547011345,0.3215841539815722,0.29197746947102815,188
61873900,ar1,zero_shot,CAMELS-BR,0.8870446071308555,0.929853217494142,9.948557812550266,5.994326830173398,2.3410740986112906,-0.00131902139776577,0.9577107481805623,30.854042307267598,53.02574638990527,0.3663914995935852,0.3516588390162543,171
61874000,ar1,zero_shot,CAMELS-BR,0.8419705912933017,0.8737113253689583,9.886557042492674,4.556431371301104,0.561564263242573,-0.0014961122640702491,0.9039915020471236,33.81959434892708,64.41913080184142,0.3785165563978961,0.3710043635338612,188
61875000,ar1,zero_shot,CAMELS-BR,0.8041839795245234,0.8054718932845661,2.171267014060861,1.2096995664941173,1.555608515890488,-0.007049181464537625,0.8326925143202827,7.01883678475251,11.982203325971387,0.4822284007283067,0.39699932097412055,188
61879000,ar1,zero_shot,CAMELS-BR,0.9973315320887242,0.9938135739204407,0.9677644280602974,0.5513272271995143,0.2822617056298444,-0.0003577582632690625,0.9939408200027514,1.0342996534477014,1.7482694580169063,0.1356613983922337,0.13942522716021238,149
61880000,ar1,zero_shot,CAMELS-BR,0.8394179610892762,0.849815080224548,9.368263675898092,4.928258658034311,1.6167622469204068,-0.0020491884369674106,0.8746225037310109,32.30590352576854,44.896776374128955,0.4768917340905632,0.43196340639085756,188
61883000,ar1,zero_shot,CAMELS-BR,0.8122857049900669,0.8832480299957826,11.790157697132548,7.7229455075549724,-0.5005945990579174,0.0005077783369489414,0.9172245291652135,17.51086071376096,6.68415909287495,0.35207394393094493,0.38226111010602787,65
61884000,ar1,zero_shot,CAMELS-BR,0.865234501361473,0.9224122756423325,19.738855455207453,9.69452548619506,-0.3950932109006938,-0.00018694580160375646,0.9636766277282374,60.60452516489953,56.09146315088329,0.3699376667390706,0.3516168860007339,188
61884002,ar1,zero_shot,CAMELS-BR,0.8430410215837734,0.8772709972651651,16.04555150217716,8.028094904616305,-0.48709987239770536,-0.00287509938288533,0.9084497969642512,43.591154826286385,20.691590397759665,0.47847111124943054,0.3895017197241905,188
61884090,ar1,zero_shot,CAMELS-BR,0.7448121407059658,0.7275332139003985,30.97981363202955,13.911544501774683,-6.877240600626787,-0.00884381897223475,0.7598794323204837,118.10125938357778,221.1315082010373,0.5871503360531146,0.49175826978464987,180
61885600,ar1,zero_shot,CAMELS-BR,0.9646433690508835,0.901333441246148,0.9558741101670761,0.4487232959671536,-2.3857727609030612,-0.0016840999129694063,0.9023830512811878,3.174573447440907,5.249831778858978,0.4835232563980694,0.4432687795771217,155
61886000,ar1,zero_shot,CAMELS-BR,0.8739627966752347,0.9326033537019951,16.879762479142087,9.09255797059295,-0.645641339142734,-0.003414457641233333,0.9705696320275712,51.386193726573545,52.53592568352791,0.4856454817673284,0.5247384450630204,136
61887000,ar1,zero_shot,CAMELS-BR,0.8259834801021526,0.8662507195394242,1.0966715007956445,0.5506879098843592,0.09259434049569903,-0.00042429527379449217,0.8840432181676802,3.622028167681298,6.2001660931812435,0.4974587486279532,0.4784606556340933,184
61888500,ar1,zero_shot,CAMELS-BR,0.937127974628912,0.9577921817808172,15.730517948985668,7.173979805579609,0.5868069560773841,0.0005279841657926838,0.9691954268697387,53.18629657395545,43.97929541513713,0.4096326264560346,0.4102901789939901,61
61888700,ar1,zero_shot,CAMELS-BR,0.5911179365292256,0.6671040394093191,3.622435760478638,1.457684201998582,-3.178716714945759,-0.0033202582590847324,0.7589765644314364,13.47269098017184,22.368915315162575,0.5828127530598552,0.4872500254974783,148
61890000,ar1,zero_shot,CAMELS-BR,0.854766731623718,0.9012345579990232,28.55279861762587,12.169574330824645,2.863039265222034,-0.000583036033722787,0.9252306804654582,100.76663186296062,86.78155013844751,0.36839226455326674,0.40095943658390715,167
61890800,ar1,zero_shot,CAMELS-BR,0.3950266228359195,0.6482915291841265,2.380449822371734,1.1603973956814373,11.494742789912877,-0.003722000310730682,0.8517834306134331,8.662508445052962,15.679629782554391,0.5143759249355491,0.376307094707483,65
61892000,ar1,zero_shot,CAMELS-BR,0.9492423691594224,0.894917795663328,1.6787170093341917,0.9357642811025283,-1.7448999140115808,-0.002407125961213473,0.897261521148376,5.138715552732292,6.095983857905939,0.3383324160704458,0.3236017246726368,188
61894600,ar1,zero_shot,CAMELS-BR,0.8127491622044095,0.8919378872354583,6.03047895389854,3.1507858710068044,2.16019856431403,-0.004155088627490604,0.9339709200191632,15.899595018866373,11.229649472345244,0.334305441778818,0.3538571158540162,185
61895000,ar1,zero_shot,CAMELS-BR,0.5827411794264912,0.7073912479902755,6.046587949493882,2.4661740055591266,8.998378840905836,-0.0068077667230059015,0.7415432397619097,16.22309773087024,12.637000436483788,0.36046172359639755,0.45848060029578336,171
61895002,ar1,zero_shot,CAMELS-BR,0.9319439318005609,0.9144602407466988,3.097778863978498,1.651661523699096,-1.1998361113167788,-0.0012780905205444643,0.921068794445587,7.6988850692994175,16.900242282475343,0.33014650240917937,0.3034107473844182,184
61895020,ar1,zero_shot,CAMELS-BR,0.8548613669109406,0.894653365147717,5.087186200392537,2.296262821029619,3.1377240965000723,0.0001420177898988316,0.9120441948217711,17.276015331925713,20.17361185603865,0.46476931179609243,0.4532348916290471,188
61895050,ar1,zero_shot,CAMELS-BR,0.737546826094057,0.839438556622414,5.499137725819734,2.839895043848263,8.741017593027692,-0.0001320078195423749,0.8865626633115005,19.157673860630634,17.981282878931076,0.5002041323442911,0.5099004014842268,65
61895075,ar1,zero_shot,CAMELS-BR,0.6925139185448469,0.8366789103847423,10.112603796346718,3.8903597043827105,-5.970960215584735,-0.006955967129155378,0.9235192100873172,40.21324675241756,36.90047931014047,0.6113804366131428,0.5422881550207103,188
61898200,ar1,zero_shot,CAMELS-BR,0.4765568736762862,0.5323584618506659,0.3878819518598717,0.1497158913041599,1.2624618071323233,-0.005960619708673938,0.6449968893446216,1.5527228878041386,3.2128188370205177,0.6910096917984201,0.47045189979976015,174
61898300,ar1,zero_shot,CAMELS-BR,-0.7474446038849327,0.24983023597840637,0.2258440465554013,0.12171307228783032,34.720756117963674,-0.009858953010918148,0.3281205133407553,0.7209247628633891,1.0365324646973422,0.2884178068992099,0.35383874531290893,97
61898500,ar1,zero_shot,CAMELS-BR,0.9335862324514315,0.9458906612059007,25.706678033885197,12.926202992695114,-0.02481558575474715,-0.0019238706567635162,0.9571227466424171,91.72391154841605,40.60826995508817,0.4169598543571956,0.3789182089715676,186
61899000,ar1,zero_shot,CAMELS-BR,0.9522855116313637,0.9375342410168299,25.48184484791186,14.488329120517777,-1.1606502325476602,-0.0016807124623380541,0.9419360893383255,75.75876384189759,98.32787394300165,0.45176375316532247,0.400771083019929,188
61902000,ar1,zero_shot,CAMELS-BR,0.9350252533978541,0.9580439570505298,20.213228264325657,11.55908737999635,2.6372855236297528,0.001359555463279316,0.9720575088047071,58.571850131363746,84.03895902479849,0.3763082846502049,0.3772021583313493,188
61910000,ar1,zero_shot,CAMELS-BR,0.9928781367596321,0.98411669692012,10.23740841257637,4.7717475531541025,0.17317895629950844,0.0008416377219819318,0.9844560247920614,19.379031345442854,6.008600962851076,0.24156626891250685,0.2435120668859093,145
61911000,ar1,zero_shot,CAMELS-BR,0.746649465353064,0.7210102863114578,0.5444326891856806,0.26182820274482405,-0.1848840269353657,-0.001706660382483795,0.7514234899381681,1.8352005060033532,3.3879017122952986,0.1901611399042945,0.1395733981156362,132
61912000,ar1,zero_shot,CAMELS-BR,0.9678020712658325,0.9715924974142169,25.561215505279893,12.76578086822942,-1.7461671796414322,0.0005359928178778894,0.9763400994223784,18.695336503551445,14.546048099329907,0.3007617183570168,0.295801881473959,145
61912500,ar1,zero_shot,CAMELS-BR,0.7517995143424524,0.8276184588153539,0.9492092656197345,0.5925623949425959,11.325923374743004,-0.0017133342081582861,0.8741368073049559,3.099784130996732,1.4329740615056166,0.42361337266104043,0.31620634098534417,173
61913500,ar1,zero_shot,CAMELS-BR,0.9798859391995633,0.9877166535479132,0.5613938290150092,0.324877635323675,0.5884531674344551,0.0007515974899722118,0.9925908834989193,1.1287876013778557,1.2637673632196154,0.18212197638427147,0.18933548401297712,166
61915000,ar1,zero_shot,CAMELS-BR,0.9251780576487324,0.9437086653700472,16.15046357747245,9.511439561888459,-0.7645897373141636,-0.0005716052555988105,0.9570926739714722,22.16967488170132,4.637312268425944,0.21765160620748375,0.1773408795532321,32
61915005,ar1,zero_shot,CAMELS-BR,0.9808902980703498,0.9384154600493961,17.023784451703545,9.604556445691387,1.6719859335090839,-0.0009455092744282516,0.9388133937651622,39.48668718280198,75.04658426928904,0.2504426420361954,0.2707379666647415,188
61916000,ar1,zero_shot,CAMELS-BR,0.9000412060213834,0.9075364450957353,0.5142831844148031,0.32111501557088395,-2.2588300324102084,-0.0024883224376794928,0.9195441327991263,1.2045878066258382,1.9060599929386355,0.37157736373104966,0.3142586455294447,109
61917000,ar1,zero_shot,CAMELS-BR,0.9198911079977469,0.9031635402842557,0.43418532889017875,0.2824829047706033,1.41957566911646,-0.0015870692687316845,0.9105933005093787,1.1083304500023827,0.7461672592244949,0.29456276610339194,0.2543647718813186,129
61921000,ar1,zero_shot,CAMELS-BR,0.8486977206165409,0.8807594654026344,1.4373501269162414,0.8356671315117712,1.5245268952866873,-0.0013267444922073837,0.9094439143645237,3.8348763072438046,4.418232300238671,0.22737911998888988,0.1899475422387567,175
61923000,ar1,zero_shot,CAMELS-BR,0.9062347922520778,0.9270756625066002,0.25499899128019415,0.12640642097315907,5.684700321207739,-0.003136211033961833,0.9421555649112071,0.8065781640673861,0.05110103583097587,0.348737580895087,0.3352768934341274,141
61924200,ar1,zero_shot,CAMELS-BR,0.6152877209006762,0.5414443372369615,0.06753882890486484,0.03180401964465736,21.842927135591953,-0.0028309890919250872,0.5418746999659043,0.23111728335396023,0.12460923641908041,0.3290274958479424,0.37666495733384286,51
61924300,ar1,zero_shot,CAMELS-BR,0.45487571332740895,0.5659295084968761,0.14872973028731626,0.06257418134172968,-0.9576215187397127,-0.0022874512125651584,0.7114297975594884,0.5182319534458921,0.7774013596955766,0.44453942280294706,0.292668925799067,92
61924400,ar1,zero_shot,CAMELS-BR,0.8591346159057973,0.9287557800840496,0.10297850615791457,0.07286568475131014,1.0558239768008781,-0.003794167986859289,0.9378323230981112,0.26657922506728593,0.3642630333372969,0.32418742085268043,0.2812567556785405,31
61924700,ar1,zero_shot,CAMELS-BR,0.4097683754565694,0.42788928518150504,1.2555270778539038,0.5403418256501884,-15.330593013944977,-0.006479962012113169,0.5398645677185965,4.101286574380465,4.101286574380465,0.6918039293510617,0.5593961067874181,11
61924800,ar1,zero_shot,CAMELS-BR,0.004374665613386841,0.07524617397418976,0.07398096262877599,0.028249478609363343,-6.716055681214,-0.0032465813171486217,0.46166156747989673,0.24545299821481487,0.5117044826912841,0.32184780408824126,0.14903766434935636,185
61924900,ar1,zero_shot,CAMELS-BR,0.9366298816913908,0.8866073324572246,0.2386217287874095,0.14685344952071433,0.6302805726494524,-0.006209435950661698,0.8903081773331392,0.7062476973116297,1.176670058330377,0.44387056085944815,0.366076894325419,176
61924950,ar1,zero_shot,CAMELS-BR,0.9783397975204448,0.98620252936243,40.2741284611012,20.795869338976914,-0.24276735482334136,0.0004137241658608761,0.990838530210885,138.19583911411416,263.93733438850813,0.2408191418062661,0.23385488584467223,88
61925000,ar1,zero_shot,CAMELS-BR,0.9844273261290435,0.977944222361141,29.8014911857893,19.57011123130263,0.6398602638679065,-6.700324600023531e-05,0.9791588090480465,61.263688536864514,64.91545746522543,0.22821081754740496,0.2250355904580555,188
61930000,ar1,zero_shot,CAMELS-BR,0.9770446051707155,0.987513973566069,36.7112914200896,23.950588077793647,0.3706838099464491,0.0002606822088844895,0.9945886085031962,102.45779715301542,38.90645757220829,0.1951178975797237,0.19627721147784288,188
61935000,ar1,zero_shot,CAMELS-BR,0.8443760416927815,0.9127159328886546,0.6214440486060622,0.3292731131147972,2.7200511293147747,-0.0008803217971882181,0.961902707604969,1.1897506121965842,1.662802609191376,0.35166136377453977,0.3483638700062287,137
61937000,ar1,zero_shot,CAMELS-BR,0.9806046971115799,0.9673572826413505,177.31243787555738,118.16353350635116,0.32351341599606204,0.00034906431441995844,0.9687249026242519,341.9755258710305,480.0331177229227,0.2161797164827454,0.1994801061735099,95
61941080,ar1,zero_shot,CAMELS-BR,0.8606984941446493,0.8851223615731423,233.32830310782077,176.47491954853209,-1.4616343395449012,-0.0022581382152362037,0.909751212220846,208.6548862109229,139.39072189559724,0.1804057069859788,0.13422269118401417,188
61945000,ar1,zero_shot,CAMELS-BR,0.9690917304828828,0.9785582654636942,384.6794108892219,165.26319375320077,-0.32847424907475925,-0.0006527072021355641,0.9851295395056402,278.00375250534836,299.53530461866814,0.19239986768289802,0.2077217203620061,101
61945080,ar1,zero_shot,CAMELS-BR,0.9180954391486271,0.9419526266477383,5.545809046100287,2.783676221837074,2.7977467561611316,-0.0010687894441210807,0.957230892515939,16.93801815097923,25.2395839841084,0.32991761290257415,0.3385128428938128,183
61946000,ar1,zero_shot,CAMELS-BR,0.6681497660362472,0.8189380501668158,16.2607856353654,7.004796421928403,-1.6241348615580644,-0.003103050028027382,0.9450262823332689,54.34668210499542,68.0274574676533,0.47101114714728404,0.45058099960184955,188
61953001,ar1,zero_shot,CAMELS-BR,0.6825661989626457,0.665892132220387,1.4646325908139861,0.7163512767345728,-3.456292003262187,-0.005211373739836626,0.7080599061979286,5.228306245222809,8.806070520361082,0.48901045737039933,0.4018017110914868,154
61956001,ar1,zero_shot,CAMELS-BR,0.6349403657618153,0.7845097087674013,1.5791321140752421,0.6264960618668545,4.935687956805232,-0.005808124017372161,0.8971547950398381,6.061875638484929,9.774517516931745,0.5774444249836014,0.43605133022958625,157
61960000,ar1,zero_shot,CAMELS-BR,0.7271326071667827,0.6474314055623075,6.1559561372056075,3.061560414160818,3.4740119345444156,-0.0005142613329542495,0.6639664503614751,20.772224872764443,26.60296210361595,0.6550291092174897,0.4172584105771157,32
61964000,ar1,zero_shot,CAMELS-BR,0.6645097729259726,0.8169158637072527,3.2323583178275483,1.441999135112997,-3.1293026177469407,-0.00042040879705187127,0.9171703467611724,11.806694767429281,21.640545081654505,0.6367815659971086,0.5112176737844492,183
61970001,ar1,zero_shot,CAMELS-BR,0.9411887342382452,0.9600677383368411,1.529395986074004,0.8719399045018174,1.7805180584499105,-0.004099421441781959,0.9720756956204708,5.137542287869488,4.04157412332325,0.5439941978890191,0.5004962377961241,105
61974000,ar1,zero_shot,CAMELS-BR,0.9557722728931775,0.9739192418498382,4.5216720416667275,2.044198976197738,-0.12011639772981329,-0.0023091386464011918,0.98642641209624,11.17688698807254,2.80825752816687,0.3912505816755525,0.3844955286997377,169
61977000,ar1,zero_shot,CAMELS-BR,0.9802797680057684,0.985732195874728,4.494134957157891,2.5992478129257544,0.3031675710867152,0.00023434391079146105,0.989051669782905,12.693462966530443,5.195314468680817,0.24044114137534722,0.23442263495374685,178
61991000,ar1,zero_shot,CAMELS-BR,0.9840401638555024,0.9817238026410806,5.162682520080556,3.375482796242589,1.5689876993999823,0.00042533076195816477,0.9833291332648347,6.703717964259971,4.500789117635988,0.23939032384698822,0.238822126245488,188
61997000,ar1,zero_shot,CAMELS-BR,0.761471243187127,0.782660100126024,3.2231045892339,1.9655751265879557,3.184104693462629,-0.0035605598686183626,0.8220853114355153,8.300766006480899,8.410916555963441,0.5390149566664896,0.3691548065397322,170
61998080,ar1,zero_shot,CAMELS-BR,0.773869190909406,0.8769240383639842,347.79956799808986,246.9347731809103,-1.150443173491813,-0.0036821672161012776,0.9596595181536816,328.4988313875425,426.28863388538355,0.19500880973949053,0.1327392268464471,188
61999500,ar1,zero_shot,CAMELS-BR,0.8379844315462838,0.8966728814321187,1.635452226790607,0.845620541671656,3.3729584538451585,-0.0018147098104681226,0.9250348654574435,5.151320483412812,6.644136081462561,0.5180412835651039,0.48106958278777473,160
62010000,ar1,zero_shot,CAMELS-BR,0.712069261479962,0.7258183286915889,7.520521393090057,3.868400040169796,-5.963573162777046,-0.0024919404793978155,0.7661926918939269,23.61449650027012,22.776882699644986,0.29062311406155705,0.23967738050016874,101
62015400,ar1,zero_shot,CAMELS-BR,-0.010978501780300354,0.14902258729176954,0.5738371819112682,0.21561142575540246,0.39766478916701875,-0.012317378869935704,0.5325201078270767,2.422562800767844,4.002849855572687,0.6474517364033778,0.2602585170484543,188
62016000,ar1,zero_shot,CAMELS-BR,0.8789882963838915,0.8280894917769124,8.799667973151966,4.366145364389167,-2.692760991875309,-0.0007585957003815383,0.836764379876165,26.011534586906002,47.02665253100845,0.46615120713627495,0.408293799174901,137
62016500,ar1,zero_shot,CAMELS-BR,0.9361783471836232,0.953783234977807,9.035107175065097,4.858698027510422,1.486219802880712,-0.0021478991620100946,0.9647557317064279,25.46250946967602,34.43233452734429,0.4472467139744477,0.45664996848522016,161
62020080,ar1,zero_shot,CAMELS-BR,0.660443875628434,0.8039532085553884,582.7213439841685,419.4602937582201,-0.6968526047752535,1.8394756128323718e-05,0.922645374881175,640.800070846225,611.4761636776324,0.09633375180173896,0.06526820602653034,188
62070000,ar1,zero_shot,CAMELS-BR,0.6357913553189873,0.6490722925511607,0.4426928850676645,0.21401667681213618,-3.667355421834148,-0.002236500556208448,0.7065568779487238,1.6128961322051252,2.69414704146164,0.2890607119045486,0.1997122690927519,188
62070005,ar1,zero_shot,CAMELS-BR,0.8730602511672234,0.8691547716090446,1.1951909739520046,0.6532075415353327,1.3287801303160724,-3.819752292520337e-05,0.8854761594367482,0.3131381802669422,0.47712248292377263,0.1307154384077461,0.10988392158028257,187
62075000,ar1,zero_shot,CAMELS-BR,0.10603990278146513,0.19499883282281383,5.72518143241471,1.9403104440204977,-0.6739832092426303,-0.020049261748769906,0.5119333900558072,21.75398836834313,45.0080163736945,0.8857306703714197,0.41494901812165574,186
62085000,ar1,zero_shot,CAMELS-BR,0.8381104799206842,0.9068583779032424,0.7044960019105706,0.3664939068023413,0.5844527114811059,0.0005686360535854338,0.9582423997736178,1.3169073295339426,1.3337599206071928,0.12617079510913665,0.10640400346598526,161
62087000,ar1,zero_shot,CAMELS-BR,0.9445768940615621,0.9671897877833548,1.1483227122568984,0.4763056201502099,-1.2108967171779068,0.0008540438399916445,0.9826056773936673,3.0875196676974204,0.5427013055221114,0.19443622956960627,0.16998766390447992,188
62095000,ar1,zero_shot,CAMELS-BR,0.6595867972103242,0.705223238421942,0.4667287196715446,0.1932921022194388,-0.7812787159766851,-0.0020204989744879494,0.7662193393483281,1.8054730322759747,3.7683666336411656,0.28582947135602566,0.23605627467743176,188
62095050,ar1,zero_shot,CAMELS-BR,0.8158894395900391,0.8935363955318836,0.34479023123627744,0.22020752270570657,5.919960675806073,-0.004788977965413919,0.9378053845589225,0.6658772644047537,1.017360942835779,0.36798675440849,0.358059579306267,188
62095100,ar1,zero_shot,CAMELS-BR,0.779327340229092,0.8047291938553892,0.30274468494320345,0.1701396739010198,5.211258176681777,-0.005153350282514589,0.8372771779229216,1.0181386104958636,1.5778522513314508,0.4108481838543187,0.3638307286500569,188
62100000,ar1,zero_shot,CAMELS-BR,0.9391238969288043,0.9556914765391074,0.3476951759613226,0.21629851176801224,1.0793113987004592,-0.0033755136366724146,0.9675452293710335,0.8367764391024299,1.2209932373737467,0.359479812754653,0.3303076005354172,188
62107000,ar1,zero_shot,CAMELS-BR,0.8917569773822637,0.9324224652518796,0.4068638872738282,0.2492509718407396,0.6772826048772986,-0.00285031735831643,0.9613586878449898,1.1813927882440654,1.8113412379978244,0.45427469686972194,0.40217132572455855,188
62107100,ar1,zero_shot,CAMELS-BR,0.8858240451589999,0.9204271580799671,0.6054933364308378,0.4087739519674727,-0.29144751314830863,-0.0032625836902785907,0.9463315352862839,1.2179791767061088,1.9269586921259565,0.4901168273764843,0.46232415800142407,188
62110000,ar1,zero_shot,CAMELS-BR,0.9242977546562722,0.9483347490240274,0.9945207265089673,0.48270024825063385,3.5859507444319507,0.0011693867130843638,0.9626536615125858,3.1721455602861184,2.82530322969692,0.32375836223912474,0.3149562245745388,166
62112100,ar1,zero_shot,CAMELS-BR,0.9661396236186528,0.9640386966429239,1.9996694620787325,1.1311669553967127,1.0960788219510704,-0.0005197106814033674,0.9675316020663832,5.303724704144368,3.9190005280024405,0.3031425595517013,0.30846916719223977,188
62120000,ar1,zero_shot,CAMELS-BR,0.9339875261506723,0.9539026861339583,0.5120961415837354,0.2973313976018412,0.07477274770603254,-0.0018062358159158833,0.968349874436791,1.464157164643896,0.30530523636174806,0.45437496734087995,0.4310377125421221,188
62120002,ar1,zero_shot,CAMELS-BR,0.9533002031877782,0.9747878265507386,0.26947026813623914,0.16263667404015247,0.029011743304189163,4.788109002875143e-05,0.9904131311127976,0.7696426007420346,1.3423289856921716,0.27100154160979395,0.2764650518706517,188
62126000,ar1,zero_shot,CAMELS-BR,0.8645716893466331,0.9313559110744047,0.42972213589252267,0.23873554094712182,1.2987140720381165,-0.001937410249787188,0.9782863165912393,1.3905760555803406,2.7250740639333335,0.3883373654792692,0.371229419041601,180
62127000,ar1,zero_shot,CAMELS-BR,0.8252370976337804,0.8749901035241847,0.5632649646860715,0.2709124573905004,-0.2409714595200618,-0.0014271837790760938,0.9147521665406264,1.8980072546723306,4.1170520602329885,0.42927477868993164,0.38606508614529045,188
62128000,ar1,zero_shot,CAMELS-BR,0.4320694381536122,0.44678323018136357,0.48158785593057396,0.12442001294470907,-6.32357036574251,0.0020895414852619247,0.5274126760481977,2.01697814832479,3.6555045191060227,0.49862126277220625,0.36107673942232066,188
62130000,ar1,zero_shot,CAMELS-BR,0.2656086246836392,0.3115401584365891,1.1181761507160424,0.30493610145953676,-6.363126644789554,-0.00362432248182026,0.5012193878428841,4.64151606263784,10.002894631214753,0.7118897495946674,0.48923775770076405,188
62143000,ar1,zero_shot,CAMELS-BR,0.9725762984791463,0.9858637996641327,2.561618182440399,1.4226494858323226,0.29369914635275046,-4.997663533234942e-06,0.9955519574266734,7.53324595558975,15.68596907261518,0.24600725755849648,0.2445237187768032,188
62148400,ar1,zero_shot,CAMELS-BR,0.6414685716736157,0.6109547468428318,0.7887657868699369,0.3274828023598542,0.38603297569655515,-0.0032190169492077167,0.65618641650471,2.9953647033131063,6.361630998964817,0.5901490110123203,0.4354789753552757,183
62148500,ar1,zero_shot,CAMELS-BR,0.7837272234568938,0.8597578063649426,0.38095523622634897,0.1823653804203514,-0.8062029862257971,-0.00293445072656324,0.9182892344505256,1.073300190194532,0.6628197227841538,0.5499453280318092,0.49269860166371754,187
62160000,ar1,zero_shot,CAMELS-BR,0.9664019901307817,0.980637399065868,4.017216322026007,2.1431112747966194,0.018775485783192793,-0.0008798356022583637,0.9902764757345747,11.589615867210856,24.3903702613168,0.2498421507646379,0.2609927181386369,188
62160001,ar1,zero_shot,CAMELS-BR,0.9645725932824483,0.9802213460490403,3.562350578698969,1.6943443240758,0.3438277665228026,0.0010770879987490392,0.990778839312954,3.07929341125201,2.9726043589827325,0.290992739068344,0.3003029490490014,188
62166000,ar1,zero_shot,CAMELS-BR,0.9250681941605116,0.9451194366933351,3.758934669817605,1.9845279447821478,-0.23237136566880606,-0.0016310340443086244,0.9604591086580246,6.062437980171657,3.5217240597181507,0.2583797224484022,0.24624950716133057,180
62176000,ar1,zero_shot,CAMELS-BR,0.386133992155432,0.34620766195154573,0.613160973604789,0.36137972991772116,-3.938888427340259,-0.005513054680716892,0.4387268451817755,2.026977622526795,3.3704340371460755,0.3418813094646277,0.12826605086629572,142
62180000,ar1,zero_shot,CAMELS-BR,0.9548460901745093,0.9734796945007583,5.140717688272362,2.385391217760579,-0.36821542180524974,-0.0013560570287329612,0.9846532573847383,9.084359782381927,16.86608697293064,0.3075538265809774,0.3243069490785709,160
62203000,ar1,zero_shot,CAMELS-BR,0.2658306782776977,0.4122498581674018,0.4199181353798889,0.2884886424856507,8.184731020780962,-0.0046823927550146745,0.6217922281124446,1.174784680182814,1.5702986778376093,0.30705953009263476,0.1807585721312608,106
62206000,ar1,zero_shot,CAMELS-BR,0.357946875726622,0.41682926989534275,2.2718551131297193,1.0813125512733799,-1.1564929469927465,-0.0050087739388242625,0.5761869553099921,8.986262080503224,11.945898822548852,0.5573693622960829,0.288064417435632,188
62224000,ar1,zero_shot,CAMELS-BR,-0.9157522774476878,0.1221083133296148,1.948979180088887,1.0686866064760963,10.173594589301572,-0.00421889342137532,0.8539431236919044,4.537614173428063,6.052243196732623,0.4115759866397118,0.39346313605123046,87
62239000,ar1,zero_shot,CAMELS-BR,0.04133959943119003,-0.08415966200910785,15.163514186468033,6.913102899109361,-1.694789091542497,-0.004204714399663429,0.2557135799618624,61.760089394868395,98.6880075227958,0.6062003533276735,0.19255767784924022,188
62250002,ar1,zero_shot,CAMELS-BR,0.4066442689881009,0.7146664073774034,20.784441302659946,12.117613379010898,8.20799480227572,0.0003756008695630208,0.8548241955907454,60.4233323262204,52.69077949317859,0.3213870702150663,0.25203158978702117,179
62255000,ar1,zero_shot,CAMELS-BR,0.08998095891903901,0.03751326102148289,3.0136254690360436,1.1056378513236362,-13.256609386525797,-0.003185294870199064,0.3131132447912828,12.261057512607945,22.302818021786248,0.5287216435548902,0.16208667067877858,183
62290000,ar1,zero_shot,CAMELS-BR,0.23033255871675018,0.15581608215607734,0.28811784273422963,0.12638700509597783,-0.3333203926353308,8.160653894203921e-05,0.19032359675135468,0.8147400360950999,0.8147400360950999,0.005660377358490566,0.0008260095380442941,188
62292300,ar1,zero_shot,CAMELS-BR,0.7487446445050876,0.7764934626313686,1.8085073255485102,1.0708501084691666,-3.1886066066214562,-0.003226553213501012,0.8198818777694741,5.264972776116184,7.696616880366365,0.7199508018726747,0.5992412355993014,109
62294000,ar1,zero_shot,CAMELS-BR,0.5365269204529459,0.4892246769965488,0.8567377196506545,0.4292627589325513,3.6590202693028524,-0.0030875026306231377,0.5451491806012714,3.369203069987377,4.998894302673402,0.4746731526862795,0.2578571278218851,153
62299000,ar1,zero_shot,CAMELS-BR,-0.01834390552722609,-0.21469843127737231,3.5643600142792997,1.3230822534267221,-16.325926981828367,-0.01677932892051319,0.20270638545416708,14.760357641308122,23.39220216101277,0.9852069411511104,0.23853671120434125,128
62320000,ar1,zero_shot,CAMELS-BR,0.8400389857919115,0.8172848511402957,1.6290389421632445,0.7833946383761505,-1.608490558049747,-0.0047336349717052965,0.8346253204702373,6.111376898492057,9.63357816998943,0.5123412362082634,0.45362992147012554,188
62324000,ar1,zero_shot,CAMELS-BR,0.5510831388131403,0.6046646385035923,0.8495454704674391,0.44094990240794324,2.3701731937075774,-0.004042670136505538,0.6984516721936344,3.249211280101018,4.100211281161661,0.5375837520938023,0.36200750757671935,176
62326000,ar1,zero_shot,CAMELS-BR,0.16738571848729633,0.4580678304244431,3.7234119467341174,2.0671702898112283,-10.890319169593806,-0.00908437666592879,0.7476615403535278,11.367465887547434,9.664527243832826,0.5819477080080137,0.3879260569764463,74
62335000,ar1,zero_shot,CAMELS-BR,0.4144210053445514,0.49296364924971847,44.000762843142425,28.54187207524667,2.0399595463616103,-0.003963358297820921,0.6379049442585059,137.0554932059436,223.2830088851484,0.3673662318018529,0.2528684999324285,187
62350000,ar1,zero_shot,CAMELS-BR,0.8333526963362529,0.8101312333136608,1.3021682885451291,0.5770362829587482,-2.0129940360735357,-0.0003665046059484079,0.8269148276360795,4.438952304268408,9.297528531429087,0.37044375473406127,0.3058487387527979,188
62358000,ar1,zero_shot,CAMELS-BR,0.7208301452014214,0.8472546872709694,2.1172861492005803,1.0622558926912833,3.1414796095701853,-0.005541692169090697,0.9470241600592103,4.958132511205376,6.2307903899930395,0.4928666015771304,0.37961214802988585,188
62358001,ar1,zero_shot,CAMELS-BR,0.1011622669498583,0.22406290313372368,1.9497302312744147,0.9519872688779139,-4.911062632110395,-0.004093554909426862,0.5444219340583882,7.380100756456714,11.443268555697092,0.43008284567610594,0.21439743188703841,110
62365000,ar1,zero_shot,CAMELS-BR,0.7174478767693737,0.7932960924476672,2.430267816760337,1.3584839003741012,-2.1299783756987067,-0.006419760802187775,0.8601962103008662,7.23844518692024,14.412093918971197,0.3850529088095326,0.32916061342148384,188
62376000,ar1,zero_shot,CAMELS-BR,0.3084346368336267,0.4509334046484209,49.230572634483494,28.05323338375507,3.6983709739964055,-0.0035691659798112634,0.6606794718719629,169.41849263350178,344.7890597156262,0.32410165317580464,0.22163558148235807,188
62376050,ar1,zero_shot,CAMELS-BR,0.3723986110398727,0.5838185280385506,0.2174548301156791,0.10474212468569273,4.094262782251437,0.0006667149936948943,0.7957106267782097,0.8184902372808744,1.4260085325670213,0.29349569051914204,0.16803526145009,124
62376510,ar1,zero_shot,CAMELS-BR,0.27387792851525106,0.5673713513769543,0.7429562192124286,0.4058668245276891,9.25722970896129,-0.0039069331409851095,0.8307989608814152,2.4929202295431745,3.7462377147023322,0.29561944985921595,0.3385028578095124,53
62385000,ar1,zero_shot,CAMELS-BR,0.6938305491029357,0.7356801465953724,0.4845656126131862,0.25442601292817935,-1.0146495298259643,-0.005111590864190118,0.7941634108509561,1.4919439471826472,2.046518830621711,0.3743415514818187,0.28886877000447214,184
62385100,ar1,zero_shot,CAMELS-BR,0.7839539101609247,0.7858679903067131,0.4705669909780224,0.27874409826868085,-0.8349011625528616,-0.0017671078806094503,0.8172066076730268,1.2456345624899707,0.9272331255480669,0.3463759907587844,0.27527537600803326,188
62390000,ar1,zero_shot,CAMELS-BR,0.29368545763051246,0.4181260898734127,2.199925004850072,1.2087742682877276,-8.496206855730337,-0.003917886569557412,0.5897502440076992,7.256497151335463,10.570681965340235,0.2702526132404181,0.13861646792191534,57
62395000,ar1,zero_shot,CAMELS-BR,0.1340332607559772,0.01541189723852665,14.443881097498767,4.553873525828178,-18.647871131035664,-0.008060686227140174,0.1299220691052051,59.86454342362113,121.32802783427942,0.938405125038877,0.27565842015464603,161
62400000,ar1,zero_shot,CAMELS-BR,0.6542986673605564,0.7125216210561849,5.097104223878788,2.709301538735362,0.07569388523557127,-0.004263849238965171,0.7844093960106757,17.818165074716923,28.785274309147074,0.514607815452788,0.37525009768054557,188
62400100,ar1,zero_shot,CAMELS-BR,0.5363306366692346,0.5935868825338992,5.6548700744307565,3.1049175637034745,2.6867543600431874,-0.0023424375892749493,0.6911375210904163,21.006919889180576,11.872770783967113,0.6763731752829588,0.3900604216307454,188
62400200,ar1,zero_shot,CAMELS-BR,-1.0031299321734877,-0.5444398886176873,1.9290569268718654,1.335761090183818,-9.257417383941844,,,4.0788471390051715,4.0788471390051715,0.22972200829751818,0.09334319148704849,5
62410000,ar1,zero_shot,CAMELS-BR,0.6619326027763861,0.8082149366946527,49.74349017660966,26.119638271359186,7.905180349835319,-0.003122573533162157,0.9136116004834755,133.53481150785308,132.90020819055871,0.5972969196536853,0.49663326151382636,188
62420000,ar1,zero_shot,CAMELS-BR,0.6677356221359483,0.6854412812157609,5.4582737102530885,2.690397714909745,5.745511568131467,-0.003625184922629211,0.7407355363733785,19.237239696969713,17.143269886948012,0.7022577544790133,0.5778156544996308,188
62428000,ar1,zero_shot,CAMELS-BR,0.8111211973711442,0.7393329251065908,8.74859557960789,4.080451910398134,-2.2653744128106434,-0.0023092645741915815,0.7530431402777764,29.041653396629556,53.8807142545671,0.6392820726975346,0.48687903603300625,182
62472800,ar1,zero_shot,CAMELS-BR,0.6353886966483377,0.7926015313655126,0.5095112815833395,0.27489313016176636,2.6975858502021164,-0.0034797057664324796,0.9233572720892529,1.462072893571165,1.7114319931956898,0.45489306988283196,0.43651615990647286,135
62473200,ar1,zero_shot,CAMELS-BR,0.942260464337061,0.9306410634313664,0.5694210487333028,0.3337258188066188,-0.15312427323729016,-0.0004928549338062242,0.9367693300971599,1.7605444423333603,2.318467546533814,0.3952436494891109,0.3638632381120772,139
62474000,ar1,zero_shot,CAMELS-BR,0.9910716342658457,0.9907248497754542,0.17428968701500214,0.07674900864281785,-0.07452202621064556,-5.481168772567772e-05,0.991312528658779,0.6228586017856135,1.0607063729208814,0.11939045896175875,0.11905098518026047,182
62477000,ar1,zero_shot,CAMELS-BR,0.5609322817385489,0.5679063189909896,1.6351613335522943,0.9756454463581561,0.393678575410939,-0.0021288352234456534,0.641520399328593,4.955633560316356,9.923701771338397,0.17388634751644313,0.09732382196456495,145
62477100,ar1,zero_shot,CAMELS-BR,0.8193246771464858,0.8915585214418583,3.7964998530865346,2.385095398084283,4.198263626145804,-0.0010259371935403688,0.9409453155879323,9.239684633227776,10.011909838665327,0.37932210774732894,0.3766941570125172,184
62478000,ar1,zero_shot,CAMELS-BR,0.9197234551290144,0.8674477462180378,1.8074213602591833,0.813510211367563,-6.773902312886099,-0.008507871247694723,0.8726508690859779,5.129462250007037,1.7809915574681419,0.42731330412868523,0.39522367925768204,158
62490000,ar1,zero_shot,CAMELS-BR,0.7246082858774173,0.7500929750543621,1.7980497607763202,0.7678025754942754,2.9926471052814128,-0.012456641544529289,0.7937682876785478,7.252227541612008,9.366671715658768,0.7771851441940094,0.5755011480396318,158
62496000,ar1,zero_shot,CAMELS-BR,0.9483606882974249,0.9711359727776894,2.4806437605938947,1.409126303356943,1.271226126352828,-0.0002887673214107232,0.9868066325120277,4.808766809439678,9.66353184715413,0.4608936709638084,0.4881209909256953,188
62496001,ar1,zero_shot,CAMELS-BR,0.8493789567083343,0.9108136140312728,3.011148214653551,1.4624404790191732,4.683280929428643,-0.0028616368098073504,0.9484762922773088,9.575815365051978,12.175013035376942,0.7192811994138033,0.7364642960362584,180
62510100,ar1,zero_shot,CAMELS-BR,0.8332130062625013,0.9165654614089273,2.6514731352828735,1.411968650452499,0.6551006147198272,0.0009412919570400656,0.9909463883214212,3.6887834664383448,6.579100706332297,0.29864672278791987,0.3176330494072717,132
62512080,ar1,zero_shot,CAMELS-BR,0.8608030247136237,0.8815986644522046,2.61898015012978,1.681758879917223,-2.2838470779562408,-0.0008465492587773332,0.9045584324504643,4.907014278649942,6.168384190729335,0.3331013838866865,0.2915859725825047,106
62512092,ar1,zero_shot,CAMELS-BR,0.8796807795934725,0.9050757823833839,3.4537581490209854,1.9121998743986133,-1.2908541914466711,-0.002686807486735268,0.9279178501832207,4.912862177657138,4.377304196100588,0.40758405971057676,0.41036383624813877,138
62515000,ar1,zero_shot,CAMELS-BR,0.7597188997415297,0.8750407800475508,8.74874069077776,3.5541961585948836,-3.794637588960419,-0.0028483421009529754,0.9375575641689233,24.810338839175134,45.68594582078161,0.29335167512066523,0.2657468965863559,136
62538000,ar1,zero_shot,CAMELS-BR,0.8664893096799761,0.9026694598845241,3.67335739116593,2.3369435780577485,6.102785128652164,-0.0016707960968487794,0.9257827010591156,9.649210554696484,6.373428493774119,0.2693322668706619,0.2232587824681025,108
62540000,ar1,zero_shot,CAMELS-BR,0.9795510594139727,0.9865961394496343,8.804274669050107,5.00568405720217,0.8543574033510283,-0.004562847957005926,0.990829314844136,24.70214117500186,10.953914342304714,0.4657306743998877,0.45900882724192965,132
62543000,ar1,zero_shot,CAMELS-BR,0.7209322217707043,0.780509042523646,3.392097899557573,1.2927350477599677,5.181545078263981,-0.01079345519490362,0.8394001846750434,12.356690601198709,22.17730325152274,0.9620517548770104,0.8150126840180489,61
62545000,ar1,zero_shot,CAMELS-BR,0.9006558236128221,0.9068343872148508,14.933477581744347,5.327052356768844,-1.2709318815129464,-0.0003062488314138495,0.921520429088224,56.0119149372606,4.495126775374996,0.34749609248751406,0.3418586579022941,179
62555000,ar1,zero_shot,CAMELS-BR,0.912465598272085,0.9357715837393669,16.482200939302782,7.517724183303629,-0.2831595640228117,-0.001130760606018088,0.9530449846091826,60.181642724264236,63.34275356374242,0.3863286725240163,0.3730827884080214,188
62557000,ar1,zero_shot,CAMELS-BR,0.9878614749631236,0.9663675816693836,7.974440285370612,3.7467189111354746,3.078966221290863,-0.005405992061644362,0.9668416403739699,27.473340139600605,22.427895407617076,0.762560092098896,0.7519856975372886,107
62560000,ar1,zero_shot,CAMELS-BR,0.8216169912931544,0.9070602457625212,67.17877712423488,37.014616430166846,1.7393108276558618,-0.002020570574329028,0.9752829178422798,185.61929431671632,188.65877111117032,0.381484038149837,0.3705382307598918,188
62584500,ar1,zero_shot,CAMELS-BR,0.2974909074670956,0.29545412700648255,0.13687643545733197,0.07215147282039153,24.05190534681071,-0.007154469100417759,0.43383210651627524,0.46252514626705127,1.0631910043233406,0.5415321707978579,0.20122575251886107,188
62584600,ar1,zero_shot,CAMELS-BR,-0.18528430148275343,0.11123631428718994,0.4034538633906055,0.1347739970356779,-5.6698135875166455,-0.00850633372031056,0.5978456365023728,1.406482166622561,2.6909812012264713,0.7145698012472034,0.33816894128132796,183
62590000,ar1,zero_shot,CAMELS-BR,0.8660763250691946,0.8221818102260026,4.066321827872054,1.99444358988712,-3.1645970549113676,-0.0027817478874757155,0.8337305333603925,15.00589771155694,18.009417352219725,0.3832884362205408,0.3005140530246974,136
62597000,ar1,zero_shot,CAMELS-BR,0.6525760385737661,0.8097898161277471,0.6524305425995602,0.3943318304239158,4.088575474110936,-0.002650399402623671,0.9288457411862523,2.1448628786496555,2.7498525104440734,0.33864485042225745,0.27265244112825393,188
62600000,ar1,zero_shot,CAMELS-BR,0.7575737947778858,0.7432041061490255,2.6248281038330967,1.2504861189081795,-6.15426812523865,-0.003279023323763647,0.7737520669959934,9.071050231912764,16.01814588271393,0.51612485411939,0.4140524125986467,175
62605000,ar1,zero_shot,CAMELS-BR,0.7971123188905489,0.8698955060155494,3.2333696752641803,1.480851640074839,0.4665929431062338,-0.004290138558396344,0.9218393551809421,12.605761862159383,17.596600269769805,0.5452498480668418,0.4642757110430961,188
62610000,ar1,zero_shot,CAMELS-BR,0.7009108446530496,0.7363607436378257,3.597562384692088,2.139921025649136,-2.0655876595485143,-0.005479965196262563,0.7911830835963412,9.916607056009079,14.938892254616263,0.5172656322461012,0.41245896137488747,48
62615000,ar1,zero_shot,CAMELS-BR,0.46428570619368703,0.441451117020747,12.120578767404261,3.0049466695724054,-6.602855270159469,-0.0049953766008484675,0.5141288226496986,52.24864687905645,109.59630382325678,0.6708549873194002,0.475182014889934,177
62620000,ar1,zero_shot,CAMELS-BR,0.8427205400689097,0.866677818962143,0.6009639381707627,0.30623195905176664,-0.5280291345004468,-0.003118359361125726,0.894600475361719,1.9781206211399356,3.210640608512517,0.36063175830657324,0.33344157354202864,188
62622000,ar1,zero_shot,CAMELS-BR,0.6675786061291938,0.7905915412269634,1.8324795693938503,1.0412807289884816,4.238099509755236,-0.00300052840993921,0.8884514013272405,5.982015651547768,7.777601970387237,0.42523044175129393,0.3645721151258702,188
62625000,ar1,zero_shot,CAMELS-BR,0.854295916167758,0.9120358443619971,2.0161578884894733,1.0001348491154154,2.5362177353053466,-0.004056226921684905,0.9531496933718955,7.138634924061194,9.746018131730949,0.4641749402862222,0.4681174822290901,140
62628000,ar1,zero_shot,CAMELS-BR,0.7413574680119679,0.7303197976196413,6.083747593128547,2.3057952919761746,-4.89482010039528,-0.006286158894147872,0.7648050295638765,24.7549291922513,43.41199376261135,0.6581652880417901,0.46730775456671947,188
62632000,ar1,zero_shot,CAMELS-BR,0.8150346149364451,0.8563790642368142,7.442441851708251,3.5703618835530273,-3.0733505485477677,-0.00630291615143919,0.8937735343775955,22.867410698714743,3.466120552504208,0.56283223703725,0.4882608910347295,178
62635150,ar1,zero_shot,CAMELS-BR,0.8540893571002751,0.8922038620592437,13.526456087195486,7.09217138260835,0.6234362262021961,-5.138397153172519e-05,0.9232066971048638,45.574653980816834,63.881072289607225,0.5378385615345219,0.48124484909196386,134
62655800,ar1,zero_shot,CAMELS-BR,0.485521507694756,0.41831603630726033,0.07586097319170579,0.03827728460150254,-8.146786669304172,-0.006112233325497093,0.4709645580823716,0.284514202981478,0.4218113609267594,0.4391674904485825,0.235794738649025,149
62660000,ar1,zero_shot,CAMELS-BR,0.9544590028043739,0.9536316432091032,2.076533606685016,1.2373684717933828,-1.333251828513333,-0.0007686461301036306,0.9594346554733286,3.485710907605156,3.8955761103850546,0.2649664242973973,0.25370560056429736,183
62662000,ar1,zero_shot,CAMELS-BR,0.8787063541932864,0.9152376584187153,0.46237384501542195,0.2761810181420001,-1.0657350265052326,-0.0012744086465836125,0.9424747048342283,0.7238514172032285,0.1731594482542115,0.27426324213518266,0.27866146828388333,187
62663800,ar1,zero_shot,CAMELS-BR,0.5011843632987166,0.4628544332621567,0.691164049647979,0.32073309097064673,-4.231568759808899,-0.00415115840919709,0.5285581659904476,2.694192421095969,3.0791960166167884,0.3519020066204294,0.22731378272251151,188
62665000,ar1,zero_shot,CAMELS-BR,0.5491001863014382,0.7642698227824356,1.17541851710923,0.6839551562118698,6.128774712402678,-0.0023454320588351483,0.9213912027442523,0.5978432200837023,1.1925928796952667,0.2720730998781646,0.26882689645293356,136
62665100,ar1,zero_shot,CAMELS-BR,0.8227738596424143,0.8808633403978946,1.666218073984044,0.6240278673485492,0.1790841663941235,-0.0032045296863734,0.9252002027692182,3.735727004070844,2.015273631026375,0.3339450525976848,0.3308283696762057,188
62665900,ar1,zero_shot,CAMELS-BR,0.8761758171413873,0.9220792688960396,0.3839210838697103,0.16250695912855304,-1.2339166310023095,-0.0007064043870372624,0.9547776377607494,0.42754488843307337,0.433472291992869,0.19592075240692303,0.20011404319121265,180
62669900,ar1,zero_shot,CAMELS-BR,0.8354515434670106,0.9024223377299982,3.447822625243309,1.7850938127800966,2.8859000587901793,-0.003518373933681134,0.9241192019196162,12.959657851976578,19.79146049508019,0.3839886478476465,0.3605090354474215,185
62670000,ar1,zero_shot,CAMELS-BR,-0.345252412676466,0.4316937654026022,6.53376694524085,2.121079134634153,1.5207956697706313,-0.0020994574084269185,0.6766196740228329,26.928998578895822,26.20489287317575,0.2766293166866049,0.27439822258861113,146
62675100,ar1,zero_shot,CAMELS-BR,0.9239105888712809,0.9509944913355196,4.4573297358678525,2.9031109081940403,2.855675254817029,-0.0005851766110428584,0.9666317235117199,8.491467657656623,3.884794263716022,0.2895607724935133,0.2936475346978204,188
62676000,ar1,zero_shot,CAMELS-BR,0.823046927509837,0.757868985712088,3.901447110020629,1.9963659081977916,-2.510084074875902,-0.0011174522110212635,0.7712654100751992,12.391997326938245,16.6955617901912,0.3942085303569083,0.3210388577165438,188
62676100,ar1,zero_shot,CAMELS-BR,0.4581569828995755,0.6125492287704355,0.8015582946737716,0.3972738047528249,15.565832428038172,-0.0013825757542121984,0.7452745151777573,3.145230948126341,4.222275820069771,0.45702003531127666,0.3291715312920743,112
62678150,ar1,zero_shot,CAMELS-BR,0.8027569292528807,0.8921093181513426,7.753506255322505,3.5554495960769295,2.04886742349073,-0.0008892765800415335,0.9612216692684533,28.370456141152452,56.22011090311222,0.4793283232023143,0.42484267007012394,182
62680000,ar1,zero_shot,CAMELS-BR,0.7246424716027788,0.704814900076022,7.32007178405382,3.2856435045822234,-1.582804390456895,0.0018437448366732936,0.7396019822416002,27.909362326933604,35.74617200497694,0.49736591869868735,0.39991998122578953,188
62690000,ar1,zero_shot,CAMELS-BR,0.8201243853671661,0.8426079380055376,6.7551477554553125,3.66971268385677,0.6077851613924642,-0.00024625290967136143,0.8720614270041376,17.287801174039345,31.750527251978674,0.48852029311716416,0.42364423353469716,184
62695000,ar1,zero_shot,CAMELS-BR,0.8939879827272965,0.9188305878459095,22.041771850540137,11.721759715075247,-0.7436877095227261,-9.498052503105828e-05,0.939661780546636,63.37895803403366,63.45475112704884,0.6134044836111646,0.5108149280899572,108
62705000,ar1,zero_shot,CAMELS-BR,0.8551571628954542,0.7693563911796885,47.95854600079654,20.26563011950087,-2.352146571006687,-0.004254790942888349,0.7760801463567126,186.92338534385956,332.8278477087734,0.636308210457764,0.5189619577079453,188
62706000,ar1,zero_shot,CAMELS-BR,-0.4138680753433861,0.3659365581362861,0.41697923336929604,0.18713960128263302,4.847201501486519,-0.003456839003826739,0.8264644325758259,0.8257343925938289,1.6538198648148357,0.14782782171943576,0.12323821956378621,188
62706300,ar1,zero_shot,CAMELS-BR,0.16065833197498414,0.33653260079809333,0.9483322551485645,0.3203741860846119,8.55837738516769,-0.021429556991440467,0.6276646679562818,3.4676976354085025,6.685193629079133,1.1017062359584673,0.7315928601803104,171
62707000,ar1,zero_shot,CAMELS-BR,0.8967995493777416,0.9434482869509436,21.37692874912778,12.020264906321975,0.5820296213437742,-0.0026298221148623145,0.9783012750933309,57.113565151300826,21.43294018291939,0.301369263534606,0.29245790458662047,188
62707500,ar1,zero_shot,CAMELS-BR,0.6715322667150183,0.5763472590673594,20.90729147249174,10.801186714678973,-3.4611508822080137,-0.0019426512608461833,0.5959672613471505,69.89316634407747,92.09525957180647,0.2688741300754311,0.21422796301585134,30
62708000,ar1,zero_shot,CAMELS-BR,0.20318611431508415,0.11323207495909637,3.166784984589541,1.6714743335844156,-5.101654530305259,-0.009200009499985232,0.2164928437670488,11.452054732097357,16.250499633276117,0.6515167309496509,0.1803253873320158,46
62709000,ar1,zero_shot,CAMELS-BR,0.34908613290872703,0.28654277638518877,23.19053753873058,6.7852647228099,-13.344298670079397,-0.0014066165111964214,0.37948073024549955,100.64896539230611,177.3081995901453,0.7001556702577827,0.28646507725081016,137
62714000,ar1,zero_shot,CAMELS-BR,0.8469039398315011,0.9019405169473086,35.80659507319104,20.36010189431309,1.4098165229184074,-0.002033639734604114,0.9416429516739812,107.04970984136222,60.56197830584228,0.45563897525851177,0.4302964882510995,187
62715000,ar1,zero_shot,CAMELS-BR,0.7061913674198883,0.7138856098170105,52.582322665836536,24.860967381887367,-2.546663154284819,-0.0032774997748369027,0.7593485078823495,199.418336641811,161.3617442892743,0.6130613044304687,0.464763334194675,188
62721000,ar1,zero_shot,CAMELS-BR,0.359690487607367,0.6340378646604183,7.1658307286042175,2.8954328178959226,17.36141382379665,-0.008398673006614807,0.7202402337577952,28.21296275516834,12.478321940514107,0.7857520567177705,0.7583844916357793,188
62725000,ar1,zero_shot,CAMELS-BR,0.9017615748418162,0.9474430789577943,92.5110097505408,47.18522080909794,1.91087599571395,-0.0003953246609443052,0.9799983314685263,171.48270123967305,136.02753424847586,0.3751713334638731,0.359470450883883,188
62728000,ar1,zero_shot,CAMELS-BR,0.5703733347786346,0.4845303459023945,4.802892777651604,1.7818946369911424,-2.4826473895269685,5.493924196094558e-05,0.5141470725961894,19.53980188160566,39.512693557387095,0.36389684667614974,0.2299778412913206,188
62728001,ar1,zero_shot,CAMELS-BR,0.6992323309995584,0.7191584113090026,4.977573331045287,2.180225055612977,-2.586892965300725,-0.0016923230708250202,0.7677892463185296,17.453214268183956,28.409336818842696,0.3836825019968198,0.30071502568351743,101
62729080,ar1,zero_shot,CAMELS-BR,0.7678693766198661,0.7810260660212902,102.55634663646082,58.71898098582617,-5.860700779639015,-0.0011097551941298446,0.8140420417021779,297.289053556499,462.71131348171076,0.31058272946859905,0.24375821165956105,188
62741000,ar1,zero_shot,CAMELS-BR,0.2894468444676799,0.3567490772678551,2.9927387558292784,1.5707191548679815,3.3366523888346324,-0.0023157356545638243,0.5482733528849796,11.378339993922847,17.313887531953217,0.3043820617706601,0.19035638050496023,134
62742000,ar1,zero_shot,CAMELS-BR,0.46779653977691105,0.4120263358772446,2.29272575042011,1.3788852783587837,0.6012505352735795,-0.005111396783093998,0.4746776081549461,8.346827316561908,8.096686911734885,0.329595330016197,0.14450721849192677,116
62743000,ar1,zero_shot,CAMELS-BR,0.6476333736328754,0.8101806733033061,3.6782951310748833,1.936294650309126,2.518621611314589,-0.0021553246168650314,0.9472566419072262,12.977464869838963,10.424527413498165,0.4193553168837647,0.3202421258183463,185
62744080,ar1,zero_shot,CAMELS-BR,0.7747637663957025,0.7926672193881141,122.24602716913161,73.6983423129519,-1.5340975625466584,0.001820345535168317,0.8282344568716316,389.83023242290244,647.5145220816897,0.33306125572319506,0.2342108548254501,188
62750500,ar1,zero_shot,CAMELS-BR,0.5238164414360258,0.6062531856806264,0.6028268199889586,0.22679376246073232,0.6254752180109605,-0.0031000812875827417,0.7188327775278851,2.458356470570925,4.412024178326887,0.29240697714149033,0.2239443353152354,188
62751000,ar1,zero_shot,CAMELS-BR,0.8530769705684534,0.9097506601077335,1.6729100520857045,0.8070075210655874,-0.4813039875236502,-0.0009174755934713424,0.9450987746037061,5.883690541729884,9.697673610232039,0.32817504675508924,0.27547002355196315,179
62751100,ar1,zero_shot,CAMELS-BR,0.8886832038465509,0.8392906006315262,1.7306312322833686,0.7623488482601153,5.292581703602291,-0.0013891304175174968,0.8426677694766771,6.535463786499136,11.895952506444852,0.39993941355071017,0.38304806948352893,143
62752000,ar1,zero_shot,CAMELS-BR,0.9821259662113205,0.9710465004408786,2.4860123808172347,1.164919145331465,0.4753465001314425,-0.0007161916200381108,0.972149129499978,8.764267072487156,2.326915532106704,0.1301513186136301,0.13212198264580516,188
62754000,ar1,zero_shot,CAMELS-BR,0.9842592569358057,0.978352544267199,0.7555112531753629,0.3856884236918195,-0.21115883471660482,-0.0002269195157353172,0.979755680269392,1.4570284106373323,3.0286275098767224,0.06736468455124686,0.06356014341241384,187
62758000,ar1,zero_shot,CAMELS-BR,0.10538925436373614,0.4819121993341805,1.254853340703105,0.44275338033385403,6.231974123173973,-0.0003317484581684075,0.8503734782631032,5.2488978097648795,9.968095691578359,0.267497796333372,0.23676542420823132,188
62760005,ar1,zero_shot,CAMELS-BR,0.6434788388804917,0.6622178618502488,1.1362883457967448,0.5862866768150553,-1.1922916755186785,-0.006759524391499307,0.7220010701821473,4.261792310954099,6.504771626036831,0.3758125162888586,0.24016037246525693,188
62760050,ar1,zero_shot,CAMELS-BR,0.6330275361782357,0.6905008036540935,0.08508465336247364,0.0382003795941642,-0.07076027805252018,-8.512171607725008e-06,0.7669383519312426,0.29155397516052695,0.4987792041546262,0.3212372735822055,0.24873136942964147,188
62760070,ar1,zero_shot,CAMELS-BR,0.36665561978019057,0.6065478303074898,0.9183579734522015,0.3172616728590762,4.335163367365807,-0.007955808117089177,0.8324883321086052,3.8320194569744177,7.246308392382407,0.5499131680895766,0.4610152678332658,188
62760090,ar1,zero_shot,CAMELS-BR,0.5520157684701006,0.7846440384037825,0.009488188651690214,0.005401236705300843,-0.26957572187865597,-0.0005389457107491542,0.9352780482786742,0.020591616017315673,0.026841078145768405,0.022804736638673148,0.024719279526512667,71
62760110,ar1,zero_shot,CAMELS-BR,0.5880071412605532,0.7131488122802372,0.045665512197644295,0.021649137376854716,-1.1043283014766925,-0.001147670952123924,0.817481275657761,0.17355847976370145,0.30280256208381495,0.2843505192202587,0.20400716063580046,188
62760130,ar1,zero_shot,CAMELS-BR,-4.099303433610183,-0.5592730559831072,3.867258617126271,0.49789818378996115,36.95286776002799,0.0030332416239518597,-0.4106772312473015,16.720049343521872,10.742021763230163,0.821794362483974,0.9639284235709564,188
62760150,ar1,zero_shot,CAMELS-BR,0.9115432524147095,0.9492794947421835,0.5307502885470297,0.2595401898487601,-0.7592771502536367,-0.00034855991123512904,0.9751803628176613,1.1928756624693622,2.3771110355514806,0.18736362143563617,0.20219241512001318,188
62761800,ar1,zero_shot,CAMELS-BR,0.8665292850861258,0.9130510922159519,0.11754760860908965,0.05993081144140193,-0.36152835049343784,-0.00033157408977632034,0.9459698877262901,0.07915990210041099,0.12048102233979759,0.06254095791663107,0.05125618939367588,157
62763500,ar1,zero_shot,CAMELS-BR,0.948018220198588,0.9358769068483307,0.25731919494016176,0.1011839244388137,-4.8765836894628345,-0.0037024145068153477,0.941057850956608,0.8096214630732977,1.7082638130283028,0.17031434487243108,0.12319492740240318,188
62765000,ar1,zero_shot,CAMELS-BR,0.8379186419787098,0.8386825530489468,1.2418603594220223,0.701915197267308,0.3551777922204674,0.0011305960743794186,0.8614072793747269,3.7791485275634615,4.613718064200406,0.21173601354809904,0.19534320273983655,187
62767500,ar1,zero_shot,CAMELS-BR,0.6040896858703051,0.7224961423664288,2.855193548882055,1.6080320719004462,-4.011577378646218,-0.0030671081022831965,0.8270872968390682,8.741431408815645,17.488518103237286,0.33247771147743843,0.2628248821265117,184
62768000,ar1,zero_shot,CAMELS-BR,0.28736101980547646,0.4150706573638815,1.681426894874541,0.5034962048465339,-22.159147358118705,-0.0020867003295151967,0.612480951872534,6.172122513633387,9.139479945242318,1.016814246359701,0.6792671525726851,128
62768500,ar1,zero_shot,CAMELS-BR,0.022816428690039525,0.39931045688236977,0.7810537246771361,0.4182476569079922,3.810583267050925,-0.0019088101882757651,0.800535800108209,2.452902016600503,4.096122528736678,0.20824670066315032,0.12845921072410693,177
62770500,ar1,zero_shot,CAMELS-BR,0.478268305447866,0.4806620207380954,3.010125993412173,1.663134187549707,-1.9554454081703456,-0.008467169572171033,0.5724256569350392,10.73042748643123,22.43156986016605,0.3902564928451844,0.20678518308969296,188
62772500,ar1,zero_shot,CAMELS-BR,0.9107571899355087,0.9444392145668195,2.848277407224312,1.964977003287134,3.0274729333575463,-0.0020397963411827712,0.9651361314052819,5.326962379429451,10.263915945564085,0.21617905062049134,0.2003971042444731,177
62775100,ar1,zero_shot,CAMELS-BR,0.7718776826102438,0.7991068683351277,0.918283348427596,0.46828323829942564,-1.271939291653873,-0.0006676691543097465,0.8385055306257111,3.190361495119436,6.147903256048223,0.25689343127861175,0.18444050786978028,77
62776450,ar1,zero_shot,CAMELS-BR,0.855895284223322,0.9104121737923017,3.5923617422526517,2.273608037453677,-1.3154957387133912,-0.0007780625041799317,0.9493292504723259,9.608910502595501,7.3792816920997275,0.32434961145619456,0.30047756217856486,146
62776580,ar1,zero_shot,CAMELS-BR,0.8936501459137861,0.7819823182686123,6.473320417953898,2.016971828552675,-2.49455330376183,-0.0007100047860524109,0.7836520789481081,27.42507305239255,44.643591653680026,0.24287924733179775,0.2112469954693123,158
62776600,ar1,zero_shot,CAMELS-BR,0.9700304574690858,0.9786982022934743,1.7707353613295824,0.7863689941940208,-0.660162356881926,-0.0017126646174768934,0.9847451809269887,1.2311311596118957,1.3657584846853943,0.1542400407592457,0.15273721594341752,116
62776780,ar1,zero_shot,CAMELS-BR,0.922787230162863,0.9605396466214432,3.0313902346867607,1.9079224217674386,0.5151759469592602,-0.0002524178677510607,0.9890951623739574,7.996350907323893,10.824988335910815,0.21410367805709463,0.2202407924036412,156
62776800,ar1,zero_shot,CAMELS-BR,0.9493844018671012,0.9679821827429346,2.6500031970848257,1.717004323367823,0.8127545836106544,-0.00017103208517848904,0.9803902336775425,4.616305384491553,7.85278412341383,0.2282540340618764,0.22741373782988517,188
62776900,ar1,zero_shot,CAMELS-BR,0.5568664780369758,0.6297250113169004,0.402641966885572,0.1650931337209162,3.4090684294020406,-0.0012952851756635139,0.6419503110987854,1.6417663985127269,2.946294156157041,0.17273365887089867,0.1480438908283784,176
62777000,ar1,zero_shot,CAMELS-BR,0.9928966823235548,0.9936456097699119,0.2677284384616625,0.1486427695351453,0.562699706906004,-1.56083128057009e-05,0.9936536404200074,0.06073137013400943,0.06260564537547708,0.04147657586759351,0.03906715601499932,27
62777100,ar1,zero_shot,CAMELS-BR,0.6182224387375099,0.7118754364803582,0.5741824828311686,0.3337860797522654,-0.19039544808835715,-0.0018794446263146391,0.8064161845380593,1.6230578599876733,2.6699510034853136,0.21544955600532434,0.18436229050301534,188
62777300,ar1,zero_shot,CAMELS-BR,0.9740090122773405,0.9772069987542988,2.4088918671235127,1.4874342870619746,0.841116020328196,0.0001116779355781923,0.9809910312893683,5.79571969413213,5.203097262213562,0.20533089828102197,0.1970178841149042,175
62777500,ar1,zero_shot,CAMELS-BR,0.6038618393793513,0.7307476973073601,0.7902603133466969,0.3602273686606333,10.58569503028077,-0.0015111595063128577,0.7621177286558878,2.8680988156227176,4.811981202816703,0.47183573081036767,0.40166620395101044,145
62780700,ar1,zero_shot,CAMELS-BR,0.9607911958454056,0.9593561452388095,3.3994543841443057,2.2156012742631717,-1.2148958147890938,4.132015957752748e-05,0.9639667066138486,8.58733399111978,2.6067701973281143,0.20597111501772025,0.2166883939852712,144
62781000,ar1,zero_shot,CAMELS-BR,0.5753307266379386,0.5801349511046925,1.406588570024745,0.4682061999622776,1.5900237302497482,-0.00140700065441343,0.649796677718699,5.567803556835885,12.25841087374952,0.4185244549103191,0.28207877998019376,184
62790080,ar1,zero_shot,CAMELS-BR,0.666424549441517,0.7164169427376142,174.60601821294273,101.7961990997738,-2.755044247710536,-0.0006244753186516617,0.7797057191783353,578.8212689032135,950.6893592853521,0.31822141065600434,0.21645574712080987,188
62795000,ar1,zero_shot,CAMELS-BR,0.9148852910439547,0.8617622579999878,8.355199866624812,3.7038765065743418,3.2531077750431687,-0.002072722558712492,0.8646795985023598,29.74684543009692,50.651077492533446,0.35746475837427566,0.38791019199941756,145
62796000,ar1,zero_shot,CAMELS-BR,-0.1639307723589314,0.4846876691182671,0.29370379838672145,0.129768489555212,12.631898660393091,-0.004175604083377097,0.7579378002885965,0.7657718598839761,1.1086633514001676,0.5095243088322673,0.5539731408274005,86
62798000,ar1,zero_shot,CAMELS-BR,0.6927621942677951,0.7097387635824033,2.6836108582393745,0.9144191456960318,-3.146785141172942,-0.0028432004944508402,0.759630474936573,11.407995616208048,7.0435951590768076,0.3722000261193849,0.3294250226884089,156
62800000,ar1,zero_shot,CAMELS-BR,0.8244168497000618,0.8804876162850428,6.254123308118012,2.8372578415427068,1.407457524550328,-0.0025855718495344585,0.9231815540465851,22.292016200757477,44.08135027060136,0.38679769077696335,0.3899600372455202,187
62805000,ar1,zero_shot,CAMELS-BR,0.9516272405791036,0.9752519123212983,57.49984776214992,34.62690085276834,0.5496017257872098,-0.0012996918410753972,0.994427504438142,119.74123393706272,85.9839647891188,0.28531214424924206,0.2940497814465897,188
62810000,ar1,zero_shot,CAMELS-BR,0.520050586498745,0.5028780280024441,7.332721304877664,1.6766578782706218,-2.861928797780514,-0.00094571083939034,0.5745121577461919,31.21224455632316,69.13638719940475,0.3811770211304242,0.267134688839412,188
62813000,ar1,zero_shot,CAMELS-BR,0.9344672891128896,0.9204697534700232,3.185817548923782,1.71811231002497,1.1907522652390612,0.0005791653424029458,0.9244760473921507,10.108438278063012,20.073517149532197,0.3302366850443263,0.3597465971010002,188
62815200,ar1,zero_shot,CAMELS-BR,0.9685662127559742,0.9816414384314104,1.9309075722781823,1.1395635024516104,0.6332036737013024,-4.9629554291902994e-05,0.9899282700226357,5.149829781430306,7.009041031217355,0.148543023174014,0.15101685890935368,188
62817900,ar1,zero_shot,CAMELS-BR,0.7781321046313365,0.8403919884359183,1.9182822180606818,1.0035200926428007,1.7001432437891724,-0.0015003630547251023,0.8897741941805538,5.884026095139081,12.284019647620111,0.22993740533397963,0.21081300911497516,188
62820020,ar1,zero_shot,CAMELS-BR,0.5124262655440354,0.7369629052574138,2.79705436717446,1.2185237810985812,7.12264489790681,-0.0012986071450472453,0.8627699764611927,10.803436396062143,13.460197590716032,0.6579860526373545,0.40814294927508654,183
62820080,ar1,zero_shot,CAMELS-BR,0.6978956093563476,0.8063764905372443,175.90475692834002,114.11235298896312,11.586663605297344,-0.0018213043416071412,0.8600348138220383,277.7957099497448,595.1747019226993,0.28539880714322974,0.2445756936236659,188
62823000,ar1,zero_shot,CAMELS-BR,0.8485149476469022,0.9162379092218266,0.8071787891030708,0.5109099966444898,2.564830010424448,0.0004661523856233675,0.9649901962883376,2.173336925834472,3.6475667316348797,0.3839641976213876,0.3533400600188268,123
62824000,ar1,zero_shot,CAMELS-BR,0.9215015153849063,0.9018230271917594,0.6518356412828461,0.3214135112514998,-0.6616346257511676,-0.001301580300505964,0.9093839206824924,2.3797039289742443,4.1309067819603404,0.24685400040337213,0.21633212362958792,131
62829580,ar1,zero_shot,CAMELS-BR,0.6182967803651471,0.7172112852815096,212.85752935842373,124.80382891909957,-4.5840709084641516,0.0014314538199188508,0.8070390006634851,667.7129010841235,1380.6103679329472,0.2637576364061882,0.16300544485382465,188
62845000,ar1,zero_shot,CAMELS-BR,0.8825513167257676,0.9008698266917529,143.1122487288445,94.27440986419538,-4.335472386890629,-0.0007469918491908537,0.9189877620940812,167.5667835544083,87.74567098174127,0.27902166237718934,0.28359967089116817,187
62849500,ar1,zero_shot,CAMELS-BR,0.6657790476845811,0.7697045096110617,1.5431862992320207,0.7898892987494965,6.475990009822113,-0.00644307941519294,0.8564961578399939,5.949968691631448,8.775731384300297,0.5568484492799421,0.504809145945731,171
62860000,ar1,zero_shot,CAMELS-BR,-0.29703741413574525,0.36769222708479843,5.0191660318581315,1.41609728791423,7.968756428763123,-0.0036893955700590354,0.41913915397486157,21.048979283864362,41.462370867716565,0.7202067000672419,0.616347384622365,165
62870000,ar1,zero_shot,CAMELS-BR,0.8252994955725131,0.8923188492040915,218.53975527610976,137.20878895513326,5.620408025237091,-0.0024219844511184207,0.9345676622986807,270.9555523607095,116.74728920361021,0.31763135841135237,0.29272222519550917,188
62871000,ar1,zero_shot,CAMELS-BR,0.7644239297428311,0.7535527575615226,0.8272242286129682,0.3491069443847212,6.5203439667513505,-0.0047697713106906545,0.7810827944922956,3.026683324559288,6.601258242692356,0.47815852075215626,0.3804308650938043,186
62880000,ar1,zero_shot,CAMELS-BR,0.296632369285282,0.4983203476445194,0.44405128366719027,0.19214333318892587,11.187966946855738,-0.0074936448773271006,0.7003294771530795,1.8308622483140797,3.2638505000115217,0.8525388601036272,0.37184863728386164,188
62885000,ar1,zero_shot,CAMELS-BR,0.9328306942926695,0.9412195306583584,123.93326050998807,81.68147048150779,-3.264756397774109,0.0003838870683946609,0.9510328259904599,178.21051105751724,62.0564725829232,0.3187802283155689,0.3124838074678973,188
62885600,ar1,zero_shot,CAMELS-BR,0.9962910272129859,0.9945780581822883,7.971134330606329,6.122998407721749,-0.48889498896211386,2.5659394906511063e-05,0.9948748200274224,10.735835265653044,4.881325904004354,0.210521659587402,0.21077524769964548,188
62885700,ar1,zero_shot,CAMELS-BR,0.9968961684282227,0.9910450254106686,3.5441387008507808,2.784117837680122,-0.8850107917261466,9.617665602827327e-05,0.9911440726667629,2.7465500492153216,2.2162421856338588,0.12135314704969861,0.12263344174104555,188
62900080,ar1,zero_shot,CAMELS-BR,0.7569678555657424,0.8108607005159758,244.15045817181127,185.7271583656625,1.1647214849575656,-0.00870571614591285,0.8623835613990418,304.4674881019752,340.73056030945094,0.34193538878736074,0.21530808141115487,188
63001000,ar1,zero_shot,CAMELS-BR,0.9420974926749951,0.9702475234800589,3.4425495262240626,1.957595864504791,0.6911769445479302,-0.0010581956865942464,0.9905254777001348,9.02385346703587,9.024705692962614,0.291011629945649,0.308608285611682,130
63001200,ar1,zero_shot,CAMELS-BR,0.9616596770410699,0.9578061704620993,4.712347102395039,2.5931765472243775,-0.022144363326304956,-0.0005186548954291513,0.962284782828377,13.194383247414267,10.828592682799092,0.13068918256714396,0.12278769242495602,184
63001223,ar1,zero_shot,CAMELS-BR,0.9385908617189567,0.9590390556992899,6.1153001388798875,3.5654781772188695,0.7026287600182229,-0.00022912522502031418,0.9711799760862472,19.683201805163602,14.371325572450921,0.11231982078738635,0.12742081352183343,188
63001225,ar1,zero_shot,CAMELS-BR,0.9020584309415914,0.8835517807276689,0.28828076166891525,0.1728853588598559,0.020009167895231307,0.00048663718701391287,0.8940204933456466,0.48419073982720806,0.8859790982633621,0.09850815081933155,0.0926743778849496,188
63001230,ar1,zero_shot,CAMELS-BR,0.921485963585319,0.9585770972929855,6.530393249027576,4.4170471949710715,0.29017905827692336,-0.001106556816383086,0.9875754785025705,10.920984659502912,6.114048179005556,0.10002518848568293,0.10613442047155897,188
63001500,ar1,zero_shot,CAMELS-BR,0.9835225121786186,0.9851937457252314,5.25139072361122,2.756393748332391,-0.14093800333265835,0.0004329291583834603,0.9876517709405593,14.762013001663613,27.65730973552494,0.08591531972159117,0.08476992916929799,188
63001560,ar1,zero_shot,CAMELS-BR,0.9185900338756888,0.9125161797854153,13.712361280190935,9.506208911178827,0.03481661520895347,-0.00020316067834134574,0.9225854028514565,31.65747171997804,17.006499703461863,0.14945693548013558,0.14026194215809248,148
63001580,ar1,zero_shot,CAMELS-BR,0.9277458222665234,0.9033470640319022,12.999609920018148,9.16046663994473,-0.0617221290480896,-0.0008355092707257525,0.9095356164701582,29.673341429793723,16.11564607427323,0.13496491849437678,0.14480702253499575,50
63001600,ar1,zero_shot,CAMELS-BR,0.8001950340297254,0.834698771409937,1.4134895055853185,0.7728789769777871,-0.09816539546755208,-0.00016819455862981253,0.8719858235888541,4.409224832773871,8.41482766259222,0.0901295830268946,0.07869680627246155,156
63001605,ar1,zero_shot,CAMELS-BR,0.8414925988625046,0.8917802617528807,2.784329671925828,2.1149051849959473,0.6133738497411053,-0.0012113818452277533,0.9296380391265765,4.567226138834564,2.9905983139343264,0.20831315664274727,0.1868733623130358,158
63001608,ar1,zero_shot,CAMELS-BR,0.7363230321735931,0.8421802875354444,10.712690417574034,6.959026396877367,1.842914937428049,-0.0056218041771423505,0.9251069018551504,16.434120908052872,31.268591390046158,0.4106949601037346,0.4083886224259895,187
63001638,ar1,zero_shot,CAMELS-BR,0.8174226576805603,0.8710605487663773,8.955758518502952,6.931765130237699,-0.10655999811820559,-0.0029642290357063273,0.9135480605954527,12.12010725304728,19.29377952915836,0.28275771959175894,0.2483290504215744,188
63001642,ar1,zero_shot,CAMELS-BR,0.8503743757111508,0.9105567768898075,2.0577128061051346,1.3508476463649945,-0.13233890122970218,-0.0010835737082102708,0.9547661424000397,3.644927156549036,1.2205166344996063,0.21796732622664175,0.20767770591156964,164
63001650,ar1,zero_shot,CAMELS-BR,0.8465902035982473,0.8926088315492398,6.996635269945305,5.2700183901636,-0.04215849088419211,-0.0018877258481418465,0.9281255373204979,10.716949396143647,14.588247767662665,0.2159615364500408,0.19447586836189149,188
63001675,ar1,zero_shot,CAMELS-BR,0.6782123655292693,0.7313936063384306,11.604914321324063,8.55234264365491,-1.3594283767093662,-0.002413592704205895,0.7955054122917673,17.124541716130008,28.343998907594415,0.1994511068956087,0.131442379592988,182
63001750,ar1,zero_shot,CAMELS-BR,0.7518090431335218,0.8023340149984828,3.3490133337844736,1.8963618608043586,1.6078684221262336,-0.002004861028591067,0.8528038460008271,9.972348544643326,11.883800073780947,0.37279994301939434,0.32287212461613796,188
63002000,ar1,zero_shot,CAMELS-BR,0.9199250505455733,0.9409046358473949,31.410854128617263,14.32145873229971,-0.31445760819250757,0.00022027905327066076,0.9555956675785969,73.41979020694806,143.74917251261343,0.13253952863445273,0.13450453346240224,176
63003100,ar1,zero_shot,CAMELS-BR,0.9667685730685399,0.9635361268364393,15.189196371628984,9.034728709827176,0.29723458947893205,-0.00019176509831028091,0.9674251413596051,7.238121368344907,3.208516990622312,0.09849787453533829,0.10674151902446721,152
63007080,ar1,zero_shot,CAMELS-BR,0.7922890228142362,0.8704167380619885,639.6638880748578,478.18793617362206,-0.5403708783801289,-6.450616745909497e-05,0.9293061550381919,534.9541844534483,856.6888952768709,0.09477167718480721,0.060821081856327244,188
63010000,ar1,zero_shot,CAMELS-BR,0.9485534701151382,0.8971959027385092,1053.575157315553,727.6724972276934,7.193161739658204,-0.003382163914272757,0.8984046867813432,685.4388468520615,55.076565334496784,0.19195668896118942,0.16060982825210815,188
63050000,ar1,zero_shot,CAMELS-BR,0.6874255237226676,0.7918747704137363,0.7534758418338937,0.2954189567780665,8.0805416589867,0.00287422920850529,0.8734592813069497,2.2006267600564815,2.855307934010894,0.6170422986541337,0.5244609356159033,116
63100000,ar1,zero_shot,CAMELS-BR,0.7269173618263041,0.6616673288397603,5.502176970189883,1.727305034091445,-3.0422252793545814,-0.0031983012721853218,0.6822712269824516,23.060031811504764,45.8765591381,0.3843612930605694,0.29267231496286,167
63140000,ar1,zero_shot,CAMELS-BR,0.7912570439573543,0.8925550886875213,5.270362516907123,2.2621903728053803,1.7368557100862752,-0.0027968367323311615,0.9780299587531046,18.35069022950665,33.89831313910717,0.3843664112733011,0.3722784945808725,185
63160000,ar1,zero_shot,CAMELS-BR,0.7953747658699967,0.8869683612015511,10.34576300655424,3.673452173437279,-0.47666920649118516,-0.004074439499776747,0.958934234197568,40.71846520756166,48.4857146183217,0.27256417232897573,0.29469915162271254,125
63165000,ar1,zero_shot,CAMELS-BR,0.9584060297264592,0.9756834468370141,9.086379663441088,4.4138803509104365,1.0797790812026609,-6.152233811984945e-05,0.9857007838698825,29.589416262241155,21.821195873607518,0.2531580703968294,0.2501366971542278,188
63170000,ar1,zero_shot,CAMELS-BR,0.9698036237702595,0.9811980877978491,10.088474894651934,5.611366326093299,0.37867748926594796,-0.00036785158910770076,0.9875393225892354,26.65707902627659,47.40809454152099,0.2789538018643758,0.27752808427266007,188
63180000,ar1,zero_shot,CAMELS-BR,0.9789668460908252,0.9759471778035667,6.258489783678918,4.711007657536625,2.091242015657326,-0.000621182154848219,0.9776180977959469,5.399277100272434,7.456926226090474,0.21813424511373006,0.23103326102854374,23
63250000,ar1,zero_shot,CAMELS-BR,0.9205758304114047,0.9222322528010944,3.6768094477979396,2.1883737212659296,1.2421149871213215,-0.00029626653751988613,0.9329441861075511,7.412249523014599,14.439030128385216,0.12335890264484063,0.11105206532429449,188
63257000,ar1,zero_shot,CAMELS-BR,0.7427638981352674,0.8435348933710453,1.2141067093504854,0.6987230777124788,1.0693929246933638,-0.0002937231639593323,0.9216243640653526,3.0309277610344494,2.5341404248781707,0.17533254192567105,0.16839698206911763,188
63259000,ar1,zero_shot,CAMELS-BR,0.885013664701572,0.925835980781118,2.0549704982113224,1.2603808567775547,0.18059307117478215,-0.0006360678502765351,0.9549108491128188,4.307896449950748,7.736919984282591,0.1117242061407805,0.10908596448070178,185
63270000,ar1,zero_shot,CAMELS-BR,0.8374527355493186,0.8662901284309523,11.97568017253722,7.828031857056194,-0.31406982529955285,3.3375129453140466e-05,0.896410871645619,18.136067468421864,20.61104591831225,0.1491354317214877,0.13269234665404642,187
63280000,ar1,zero_shot,CAMELS-BR,0.9695978637101239,0.9651718488901977,5.060490376338294,2.68697290094775,-0.06562968781416288,-0.0005020531045191682,0.9686036637447332,7.6716442419692195,9.545314395626956,0.10183072376183265,0.10183906110017767,177
63350100,ar1,zero_shot,CAMELS-BR,0.9367999062284451,0.9318070820074135,10.825416019425546,7.63581464477875,-0.3510025855355958,-0.000912095540004659,0.9394116104290003,26.140288470013655,49.57002906715275,0.13917260805621243,0.13573592807116255,184
63390000,ar1,zero_shot,CAMELS-BR,0.9270385426891694,0.9634283915507387,15.972286756476983,10.555367743457461,-0.10678145686643363,-0.0009163918979291433,0.9945125997432485,37.66377675634733,8.933203681161128,0.14815086934263666,0.14211355772458775,165
63650000,ar1,zero_shot,CAMELS-BR,0.24180188953777104,0.35960547482146643,1.8782427440239031,0.7738655272592477,10.734213088734831,0.0007893839538098569,0.5562750335541926,7.530632715369199,15.738577422972487,0.20415992703853444,0.07540487806944395,183
63670000,ar1,zero_shot,CAMELS-BR,0.5052842567478567,0.608077549102087,9.741899499676837,4.99106057983986,-1.608726387029014,-0.006486338034872981,0.7347079118995536,30.687733387295232,38.64226744766296,0.6288711884920586,0.4860931650126493,188
63700000,ar1,zero_shot,CAMELS-BR,0.655871729296905,0.8151385405175267,11.16210735235274,6.6521995073227735,1.0409291334406205,-0.0010903975467169407,0.9478968465612069,22.319892397609838,27.32416573092943,0.3566555443007805,0.3034250845401524,188
63710000,ar1,zero_shot,CAMELS-BR,0.7226311661847119,0.8148717375152565,10.663811492802086,4.716227073222458,2.233639497031613,-0.002976668581017379,0.8431937710698832,41.4739093484108,70.15521527718455,0.3963036235503638,0.3762221701193773,188
63730000,ar1,zero_shot,CAMELS-BR,0.2982146482177318,0.31605293990924144,0.18142515275452625,0.11332146906019135,3.545347669531106,0.0006067856544182907,0.4618949991391337,0.6280722524297804,0.9740958620413178,0.21819752686430155,0.07216849346608115,143
63790000,ar1,zero_shot,CAMELS-BR,0.2777271264425568,0.38688002014257217,2.9051700744418465,1.4081344510800513,3.4117411929903803,-0.0016660797764090577,0.6026173283332242,11.350269856384894,15.768412517856483,0.6300272474171033,0.31649364932258006,177
63810000,ar1,zero_shot,CAMELS-BR,0.8942138137699596,0.8695927268294508,16.899590264239844,9.478232038781627,-1.066611545281179,-0.0019262945786313185,0.8800251344794505,54.91161073200745,73.72421282579579,0.32806745076103466,0.3211951885711766,178
63900001,ar1,zero_shot,CAMELS-BR,0.76033010628943,0.8198488885630217,13.009264609357684,6.893853180380961,-0.6827729609889089,0.00027441800161836886,0.8728828858014629,39.53876578176034,32.65838493893006,0.17237206674593092,0.15557778457557508,184
63930000,ar1,zero_shot,CAMELS-BR,0.9224512749715795,0.9608943673836265,12.032741892126445,5.150398892358191,-0.18391972254625424,0.00024007460900367372,0.9953068676354926,7.020907620559247,5.805068327940003,0.1492507167807948,0.14595346286655533,184
63950010,ar1,zero_shot,CAMELS-BR,0.8138091816586794,0.7831179282863377,7.423807306261979,3.6286545968411783,-0.8595840652067521,0.00027775752548593775,0.8029663985377788,22.29311926390804,37.72960401045744,0.3643975665583031,0.31498508983321033,183
63950100,ar1,zero_shot,CAMELS-BR,0.9163409237358904,0.9414972996755591,6.545271707861257,2.963934382572235,0.26200828903776174,-0.0005986289546273602,0.9572836925695857,21.553035855680015,44.47825283458418,0.2607307715642957,0.2525973709580333,184
63950150,ar1,zero_shot,CAMELS-BR,0.6875139659168461,0.7182187901826029,2.580772277245162,1.3293113188955756,-2.3375987686741215,-0.001428415174135115,0.7735074426063068,8.805430687409405,12.324190098701436,0.4100803311831854,0.33804992040748394,188
63950250,ar1,zero_shot,CAMELS-BR,0.6549817654931267,0.8251750402442474,2.5335147496497723,1.45249776745024,1.9662718317461432,-0.000901098640560588,0.96217665311621,8.172144430277003,14.122775708292455,0.17805695468901334,0.16236456039512917,131
63950280,ar1,zero_shot,CAMELS-BR,0.9410487977627175,0.959848654352179,10.739045678838163,6.809902414769732,0.06109826036430854,0.0004473606693549733,0.9726416861354886,17.069006410065473,25.925463023421614,0.1971182707200302,0.19009159233156397,146
63950300,ar1,zero_shot,CAMELS-BR,0.8569382479146015,0.8979779411254257,3.2752248875076924,1.4850943653283128,0.5616093050763137,-0.0004939581150935077,0.9298155986227964,9.205751716796286,15.888379304207666,0.2049468609291514,0.19192099490890632,184
63955000,ar1,zero_shot,CAMELS-BR,0.9240016573180511,0.9617952830735973,10.601666518819535,6.510437632949797,0.4102829801441713,-0.00019167955996347765,0.9934220596027504,13.27431242624228,12.078571912038658,0.1632056954586469,0.16187260347131122,183
63970000,ar1,zero_shot,CAMELS-BR,0.9360979526457728,0.9392139114276811,22.81032509296724,13.728132427472143,-0.07397274645077409,-0.0004910757585337745,0.9484580346041885,38.125151357493856,25.159717933137802,0.16569932835975465,0.15909748216087496,184
63979000,ar1,zero_shot,CAMELS-BR,0.8897069753648003,0.9321245033583495,42.35810303866979,23.233076340681322,1.2414577344076485,-0.0011597956185693068,0.9609932673505794,29.279040353661454,14.486239715727281,0.1749315074217123,0.15510430703035308,179
63995080,ar1,zero_shot,CAMELS-BR,0.813387675727057,0.8878694991497518,615.3764181515585,450.4008492079004,-0.5549441808636689,0.0005442680208525208,0.9430674541598936,603.809476192609,551.4172883643993,0.09624664424514805,0.07129693096080628,188
64005000,ar1,zero_shot,CAMELS-BR,0.5948723690972848,0.5851609030178855,12.285956502088274,5.912615026475295,-4.319061513002437,-0.002781705567830084,0.6447363073939045,43.80857316266818,79.38782994840722,0.502509835018794,0.36945148510579434,188
64015000,ar1,zero_shot,CAMELS-BR,0.8414620195760856,0.8409615001847895,2.1461147824536053,1.3097308057158876,-3.2341430809392984,-0.0002547708771200134,0.8625688266384568,6.015175912421255,3.7902415974240156,0.459295861402802,0.41715611609944625,175
64035000,ar1,zero_shot,CAMELS-BR,0.4269315711435562,0.6713635894848107,3.583836195322633,1.2494959391145621,2.75436997846369,-0.0014751562560072987,0.8966179580659676,12.576068601346709,26.17108697571671,0.3748055960758195,0.3409445369290739,188
64040000,ar1,zero_shot,CAMELS-BR,0.826830056717158,0.8856857354223672,2.862414775011135,1.4686898982412586,-3.680323037496761,-0.0059276155414396785,0.9221693847102217,9.877495012274304,8.116655392348893,0.4522858203590384,0.3420382459505927,184
64065000,ar1,zero_shot,CAMELS-BR,0.9755764576414874,0.9720011646290155,1.3069116007204966,0.7466947684799639,-0.005074753238656978,-0.000711837292650579,0.974768070416872,1.1248099276208243,1.437260244904318,0.26208730420004567,0.2527251423036323,175
64075000,ar1,zero_shot,CAMELS-BR,0.9725102730088158,0.9844373647293622,4.9916491278256165,2.780565097429805,0.7229061568056653,-0.0010065862874539672,0.9920963911490408,14.151691658137286,6.9669752480378975,0.2942852060662321,0.2915794888397293,188
64082000,ar1,zero_shot,CAMELS-BR,0.9544756754475141,0.9571778439262449,8.981444092748436,6.20703536599678,-0.12186848362363688,-0.002754205444127116,0.9637893047988572,10.761619863388727,2.3794275532974725,0.2921818243541433,0.2867557969179294,188
64095000,ar1,zero_shot,CAMELS-BR,0.805081387390852,0.876290371873223,4.370833771429612,2.257568029421449,0.33875138915723757,-0.00024707114434048723,0.9291885393476192,13.220111018687332,23.803220135232195,0.301154488717363,0.28313413789397385,184
64113000,ar1,zero_shot,CAMELS-BR,0.8279911291771755,0.9103962914155448,2.6878629240445604,1.6002310061460137,0.7107954528270817,-0.001941878678919885,0.9769820960522905,6.439535622370192,9.097460959249624,0.3146792090260749,0.2839294730611996,188
64120000,ar1,zero_shot,CAMELS-BR,0.93508646846271,0.9399897750800684,2.8104983079270176,1.8650653120098837,-1.0648726258646037,-0.002265493332319065,0.9495383907222626,5.239895423711496,5.0408016385225825,0.255578950147518,0.238133997842706,188
64120100,ar1,zero_shot,CAMELS-BR,0.9202588058951301,0.9253695490269763,3.3372559863715954,2.1883637478057727,0.12252589901003967,0.001390429825937841,0.937205271272339,5.820745343843346,5.471280524231236,0.30777732933552054,0.28836914353832177,188
64135000,ar1,zero_shot,CAMELS-BR,0.9575803204244081,0.8980110525576231,2.794327829288781,1.2156320076641594,8.80232396953924,-0.009443511679768656,0.8995748109104916,7.907498514230755,2.2429401568633724,1.052878249995555,1.0354125546993018,168
64185000,ar1,zero_shot,CAMELS-BR,0.834891243230982,0.8939360801853655,1.71749059685346,0.9430289942993314,-0.08447979501955846,0.00030262735556104044,0.9378481707171711,5.793794836927452,4.451291547111891,0.3901564435119124,0.3458954456237616,175
64190000,ar1,zero_shot,CAMELS-BR,0.8528649536871813,0.9238200769758144,2.0107176528793724,1.2892283835338814,1.9438667398461713,-0.002457844574332556,0.9724257446622059,4.836716249995388,7.941126129188165,0.3655029836282105,0.3465555626314079,188
64191000,ar1,zero_shot,CAMELS-BR,0.883814147143653,0.8971991388016647,1.1249342031578702,0.6162100352967528,-1.5707810387626662,-0.0016554021776080535,0.9152975792271619,3.7295303282182726,1.7975644392578813,0.3642095928521093,0.3074610274151443,175
64215080,ar1,zero_shot,CAMELS-BR,0.8289862951474873,0.822564787185953,26.878926930270143,17.365444194036275,-0.032555592351867224,-0.002002860564212434,0.8452741310245205,24.668148976599674,7.203350696587867,0.10703476955065265,0.07244046701716307,188
64219080,ar1,zero_shot,CAMELS-BR,0.9751074012218136,0.9801852025664135,20.381012276617184,10.252502453124453,-0.19072572080501615,-0.0012277598506419424,0.9845759120162595,29.706242085508652,43.550957509167596,0.1206719470910791,0.11705603139101538,188
64219200,ar1,zero_shot,CAMELS-BR,0.491974390524089,0.6791351345752042,100.56605521049968,66.71036257744392,13.067282700235884,-0.012839786734106176,0.7710070220695983,139.93230460188974,5.2019945089630255,0.2152771623213894,0.18784647364037865,91
64220000,ar1,zero_shot,CAMELS-BR,0.8782087310155012,0.8750366854526044,47.6044757151238,24.53145548099568,-0.6223832892561834,-0.0014563734635026707,0.8910132652437234,103.99408104790368,159.36262287151973,0.2325028964492083,0.18730612639375582,188
64220050,ar1,zero_shot,CAMELS-BR,0.6659009326749137,0.7826129330897458,22.279810132027094,11.13649914065997,3.9344177560040494,-0.0002111461610077624,0.819075686297779,67.06755318655391,56.99817098841184,0.157931719919944,0.12292762782399282,188
64230500,ar1,zero_shot,CAMELS-BR,0.5816387943197315,0.7269247842028896,5.982315998330704,2.5691178063074482,4.474704021737517,-0.0017137472226212806,0.8375038737574746,24.83620295014289,37.87248601483124,0.5757562549036702,0.3801840542761991,177
64231000,ar1,zero_shot,CAMELS-BR,0.7620594589708287,0.8472982269186121,12.419917297884309,5.008533774511519,-2.419430650321222,0.0034412345380878742,0.9105607458177682,48.757254101238146,90.4920994369146,0.3573563313726153,0.368727470034726,179
64240000,ar1,zero_shot,CAMELS-BR,0.46198736126841433,0.578411162141411,1.9472489506485513,1.4326896941617886,16.115849031199925,-0.00686257700763781,0.682323572563479,5.798177575503371,2.337885192036593,0.43223495193842437,0.2212691548762192,70
64241000,ar1,zero_shot,CAMELS-BR,0.7283150075543905,0.6892240961088618,176.13782388317568,89.89945832837645,18.971118840862147,-0.019170880978228763,0.7221860839489027,609.8959638137077,836.5210672781859,1.1726357368318963,0.9794250591577535,36
64242000,ar1,zero_shot,CAMELS-BR,0.4866544053336336,0.6337227442216685,15.238749667274442,6.67680870034693,0.5685795641551941,-0.002923486064640277,0.7857547675003627,55.45040866132439,85.20026191198855,0.46275973067090836,0.3703925552080256,188
64242200,ar1,zero_shot,CAMELS-BR,0.9022358801618737,0.8543271633214746,1.9342035634981556,1.2351113913178704,13.056418982141862,-0.005435141526821757,0.860340305198978,3.215441696770437,2.4422091925910046,0.5029400709500964,0.5012422700023442,45
64245000,ar1,zero_shot,CAMELS-BR,0.7683658362079012,0.8767893774457198,16.281451338692776,8.585995708233366,1.775118766043778,-0.0016300373558366665,0.9646066830088835,51.12245205233239,75.32283830386562,0.363171282129743,0.30626085694296895,188
64247000,ar1,zero_shot,CAMELS-BR,0.8163425647700729,0.8677391068740617,11.94382762695551,5.163543871074125,0.5918603809436431,-0.00068139081499532,0.9037237703949893,47.78652440722104,44.372692148211094,0.4011608761180483,0.31749064285031037,185
64250000,ar1,zero_shot,CAMELS-BR,0.7170398968323677,0.7421881447711187,6.299672295560818,3.4156936287191466,1.1024008778178442,-0.000637415239757775,0.7910966020298393,21.978916082054774,18.274170753415977,0.4506958504881114,0.3694169119977115,188
64250010,ar1,zero_shot,CAMELS-BR,0.6440871313039617,0.7458654704091439,5.657595520640145,2.5584010587525765,-0.09080889696036808,-0.004179656794911515,0.8389700543530643,20.203732763782043,37.14223607701516,0.5560584956139508,0.4753752446758801,187
64270080,ar1,zero_shot,CAMELS-BR,0.910828152996404,0.8859707957533739,36.37439293506273,15.97253204554855,-1.2310578261695608,-0.002983757655105602,0.8944861431915232,91.88930434658675,106.79121803234007,0.16266386015675977,0.16744354609492673,188
64273000,ar1,zero_shot,CAMELS-BR,0.8669252037178214,0.9156768702203852,75.23607074745289,40.818366471543726,-1.398878658004054,-0.0005130868162878475,0.9505590586617078,143.58334065564293,12.644917878632985,0.23439198107013595,0.21488919488311742,188
64275000,ar1,zero_shot,CAMELS-BR,0.7657734004884361,0.7725139231298976,84.75912610895833,60.730333484380665,4.159275241261834,-0.004961551466784116,0.8065025093996595,176.61593372109982,288.8008082744648,0.3795758395670858,0.26691882424237245,188
64278080,ar1,zero_shot,CAMELS-BR,0.6157793931438611,0.56883202320206,79.0134944093818,53.570747299798775,-3.710996827787314,-0.004007945914618417,0.6075324547713263,204.3573901708599,406.45843243596664,0.1733705403706005,0.08071226725102582,188
64278500,ar1,zero_shot,CAMELS-BR,0.967237252768743,0.9762420690629638,68.84196147757841,39.107631241698584,1.7333585302398242,-0.0012981442862054493,0.9823585388958417,151.36310038777174,35.212374312355564,0.23743612159986754,0.2163931028601932,133
64280000,ar1,zero_shot,CAMELS-BR,0.9447610046886108,0.9481600766114978,51.67256146458476,37.80111325789627,-1.3764812798328663,-0.0010734173284408025,0.9558780158908025,105.8582951489794,98.3355287690635,0.20559768779203885,0.19263259997156032,188
64290000,ar1,zero_shot,CAMELS-BR,0.7889064250380462,0.8207447153667415,0.9111493843279548,0.5172733174009183,0.20921952599939095,-0.0033259658330984446,0.8590646309341153,2.786854731617742,4.536539483362573,0.3078999989013283,0.26030443824941785,111
64310000,ar1,zero_shot,CAMELS-BR,0.8047178683551671,0.8926130517108218,1.6196094284928124,1.0366360604826041,-0.3279930533294503,-0.0011226222241875073,0.9394740249180018,4.270760171009374,7.279725833321045,0.31058209265052494,0.2785797147030169,178
64315000,ar1,zero_shot,CAMELS-BR,0.7067119595138003,0.7730000589454711,8.239001653947719,4.236189204360284,0.45536424368672057,-0.0012299704441271504,0.8378235882418524,27.010044900090097,55.03404527516951,0.3383335721520422,0.30040230041104543,171
64320000,ar1,zero_shot,CAMELS-BR,0.9265945846820693,0.9263378967030437,6.468654586995574,4.54710984180157,1.830441948410158,-0.0015299094546839843,0.9357074888764144,16.25996616581884,20.60153699997936,0.23498848037220607,0.1975387120902284,188
64320010,ar1,zero_shot,CAMELS-BR,0.8413164682900253,0.7745196811607711,7.274744117759633,3.719108334785262,-0.7892862737968416,-0.0011558868897019459,0.785572009245858,27.245473341943757,36.11101733068206,0.30554641063472743,0.26844391516371574,131
64323000,ar1,zero_shot,CAMELS-BR,0.893770911049943,0.909486949931578,8.689300570835991,5.326446498820843,0.5837602495127713,-0.0003979995924728152,0.9273637297338543,24.80158157077682,32.09767210005965,0.23130950435411948,0.20194427013884844,188
64327000,ar1,zero_shot,CAMELS-BR,0.6345271409684295,0.8117581305101892,2.8617389902861268,1.6419300730732942,7.134906831919473,0.0005106303705491779,0.9265462326289693,9.760847546551906,19.273079663505843,0.3010035184284538,0.28081696242232335,184
64328000,ar1,zero_shot,CAMELS-BR,0.8694911277798355,0.900395848935998,7.5644424887745245,4.553145559475283,0.35022784756461367,-0.0002235844880382823,0.9264737401420459,23.804118563197562,37.08828126122693,0.29990973874346794,0.2711431149173541,188
64328050,ar1,zero_shot,CAMELS-BR,0.9458246154175328,0.902492469166127,3.3204585423308464,2.288133846861357,1.0540834012285363,-0.0007773011612661812,0.9054751921470215,7.700908280491956,11.5047867725316,0.3147253590023649,0.2757024357949673,125
64332080,ar1,zero_shot,CAMELS-BR,0.7907649481796666,0.8075540803796357,58.0962306187207,26.02257724171475,-0.6212553007456122,-0.00024022881572120965,0.8412044340723358,211.99159475942045,413.6453353303104,0.20663671191596936,0.191025599684069,183
64333000,ar1,zero_shot,CAMELS-BR,0.8894221087697359,0.9397031929793744,1.4561674716611273,0.8900113501723163,2.4896547446047266,0.0008515882524352224,0.9724226379643137,3.942254580658721,5.661893205917166,0.23756012166653226,0.2205682274399738,188
64334000,ar1,zero_shot,CAMELS-BR,0.6811015880329604,0.7534294594950537,4.153512549801298,3.285488795183357,6.225218253658901,-0.0007982950717895839,0.8132866955279971,4.188248301979272,4.774465377311371,0.3537368513443698,0.26979184167407233,179
64335100,ar1,zero_shot,CAMELS-BR,0.8695058614515223,0.8738810643132756,91.00309996352996,70.16625972688581,1.4786446587403934,-0.004171965752287048,0.8926233961460853,127.24256646285504,130.161008007069,0.2701753773464139,0.20638164961480643,188
64336000,ar1,zero_shot,CAMELS-BR,0.7324313878430506,0.6683577040907073,3.824698458540952,1.0045085031208738,-12.38124180248754,-0.008554729109908505,0.6947722366237254,14.062001287070792,31.654678325795313,1.7101778282255014,1.315093217038357,82
64344000,ar1,zero_shot,CAMELS-BR,0.8778621671713882,0.8928636754084185,0.4692834805037834,0.23010403635117893,1.7362578373384403,-0.0007549278508218668,0.9123164708209004,1.6691252254739473,2.65310286998651,0.19350980609945734,0.19921188067149403,141
64345000,ar1,zero_shot,CAMELS-BR,0.9223806616651933,0.898096259575754,1.5863652127632497,0.826542016104828,1.315741057146628,-0.0011778535822987452,0.9046657949841581,4.758292666549612,8.47048314817949,0.15494891591454116,0.1405648908788176,179
64345075,ar1,zero_shot,CAMELS-BR,0.912715432676786,0.9389404987028382,63.28050339377489,42.76100094092548,3.159354392217596,-0.0021016775047305505,0.9543870658308728,152.9817136676754,125.57053132178032,0.1827574041501234,0.16094640110636055,188
64345080,ar1,zero_shot,CAMELS-BR,0.9080336320791693,0.9324871922202053,70.34617718296323,48.143425038664105,3.2818931978901547,-0.0005239742128618202,0.947376702149262,191.57063685372904,182.2956559593162,0.18894330277790677,0.164066294080831,188
64346000,ar1,zero_shot,CAMELS-BR,0.7987634000145248,0.8665794858721951,0.951497029909499,0.4448470179580498,0.3874520271357636,-3.1437941458074305e-05,0.9185998565897864,3.584778604966768,5.535897563413602,0.11906124685051739,0.09784181978184375,188
64360000,ar1,zero_shot,CAMELS-BR,0.6426745381807142,0.7235600893581584,13.452877920318294,5.410997378172728,-2.2037327137609077,-0.004308943777191959,0.8057231138879126,52.71720928189414,95.61367000536224,0.49107401172905024,0.3962433243051605,170
64362000,ar1,zero_shot,CAMELS-BR,0.7819689267576283,0.728284296664613,32.918228685442934,13.13088019674,-11.408337871233936,-0.0035525728495450527,0.748793785912055,125.34523960958226,203.35976956721623,0.7754682158946653,0.6537370311809385,188
64362001,ar1,zero_shot,CAMELS-BR,0.45809232968554425,0.4856461649586068,78.08859040421892,23.912488093066276,-5.371523725451411,-0.005592331437168594,0.5949976730056021,330.78080296767797,587.3201429475184,0.8323923766536586,0.5504958562864835,168
64365000,ar1,zero_shot,CAMELS-BR,0.12508431158784916,0.013076220124649596,0.09990427908574526,0.039675079547100096,-26.204125565023762,,0.18817649891489197,0.4032993466338059,0.8738977415747184,0.6594827586206898,0.1741330243941948,89
64365850,ar1,zero_shot,CAMELS-BR,-4.676874001599517,-0.9048736378747311,2.568964957167937,0.5150515046748617,47.32171927901856,-0.0079813186356751,-0.8834656045511013,11.063780361119804,4.263887509464857,0.8509590352745087,0.796001922378918,188
64370000,ar1,zero_shot,CAMELS-BR,0.6418622989267881,0.6090118629007315,36.6522443836921,16.97006088638638,-1.2529829835012183,-0.002370822805097733,0.653491945643289,145.0736517298482,219.27573924691865,0.5737939889650182,0.35570922856077625,188
64380000,ar1,zero_shot,CAMELS-BR,0.8133971942937954,0.8643229404930477,8.081212663919743,3.702836323958976,-2.685330515338486,-0.007711253754259271,0.9057649800329051,30.31884281841289,28.990994223776422,0.7011363249793435,0.638235367611964,188
64382000,ar1,zero_shot,CAMELS-BR,0.8155555042238161,0.8879606088310923,45.81272206442548,17.791945688535314,-6.048625364625239,-0.008167115440953082,0.908629977261273,186.64125778057542,279.7819023816038,0.8860811116684897,0.7599836492181634,188
64385000,ar1,zero_shot,CAMELS-BR,0.7711904142453765,0.8326186211181045,17.187306944290203,5.602375824159856,6.329209926526005,-0.007759898101413459,0.8609446588952187,73.02879132312769,129.07870111840694,0.7095600810019924,0.6586774415204991,134
64390000,ar1,zero_shot,CAMELS-BR,0.4401371463941285,0.4890509215033505,47.686064040521835,17.911376270521586,-7.898772214241093,-0.006709215019411061,0.6097614086450227,194.6386583502965,368.03996102133567,0.6941617839398443,0.4765909547697957,97
64391000,ar1,zero_shot,CAMELS-BR,0.8493587691374502,0.8204513796091457,36.515528990835044,18.481111159489522,-6.602309381067607,-0.003594022857311238,0.8352956007209963,90.44361559990338,83.13552439492653,0.5241307569873803,0.39489211472465363,115
64395000,ar1,zero_shot,CAMELS-BR,0.7308756031015583,0.8646460076456854,2.909801365196617,1.1523587469219425,2.668645445318611,-0.0007072760940143516,0.9709254009505894,8.143521208496004,5.614402181494199,0.17137104890828717,0.1592950634918272,184
64429000,ar1,zero_shot,CAMELS-BR,0.7535760246136575,0.7594212285010877,0.4021024023516869,0.21228505719516777,-0.9018362091763331,-0.01390079159165529,0.7966931359406937,1.0722918624871456,1.932413597979633,0.7111561100273596,0.5428196913977954,188
64430200,ar1,zero_shot,CAMELS-BR,0.7204872390165861,0.8221500310092511,4.021880753028787,2.370904763501189,11.883082802345495,-0.010496691484695946,0.8773652961729875,10.9677005244616,4.080785994171388,0.630760630765428,0.5789667558859566,187
64440000,ar1,zero_shot,CAMELS-BR,0.8543090402939219,0.8858913875532214,7.305977614714075,3.4520265651584237,-1.9070600304160241,-0.0018570698380562037,0.9141843953301314,27.716944283371173,42.074304534628396,0.5219946800154991,0.4873188088645432,188
64441020,ar1,zero_shot,CAMELS-BR,0.8347553210719981,0.8148027665628703,1.7444856949890215,0.9465348718131541,7.7540820166561355,0.0014683355623480027,0.8164972633794537,4.825768027772957,7.937603033918434,0.6553403101473164,0.68862760867875,28
64442000,ar1,zero_shot,CAMELS-BR,-0.19112929604923523,-0.7490524126620308,0.14862777395342147,0.10805885455430299,156.074598981625,,-0.6365624652789488,0.3779590624815191,0.7298997919141044,1.5061710255656775,0.2810937082554269,43
64442300,ar1,zero_shot,CAMELS-BR,0.19822533662777753,0.5200503261865834,4.173664585002965,1.912966647911558,-10.66379353867158,0.008727522263440342,0.8076272968950603,15.638886039713213,15.638886039713213,0.4682140863045386,0.570498117257634,15
64442800,ar1,zero_shot,CAMELS-BR,0.9720645991271464,0.9800672410521155,3.456943997419284,1.9892545796076853,0.06772729341434842,-0.00025635528492386553,0.9853168777389628,9.466779114268142,14.966846000936233,0.4821282363898366,0.47838242225324745,188
64447000,ar1,zero_shot,CAMELS-BR,0.9874803512958269,0.9929341987900516,12.650765880292122,8.59378173094873,0.32731367267593664,-0.0007975173870068304,0.9966139430002522,27.34878776481343,15.869498994942997,0.3040230913376511,0.31089464423531404,188
64447500,ar1,zero_shot,CAMELS-BR,0.958755291272278,0.9774434671820289,20.456038373486706,14.646060554237744,0.8958361563233584,-0.0011295366214577694,0.9891235559346502,20.42180158397619,20.974324735919595,0.3435328096267034,0.34178486639833644,53
64449570,ar1,zero_shot,CAMELS-BR,0.5388411815066372,0.7244575425926949,1.2317025246545477,0.7819371955248304,-0.9125936122732846,-0.002503295559641242,0.8868583525627863,3.5182416267979266,2.6523749898740316,0.38729540886322295,0.3492820708053223,59
64450002,ar1,zero_shot,CAMELS-BR,0.9695819857890523,0.9047683953816196,1.5794548798334687,0.37762778526802193,-0.48578981751891365,0.0012961579996572416,0.9048756741969172,6.422225628902556,11.09642165606509,0.3281605090578533,0.29073616553698634,106
64452190,ar1,zero_shot,CAMELS-BR,0.9116694754590355,0.938708075999347,2.285876439359715,0.9692760947442249,4.228991132783594,-0.0008509988726030579,0.954700743306012,8.526147482649845,8.42915070826135,0.40023801819287314,0.38727900909931173,170
64453000,ar1,zero_shot,CAMELS-BR,0.9482272800238635,0.9735286865207482,2.573768704579896,1.159602302545893,0.06810321730634543,-0.0003580440409880342,0.9937033196886524,4.002027246092083,3.6505542628920087,0.25363371877931906,0.251442673298972,183
64460000,ar1,zero_shot,CAMELS-BR,0.6861632959041993,0.7903827277219067,10.921410125030471,4.422530727775357,-5.243690782801877,-0.006779991992943112,0.8739979212060991,40.810869726982276,62.50702306800736,0.6018153985303686,0.5252739052366382,168
64464995,ar1,zero_shot,CAMELS-BR,0.9194036850867211,0.9350680010741821,42.91291958756915,17.974998615338915,-0.3498350563553102,-0.0013060710503855488,0.949647106215147,153.1395949172828,43.42314888990429,0.3677609381546945,0.3421269183143768,132
64465000,ar1,zero_shot,CAMELS-BR,0.9206968890858389,0.9358416446494219,41.87094213419329,17.58487581325422,-1.1807285931695808,-0.00040938368209094897,0.9500064313995245,137.63910532082434,24.793835810970812,0.37445605631467727,0.35332545745372806,188
64475000,ar1,zero_shot,CAMELS-BR,0.9630480022576806,0.9765279880526567,3.1682510277409035,1.8014191350699158,1.3651086204441059,0.003088187180490292,0.9848932879831261,9.42722788331382,12.781461253198827,0.48609997942557415,0.4855525340790246,188
64476000,ar1,zero_shot,CAMELS-BR,0.961410443393807,0.9764174461861946,3.742372465936259,2.0109350404850934,0.8796607227470392,-0.0011333946006145158,0.9849378872340547,12.632994886065351,6.560890682565099,0.4779666322678544,0.48573252094871794,177
64477020,ar1,zero_shot,CAMELS-BR,0.8560485415734997,0.8869613738393292,1.3553942206346183,0.7650128924721069,1.673277235195056,-0.0022966268164421287,0.9145708653857825,2.485043727998253,3.985000930273535,0.5485059734454408,0.47848354891631983,188
64477600,ar1,zero_shot,CAMELS-BR,0.9558094803165751,0.9759736512221316,8.362767681878518,4.473384418522474,0.8951855209722491,0.0007585911305777147,0.9844146633044504,28.25882231551388,30.11629311955029,0.48078844212637706,0.46839745313910214,188
64480000,ar1,zero_shot,CAMELS-BR,0.9643078634178743,0.9617328164507897,4.194970865884341,2.5028290698387803,-0.7598300659476385,0.0010383333958132387,0.9658988097760831,12.361625086324844,17.16879408735456,0.3955004103702987,0.39803586035123467,188
64482000,ar1,zero_shot,CAMELS-BR,0.9304273153303689,0.9635450955948691,55.604229264753286,27.60832390432232,1.1015775179516667,-0.0005944321854205147,0.9880557437868475,88.11582629519143,42.66008560616975,0.3512023677691718,0.3390396377667546,136
64490000,ar1,zero_shot,CAMELS-BR,0.9650551880531871,0.9330400388325321,47.20834252216459,20.55884506911322,1.61685741304271,0.0011343843299839,0.9342546567297213,179.58007269254279,273.5903013895297,0.36858473179259665,0.39681091995461015,188
64491000,ar1,zero_shot,CAMELS-BR,0.8462427087344326,0.8438749358153581,29.8854680572096,9.78662740555945,-1.5747087247644598,0.0004732775870653731,0.8588608199922966,119.72525231866747,249.38803821620183,0.24225781778249722,0.20872372289111005,179
64491260,ar1,zero_shot,CAMELS-BR,0.5879129627839805,0.6869677096324708,4.953952391806753,2.205415848268346,10.613894172813767,-0.00455487458175453,0.7863572725361745,19.73733957827636,31.82983164965308,0.7424370476314307,0.536976941308029,182
64494000,ar1,zero_shot,CAMELS-BR,0.7765067540712184,0.872941425356055,2.8450538260837597,1.4911565203549315,4.511510263555428,-0.0035169973180508365,0.9384934273929864,9.031680218752443,14.827989493868971,0.31535293076365367,0.2857704902473314,170
64494950,ar1,zero_shot,CAMELS-BR,0.6598267309183177,0.5693165844097257,12.685528289649133,3.9538821383800986,-7.594801259230121,-0.004761344748268729,0.5960211073390771,52.683896447072755,102.68411566960846,0.6130721383055542,0.4085654580067199,188
64497000,ar1,zero_shot,CAMELS-BR,0.8394725150050977,0.8494609344185381,3.9657969699806874,2.053501678551162,3.085260000445013,0.0008561338827573397,0.8730393843265347,12.797885512978514,22.65025601825377,0.28637001904778064,0.23363797395656472,171
64497010,ar1,zero_shot,CAMELS-BR,0.6863005503013468,0.7592672519175817,1.7409509901717208,0.9588154978811091,12.178212741022769,,0.8267281305437307,5.337006996948792,6.82556934179108,1.0161605311981254,0.7997302073836446,138
64498550,ar1,zero_shot,CAMELS-BR,0.8405307671363439,0.8692417052417042,104.22158981385788,40.40812958300335,0.9245213381035031,-0.0033198893909235985,0.8979619960799963,374.92849329275083,774.9121913883382,0.420479737861261,0.3667897906021695,177
64500000,ar1,zero_shot,CAMELS-BR,-0.23507680599251835,0.254891902367793,6.733152562311462,1.9669701893915,50.38364506219563,0.00041282073118253243,0.485491810779489,26.904148408095192,30.838384525780484,0.8407421431276031,0.6517439659985961,149
64501000,ar1,zero_shot,CAMELS-BR,0.9380803517862857,0.9574483513255369,62.20628595889718,40.41339830151309,-2.6461925930071017,-0.0020975481740434926,0.9702689784902776,120.91499514696108,82.84173001895644,0.3072706133650709,0.3214346295058758,188
64501950,ar1,zero_shot,CAMELS-BR,0.35644733921121985,0.4474195255286686,8.74877633546905,3.3176019422824403,-8.208925155053988,-0.0071509650926847475,0.613315670044914,31.575571780640455,65.69848062054933,0.5323293533636858,0.3855180734394928,184
64502000,ar1,zero_shot,CAMELS-BR,0.9066027636781818,0.9134887017507519,2.7834853616666555,1.636590874967774,7.50432821214431,-0.0026848725489028377,0.9233514204050944,7.729885536875435,8.57755092410823,0.34175458572775635,0.3233631020090409,90
64504100,ar1,zero_shot,CAMELS-BR,0.6619106832970707,0.761867120307919,0.09482641061371315,0.05342184452114777,-0.3577890396380086,-0.0004738197636822818,0.8502366600987534,0.27763469992476425,0.421757839622071,0.23820890188019347,0.18999820164163195,188
64504210,ar1,zero_shot,CAMELS-BR,0.9414593271637167,0.9453457586613748,64.01603742751291,32.43739120745564,1.9622587296078686,-0.0021500219388705943,0.9509031918279304,210.98921153956266,178.22719005946038,0.3529158348165631,0.3429487271415668,188
64504450,ar1,zero_shot,CAMELS-BR,0.6987408839976845,0.6243465496107103,2.255636905861408,1.3054049325156478,17.31961039901655,0.0007056520338300232,0.6497401885237504,8.41509170789279,16.002317350498913,0.3035737435720151,0.13686836469987743,175
64504500,ar1,zero_shot,CAMELS-BR,0.7407557492155612,0.7570440495080701,2.8195757136189874,1.506448810470763,2.8187936999941345,-0.00048290991657047415,0.7980722638470458,8.595251946262794,13.624926160077647,0.21182129795326365,0.1639673992091909,188
64504550,ar1,zero_shot,CAMELS-BR,0.5706356988600918,0.4745260772732137,3.79836960201155,1.6746014238000522,7.089892246226703,-0.00012739646974039946,0.4965934844337566,14.456102655321153,24.060193758241315,0.45603808765228726,0.2692404369033477,104
64504581,ar1,zero_shot,CAMELS-BR,-2.564799234176344,-0.7306012063428422,0.6853929969732603,0.12876798183343888,12.450902615301667,-0.00117457876273281,-0.7300357500363579,2.606471803749069,5.194726532001108,0.19377851513894645,0.2845432936687193,176
64504587,ar1,zero_shot,CAMELS-BR,0.3470702801174451,0.35195632375079433,0.05374517320634522,0.037437749585795856,5.384345042843099,0.0013427858874441464,0.4622988441337901,0.135993405175619,0.24083033117480113,0.21574111066719925,0.10012975896353973,63
64504591,ar1,zero_shot,CAMELS-BR,0.1899107435268701,0.30139017278472113,1.1405289896376982,0.38877117783442927,0.39136654519068004,-0.000988866776842596,0.5661592025392768,4.48728446536652,8.682908012261946,0.28848478725146237,0.2052259315488866,136
64504598,ar1,zero_shot,CAMELS-BR,0.9718375604530517,0.9089727728210087,0.21584988430453025,0.11769387939741205,1.4998182477745867,0.001254684328499912,0.9095113083778295,0.635005632081332,1.2574342395795735,0.24578952540041268,0.2365645769757027,153
64504700,ar1,zero_shot,CAMELS-BR,0.8782460017261794,0.931432760777535,166.26947314979995,55.15946792283453,2.7725767329414133,-0.001124682166801198,0.9619098063863596,680.4606488037319,1127.28526662983,0.3717217601092823,0.3599885014640785,188
64506000,ar1,zero_shot,CAMELS-BR,0.6512269966679963,0.675376658911889,175.58536064828888,58.00502164181093,-6.9239002487349035,-0.00017971182699709314,0.7333879694426126,727.7019013546255,1409.063048068314,0.33746679998522106,0.24101474125966174,188
64507000,ar1,zero_shot,CAMELS-BR,0.7648633147997067,0.8537036116128309,161.8934778205413,65.6539122921674,-2.327920482247385,-0.0015516550848305825,0.9212730302000762,570.1051795369118,145.74748471016056,0.3890519791054578,0.37291349274255753,188
64507100,ar1,zero_shot,CAMELS-BR,0.44310202022158185,0.7127695908143665,1.334084558079094,0.6303051358296933,9.982380104261084,-0.0033031302105205277,0.8986296642007037,4.643182265056881,5.384266009186896,0.4874116863514205,0.39969807323719514,127
64508020,ar1,zero_shot,CAMELS-BR,0.6695833746300562,0.6581474850771813,15.59224297616002,5.4760127975121,-4.2272655457718535,-0.0005085921422519797,0.6983819078182154,58.028823148032,117.01902923789454,0.5345215118483472,0.396906860082744,188
64508500,ar1,zero_shot,CAMELS-BR,0.49799920169669276,0.48167715935157995,8.303884681770766,4.402166034575239,-8.331610873084877,-0.005560326879930438,0.555377327015799,29.867994917436544,47.32309027225344,0.46493223905485703,0.1916041104434123,137
64514500,ar1,zero_shot,CAMELS-BR,0.11174607723941288,0.2717918259093396,0.007473671337115763,0.004800338194433213,53.580345379243624,,0.43083845003513843,0.01335337067655631,0.01335337067655631,1.5555555555555554,1.4428331555555838,14
64515000,ar1,zero_shot,CAMELS-BR,0.9659445454257671,0.978495561815683,252.07351633338826,120.67837185750327,-1.252487691922957,-0.0024990052073787274,0.9864236555063981,670.4183576105069,368.9336779585015,0.3116037173443152,0.2992151943808944,188
64515920,ar1,zero_shot,CAMELS-BR,0.07960654886791252,0.10358297000624983,4.362951769725576,1.1860133756895632,-1.182789646533004,-0.002576700920810496,0.3813215402261374,17.479020833968733,38.69067604437298,0.2633970289691619,0.1479764269666492,84
64516080,ar1,zero_shot,CAMELS-BR,0.8000843010775985,0.8396472241281545,284.07635896392844,143.56752604689513,-3.3203311831014903,0.0005827035684347996,0.8767624114684093,1016.5463985220847,1839.6233940580732,0.20604029056647286,0.16317619576719905,188
64517000,ar1,zero_shot,CAMELS-BR,0.9135595339333595,0.9120792563442586,418.02358057008155,202.43759935909242,5.40504184361255,-0.0007566844076986809,0.9204349301014007,493.8362619668257,897.7030197046329,0.2969806111800481,0.30802276440407755,188
64529900,ar1,zero_shot,CAMELS-BR,0.8568469513601247,0.8444439097554127,0.2643134939848896,0.11001609899066712,-1.1347864719827971,-0.004798537481486769,0.8619766900689694,0.6384359977660049,1.020375099063085,0.12949481873928217,0.10366222877886314,144
64530000,ar1,zero_shot,CAMELS-BR,-0.0308780555105157,-0.1991964445314789,0.13894160451070509,0.0569327424333145,1.3176644969753346,0.0005794675598427481,0.2275306634387929,0.39455648469771115,1.1044291928833316,0.22222222222222218,0.037178160352653124,175
64535080,ar1,zero_shot,CAMELS-BR,0.7769604404489199,0.7566844060928306,157.2679811966345,103.82540882682193,-1.3136106410149155,-0.0020657228279702036,0.7840204526104579,254.97926100483562,220.08718196944363,0.19895276919879215,0.14721056101026914,187
64541000,ar1,zero_shot,CAMELS-BR,0.10142648327715142,0.0072927261255612,18.12874250242955,5.673360721316244,-12.649318451104282,-0.007199644959275848,0.2424733567187044,74.84782620716548,157.34231153021486,0.5810633177054341,0.2437427188020618,183
64543000,ar1,zero_shot,CAMELS-BR,0.6610229143495204,0.704827300322429,21.98527161759539,11.89351419657937,-2.2481410054822724,-0.005999773740296838,0.7698555092959363,66.76489007789834,58.72890233578239,0.38905035050270875,0.2872147156990415,115
64544000,ar1,zero_shot,CAMELS-BR,0.747365708425383,0.7698100010930958,0.14633523736373172,0.08609720614811613,-7.485054506262592,-0.006933504208573046,0.8058630963407715,0.3175061145411094,0.2571025646691891,0.25928108426635244,0.17002918938998582,83
64545000,ar1,zero_shot,CAMELS-BR,0.20791216782786903,0.304287415596053,177.58709147877678,58.1594822599306,-14.793246332527163,-0.0008408769009331856,0.5008936315803187,614.2040623575842,614.2040623575842,0.5676328502415459,0.29006387554810353,12
64545700,ar1,zero_shot,CAMELS-BR,0.9178713588168823,0.8398956548443667,0.3734915700465206,0.13690790950773624,-0.8077401255076669,0.00021980037615613318,0.843188161476611,1.4386279866096927,1.815452623394308,0.4238482384823849,0.3581803284647609,143
64546900,ar1,zero_shot,CAMELS-BR,0.28083071296575746,0.3415506090978768,5.528659385749057,2.293643687600922,-5.143806408768182,-0.0012015127661204942,0.5261887569076042,21.60013928381619,37.22440111495924,0.2127283811726552,0.10008616322314831,178
64547000,ar1,zero_shot,CAMELS-BR,0.821773215959643,0.6554876952763367,1.7761467763831478,1.1968047757209435,-1.179657494213061,-0.000554552960889014,0.6580858520162554,5.236165186284044,5.236165186284044,0.10425970456887668,0.04365961133255088,14
64550000,ar1,zero_shot,CAMELS-BR,0.9130961210111278,0.868708268305131,12.729143934401398,7.759768894010463,4.38339291774109,-0.00038198917442922725,0.8741324934777976,38.99581970566256,65.18890726569498,0.21878620053095602,0.20865721162149764,179
64560000,ar1,zero_shot,CAMELS-BR,0.5091180346017106,0.6056315694851357,16.774940684911535,6.825474062115828,1.8965780649201283,-0.00040131623068792675,0.7269834276088015,64.97544942579371,119.039298139076,0.24467177172280058,0.17802076233721406,188
64562000,ar1,zero_shot,CAMELS-BR,0.8258206154765292,0.8041419576904802,1.46147626323362,0.9429460611146209,0.9893106123644444,-0.0003801027250804551,0.8238103332369265,3.965944938989022,5.7573986369174985,0.21280364886562145,0.1767399326404322,182
64565500,ar1,zero_shot,CAMELS-BR,0.6468783241713068,0.7943201512503962,3.0429127324635394,1.8682852113867006,6.718415479789998,-0.0018028852497931885,0.8927851318131944,7.806149844215527,11.028345176602054,0.23097023153252483,0.18845134857021167,154
64571080,ar1,zero_shot,CAMELS-BR,0.717323822656733,0.7261523823617926,171.906719068019,110.11431458095225,-1.8108017890472288,-0.002756179402853839,0.7695641658469852,392.86998803364423,522.092174165672,0.19899727910850656,0.14078015812220193,181
64575000,ar1,zero_shot,CAMELS-BR,0.8949139746865588,0.8586727294366812,513.4737391448085,390.2583020247662,-0.08864375984058435,-0.0012943111876565524,0.8676372301992614,1065.5212003970546,1678.726947086036,0.11023053165134357,0.08927709442931452,114
64575003,ar1,zero_shot,CAMELS-BR,0.9297596894866009,0.9462002891482904,531.0787228772406,335.3942141367704,2.296066093597619,-0.0006831164648792246,0.9579054205127373,804.7785514713843,490.19358106489767,0.12867368064725146,0.1388665424328497,184
64601000,ar1,zero_shot,CAMELS-BR,0.895246304221313,0.8822845226411177,7.759204602955813,3.293394089213998,-0.903040737850591,-0.0013890130064149655,0.8942612852119906,29.385081836752622,14.365548915956241,0.2888142616723669,0.24791330035091347,188
64605000,ar1,zero_shot,CAMELS-BR,0.7532910521780971,0.8764942314952218,14.330825081888023,8.496211188555696,4.025004054826864,0.0015816821539056392,0.9394526876584446,10.752140313903558,15.585835200969598,0.2649243992831416,0.25708564211101176,58
64608000,ar1,zero_shot,CAMELS-BR,-0.2069424284243795,0.4361086896277204,14.588382670183362,3.375713563855568,7.064481576362765,-0.0010975737790526931,0.5582191256597736,14.227703979329426,25.079009296108026,0.323519040043455,0.3953649994065003,188
64609000,ar1,zero_shot,CAMELS-BR,0.8951546280896987,0.9148329435879239,11.221939962156371,6.20078499735243,1.9839207970505237,0.0002541043717479881,0.9331372511413117,33.318477034782404,17.391631201448458,0.27106838720171594,0.23671442802615564,148
64610000,ar1,zero_shot,CAMELS-BR,0.9241579858995201,0.9051252259711735,10.900973316169846,6.23154666557682,0.3666549191678204,0.0015629323709091293,0.9125429702411112,29.488618422134213,53.096611185351215,0.22688934443743583,0.19074689912859447,127
64611000,ar1,zero_shot,CAMELS-BR,,,3.7899715432220944,3.7899715432220944,3.906220670372376,,,3.7899715432220944,3.7899715432220944,,,1
64613000,ar1,zero_shot,CAMELS-BR,0.8682175717483811,0.8990615025684521,9.538524838397597,4.822711506333365,-1.9998994478557386,-0.00230807431737551,0.9243712610151354,30.8624123641494,13.393858304762563,0.43114455701381765,0.3716761629324074,184
64613800,ar1,zero_shot,CAMELS-BR,0.8282321112053643,0.7764620212108579,11.252142370675063,5.661622178922841,-2.066588518105966,-0.0016120765362729623,0.789688871848356,42.38962354750032,74.51476641784495,0.28016605619600354,0.22209900225839438,188
64614000,ar1,zero_shot,CAMELS-BR,0.993814613580234,0.991979859306511,13.966451494532354,10.813481218361533,0.38586844261471037,0.0007842966778755216,0.9925511792237287,15.862456060052939,3.181513232978738,0.2016188309812746,0.2020398123312889,150
64617000,ar1,zero_shot,CAMELS-BR,0.9790746180595546,0.9871564911540636,29.325340797936303,18.366363485849966,0.4419160092123491,0.00017080634982394663,0.992327655404482,41.84217673331464,63.636119901672984,0.2202520458514763,0.21060521718828068,188
64618000,ar1,zero_shot,CAMELS-BR,0.7615487585408884,0.808855063131831,2.316891547095756,1.0867376372611723,-1.2625596174516873,-0.0009338212777878496,0.8555535617141309,8.174521975443453,13.911824439280648,0.1550409088423742,0.1377081265656401,160
64619000,ar1,zero_shot,CAMELS-BR,0.8086522765667165,0.8366531906995225,25.216694066704356,9.275152078994756,-2.6960756228151657,-0.003849496158739262,0.8650451844895938,90.57562640726302,156.2062040407776,0.8500357948532222,0.8965538101041226,49
64619950,ar1,zero_shot,CAMELS-BR,0.7941886938456799,0.8529500817134676,23.68927845809231,7.828802617227521,-4.734497922028091,-0.0013237353927345943,0.8925810833542155,97.6912221186362,152.508484779857,0.9866730370448725,0.8563942717303302,188
64620000,ar1,zero_shot,CAMELS-BR,0.8440684455418738,0.9112508137191511,11.531727404760035,4.980808342775272,0.7282850457876239,-0.0038186252623917845,0.959356479351919,42.17805148343557,27.08712049604941,0.806774298376303,0.7191113302265513,188
64625000,ar1,zero_shot,CAMELS-BR,0.6105531284369379,0.8072420223057724,60.72207182778866,22.3290631761945,-2.028600179268202,-0.003600742050212654,0.8886056519733633,245.12090128798332,302.0670991007,0.8300270616583946,0.7190428521079327,188
64630000,ar1,zero_shot,CAMELS-BR,-0.7888136933265193,-0.12492458179573096,29.046570147676913,14.086009363006994,63.14877591309343,-0.0199228445500979,-0.12122720519537955,101.35059253484955,200.31951242921548,0.7220298665257037,0.5744273979173123,57
64630100,ar1,zero_shot,CAMELS-BR,0.6650566817991532,0.7878548124538676,4.658061014161139,2.4413640161476655,7.349882075739957,-0.007858116144141652,0.8823304017262655,16.523545047107447,26.258913441522804,0.5505764757424808,0.4374072277373871,179
64630500,ar1,zero_shot,CAMELS-BR,0.6692747518936395,0.7274681674038393,254.3606587353683,100.22462520690006,-8.75174994095647,-0.008172257311096106,0.7947312774061268,948.1799810208572,1613.514272929187,0.7399867003161812,0.713125330820503,182
64634000,ar1,zero_shot,CAMELS-BR,0.7477018121241104,0.777944919065696,0.2923544054917036,0.13226592616891675,-4.39633013327159,-0.003355247906054938,0.8217948345005719,0.9333374792619886,1.8221269466943002,0.5371936134209747,0.4634490193227643,66
64637000,ar1,zero_shot,CAMELS-BR,0.7513588963149611,0.7499896090787534,2.0457315212317106,0.7845978038620527,1.4618996645340872,-0.0023971384511291705,0.7790533614485481,7.676488964600791,14.940484185125161,0.3579452502999237,0.3007172058875889,184
64640000,ar1,zero_shot,CAMELS-BR,0.8322347996083653,0.8627067257281118,50.5867952333119,24.10940598421322,1.1593732736375864,-0.004043605777986802,0.8911235984097354,197.20457544993675,104.31541886977878,0.47908725111283934,0.38103121101335125,179
64645000,ar1,zero_shot,CAMELS-BR,0.8539092064979832,0.8198380470974637,89.40541437880798,35.60292624348064,6.9079797679473565,-0.00102544087981888,0.8266296284252204,360.0966298834558,482.0553471463457,0.6891292285932072,0.7318084617711571,187
64647000,ar1,zero_shot,CAMELS-BR,-0.06520045828517529,-0.4680285935425892,8.119659161208968,2.18830290621229,-68.60394909132448,-0.006727334822206959,-0.12253257425957753,34.40089782624052,34.40089782624052,0.9566044918157594,0.6237192071967586,18
64652000,ar1,zero_shot,CAMELS-BR,0.5343701605305616,0.5005726402406958,79.29125230029103,25.515422289113847,-15.215875364404377,-0.007166526754619262,0.5652198975523737,329.47244209156116,429.8849642692873,0.981621127941605,0.702105770192068,171
64655000,ar1,zero_shot,CAMELS-BR,0.7611724104575717,0.8775823503781431,177.2302955147614,68.28717559924432,-3.0597394199418795,-0.006178611054499492,0.9380825000445435,699.6964406095276,1060.9782532496558,0.7596223048859269,0.6775635187154915,175
64655400,ar1,zero_shot,CAMELS-BR,0.6843249652873329,0.7577520894021282,5.548603392453302,2.0409803714598262,-1.9995943165219106,-0.0011293289770629607,0.8294378955942592,19.263828383341025,35.89301170386014,0.3903802994812426,0.2552952169079484,69
64658400,ar1,zero_shot,CAMELS-BR,-1.647652249607284,-0.6224713735567307,1.329946365592318,0.6129039901820842,134.2629873763589,-0.011297026367134828,-0.5491789240711338,5.443844773043196,10.389775650133629,1.0716911764705883,0.4145290861919078,155
64659000,ar1,zero_shot,CAMELS-BR,0.5098449766734077,0.5280423418734144,117.88201180716631,37.06102547971887,-15.07351243261843,-0.014943848745652157,0.6193244876211979,504.32839446147665,906.9687837311593,0.997615897993415,0.7368045886517695,180
64660500,ar1,zero_shot,CAMELS-BR,0.8250243070064488,0.8879321612174768,176.75152240485951,65.38144428125422,2.657177446275076,-0.003663729934398431,0.9105816026970228,676.7952603417192,1173.3151923838445,0.7126933357217364,0.6628619229979313,188
64670005,ar1,zero_shot,CAMELS-BR,0.5088507564366133,0.7082010689894864,0.7745011363050953,0.32769825208967296,1.1509786230468089,-0.0039023814856929667,0.8852362579683669,2.7701300816846017,4.154311528464529,0.2809852579521215,0.27661455728446344,186
64670012,ar1,zero_shot,CAMELS-BR,0.8728549651930734,0.9251386070145091,2.792362447631978,1.1451543808334395,1.2470799202014844,-0.00032330271119336215,0.9628506105912887,5.107224277719223,0.7949693743204396,0.21539615978812626,0.18503903749106113,175
64671000,ar1,zero_shot,CAMELS-BR,0.9264984054054374,0.958176748071541,4.033078659981517,1.9645643552236116,1.5485393198766768,-0.0026597259366798152,0.9774297669704621,10.734165469093567,9.716690210150762,0.24463735739383158,0.26782357719819483,162
64671600,ar1,zero_shot,CAMELS-BR,0.8970136979075215,0.9163418917233601,3.2624181070330702,1.6714934290163124,4.309336922170914,-0.00036792370710405503,0.9290967240900935,3.451016224921885,4.058877959892718,0.1999360176563023,0.2219556524122489,147
64671950,ar1,zero_shot,CAMELS-BR,0.6695100735601418,0.6555483991983064,0.3799168900699788,0.11674712709746732,-1.3942872255000225,-0.0011408739711518904,0.7009437808271839,1.505427844248899,2.477456461370769,0.2819102521786307,0.1838310814252854,101
64672000,ar1,zero_shot,CAMELS-BR,0.42066439970403513,0.716243697427195,0.7257864017360678,0.36623540475624405,2.911066283705106,-0.0017502777974338227,0.9351645845794194,2.1602190778475485,2.069441543967172,0.2613570833600307,0.22998566752017022,112
64673000,ar1,zero_shot,CAMELS-BR,0.4881825564595029,0.49793025953302106,39.73080696898443,10.79910705862226,-1.3556250230152829,-0.0023335094557132043,0.588290303202256,168.6319594227348,368.41324507477344,0.5405827540563936,0.3530758039639384,188
64675002,ar1,zero_shot,CAMELS-BR,0.6654744862672627,0.6978321004562934,297.8159643630598,85.97616314968602,-6.31878573495439,-0.00466401204261321,0.7581482609915948,1257.1716210878365,2473.076942050462,0.6685745727377537,0.5598666673775814,188
64675240,ar1,zero_shot,CAMELS-BR,0.9145372866101159,0.8589806195700944,0.5257024046075368,0.32015729495073597,-9.122932074354734,-0.0034047534281812335,0.8606302809905938,0.8636935265648192,0.46833779805017706,0.13771517996870106,0.1648342728534481,39
64675300,ar1,zero_shot,CAMELS-BR,-0.747001287627661,0.2787178741443944,0.17934335980602364,0.1587817924686274,20.188273964486804,-0.0045626914506710645,0.3141599854704945,0.08374734695924335,0.08374734695924335,0.13139695712309818,0.037257996740013476,20
64675800,ar1,zero_shot,CAMELS-BR,0.8521392717647425,0.7517378188123279,0.02812599562606186,0.018101358907289363,-1.4332679232826449,-0.0007889163374036967,0.7583077100649049,0.0475433281302048,0.103268376346093,0.08072289156626505,0.07550893452017379,188
64678000,ar1,zero_shot,CAMELS-BR,0.6802180264552675,0.8679151324339818,0.031713427904020916,0.031192186428121473,9.998889029223612,0.0005407593274183888,0.8679151324339818,0.031713427904020916,0.008102277657343837,0.07665505226480837,0.0650070632173036,23
64680000,ar1,zero_shot,CAMELS-BR,0.2562820244032611,0.6502981355461849,6.976756789049269,3.2046344215501823,9.137954231482311,-0.005120404182415085,0.8330904005070217,26.187479938661543,35.33897930268443,0.30895825992247816,0.2585038737403375,186
64682000,ar1,zero_shot,CAMELS-BR,0.835393163372756,0.917775530565474,1.5897900046810771,0.9382135181590925,0.8478694762844596,-0.0020700273351211117,0.9907998484133842,2.556763944850095,3.9438081331524417,0.21961708329119403,0.1929270659265725,188
64685000,ar1,zero_shot,CAMELS-BR,0.8829373811972554,0.8418779420342303,198.1268138427471,80.9643403650746,2.3433934775047414,-0.0011515931555559633,0.8465762887837094,744.196858888936,1114.7899419378984,0.552031252027643,0.603599272316801,188
64687000,ar1,zero_shot,CAMELS-BR,0.8004602018613818,0.7510324680968709,0.04306487602809746,0.027206334387275523,1.5618387077972697,-0.0011420034698038884,0.7684047018904101,0.12072701336406703,0.12947520752956118,0.08525870484868209,0.07323604015285738,152
64689000,ar1,zero_shot,CAMELS-BR,0.9506188393336852,0.9687413176481653,124.67061402597444,70.71756495294541,1.6080443103014057,-0.00047148361048771244,0.9790992250087827,348.23780681791425,416.22525900959363,0.43777009688839985,0.4231284303410472,180
64689005,ar1,zero_shot,CAMELS-BR,0.8602211590162394,0.8781705412088147,148.96893844295454,73.92903807266744,-1.7433646845897648,-0.0030281032763952113,0.9011902211796216,489.9240733343567,695.8136647447996,0.4755371594051492,0.4382014615479982,188
64689800,ar1,zero_shot,CAMELS-BR,0.8832025153960729,0.9368331911615658,0.0518057112772662,0.030076089364850154,2.154717726988174,-0.00033348241804633276,0.9601140499503493,0.08808654453546814,0.18588954538991595,0.1029959227087396,0.10643025452943106,180
64690000,ar1,zero_shot,CAMELS-BR,0.7790965099540929,0.8792350878972424,212.39600316377891,100.00656905370064,1.5276189407597915,0.0002194374675726675,0.9558041097811153,791.808971180147,928.746647252623,0.44307573285007296,0.41074849662509727,188
64690200,ar1,zero_shot,CAMELS-BR,0.9200437266518122,0.9463539878672239,0.04666520651689816,0.027416406762078703,-0.8937444642985525,0.00024025376133256227,0.9645306736808168,0.09119521012860463,0.11381576959472858,0.08668730650154802,0.0976842637785201,143
64691000,ar1,zero_shot,CAMELS-BR,0.29585116430700786,0.34151649612566126,4.194195985364809,2.0242624879619293,-11.660417756995221,-0.005925710322716394,0.49898541792394546,14.747124482696691,17.3062371402818,0.6339193381592555,0.43570488607349306,27
64691040,ar1,zero_shot,CAMELS-BR,-0.006833754245977985,-0.3542062573195024,0.4832290440533582,0.09451789010872315,-10.678602968782348,-0.005919796888009211,-0.07285312441036762,1.2586088810431049,4.699154754805435,0.40147601476014766,0.059191035594013036,96
64691050,ar1,zero_shot,CAMELS-BR,0.6803088091875629,0.8143713155199741,1.192965307831845,0.6235696377669329,-1.2615948765536704,0.0005721110819968166,0.9228825665463837,4.005243194445892,6.258743001362078,0.26665247925090446,0.20951716275535914,149
64691100,ar1,zero_shot,CAMELS-BR,0.0055665650336647055,0.36160287263573543,0.0030888819013460225,0.001935779405188643,1.4085557800253523,0.0008565063740646876,0.36959022507605876,0.0030888819013460225,0.01671822018071186,0.003903708523096942,0.0010832229014422414,153
64691150,ar1,zero_shot,CAMELS-BR,0.8999233932275784,0.9333182932644924,1.8142986600789464,0.8984024156036586,-1.1069768045594661,0.00012096487156788849,0.9569479014744454,4.6281227933318965,5.624465325293028,0.1641471011314152,0.14635545626739946,157
64693000,ar1,zero_shot,CAMELS-BR,0.9322546590044234,0.9643187578682767,141.94064630834524,63.588622971725094,0.8814636723307732,-0.0018316797872545056,0.9822914476474933,502.6769317282054,688.4218623253854,0.4933909874041818,0.48383499705925337,188
64700000,ar1,zero_shot,CAMELS-BR,0.8152166989963361,0.8266057308961615,4.822684088552747,2.1595219248786655,-1.5145741720672268,-0.0006552873422256411,0.8543456958136414,18.586349079750217,31.898318248625998,0.18977164344641867,0.13417412433456874,131
64702000,ar1,zero_shot,CAMELS-BR,0.9016684026024667,0.9152482574300231,16.3393490131853,8.845087740725155,-0.8323355920579643,-0.001200526742761653,0.9314028628484974,43.642431546794,49.01198982274462,0.2384516320738724,0.21699306806756838,188
64703000,ar1,zero_shot,CAMELS-BR,0.8691761162254287,0.9101179836968458,6.932597572309557,4.731342338409042,1.5113250473028796,0.0010699769867245513,0.9395268820542706,12.471878720142556,17.110029393656962,0.16975187081528165,0.16727220463352202,171
64715001,ar1,zero_shot,CAMELS-BR,0.8185514230862108,0.83463204502111,25.19714027953643,14.083234094113463,-0.33536190398892823,-0.000882003933801368,0.8639037795836051,82.98043429615977,114.10165075346045,0.1817227070483847,0.15519845372692198,188
64717000,ar1,zero_shot,CAMELS-BR,0.9669962706081563,0.9463006051272855,8.00275195768186,4.604946985553507,-0.23917874922281554,-0.00011921468211477902,0.948710652053208,18.355485169266032,32.35001771866116,0.14329020132986292,0.13833117796211408,186
64720000,ar1,zero_shot,CAMELS-BR,0.3901905843734783,0.6640817832795747,3.802699160516223,1.6686943614910084,1.2961930541861881,-0.0007166499220022222,0.9190394368175332,13.098218996336605,25.69571871262622,0.2181858693892159,0.1840598126628937,187
64723000,ar1,zero_shot,CAMELS-BR,0.5655991793552362,0.5481776833642047,6.879582077707149,2.450954307362545,0.21382938703716697,-0.0023443176371060956,0.5984953862505873,28.03902427220983,59.648429300204526,0.23793558553964142,0.17112349620898928,188
64725000,ar1,zero_shot,CAMELS-BR,0.9539672836739126,0.9441509934815688,11.891962635709877,6.534771248359714,0.21298749964299027,0.00037765511423612334,0.9490029529921107,39.524689980689125,75.3948366748221,0.17832129059158028,0.16387967365956396,167
64764000,ar1,zero_shot,CAMELS-BR,0.6485042953922654,0.669742929505196,33.25766164489404,13.471937669039367,18.514640480842953,-0.00019077817379330175,0.6835669581046986,135.989180482512,222.2597979402126,0.7785933941713328,0.6680771219186139,188
64765000,ar1,zero_shot,CAMELS-BR,0.6646351352360254,0.780211575044533,84.06276999122402,42.47366599554806,4.336947826052834,-0.008827532169385213,0.8744018999994929,280.6336788167041,333.55245136838965,0.6917875260226465,0.6401963127556445,98
64767000,ar1,zero_shot,CAMELS-BR,0.42942062789359337,0.5268487044607091,210.20272801447396,46.663467774027446,-9.600342014153792,-0.005873737544711991,0.6735432269379599,913.3542258329442,1749.5942467891723,0.8764848977889754,0.7342252874498968,173
64771500,ar1,zero_shot,CAMELS-BR,0.7288295190414724,0.6490827350361184,74.8699241355761,26.995984030965932,12.827985910998077,-0.007461782551983553,0.6535324053114752,306.11192694597906,565.9094456703857,0.8085954491827493,0.8112692206712532,188
64773000,ar1,zero_shot,CAMELS-BR,0.5472094740187052,0.7572520409810127,27.417768084550637,12.215878393439358,3.4754251131511045,-0.01608206567566529,0.9264406547980174,88.0621763926635,110.50358581347382,1.0184945565239059,0.7839805083087455,188
64773500,ar1,zero_shot,CAMELS-BR,0.6644896307433901,0.6144631424656459,21.67539071071484,9.886413775582666,-5.013775640865767,-0.019073093675948765,0.6486365874444366,79.20969344356338,97.58281142255483,0.9017726823090209,0.6325843275706614,123
64773750,ar1,zero_shot,CAMELS-BR,0.21487069832242556,0.2367987723905206,2.1838492332010015,0.8018581630798644,7.996923291583142,-0.02096102726156003,0.4445763737863623,9.046869003935871,15.50642217907726,0.8649229668879743,0.5019509585180897,113
64773890,ar1,zero_shot,CAMELS-BR,0.46038382319917215,0.42166890841363414,62.44301711595776,17.681724084700576,-2.114788048667754,-0.005045999212948526,0.4948262252751505,255.64789039524447,454.99188011932864,0.87141649554827,0.5439366285282154,121
64775000,ar1,zero_shot,CAMELS-BR,0.7390420282268695,0.6903863786971781,47.06354251778741,17.63955305794566,11.83678650077608,-0.010047700222893627,0.6972449468417209,184.58567277797098,314.5123877546495,0.7459806224440622,0.7109282634986829,188
64775050,ar1,zero_shot,CAMELS-BR,0.9112926954599525,0.8800841908523467,0.04573165199111699,0.02374525158853441,1.4928340767496504,-0.0024564625930979817,0.8874681592690165,0.09955092525907669,0.14323982499101762,0.16193128238126409,0.13228710568855462,128
64776100,ar1,zero_shot,CAMELS-BR,0.7415392182688549,0.8536281230936175,144.78052287720712,49.28087157299872,0.6056910532579073,-0.000597706164453593,0.9438881004222596,578.9968124122812,961.8004526121549,0.8045841227279352,0.7392371233016605,188
64780000,ar1,zero_shot,CAMELS-BR,0.5455336985409607,0.4641627505807848,3.862162024516088,1.2100272043575713,11.017006665101759,-0.004185975523312324,0.4656461012082562,15.898469692307332,34.91036660734958,0.3687415178080183,0.43585535141372556,188
64785000,ar1,zero_shot,CAMELS-BR,0.9240744878296783,0.9263322349050851,3.3950261911818327,1.6979653590459596,2.0178009433973183,-0.00011554713329029083,0.9365896438359205,12.487742764391959,6.328665034377014,0.22509955088806194,0.22039245109831357,167
64790000,ar1,zero_shot,CAMELS-BR,0.817578704714989,0.9078900609517101,6.001735502166423,2.2621863049774666,1.5778640229155345,-0.006053457426049767,0.9768804419870001,23.26557927213867,47.565000875087314,0.34950131066539336,0.35111898217688614,188
64795000,ar1,zero_shot,CAMELS-BR,0.704906264287527,0.8100997711273098,275.99137274833697,77.65746048232612,-2.8124734589148,-0.0015782841897081894,0.8917326240881991,1167.9278980113215,1625.5495693074029,0.7303133153498481,0.6385408690492166,188
64799500,ar1,zero_shot,CAMELS-BR,0.7794505621989116,0.8903668991550641,189.66906382048677,55.39355448561646,0.32638614913286307,-0.0029965665352561614,0.9710958099477563,763.8605218391461,1390.3685514081096,0.6282771366956185,0.6184522007961677,184
64800000,ar1,zero_shot,CAMELS-BR,0.6195116493440811,0.7346612995960928,187.40504160853587,64.86681848207273,2.437521585971829,-0.005055663327923059,0.8375190107332353,772.0385009951159,1433.387116756875,0.5462065068456496,0.47042243613945134,188
64810000,ar1,zero_shot,CAMELS-BR,0.7863891116028223,0.8101744020979793,10.545354473349855,3.6367597904536995,-0.3543414943867302,-0.0011901551763584886,0.8452301737998531,41.79192586914925,90.4801534142379,0.3106325009306885,0.2524695809848615,188
64815000,ar1,zero_shot,CAMELS-BR,0.7286590763306955,0.6840486504583138,23.26721886398919,7.932707066529323,-4.22626756536162,-0.0017005956549461278,0.7125604130413359,93.98309673821274,179.68452730650594,0.4333159302932522,0.3303077489505661,187
64820000,ar1,zero_shot,CAMELS-BR,0.7131129034844321,0.8540859476717425,194.44742944402347,73.62466977750923,-0.6406071391722705,-0.0032057905460865857,0.9699140974665458,780.4507981886883,1464.133734092583,0.43738987769307586,0.44392012609604325,188
64820001,ar1,zero_shot,CAMELS-BR,0.42490932000259496,0.5493515300471968,243.96336300609175,76.25830758043325,-3.3862614958099027,-0.0026076020187543944,0.7089300872981541,1006.3989006274395,2034.8826606654898,0.5178590620333159,0.4028527719196419,188
64824800,ar1,zero_shot,CAMELS-BR,0.8925190551199355,0.9292835177606333,0.6679273213229181,0.3155520274344193,-0.12441443719151979,0.0008890598613258537,0.9557058389404443,1.474483866580374,0.457265992032411,0.20916884626562043,0.19514503316747359,184
64830000,ar1,zero_shot,CAMELS-BR,0.7168899111175298,0.7641358074607573,227.2761027177698,87.98341491990276,3.35946384239949,-0.0028207302242282753,0.7802111776845815,920.6527172882329,1253.110587929335,0.41302218777577443,0.4828980257113485,188
64831500,ar1,zero_shot,CAMELS-BR,0.7463904149385727,0.7833517222490438,0.31158859283085555,0.15339856857459627,3.1210095846917434,-0.0011461187762181954,0.8261345377409213,1.0480311836020428,2.2137778956562375,0.17377845509096101,0.13570369934161866,184
64833000,ar1,zero_shot,CAMELS-BR,0.9495662477750152,0.9551101701971522,3.5608039982866355,1.819299654701155,1.7754254773601443,-0.00158663914682498,0.962454410240758,12.89974635825397,18.532970727191735,0.2654171329484555,0.24345009085921193,118
64843000,ar1,zero_shot,CAMELS-BR,0.9743631689018838,0.9605183910732132,722.6432886717234,434.90470913217536,0.81043022087243,-0.0007112225924746484,0.9624963982186729,1471.8740508071937,2113.187280203387,0.17544880992296497,0.171795337551366,170
64849000,ar1,zero_shot,CAMELS-BR,0.568762239948288,0.6947792576197223,9.38465940020508,4.076377659912576,-2.5710199635751056,-0.0005738638081672787,0.8139137425965722,36.250791165566625,66.49529719637822,0.30958674886177573,0.23384732290746713,95
64854000,ar1,zero_shot,CAMELS-BR,0.8652337341726432,0.8941724349800947,18.984354043124284,8.684532339154531,-3.724999295295351,-0.007597697924022342,0.9190849432489692,45.686793568444415,26.470078014069145,0.6082604532397063,0.5701536365310848,86
64860000,ar1,zero_shot,CAMELS-BR,0.6315998500808042,0.847532396063538,389.70598071275344,340.2235144861055,3.4316738051508455,0.0004445225201606313,0.851030273121653,428.9376897440816,428.9376897440816,0.0498646679158859,0.057719967476985566,10
64863040,ar1,zero_shot,CAMELS-BR,0.9678075208894612,0.9574328802310846,0.11426101735594295,0.06047531825072867,2.72476200155756,-0.00019028854691539518,0.9599284616155846,0.07431101869178916,0.11440954781856538,0.14824120603015076,0.15091556540857706,44
64863360,ar1,zero_shot,CAMELS-BR,0.7863188926339908,0.724072653106729,0.7858649071185196,0.36457999741049846,-0.13393817898572014,-0.002216605535497903,0.7425109781146438,3.040756323050316,5.930161829702024,0.2039068369646882,0.16901646492274958,157
64863520,ar1,zero_shot,CAMELS-BR,0.5157732448747694,0.7336212776823314,3.465216782168845,1.0531791867116758,6.495539549543489,0.00019484784065562123,0.9156366952459083,9.606281810772545,16.227066035723013,0.6573635684026913,0.5491443814894813,171
64864000,ar1,zero_shot,CAMELS-BR,0.946137234813946,0.9573358731978268,6.603358719861344,3.5883035024270873,-3.3629286514548054,0.00023697188775635009,0.9660592964399559,3.2163234950902524,3.9917453868741717,0.3846865621203222,0.35072439088225005,35
64870000,ar1,zero_shot,CAMELS-BR,0.7473958494730313,0.6891213453034175,43.344510440035435,19.14208433009902,-2.60861257760976,-0.002281086626264658,0.7124492481470867,168.56867946622742,263.2805260116893,0.4452297040261979,0.32445999212932636,184
64870500,ar1,zero_shot,CAMELS-BR,0.7990757518610826,0.8978992947233317,164.01753756021304,77.492655251187,1.981927892373866,-0.0028735127100865815,0.9797005420298333,330.83670752419783,466.1657752048302,0.3722362914668535,0.41050339268960584,23
64875500,ar1,zero_shot,CAMELS-BR,0.583682943663015,0.743397483369737,9.286413665608722,5.574232141294676,17.681984590193398,0.007425447824488347,0.8223937715011245,26.93628974747821,47.140522523824124,0.3544105057758892,0.2766860865878952,162
64884000,ar1,zero_shot,CAMELS-BR,0.9040239045759598,0.8671371851211727,0.027987975843901995,0.010219241408878714,-6.020450397439756,,0.8751917066458074,0.08642741101745884,0.1724710190903305,0.5033112582781458,0.4744327010163675,52
64890000,ar1,zero_shot,CAMELS-BR,-0.04627799515646536,0.007433570662188083,218.41577984735042,51.30422351045675,11.03606557376853,-0.009325456092684575,0.434294586485398,932.2619804245719,1961.2694322272152,1.1411000738753172,0.6267648360716492,188
64892000,ar1,zero_shot,CAMELS-BR,0.5714186140388811,0.6070561558054565,337.85152571030653,106.88722107498816,-3.4655818653536037,-0.0014692238259246398,0.6876834991414469,1463.9153004234413,2456.1055295671154,0.6853430706361119,0.5709947229874818,140
64892500,ar1,zero_shot,CAMELS-BR,0.5488953668019658,0.5574267517090848,6.89952780952968,3.359554733124914,17.47083730549587,-0.01747283735345456,0.6301447617648438,26.996720780612137,47.67219777956258,0.6874826753257038,0.3945261484292565,166
64895000,ar1,zero_shot,CAMELS-BR,0.9544904754866859,0.9435253334897739,4.683133042225449,2.9146530221076037,-0.2607834901731616,-0.0030820536198811165,0.9480928019517824,8.654793531262197,11.821196193777226,0.36314987461454473,0.27753550290298773,27
64897500,ar1,zero_shot,CAMELS-BR,-1.1158145458750526,-0.04880121424492989,0.10817470927616905,0.07458102997441951,79.64481123728956,-0.00597496006084134,0.020335546092244416,0.10354688893397807,0.05950310235101052,0.4805775630890717,0.1685671956462678,157
64898000,ar1,zero_shot,CAMELS-BR,0.4967611214024207,0.3819711654951681,24.65347952993438,6.529679335455905,-12.831554015254838,0.000683379669117426,0.3940122396121901,105.7160626889938,191.73076242096673,0.6113529161313592,0.36924282418169646,95
64898050,ar1,zero_shot,CAMELS-BR,0.6678613414792742,0.7784879625719889,81.87162702275081,38.75297204720691,-4.895119153230965,0.00014089021849665595,0.8694516830497758,225.85591455375166,318.76455254959126,0.42462034006793103,0.44359386692650055,32
64903000,ar1,zero_shot,CAMELS-BR,0.962766572940086,0.9715692584188259,624.1077388849686,444.093652835241,-0.25006468511487023,-0.00042280913836766467,0.9785277656015257,551.8943820492757,931.2613472408293,0.10308931857706977,0.10120563240779955,188
64926000,ar1,zero_shot,CAMELS-BR,0.5979021135404519,0.5198548353695964,0.11722138057505806,0.06069733506642827,0.8741386176966627,-0.002378260611259732,0.5502315835011753,0.33765319682667855,0.8357678082302047,0.27411519777932,0.16885639284046805,73
65001980,ar1,zero_shot,CAMELS-BR,0.30855275442655783,0.48882480770609027,0.1497775498377002,0.11489065188024061,14.027314406956101,-0.002666006061018432,0.6582964197858837,0.3528216917712966,0.3528216917712966,0.6139240506329114,0.3514677490784138,10
65002002,ar1,zero_shot,CAMELS-BR,0.44326486320318914,0.3381358766057886,1.353352907616383,0.787442703122491,-27.107747359723625,,,3.5218471887582923,3.5218471887582923,0.8783610755441741,0.43026537714067326,9
65004995,ar1,zero_shot,CAMELS-BR,0.8316431803326088,0.9160461477504706,1.0305853560399494,0.4426949675298154,0.0021882494936690104,-0.0034525616850524417,0.9770169329569837,3.728473460821597,6.7302761977966945,0.5066736286725433,0.47171524605767784,188
65005000,ar1,zero_shot,CAMELS-BR,0.84293199127594,0.8898136685922229,3.0104357176276695,1.4829161966733015,-2.37498853321565,-0.010105733229784399,0.9253424649331582,1.489867556006495,1.5956972218582097,0.6846260691571021,0.6983437597312852,106
65006040,ar1,zero_shot,CAMELS-BR,0.6027257861292052,0.6391403967817859,0.2859305794838194,0.16438606238375345,1.291163988437365,-0.007188980490115156,0.714221557820774,0.9582247619136415,1.5652301631025676,0.6313125756408846,0.46038654807857776,170
65006055,ar1,zero_shot,CAMELS-BR,0.21418280545229118,0.5041455397188839,1.558603326240011,0.6495972286053567,7.081498007517709,-0.0032470204938250553,0.8046117720580512,5.888833962126978,10.477999242570744,0.521210936409082,0.36224373291913203,184
65006075,ar1,zero_shot,CAMELS-BR,0.4967128031492767,0.43374760513285937,4.826128504592448,2.15999121225711,-4.45273607092356,-0.00726315266863798,0.4895345716526325,19.63092035479616,25.554981372143693,0.6428278476106347,0.33780350331709497,188
65007045,ar1,zero_shot,CAMELS-BR,0.13771171977914531,0.15871571262795736,2.66230737551168,1.44529387096043,-5.778976801488821,-0.00942944154648204,0.4311297957422827,9.257600331556269,13.605314970008461,0.7032705853986188,0.28974587958579484,188
65007046,ar1,zero_shot,CAMELS-BR,0.4209536571022424,0.3908194733681368,66.2596629097261,31.40902894598444,-9.300076480043577,-0.003103911756954871,0.4765666205805781,258.71692259162324,234.82140420796082,1.228492311001183,0.453214036059956,187
65010000,ar1,zero_shot,CAMELS-BR,0.9182250017953443,0.9477553365109116,0.7732915555321871,0.46408415951895376,0.21309720637922322,-0.004364443437580096,0.9636731088289325,2.2864548207294573,3.289134992627187,0.6267162090727713,0.6137082476309003,188
65011400,ar1,zero_shot,CAMELS-BR,0.03744454784750195,-0.15537792322107835,2.8897562416573814,1.250764692101685,-4.925009130339292,-0.0028546118540178486,0.15148694809171614,11.963165585719869,19.051813170745405,0.7286478780459341,0.0802049341730841,188
65011500,ar1,zero_shot,CAMELS-BR,-27.474893548438633,-5.020563392124253,23.315389803670918,22.53835681495455,595.9900435862818,-0.004394935935407881,-4.966969682626135,12.464240498513428,8.876003071179063,0.7968267959453503,0.06828240903388821,42
65013000,ar1,zero_shot,CAMELS-BR,0.6029974467612123,0.6942794562184798,9.991883899340738,4.937780093622758,-4.539122753963998,-0.004337399632949287,0.7892836487345071,31.08775711691532,49.91606664992355,0.6350830707082582,0.5253283639002655,133
65013005,ar1,zero_shot,CAMELS-BR,0.28832867543741403,0.26934139329370055,103.60383310018217,48.83830256624997,-1.6353917483332543,-0.008353446032834898,0.4207967895923711,415.57508798531904,467.02081936993204,0.9634559191298606,0.4379039461001063,188
65014950,ar1,zero_shot,CAMELS-BR,0.8917863212693024,0.9335085279075066,1.141860385543289,0.7714284466358625,0.5389238118209626,-0.0020860785637011464,0.9632764066239632,2.2076938247902613,3.1669185585667536,0.5746991524376684,0.5347075970889424,188
65015000,ar1,zero_shot,CAMELS-BR,0.8834195576043461,0.9268321811433496,1.3202558027610323,0.8100734390373662,1.2519263931217053,0.0019840858722413573,0.9572926614662755,3.5640086274311322,6.058459428248914,0.5691673678700864,0.5293848022958138,153
65015400,ar1,zero_shot,CAMELS-BR,0.8263493641195623,0.7858633954710196,3.3626420295564574,1.4293343566970442,-4.156111259244814,-0.007735540062745051,0.8011843744464248,12.49114259918937,25.765294044525305,0.7782300632111767,0.6765832987109804,188
65017006,ar1,zero_shot,CAMELS-BR,0.7672499740969733,0.8171290720312894,138.50894154067385,71.96011656425019,6.851485478473653,-0.017973869206612005,0.8649575082676587,412.2945679137717,366.9418455510451,1.199962142460832,0.9942103465849389,185
65017035,ar1,zero_shot,CAMELS-BR,0.6121831172434622,0.710480005575581,0.6238513685621373,0.33705980778138095,-2.080034627270027,-0.0019369923480585007,0.8079057937361662,2.064836433299137,1.6278848811322666,0.6456168322046169,0.5033135773663694,171
65019300,ar1,zero_shot,CAMELS-BR,0.9613110322050293,0.9722722810227671,5.214742716001711,2.6969031354550466,0.8144293785260801,-0.0023740050447739157,0.9794305051613922,14.581999308508918,20.669138327936537,0.9454416378061533,0.9102773411647941,118
65019400,ar1,zero_shot,CAMELS-BR,0.7884839040281342,0.8673998234637489,2.2939759133406503,1.0590019416714134,3.26284316117445,-0.002716984508413657,0.9236779208696511,6.2236867207652695,7.9383070006875,1.047973581507055,0.931675967350606,162
65019600,ar1,zero_shot,CAMELS-BR,0.3921662699140528,0.5011898485447053,6.189441400466932,3.7721362021100573,5.69898318782653,-0.00576205083250002,0.6652732044718758,20.589065533669363,25.274864517880847,0.789767779390421,0.4519245575734877,183
65019640,ar1,zero_shot,CAMELS-BR,-6.089591024426307,-0.18929494633028177,2.100881362715582,2.0803524925059507,117.48298176619183,0.002269365578448715,-0.1889662676437629,1.3063318396772026,1.3063318396772026,0.2901824500434405,0.09152255585017462,13
65019670,ar1,zero_shot,CAMELS-BR,0.6566724915291497,0.6244832933345144,1.749482424725644,0.6213858944732318,-12.33676884554315,-0.002234253393435418,0.6640805551613649,6.319071018267711,9.53749099565911,0.5431565223689612,0.39847686403572624,147
65019675,ar1,zero_shot,CAMELS-BR,-0.10844435686000797,0.3506415759866738,2.16320777418076,1.6798948447213076,15.546250225367475,-0.0029344581019490872,0.6307783685413678,4.494586149731427,6.280201754119698,0.26439811810512653,0.15440934832717115,35
65019700,ar1,zero_shot,CAMELS-BR,-0.02113932384698014,-0.11712667967585233,14.581202137437204,5.951674507660628,-26.607945453833175,-0.008596266840909026,0.2067819659678205,59.116754849697365,77.21304089672958,0.7047112355617782,0.38435912081731394,54
65019980,ar1,zero_shot,CAMELS-BR,0.9420106659601952,0.9612046303112224,19.333786461606724,13.580674495210385,2.380528182684786,-0.0007125522579530322,0.9738897730383094,28.668033279277264,44.49651746485101,0.6111769783760358,0.5772698820107952,188
65020000,ar1,zero_shot,CAMELS-BR,0.9715162802326037,0.978574693856946,6.266231910931101,3.5863541358550033,1.1165466485392042,-9.16818063545835e-06,0.9835583856644458,14.540119099175548,15.70824807061268,0.40171078017056877,0.3956124065547428,174
65020500,ar1,zero_shot,CAMELS-BR,0.5608493890688151,0.6888975892470761,1.0344516406503794,0.6297968011594969,3.127270784612925,-0.007919455652768892,0.8117000565966501,2.4404814607249956,1.534811934557722,0.5358145647888166,0.41373025382261847,188
65020995,ar1,zero_shot,CAMELS-BR,0.3225507210118337,0.6147416733969255,0.15473581905356276,0.06624881395813066,3.7020632305978753,-9.055002013239923e-05,0.6561418438688049,0.545841512279469,1.084826961148851,0.3197882931214953,0.33505654380912103,188
65021000,ar1,zero_shot,CAMELS-BR,0.5022728726689464,0.5345538694752456,0.23229112903689195,0.11170932810023418,7.171692592717404,-0.011489798518339218,0.6306911403494082,0.8407161139424488,1.3588367619832795,0.5683833642528148,0.34476787750699955,179
65021250,ar1,zero_shot,CAMELS-BR,0.7781165558319689,0.8662096000177553,0.2890762574737824,0.14717501147532538,1.7047350271649693,-0.004525829379403112,0.9313243336982762,0.8420778381629582,1.4404815860420892,0.37597144008812716,0.3582440598921205,188
65021750,ar1,zero_shot,CAMELS-BR,0.5809071440207634,0.6885221022453852,0.21898282010527412,0.1209945281334454,-2.4561805096103613,,0.7974882175554481,0.6431895819225963,1.1475399304692186,0.7806575537107446,0.6048362916997134,127
65021770,ar1,zero_shot,CAMELS-BR,0.8273260479941149,0.8167891900386273,0.21940897758214967,0.10936336507710506,-5.889530440654845,-0.0038324560721331776,0.8380795939938727,0.6548600282097967,0.7331063018789656,0.5104697412599436,0.35046909968214157,188
65021800,ar1,zero_shot,CAMELS-BR,0.23730175111542606,0.18362698813838918,1.9860670143528543,0.8908380976204827,-4.974460171633984,-0.008677900246000118,0.3379143369575427,7.680530118269373,11.030558032863375,0.682962307108525,0.2570916890416377,84
65023000,ar1,zero_shot,CAMELS-BR,0.8977085529301264,0.9350181094191852,14.794605164695817,8.665229145353493,3.321111366759091,-0.01659295267105139,0.9603691575424186,27.333041228518088,39.37399564981283,0.8708104987849289,0.819986690430117,188
65024000,ar1,zero_shot,CAMELS-BR,0.8995908075587619,0.9475906968203714,0.6866679890232937,0.37597340262277446,1.2763149467611397,-0.0022151377466784403,0.981817683982537,1.6581177737544683,1.8130686180837787,0.5547145920331679,0.5198087513961938,188
65024100,ar1,zero_shot,CAMELS-BR,0.6903044774886592,0.7864183057730334,0.16553194045223563,0.10980843977871287,10.425332710592322,-0.004400528498681227,0.8477902658796221,0.40365823545583446,0.7240157280460909,0.4358334442521851,0.38759097484292104,181
65025000,ar1,zero_shot,CAMELS-BR,0.9333241453713976,0.9345602554580167,14.012211518033757,8.598447863655075,-2.078260659610447,-0.0013380570261299803,0.9435525137776608,45.29146527620595,47.92021643486999,0.5662721069697132,0.5301836731475555,188
65026950,ar1,zero_shot,CAMELS-BR,0.7871336206361479,0.771713546520687,0.5795468821798745,0.2290931890370679,1.0079559140577428,-0.0003435969041099621,0.7984467744112334,2.3150287085063317,4.008365437070108,0.6542259315857529,0.5574562359949767,185
65027000,ar1,zero_shot,CAMELS-BR,0.7180731134363698,0.6970680223680316,3.1844399108442007,0.9022547590127343,-7.514901525978769,-0.002199513607553237,0.7318266634297572,13.300176796517825,15.310053746027414,0.5668770749817924,0.5033908395074709,108
65027020,ar1,zero_shot,CAMELS-BR,0.8190200219190964,0.8076456204743391,0.6676603486662027,0.36604804818366005,4.96895578294213,-0.0013695972117788282,0.8253233993388382,2.053722357320907,1.4394038256221222,0.45450296042380794,0.39029291294219115,85
65028000,ar1,zero_shot,CAMELS-BR,0.9433129458819516,0.911320268362101,9.39231898581672,5.640868034972203,-0.48522591682110927,-0.0023805398323167026,0.9149913951803013,26.577219611340823,51.881719046594604,0.4957734626523197,0.46048215465651926,184
65029980,ar1,zero_shot,CAMELS-BR,0.030025587065662385,0.19984107104073878,1.2292689467924534,0.5508088763695039,16.72668187547934,-0.015852343055361134,0.5580116292407089,4.36650706955119,8.099500459567771,0.9031925849639545,0.47790563348231463,127
65030000,ar1,zero_shot,CAMELS-BR,0.29039929528072594,0.2341126996815036,3.8015077922428286,1.289814076618667,-9.378360780192928,-0.011744630093503785,0.35720120256819576,15.842412843537913,23.022437898731795,1.2155180119781892,0.4518278252088035,183
65030500,ar1,zero_shot,CAMELS-BR,0.8955591214994892,0.9191651103290087,46.110871739385615,22.58983632653961,-0.2988231549945473,-0.052629496961940164,0.9393756915421904,75.12530958478808,26.951440689222366,1.0401119541492823,0.9234915206592942,175
65034000,ar1,zero_shot,CAMELS-BR,-0.014226496602426364,-0.5280163733984633,113.98824486938341,30.820850180420685,-35.720863166856894,-0.03559633203705628,-0.0633099788870235,480.60835009217885,679.607754172424,1.9266710787557901,0.1263922922501188,36
65035000,ar1,zero_shot,CAMELS-BR,0.868637659675513,0.9035507089037842,16.48547470991224,7.038404974161032,-0.13627196002348183,-0.00016710823563930235,0.9314013742244232,60.62775338689594,126.9412738939786,0.41400989267864285,0.404275392267431,175
65035001,ar1,zero_shot,CAMELS-BR,0.9435724407513095,0.9606921182892384,9.629370248562035,6.1349318899819725,0.5283225552928149,-0.003534944188314078,0.9712450298777844,19.267908278490296,16.85456931505698,0.438492090735921,0.42683166182895543,188
65060000,ar1,zero_shot,CAMELS-BR,0.925629588956643,0.9483587364387851,27.246040487143237,10.495115487093026,-1.1895921923586605,-0.00056916373164944,0.9616248890131308,108.19352647831066,238.24755344845528,0.34208144346835084,0.3570697893858658,188
65060001,ar1,zero_shot,CAMELS-BR,0.9769345613987331,0.9810560075624545,12.116722248881604,6.567933279427737,-0.8410247697269241,0.00026038217444147166,0.9843134054879115,34.588284816043696,72.60516602772313,0.3886068933140534,0.3979166218495375,188
65085000,ar1,zero_shot,CAMELS-BR,0.8376396370215695,0.9159616093359514,2.4877140610272725,1.502124464406096,2.5592083315969885,-0.0001923370440319195,0.974201090857535,5.247684348554868,6.098857496407628,0.4075980962052226,0.404489067387613,188
65090000,ar1,zero_shot,CAMELS-BR,0.8949893131091711,0.9052297277851181,3.0295846132254236,1.8870166718605303,-0.032899794613552184,-0.0007674042467632654,0.9129944039220959,0.2529564039787431,0.2529564039787431,0.26855180989970534,0.3000201302029932,20
65093000,ar1,zero_shot,CAMELS-BR,0.780477703800968,0.8244623446928938,3.214423079013355,1.5972176833062328,-1.3865301122930282,-0.005156508093097176,0.8684997369897735,12.34370915309715,17.425045606905687,0.6040974573278285,0.5082168469642925,76
65094500,ar1,zero_shot,CAMELS-BR,0.9354301292274692,0.9491706871357999,5.883182664348506,1.9831816752070268,-0.2632588928929656,-0.0007578765737694861,0.9603469623633303,20.610675493327733,36.95940734148955,0.42430493975428624,0.388752510677594,143
65095000,ar1,zero_shot,CAMELS-BR,0.9077077281750086,0.9101727628580389,19.468199229383632,9.636290673450445,-2.9767098448937497,-0.00040916918327344245,0.9230209057283454,62.97005445480436,102.84130012971407,0.558182405360405,0.4979985343141478,188
65100000,ar1,zero_shot,CAMELS-BR,0.9021103244077922,0.8997930026105143,24.667361984184677,12.354592754986374,-0.5643194609693158,-0.0034759996039826213,0.9127598929203902,81.54652161408669,162.09559723775047,0.42678191482128236,0.40141647931873276,188
65100001,ar1,zero_shot,CAMELS-BR,0.9149763440397373,0.9496851857678648,12.984233323538858,6.525830781994554,1.3140553199437943,0.0005350131078715684,0.9733767712305506,43.76693499613269,48.16699435866463,0.41330616263359066,0.4134808744348151,188
65125000,ar1,zero_shot,CAMELS-BR,0.9368174445907591,0.9253748091938191,7.86510428845283,4.814562440966646,6.732668590121942,7.776437548429396e-05,0.9305469693112484,8.246674303053416,7.456086598069049,0.8712620712620714,0.8305887290658759,60
65130000,ar1,zero_shot,CAMELS-BR,0.9296432229064867,0.9628468539628517,22.54720279481775,8.79172387982743,-1.2033372052966906,-0.008860442361812229,0.9868305693394687,77.06653697981474,31.008668061386768,0.8160738043063842,0.7940566296534145,138
65135000,ar1,zero_shot,CAMELS-BR,0.9028731340395144,0.9031801173430544,2.5027123546126835,1.3099542213569615,-1.8670897330346599,-0.0006372733805548661,0.9163043647648781,8.13663940668366,0.7138671273710387,0.4507516298085721,0.3991931335784494,179
65136500,ar1,zero_shot,CAMELS-BR,0.9807777464925467,0.9845582144289604,10.65907215684936,6.410261537510826,-0.6964137655479862,0.008359827935683725,0.9878912938054792,12.319222093497027,2.930197052414201,0.42853549409145403,0.42061569758873846,184
65136550,ar1,zero_shot,CAMELS-BR,0.8720502737449182,0.8492427522395805,3.243540326629198,1.5383327655260866,-2.694242887039734,-0.001198619190339964,0.8627115257343404,10.312019521542176,5.135814947935798,0.45679700194199624,0.3949749060312053,156
65137000,ar1,zero_shot,CAMELS-BR,0.6240187534123092,0.8107227170430754,0.08920666535014671,0.045668310012475545,3.279947451542001,,0.9447726596583047,0.29516454891743243,0.1921599953070581,1.0571428571428574,0.8286464475803753,86
65154910,ar1,zero_shot,CAMELS-BR,0.902764974968581,0.6585110229655602,0.39147662268485306,0.21509432399856315,29.68518602133807,-0.01866252688861853,0.6590741183708972,0.7760398259083425,0.7760398259083425,1.0334928229665072,1.0561668603647223,20
65155001,ar1,zero_shot,CAMELS-BR,0.94251401332459,0.9332756505130152,3.752565556957046,2.235708562674111,-2.1163121314933306,-0.0029149147709304282,0.9393778770295456,8.203156444205801,0.5527848592805356,0.366145276856949,0.3918762740841334,49
65175001,ar1,zero_shot,CAMELS-BR,0.9786572434481977,0.9823435138919522,15.69383047405674,9.289501918894718,1.1954879941492542,-0.0015657180859205491,0.9857098587642987,23.786396637470855,45.95145164140779,0.365805301649228,0.3569411178677473,188
65180000,ar1,zero_shot,CAMELS-BR,0.948977994063121,0.9714801446966533,3.382483874113674,1.8376378550226655,1.121642971518965,0.0012862350356740333,0.9864148464194847,3.3937485143043657,5.426764828449501,0.6326225306168294,0.610812918450736,188
65181000,ar1,zero_shot,CAMELS-BR,0.9782450794836925,0.9868356635897679,4.514561661277659,2.9673567224296793,-0.7220402602641197,0.00020072100267519433,0.9924008193931441,4.501839377057232,2.5315029045446833,0.435664421507314,0.4302440706550145,188
65187950,ar1,zero_shot,CAMELS-BR,0.9082838490363522,0.9314014470174412,2.8590749912773634,1.4311078278982425,-0.7964042448500164,-0.0043041534261338485,0.9498462898145743,9.749716550554913,1.9109490767177864,0.5610290790154704,0.5036392476663804,186
65188000,ar1,zero_shot,CAMELS-BR,0.5516542356588379,0.683753410076329,0.18478016933556765,0.08019083759524183,-2.062138144028671,-0.0020931304045696732,0.8106984147198363,0.7133892697334092,1.0107956353277048,0.44146500981033354,0.355219225586469,133
65188100,ar1,zero_shot,CAMELS-BR,0.5589619283625789,0.7513285022002117,48.82771893455514,20.073731847512388,7.508407834562704,-0.023865812055074053,0.9071628552299064,177.08474723177247,264.78874869195266,1.1447623657648935,1.08815597483115,156
65190000,ar1,zero_shot,CAMELS-BR,0.6698761851315409,0.7158209449810073,3.2617049651476617,1.2867717658711835,5.327859904646176,-0.004406903659680068,0.7272545434487562,12.672491724489559,26.011760895343645,0.6078640241055894,0.5888133054305078,188
65200000,ar1,zero_shot,CAMELS-BR,0.9034732210645817,0.6913136765691406,7.91288215103119,7.090207374389219,0.008466794551519864,,,10.618165802617,10.618165802617,0.15308641975308643,0.10622779264760944,3
65201000,ar1,zero_shot,CAMELS-BR,0.7840222179188762,0.6624468750556468,0.09182960882219837,0.03657002708840449,-5.081420970333724,,0.6723664842378492,0.37805327011566386,0.46706953361400994,0.8682695563833389,0.644804881106384,139
65208000,ar1,zero_shot,CAMELS-BR,0.9436291232295613,0.9715129931542297,8.763126571638685,4.922549486665867,-0.41205772309511685,-0.000875656401882273,0.9949876794790419,10.220607383207513,18.876405350625735,0.49058726941037306,0.48583074284924893,184
65208001,ar1,zero_shot,CAMELS-BR,0.9738105102571212,0.9757757829239323,5.849142804778245,3.6768561772838,0.28354020152269577,0.00010947339869150918,0.9796388194357599,3.5645992975172187,2.8909811472347413,0.5225954654515351,0.49772172039708595,188
65220000,ar1,zero_shot,CAMELS-BR,0.9790304295820895,0.9849540299614856,49.94701270311901,28.862837966179484,-0.25602599077664834,-0.0003788898894056675,0.98871029514796,159.41790777168745,153.01978780061216,0.3646761425128124,0.37167581083476037,188
65220001,ar1,zero_shot,CAMELS-BR,0.9801789298703818,0.9871499136184704,30.629406079534725,20.73899243248444,0.8198675523468428,0.0014455286143337312,0.9915012929842711,42.22854435951118,82.53997721536594,0.36716764999774804,0.3533558786672021,188
65235000,ar1,zero_shot,CAMELS-BR,0.9039895756976521,0.9478864317838567,3.77320282088424,1.9795900996483449,1.8847223940332283,-0.0027845788105562777,0.9775508341726403,10.695872122976557,13.14111020493338,0.5883872038519595,0.5848948663451149,188
65240000,ar1,zero_shot,CAMELS-BR,0.9089949561976811,0.9311834299881754,2.6946040953039327,1.5321448094060839,-1.360417551104375,-0.005106773827230012,0.94918385962638,2.1596869637511964,2.615967126092573,0.5163114711110949,0.5089315684336045,181
65258000,ar1,zero_shot,CAMELS-BR,0.5179836150211912,0.5978319523776182,4.057512832589382,1.6377631512674116,-9.30460041840133,-0.005838986653154174,0.7060952967233003,15.92259405323335,27.455030910308572,0.6787796019752793,0.4825180962138638,188
65259000,ar1,zero_shot,CAMELS-BR,0.5522435965050565,0.5703190788502797,12.421379196244866,4.916528332325751,-14.281182112084888,-0.004610439230870116,0.6481271425398255,46.9672574440818,70.76750526002014,0.8291468426527515,0.5621447403165003,188
65260000,ar1,zero_shot,CAMELS-BR,0.7429221906272654,0.6785525823273919,9.32529768858425,7.712517777510658,28.66954851729335,-0.006560473175624535,0.6905068937889387,24.780351251345746,33.025948412757536,0.6280579695584468,0.40262351866990553,44
65260001,ar1,zero_shot,CAMELS-BR,0.5906838306689561,0.7272135951033722,8.807400201866413,4.410025115169042,4.8733524480068136,-0.007468649132284212,0.8440676148440087,30.546056870402488,55.203917137160545,0.7238275134883065,0.5649838366700639,188
65271000,ar1,zero_shot,CAMELS-BR,0.5599467886033855,0.6812096829939097,25.98893241848835,9.351907424739347,-11.802738059705554,-0.006062558001093881,0.7881312682243196,102.26394902781169,173.95611988219866,0.8489080435953751,0.6127322074745677,188
65293000,ar1,zero_shot,CAMELS-BR,0.6015397509431594,0.5976687702269096,8.37564643934916,2.674998271350315,1.2197178145932523,-0.019220301345649244,0.6574410037383424,33.53788834652704,74.92718950943312,0.913072505774333,0.6530229482682665,188
65295001,ar1,zero_shot,CAMELS-BR,0.7663398886485895,0.7877562250386381,19.197508576794117,11.086910306008596,1.2483888180499252,-0.007892887320525024,0.8263733908147806,64.95470727202816,8.708589023212028,0.5594308944263485,0.5594021256924556,84
65310000,ar1,zero_shot,CAMELS-BR,0.9597854938259438,0.9622533142053096,97.05900649021308,45.598788426266225,-0.5195759070919489,-0.0006706198791885352,0.9675258395734629,342.8712433895437,743.0456166534568,0.330201566491835,0.33494918609199203,188
65310001,ar1,zero_shot,CAMELS-BR,0.983918278007445,0.9897035720046716,38.25959073662728,24.960670642526594,0.573747094116767,0.0016859482211186438,0.9933616452369498,60.70030262852076,75.70476804148086,0.36966245719770346,0.375188775913026,188
65365000,ar1,zero_shot,CAMELS-BR,0.5433960029007003,0.7030494078020691,2.1173023377514992,0.8583354392207746,-0.8711788992585604,-0.004083819643957418,0.8479931332998197,7.96218035390174,14.678521231415562,0.6064027025583428,0.4841571906432001,188
65365800,ar1,zero_shot,CAMELS-BR,0.962512287537784,0.977452790559108,71.30234269716308,46.04598152804457,1.1238621444085433,0.0005603304310745367,0.9865896162395961,19.93229203299515,19.07187239963514,0.3327901262923446,0.3239599555055643,58
65370000,ar1,zero_shot,CAMELS-BR,0.5800732580149996,0.5885283718489636,18.08830729634799,10.789042973512244,6.498300727162265,-0.0056543511942986,0.6569433476422679,65.51210037906165,28.521218052739968,0.6104165813535822,0.38697687379133844,58
65370001,ar1,zero_shot,CAMELS-BR,0.8240626312523606,0.8244663296220629,14.584956958792281,7.11101781624802,-1.2774279769188648,-0.004468732269267271,0.8490981401869931,51.296206399016924,71.18599404484172,0.627868257981553,0.5546510181519163,188
65375000,ar1,zero_shot,CAMELS-BR,0.8356225751563762,0.902506490636851,9.822085912856224,6.083858735497969,4.592869092018863,-0.004668761043235312,0.9478017640344354,21.653335478590172,34.06169005393568,0.5532799821373294,0.46820345576707034,188
65385000,ar1,zero_shot,CAMELS-BR,0.8350272768270716,0.8928107838983913,13.68453063005642,7.281366415252234,7.0992256900196535,-0.005991899397199924,0.9279361932427647,50.680400930978706,26.444407300120496,0.6634073239556376,0.612399607785093,188
65415000,ar1,zero_shot,CAMELS-BR,0.7542972049575332,0.8155392963114407,2.2978606196736897,1.8761022950062511,15.063973191432568,-0.0026303777072086316,0.8398485563031961,2.666155021028943,1.832183861619061,0.40601525234926156,0.4146492618339557,45
65490000,ar1,zero_shot,CAMELS-BR,0.45830486858047625,0.4848008188470928,2.0476073994780095,0.6765634716732252,-11.855435658244629,-0.009081508305036803,0.5926117288530125,8.258695366432692,10.425921213786076,0.7664720108535363,0.6125120577603874,106
65550000,ar1,zero_shot,CAMELS-BR,0.4468230838571523,0.5715452830398984,2.95093997842197,0.9915943790489657,-2.733683095615833,-0.005401320884453397,0.7254108366180262,12.25020866611378,20.01349626040046,0.7944981027940669,0.6556539941364471,188
65690000,ar1,zero_shot,CAMELS-BR,0.2544841693360915,0.20597562692513804,13.225334333378726,4.192835918611188,-6.8180586951354885,-0.010024807854282862,0.3477272190214933,55.61159355510197,116.40520329211199,0.78928885438251,0.3817063719581701,188
65764000,ar1,zero_shot,CAMELS-BR,0.6891542232475654,0.49790970649120414,13.61524520648955,7.5393602335974785,-0.8502124993978482,0.0015071756116282675,0.5013738183595613,42.77316701855534,56.12993214845362,0.662333134090456,0.39349336501782334,22
65764001,ar1,zero_shot,CAMELS-BR,0.501899636652611,0.6063232616643202,12.976068931041981,5.645663020621432,17.873602978386003,-0.004041767936746382,0.6176022744960734,49.67393404331699,104.23036216350131,0.6001133854034179,0.6082644692441732,188
65770000,ar1,zero_shot,CAMELS-BR,0.8490923368305742,0.8499466938826358,19.705706825012772,9.565806918563727,5.934940796565745,-0.0062498833678898726,0.8710942110325162,73.5977211688095,118.70582262778002,0.780793764043149,0.6289503575545595,188
65774400,ar1,zero_shot,CAMELS-BR,0.6717094732725026,0.7731290830542968,291.09021095631647,188.27294534320956,-6.964940505117619,0.0024095563229239968,0.8509117028404705,624.0250520240113,1276.7794060745512,0.34712648346654873,0.325794745596221,188
65774404,ar1,zero_shot,CAMELS-BR,0.8008987044586335,0.8688249713119878,210.93470425534983,137.16672429965325,5.854726354253124,-0.005675173645136937,0.9150638880456871,457.99236555610173,359.5246018721972,0.4142435826328392,0.3302390492878895,188
65774407,ar1,zero_shot,CAMELS-BR,0.9947679150380659,0.9851393416021567,155.20699814837724,109.89515197026384,-1.4281003253387656,0.006524142510388395,0.985291304789709,157.45704637108702,101.18684515678342,0.08548352624561822,0.07648972931013899,48
65775900,ar1,zero_shot,CAMELS-BR,0.6380354985805625,0.6579991164337664,19.601845792121015,12.134337447306894,2.4713163031489174,-0.005611356525723669,0.7194343689434533,43.35174455459782,15.95652993485723,0.5695699978606859,0.3630071716342217,47
65775901,ar1,zero_shot,CAMELS-BR,0.6824903384405543,0.7630779972607538,21.567427200336315,8.806388760722319,-1.2884861270494703,-0.007372532845326928,0.8386152960958422,83.25808145955126,147.6311323535793,0.5821877879662353,0.49116514065009276,188
65803002,ar1,zero_shot,CAMELS-BR,0.8289609344431677,0.8547726129279186,222.54986641404037,143.4610706485081,-2.0123963532167126,-0.0010078400118493265,0.8839136017851177,577.1286460910839,1091.7406898403892,0.2437038341978607,0.21663612976430627,188
65808500,ar1,zero_shot,CAMELS-BR,0.25850718446281085,0.3944340136803016,10.114460434777065,3.5644479943787486,13.687996175512305,-0.011000080812790546,0.4023180820493939,42.18079202850791,83.5271725538906,0.8205135596762685,0.6819257861586214,179
65809000,ar1,zero_shot,CAMELS-BR,0.7453094346731102,0.7389421537443721,3.8237425108171084,1.8172913860842563,-3.012320120780415,-0.008143053458235364,0.7732818081760143,14.584488760012457,4.401762866177636,0.6624840914505292,0.5399893801674217,188
65810000,ar1,zero_shot,CAMELS-BR,0.4464904492685542,0.6195875902583151,12.783931465921253,4.991898956808251,2.107108295339632,-0.005742043882903778,0.7913941171363011,51.37772009131705,102.64729835954287,0.6812727974067633,0.5622775683950902,188
65813100,ar1,zero_shot,CAMELS-BR,0.9111613857221931,0.9243886495948803,11.70804111034265,6.245563206755726,3.328035990327916,-0.007027998702521451,0.9391792449826349,35.34758590277883,14.877178012808779,0.5718338762142232,0.5311058844093309,181
65815050,ar1,zero_shot,CAMELS-BR,0.8784803399661182,0.7695501874266975,28.390085067822735,9.341859423554324,5.275334497420864,-0.0028428018330135807,0.7706345555982173,114.20544656702023,238.28467307495063,0.6098084926520179,0.6549107928086676,188
65819300,ar1,zero_shot,CAMELS-BR,0.7939560900222135,0.8959582395221152,10.633452679088315,5.213958620759542,1.0346607074389664,-0.008760100426661834,0.9729186281872668,34.54073559046203,37.498253047679775,0.6437327071659648,0.5520492949305903,187
65819500,ar1,zero_shot,CAMELS-BR,0.6289398359997314,0.7173258449430853,0.23252953846322155,0.11934151272931964,0.4890257215416044,-0.008723522326197563,0.8072662538953782,0.7157945843236375,1.2229669191763446,0.5859879050405818,0.4619155913218621,188
65820000,ar1,zero_shot,CAMELS-BR,0.5944066421048748,0.7116092917151036,2.9816276481685184,1.2600362062218813,-4.072340608695671,-0.002672421041949865,0.8210850191653806,9.497578625509274,20.566895531270262,0.5552264593360483,0.46584306711128404,87
65824990,ar1,zero_shot,CAMELS-BR,0.839911109684466,0.8533035916394739,46.64921167296838,19.29203517404367,-0.43788974170450745,0.004416937628128894,0.8642595811782205,182.14780149735046,286.8461159884648,0.45882539219567076,0.46257397303588593,188
65825000,ar1,zero_shot,CAMELS-BR,0.8344280775368453,0.8577634666233597,39.56776304988543,14.251813985496275,-0.468694903145915,-0.014385954592310027,0.8867767526618118,143.06065598939463,252.3645681879497,0.5909028584349378,0.5128891662339888,188
65825001,ar1,zero_shot,CAMELS-BR,0.8800770212383925,0.9025352037149351,34.182431508924786,12.88591831607318,3.2638477174452065,-0.005961634163397279,0.923716837315967,136.88994504921635,9.19013498106574,0.6193265610197164,0.5651522485368179,97
65825497,ar1,zero_shot,CAMELS-BR,0.843708021324607,0.8590629828438097,49.60731699121383,20.17152968022494,-0.40123397495718316,0.0035961894514833347,0.8707368229810054,188.67043227529354,290.4927452026929,0.46306195907814607,0.46202679448943995,188
65826800,ar1,zero_shot,CAMELS-BR,0.8451691791758467,0.7969975246380692,54.21500821788372,18.13581211892808,-5.9864650802242005,,0.8107661627378604,217.8070206398478,208.22645819920106,0.8663489990048522,0.8146307478759912,164
65835000,ar1,zero_shot,CAMELS-BR,0.9528244865539405,0.960310349385885,112.65075300246049,67.36711091083743,2.292918683045887,-0.0016040467201044774,0.9669207318667431,289.9430140485678,425.8152455495877,0.3906772425829317,0.3855739859585414,188
65855000,ar1,zero_shot,CAMELS-BR,0.710093132278259,0.8274084761277531,27.28782359996617,8.763247935274553,3.3349211488223736,-0.0020798417396202425,0.9161287750199116,115.04330979123733,174.19874002848323,0.5899389976508496,0.570249297969133,188
65874990,ar1,zero_shot,CAMELS-BR,0.6565652667836227,0.5887891502729381,0.5675818617201401,0.28539191718285434,0.6293606335042493,-0.010348666264149362,0.6211010875377585,2.0873581194971957,2.6216188303167645,0.648365297778148,0.391899154048698,182
65875000,ar1,zero_shot,CAMELS-BR,0.5902815001971504,0.6610647940173344,4.92462320801429,1.5392679879589948,-0.23144480348154342,-0.003959695262661475,0.7518420757674278,20.641479532551788,37.75143998208279,0.6017223650385604,0.4926361549743907,139
65875500,ar1,zero_shot,CAMELS-BR,0.853035540292484,0.8170632360429302,1.9459166958914198,1.3839302362691484,5.2449461900442715,-0.00928571502775012,0.8306699770145999,4.536480827306224,3.5590602037841483,0.451009406545415,0.35366240596857984,115
65883051,ar1,zero_shot,CAMELS-BR,0.6812166295301685,0.7301602997642179,201.8838653763881,143.13856017952023,1.1099996907571688,6.934437660425282e-05,0.7922666035692847,378.3290537345936,170.20743259193935,0.20896428596381042,0.13441986191875177,188
65883052,ar1,zero_shot,CAMELS-BR,0.766140235847449,0.8707768559140985,369.5505452733384,212.9256492940328,6.314172014987747,-0.0011545485895861265,0.925726770717791,1291.4979002060916,2170.18581215197,0.34830067518179014,0.30140174908099443,178
65883070,ar1,zero_shot,CAMELS-BR,0.6352441203986843,0.5935319296159363,0.6840135641319898,0.41077560023423576,5.0796944159234885,-0.0073899777381324855,0.6351973354475531,2.1048514465517814,2.2604534587183345,0.43001661969795507,0.28805823104739475,91
65889000,ar1,zero_shot,CAMELS-BR,0.7684638631850127,0.8224541216245098,1.6240800206585952,0.7271346814627723,-2.3208806365751773,-0.006855713338063837,0.8717849984613104,3.9351960244011357,6.2537452762449295,0.530437006168551,0.45866454121924977,94
65889700,ar1,zero_shot,CAMELS-BR,0.8626727707133288,0.8569561101032952,14.453543087995675,5.8503195886516375,12.046412955276251,-0.005890809666004967,0.8681983140933142,55.35565342463814,15.680986470990677,0.7280950197649484,0.5613529070063807,108
65890000,ar1,zero_shot,CAMELS-BR,0.5360474869382457,0.6650793883502479,7.0730087333603295,2.7509651632742065,19.461387062860638,-0.009578373262607225,0.7085611931933289,22.772979867175344,18.012139193854644,0.7261939435295293,0.673928266713616,188
65894991,ar1,zero_shot,CAMELS-BR,0.5447003365147263,0.5734845668391579,301.7477995647513,219.47691982101898,11.759456151693795,-0.008423699287808617,0.6215515706619843,605.1961893328132,1113.8187899351585,0.2421728386659678,0.1460794567360859,136
65894992,ar1,zero_shot,CAMELS-BR,0.43854100444670974,0.4921409135698669,642.5936832564629,450.98445007104766,-9.008038064741553,-0.012442621307067244,0.6106864974817737,1997.5367796558849,3503.1383739360926,0.3968341942492296,0.3225004310271375,128
65895002,ar1,zero_shot,CAMELS-BR,0.6628629922687477,0.6521529843257325,293.01459255255725,195.36257910244126,-8.867151157859638,-0.0037338579070044786,0.6930291421382608,784.9990316258414,1648.1080194031376,0.3928588001718554,0.2974367950460562,90
65925000,ar1,zero_shot,CAMELS-BR,0.6358265360865358,0.649040500031957,29.08382142867171,10.24545575350828,-6.048695567045224,-0.0042120292675318395,0.7086752267185275,116.00753438779333,199.52412434483546,0.6249863444989796,0.48205509539153707,186
65925765,ar1,zero_shot,CAMELS-BR,0.6207817662128425,0.7244820607866524,0.4050699242613997,0.170228618233941,-4.523075012602431,-0.0011295573259553684,0.8218177129155086,1.2718268410134252,1.2718268410134252,0.9227467811158798,0.7464598668570901,45
65925770,ar1,zero_shot,CAMELS-BR,0.7023805392405942,0.7784507458051386,0.6170573743269495,0.22260721992574287,0.5944823950937922,-0.00941999026519901,0.8485246052547266,2.334007461356853,2.7199005599661286,0.9390294483616756,0.7487907023006476,188
65925775,ar1,zero_shot,CAMELS-BR,0.6442252870374043,0.5902062303747999,0.11922051173310654,0.0977762783210808,13.72641109988331,-0.020351994486687855,0.622444603854909,0.15908592433811788,0.10348127201656165,0.71004243281471,0.45136843645226643,79
65925780,ar1,zero_shot,CAMELS-BR,-45.019932146836005,-5.2817832806731655,20.48783290207246,2.533717570066589,130.96178592334456,-0.019788330576261955,-5.268151986973936,91.30258960193214,21.11430468109153,1.0125043823770015,1.2927303131929315,179
65925800,ar1,zero_shot,CAMELS-BR,0.6891365358432989,0.6960024686909525,2.9426481897283057,1.1738814516833365,-6.468827515779561,-0.006966835295240399,0.7436502186790629,11.658946721871496,20.674894602226622,0.5279683462038777,0.46416752586886556,186
65926000,ar1,zero_shot,CAMELS-BR,0.5894392843000247,0.495517728123847,164.18986677454285,65.9154892682224,-19.069641729159315,-0.009693413990703972,0.5267820253801065,661.7944528838032,838.8778856879205,0.8819991827501051,0.5126698420780311,36
65927000,ar1,zero_shot,CAMELS-BR,0.9642929410332707,0.8749645850984367,19.562577996476367,13.048532987773152,8.116042432604178,-0.0023419144600207234,0.8751464135913091,62.41488498954895,83.63521960737398,0.6133174454683603,0.5701547795433544,51
65927001,ar1,zero_shot,CAMELS-BR,0.8376105823782987,0.7738141679066218,18.867540497783637,12.526097826852515,4.378203903937873,-0.015152848420481195,0.7834090515643917,40.72919516315763,6.825696781120769,0.613022533449414,0.485144733736342,23
65945000,ar1,zero_shot,CAMELS-BR,0.8978300580536543,0.8943706506960569,6.763360996058327,2.380840975935009,-0.9889026121580256,-0.003513618149262269,0.90753654860618,27.365360907912248,52.577598524002,0.5942624451679106,0.5150827328062519,188
65948000,ar1,zero_shot,CAMELS-BR,-1.8851038292033406,-0.10061566882108286,28.33836559085236,6.462961987141822,20.08128366989772,-0.018635922621714526,0.00682242457948945,121.52655818332276,260.28255452501054,0.95279138680177,0.9434767861147428,188
65950150,ar1,zero_shot,CAMELS-BR,0.6444567227038434,0.5536861662195092,6.003036266226388,2.841834919753004,-34.15590063716503,,0.5696474359754355,5.29473270779075,5.29473270779075,1.0536231884057972,0.7137814680470573,10
65950155,ar1,zero_shot,CAMELS-BR,,,0.1516930484550545,0.1516930484550545,79.83844655529184,,,0.1516930484550545,0.1516930484550545,,,1
65950200,ar1,zero_shot,CAMELS-BR,0.46686882782151873,0.4377130412009165,14.739185099645557,5.561226860483577,-10.626701105905846,-0.012429717491120802,0.5167749827948107,60.842861369792466,91.66172227776937,0.9929706880768658,0.5146354728820915,187
65954950,ar1,zero_shot,CAMELS-BR,,,4.21487466883425,4.21487466883425,87.59273195274737,,,4.21487466883425,4.21487466883425,,,1
65955000,ar1,zero_shot,CAMELS-BR,0.6196191638734565,0.7338986237864897,36.65216415330103,14.935073717540792,-2.8357467640773666,0.00020851761063204674,0.8367793056572521,143.6391241795694,256.7393469411508,0.732541688685188,0.6695653470884456,179
65960000,ar1,zero_shot,CAMELS-BR,,,2.3597952029448237,2.3597952029448237,-2.830739706423006,,,2.3597952029448237,2.3597952029448237,,,1
65960001,ar1,zero_shot,CAMELS-BR,0.7596546619711251,0.8656272374327383,96.76798306790367,38.31371898312181,-1.6506713761429042,-0.0035540670503371972,0.9362204221024968,392.74924365130363,533.8768069563348,0.5222246287681862,0.5239356792639033,188
65962000,ar1,zero_shot,CAMELS-BR,0.8720739797705153,0.8988788328639634,74.23805848362696,36.603049014974225,1.1215608054932993,-0.006585301111904128,0.9195310739786183,275.86224525647884,46.388338576039814,0.6006544686422693,0.5010461533070215,47
65970000,ar1,zero_shot,CAMELS-BR,0.3102824486025697,0.4021541880647145,37.05002856029217,16.92385494891127,-6.3062066311820555,-0.011519224345114699,0.5860674894728963,142.94046953537142,247.66698106363282,0.8458264440770176,0.5591759474164173,70
65970001,ar1,zero_shot,CAMELS-BR,0.24485116366812487,0.6245277042627116,35.48426371889079,12.971870603439559,3.5545235553751704,-0.020880075395391814,0.9289779383082051,144.49449447300046,233.64751880301347,0.9666727309624012,0.7873610176290483,183
65970020,ar1,zero_shot,CAMELS-BR,0.14120826602559522,0.21376115188239986,0.13835696288973867,0.0518363562888366,-11.53320352233873,0.0014360689933595704,0.48035545513103184,0.5300604642202882,0.8077702801301475,0.5139318885448915,0.22924515781227356,109
65970250,ar1,zero_shot,CAMELS-BR,0.7124331578691425,0.8316983753955679,1.5190161419452397,0.6433223479788643,4.3658939541286585,-0.02066398000469333,0.9003141847068502,6.021498513589606,7.320679696209738,0.9994614586486198,0.7525806491025936,187
65970500,ar1,zero_shot,CAMELS-BR,0.17262610643418386,0.060331002696845215,131.7979217677101,42.1099962215388,-20.03843167554226,-0.01474282473901514,0.16768486178632502,469.2114890979295,910.6345594706501,1.603179159639743,0.5925895182760281,65
65971010,ar1,zero_shot,CAMELS-BR,-3.8478951081497135,-0.7465436466895385,48.79391106240359,9.540428087484942,41.01673140356384,-0.01325144445767443,-0.7185464242899144,203.95582618086132,406.0765720471348,0.8542799073592664,0.8064667096262058,141
65971050,ar1,zero_shot,CAMELS-BR,-0.85224063670965,-0.13346475420971848,25.30295140405312,8.688159840501955,62.30179955056437,-0.0024784752993100793,-0.11746421192934542,91.16566505919133,151.4133819320306,0.9497406446832162,0.6499766064969986,49
65973502,ar1,zero_shot,CAMELS-BR,0.8461401354888164,0.8150586092364214,266.75270848874305,184.6640539083449,0.9554270041467642,-0.00217908818513487,0.8310058678648771,708.8863992021389,610.2184799245299,0.29419774805089516,0.23166252938146614,188
65974000,ar1,zero_shot,CAMELS-BR,0.8404519105367543,0.8060926003846836,2.7373654608374816,1.4662532145601643,-1.7061334050852972,-0.006552661115730683,0.8222803690373791,7.945234087456186,4.3010183467018415,0.8561722348429588,0.7769383187553742,72
65974500,ar1,zero_shot,CAMELS-BR,0.68882312151644,0.8222706738899016,1.3163918507246715,0.645700009676723,-5.206482077901706,-0.0054228642182616305,0.9182808286474075,4.028601120281556,2.075433707440131,0.5348228438109827,0.44447198842534635,130
65975001,ar1,zero_shot,CAMELS-BR,0.39919998013941527,0.43360194730849544,612.0606952867158,427.00035752640804,-32.194405445110306,-0.007444947881251329,0.4662305901430581,1610.8271269330178,3213.1359802444963,0.29388253878962334,0.23937329074440222,188
65975300,ar1,zero_shot,CAMELS-BR,0.7144967100816949,0.8400278385788953,16.51027433225502,8.06639303354408,2.867203169822232,-0.008914182597498602,0.9272066296259993,60.90225738633732,71.36059786531875,0.5554355948686241,0.463459985059402,188
65976001,ar1,zero_shot,CAMELS-BR,0.5651755511675993,0.5281357175557113,0.7854507492829823,0.48111549344845944,2.8859437594556034,-0.008159083813212249,0.5847547438280714,2.2177124332595946,2.3614797854240885,0.6733582851309972,0.313997917011786,176
65979000,ar1,zero_shot,CAMELS-BR,0.6110836358018461,0.5714112713512427,20.649685787236326,6.639951100033933,-5.820665517907948,-0.005996421222672885,0.6182347237018659,86.638390664494,161.87615979878134,0.835249376846369,0.6067193547370544,170
65980500,ar1,zero_shot,CAMELS-BR,0.5872751584163498,0.7244185386297688,103.42596893453059,43.215010198623254,2.424336179693522,-0.02492778029917598,0.8434059943024081,405.40951519367303,686.7224958775339,1.2488716966118425,0.9458244267428941,169
65981500,ar1,zero_shot,CAMELS-BR,0.8673991350771535,0.7950852143298999,109.65721774621834,39.349786914873256,17.142627185207388,-0.020308588553658292,0.7963406265357237,438.64085905037257,454.4400485669944,1.577996757273964,1.2821746097546325,66
65982000,ar1,zero_shot,CAMELS-BR,0.2505477277320822,0.2608235343755576,2.2442845157302957,0.6935283127934934,-11.10295575432928,-0.007205416163230973,0.41894840202629313,8.806732176719924,15.230923812425907,0.5817215464959155,0.32017170182934696,49
65984000,ar1,zero_shot,CAMELS-BR,0.5726111259425326,0.6183656978989758,371.8156151512837,268.4974906270317,-15.099929415091216,-0.005470430264334355,0.6700367924053579,980.294172294014,988.4907416365883,0.3152656256378791,0.20837744596601243,187
65985000,ar1,zero_shot,CAMELS-BR,0.9299811711506134,0.9501544861004746,466.8024401378907,248.30154538634022,2.8524655580893206,-0.0022524268094641763,0.963098053841112,1521.4765435753516,707.2234718156352,0.3454372720509684,0.3199224529761529,188
65985220,ar1,zero_shot,CAMELS-BR,-0.005774457313019621,0.025136713489433138,6.903590895571797,2.0016705202885143,-17.95427144898048,-0.02134037949561145,0.4132969198075307,28.964432064055355,57.270600700300655,1.0839070538895434,0.48024642639411314,181
65986000,ar1,zero_shot,CAMELS-BR,0.8541491952853666,0.8857996990861207,594.1510675096499,320.52332729554604,-4.742797278363897,0.0022964891862162495,0.9127704473084527,2058.6403940873115,647.8538342590177,0.3829855615027614,0.3706160210746339,183
65987000,ar1,zero_shot,CAMELS-BR,0.683885262448577,0.6904835375327523,315.01731717046744,217.7926030275611,-1.743513781057186,-0.007212997999221683,0.7395824157242596,875.1473397742493,1170.1394629939984,0.3440880225673105,0.23888087485716444,188
65987001,ar1,zero_shot,CAMELS-BR,0.5180448505665822,0.6821176047071824,385.0374957334081,322.0204703719563,29.522514722951435,-0.005848791413174081,0.7044250614979499,721.6509318929325,640.6344352125392,0.3280093454111134,0.2398887679396373,180
65990550,ar1,zero_shot,CAMELS-BR,0.8759992547193834,0.8973552871560342,12.369511136463958,5.9329557901037875,7.581346102827542,-0.005924659205328163,0.9140576722626425,43.71323531071648,19.080979968774603,0.687451893704135,0.6554681905138634,177
65992500,ar1,zero_shot,CAMELS-BR,0.8856849434257918,0.8877512265533253,211.5673930275586,152.63682660791645,1.7394053392069722,-0.0015887324071733773,0.9035734513850605,448.9425127690755,434.696223689709,0.2776667187817217,0.22829875475017034,188
65993000,ar1,zero_shot,CAMELS-BR,0.7077877790657927,0.7746212087963478,293.65604786444226,192.6617876217958,0.3010993319966434,-0.0007699544298926603,0.8398436101321618,713.7661675920331,356.6419705124548,0.23249372207318456,0.1881275389179859,188
65996000,ar1,zero_shot,CAMELS-BR,0.5058347558162611,0.7230357557988754,1.8625129006821055,0.7901587428451885,-3.6761984733643764,-0.003218076488795598,0.9135369593831163,4.681358435206497,5.2819369652129335,0.343324575275202,0.2831776417597502,114
66005000,ar1,zero_shot,CAMELS-BR,0.7444943215814572,0.7255974459819088,8.787162234210896,4.847910652640892,-0.32099203803072607,-0.0067678531088893445,0.758279486921396,27.74177294446963,36.35918724042474,0.37166747116107723,0.27697741068906717,188
66006000,ar1,zero_shot,CAMELS-BR,0.8726679180709354,0.9233035394789322,6.593937685121691,3.2486653498787175,3.465848541907696,-0.002565115934224177,0.9577015581134273,16.281289286577923,28.476640337173272,0.2556677226747517,0.2864906237529627,155
66008000,ar1,zero_shot,CAMELS-BR,0.7418995903685108,0.8081065427868412,16.33096055102198,7.147419539271863,-0.2225054634347053,-0.008868518163525387,0.8663379098603228,57.39594401782953,21.670407855954565,0.722510734809816,0.5886297643879039,188
66010000,ar1,zero_shot,CAMELS-BR,0.9801857949124132,0.9465513112052776,9.41611237361366,5.530161560061383,2.14751475336081,-0.0025847573651029618,0.9469639837185521,24.611676079821788,48.898163359568684,0.23829404050623398,0.2460805043679782,81
66015000,ar1,zero_shot,CAMELS-BR,0.9906131925733969,0.9918419847984783,13.496911841651851,7.107929208094166,0.2453825384667262,0.0013090827042602539,0.9932272516501209,19.51619643092171,6.232818461147736,0.23449282573321947,0.24010453521105962,188
66025500,ar1,zero_shot,CAMELS-BR,0.25184502678003373,0.33621110980609636,0.777163027704711,0.5962526080485817,0.8484745858258237,-0.0019963545683925063,0.5558644554102404,1.7730541129329633,3.144898772579264,0.14026220070806064,0.06809533102028048,188
66040000,ar1,zero_shot,CAMELS-BR,0.9783771686987798,0.9792296448713411,6.050849516817953,2.82117439782703,0.07536669944316542,-0.00039763872796290574,0.982269344202459,11.327162797442485,6.671071568991812,0.09743805083560522,0.09423350179567769,165
66050000,ar1,zero_shot,CAMELS-BR,0.8628444062197521,0.8967940323697475,15.364603326330974,6.238170100424074,0.050669309876062586,-0.0015516094490294775,0.9139190310778894,51.08232027225071,87.4842676638573,0.16984030878910686,0.1647316113088022,110
66051000,ar1,zero_shot,CAMELS-BR,0.9521348206372019,0.9648020277951292,0.7651125863787515,0.46676308587288673,0.2541283776472934,-1.9364630323461408e-05,0.9742003165611405,1.554413183809392,0.9580341459244451,0.06461480373284471,0.059690146324143566,188
66052500,ar1,zero_shot,CAMELS-BR,0.7894561027977588,0.8960799189007022,6.723556741300247,3.773293410291202,2.2412183014095945,-0.0005897377190214378,0.9764467569899201,7.723086720248036,13.460960662825094,0.14144323150765084,0.13004478523508448,187
66055000,ar1,zero_shot,CAMELS-BR,0.819857346251173,0.8941819584936074,35.47509736187392,14.5420634874908,0.7170828397423004,-0.000857155521217904,0.9497640262196826,133.60090074495176,277.365068386159,0.1486166233006155,0.14818594575771957,184
66065000,ar1,zero_shot,CAMELS-BR,0.8661208129942497,0.8267959244863324,20.371323731984912,8.247948656510898,-2.2431855360378647,-0.002109815415004296,0.8382271302424757,76.7919223084526,139.69680113206707,0.3464510671930159,0.3005511432635365,145
66070004,ar1,zero_shot,CAMELS-BR,0.9978781550903456,0.9930305726837704,12.60321613814799,7.945341954888646,0.2406917212087263,3.501644973371437e-05,0.9930954565478693,24.66783921504094,28.364347886104298,0.1244171885144315,0.12479653928454444,184
66071300,ar1,zero_shot,CAMELS-BR,0.8574991669946682,0.9268965661977463,2.078791351922903,1.041452608389687,-0.4323158762632262,0.0006489643613328047,0.980518158031559,4.882423107444798,7.690679117981234,0.0342175876437095,0.03461785484039142,126
66071382,ar1,zero_shot,CAMELS-BR,0.4490925116980844,0.7285572048174125,27.94447183709076,9.073806011518966,0.37771351592754554,-0.0016369893503462513,0.8329804972224808,116.12701328367325,22.610403184619567,0.22103970803819853,0.16449441877505688,154
66071385,ar1,zero_shot,CAMELS-BR,0.6664651421927481,0.7657532321969295,7.303092013069307,4.357396261922654,-0.4887218841028128,0.00032717591479715976,0.8527532930797882,20.789930512719373,35.330897486294276,0.08687095867303908,0.07522408953294261,188
66071390,ar1,zero_shot,CAMELS-BR,-12.688167610862187,-0.8538485825427962,35.136535294524464,26.564418476605493,39.826931138159466,0.01396031169095897,-0.6588740976904264,16.917118694611148,31.33097972450171,0.08497356768039326,0.03024725359018007,83
66071392,ar1,zero_shot,CAMELS-BR,0.770264683183661,0.847113973073612,8.09365356390063,5.856315595994372,1.7094467537481557,-0.0012201895421682218,0.902495601927178,18.345553089509018,28.955877989652716,0.1140313449006444,0.08963877852678977,151
66071397,ar1,zero_shot,CAMELS-BR,0.6937801724344597,0.7306206372371655,6.555524652997956,3.7162789021530775,0.10884701794109963,-0.0002688578841143147,0.7873008663054317,22.02461536812829,40.92302118405493,0.07605758344363131,0.06866549094185893,181
66071400,ar1,zero_shot,CAMELS-BR,0.46672351188271943,0.45330471728788146,16.779477489467123,8.45796711782395,-0.7854094719909236,-0.0018597905531649258,0.5397770389806701,63.595112353083316,126.58572869678918,0.1533455432590784,0.08898130876584222,184
66072000,ar1,zero_shot,CAMELS-BR,0.9220772332820056,0.8774530211573761,16.973476858295054,8.517901644684882,-2.683057805681386,0.0010532291043043266,0.8824181168259162,51.35714613237195,75.5451058263147,0.22620640528062458,0.21358802978414887,184
66074000,ar1,zero_shot,CAMELS-BR,-227.35843890219067,-9.410182446385633,31.983480814075076,31.37065867915659,1018.5278791933958,-0.021247250346924276,-9.38255198150406,31.465073251729123,31.465073251729123,0.4134199134199134,0.05458677916881994,12
66076000,ar1,zero_shot,CAMELS-BR,0.9856254577229776,0.9919011809816842,3.721609714885286,2.073935363116573,0.3376257037086533,0.0007708784059109429,0.9960150775143336,8.75823499665619,9.095170137730813,0.06511923637212372,0.06392714305161748,184
66090000,ar1,zero_shot,CAMELS-BR,0.9516254539395453,0.9717117896613106,53.73030815269258,11.387919098944,-0.5971569075166541,-0.00012895464114073135,0.9855963990919765,224.63491764099007,30.00396245300501,0.10168449153155168,0.10259131614862144,145
66110000,ar1,zero_shot,CAMELS-BR,0.9720782009832412,0.9509401132669819,4.852400852757173,1.926925374490164,-2.1334378109286867,0.00048509525524860486,0.9528352806645399,12.935690678884047,9.799093004342597,0.4860084360096804,0.44801176827738837,188
66120000,ar1,zero_shot,CAMELS-BR,0.999352288837286,0.9981133766986757,2.3980220945087427,1.7324492561894786,-0.06561632575008056,-0.0008231638943707528,0.9981339294499106,3.927141069297098,1.3778469419988801,0.04388110646273306,0.04409149514418489,188
66126000,ar1,zero_shot,CAMELS-BR,0.9860353447263783,0.9861963394788688,3.113001713389683,1.9804879238940778,0.11263540191398004,-0.00034480700486518284,0.9880635406665966,3.16441480294135,2.545840543738374,0.049433218334154753,0.0493840243159118,148
66140000,ar1,zero_shot,CAMELS-BR,0.8489626263725505,0.8990509237121811,27.407237496205255,12.04121691328319,5.794315074657811,-0.013351545083157376,0.9252216555766519,77.27302808485196,126.59266203547102,0.4485394786683544,0.4575301330758092,178
66150000,ar1,zero_shot,CAMELS-BR,0.2889625509740611,0.22476389525541451,2.438704890717823,1.1479299212457799,5.5712298694704,-0.005193691014978399,0.33188223338071376,9.519127659784989,17.778640346238994,0.4384448209592347,0.11829743936334502,144
66155000,ar1,zero_shot,CAMELS-BR,0.4317491977276424,0.38928438788733455,3.0171722800248215,1.1669136949242573,-11.300654263890644,-0.004285156521632336,0.46688147451894657,12.501767857367504,17.9492424015196,0.3634663181899712,0.25042907053933644,119
66160000,ar1,zero_shot,CAMELS-BR,0.7550740630410775,0.8565665242757442,55.52990927756554,24.269190865522248,3.730765303271174,-0.005499215999065863,0.9338209227208112,199.33646016943226,50.66030970033535,0.5227874100664898,0.537781964642582,188
66162000,ar1,zero_shot,CAMELS-BR,0.5826563913567656,0.6505196184837323,41.38446941724062,20.330700161837115,-1.207516869773783,-0.012726720030174565,0.7424541217867437,151.75671737189808,207.061581394524,0.6381702220898225,0.48970198062708553,188
66163000,ar1,zero_shot,CAMELS-BR,0.8955309878086444,0.8895279636292946,29.608357015186183,17.156126210404093,-0.18977517592354176,-0.006537859788963332,0.9028039392195782,84.94108444794796,112.43235517950409,0.46348147449143684,0.3841125494097163,188
66170000,ar1,zero_shot,CAMELS-BR,0.5162317037769436,0.4766294178920264,0.9302364927487651,0.23628112855084257,-10.436730414861165,-0.00020288562523288617,0.5307066527218656,3.825042074878708,6.486293813788045,0.31097885262026215,0.18276371719163445,110
66171400,ar1,zero_shot,CAMELS-BR,0.4875713255502353,0.5102269794339039,7.629161614960223,2.283760048265583,6.748758159530972,-0.0010861359124587425,0.5125934483432499,30.236565411559063,64.59418764147422,0.2273887976559616,0.2557337730850634,81
66171500,ar1,zero_shot,CAMELS-BR,0.6348084672096297,0.6626485824801307,6.160610668941806,3.1671361308659916,0.7603500601599551,-0.0005870912584852407,0.7264124493106818,23.70768198170062,40.197071407230084,0.1064740841402569,0.08672431291824785,188
66173000,ar1,zero_shot,CAMELS-BR,0.676671491977729,0.8167420313764268,16.37233557702975,6.912321698319195,0.5329880079572761,0.0002350617245442492,0.9292456554179481,65.31486445344113,124.34332287418124,0.14284187465429293,0.1342366958751485,188
66174000,ar1,zero_shot,CAMELS-BR,0.8043339498160046,0.8952682615495583,4.306365805096859,2.2628857880154167,3.4093908138825513,-0.002771883846065318,0.9358345562455964,15.712674882813555,21.44653852141595,0.19216014498967138,0.22502418370225594,175
66175000,ar1,zero_shot,CAMELS-BR,0.8182722881618308,0.7877426086757875,4.3740092498997685,2.0108806302362634,1.6296326286599723,-0.0008559113153469126,0.8065382126053614,15.794907548053258,22.50977813402251,0.18602876078876088,0.12961354015838278,187
66200000,ar1,zero_shot,CAMELS-BR,0.926957766218792,0.9340110806407668,12.080172000346984,7.23203168768868,1.4021577352963293,-0.0014643583888889946,0.943859574566611,37.05240000958269,39.072039310679436,0.15197190795959037,0.1434086753030078,176
66201000,ar1,zero_shot,CAMELS-BR,0.8311319587474626,0.9130551183705735,16.702992878288494,8.525202924105786,0.8005521232757961,-0.0002774919459091283,0.9791936514794538,50.48411131143297,42.44618291007495,0.18205010450662634,0.2006900839981224,188
66210000,ar1,zero_shot,CAMELS-BR,0.8877290929405685,0.867853903910995,47.58186342237911,28.4737046535856,7.38310061789594,-0.0022804676146331807,0.8742845908943973,129.2604385267361,129.12214919269474,0.30526157176246205,0.310508275770912,188
66231000,ar1,zero_shot,CAMELS-BR,0.9840679596568379,0.9898227232212702,5.818157585807658,2.244944198998007,0.05037566483090634,-0.00010425289206349555,0.9933287355894553,11.39029097481265,9.448510443083366,0.04104781500665911,0.04457209124154639,188
66240000,ar1,zero_shot,CAMELS-BR,0.7871225402214994,0.7615598222530097,66.36654488619327,29.14049350987286,-3.2289742237031236,-0.003163238487594623,0.7856256964893705,226.31687406660518,413.6229613960969,0.3405742131407322,0.26298203804541564,168
66240080,ar1,zero_shot,CAMELS-BR,0.9708751730758147,0.9841741465092979,10.420000895647734,4.388546016461257,-0.5215930850770434,-0.00010192136491717031,0.9918323493018292,19.23521460025319,1.721397788719723,0.09275847921225383,0.10350516913221454,188
66245000,ar1,zero_shot,CAMELS-BR,0.07146281274938404,-0.09237967950149151,3.675633687753997,1.6510978118865174,-2.579501807482786,-0.006706421978948831,0.13720822393633836,15.607519755157409,23.481922867415083,0.5479041916167664,0.08582310131261309,120
66250001,ar1,zero_shot,CAMELS-BR,0.9087323969487451,0.9373049407223858,56.903122760949834,26.94515236715133,2.3382711998375725,-0.0011758361006614926,0.9538912081739943,183.17820041043544,73.420770897709,0.24324789300378682,0.267315937227664,188
66255000,ar1,zero_shot,CAMELS-BR,0.9446039271735881,0.9277327045882707,52.20084474045386,28.0044424204155,3.2033235897588748,-0.003249633147909249,0.9315616547155464,131.84125630667444,62.34899383184886,0.2628466621392528,0.2618757087391141,188
66260001,ar1,zero_shot,CAMELS-BR,0.9156139035198144,0.8729547188907928,78.14931268991562,37.98876399284057,5.480227551322478,-0.0008722135522737946,0.8765107219953872,236.6709727706162,431.9875085095836,0.2972819924295694,0.33001216682687495,188
66260002,ar1,zero_shot,CAMELS-BR,0.930936101691,0.9524460257823378,100.6716037388237,62.79136776790816,3.143381526838739,-0.0023861974661167906,0.9661798795147721,163.38335363033067,164.18718161998243,0.45321770794897764,0.41447636756855627,145
66280000,ar1,zero_shot,CAMELS-BR,0.9911630391635471,0.9874974167715677,16.006837635609692,9.536568640682502,0.7328830835507539,0.0003170888533926119,0.988178882579787,18.778261381553804,8.93076533896624,0.15998067455630416,0.16038460372023217,184
66340000,ar1,zero_shot,CAMELS-BR,0.9689537833964375,0.9756185173412415,20.670446171248734,4.915497754326712,-0.4467809199522386,0.0007505351641080207,0.981259447185635,85.4242097680524,3.9349283325098905,0.10378151743612764,0.1039419848768909,162
66350000,ar1,zero_shot,CAMELS-BR,0.9993169763978086,0.9980019568851651,3.8121045768705253,2.560452074754377,0.07755594651880039,-0.00027491034983537915,0.998028553495174,3.103890943487314,0.5225483771366085,0.047133570071822666,0.04804518040934515,188
66360000,ar1,zero_shot,CAMELS-BR,0.9985384234350062,0.9979614962761085,4.0200898800603095,2.5766619348101907,0.1480339217395704,-0.0012221626086865514,0.9980818858154186,2.0171185998372936,2.8234873676843204,0.06154541743581395,0.06400802238837452,175
66370000,ar1,zero_shot,CAMELS-BR,0.9983707654795104,0.994465370287809,6.592807291416365,3.7953729029676406,0.12307577797051981,-0.0004908205023567459,0.9945188528174511,1.9872416995511604,1.7136362383286303,0.06472056380180957,0.0647264702159456,179
66380000,ar1,zero_shot,CAMELS-BR,0.8686603587849171,0.8750362493951744,12.402879579217819,6.330769847958755,-3.1725101450703903,-0.0028513642836059706,0.8936255427601694,36.884124718018484,15.798770370309121,0.21215493642920782,0.17600868505576092,181
66384000,ar1,zero_shot,CAMELS-BR,0.6934257343696413,0.8296730996238595,1.9318959946407661,1.2333370343489882,1.7757798439413568,-0.000741362663227,0.9337967911881921,5.603068972394554,5.19936732475931,0.15930974680407692,0.13744810688045755,188
66390000,ar1,zero_shot,CAMELS-BR,0.8716460441577578,0.9063253769787656,1.6276041988163932,0.9602829016644591,0.8320690706342031,-0.00025216095401534803,0.9331721123645015,4.716567029442737,2.1065093386550546,0.13305633328059327,0.11529037477318282,188
66390090,ar1,zero_shot,CAMELS-BR,0.6899507782602365,0.706107451574588,5.295834704270668,1.9638514859244587,-8.428161160715353,-0.005178864171522293,0.7556441250577701,20.22965009372095,33.165608557043264,0.5066377253937445,0.40002709895748256,176
66400000,ar1,zero_shot,CAMELS-BR,0.8789178949284979,0.8518839912754574,20.692537367333564,10.05951900152695,-2.4596103495323303,-0.0027556683359182925,0.863266074369882,72.02430165853393,122.19297347730335,0.2382177287308068,0.2089725009048896,168
66400360,ar1,zero_shot,CAMELS-BR,0.9216851441922326,0.9420477990718946,8.952541912663245,5.501663148374514,-0.7558610462789153,-0.00023555731411952635,0.9548516436678717,27.747244327285394,33.17389897058364,0.1500780110572194,0.14880672434719738,184
66400390,ar1,zero_shot,CAMELS-BR,0.8569869645563497,0.9242897844094673,12.800166234934505,7.5740355574978,2.287680722286828,-0.0015236159205713412,0.9610868892591792,34.72706262348627,50.295190368589765,0.15538962164013692,0.140271687945596,136
66430000,ar1,zero_shot,CAMELS-BR,0.8376629136436349,0.8418113645590155,16.632637825025775,6.643586667010141,-1.8828475491127392,-0.0026619250087205892,0.8653750024582776,64.70430500395202,92.31317530319664,0.3579033394259732,0.3213831179942433,179
66440000,ar1,zero_shot,CAMELS-BR,0.7196215492139377,0.700960696012207,13.42426099299931,4.806543730180272,-3.1151445046998876,-0.008916800394066081,0.7374307933762602,54.2992913240347,95.21782617056593,0.47542374448135677,0.3713348242206579,188
66450001,ar1,zero_shot,CAMELS-BR,0.8805753218132619,0.8648712304691537,32.46149157782374,16.699469365886277,0.9968678058107817,-0.0038222437683653222,0.8785077213734561,108.78982032445852,126.45877082529606,0.3651380042165543,0.3171570570473147,145
66454800,ar1,zero_shot,CAMELS-BR,0.9075173976349526,0.9495873074532369,2.71494209781786,1.6255981100985326,1.2368022265768415,-0.0020206778644601643,0.9802403872865412,7.4133038552367845,8.823828344011579,0.1672158753529212,0.15863017817092426,188
66455000,ar1,zero_shot,CAMELS-BR,0.9414505279632905,0.9569767154734772,2.804933328287634,0.9529535847781808,0.17068963553345198,0.00020833081971753827,0.9670748621400442,3.975056207344053,4.29778440877289,0.18155201220134118,0.19206222775429907,188
66460000,ar1,zero_shot,CAMELS-BR,0.9759975862040929,0.982432406927855,21.09837713402057,11.764210514438343,0.3523239167938565,-2.5728305872198265e-05,0.9868204081620504,53.191375248933284,46.91928859505784,0.19258108311828895,0.19159458305895855,140
66465000,ar1,zero_shot,CAMELS-BR,0.9946556300450169,0.9955077597807758,5.931560414464037,3.7213994434040827,-0.22474266008103203,0.0005302506700033682,0.9963395576995099,1.7202507024764402,1.8297512430484526,0.058468619876147876,0.05576121861629452,188
66470000,ar1,zero_shot,CAMELS-BR,0.9828500838501335,0.9903531183215768,14.259338399202834,6.22840154708944,0.172262812870275,-0.002977709707965171,0.9955602132278841,0.4319742019299641,0.07400778947727252,0.11055540040184676,0.10845243457309206,170
66475000,ar1,zero_shot,CAMELS-BR,0.877456688415309,0.902738064886532,1.3050951247561917,0.7512655713174973,-1.1104242342549815,-0.0010835940000049737,0.925694959201255,2.2789837742931107,1.1068994105368577,0.2701823322061409,0.26280139458472584,187
66489000,ar1,zero_shot,CAMELS-BR,0.8118222912026717,0.8588173578332825,6.042499456648239,3.344362462582188,-1.29944655422491,-0.00035323431720435394,0.8962197666854017,17.973037820138437,12.292619211501927,0.10806278508183526,0.09172064225518377,188
66490000,ar1,zero_shot,CAMELS-BR,0.9612426872734066,0.9759811287355321,3.2130012436553654,2.2029456427304597,0.2598639312801977,0.0002704065591620187,0.9846327086441204,6.966737419749961,2.7688285239209183,0.09747577139672883,0.09455897645227795,188
66493900,ar1,zero_shot,CAMELS-BR,0.869478082681324,0.8795607382212999,2.6816365352101807,1.4757848364148247,3.2428898320261035,-0.0008901378587631422,0.8980684404484254,5.585589508796641,9.210530196522528,0.2515762088819329,0.21399661039032727,188
66520000,ar1,zero_shot,CAMELS-BR,0.7903390989338059,0.7927044899044815,9.043127600796264,4.324852246719327,-1.6369209913091267,-0.0008221582115204903,0.8228153768850761,32.252038500249554,57.45808744073915,0.25097890994539024,0.1773488541378856,140
66522000,ar1,zero_shot,CAMELS-BR,0.965337386547752,0.973674009479653,6.626552803267018,4.577496567899631,0.332764317377595,-0.0002457986037789281,0.9799628248590203,8.587114388433445,10.122125480203398,0.2254122957866928,0.21284099060343584,134
66523000,ar1,zero_shot,CAMELS-BR,0.8612699740142187,0.8567691509833231,14.545034546034897,7.595442581559264,-1.4922938633273075,-0.0004251639409080738,0.8748207617485753,49.91994450370715,97.6725194671926,0.2402729940043373,0.21672578182136495,188
66525000,ar1,zero_shot,CAMELS-BR,0.9439493315357831,0.944956561875332,11.529076410331493,6.974885754396497,0.5657534788343748,0.000786832546618663,0.9524706783843607,32.33321788918492,34.179741953858475,0.20841003003524367,0.18897497023440987,188
66525100,ar1,zero_shot,CAMELS-BR,0.908648925011287,0.9412185798393976,6.405910549249206,4.192694320218581,0.3962643075835557,-0.0004940185597444094,0.9639205634954128,14.046282570268339,19.250283418445633,0.22205548722385124,0.20367376349304103,44
66600000,ar1,zero_shot,CAMELS-BR,0.9971033761130287,0.9963554068304626,3.6001729398496516,2.288372238295934,0.3336275512221421,0.0004786358127317151,0.996601744353072,10.191155916683407,7.142350933540301,0.07940597670172522,0.07834235807772086,162
66650000,ar1,zero_shot,CAMELS-BR,0.9983588663761204,0.9950326580520861,3.488886521719042,2.0818386300784844,0.17704418017276854,-5.284468969812134e-05,0.9950742190675405,9.67402405569301,2.4504754803884725,0.07559968848051236,0.07559264225219586,168
66710000,ar1,zero_shot,CAMELS-BR,0.9986985394878819,0.9958714917571266,7.3802397735858465,4.818230766263573,0.08007305043093195,0.0004891501914919046,0.9959152003431669,7.279404169537332,5.889697924126331,0.047403169939380624,0.0481785050706759,184
66750000,ar1,zero_shot,CAMELS-BR,0.9972779094775303,0.9980824022779772,10.155183087689187,4.6634509061745115,0.12417457236226946,0.0009957781316428226,0.9986186262990258,4.695233211156489,0.9564754816285895,0.04467624650837144,0.04357993094377747,181
66800000,ar1,zero_shot,CAMELS-BR,0.9995961625307361,0.9949346188709759,6.136492098534751,4.584262616305489,0.05897987588538112,-0.00014380916930744128,0.9949374596063285,6.814902862338163,7.787030115461793,0.03221395773352588,0.032320079650097255,180
66810000,ar1,zero_shot,CAMELS-BR,0.9994324208080452,0.9929000686866255,9.688532383842055,6.303725602033132,0.12825385212128126,-0.00014892722973688672,0.9929036378169608,15.663901672055697,8.179089929962743,0.03619768310727067,0.03671230049514604,188
66825000,ar1,zero_shot,CAMELS-BR,0.99944831207645,0.9950566728062492,4.267245884472149,3.157712534648479,0.043411097324297376,8.443944272253957e-05,0.9950618019850482,2.077905170549852,1.3994178511136635,0.02553472891707591,0.025560817668731382,188
66830000,ar1,zero_shot,CAMELS-BR,0.7812499269865768,0.8840340022398221,0.3028007772503867,0.14595805205943796,2.4557218591037593,-0.0011671403609425993,0.9619633494405637,1.0089582416210234,1.3298910498784675,0.22816965103209233,0.2513826107458043,188
66840000,ar1,zero_shot,CAMELS-BR,0.8249882230281436,0.9006875088710461,8.630354901987669,6.138064767288083,0.7185544463040937,-0.0004612997712813917,0.933209291619189,11.054761198270395,13.436456405899037,0.030001039631785326,0.028409856710920053,25
66845000,ar1,zero_shot,CAMELS-BR,0.96438088625558,0.9572667739170597,9.883273986407158,5.842317535064028,-0.25862559460364865,-0.001081445880086282,0.9610977771088105,16.08546782012246,12.304382615797179,0.15595293671397684,0.15343964079285954,188
66849000,ar1,zero_shot,CAMELS-BR,0.5598399951114897,0.666706177216909,22.897024436931307,9.736984059810087,4.70459421597783,-0.0011165958401410754,0.6873549569531237,89.50079707156006,165.7549056084424,0.2849336951950812,0.2779776794920155,184
66850000,ar1,zero_shot,CAMELS-BR,0.8938398647021955,0.9455182829413836,10.085056322197696,6.403432384202537,0.7321481589086853,0.005769558893691011,0.9859553732927979,6.9444087389123155,11.559792712566193,0.1912874766557449,0.2026397658099997,43
66855000,ar1,zero_shot,CAMELS-BR,0.8090745730255261,0.8935932431998573,11.23533584662851,5.549375431445525,0.2033868548392661,-0.001654801012314737,0.9348486273969524,37.636769529001754,48.218606142288166,0.24824912295842486,0.2345257346134939,152
66860000,ar1,zero_shot,CAMELS-BR,0.23568622852666854,0.3214803420795105,0.5102444364704098,0.41375594377282976,0.606657315259865,-0.0005873474567743698,0.5464990300453816,0.7354297537105035,0.659184748495114,0.0727777302346052,0.037211714430517025,106
66865000,ar1,zero_shot,CAMELS-BR,0.23048332066149269,0.16814185969551754,6.957504893041584,1.5780784342780374,-1.4407410927363546,0.00013030404044957504,0.3144553624266031,30.217663125476523,63.3178656891952,0.2995172291512697,0.1153315876829303,174
66870000,ar1,zero_shot,CAMELS-BR,0.6292441066177358,0.6670096442328126,63.29398894026862,27.551844855006813,-2.116445167005742,-0.0016935417330447523,0.7354699290822275,223.32556378877288,413.14531518807485,0.2018287791028658,0.15653379780458385,188
66880000,ar1,zero_shot,CAMELS-BR,0.9660411653203153,0.9788389273255124,25.9321411189895,17.24811887178925,0.8417512399865683,0.0008620331694624544,0.9861739125335001,60.204456211579156,70.6939715597522,0.15370179648465682,0.15839424392995705,188
66885000,ar1,zero_shot,CAMELS-BR,0.9248182629080248,0.958816025288573,2.6603361928469713,1.9625005011895509,-0.14873804809514027,-3.4243615215692725e-05,0.9760481410841315,3.3869258866581724,3.3869258866581724,0.013088978862061397,0.012275561463200843,27
66888200,ar1,zero_shot,CAMELS-BR,0.8901927033503739,0.9301896516694578,1.2210303118818375,0.653882015430392,1.4327152566666723,-0.0032000316561406296,0.957196762468711,2.779808224952047,1.4977945877104446,0.34732389078991055,0.29046832938241607,119
66895000,ar1,zero_shot,CAMELS-BR,0.9997019312101522,0.9960669399170897,7.209282755009895,5.268279878216986,0.08252163597749228,-0.0002074473634640396,0.9960687265258185,6.611336508139386,6.717847399802187,0.033918374869107426,0.03422563717049099,188
66900000,ar1,zero_shot,CAMELS-BR,0.8848759501917279,0.9340144227653568,16.977029366757694,8.82012788311267,3.2906249620397494,-0.0017095772743951822,0.966511153036379,60.2805081864275,83.64434919045785,0.5424660512842265,0.49103858243799225,188
66910000,ar1,zero_shot,CAMELS-BR,0.9784650040023981,0.9452304397539465,6.983095288823512,3.765358831607601,2.2445832566429775,-0.0009145524379930142,0.9459272652087697,17.911793353225306,19.886614276155626,0.29879792055397386,0.31846056184143257,71
66920000,ar1,zero_shot,CAMELS-BR,0.985832228773183,0.9824002990902695,4.132324416825728,2.4186547224726866,-0.08717315455149094,-0.00024008671302163526,0.9838628408659077,0.49467847276989296,0.2879057293789864,0.17716521901149807,0.17620334472956073,109
66923000,ar1,zero_shot,CAMELS-BR,0.6619672730344293,0.7204975863978353,0.16734197133679318,0.08767429455310452,0.8187836054997267,-0.0028879922370672485,0.7899221275663277,0.5263652111505737,0.6366751654140886,0.1103747893767573,0.09028990633297145,131
66926000,ar1,zero_shot,CAMELS-BR,0.691622348518356,0.8336809536770442,15.577498140807664,7.756274877071581,0.9713999726744746,-0.0017266418764190277,0.9504248296907025,58.019552829507276,59.70695164362621,0.28381775748075316,0.259281580202582,168
66941000,ar1,zero_shot,CAMELS-BR,0.73443030560263,0.7095781403251497,25.557639816541847,12.266903969586192,-4.220257150833671,-0.0024432847928042758,0.7411557823270645,93.21572960326264,123.74547437598889,0.3601935847550788,0.28770976664244796,188
66945000,ar1,zero_shot,CAMELS-BR,0.849512552286724,0.8617746255621909,23.740504967129702,11.377732562952085,-1.26196055137072,-0.0005415779295603607,0.8853759754745163,82.72966782677577,91.86142976738562,0.3609348957093502,0.2825335066764508,188
66950000,ar1,zero_shot,CAMELS-BR,0.9700227835551406,0.9764490022916172,6.118085710412792,3.7549349921915147,-0.0041955381058134495,-0.0016378120076868032,0.9818655281640233,1.0281434296753018,0.61896507345959,0.18789015299029446,0.17421869506199894,157
66960008,ar1,zero_shot,CAMELS-BR,0.9995709223446233,0.9922118496732946,18.81610936813157,13.52265479158857,0.22423446588719398,1.2080107993460779e-05,0.9922133146220118,23.56410937754881,28.64149560492129,0.042172307245442166,0.04191525547258814,127
66970000,ar1,zero_shot,CAMELS-BR,0.999435351536518,0.9967170005261972,18.995293715207367,14.14404282808815,0.06659639690085892,0.00012471494651082778,0.9967273591051176,20.55579181960632,24.999958631055442,0.0327237088854191,0.03268704004078991,188
67006000,ar1,zero_shot,CAMELS-BR,0.9994635932607024,0.9955861211802098,14.602086147995884,10.75397140215742,0.23510554964424202,3.608641657487817e-05,0.9955907132120975,11.066321864545447,3.2405235318528867,0.028385749882146948,0.028359547361227182,84
67025000,ar1,zero_shot,CAMELS-BR,-2.1418630774461698,-0.5294258351107926,25.710999950822647,7.49115816718761,70.96765643689145,-0.021959371988163785,-0.520427673029296,107.74208181255435,185.8585376402642,0.8618181168759654,0.94287618404391,119
67030000,ar1,zero_shot,CAMELS-BR,0.9994712159233041,0.9949707987172178,17.912810761320877,12.20178404137864,0.1279559418403622,-0.0002298957045621646,0.9949761373020254,8.19584325968603,6.881090317143602,0.03751552005339576,0.037673872107541716,188
67050000,ar1,zero_shot,CAMELS-BR,0.9995538464855691,0.9978626887569362,20.040927519789786,15.496507058133803,0.0674400899422833,-0.00030184198582883584,0.997868245176481,18.55991062765359,13.01482484756616,0.038586176151480106,0.0380608626084897,84
67100000,ar1,zero_shot,CAMELS-BR,0.9984236248608862,0.9943829835392017,22.835318384658876,10.497546173466167,0.21643741987612478,6.009959020239139e-05,0.9944299352181847,73.11348734407034,72.98453185154672,0.03971194739881887,0.0394746405245522,184
67170000,ar1,zero_shot,CAMELS-BR,0.9316628750859128,0.9477417946002199,31.75128622734867,13.856256442648476,1.8876717709925475,-0.004075595093429071,0.9554539756552782,115.89263074344206,129.41377245231988,0.48031584275740646,0.5731932841370088,146
67175000,ar1,zero_shot,CAMELS-BR,0.7952636481116185,0.8580642433835965,14.258314535586875,6.2649183876051024,7.46010567433752,-0.005662738722297424,0.8894389651519768,12.816812507022956,10.672145672984707,0.733637683393766,0.6437330185443377,121
67176000,ar1,zero_shot,CAMELS-BR,0.8885210820499576,0.9267685219351116,5.231167280161251,1.9406155692360123,0.7114011423895797,-0.017899324658472222,0.954293324180591,19.037217547816393,6.134302339622485,0.7937065507346172,0.7396861733919753,145
70100000,ar1,zero_shot,CAMELS-BR,0.42343401165317796,0.4577577783770638,41.12502661283009,14.461743027182223,-10.415798880244568,-0.00952114106818536,0.5759529637786716,168.6621428612434,273.093175350463,1.1534118578589463,0.7767059061881487,188
70150000,ar1,zero_shot,CAMELS-BR,0.4125912399643682,0.6457676850721514,242.98151307362932,107.19639833005765,-2.566021733476575,-0.009600607610208442,0.855042180992385,960.5732861142251,1585.1638677094115,0.9289321714330905,0.6906693795280981,175
70200000,ar1,zero_shot,CAMELS-BR,0.5724397808918785,0.626769676443357,95.24294567254519,39.81856386511185,-4.156313589850631,-0.010519517717221146,0.7152901246682788,360.8369241874274,469.3395700330172,0.9383335932845798,0.7375696652612128,188
70300000,ar1,zero_shot,CAMELS-BR,-47.79618618120772,-5.757288278674156,763.1239119514929,82.30446064912881,121.32967911558426,-0.0178865045375056,-5.756547322388667,3307.7619375533436,7381.749713551828,1.1225445650096628,1.4043634014506812,188
70350000,ar1,zero_shot,CAMELS-BR,0.2995086336010264,0.4971541294501859,68.81664523146833,26.888579175791218,4.4304648428080595,-0.01908088274131577,0.734803424776981,281.9162713692654,507.50333526758646,0.9129175603884409,0.6639577277157589,168
70500000,ar1,zero_shot,CAMELS-BR,0.6703698325602094,0.707636417888613,20.46880119204876,8.019808071805526,-4.005619380870566,-0.00752507352529087,0.7690660620423667,81.84751681546182,124.18495356574884,1.0052742050754335,0.7859283794775163,188
70600000,ar1,zero_shot,CAMELS-BR,0.3621618927544301,0.39668390881173443,23.414545771656954,9.770401812640573,-2.2263751319009133,-0.016303526113990767,0.5434593504227649,93.31765287354993,159.66680127830037,1.0148722038219529,0.5769496766501853,188
70610000,ar1,zero_shot,CAMELS-BR,0.4256591018113818,0.4940224225800238,57.36653741406755,25.722329843471858,2.818764943273856,-0.01181939487944296,0.6316927975964186,220.64389876950412,351.1585578388264,1.1253712526903397,0.6470226258351823,175
70700000,ar1,zero_shot,CAMELS-BR,0.3230652252231858,0.5090260238909413,181.340748887651,93.22831628118563,8.322735548535404,-0.012289724910675913,0.7273213742117037,680.5230149174669,947.9638037705337,0.8814560789228316,0.5609824865696074,188
70840080,ar1,zero_shot,CAMELS-BR,0.719886472528391,0.6980165232253185,118.63966164424531,75.63105417178461,-2.1840801665222087,-0.00042990262326746825,0.7287862083327584,351.1498643478863,759.8312015384406,0.3266404508634906,0.24791795430022595,188
70841500,ar1,zero_shot,CAMELS-BR,0.45921181194619864,0.42792660940108984,4.8313364885686925,1.7091407089120898,-11.341686592469342,-0.008687601809792021,0.5092845789908578,19.727547404076258,30.278134053003466,0.6330872001733526,0.3992241839504309,183
70842000,ar1,zero_shot,CAMELS-BR,0.48122788778419345,0.3794869443212491,11.948330007699692,4.10896345660063,-9.722247255197804,-0.000739920492613632,0.4170818978260651,50.46090129795123,83.31943376658852,0.6200279610087753,0.3664588505127003,174
70843500,ar1,zero_shot,CAMELS-BR,0.6157787614579274,0.8034820794575579,2.368171788831916,0.9978542139524879,5.9257165755942856,0.0007636838759352525,0.933402652834465,9.19147013463556,15.475529569187971,0.5162481496389907,0.45066691587830154,184
70844200,ar1,zero_shot,CAMELS-BR,0.4584425704185191,0.5397791355237045,9.079036346551883,3.7483693547311296,1.2982301745197968,-0.002633578395099875,0.6710490756802905,36.751446224540366,71.08886756360153,0.39233728560768405,0.2370705406098959,187
71200000,ar1,zero_shot,CAMELS-BR,0.8641077494538868,0.8860752854621078,16.737959853680337,9.189915649508801,-2.2151448805293845,-0.0006962857412257002,0.9101184381334686,48.62860860140754,65.90727210119324,0.6970070268458952,0.6479911951320867,188
71250000,ar1,zero_shot,CAMELS-BR,0.8489173861285979,0.8801107896200253,8.966918284472161,3.944563366627706,-2.6677151920568827,-0.0023134192460584763,0.9090583306606468,26.078713493371406,50.436667261103786,0.7963500321953456,0.7581269301492454,188
71300000,ar1,zero_shot,CAMELS-BR,0.9406175751539554,0.9544648551398064,15.036922633859199,9.662952393893525,-0.49375632740255404,0.0033791978619529366,0.9657475220581944,26.376316869403897,11.196050848933575,0.5790056024321492,0.5420375567040742,188
71320000,ar1,zero_shot,CAMELS-BR,0.9678079931010974,0.9816440960284881,13.655973506899052,8.621107829502906,-0.005080136494184987,0.0001872653912991483,0.9905239965036345,22.1865888003707,19.63088371602098,0.5715562230148301,0.5488497313352895,136
71350000,ar1,zero_shot,CAMELS-BR,0.9844105525927841,0.9749067529136796,18.84348796346485,12.322390615036337,0.6532165542750151,-0.00030211700146424644,0.9759727866825549,33.13288271299116,47.55768872554065,0.5031926319973613,0.5025835326832311,188
71350001,ar1,zero_shot,CAMELS-BR,0.9640471970242419,0.9771625695901778,20.941453701229918,11.689965738616994,-1.315222934006661,-0.0008201151781765358,0.9857657609653221,13.618193768610865,4.46218432936513,0.47866077017988196,0.48909328800517227,188
71380000,ar1,zero_shot,CAMELS-BR,0.9671701787520572,0.9749422246417689,21.08831801364764,12.55520886763686,-0.3683611049617503,-0.0015506988120188026,0.9809812022301236,42.36983017449321,62.734848673196744,0.5082604344039618,0.5101414999043,188
71383000,ar1,zero_shot,CAMELS-BR,0.9696340422746139,0.9838066904803738,25.519553772436183,16.018377182592392,-0.4813860785256986,-0.0029559222263213433,0.9939382502425017,37.34364025890375,64.35320636767733,0.4643209592064932,0.4706160390773739,188
71385000,ar1,zero_shot,CAMELS-BR,0.6519694733948972,0.753875704582269,0.319578973151295,0.16537685977244077,13.59008459943637,-0.005845349331745353,0.7920079585238375,1.0736513740569393,0.7378846772948738,0.6866931983449645,0.6333761733626858,188
71385400,ar1,zero_shot,CAMELS-BR,0.9172263837272745,0.9458073501030212,33.80945040816455,13.994505083332855,-1.503578203271933,-0.0003364758217564434,0.9658404817567483,121.0548106954703,269.72937247711104,0.5915482695633744,0.6171054071811446,188
71386500,ar1,zero_shot,CAMELS-BR,0.9089630405132784,0.9360209185031299,33.14881901993246,12.574232519178128,-1.6462102486325105,-0.001256201061277929,0.9559985521518826,115.92625836116872,257.34234450821316,0.525017704701323,0.5552525914949777,188
71490000,ar1,zero_shot,CAMELS-BR,0.6027442380271907,0.7789674300325387,5.078355253885451,2.4066549854798374,4.904508258141627,-0.004095640988011746,0.837214455017066,20.127181635282067,15.29668381927327,0.6122255921183536,0.5485050251457602,175
71491000,ar1,zero_shot,CAMELS-BR,0.9439557409575376,0.9343393168129653,3.3748202668610943,2.081738767254129,-1.5368948667215567,0.0018528187096000792,0.9390148589301478,9.30260965868318,4.267246891897898,0.6012406686994005,0.5851078939028067,71
71495000,ar1,zero_shot,CAMELS-BR,0.7302451738124931,0.8328591832295561,2.754207503980353,1.4113801560989665,2.7544362945186704,-0.003818549853220627,0.9122672950456603,9.628583931443206,16.939990313270194,0.7410495092889606,0.6041385821822359,188
71496000,ar1,zero_shot,CAMELS-BR,0.8950604866373963,0.9329393755558302,5.418407351513233,2.905895314470045,0.0908480789913166,-0.0008153231497594962,0.9523047367653626,18.213997822089887,21.503827881032223,0.592365902893849,0.533334300420371,181
71498000,ar1,zero_shot,CAMELS-BR,0.8391004483094473,0.8756717267748827,18.151043099721416,9.060616309444931,-0.6631228459544601,-0.0012365709123672679,0.9062530228112231,66.16438550238688,88.40690337124246,0.5373235981023674,0.47903045153817053,188
71550000,ar1,zero_shot,CAMELS-BR,0.9391674331441054,0.9495872530825529,86.84762313960975,44.855638232466795,1.5507884225679434,-0.0016848494618189637,0.9570298698898043,291.6808231714231,493.9230033072083,0.5272329779053633,0.5087541001462081,188
71630000,ar1,zero_shot,CAMELS-BR,0.8547990941362216,0.7882051547528901,14.091423762554575,4.5427489522231275,1.443076154030958,-0.001847876364439588,0.7978262730038933,59.01335349650876,104.93964893285721,0.9136187847215016,0.774428542248338,188
71800000,ar1,zero_shot,CAMELS-BR,0.9397406423648723,0.8779663562674394,112.07775655329407,59.44242600752082,5.196824967632308,-0.0015700244764957037,0.8796796256640518,388.26950194862127,628.0258468982743,0.5480225607625656,0.6018401180323187,185
71840000,ar1,zero_shot,CAMELS-BR,0.8844288831445297,0.9404329064027062,99.880071113411,63.40804014268871,-1.380553573333242,-0.002212788837972421,0.9847644096819551,230.50986218881832,170.24955436229936,0.5087223152944069,0.5042179518112253,188
71890500,ar1,zero_shot,CAMELS-BR,0.194486582399246,0.11571443429422901,1.6924335242394144,0.40453881572058015,-9.30074606785418,-0.008375145649256613,0.2647113004630428,7.241648764328864,15.662396854365392,0.6102652283267938,0.260976195504444,188
72300000,ar1,zero_shot,CAMELS-BR,0.7782992649668714,0.8890258137644285,347.10041813336073,172.38126540594254,1.4163796140154161,-0.0061445869726101075,0.9590175658232475,1209.832365382739,1113.8752041502478,0.5246568049734975,0.4757929153601811,188
72400000,ar1,zero_shot,CAMELS-BR,0.4927707859035124,0.6821133800174168,28.131215940680825,14.573197901378197,-8.468307102411734,-0.0064695201066353805,0.8412791098439814,83.04153277202106,111.52519582925672,0.5845166193980396,0.4793632511300996,62
72428000,ar1,zero_shot,CAMELS-BR,0.8367642575302552,0.8416150058022289,26.40194640478303,11.852216158182124,2.995829816622027,-0.004516097836789376,0.8652132181114505,93.34452837540319,68.8275620303079,0.7378598037498054,0.6736773318383552,188
72430000,ar1,zero_shot,CAMELS-BR,0.7758400012988702,0.7823263881690528,40.691626278995436,15.918074925042736,-7.43727574065926,-0.005007088363808067,0.815998296293547,151.1572405589109,179.61875947884147,0.7802761704373069,0.7003484390594982,188
72530000,ar1,zero_shot,CAMELS-BR,0.7068769843722,0.7246273248813715,18.186710403094278,8.467596872081758,-5.980920672612066,-0.0064464522773792984,0.7710069437520405,67.12271456291471,58.48326561153092,0.6976358760099937,0.621005208313444,174
72580000,ar1,zero_shot,CAMELS-BR,0.24342369082390058,0.6458708781047637,46.07219933906532,13.972778560914916,-2.562115359610838,-0.0069814016571356895,0.7835478813900477,196.84961766810454,286.39230878294654,0.7896248031127194,0.6863484365043127,188
72630000,ar1,zero_shot,CAMELS-BR,0.5627969838847751,0.6367816910511555,111.03654031757746,39.74982480748212,-9.110552237762754,-0.007215945094679002,0.7322839810653357,453.86829027692045,761.7830216111104,0.8551768627258541,0.6604413444279201,188
72680000,ar1,zero_shot,CAMELS-BR,0.5947491867802916,0.6303403819060311,134.90945027127546,49.20129733082028,-10.751474484684763,-0.0078918672600502,0.705385444915257,534.5657669824665,542.3877812686916,0.9182444486700043,0.7003775930382123,188
72690080,ar1,zero_shot,CAMELS-BR,0.7794136682792134,0.75111313083275,275.6144677720956,143.18655205494846,-2.0765168713725553,0.0017425457901871569,0.7702941364941498,956.7402607623409,2100.9543760441516,0.30975243663439667,0.22380023994200024,188
72700000,ar1,zero_shot,CAMELS-BR,0.8327609424319604,0.846484401454947,239.77065534994225,144.8051591297589,9.351372351443018,-0.005317440541769618,0.8561279426689348,718.6015816298739,1517.120436044354,0.3270704236869382,0.2921988097847851,188
72715000,ar1,zero_shot,CAMELS-BR,0.5842876876691108,0.5019475694504628,32.73035195702349,11.199912987789457,-16.413079834659754,-0.012051240891341467,0.5416768316518441,137.32504811138296,223.36377435192153,1.0009908166532386,0.6686410142254031,188
72750000,ar1,zero_shot,CAMELS-BR,0.8192991938891734,0.7699160891732522,23.99215386319171,9.244341803723,-2.1507427040294576,-0.0027669325252373776,0.7864095500908035,93.77999325439104,190.87359145770367,0.8367935277159659,0.660014481018555,188
72810000,ar1,zero_shot,CAMELS-BR,0.5194868724092706,0.4226657733907334,108.07112327446981,29.25848007931586,-17.814688214975057,-0.004695145485567528,0.4663208789170671,459.7107530412692,817.5108246714766,0.9703173879982727,0.6697439511821163,188
72849000,ar1,zero_shot,CAMELS-BR,0.7081032776225995,0.6946876116756863,127.93636458103234,37.745807639139635,-10.386753743621929,-0.008964441589964307,0.734536329592169,543.3609899549253,477.6782249230895,1.0075868138738957,0.7745288139638806,188
72850000,ar1,zero_shot,CAMELS-BR,0.8135494012078301,0.8079941313038173,56.31153800780427,28.60583444484655,12.854052948955546,-0.0032935541560279308,0.8210319725755191,184.3759341625011,154.39052826159872,0.8027464810889816,0.7401253659616674,146
72870000,ar1,zero_shot,CAMELS-BR,0.6818404405431344,0.7607521120401438,11.549484293040297,6.0419654824485525,18.529615000922103,-0.006367710534511871,0.805448499184238,43.11777421306945,8.992674311808658,0.8187503350669673,0.682356237600657,188
72870900,ar1,zero_shot,CAMELS-BR,0.4552696520683983,0.4111626470341103,222.25989550823255,79.70206911075601,-8.034045998054323,-0.0069421563404644705,0.48599056548133224,929.5713506995919,1664.9478037405838,0.8623424952666972,0.544228901189664,188
72880000,ar1,zero_shot,CAMELS-BR,0.7016176498083257,0.5715487813220032,208.98753654495104,70.04304986558634,-2.8403754429553536,-0.01286630608801901,0.584849213177407,876.2100163256426,1883.5518198623633,1.0161388778499343,0.6950032684610146,188
72900000,ar1,zero_shot,CAMELS-BR,0.7937755978096036,0.860982958640571,48.94858374300838,20.71979670239344,-2.800767953098131,-0.004525805450256139,0.9105078340260184,191.53984167109638,52.014342089916866,0.7483379858083337,0.6686137767796185,188
72980000,ar1,zero_shot,CAMELS-BR,0.7420568478299557,0.8627388501016787,144.8668374737925,70.70474109904748,4.553992229067621,-0.011951315370007601,0.949449534644303,518.3206468251975,378.46640968833907,0.9173218066077053,0.7581997159710052,188
73010000,ar1,zero_shot,CAMELS-BR,0.8671181079650179,0.9082045074818386,494.4753205092285,302.90006632527576,6.184735347610079,-0.005520262845454187,0.9325390692465527,1436.306148686068,2036.3126876197334,0.6332329454510179,0.6038042751694498,182
73150000,ar1,zero_shot,CAMELS-BR,0.6620661359804616,0.5196353216927645,8.071226472581168,7.567548137761346,43.61044650960555,-0.012615748187245668,0.5215790211105598,13.731730716675978,16.99571751970594,0.6759123475929107,0.36733173720512224,32
73170000,ar1,zero_shot,CAMELS-BR,-0.23055462356003353,0.45290843662401614,65.68785146223016,21.670737215674247,12.879343098059085,-0.021469549031693617,0.736997032348091,263.8361147581981,375.28335992491265,1.0466601178781925,0.7749953995327833,188
73180000,ar1,zero_shot,CAMELS-BR,0.4009655285401822,0.6263996601023261,43.23701507246203,19.30386960586359,-4.780053910372259,-0.013760895586754945,0.8275131861583347,155.72713437371857,224.00546428698516,0.9695624131061075,0.7867878011124317,184
73200000,ar1,zero_shot,CAMELS-BR,0.578831563569309,0.46906422592242103,1174.4823630002911,446.418181182978,-14.951591165776064,-0.0038084178771022013,0.4922657004749533,4426.945763135491,6208.6124925629765,0.8233459475973857,0.5776866544285169,44
73200080,ar1,zero_shot,CAMELS-BR,0.7179607663749004,0.8242670707297812,833.425369128634,291.8068330486384,-2.67754493228615,-0.002274248021407743,0.9076550653318649,3411.992520555079,5732.2347186623265,0.4476861702811818,0.4081218626352346,188
73204000,ar1,zero_shot,CAMELS-BR,0.6717079587423415,0.6284695138931581,20.103373191841357,6.4183665547374815,-14.900981699451961,-0.009730557127283511,0.6686543407710727,81.75989635875474,146.89880175467835,1.16228595995947,0.8934125645689015,168
73300000,ar1,zero_shot,CAMELS-BR,0.7668046613660031,0.8312433401394557,17.000134214981806,6.766047561913665,5.850747297309922,-0.003156609505414125,0.8570650572909813,66.7452529807689,50.72712459570554,0.8489804418310187,0.8105166816233198,184
73330000,ar1,zero_shot,CAMELS-BR,0.6863872076071194,0.6600397268084204,29.90787515396655,13.364622360652813,-5.651573052363552,-0.007652800494566363,0.6999404488858607,118.60825928400885,194.0666400021214,0.9782003012240175,0.7314441668691357,188
73330250,ar1,zero_shot,CAMELS-BR,0.6492543705225116,0.690706726232121,15.008806987781828,6.842002070692521,-1.8977161603442976,-0.0074699426890657075,0.7577626558263153,57.03393036635312,112.2939980154436,0.8069746303534242,0.5957161434335196,188
73350000,ar1,zero_shot,CAMELS-BR,0.7358512487081126,0.8303412431615738,28.47640584406006,14.34101183019093,5.8408284004942175,-0.023962053308309146,0.9019730550721616,103.94130474783813,202.61063328260474,0.7487428843342196,0.6302367845300813,188
73389000,ar1,zero_shot,CAMELS-BR,0.9059825002397155,0.9400514280032475,3.8160736036472787,2.190905492723895,0.3824176550482429,-0.0032651146384635316,0.9631861413833636,10.717995798019553,14.008084893369826,0.4456370188408048,0.4347544247570499,148
73390000,ar1,zero_shot,CAMELS-BR,0.9609854537900975,0.9579325799799406,9.396240803475058,4.159605045685903,1.592609419985983,-0.002878913307845933,0.9626648763413991,35.3595731038889,72.17204194753481,0.4685107974912783,0.43282522544273727,188
73420080,ar1,zero_shot,CAMELS-BR,0.5804428569158694,0.6273243159683664,33.32124319765095,22.53352303533662,20.057764944363157,-0.00864154124460214,0.681340810129347,93.20649195108479,145.12610601794148,0.41898819250277286,0.2048716629265426,188
73480000,ar1,zero_shot,CAMELS-BR,0.754975319911428,0.72748350802545,38.667741868491525,21.548736202661456,2.307597555315399,-0.0027521229479936654,0.756240835026369,134.7659156595783,134.66903511244814,0.5458100262726842,0.42357498988428666,179
73500080,ar1,zero_shot,CAMELS-BR,0.6468740708805978,0.5380443137521074,77.90605398683073,29.41939019913652,-7.089666932270373,0.0008409024239160508,0.5580246399140154,318.6939010383928,621.3392818765778,0.5140391463476279,0.4088967274680092,188
73550000,ar1,zero_shot,CAMELS-BR,0.8459722303640469,0.8978187380578198,611.9283002297067,318.7734553246961,-7.0208990435738565,3.199033169632576e-05,0.928636165717369,2146.9124907339524,1604.0100306311085,0.4910688172423901,0.505313393798942,188
73581000,ar1,zero_shot,CAMELS-BR,0.8737753426980622,0.8427315524354231,21.61216342639475,8.199353668808035,4.647764893884884,-0.0019282877661387123,0.8481925044285472,81.87508258464815,51.620445408474374,0.6969686997486141,0.6975770142311948,183
73600000,ar1,zero_shot,CAMELS-BR,0.85223301834242,0.7109426461584801,50.21389484862778,16.424054388454774,-8.359255121590921,-0.0017509896873679348,0.7136327456005203,211.42833492835658,277.0900681489321,0.728597122468817,0.5955549507048478,188
73600600,ar1,zero_shot,CAMELS-BR,0.8328020887283365,0.9126043141495783,37.68421188931558,18.461052367107364,-1.918404663368926,-0.0009942251548676478,0.9755391850703542,142.271884661049,257.28451193294603,0.5497133699069223,0.5352066475141989,188
73600700,ar1,zero_shot,CAMELS-BR,0.7580008290623821,0.8251983477386924,26.159193478962635,17.66121624545361,12.31089548210021,-0.010192678531641762,0.8671134284555051,74.37549387062754,75.76820811040493,0.43860306068561894,0.39111242249705475,186
73610000,ar1,zero_shot,CAMELS-BR,0.42209843395185986,0.5235962084850259,50.86000556585273,19.52183741765351,-3.5273070253872514,-0.02076071805521487,0.6737829440264839,200.64653757410386,258.0794220134864,1.322991356044902,0.8867160581725256,188
73658000,ar1,zero_shot,CAMELS-BR,0.7186794115065146,0.7606899020549374,13.181383624018022,6.24947970962795,-0.38351611370060285,-0.0031183267053203727,0.812913922721134,50.97821305043406,92.01651894831754,0.6191394085573557,0.505451429670845,188
73690001,ar1,zero_shot,CAMELS-BR,0.5194571085605438,0.6977537436819432,20.708971170313923,6.154117801562509,6.793893559151511,-0.004066449964134933,0.7282061274440667,87.71078887510727,175.66238674126652,0.7225918463447368,0.6415756754358084,188
73691000,ar1,zero_shot,CAMELS-BR,0.7445227533353058,0.8596474211870515,12.066629021399285,6.21578344885648,2.6029198413949484,-0.004429429822397475,0.9408121015263278,42.398353892037996,61.351872810804956,0.6249616025266618,0.5128110965770425,188
73693000,ar1,zero_shot,CAMELS-BR,0.7594142398677108,0.7542889895106465,28.252985308236987,10.73049553114835,-4.349267775995511,-0.0019489872460010903,0.786247185790236,116.03100900587759,153.4230682785243,0.7224326012493639,0.5955048416576334,159
73700000,ar1,zero_shot,CAMELS-BR,0.11651915677885116,0.26334264727739276,25.197190415953788,7.510828801907492,17.218735626180116,-0.00135858821491114,0.26636637968429444,101.98147592906369,171.24056261632475,0.5644019621829833,0.6071693075422057,105
73705000,ar1,zero_shot,CAMELS-BR,0.6367851913913258,0.6144596281769408,56.707074821908854,17.64693778929284,-4.18543400200243,-0.004469820578423617,0.6622299985851905,228.7026473334264,462.35367216673814,0.687136754151194,0.5250724237383717,188
73730000,ar1,zero_shot,CAMELS-BR,0.8074773804717839,0.8291959044625853,48.57545803006488,26.453948123474436,2.802654899302344,-0.008587049006115148,0.8566518416168319,165.87584265319,322.8483014468067,0.6161710548012972,0.5099981567542009,188
73750000,ar1,zero_shot,CAMELS-BR,0.7778369696392359,0.7682870544501105,77.53557178037232,34.31058707358077,0.8499547229486708,-0.0032053379671048553,0.796691471639154,306.67152413558904,555.9972214359761,0.6833258153926766,0.5619521620273266,184
73765000,ar1,zero_shot,CAMELS-BR,0.45888724367711187,0.6215501588384837,9.704710990549898,3.9445655471523695,27.904689460509335,-0.025151471439297628,0.6963857492369077,41.26903719649388,53.26264868335581,1.2368221859219315,0.6943088767230495,160
73770000,ar1,zero_shot,CAMELS-BR,0.8746494682462974,0.8158065391722111,105.44566299006084,42.12845083350396,-1.8930804336047584,-0.005076492916586007,0.8244391593054411,430.78352426215747,569.8481543643226,0.685244931276532,0.5465297421082268,188
73780000,ar1,zero_shot,CAMELS-BR,0.2668758980304944,0.2925207229191289,37.8642548623484,14.756399572487888,-7.377219234233068,-0.026700564897519354,0.47960514376418506,153.25592188113157,305.82440799889486,1.2184809557876606,0.6182211274269519,188
73820000,ar1,zero_shot,CAMELS-BR,0.5138363217451811,0.6047074444468867,18.770019675587665,6.845796216231604,10.107940703104482,-0.03176805760974184,0.7224551846000767,74.46983435089764,140.94862016834392,1.4341634122128286,0.9933993429462309,188
73850000,ar1,zero_shot,CAMELS-BR,0.4985013276675241,0.47827944869122585,388.54512624036147,110.29691478410524,-12.550076141854184,-0.010181624685434938,0.5559304694982327,1663.4617782340185,2462.566588163895,0.9165894586042208,0.731626748475288,188
73900000,ar1,zero_shot,CAMELS-BR,0.7540589418140968,0.8210271518392298,8.317115371202028,4.510530528365947,13.45702692385808,-0.017914810151583475,0.8603689225598146,31.61925252337158,16.972255016352946,0.8881500272001813,0.6738741401618366,188
73960000,ar1,zero_shot,CAMELS-BR,0.697178184171531,0.5793516919825897,239.6320750090355,77.84887350277742,-10.756624570652944,-0.005735106842601166,0.5956643270034554,1005.1670393917278,1615.8738879310401,0.762891394033879,0.5494549076797755,188
73970000,ar1,zero_shot,CAMELS-BR,0.6470462881697517,0.7494620702145535,124.35911610911882,57.16566975495597,3.1684752197546473,-0.0025187243746581135,0.8376049640728045,476.9780782309131,924.5062407192786,0.7152596535213003,0.5849993669842374,188
74040080,ar1,zero_shot,CAMELS-BR,0.5961755767934808,0.5691262376466968,1018.8127509188375,350.234470994099,-3.0147157685849004,-0.0010754749879855613,0.6062524262273432,4234.842998470762,9125.779891371485,0.44397772427570964,0.33751353840005327,188
74100000,ar1,zero_shot,CAMELS-BR,0.6789309469504561,0.5795302739064379,1511.9742332452245,541.6271946642071,-12.099853838184838,-0.0052971756943668916,0.6014770548439237,6269.087107475988,10300.123380791021,0.62420561485889,0.4150539223993516,188
74205000,ar1,zero_shot,CAMELS-BR,0.21177249103956763,0.1841709548797058,30.700716742054144,7.883667531326074,-16.456478837582793,-0.01201449374854896,0.3781483258316941,133.7725508385824,269.3161048935967,0.9465997398340176,0.575530902822485,179
74210000,ar1,zero_shot,CAMELS-BR,0.5993465700311222,0.6020298441422046,109.6086098715586,47.509349428414765,-10.519582000316229,-0.00856577810420468,0.6623293605946221,414.58786473415245,299.7476294175275,0.7206216241953619,0.48564031895489124,166
74270000,ar1,zero_shot,CAMELS-BR,0.6413245299732702,0.6074525208656794,243.2186587597771,79.29208045621513,-9.697963749105634,-0.007749029863366626,0.6495155234671482,970.2161776648237,1810.9232010963894,0.9200437143226124,0.6963037128233265,188
74295000,ar1,zero_shot,CAMELS-BR,0.7645789315682638,0.7908808772644718,8.36220644339603,4.189767183103272,15.124350012137949,-0.03140838585411393,0.8291242191371828,28.179983288342918,30.70400653401289,1.1239556640116404,0.8318209940810037,188
74300000,ar1,zero_shot,CAMELS-BR,0.48498384194136446,0.5372969062843085,55.050679777534604,20.368884516183297,12.790655390188308,0.03474078445662631,0.6492111335824463,226.12129104921843,313.46779070914187,1.604305850760224,1.04319170742458,188
74310000,ar1,zero_shot,CAMELS-BR,0.5671897677500451,0.7122711285039169,58.351312970824345,27.034793816924747,1.4418334787390863,-0.010494756281985741,0.8438597483122157,208.58011436361429,289.97562467259206,0.9206439935219587,0.737694367643021,162
74320000,ar1,zero_shot,CAMELS-BR,0.6387882492785698,0.6425148710198123,20.495795324840515,9.554763650336064,29.278884387026125,-0.018202616869416183,0.6691441837558001,81.55699330734376,128.82413992434607,1.0693357638484091,0.8105694323783263,184
74329000,ar1,zero_shot,CAMELS-BR,0.49493796005300517,0.49138542095610926,2068.8506971348475,633.5916854868544,-13.455861394334786,-0.0021666343408676438,0.5709729579601551,8680.830347056839,17333.84724241491,0.5733951118312087,0.3856217504517581,188
74345000,ar1,zero_shot,CAMELS-BR,0.8513680368599157,0.900715225526809,9.73471570599491,3.683331746321789,-0.9976982202713833,-0.001501240260118164,0.9356985838128316,39.49875551578048,15.895125052703092,0.4772322505240895,0.431736472225546,188
74370000,ar1,zero_shot,CAMELS-BR,0.6418170433731702,0.8065553843770228,49.25025167873064,19.25622933093857,4.470548369475074,-0.006009023250889638,0.8829189944072307,157.51187367732135,214.58406683557206,0.5742552694238368,0.5541891118946791,188
74400000,ar1,zero_shot,CAMELS-BR,0.5195174063108963,0.5453473202027923,7.2400030522996985,3.535167966698717,13.623642429093586,-0.01868473321295972,0.6332217253560435,27.816964635335243,55.90119377827925,0.9322108316493427,0.5649737316670189,188
74420000,ar1,zero_shot,CAMELS-BR,0.4987750130913089,0.6400427720830298,13.801216229243332,5.614977307506596,10.596240216341435,-0.01467287321026867,0.7805055543486388,53.31904291060777,91.21894720622018,1.1025743138120727,0.8702159099123997,188
74422000,ar1,zero_shot,CAMELS-BR,0.5332990638409849,0.667499110524852,17.552660633016067,9.174104020498056,23.784746524815436,-0.024906938829575495,0.7223906346657554,51.40627705155613,48.216257119328205,0.8771749629235274,0.7251613349146785,188
74424500,ar1,zero_shot,CAMELS-BR,0.37313171853921545,0.3667302533764215,132.72467213123628,41.160063406024655,-18.556245321693016,-0.027487967688996282,0.48828519704509876,568.6911968459567,816.4419028088801,1.2318037001613664,0.7714306412151974,188
74460000,ar1,zero_shot,CAMELS-BR,0.9577250109863413,0.978344289690475,3.273061736418693,1.518559745375232,0.28232807822538925,-0.0024854058314321935,0.9949730193836369,4.263315778720755,7.214919894905401,0.2939372424005131,0.31881123077361867,188
74462000,ar1,zero_shot,CAMELS-BR,0.9518790534173192,0.9634531419884621,2.904060533834187,1.688944443566255,0.2436976291749347,-0.00043799698814490397,0.972707566684702,2.3058505159559504,2.013273095498536,0.37990508183472316,0.34267054481590714,188
74463000,ar1,zero_shot,CAMELS-BR,0.886946608252216,0.8891174369550275,9.16101729607212,3.1167538299550306,-0.16955956315408183,-0.0029483135501113863,0.9049397105424641,36.43582930311103,76.95769945489674,0.3846180408768046,0.3484702327776036,188
74465000,ar1,zero_shot,CAMELS-BR,0.9561697230917798,0.9540613953234207,7.473865577549494,4.416831518198377,3.2591725084955545,-0.0009275471723939731,0.9586888275523979,22.99883747635076,4.329844135796393,0.43802247129604927,0.39519692700525555,188
74467000,ar1,zero_shot,CAMELS-BR,0.8438017791725235,0.9212943554652209,20.086704470040296,7.644139385226248,-0.4867934398869788,-0.004316338529124292,0.9800612249699945,75.10157794228188,125.93036657278424,0.49680148767873256,0.497287216829828,186
74470000,ar1,zero_shot,CAMELS-BR,0.8530463461518996,0.8830204768974468,22.399595884228788,11.97365050771627,1.6760210472197334,-0.01565483389500763,0.910765971074078,59.29418134035554,40.86186384595175,0.5299332277007971,0.4710883301785595,188
74500000,ar1,zero_shot,CAMELS-BR,0.6690745430231141,0.6768206433394266,1529.9240774490484,556.2505492886661,-9.786083437386472,-0.0016176954400555672,0.7261647434313954,6270.970283233216,11756.566828727005,0.5162066324384621,0.42178301149178454,188
74600000,ar1,zero_shot,CAMELS-BR,0.7565289125672606,0.7903010723445084,36.97528601809909,20.67833436214955,3.5587307262770365,-0.0022718888740987896,0.8346296182113307,120.57545866286196,185.95246084092466,0.7285286913569411,0.5837355726504972,188
74610000,ar1,zero_shot,CAMELS-BR,0.40778708983737877,0.7054092077936877,82.16033773993094,27.96549158072987,1.7533797865750755,-0.0073321637632143034,0.9686263618646931,312.1396211810639,522.579062272491,0.8024338668996773,0.6893880910437974,188
74700000,ar1,zero_shot,CAMELS-BR,0.9284246031498086,0.9465492857624996,20.786803694934783,8.14902492102225,1.415118172297616,-0.010157112679212342,0.9604105145774781,48.2115864524708,17.51552648149458,0.7094590240022253,0.6699777459720928,180
74720000,ar1,zero_shot,CAMELS-BR,0.6944429739292846,0.7755842494336846,1653.6069849394034,657.3924178449683,-9.944043605429217,-0.0005577564752441075,0.8435271436700993,6094.954752038475,10119.177973057933,0.5416574509464341,0.5350861271121385,181
74750000,ar1,zero_shot,CAMELS-BR,0.24631665256249924,0.2340488509191364,19.539866903047663,6.1509604905360105,-20.497381570491715,-0.009216875466998772,0.406323699556163,81.32259699889838,162.56794041641797,0.9069353547022713,0.5516998501855135,184
74800000,ar1,zero_shot,CAMELS-BR,0.8109438454168219,0.8744886203052856,1247.3960789445896,632.484237866113,-8.285639414997853,-0.009128861449807606,0.9141103865346778,4033.9474977200393,6126.545396894624,0.5050018563147404,0.5690088285352161,188
74880000,ar1,zero_shot,CAMELS-BR,0.7571479889539067,0.8049527798240781,18.25327587341906,7.62979352753933,-4.266512806242513,-0.006506713716141206,0.8538857957178614,62.427562782225074,63.43732648987101,0.6743617182187848,0.5903690240592911,188
74900000,ar1,zero_shot,CAMELS-BR,0.7364832968247397,0.8249466735000204,33.932785715264856,13.021441016132938,-2.882125117495274,-0.009390484922628766,0.8954487544055985,131.68043308159545,221.15540487189799,0.8387326198884199,0.7346067392280228,184
75155000,ar1,zero_shot,CAMELS-BR,0.7921734179166913,0.8814906237106541,44.20552141134193,16.590111503077264,-5.606333506768734,-0.002258940794581315,0.9325323882565825,168.71706081875797,226.72432821308178,0.5783160916908344,0.5301277702066103,184
75181000,ar1,zero_shot,CAMELS-BR,0.7133820975631354,0.6855582068482435,68.72606143516053,21.59437231111234,-11.031319046465502,-0.003980246354827577,0.7211786660701156,266.50202768836823,471.2017022418455,0.6171094332713118,0.5106158132907411,188
75185000,ar1,zero_shot,CAMELS-BR,0.8057889093923595,0.7153687259938494,5.605961758232196,3.0429095562744193,-0.10687443910178399,-0.002975663512000829,0.7274976442967299,18.6027768011267,20.13627673774764,0.45530125230988433,0.3442150781274275,171
75186000,ar1,zero_shot,CAMELS-BR,0.8562012755719635,0.7777506491457153,10.79132653930826,3.5352966802365393,-13.317170895042114,-0.0019778252797699805,0.7876978784154705,42.78254582405538,24.80651661581773,0.9301961765929444,0.8642203532128777,188
75200000,ar1,zero_shot,CAMELS-BR,0.6147768020876567,0.8061295641293194,23.999353947823572,8.939249386683082,-4.640382058570521,-0.006815858049067154,0.9156953598581402,96.11159844184616,152.22463116816797,0.6320591422402717,0.6291259712021076,180
75205000,ar1,zero_shot,CAMELS-BR,0.7096256588853656,0.6808976512702305,23.07898879368996,10.672741266281612,-2.008175208898804,-0.005729195384799426,0.7163477384673831,87.22936458681896,146.82293431725347,0.6026895198852935,0.46809832523444045,188
75230000,ar1,zero_shot,CAMELS-BR,0.8638409709103988,0.9105675763245554,90.31176814091222,34.1855840336558,-3.3950805611445913,-0.00034279148452471056,0.9394933105915498,322.73504408573325,498.5001722686867,0.564939806788729,0.5174670460161815,188
75240000,ar1,zero_shot,CAMELS-BR,0.8520959328101998,0.8300888290665525,0.42857070010887,0.3056193194682656,0.7685793331954113,0.00027448160906706244,0.8464522305591793,0.7669264817868375,0.6865394653764421,0.41678752570815203,0.31426695638351215,65
75270000,ar1,zero_shot,CAMELS-BR,0.6640803980845604,0.8263740706411039,12.451899778178193,5.737197910789166,1.058298327862115,-0.004204469759953658,0.9449474643297275,41.39587306758138,47.52455858301491,0.6619646462857345,0.623434437487611,136
75285000,ar1,zero_shot,CAMELS-BR,0.6349568305796065,0.658697937518341,27.98616473903152,11.521754751466979,-6.243429289475221,-0.002768036308149386,0.7219149930122568,109.21029617036426,195.52276641497227,0.7071755965250206,0.5253266986834046,158
75290000,ar1,zero_shot,CAMELS-BR,0.8382438116818867,0.832539779320706,29.994524986831525,11.323490598739323,-2.2937456417724746,-0.002928738784562894,0.8527483925892144,123.56948239357405,125.76137757430094,0.5236539047558684,0.47701955607573626,188
75295000,ar1,zero_shot,CAMELS-BR,0.7756725771742569,0.7497276751561959,62.63749396383363,21.304071657438122,-7.390620418120925,-0.003722128126683495,0.7759825323931174,246.33476125875492,331.264673058335,0.8008862692046165,0.632088820816503,188
75300000,ar1,zero_shot,CAMELS-BR,0.9203861013276777,0.9344789305424579,55.732239011547385,32.336490318865195,1.5056402402181337,-0.0060933750138543515,0.9483427316925727,152.42150961675597,176.59463291059038,0.6620546949275768,0.6207444374871229,188
75320000,ar1,zero_shot,CAMELS-BR,0.9029708235812962,0.9282644554601436,75.84178512698014,31.17186368142517,-1.2237114150674544,-0.0006101558175407133,0.947702507584834,291.1180077432582,50.9331052389478,0.5949563859102865,0.5789571373773332,188
75325000,ar1,zero_shot,CAMELS-BR,0.9200289032910065,0.902906134438888,73.26981991259649,41.24194990066431,-0.8256296612511312,-0.000768052238438531,0.9112552091771419,204.5984506161825,231.00534756153158,0.5568088259509304,0.5354212528714941,188
75350000,ar1,zero_shot,CAMELS-BR,0.9445828737881882,0.9560144578682284,95.51813280428016,57.69928930559793,3.1695031568009178,-0.0025025471230372687,0.9649626011954396,241.67668053274633,385.21535672308124,0.6546910940129486,0.6324388879033682,188
75400000,ar1,zero_shot,CAMELS-BR,0.6264321572884803,0.6216998804030545,38.35740341845505,13.340898492059802,-2.8345189979461956,-0.014541069340008619,0.6763163337151756,163.6033761886924,280.3354468004849,0.9926388091690399,0.7671689961432326,179
75430000,ar1,zero_shot,CAMELS-BR,0.2708155820883884,0.3260173214391484,17.172925535710554,7.888064788877377,5.406331408762329,-0.009993740533828123,0.5239345916502808,69.68041330582193,120.36691859314011,0.7445649299127214,0.4074637722971984,188
75450000,ar1,zero_shot,CAMELS-BR,0.8121634637085333,0.8665113988753432,59.51893026597426,24.770241784315445,8.481692591717993,-0.006144456494603122,0.8977466183840438,219.45777014382944,283.520921694349,0.9315219496424736,0.8643217137785394,179
75500000,ar1,zero_shot,CAMELS-BR,0.8490997146043733,0.9210459121364764,76.1734158686236,32.60994463138547,1.556523262101174,-0.003850397247267153,0.979589186716302,191.90007348122253,74.80277385039449,0.8053443068439882,0.8019008019717649,184
75550000,ar1,zero_shot,CAMELS-BR,0.9440665127473251,0.9564154704886639,878.850254262884,489.24086002874515,2.361333258112151,-0.00552882357913435,0.9651920638229365,2764.9173366935356,3071.435396334701,0.521615310472952,0.5531417018189928,188
75600000,ar1,zero_shot,CAMELS-BR,0.2522553413442947,0.3123252038273948,38.42059860458913,13.470324459652346,-26.664048869038155,-0.022365051247438657,0.5003838992320901,152.2465709357877,178.8143037493289,1.2694739699289146,0.8220527078756179,188
75650000,ar1,zero_shot,CAMELS-BR,0.44761977906967443,0.49530910750265345,93.80663736421113,33.20140926550354,-15.229300609226675,-0.031096340964033492,0.6163006806659304,370.4354943193492,425.1368596879168,1.3690419605260657,1.0007446893075091,188
75700000,ar1,zero_shot,CAMELS-BR,0.8930167389098502,0.9464968709552597,90.26354811814223,36.5745767415648,-0.29328580171364405,-0.017442094210174716,0.9843582053369964,320.30785143702605,249.99228804335675,1.1617776963369635,1.109659807305997,184
75780000,ar1,zero_shot,CAMELS-BR,0.9671198886337091,0.953100496952682,860.6055359919425,477.89117637300143,4.185386190483933,-0.002826094905892508,0.955408679172229,2464.7049932875084,1722.0106159647066,0.5524354492533952,0.5672750924432534,188
75830000,ar1,zero_shot,CAMELS-BR,0.7205052132167655,0.8135015885821729,3.7206263308171854,1.8771336140213712,5.608693897360099,-0.010088945888193679,0.8844245927010601,10.537653414852807,9.00689687562103,1.1804566658482691,0.9307530533114909,188
75881900,ar1,zero_shot,CAMELS-BR,0.7868078845919336,0.8560701771092915,32.84672890673443,15.864309569102122,0.11243646539208614,-0.003115714231501471,0.91019939687314,116.8973918678116,37.82361847087471,0.7181470199770432,0.6538887836265946,188
75900000,ar1,zero_shot,CAMELS-BR,0.9854127089691673,0.9852835345503107,457.7593561874326,268.5831804270379,0.923350190811268,-0.0005741102122225686,0.9871353044489078,1247.3907842645401,1795.9431190959817,0.41758649545786536,0.40914674331273365,188
76077000,ar1,zero_shot,CAMELS-BR,0.3010455733878573,0.46673125890150113,46.849906866977655,19.26865742031581,-2.5153274089027695,-0.022345624388529103,0.6916632011142685,190.91777518150445,340.8889706469109,1.0404085546028072,0.5298096300642086,188
76081000,ar1,zero_shot,CAMELS-BR,0.5477568657699883,0.5338906145376004,30.20287784360974,10.54576166297073,-10.867936722677356,-0.016753271609348155,0.6028433919521972,123.8576519970045,199.08680815215249,1.1615537749977656,0.7320498951009756,141
76085000,ar1,zero_shot,CAMELS-BR,0.542471351830456,0.5060267726134834,48.97435511550742,23.163639458967825,0.5078154771524034,-0.01985522063733666,0.5669314285734278,188.2158316460731,191.35761210238064,0.9921623772522485,0.5335522993764608,188
76100000,ar1,zero_shot,CAMELS-BR,0.6252255273925527,0.7596242706157421,106.63664090751257,33.64249692193632,-10.103480757257264,-0.019686500290499447,0.8356198732346651,441.4089753854494,788.4754371526801,1.0711547063215445,0.8805337179576738,184
76120000,ar1,zero_shot,CAMELS-BR,0.7994474459078432,0.8824386799988635,58.06629846517507,25.936749189381384,5.399380344830173,-0.009040215482743051,0.9405873228662206,208.30972369709056,385.31178151365236,0.9136929634194371,0.852341058704992,188
76251000,ar1,zero_shot,CAMELS-BR,0.920661999633153,0.9074977979533054,13.827133677186454,6.5088241079464595,6.428536768444006,-0.008042141526681805,0.9144066933856559,42.89269354881743,55.1039777233841,0.9673398616257443,0.9784289028144788,188
76260000,ar1,zero_shot,CAMELS-BR,0.20352704588867598,0.21507608590090155,43.62878900920329,13.147660310003925,-10.677813771197393,-0.021759030460278682,0.4372065216627684,181.4820699012342,347.4530570506494,1.3592510139928182,0.6994581025559397,162
76300000,ar1,zero_shot,CAMELS-BR,0.9468417511354151,0.9569226672756906,42.1338740382102,19.695948479292223,0.7309331106362139,-0.0008233860760781322,0.9658612606901921,101.59225387800836,91.56946832741092,0.948213477996094,0.8615555947401983,188
76310000,ar1,zero_shot,CAMELS-BR,0.9571514817199053,0.9666077964655886,70.40969887839971,31.572078105955747,1.3107076434310467,-0.0013986445923473492,0.9730615566357763,246.87400339835844,127.25410863609677,0.7451850946653401,0.7782037115450261,188
76360001,ar1,zero_shot,CAMELS-BR,0.8537892424921343,0.9079809504358773,20.63525566516714,10.628381096946578,-1.8710639380201175,-0.008606117894695786,0.9472526976301882,57.327996633432434,74.35707750262931,0.8951606520124225,0.8527297802462123,168
76380000,ar1,zero_shot,CAMELS-BR,0.6945352000411463,0.7772218869933387,27.392559826847094,13.124477100083165,-8.226623434896267,-0.0158731707185195,0.8488025963024911,76.5994815837658,51.83477391539826,0.9408397196024801,0.847463120720436,187
76395000,ar1,zero_shot,CAMELS-BR,0.8519574353780192,0.8261952666740329,4.550155356835312,2.0340984099894643,-4.093258936827594,-0.0017442051042282775,0.8421667167859918,16.635153628135892,27.446589332830694,0.8015233999592735,0.7092310036995383,171
76431000,ar1,zero_shot,CAMELS-BR,0.5183858951712127,0.5383144919566547,72.66403826384915,29.940057024780625,-5.757491540972062,-0.015061652092940438,0.6272278546301202,289.35965751113605,593.0139279358037,0.9179883722462077,0.660487288499467,97
76440000,ar1,zero_shot,CAMELS-BR,0.3557720109831194,0.6788497209383815,119.34096987100386,36.20698126172555,-9.700217636665991,-0.021621479591291577,0.7512385839622755,497.496560781633,823.4824924454919,1.116370779909177,0.9604317865199534,182
76460000,ar1,zero_shot,CAMELS-BR,0.4273570257272836,0.5771569620929766,58.53602737910151,19.33178744718073,-4.961534800539362,-0.015747139360642037,0.7437846841678594,243.72258407118193,461.6707319179115,1.192046445881079,0.8080243971756343,173
76490000,ar1,zero_shot,CAMELS-BR,0.7605652353318897,0.7917119243769097,139.58294966385955,54.44053199032687,-4.270082396254463,-0.0034652616335007526,0.8336759164349347,546.2286023981055,1049.7505064717018,0.7518818625731043,0.6887414686292944,158
76500000,ar1,zero_shot,CAMELS-BR,0.962158114501784,0.9794591694501054,145.24829242731965,67.38731625489694,0.19406457377343925,-0.003884948131765563,0.9919809802522985,329.91411447590417,396.14444389456065,0.6426534334375097,0.6283057571556578,184
76550000,ar1,zero_shot,CAMELS-BR,0.4392086415674612,0.6432227914661028,6.46285726508507,2.7147178221462838,-0.5995490633270705,0.0010187901839808448,0.837526797000918,26.22739463258814,41.15551155177299,0.40972073372296286,0.3216867580498564,166
76560000,ar1,zero_shot,CAMELS-BR,0.9713588902271606,0.9670890096162993,136.95440074317918,71.56259594554423,1.2528168561763813,-0.004174264441163221,0.9697131955956508,389.5710959982432,595.6034714766697,0.5810094684091818,0.5970767618811469,188
76600000,ar1,zero_shot,CAMELS-BR,0.976733767097926,0.9875133619542106,117.58281440710134,64.05270009314414,0.45044097104561004,-0.0004938470540002855,0.9938240320350543,324.1749351854785,412.0565924918953,0.5202319633686054,0.5206926373452825,183
76630000,ar1,zero_shot,CAMELS-BR,0.7488220414329859,0.8496777790755535,22.09735261473944,11.728463888208882,8.669548597546239,-0.00934419380518649,0.9084092360975224,68.53056440611599,100.46953161239897,0.8478146727975688,0.7865335091442689,184
76650000,ar1,zero_shot,CAMELS-BR,0.8550122202183142,0.9271827689285533,27.270784880647557,11.343857167373878,-0.01416799246451868,-0.0013574956301022761,0.9835092418669727,82.93920675082586,138.01713969962577,0.632914615281814,0.6485733723731067,177
76700000,ar1,zero_shot,CAMELS-BR,0.8991170362344473,0.9404077907611461,38.51145209831475,19.860105065286625,1.433984729635706,-0.010783714657283228,0.969200859320551,73.78554019952313,29.226776558561387,0.9455255820723164,0.9108997603138437,162
76742000,ar1,zero_shot,CAMELS-BR,0.7070757260474834,0.581656438365387,28.6666250193094,8.358479536752716,-12.58644143446304,-0.004794754231043585,0.5970899514153017,121.18091630479614,239.84825982813786,1.127042362134879,0.8957011846134633,188
76750000,ar1,zero_shot,CAMELS-BR,0.9147466036519228,0.9437795735538235,60.234699840659886,24.869162290468335,1.7250115232588266,-0.005803668726354294,0.9637852922979677,199.47423898805113,85.87260971614819,1.061644130489787,1.0092866358161008,188
76800000,ar1,zero_shot,CAMELS-BR,0.9776987198827947,0.9867959953114787,172.15052725037214,88.59076086510446,0.09528084250549976,-0.0026013599107936117,0.9925352491176779,265.13911678618206,146.77639282875376,0.5811927614432997,0.5675673791800985,188
77150000,ar1,zero_shot,CAMELS-BR,0.9870840195622412,0.9871895107187695,543.5214179079924,338.73037517253033,0.9666863726971322,-0.001432870004625622,0.9888241766687427,814.7587678528483,1277.5651343402621,0.4050756039669749,0.4054098907863179,188
77500000,ar1,zero_shot,CAMELS-BR,0.668849602966842,0.678589030483871,130.27281999362023,35.89390886519045,-1.335718986308816,-0.018529839065014934,0.727822708224823,555.8160098397583,1062.690982680186,1.3524432373609943,1.2288035193277052,188
77585000,ar1,zero_shot,CAMELS-BR,0.874555074673677,0.9075778933879588,131.5693264940543,52.734862396619285,-0.3771916553379985,-0.016435194823772432,0.9338357518383433,411.4735233775366,553.7478593145864,1.1611121615958384,1.186201150805715,173
79200000,ar1,zero_shot,CAMELS-BR,0.4876163992980238,0.6813601688214326,12.694957141357277,4.31632972407384,19.844205787200757,-0.01182881935232582,0.7641471831634902,53.41189111433031,73.88116228900283,1.2476311600673198,0.9699581394871698,157
79400000,ar1,zero_shot,CAMELS-BR,0.7226374468191874,0.6878655358844714,19.197356049966558,6.395978963660571,-9.286407212207493,-0.01297745410991714,0.7209467113845898,73.87422439733217,119.41485211605251,1.2528744364163484,1.1563811425850403,166
80010000,ar1,zero_shot,CAMELS-BR,0.515465861955333,0.597647435176639,2.45100230622258,1.5213431959313959,18.864929266443124,-0.006447400581292827,0.6917082683868122,8.080430681938761,16.61138318864097,0.5621174636308581,0.320766883292773,92
80100000,ar1,zero_shot,CAMELS-BR,0.23059987745926103,0.16241899462945497,5.198785157757617,3.0689723601167467,-1.3730200689596022,-0.01112821437864752,0.3065194568204619,18.824979999911644,31.56386054105156,0.7154611459743327,0.1966624889651003,149
80130000,ar1,zero_shot,CAMELS-BR,0.04193669148059498,0.32272389389757716,1.7231576174446313,0.9038275328339239,-0.9246120529847192,-0.0066744615993209605,0.7127814397667516,5.516102912892757,9.568720605646444,0.3410338508942223,0.2083238838143612,157
80200000,ar1,zero_shot,CAMELS-BR,0.18561081763051912,0.10368367492126995,1.2805576696076792,0.31610855089840684,0.9379628418800866,-0.005234821330585176,0.25103966283941326,5.495858937559583,11.54884082378346,0.5829041524864452,0.2598095245737903,171
80280000,ar1,zero_shot,CAMELS-BR,0.07254910519416446,-0.07383666568635872,3.9766680232877825,1.253293196425457,-5.126621230975912,-0.011616130412725354,0.1881878584992298,17.14518491610653,35.192164432464885,0.6556000026772388,0.203825943837531,178
80320000,ar1,zero_shot,CAMELS-BR,0.08432601575456267,0.0017690690816763999,4.992417995505575,1.971429596221634,-7.445292972075605,-0.01688249286958675,0.27927268357675217,20.303450196064425,42.66120306922186,0.8818604115847322,0.3694201966461255,92
80360000,ar1,zero_shot,CAMELS-BR,0.18314174901029856,0.37340999486953763,5.813796736056033,4.302124402257774,55.97799138196929,-0.011447049068303957,0.42831820072865745,14.415095979879409,13.81665313044229,0.6909805727024358,0.35219501696095606,60
80410000,ar1,zero_shot,CAMELS-BR,0.12190432899178827,0.0075316153296701716,4.429288479777736,1.6860819144936856,12.311461032399711,-0.004633795100348681,0.17720905592336533,18.14254885001508,35.54510666386764,0.7707169571500265,0.21748110873593546,148
80450000,ar1,zero_shot,CAMELS-BR,0.20208843374141439,0.552996061173902,1.1455497432213007,0.7960014000761171,21.100105982723214,-0.006083936232641314,0.7766355703182204,3.1771628730488146,3.1771628730488146,0.6529699332204363,0.455029807955827,38
80800000,ar1,zero_shot,CAMELS-BR,0.032343869942846215,-0.12527277117122337,10.653051500515321,2.9297001835863474,-13.725121862609631,-0.006099056667952109,0.18481905811261212,46.49318781898781,96.97193269234958,0.8679694641797507,0.3629257063211707,179
80850000,ar1,zero_shot,CAMELS-BR,0.235124276781704,0.228271361710904,9.276226137066288,2.9251525777943206,-1.0798086482872138,-0.00486397848065638,0.4000917796377399,37.83906683943232,79.69863798848425,0.7776937904248181,0.5120833059002156,183
80860000,ar1,zero_shot,CAMELS-BR,0.20485356553916634,0.2441612077316846,14.87193473921981,6.263383546121204,3.2551304440357027,-0.007864151429949158,0.47552445919644715,60.30611641653295,115.83467565382084,0.676164657368029,0.3672058917668483,185
80870000,ar1,zero_shot,CAMELS-BR,0.9005830423862127,0.9410104333830286,1.6331815059942096,0.9161429109543012,-0.1436104048052569,-0.002358139300904765,0.9688323463305499,4.76967126270267,6.5318210987590035,0.45115681458169055,0.4490314411466053,159
81019300,ar1,zero_shot,CAMELS-BR,0.3804707738351426,0.5936574236702261,2.1645148863899983,0.9254695268266357,12.570739767376374,-0.0032343265991870377,0.786629470692121,8.938454421954349,17.832241563188898,0.4535469503362089,0.2764461382153572,172
81019350,ar1,zero_shot,CAMELS-BR,0.6398353108319996,0.5781870187110276,5.659149163317019,2.112054415779803,-7.920974530970092,-0.0004584170520305769,0.6134685451808144,22.954890701610804,46.66514229477961,0.5162249729481487,0.358132001625629,188
81019550,ar1,zero_shot,CAMELS-BR,0.7459588510134351,0.771428724759577,0.40633858464028244,0.228091341103312,12.096373224286896,-0.005010319267341697,0.7853717013117018,1.4905745635002154,1.5804313688791598,0.3591427097500352,0.3363666078085919,188
81020000,ar1,zero_shot,CAMELS-BR,0.0187815901819528,-0.20495392264296064,9.609667127269454,2.3481515799792927,-33.02151647324201,-0.010296914009306275,0.053189572895364856,41.78259559484361,58.49402846094587,0.8940809968847354,0.1706282158557116,38
81021000,ar1,zero_shot,CAMELS-BR,0.5232525741061895,0.44227742019816596,0.2587891620098672,0.16192765242189994,5.467176027434184,-0.005531485134196602,0.4713220497988445,0.7783902998808142,1.030081082844954,0.652605459057072,0.38111839815403953,27
81030000,ar1,zero_shot,CAMELS-BR,0.6963535599894309,0.7276656394837745,0.6236777232339085,0.44640553755161533,0.6624739206093814,-0.0014225154246420985,0.7821199020314982,1.5047076395007577,2.36321732582561,0.3499091245592755,0.24815555842047238,179
81050000,ar1,zero_shot,CAMELS-BR,0.69011135690406,0.692502887860831,0.20706068293853153,0.12330986199814499,-1.1890874701069514,-0.0016010352386245097,0.7386813282849493,0.6548139817921377,0.6213511117130112,0.16335924956300965,0.09885573368310353,147
81060000,ar1,zero_shot,CAMELS-BR,0.8338111515928532,0.8211452423377965,0.5337650321826294,0.33737572776345004,4.647692274993985,-0.0044312710012090264,0.8396288624959429,1.532170216015308,1.3739987894952579,0.2918605501011037,0.22433946527015164,184
81080000,ar1,zero_shot,CAMELS-BR,0.5411053506440402,0.7609889993627923,8.397192429565274,4.156672475035117,10.162634909512182,0.0011773296266864765,0.8943012402239672,32.30794016046849,59.49312538581212,0.33841675460475823,0.27494355581886687,188
81100000,ar1,zero_shot,CAMELS-BR,0.6031822308291492,0.7996380691100877,3.6786639906346226,2.3131296126527032,9.100823185977744,0.0004796100511973069,0.9051251064675296,11.619300609986496,22.926018292582093,0.22173499829369694,0.16868573275187843,188
81102000,ar1,zero_shot,CAMELS-BR,0.6599650568506521,0.6574504782416939,12.934706487152287,4.330068985401255,-4.300661335773578,0.00039561677083694603,0.7066071384137185,53.033510681349874,95.59979830134573,0.4750506916482194,0.38309653989834874,188
81107000,ar1,zero_shot,CAMELS-BR,0.7383229199074164,0.7967805582299726,16.710388224160603,7.663446457013416,-4.064606372966034,-0.0006947387651220927,0.8504478465442604,56.41502198556982,17.95447046209674,0.42318290091784594,0.31578945473804304,188
81120000,ar1,zero_shot,CAMELS-BR,0.5257735177707448,0.647924496556695,2.579265992538338,1.2200628367992699,-7.03223778995413,-0.003885287099084967,0.7686745055753784,9.341823407929407,14.464829784241294,0.436371694264363,0.29255717989944324,188
81125000,ar1,zero_shot,CAMELS-BR,0.4107212204142182,0.46808254489891354,3.7399739822289395,1.4258150488194992,-7.3200862902189066,0.000879363846109666,0.5884314921920129,14.793550913933238,29.473095330416207,0.3237860883566059,0.2089866537998381,188
81135000,ar1,zero_shot,CAMELS-BR,0.7706275604215224,0.8619940388443681,25.709615752752374,11.979605922328709,-5.162213104760723,-0.0006325673051587617,0.9235514576652754,83.40548766580893,55.33619892200389,0.4710643563510116,0.365781611308746,188
81139500,ar1,zero_shot,CAMELS-BR,0.28247138456147836,0.36832462717970715,2.6987162907079645,1.1358746668603361,-5.893252705818939,-0.005810215533869238,0.5691547663346546,10.740493398736646,17.969170045385162,0.5101328685214239,0.2803212055203971,188
81140000,ar1,zero_shot,CAMELS-BR,0.19810266458588277,0.33626042139184853,4.288374370891174,1.6562985248450408,2.5886511400633467,-0.005125562680189115,0.5922633370593003,16.29129818360356,36.41907233533791,0.34965641201838144,0.24790126202384888,188
81160000,ar1,zero_shot,CAMELS-BR,0.057452119982366656,-0.005380538749597985,6.632067054545915,2.041984446108215,-9.341624180702736,-0.00404790825184598,0.3021269371704195,28.020387092698858,55.09140742181272,0.5116980754848856,0.2417660154226312,188
81167000,ar1,zero_shot,CAMELS-BR,0.6785297472796923,0.6524666283120472,0.9322678415923087,0.5569340139744351,0.4701174376810584,-0.0011021365695443302,0.6925096332807481,3.0820351944065947,4.041215508557033,0.33975267936882025,0.2359005842779832,121
81168000,ar1,zero_shot,CAMELS-BR,0.7759822114175086,0.7863734651257975,2.690608143947132,1.5920075994564737,1.162210988868233,-0.003540696504828531,0.8203821767983608,8.62488300153284,9.618554248207987,0.38034056635681107,0.351643411217371,147
81169550,ar1,zero_shot,CAMELS-BR,0.7063704005815854,0.8279472521758375,3.9973380525122884,2.295821007664007,7.274656340490323,-0.0033869732081268384,0.9131776162050664,13.928564145897889,14.100815568667313,0.5329045215125626,0.44512690079643497,143
81170000,ar1,zero_shot,CAMELS-BR,0.7079431427542371,0.6763066582967795,65.0179627939437,25.154892558155176,-4.256740421664321,-0.0017674338380787476,0.7083135976984021,256.53381542681274,428.08760612028306,0.41923548289802864,0.30705729841430013,188
81200000,ar1,zero_shot,CAMELS-BR,0.6326517630551247,0.7739030960851139,33.85606522625137,14.084954275961081,-0.7496823354300886,-0.0006407298976350666,0.8921966725129976,129.21603926821794,197.72148686221806,0.40714516935763656,0.37529924489291194,188
81205000,ar1,zero_shot,CAMELS-BR,0.5197957443857882,0.5556458130602253,78.09216508913906,33.825392556539185,-3.47929158511667,-0.0018179031503401683,0.6489767744272976,307.0516235763964,577.0877398188346,0.38160067994207475,0.27310145738515257,166
81210000,ar1,zero_shot,CAMELS-BR,0.3344625224283616,0.33726147294601927,2.214793862213388,0.9631627120605125,-0.7140656874149058,-0.0007363319683753268,0.4790358429901005,9.042791087584463,16.693802749388738,0.3842712947498366,0.16795793795218042,188
81290300,ar1,zero_shot,CAMELS-BR,0.8836620560184183,0.8943893137717469,0.10754009078997381,0.06551943562527968,3.5582312513604197,,0.9126051536654812,0.2545479307873483,0.08372037183956652,0.6110637970273924,0.4578961417666692,107
81290400,ar1,zero_shot,CAMELS-BR,0.5142718854713508,0.3802612340565833,0.053881975820994125,0.037585506609663685,55.49936381970582,,0.41993967706423185,0.14816165223538827,0.17031867135487064,0.9773242630385488,0.441779250904612,106
81290500,ar1,zero_shot,CAMELS-BR,0.027909647101757917,-0.12465677398488695,1.3719511148416796,0.3390031068004273,6.74187712185174,-0.004077465943283325,0.20878837213001022,5.985890724332907,12.234992372371345,1.0761002444987775,0.1517794708770664,178
81291000,ar1,zero_shot,CAMELS-BR,0.49411851784609495,0.5262614905040837,12.467454254833044,4.644830265536257,-16.427606306976063,0.008213635342340504,0.6246038547824193,48.2500464384484,81.34307619142928,1.106491089959207,0.7460755851257959,182
81298000,ar1,zero_shot,CAMELS-BR,0.7270168511981764,0.819992201431583,3.9590911874317087,2.7841512214267614,11.595190150696855,-0.0038109587199181647,0.8748457948633975,9.297328423898424,5.076596855505926,0.5028466581812521,0.44948827855069695,62
81300000,ar1,zero_shot,CAMELS-BR,0.7050222128399277,0.7495713506947426,6.414451568805336,3.759827884305209,0.7219129986467618,-0.006748545609888426,0.8056618645996927,20.41260606579461,32.25002719091691,0.47020477815699663,0.40051251903668167,188
81302000,ar1,zero_shot,CAMELS-BR,0.8047677748029854,0.8541624806425776,4.360812935944997,1.5560896551002354,9.7539994608798,,0.8792520310025963,12.788145357521215,25.38651113527244,0.34742220157919185,0.45956783961033404,188
81303001,ar1,zero_shot,CAMELS-BR,0.6475861352212384,0.5842516006613137,0.5731972509755321,0.5200191540452334,31.585987986666705,-0.0033951480707627695,0.5866007905316245,0.23418093106811888,0.23418093106811888,0.43381597558252066,0.2185438611724748,19
81312000,ar1,zero_shot,CAMELS-BR,0.6689471562326501,0.5192462182780393,6.886740024782864,1.7659515941094417,6.164300592650356,-0.0017491871010555243,0.519887756005403,29.3966948445587,58.49566622589497,0.4820567226729766,0.5382997794998746,155
81330000,ar1,zero_shot,CAMELS-BR,0.6323472854622301,0.8091950137481609,28.087756331884137,13.68514449423887,4.049362627956269,-0.0063239502661011715,0.8995538623323752,102.60027871564836,148.89413792498664,0.42123239042363425,0.4018916479392565,163
81335000,ar1,zero_shot,CAMELS-BR,0.906033578631566,0.9450115140803118,14.975373989824677,7.59990630758424,1.500136800652223,-0.0045990061457845555,0.9720018939603641,47.49218140855597,94.37915849205322,0.4962593829819095,0.4183495178100414,188
81345000,ar1,zero_shot,CAMELS-BR,0.22499267008108093,0.20733300816991873,3.663137071346573,1.2490164392190377,-9.215792541401177,-0.005588626329210692,0.3900868796686757,15.355747242150118,28.523704533278867,0.46950935357166634,0.225394624999441,188
81350000,ar1,zero_shot,CAMELS-BR,0.7784464706659266,0.8562865122540867,55.61901600315423,27.498574696449875,-0.5463987150146395,-0.001542841986734914,0.9164380810634417,173.3758144919348,262.3241867459394,0.39394382213203866,0.3500916991971821,167
81380000,ar1,zero_shot,CAMELS-BR,0.9120271282592768,0.953022757415248,29.74875336284071,16.926286781635007,1.597553572816227,-0.0011144144205603983,0.9821244593762783,37.425625707205214,39.918461506713236,0.3447815188190376,0.32147314929336934,110
81400000,ar1,zero_shot,CAMELS-BR,0.8015539394127097,0.8583328716689599,5.42983929620442,3.4403009375112457,-0.379981740168294,-0.004012926091428216,0.9044492529105675,8.94292237274122,10.899644559047665,0.5638695551654209,0.4932481261839305,188
81420000,ar1,zero_shot,CAMELS-BR,0.7405164637635797,0.7654168580676574,74.77370235967057,27.979793131474423,0.03348948892687135,0.0004751964642928045,0.808605360546745,305.51381008927603,584.3905182108224,0.2895493934106692,0.2609544029276865,176
81428000,ar1,zero_shot,CAMELS-BR,0.18262248330083808,0.14520130309106616,1.2676001909751045,0.7265140470916809,4.544517006334323,-0.005071269268888788,0.35528075937768433,4.771782455263103,7.8415887530089545,0.6775088553912035,0.22047072019909994,188
81429000,ar1,zero_shot,CAMELS-BR,0.6201017517085504,0.7570232194992883,6.666876094258571,3.427188206772418,2.594021832354649,-0.0030397616100684994,0.8731576452159004,22.969460158321233,31.109072800228958,0.4726575368319506,0.38566980628694264,188
81429500,ar1,zero_shot,CAMELS-BR,0.7263546627644677,0.6654832438808821,1.2634175456269496,0.6536135579317807,-4.144787539993766,-0.0036888582834567543,0.6905786809703858,4.478254992331242,7.325413970025474,0.34047053335781313,0.27147830293890024,172
81430500,ar1,zero_shot,CAMELS-BR,0.5359454694565403,0.5834292708056037,2.8078405548431546,1.6730296546310155,3.455790025621383,-0.002364564501591692,0.6780099125957397,8.804497818535522,9.114455346185146,0.5904208717053563,0.361850052368341,170
81440000,ar1,zero_shot,CAMELS-BR,0.4850259338534286,0.5988292526588008,3.827557143943819,1.9328818778609453,5.49272362587554,-0.0023365564538352663,0.7303710185547053,13.542704833690358,27.999052638819975,0.43385650538055825,0.3291807307041241,188
81450000,ar1,zero_shot,CAMELS-BR,0.7670370127248656,0.8589315266959398,0.90086731358675,0.4635794309831682,-0.29171401065492425,-0.0008052213964111002,0.9299787971657411,2.779296856724218,0.7506868579291384,0.2829988893186168,0.2576120076458593,188
81470000,ar1,zero_shot,CAMELS-BR,0.41443108605463996,0.6668747324414207,5.936710566955658,3.517668403806658,3.652619401572302,-0.0032743396909637665,0.8961126865672786,14.778640644435797,26.32873862764288,0.4656630769525048,0.3838185701123318,188
81470001,ar1,zero_shot,CAMELS-BR,0.3923877413413903,0.692165787716335,5.250828711159792,2.55649798641169,3.301540110877447,0.0011043325295815552,0.9627342959601446,17.70700558120957,21.06052270942713,0.3817144636883943,0.33050804464827616,103
81491100,ar1,zero_shot,CAMELS-BR,0.8450145856527983,0.8751172667734021,4.408601406196752,2.117868001824773,3.1771563649186287,-0.0015046366197326577,0.9015402011891692,16.309932350299672,28.155261889728045,0.2482715416886065,0.22642806495639997,186
81495200,ar1,zero_shot,CAMELS-BR,-1.7962707200518109,-0.23789254437709473,39.66343177614263,9.321344300107892,5.977041971125181,-0.003041156087958522,-0.20183767487764892,127.28844972447517,252.25063257364175,0.25339119867471077,0.2651865757381595,126
81496200,ar1,zero_shot,CAMELS-BR,0.9012154397594874,0.9468825910361389,4.408462060858829,2.4970796877487746,-0.2554619283368026,0.00011010757184080292,0.9796977399989524,6.614154760441838,6.184375766523654,0.19829556847391486,0.18502124268079348,130
81499085,ar1,zero_shot,CAMELS-BR,0.7037191239176108,0.7761145772028089,12.975295603261724,7.090131655300878,1.6437330296311545,-0.004658612903076854,0.843752675232275,47.88152708437052,73.62940358867995,0.27236619750080265,0.21057492652341617,132
81499200,ar1,zero_shot,CAMELS-BR,0.9074498916487702,0.9247833660092623,0.4704683303333883,0.22057283134479055,-0.22066929623835765,-0.00027266323910518295,0.9415305909654869,0.14696552952851702,0.14696552952851702,0.2606770008763751,0.24182189036228452,128
81501000,ar1,zero_shot,CAMELS-BR,0.67893911317079,0.7822102609682793,3.5820578518645867,1.5512958543983648,0.8120653961553777,-0.0022914181391525314,0.8697156233446338,11.551119239486082,24.15560659874165,0.20490769411035215,0.1822256771728038,176
81510000,ar1,zero_shot,CAMELS-BR,0.685448912307753,0.7352226824082345,4.171184290349425,1.638295976576652,1.485593019567045,-0.001636646455009023,0.7972872884808266,15.501478834990042,32.13229197718892,0.13799880908017875,0.11373498131457474,188
81519000,ar1,zero_shot,CAMELS-BR,0.6176179230474996,0.6043400715427314,6.275473840102653,3.113421303952472,-1.9203265261754927,-0.0033303788377261343,0.6586410107594942,23.70257661382125,41.66942564571567,0.2673579507477526,0.18504252687896297,188
81525000,ar1,zero_shot,CAMELS-BR,0.6104732544280624,0.7881209604803312,5.862563589595853,3.870988372137305,5.6182051380551865,-0.001436547677978274,0.9199016065890118,17.62726936252928,9.269949439644686,0.3226649619269059,0.2529316453018037,188
81530000,ar1,zero_shot,CAMELS-BR,0.7725651205200086,0.7896603696717952,6.585547329624583,4.027989674556207,0.13600358891575115,-0.0010611869271408016,0.8266923687618211,13.46805971619241,24.25970931674955,0.1858175160032046,0.1437233997837061,154
81531000,ar1,zero_shot,CAMELS-BR,0.8687819835873116,0.8234297541494312,7.488653367360266,3.616104650286245,0.7461506161789653,-0.0005073295947554766,0.8345094328949859,27.585555660245685,36.80203759438904,0.14300825957235072,0.12005346152694062,171
81532000,ar1,zero_shot,CAMELS-BR,0.8080813802798272,0.7955160447578006,15.013844026867332,8.596992511238088,0.49798874520031555,-3.7647670420141305e-05,0.820010175211462,47.18377322870966,46.61929265381447,0.23127578104656862,0.1826768650890321,188
81545000,ar1,zero_shot,CAMELS-BR,0.8165715987249148,0.897015800417734,7.628068225350454,4.660370133081653,1.830417508647666,0.0007640397065620322,0.9548607536281837,17.874764470556105,28.611847822981286,0.1771053735864063,0.17413585308204624,171
81560000,ar1,zero_shot,CAMELS-BR,-0.043006359459932586,0.524426382306064,15.541061514645525,6.156063895315421,1.1360310318544915,-0.0038984755859737246,0.6261872146196247,62.62512749216894,121.87658587122647,0.43728397194476065,0.3226582392113395,188
81575000,ar1,zero_shot,CAMELS-BR,0.2714953889373293,0.21649893196339487,2.2114136155314608,0.8155087719456201,-5.841176885164005,-0.01832060803509836,0.3500924225452171,9.29149181053501,17.993687388192566,0.9906911944975547,0.37009995778566857,188
81580000,ar1,zero_shot,CAMELS-BR,0.5204838646698289,0.5477580010298032,2.2649833825014536,1.6506650605659523,24.488970610802546,-0.004004176929652416,0.6206957538345901,6.829499698093944,7.064281249432214,0.9491394137296341,0.4248461829608496,171
81585000,ar1,zero_shot,CAMELS-BR,0.7169403650756083,0.7173952974621125,1.3279220509776801,0.9192396816711051,8.58607347295075,-0.0018735156089526887,0.7543310231091302,3.668705981441854,3.2822893335252505,0.4089294800040703,0.22615694551600604,169
81595000,ar1,zero_shot,CAMELS-BR,0.3103781087212214,0.37951489456252496,7.969350616145348,4.2120814833611915,3.9866337348928056,-0.007026113954948356,0.5579786310926447,30.93288586825472,46.65931984871778,0.6500088516244191,0.2650593192500406,145
81597000,ar1,zero_shot,CAMELS-BR,0.03128765080056006,0.21049649203758636,4.059329158686045,1.5905963051653251,-0.2398718294182544,-0.004435888852714011,0.5918799853674881,13.814434557202167,29.820077680729373,0.3574146744857164,0.2117931622341316,186
81598000,ar1,zero_shot,CAMELS-BR,0.6410128308837952,0.5934408259840759,10.17795112638709,3.8274390522117265,0.5815099350195366,-0.00026069859498488446,0.6300830539204596,41.195258232247454,76.14735712097176,0.3556725556708295,0.26925191007620597,184
81600000,ar1,zero_shot,CAMELS-BR,0.5822659500988722,0.7278924491982639,15.04288886966609,7.23048168756691,3.960069313522458,-0.0023032025530099988,0.8521232261828734,58.77795525453255,93.4272094388433,0.4219613871844845,0.3272624073214377,188
81615000,ar1,zero_shot,CAMELS-BR,0.4081386100304847,0.40822443874459835,0.6115932049984367,0.33795170243302874,-1.9098845602138692,-0.002205069796233327,0.5183947747744093,2.2544982244253613,1.8943775375468976,0.26690606547220147,0.1490472737027204,175
81620000,ar1,zero_shot,CAMELS-BR,0.7172852356441469,0.7669024260424632,19.39235285325856,9.147672973603115,-2.561210138953703,-0.0038569946374047426,0.8232525459778761,66.77235911242042,67.99722912123931,0.4059726550901866,0.31809815866657754,161
81630000,ar1,zero_shot,CAMELS-BR,0.5874103918819584,0.6573009112546271,15.6757492089129,8.427197354980503,0.35394555530686256,-0.0026302532659851306,0.748812779613707,53.37106374342174,39.42106956718006,0.4211417474607037,0.3194213214888963,175
81640000,ar1,zero_shot,CAMELS-BR,0.43915340138182646,0.49241633752216285,1.8635891101392903,1.1116262532074315,12.056506522623707,0.003221353215272945,0.5864948878242411,6.20334926341225,10.994767552790448,0.41564925024052357,0.2255948250500557,147
81650000,ar1,zero_shot,CAMELS-BR,0.7309878331801816,0.7915364921022581,21.636309289302556,10.779003430274566,-0.005635349539902108,-0.002088194481020012,0.8502128990853429,69.25288345039812,62.77742951278445,0.42280123524229224,0.33859659026250827,182
81679000,ar1,zero_shot,CAMELS-BR,0.853208367795235,0.9005874337931805,14.060150854559032,8.14684456609888,0.40261987796459126,-0.0007481292435506407,0.9359038959646198,40.1627521565278,62.641498593875106,0.2254801473738514,0.21322312996269488,166
81680000,ar1,zero_shot,CAMELS-BR,0.7750758500068441,0.885551725360507,23.5204535386567,13.791549164575507,2.0038360097432197,1.2208378609218293e-05,0.9758936662391782,50.450237027605255,39.40261206301821,0.2834626578776092,0.2523992135553651,188
81680500,ar1,zero_shot,CAMELS-BR,0.7913836455290069,0.8551168329610133,1.4949356896843182,0.8157812522437676,2.37027579297962,-0.0008010783909514103,0.9046646307523863,4.558221558770501,7.052096329124646,0.43038372279581416,0.42055347586253755,173
81681000,ar1,zero_shot,CAMELS-BR,0.831807986711678,0.9088901702305832,17.520425404972446,10.398320464396097,1.5913913970252416,0.0012083820331352984,0.967103383863015,51.63683240628517,33.20431632132202,0.24676243735724065,0.2537728589674451,188
81681400,ar1,zero_shot,CAMELS-BR,0.9082261637400242,0.8491121665678012,6.499669540004378,3.022624744776955,1.918094020098877,-0.0004913310630691465,0.851522986180081,23.785168842473936,48.09982099387573,0.4195044857173074,0.4159986477932759,180
81681800,ar1,zero_shot,CAMELS-BR,0.8266194212526495,0.8674027030756682,5.164183934974391,3.365623366713527,0.29711318146975085,0.0022385493212154356,0.9031136583209143,12.346474251299355,16.774096699340358,0.4881014741208716,0.47071490129742016,171
81682000,ar1,zero_shot,CAMELS-BR,0.8967169468652337,0.947297780449968,33.25009490075084,18.156165835370263,0.6916796217316826,0.0007538563902651438,0.9855730579530988,58.7841728130574,85.61148835972944,0.2921222730898442,0.29923236440000045,75
81683000,ar1,zero_shot,CAMELS-BR,0.9024523497926579,0.9198964598755517,62.86490558190802,36.62434064129039,-1.6369401479984602,-0.001134460263006086,0.9366169312954844,174.6407509287627,226.9871397472266,0.31603574489588354,0.28109675950654095,166
81684000,ar1,zero_shot,CAMELS-BR,0.9669938866348563,0.979924118999313,39.8632808445903,26.38215413471031,1.0955553464472882,-0.0003371360150269901,0.9878478341547674,67.03038161409923,73.54855826969661,0.2791428029969495,0.28000068657753685,188
81700000,ar1,zero_shot,CAMELS-BR,0.9119312175081153,0.9125452453150446,5.303919449245172,2.0737789128110067,-2.0453825284516474,-0.005145355855344326,0.9243090728315202,18.716170227427806,10.675663381644771,0.5521531578153843,0.4858946403871483,175
81710000,ar1,zero_shot,CAMELS-BR,0.6157291336276982,0.5916158612181661,27.814019727986782,8.940892205122877,-6.203107352918215,-0.0012046724774811323,0.6381936097095275,118.8135897055403,208.57829043978393,0.6618674720956161,0.4703374564192759,100
81780000,ar1,zero_shot,CAMELS-BR,0.8627870679888623,0.9218494625633058,10.948154565096713,6.247511117567873,1.4067220434814547,0.0010844909091508419,0.9623904831006463,25.913825862211635,33.07720522880326,0.5496090265671172,0.46933438948038125,188
81790000,ar1,zero_shot,CAMELS-BR,0.782331349850589,0.8263047532083128,12.70992331832544,6.806681529713677,-0.08942344912296747,-0.0020570610643724507,0.869881644122199,38.52275472786818,20.036631755629095,0.5249736008814011,0.4835596778333672,179
81790001,ar1,zero_shot,CAMELS-BR,0.2509602083909471,0.24221592377939027,6.273954953890633,2.1145873815943204,4.563323648213188,-0.007650284956511103,0.41476795611444917,25.45729188618827,52.55266332599135,0.5698924731182796,0.28724002461603426,165
81850000,ar1,zero_shot,CAMELS-BR,0.30879017414385335,0.2549246609854785,4.654244270278081,2.020080064086889,-10.68627117349752,-0.007969043024575328,0.3696829788839183,18.505977671067548,30.648595350721454,1.0253933746420603,0.5231093919198387,147
82002000,ar1,zero_shot,CAMELS-BR,0.6728594254472955,0.7209911540670895,2.7362402909563284,1.6785626771827429,7.6992960576691925,-0.00290848912431297,0.7830125728779477,8.400383720679644,8.002214789591376,0.6186813660978188,0.44154722702582705,188
82009080,ar1,zero_shot,CAMELS-BR,0.39954369381322574,0.38769625147909115,8.794492071511465,3.309308503915669,-2.9789583975005005,-0.008620113212368974,0.4957242172324503,36.33335751378428,65.66246259830643,0.6606854335551401,0.39233044468666917,184
82009800,ar1,zero_shot,CAMELS-BR,0.2741841136318106,0.2749173735740712,26.059826829029006,8.808550314548445,-9.064386444264404,-0.006935637289623209,0.440688219336842,82.7004468883627,219.78335698149613,0.8479109414466586,0.49170467023305187,185
82061000,ar1,zero_shot,CAMELS-BR,0.25993066586236624,0.2379006065005448,6.049180160133502,2.8083587747203516,-3.889915552179189,-0.005785954111773093,0.4020467632780873,25.066235789350536,36.43704552103843,0.5555878385389643,0.23703585854272533,119
82065000,ar1,zero_shot,CAMELS-BR,0.44150816350151556,0.6308228953568675,3.9804238455676875,2.929741739965025,16.251473106478873,-0.0051218571040625915,0.7527281356047959,10.454594094586152,2.53501688365926,0.39290104486785504,0.2863386164780637,45
82111000,ar1,zero_shot,CAMELS-BR,0.3992095810705334,0.5674922742694013,11.821758283715706,6.495580409722357,-3.614786795427345,-0.0071972743139428735,0.7534375579399117,37.29256750629058,60.863345494528716,0.5294911521718362,0.3420470814544917,188
82121000,ar1,zero_shot,CAMELS-BR,0.6510100636481928,0.6475310639214937,15.783704625507204,6.196454649561784,-2.0240261462644185,-0.004645761383383962,0.6995409433687713,63.11092755822624,113.51304328837176,0.6270224082524781,0.4490943339399842,188
82121002,ar1,zero_shot,CAMELS-BR,0.7224898546373568,0.8258413554364221,10.482757703015348,7.529530506629329,-2.097669136381038,-0.0021435343041601596,0.9047184049330609,16.78411787012734,27.567059018250518,0.24768501942812354,0.28969166183517087,49
82121003,ar1,zero_shot,CAMELS-BR,0.6777970771082733,0.7521494279942692,11.291135162525753,7.357806371396174,-1.4322833939052433,-0.004118164952192065,0.8256690214907441,27.83691973051453,38.336072386443774,0.33968735489862256,0.30721853497686824,162
82160000,ar1,zero_shot,CAMELS-BR,0.24058519780535303,0.2925095036201778,3.8654448917757276,1.6756941570008899,-13.44306971123558,-0.002942465409588713,0.45509207782782535,14.666305788032155,25.5825661406019,0.3779621047359391,0.18515319789084794,188
82163000,ar1,zero_shot,CAMELS-BR,0.17754311214596674,0.37204160036918676,4.062587868651859,2.3250427332538486,7.499359391269726,-0.009643411171967842,0.6590360960650808,13.87824394169898,27.69665489682402,0.6723493250522848,0.4231147805763183,188
82169000,ar1,zero_shot,CAMELS-BR,0.5049090519223732,0.5884511234143129,4.7477358796592695,3.838200629941874,18.766715523877696,-0.015461339687761293,0.6702604620176884,10.185002771247746,17.080214432618398,0.5745733205343053,0.354099845850049,69
82170000,ar1,zero_shot,CAMELS-BR,0.6714002605956779,0.7528583419651772,15.067657761710631,7.576746440120581,1.3959886807011728,-0.008251126636672941,0.7778506116753665,56.58077015134372,98.4563272330379,0.8427915018258753,0.6943470433484878,154
82190000,ar1,zero_shot,CAMELS-BR,0.16398004126560972,0.09286655083243267,5.70991327556972,2.5229432164322008,-10.93859185996871,-0.011337957845332484,0.2884349877869199,21.993014533378233,37.694158402780495,0.7873527488232016,0.27337643299326203,135
82195000,ar1,zero_shot,CAMELS-BR,-0.20928164389877346,0.3227888736503518,8.469525602641575,4.122762619609674,6.496492974432107,-0.02584590081556928,0.8546320234083676,32.19381757996639,48.30807009513507,0.8797052788011152,0.446538698053105,188
82195002,ar1,zero_shot,CAMELS-BR,-0.20258137983006708,0.15293489905594826,13.199410452758,5.9387582107650205,27.286814569385058,-0.012904604290379488,0.6124631934580621,40.46584109016826,92.43907390825402,0.8864988703980653,0.5046118737731616,99
82198000,ar1,zero_shot,CAMELS-BR,0.2655643746145795,0.3173760598691808,2.091503349480439,1.0495250555088385,-0.13132868195018493,-0.01613982411429948,0.5170067703849972,8.26994681677246,12.376151470335342,0.6076022221110055,0.2982455816054991,178
82198300,ar1,zero_shot,CAMELS-BR,0.16854596375791653,0.34420715116288514,3.015760609048045,1.3474489624968746,8.924443522045674,-0.01201459480271879,0.6316411929057113,11.237420427026507,21.028546856293218,0.6190439799778381,0.37232841621635415,188
82220000,ar1,zero_shot,CAMELS-BR,0.1310781123536352,0.5509235221075076,0.6987930919066213,0.26246037148130896,3.88192555095314,-0.0071390887700346975,0.9116230975517375,2.94667138005477,4.770386618796026,0.43057999768861815,0.3572210852715183,175
82230805,ar1,zero_shot,CAMELS-BR,0.34259829194458524,0.31833561833542867,18.695056625063284,9.86539293055103,-5.975460480246113,-0.01107164132163649,0.4392848353355562,69.08060344199566,102.97784698552415,0.6198534935239544,0.2907943648443358,188
82230812,ar1,zero_shot,CAMELS-BR,0.27048065272726507,0.652454777142826,5.1441171675551525,2.2804817858989854,-7.110756249095125,,0.792124612682253,20.320238790065225,21.155337713531704,0.638105807135522,0.6202487536329073,153
82230850,ar1,zero_shot,CAMELS-BR,0.13917290854873388,0.07092036112659583,46.76670209414863,28.93492782483091,34.23222653673325,-0.02845810423858443,0.207452373526686,150.5375792998148,299.42181384075843,0.6230567297619194,0.12460343450123565,145
82234000,ar1,zero_shot,CAMELS-BR,0.4500136485394727,0.6089792378323986,12.538599383887483,6.213828464071673,0.1954410812706411,-0.004481607917854404,0.7777972277236083,46.90818084223464,79.9479880473118,0.40116913288483663,0.28672714013990935,188
82235000,ar1,zero_shot,CAMELS-BR,0.5884315631812886,0.7631578666795293,46.12857688818688,22.166583307089695,0.18543007697673172,-0.0039592756479740684,0.9048138001957359,153.43824913776555,247.62878196770828,0.44146936912335905,0.4016053502479338,164
82261001,ar1,zero_shot,CAMELS-BR,0.4549751444695115,0.5639793357738341,0.9940851340016026,0.7812036752357157,26.018039183361115,-0.007811665117988167,0.6123585879330437,1.9236966786161507,4.226811344469918,0.24996583147715137,0.15385859588788448,63
82270000,ar1,zero_shot,CAMELS-BR,0.4600892220886633,0.4902817830785978,11.51256141909795,5.398517457184368,1.9513824858300228,-0.010849070698159026,0.5964601981835108,41.65506681005909,92.46404745155513,0.707059944651328,0.47726795589348214,188
82270050,ar1,zero_shot,CAMELS-BR,0.4669593002336907,0.43534729684387563,16.55002379896796,8.636755138913397,-4.248997876961806,-0.010528033744662693,0.5124608073912744,57.851091957183776,105.61211496844624,0.6834664893749317,0.36486805040415193,143
82290000,ar1,zero_shot,CAMELS-BR,0.7132769916627566,0.772616769045216,0.6641661651024331,0.35481789588967416,2.4429199311608163,-0.004296394273511887,0.83348767622156,2.354295112976108,4.171879469607171,0.6363584118158374,0.5251671713300642,188
82300000,ar1,zero_shot,CAMELS-BR,0.6797401406227803,0.6968960262722926,0.8971880491243804,0.5076913027579565,0.09125392730383532,-0.004811348518051289,0.7498720899166663,2.9341000852846038,3.8471715172204273,0.5764399004587293,0.42783203611015186,188
82320000,ar1,zero_shot,CAMELS-BR,0.6871720252567132,0.6990867124250444,6.239068663239019,2.8791088476422098,-7.501105046273969,-0.00929154932163686,0.7476378716282457,23.486380019241533,36.15478172102482,0.8774957217508101,0.614483001282061,182
82350000,ar1,zero_shot,CAMELS-BR,0.5755298594220579,0.7258425081679214,24.76389813056116,11.596130321324722,-1.1459333291517049,-0.0007708065000437032,0.8588049131683979,83.77812867991376,95.35282509205537,0.687417079017746,0.5215576443371454,188
82370000,ar1,zero_shot,CAMELS-BR,0.308102514652549,0.44964704486140794,12.39113775366903,5.821569654992505,-5.715182350510523,-0.015481943361469006,0.6580865350473923,47.966725679226634,91.7642462020556,0.812206193925524,0.4363359866474358,70
82410000,ar1,zero_shot,CAMELS-BR,0.2556701732920391,0.32064517374560075,4.386578480659688,1.0861041299782788,-6.5748334282840135,-0.003254692107230583,0.5309545854006306,18.486776708541694,31.60489260497513,0.5829468264829238,0.36153299691783036,109
82420000,ar1,zero_shot,CAMELS-BR,0.05088771243222545,0.027020388990363187,0.5088977611789421,0.19326006891051825,3.825197793011333,0.0038024084473572348,0.36831567497258255,1.7645913568813747,4.2662842292189485,0.40036963809851284,0.1629550375536891,184
82549000,ar1,zero_shot,CAMELS-BR,0.588227487240238,0.7654126666318395,10.731692837299793,5.48126207810555,6.64396069039775,-0.005106919186857028,0.8336283281061873,34.81081487276391,21.9801886715312,0.652263855203719,0.6152509948899471,129
82769800,ar1,zero_shot,CAMELS-BR,0.4441534408255514,0.46028170810057,2.033439752227474,0.8736109733659403,-1.7447093607802044,-0.009087815040955885,0.5665393599782105,8.29259328858692,16.791191648464714,0.6961899651454814,0.4819310239949781,179
82770000,ar1,zero_shot,CAMELS-BR,0.8667042273939309,0.9294127050370428,10.998102490504508,6.97300668967963,-1.2719735617656007,-0.004087394992525178,0.9782743552825046,21.681609130542554,15.005387383712424,0.9424241519087532,0.8416653688309104,167
83020000,ar1,zero_shot,CAMELS-BR,0.4233753190277393,0.41822617296815345,13.417712547542296,5.690186952233809,-1.9134725185031811,-0.006678940139703469,0.5207695869701432,55.65007752281967,87.09342477275537,0.8175493944815027,0.4801289684270229,140
83029900,ar1,zero_shot,CAMELS-BR,0.7324088605234809,0.6658575373905163,15.543878887272472,7.657173614154082,-4.6104085178957375,-0.010859728535026775,0.6891352433122703,54.927390298529346,75.06410659558833,0.8630451460067606,0.6793827324605093,173
83030000,ar1,zero_shot,CAMELS-BR,0.7162456851129319,0.7079207244401264,21.91437787156257,10.578212066803669,-14.084465712793046,-0.011938232608702574,0.745805389977569,71.82534153045523,142.03392448974282,0.6791673175259022,0.6121099087719578,188
83035000,ar1,zero_shot,CAMELS-BR,0.17290297958776402,0.4518884182122769,4.638769975247623,1.5369301249188392,9.918708803004867,-0.01298704663822568,0.4808667307994301,18.98318155260769,30.713538563587974,0.861465927252309,0.854247924491993,106
83040000,ar1,zero_shot,CAMELS-BR,0.3184469551674367,0.29213511770389633,18.90031869649477,5.762956626601235,-25.39555086741109,-0.005470779102034057,0.4242812016209674,79.79048592229145,144.95055525957514,1.0787993919471657,0.6452461405324867,188
83050000,ar1,zero_shot,CAMELS-BR,0.8447542918794662,0.8812639612256175,27.651986481482734,16.248013478445603,-0.33763932228819366,-0.0029432269115007986,0.9123615481227473,54.42696424556981,60.723036998218845,0.6301525775537017,0.5458855214004429,170
83059000,ar1,zero_shot,CAMELS-BR,0.8819029058151023,0.8886369963689338,30.185180543911954,17.708182789566973,0.26480721689939574,-0.005266850859204721,0.9062721371891918,66.36717224282035,55.49873770749846,0.6866237311348086,0.5936050207388607,129
83060000,ar1,zero_shot,CAMELS-BR,0.6258531199603297,0.7847248468422925,2.5136225296575367,1.2678185792890493,5.806127149171667,-0.009984107106949497,0.9123266631163609,8.768294117666148,13.2908558150871,0.7582398154891177,0.6148827665797549,188
83069900,ar1,zero_shot,CAMELS-BR,0.6623361955566758,0.781153496099121,6.495436499093715,2.5788910197638684,1.3879386512411347,-0.003838024566815937,0.8799064501623112,22.034128882742216,29.07255754985203,0.8577834596032943,0.6851888391832446,188
83070000,ar1,zero_shot,CAMELS-BR,0.6544763671470465,0.7586625355854157,7.573933372962387,3.4642904916375437,-3.537812866976555,-0.00251526438769753,0.8498068855755541,27.57156507810788,25.26911356607799,0.7156429158088007,0.6273206241157183,188
83095000,ar1,zero_shot,CAMELS-BR,0.45057676158550686,0.5256591275032189,6.867432959731473,2.8289964682184836,-9.227796218544178,-0.04462087123355463,0.6387351973097144,27.510679683213457,29.085976639113923,1.4206960286239545,0.7150564580974711,170
83100000,ar1,zero_shot,CAMELS-BR,0.27741304892987106,0.30694480801388346,7.769022805932418,4.2432131645446765,0.38170671480142865,-0.011079483457786154,0.49139372627801736,29.54633331132716,45.874422079066,0.8023374545549146,0.3302388332739748,188
83101000,ar1,zero_shot,CAMELS-BR,0.19930994922888956,0.46961743915910303,8.64490027478798,2.956998981403223,-2.691254917521111,-0.015793001866170924,0.7774404109752711,37.32745057944244,56.828791303482035,1.0930660456035377,0.6621670723867011,179
83105000,ar1,zero_shot,CAMELS-BR,0.3769152048349952,0.4090343206238658,16.06516895399937,5.305810425851162,-8.637573921328281,-0.009029090446867689,0.5437134106733463,66.97329231659573,123.46978087547505,0.9192647150597429,0.5873894772315726,188
83120000,ar1,zero_shot,CAMELS-BR,0.36744859841608746,0.3245609746316457,16.02622931587986,6.365180962205239,-16.5116036152253,-0.008194839111176666,0.4254134989739977,65.34167434303026,108.35267031152115,0.8732122715022517,0.4887113684088958,188
83130000,ar1,zero_shot,CAMELS-BR,0.38121182322805736,0.25658585591097005,2.8870760443481776,0.6858490417667679,-9.326243434297945,-0.0032954734696818266,0.27518033698244526,12.39079787309023,26.90291964898728,0.863438706721644,0.4304617526895971,188
83250000,ar1,zero_shot,CAMELS-BR,0.5175931315309938,0.6629894323080527,37.9780778425747,17.89086651082775,-7.832242081042749,-0.0030906878891257747,0.76963182320352,145.08214149979136,176.23628459839972,0.7238671007648791,0.590254329979984,184
83270000,ar1,zero_shot,CAMELS-BR,0.8136009797095627,0.8003273608446464,31.18566028539398,15.0913272116163,9.956347286575205,-0.0029852867032346825,0.8102116238738495,115.32687153773396,160.64762327312738,0.7819070243931178,0.6440011067163777,129
83300002,ar1,zero_shot,CAMELS-BR,0.8720656668274216,0.9249613974558422,40.34685963063733,25.002342046593615,4.069263223550804,-0.0018537463411282921,0.9575236373531127,113.87312644367825,130.42426589331427,0.6968401420448661,0.6030792403193557,188
83300200,ar1,zero_shot,CAMELS-BR,0.9190921999341458,0.9576564736214703,57.34870843685314,28.95478005028909,0.15879651599991051,-0.0009194442270568579,0.983610220541635,189.23495258671477,111.48457643224383,0.6083288216210538,0.600407919516067,171
83345000,ar1,zero_shot,CAMELS-BR,0.7318336909065262,0.7765277171162235,13.406575410115721,7.137940297131729,16.049424796242832,-0.00341127876509811,0.8015861182163733,42.49141511241191,20.564476286368485,0.7698042047335543,0.714389435786191,188
83349600,ar1,zero_shot,CAMELS-BR,0.7783853040790474,0.8420325005642431,35.96564183376148,17.782371110631516,-5.042110173623964,-0.006271436027728623,0.8926767194641588,101.26800105846627,17.409880948087956,0.7275954558725312,0.6699388993422719,129
83360000,ar1,zero_shot,CAMELS-BR,0.8250318782872531,0.7773386272113647,30.516534522169913,12.689352424642706,-11.204786048027179,-0.0061054491651949955,0.7932998178584536,102.21681769884567,117.46192062049758,0.6811046055166942,0.5407074934601893,188
83429000,ar1,zero_shot,CAMELS-BR,0.8758522982378978,0.9206797501718911,5.1930611653845,3.232390779794269,2.0970865669889496,-0.0006343053334514955,0.9406417480732239,8.433981840218262,7.065327223196875,0.12311446668598063,0.12890681592262604,138
83440000,ar1,zero_shot,CAMELS-BR,0.8080019623306922,0.8992363246804123,21.865908027030855,9.073808491239168,3.0757589493080784,0.0003119604051245624,0.967553101478462,85.11214990405398,34.04635555252835,0.6805095610327588,0.6238509190340312,188
83458000,ar1,zero_shot,CAMELS-BR,0.894634643545476,0.9223797524021211,35.37125776636725,22.465664867235734,3.8372341564604056,-0.003969282593302176,0.9387467868595265,88.42786034239163,86.46575195108669,0.7147074480956299,0.6801519614476167,188
83461000,ar1,zero_shot,CAMELS-BR,0.912900012527285,0.8826887966587884,83.2862402219839,50.88732088067306,0.5157556370859447,0.002121268701563095,0.8898765419700092,263.42895945053994,190.42309548786378,0.5857328411177951,0.5295158484008696,129
83480000,ar1,zero_shot,CAMELS-BR,0.713917858894952,0.8242825692846414,2.0854488869893717,1.1502447575776873,4.912159703367353,-0.0033534570645892617,0.8928752148585067,7.7079634615710555,6.458441259136243,0.44973869346733664,0.38838476014670836,188
83500000,ar1,zero_shot,CAMELS-BR,0.936704525143482,0.9381574205844099,42.92345799928032,26.485021817438,5.38012552472951,-0.002966434162819786,0.9458957645403465,119.3057025426892,117.9079855883154,0.7194015465167275,0.6806393793417244,188
83500002,ar1,zero_shot,CAMELS-BR,0.8841212081898149,0.8597101310418902,47.41123611358358,27.063042928362247,1.7094055870367555,-0.003517391599373646,0.8717795158785284,133.93107565164442,195.75416469384834,0.586579545580743,0.5191227523867729,188
83520000,ar1,zero_shot,CAMELS-BR,0.8861101547171457,0.8968393233537261,58.731156303999,31.710586871119123,7.578661741510896,0.0003866629722248001,0.9100752200247455,197.39817300397965,321.4050552984039,0.6797117889601174,0.6621097467123139,188
83660000,ar1,zero_shot,CAMELS-BR,0.6896597816073118,0.8281107901447607,15.216546924970885,7.198762857142064,7.052463763570422,-0.005037829893805534,0.9018446215617781,52.182588412317266,94.98646022868262,0.7369786933515081,0.6324162738787587,167
83675000,ar1,zero_shot,CAMELS-BR,0.6645608821213606,0.6695706083158688,9.52927043575083,4.376750177850005,10.03291151501811,-0.0029476231590033347,0.681486388502504,36.15026135391535,55.12439940821293,0.5967387923009776,0.6023021876145795,188
83677000,ar1,zero_shot,CAMELS-BR,0.703567551826964,0.8332907945051187,27.429180508472836,13.812584073425644,8.118507453339186,-0.0016094198443336472,0.9053238296348296,98.55990576701737,95.19139318644545,0.6181801408837435,0.5725932071601941,177
83690000,ar1,zero_shot,CAMELS-BR,0.7606400294125579,0.8650903268857658,73.34887189269485,39.12040478097643,0.9419245829704753,-0.0033955705914594583,0.9449228086357915,239.18534573026716,279.5839698582799,0.6623807930338043,0.6065400101938896,188
83720000,ar1,zero_shot,CAMELS-BR,0.42019477011725537,0.49208167017970295,1.9350570190723868,1.1206348586787216,3.445600198764569,-0.004029513332854671,0.6317908215699108,6.625331957810308,11.696722961377203,0.4597647437963262,0.28201897587878283,188
83780000,ar1,zero_shot,CAMELS-BR,0.8947888138655788,0.9157936214558168,75.15212854459847,43.544716013529595,6.3556662905861,-0.0021228649581996745,0.9301751341781543,200.24209269383715,294.87601936150537,0.6255148690163792,0.59195504861748,188
83800002,ar1,zero_shot,CAMELS-BR,0.7284388706944706,0.7474308727110465,90.98873741298735,38.94990324088998,0.9221826734224015,-0.004710096815311239,0.7880012673804027,375.0752641266092,708.1129135209253,0.7071259576593937,0.5990312725438909,160
83820000,ar1,zero_shot,CAMELS-BR,0.29000281267304673,0.38717635489144764,2.06420241211074,1.0746948848341338,0.2743590258701814,-0.00829943284294021,0.5935954235536824,7.829492190803657,12.71410587626765,0.5145107860075129,0.2771634551304175,188
83840000,ar1,zero_shot,CAMELS-BR,0.8407005463397718,0.8497346703608137,69.32388654948248,35.94493227816378,5.242359410014947,-0.0011858128935725003,0.8719108593525448,158.522590017301,256.7230669295826,0.4263125880928084,0.38453138680466076,141
83870000,ar1,zero_shot,CAMELS-BR,0.7422685564861378,0.7632721321846149,74.33448883740277,35.89084326330096,0.014309078216751678,-0.0010166478880985776,0.797111093001148,286.33499340670477,515.969013162093,0.27490694439075664,0.21553422128848226,179
83880000,ar1,zero_shot,CAMELS-BR,0.3302922010287592,0.3343027163867198,3.517212650828309,1.608564417959901,-3.0187100806054596,-0.0025231249131343544,0.4777073706545605,14.019490741409504,24.056076079102343,0.6352372247778664,0.30726671550611667,184
83892990,ar1,zero_shot,CAMELS-BR,0.575833834500963,0.543126026684095,8.507710862660666,3.0179303111445224,-20.530036407381097,-0.012348374245337138,0.5996061926760685,34.569700039082406,42.91945604815913,0.792270597962901,0.4680086350300379,188
83892998,ar1,zero_shot,CAMELS-BR,0.37286243719178624,0.3715137056760046,28.57247965359364,10.39799087761644,-22.80202313733724,-0.007617722183129533,0.48327727697481127,116.7411142439729,158.64477853127067,0.7287710829457176,0.421841040295013,170
83893000,ar1,zero_shot,CAMELS-BR,0.34336299406695436,0.6693738104439082,14.763379986477661,6.450037959750087,-2.299327106534741,-0.006806986174401395,0.8718453088143685,56.97602901144192,87.398443562512,0.5611967585729816,0.39320448317785833,188
83900000,ar1,zero_shot,CAMELS-BR,0.6252193930610737,0.6861667914717562,11.155337128266888,5.677286097013654,2.513064702843243,-0.005431507414168337,0.7652733530735283,40.24289536690965,57.4149339044278,0.5429484220026483,0.37213008447834983,188
84018000,ar1,zero_shot,CAMELS-BR,0.29583705735387333,0.2403945712628398,4.097578794342038,3.187924555780651,10.550489511734137,-0.0059611558944641894,0.30868984366249475,11.057724040343512,17.193984639906304,0.37710463830331986,0.1040129031447203,61
84020000,ar1,zero_shot,CAMELS-BR,0.3337489348057542,0.5906272660630019,4.823748964373288,3.0816895796755497,13.444262271112615,-0.0015112864839045906,0.7971841410166227,13.17278911822461,23.939338775192148,0.5132254187052706,0.353582372887399,188
84022000,ar1,zero_shot,CAMELS-BR,0.3895030012187005,0.42247999321697716,7.515612090097348,5.766658384616744,13.60504753089659,-0.0029184616264603396,0.49154353102301196,23.452900344873992,27.233205864923537,0.27216258651665376,0.11640212027583666,60
84030000,ar1,zero_shot,CAMELS-BR,0.841307963380932,0.5482898342487057,47.090699576122205,16.873115957834248,27.968300517738026,-0.007349182249957278,0.5483695274001008,180.91048917987257,341.82927167358866,1.1496674758828525,1.000212796932786,62
84041000,ar1,zero_shot,CAMELS-BR,0.5218445581465185,0.6074088881074589,2.527168611591274,1.1106434587164846,5.042250888791768,-0.005648844831188273,0.7198156847976576,9.997240604834921,19.742065331788968,0.48926855991923496,0.36085481648603973,188
84071000,ar1,zero_shot,CAMELS-BR,0.42788869594301393,0.6546358958293824,21.05402879971074,7.189742827135129,-0.4210987789196854,-0.0010699829988322536,0.8683702472463658,85.13952175355863,179.18648476993332,0.4780825141963901,0.427340164833033,184
84074000,ar1,zero_shot,CAMELS-BR,0.5711857223964245,0.48891996194228626,6.308140527989387,3.259436586930027,-9.931369407975941,-0.005490102876381495,0.5251482914039871,22.19849627779207,29.287548317367985,0.6137685957203334,0.35061553622856384,58
84079000,ar1,zero_shot,CAMELS-BR,0.4494986388663953,0.45773290581224735,7.0894935687050795,2.8091891733606973,-7.49431465943852,-0.004020591021130716,0.5527791868903726,29.120657795380495,36.031881923038526,0.6483902169666848,0.34163657405063663,188
84095000,ar1,zero_shot,CAMELS-BR,0.6160706244430643,0.7715727861982611,8.066856996576988,4.382971854565285,10.221505144816906,-0.003350227524621297,0.8821747403841653,22.22616970287641,16.52793128771448,0.597567707192197,0.4545597290036701,131
84095500,ar1,zero_shot,CAMELS-BR,0.5105926447460606,0.5824659119384441,41.77451346293668,15.568607090828817,-8.173613893423346,-0.0015503967563871325,0.6903313848186221,164.23134977723117,261.52552226510454,0.6113948239825018,0.44089423522062676,188
84100000,ar1,zero_shot,CAMELS-BR,0.6882870155765997,0.5525530950579524,10.858773080332032,4.649154631624388,4.559479268041936,-0.004778296825677925,0.5633924766655374,44.235864759108345,73.68831284069665,0.5765974084706169,0.3278230263672311,169
84150000,ar1,zero_shot,CAMELS-BR,0.19825998275071266,0.38136683378528935,14.881241659417363,5.451312363525756,-6.926424497562928,-0.00589246930975481,0.6578360043396903,60.707301074599364,110.09145266947013,0.7482359606877464,0.4709598705532565,182
84150100,ar1,zero_shot,CAMELS-BR,0.3264669937645386,0.4473697085795417,17.37995035643426,6.0609821478877,-8.07954939941572,-0.004545746729881889,0.6346556485892945,71.74173679954275,141.78010146733405,0.5646102842021222,0.367949999779017,188
84249998,ar1,zero_shot,CAMELS-BR,0.4708400893929543,0.5204142696877566,13.839373981408306,8.516479398702648,16.17221632498712,-0.011249729789854477,0.6234845086389131,48.311467426793406,86.56282703417898,0.830605762697869,0.48536173482476686,130
84250000,ar1,zero_shot,CAMELS-BR,-0.20062218747382143,0.22919202006228123,113.87286684084798,27.470287520227487,8.636427710446688,-0.008740933517674014,0.7679841046256486,368.26785982610323,678.0572723810595,1.5592296633560436,1.096112668694636,132
84250008,ar1,zero_shot,CAMELS-BR,0.1184175925854164,0.08125971978656377,39.74559356814277,8.819573658307853,-15.008887448978253,-0.013477742624561518,0.34883494422119155,171.15139485180364,356.43050902582814,0.8458232736521177,0.46061839646006725,171
84300000,ar1,zero_shot,CAMELS-BR,0.4811517455307691,0.5820937693709631,17.017870870805346,9.50602261665587,6.266022333702898,-0.003024159929035184,0.7115871363340551,61.621122785526616,109.7447707017574,0.7230934757612446,0.4474046513151407,143
84500000,ar1,zero_shot,CAMELS-BR,-0.04616705838432544,0.5232766220525875,4.075280685942438,1.8748108281459843,13.555529689823569,-0.0055529228723859726,0.7671413810215073,8.279234988871885,8.218560332025707,0.5971828440398061,0.4406159808160708,188
84520000,ar1,zero_shot,CAMELS-BR,0.5246014762816911,0.6268237785409141,5.6856818008966785,2.6077198421155243,-0.9012779265457936,-0.000820655646477611,0.7475945696895092,21.36711189085928,38.482701752949545,0.3885353790278424,0.2857375609170346,162
84520010,ar1,zero_shot,CAMELS-BR,0.5956838889867841,0.6411988616891082,14.115011112205943,5.4015854453290695,-5.148896665943789,-0.003535145995688809,0.7199506350006257,54.409833319861825,101.54541959531053,0.573115160528339,0.4163115132740632,162
84534500,ar1,zero_shot,CAMELS-BR,0.3763954770034863,0.3623771524941768,24.9033951387021,7.688092028653705,-8.693929679334174,-0.002918193735033601,0.4708955595093596,104.16284521934088,215.85440557074884,0.5820639695736745,0.33445959898748057,188
84541000,ar1,zero_shot,CAMELS-BR,0.08205637415249967,0.5483931706424499,5.165704146593977,2.1566001199527833,10.977129649929918,-0.00979479400988546,0.6475265464100569,21.102484226909535,37.597338794020466,0.7042475997729349,0.6288466029137321,188
84551000,ar1,zero_shot,CAMELS-BR,0.2591053071938447,0.5999803364434082,12.56950461275691,6.314399768291756,12.189867186997013,-0.008187468660933327,0.870161143039562,43.71981837674372,63.86323663083602,0.7345692196015968,0.5471614854921739,161
84559800,ar1,zero_shot,CAMELS-BR,0.6656734516432707,0.5630109930439944,33.06754370896908,11.990665531728368,-5.3272994961081555,-0.007958809738767973,0.5847986035861843,136.75727998080131,247.06685945189793,0.7378336689374861,0.5090070177689807,188
84560000,ar1,zero_shot,CAMELS-BR,0.3592948136714892,0.49392724168058244,33.44146645646646,14.663131761293824,1.5661216627329646,-0.0022576720713210745,0.6823914224970835,137.22337126650152,206.5412946591676,0.5517735780446581,0.40595478367077636,156
84560002,ar1,zero_shot,CAMELS-BR,0.41093710141045636,0.6563622831764627,30.666258771617237,16.41357623883967,6.701836648339864,-0.0037003580060031623,0.871333047223958,111.35898928065414,158.68692527525204,0.6216681783154548,0.4143476773932342,171
84580000,ar1,zero_shot,CAMELS-BR,0.41643320444285714,0.6320650352358468,48.349795605720104,23.480900490399446,6.130540839369119,-0.0012505620706628699,0.8326399601617159,149.05079541156746,223.08666434683488,0.5190542410876247,0.43051274413682344,177
84597300,ar1,zero_shot,CAMELS-BR,0.48518081337462915,0.5075732202510692,8.002251502586965,4.600909169576883,-1.4632916703077632,-0.0052031496748400925,0.6067131764598086,27.84115349987255,44.96349744124401,0.5184429551614836,0.24637709825199924,188
84598000,ar1,zero_shot,CAMELS-BR,0.37445453515018734,0.4266437014845904,10.776795686870871,5.39553054912003,-5.659928216799778,-0.003834206906268429,0.572447825678513,41.143410468328945,57.47841205347867,0.5011391561674633,0.28297988988135153,131
84598002,ar1,zero_shot,CAMELS-BR,0.45521030675800245,0.536326178069776,12.295862450788922,5.019461952117224,-3.400062563036105,-0.002785846185733137,0.6668650239206189,48.605664891843915,77.71037351828888,0.45624177125077364,0.33154530410186706,188
84600000,ar1,zero_shot,CAMELS-BR,0.6561017961334528,0.6618358728989316,10.552017708745977,4.6664364255000965,3.250332901385473,-0.0035116071243610353,0.710780900979106,41.21104463856087,76.45428420072194,0.5343947018882046,0.43459777747687534,188
84800000,ar1,zero_shot,CAMELS-BR,0.1642916960524573,0.5956904432654184,3.845082548407256,1.1752368306970828,11.506041680413816,-0.007308499494878483,0.8561551618247847,16.018617465624683,32.47971830983382,0.523671066348846,0.4260886211956946,184
84820000,ar1,zero_shot,CAMELS-BR,0.4364302875880579,0.4100636010603699,15.823971176838109,5.636214812922233,-5.06221694870322,-0.014385549534553985,0.4951031912780085,66.9614771373372,128.2003428458506,0.8519175422368591,0.4962130976823784,176
84850000,ar1,zero_shot,CAMELS-BR,-0.3305410590217446,0.379942106092668,26.91215835440675,9.881323649335346,27.22430195029192,-0.0311883141708372,0.568964224767428,111.9382024294375,89.99896627839226,1.043844822231055,0.664753530817777,188
84853000,ar1,zero_shot,CAMELS-BR,0.4837165440184221,0.4557945935338309,13.982340679121123,7.041279443595865,-1.8501583920566533,-0.0554672312078666,0.5332537669487787,53.580773937876664,80.23020612691552,1.2200063160706434,0.6845836031280069,125
84949000,ar1,zero_shot,CAMELS-BR,0.4633666665915961,0.6377393129263634,26.33489777478318,12.025151059935087,11.243124678039296,-0.02112360474745416,0.7935946628085764,103.4095475021903,143.45107793466707,1.3925129414940716,0.896157875034509,157
84949800,ar1,zero_shot,CAMELS-BR,-1.4542154855902027,-0.6217055464932391,15.069833314456867,14.640841521838787,157.9248194702213,,,9.624039894893947,9.624039894893947,0.7424125297080789,0.1897669970393171,3
84950000,ar1,zero_shot,CAMELS-BR,0.28841416037511036,0.6630549901386714,67.85911563150606,31.719263856135164,1.514403899123157,-0.028519521494231845,0.9039508909712692,258.86168022810995,330.6023008257314,1.0881727279295839,0.8633772176704987,188
84970000,ar1,zero_shot,CAMELS-BR,0.5064860206784432,0.5233060167949025,15.14006915929827,5.397076277657075,-3.777180187190891,-0.01281251117017328,0.6128300001770515,62.52828001191308,127.6835936445462,1.0886731360223447,0.7900516823421169,188
84980000,ar1,zero_shot,CAMELS-BR,0.5325836214971285,0.6301245428495705,0.17713506292867973,0.10492856716719223,1.028573694416098,-0.0019335275663234222,0.7460383424804937,0.609411107251354,0.7760326232275082,0.19760674251714827,0.1359343475314952,188
84990000,ar1,zero_shot,CAMELS-BR,0.9083940549002729,0.8922796844055569,7.154381901431748,4.319101761499439,7.454106707595477,-0.006666192497941224,0.9022432129982831,15.908830130397114,1.1156331062084075,0.9363407084966955,0.8029379587379415,172
85080000,ar1,zero_shot,CAMELS-BR,0.6030280920964712,0.784599786780007,24.74908227702333,12.110089918402009,2.417145741580509,0.0008847056279796955,0.9414801332709731,88.49170072314996,153.07512763721772,0.45323346299572875,0.3571581966965923,188
85350000,ar1,zero_shot,CAMELS-BR,0.8122941084817596,0.8169771493212219,25.068527631023002,12.296753016604008,5.43344685367933,0.001469615224484102,0.8437596627388043,91.5721149095973,155.0949451842496,0.7330751938500637,0.6399301400526153,188
85395100,ar1,zero_shot,CAMELS-BR,0.6138746034372125,0.640608984630996,166.48329931270658,61.353172009475315,-4.117191624855222,-0.0014647145286675375,0.6998666793453763,680.7479976128881,1403.8793511672218,0.32564758022959817,0.26945744564586305,188
85400000,ar1,zero_shot,CAMELS-BR,0.891415746545732,0.9322288087920796,170.62904532493295,77.76096014664786,-0.4056585261651128,-0.005343909842407967,0.9613375801719202,608.0183022570516,133.28026288993493,0.5022548394245951,0.43480887086186215,188
85438000,ar1,zero_shot,CAMELS-BR,0.8294411903816971,0.7664859944389883,14.531547034658438,5.517239439674537,-12.790726718162535,-0.010826453414121646,0.7801628437614812,55.31701823423174,57.04539534594291,0.8402092309651844,0.9009673308879842,107
85440000,ar1,zero_shot,CAMELS-BR,0.9192784682370173,0.9530173983140552,59.76228077891282,29.96652402081046,0.5554326385796677,-0.0006326423083361926,0.9733967841294517,178.74215687442683,150.66026105753738,0.47894903050203774,0.4790897445346145,188
85460000,ar1,zero_shot,CAMELS-BR,0.6988791124813674,0.6746492051097581,7.348889689530929,2.996272571664912,-4.771300536955836,-0.010705931275236082,0.7125977734695004,27.46438375741069,44.354150275975236,1.100096745343431,0.8718322843144508,188
85470000,ar1,zero_shot,CAMELS-BR,0.6744920125775624,0.6002949701547353,25.62037764265419,7.479508981198792,-11.183529546153038,-0.006482437843164098,0.6299836363826656,110.3440348425978,162.21697498689642,1.1859832489058024,1.0396065505505485,175
85480000,ar1,zero_shot,CAMELS-BR,0.859977033131271,0.8334603434065668,26.68859620435142,9.51916701114681,6.870233937402188,-9.532132935066717e-05,0.8406517418871885,111.67306413244967,114.61912505369094,0.7972652307206216,0.8227959153006041,175
85520000,ar1,zero_shot,CAMELS-BR,0.8418082341727497,0.6351819059760636,7.937396439801941,5.063080858459054,28.309623741952052,-0.012053796041894507,0.6356629734591777,27.01251611605958,53.29485824306241,0.743935436445251,0.6339613621369098,86
85580000,ar1,zero_shot,CAMELS-BR,0.9727095062772919,0.9589801928928527,20.949202350357886,12.116650368668166,3.196343002107113,-0.01045611763147234,0.9609455096347754,37.96520278765212,40.40857693217616,0.8044611645645702,0.7783740506482071,171
85600000,ar1,zero_shot,CAMELS-BR,0.9293684509175789,0.9637181460833238,57.13958461583253,24.71166864212642,-0.7472131978086076,-0.007462553701594307,0.989944489265505,109.81082304766745,81.83741843024688,0.8493351428679042,0.9294901604825621,179
85610000,ar1,zero_shot,CAMELS-BR,0.18638429686488578,0.09620207700704686,3.6916524434320555,0.8337639949757555,-19.321999074062123,-0.035242434162733115,0.26891970257200315,16.34807478435938,33.14105063793261,1.2975897902387081,0.5090443218455851,179
85615000,ar1,zero_shot,CAMELS-BR,0.38545009036587896,0.48599633670188414,5.326626883526829,2.491130380776483,27.434643359993792,-0.028487005268676185,0.6278489579806471,21.50624647394006,35.6182823747105,1.2064579743306347,0.5708337657212113,182
85620000,ar1,zero_shot,CAMELS-BR,0.7966504493236978,0.8593107851108942,12.425391222786109,4.403304543820363,9.299913328793616,-0.023072817195855574,0.9034991419916969,48.613041156097566,78.85697454349588,1.280257093969148,1.0085389738866255,188
85623000,ar1,zero_shot,CAMELS-BR,0.47500318819685294,0.6251552924829848,24.18460649589041,5.9594539555430055,-1.7656876999536883,-0.018582185774517652,0.7803952302594397,98.71784669737977,186.8574354206392,1.052308087578164,0.8628819678484839,177
85625000,ar1,zero_shot,CAMELS-BR,0.2334173276036844,0.5149253563861953,23.061549000407716,7.876121840743317,18.27244748209783,-0.012482350721184338,0.5519799360030471,94.27290919260052,181.9855251242295,0.9848946546251978,0.8180891435367807,186
85630000,ar1,zero_shot,CAMELS-BR,0.4624263828877182,0.6622422143402482,17.695759616495614,7.353072117665123,8.51349696712311,-0.017170588238641413,0.8416258445986264,68.50336913674676,116.72142761775262,0.9134051121666483,0.7082134061022765,188
85642000,ar1,zero_shot,CAMELS-BR,0.9436417553133034,0.9472773243154203,180.45562157162777,86.66709556734142,-2.5985968095430416,-0.0007655942406026364,0.9554737160122287,613.3955146795662,1088.45914083638,0.43575160298057747,0.4579570287859935,187
85650000,ar1,zero_shot,CAMELS-BR,0.9696668715323289,0.9748647593271649,119.59547990708566,66.25549082515334,1.8055415923790021,-0.0017770350889200967,0.9775109291278787,417.3113533418895,608.7910222211166,0.522741139732944,0.5277709033904939,110
85670000,ar1,zero_shot,CAMELS-BR,0.9289632489631282,0.9571620139066042,11.959944548217816,6.559077965989864,1.7106829756307775,-0.0025426306955907835,0.9764393982003926,23.4330270761953,47.19358717070378,0.5856315906328611,0.6229588992735222,100
85730000,ar1,zero_shot,CAMELS-BR,0.5512028524495233,0.46529344669590755,68.14693868819289,27.945173048713617,-9.187781049868383,-0.031844694466092366,0.5048739329490342,265.93089177257445,491.8755684198461,1.1687524675113725,0.7146341036950554,188
85735000,ar1,zero_shot,CAMELS-BR,0.21196770828055056,0.3555276154127972,42.6482955949898,15.194453457485134,3.800084746806485,-0.01888000479774264,0.6173179464098257,178.7209773777264,337.7728421665344,0.9617995045835555,0.5625662746113625,187
85740000,ar1,zero_shot,CAMELS-BR,0.7035716741649884,0.7478299441301245,35.95395604144469,14.899916973641245,6.150754894729966,-0.008265655794560782,0.8035201158217757,126.6398253293081,235.37214175275662,0.9252026136166888,0.7516261026444105,165
85780000,ar1,zero_shot,CAMELS-BR,0.973700578840795,0.9618301110486162,7.350675070876257,3.9940630113804314,2.802757161041823,-0.0013994647726724221,0.9637703026035789,16.502862493468257,5.993701532934014,0.7035743858407919,0.6723004901310827,177
85830000,ar1,zero_shot,CAMELS-BR,0.7538822111498071,0.7586211190001764,12.17601692545534,4.483237644201386,5.40734961713796,-0.048006140977072835,0.7928783287239406,46.2420471675233,89.61024273642501,1.0282482428291506,0.7923601078140488,188
85850000,ar1,zero_shot,CAMELS-BR,0.7676148844243436,0.8190046309187284,12.267002293969787,5.546746861698014,-2.1086688461129546,-0.006737921974463799,0.8662572119050266,46.453475813787,46.23474750246831,0.8648109170556396,0.7133837503985532,188
85900000,ar1,zero_shot,CAMELS-BR,0.9820450905064427,0.988610889946698,143.71539479700988,76.08775967056603,-0.3007749962356138,0.0029254036199967,0.9921118712421817,279.25649038064637,428.92911898258166,0.5263271014621526,0.5371362002648229,179
85990002,ar1,zero_shot,CAMELS-BR,0.9777341899954034,0.9798797527155909,123.97123961572746,80.86555143237061,0.703537851376043,-0.0007302933313863384,0.9832197879949091,181.52359294267222,33.29236472516904,0.40746897613996336,0.3925868313435862,188
86099000,ar1,zero_shot,CAMELS-BR,0.7590170543041381,0.7634064291585125,26.285372023418553,14.461834506158771,10.345770828695516,-0.008679848999667259,0.7982483555276404,96.55233008525808,162.56089734816118,0.8562341359242569,0.6642582022109833,188
86100000,ar1,zero_shot,CAMELS-BR,0.5404868485926705,0.618256057061956,90.53418503971595,27.274446369741938,-6.776425366738169,-0.009437675082554092,0.7243469692767566,379.2556196231792,646.8900689675611,0.9566195581936041,0.7245116679613105,186
86100600,ar1,zero_shot,CAMELS-BR,0.6334976096368783,0.6788831592363165,2.324732865083311,1.3748449641748604,6.641136896050913,-0.004150764932411491,0.7492727636884813,7.6572160793950435,5.534185780688762,0.7909850625161108,0.5126097013720305,187
86160000,ar1,zero_shot,CAMELS-BR,0.5446410710638363,0.5812309849727102,40.32862302781582,12.795603581785144,-5.374263733465599,-0.01294950194323613,0.6669061474947968,173.25962463026875,321.8348656406047,0.8810182036959314,0.6665113124619698,179
86250000,ar1,zero_shot,CAMELS-BR,0.6098467246065966,0.6805138311218774,79.95889870699102,32.8143126849751,-0.9735873536337672,-0.009059374781875452,0.7664557691438532,324.2348676332359,471.4685639127721,0.7601903125215228,0.6469247464633472,188
86298000,ar1,zero_shot,CAMELS-BR,0.5291979569073294,0.6572572747723335,190.56276628055588,94.5502709585996,15.134940766521899,-0.013684963620777667,0.7742158162674231,746.3338964683404,993.2689285324756,0.8762932734609665,0.5999543807506029,114
86300000,ar1,zero_shot,CAMELS-BR,0.20634833137796382,0.5213388661160614,154.61993408682335,37.148857148387236,16.158441584395298,-0.008573221541072519,0.5629267259493667,663.5016304496871,598.4572618419236,0.8557832586063351,0.7744886728187205,188
86305000,ar1,zero_shot,CAMELS-BR,0.6545486527725465,0.7045678518850833,113.29051445130908,56.33846212453599,6.9965642682808475,-0.013615866071473963,0.7721614433797067,439.2334051657024,795.3495696517981,0.8325696284098232,0.5752161104681246,188
86306000,ar1,zero_shot,CAMELS-BR,0.10719529695138719,0.34352784988926066,255.9663999830334,122.67482246115829,-14.823323793610966,-0.014042289867568395,0.5902115138387474,921.1714732048623,1220.5395079971806,1.210994890663616,0.6784104026626437,65
86321000,ar1,zero_shot,CAMELS-BR,0.45043678534860976,0.6467044913775768,4.537169689296118,2.7925252993448555,3.1434420191028947,-0.006705558912498372,0.8292854615899482,16.413050512132514,19.353500291599833,0.6150876064000936,0.42649223381355034,36
86340000,ar1,zero_shot,CAMELS-BR,0.7133724890250807,0.7661655729435117,7.273788358240367,2.9381121841575104,-0.26340647779768783,-0.014364303791228866,0.8242814242690412,29.257967468028447,3.1541897277196784,0.6198750456123281,0.4993471315409294,184
86360000,ar1,zero_shot,CAMELS-BR,0.5859314823260094,0.7820015170756023,6.285165792906565,2.447375088994286,8.373206485451128,-0.006451953844486949,0.8787618307334764,15.16870840436884,27.294853134667765,0.5642013532150427,0.5309888425163477,179
86401000,ar1,zero_shot,CAMELS-BR,0.5544782062455925,0.7106236511258703,27.268635040212313,12.242253694828369,14.37798154169379,-0.007774041729269656,0.7622138551013737,88.76557832028736,53.18994493363,0.7025267861764349,0.6905897619555316,188
86406000,ar1,zero_shot,CAMELS-BR,0.8021060446878925,0.7036066082100403,13.730931115407584,5.866652048055534,-7.618891754945547,-0.004899529786951601,0.7149195143127594,51.7449661482849,62.48666801629967,0.714058991852523,0.5607395370085873,153
86410000,ar1,zero_shot,CAMELS-BR,0.562806318793847,0.7865916498907557,131.2967194051091,37.722742955273134,-1.0371810972395337,-0.00633747966362384,0.9515090615967928,520.5945348157405,269.5667767377861,0.801105638578846,0.8555141988898327,169
86420000,ar1,zero_shot,CAMELS-BR,0.6541727829197979,0.8290360174361775,9.315818752480302,3.3660770426040503,1.601729656717731,-0.005887166566313429,0.9238360509666645,38.03185035345563,37.8060888258193,0.6985101595515254,0.6393242159169048,188
86440000,ar1,zero_shot,CAMELS-BR,0.6031415577974366,0.680641778833349,60.31221276532377,24.7181596382594,5.31487243083419,-0.007585923697496711,0.7668244168478378,231.51285753952502,442.0137791904765,0.6757829069086982,0.540945749056402,188
86447000,ar1,zero_shot,CAMELS-BR,0.5340679309210197,0.7448521751230448,68.98090324845185,33.80430296023697,8.683340413184103,-0.018650576031850958,0.842645383240407,267.2430157823319,239.60322487363408,0.7606551404058192,0.5284996665476676,105
86448000,ar1,zero_shot,CAMELS-BR,0.6913481380576842,0.7279404056773426,160.79798481545402,86.83533627428139,4.340002132282483,-0.01000040971937552,0.784275758142617,596.8454007790635,911.4551863611052,0.7808580999828209,0.5277104967189016,188
86450000,ar1,zero_shot,CAMELS-BR,0.6654053858063803,0.8223164438046919,405.4113403486981,158.59530299539625,3.653497524201322,-0.014372443343702912,0.948448088606926,1464.6607537870336,265.03543863190544,1.5546531852288143,1.2392842584888453,56
86451000,ar1,zero_shot,CAMELS-BR,0.22215268209784267,0.1024567665229168,751.7615051569811,199.5373275313252,-25.333762719171816,-0.017044995948976342,0.1436737896984972,3114.680986453812,6340.471199084012,1.0929986088848902,0.40057860968505393,87
86460000,ar1,zero_shot,CAMELS-BR,0.6050625037857382,0.7443033777478814,380.1654627331011,136.23176444622504,13.8594736778685,-0.006566878950633461,0.7971745466901513,1512.9732222413766,2178.876410183993,0.9360093162580799,0.8298152985019709,188
86470000,ar1,zero_shot,CAMELS-BR,0.27563632075767863,0.6493688130297537,406.8070541685506,120.45085281527552,-1.1648161537732271,-0.012990186125397905,0.9397860872679932,1695.1255479019185,2462.9128314431764,0.9192616196584404,0.7479068918032731,184
86470800,ar1,zero_shot,CAMELS-BR,0.7451955359551049,0.7327154712772193,155.09299547520203,86.77624138909316,3.675285435483798,-0.007303828851025106,0.765466317005191,575.3218502460287,796.6524020546055,0.776781647273179,0.5339700857230177,188
86470900,ar1,zero_shot,CAMELS-BR,-249.18261539080876,-5.154953367566616,81.47806016723501,73.55689733198176,184.89701262223048,-0.000702748195742823,-5.091808055717419,67.56100296438919,67.56100296438919,0.09509571751756253,0.19297276767335528,19
86471000,ar1,zero_shot,CAMELS-BR,0.10408963193595844,-0.03172454752062204,519.1128513818526,203.00437091125744,16.2220895254714,-0.03444733426029924,0.1469626886329598,2173.58729810317,3741.5764641754527,0.9236389030040801,0.27075225751196974,57
86472000,ar1,zero_shot,CAMELS-BR,0.03039235713819588,0.4790978291245226,511.4968581222879,131.04175531981124,11.210052935904022,-0.008583676044455674,0.5467336331210179,2181.744252535883,649.3247071045868,0.8516845681702981,0.8429402271791944,188
86480000,ar1,zero_shot,CAMELS-BR,0.6475203266968341,0.7736809320136104,44.1041668637315,13.890568640584467,-0.45864743658294754,-0.012807520897696007,0.8773880320085248,186.49926349285772,320.8656318186051,1.018747305992755,0.854757706337361,153
86488000,ar1,zero_shot,CAMELS-BR,0.6927130807115021,0.7695292072569875,16.392776740113163,12.506673398595968,15.69708670932018,-0.015208451348134982,0.804223455062374,11.334588946108113,14.341370560182142,0.6071393508508635,0.4730988566669924,37
86490500,ar1,zero_shot,CAMELS-BR,0.5349865769147437,0.7115316461063029,52.21575164015762,21.79781604837404,9.64297790244564,-0.008409641791712698,0.8579791587424022,212.4447603529789,359.7761696502923,0.8429553480664099,0.6454631324223736,188
86500000,ar1,zero_shot,CAMELS-BR,0.4605078932200446,0.49306149862594595,59.00110250157052,14.809844639030116,-5.774106633779338,-0.03938157958064457,0.6032566404764625,251.97000040759028,557.5438939157302,1.0984062569826951,0.7777545643729292,188
86505500,ar1,zero_shot,CAMELS-BR,0.5719304515877971,0.7288799121481964,55.518667665021574,22.32768094964188,6.175637248984208,-0.007341318902185477,0.8634586261685259,228.94030307805656,389.57965074941603,0.9272542247486577,0.7547976489369688,188
86510000,ar1,zero_shot,CAMELS-BR,0.7118394321411767,0.6455250034634443,467.94723771513395,135.61324148832867,9.723872747909494,-0.006797288778295919,0.6495040465291853,1988.3539374197615,3856.529878965471,0.8880500516909536,0.8668873241487568,188
86560000,ar1,zero_shot,CAMELS-BR,0.5202832884384903,0.7366989434383205,38.290337168594114,17.188479829146065,11.548251422999249,-0.01605045397022173,0.8726322079018645,147.72177598939174,242.034214603965,0.8489815622736223,0.6173895473008789,153
86580000,ar1,zero_shot,CAMELS-BR,0.405427383227867,0.4944047090059641,59.89482266177831,28.440742833050805,9.1214873522728,-0.016138320838412004,0.6439075139283024,244.6466933348391,423.3261951298254,0.8845076882264554,0.5074920016815865,158
86700000,ar1,zero_shot,CAMELS-BR,0.5983961217746779,0.5049290150531744,16.877361291458413,6.0697119050979484,5.5835687766423465,-0.021734549692545832,0.5326069471446548,70.77498955865883,144.2715535705407,1.1805556888598285,0.7182455855515659,188
86720000,ar1,zero_shot,CAMELS-BR,0.4678544106323038,0.41894490951643737,619.8831920972708,190.1867927276106,-11.59637141928984,-0.014707265926502594,0.48776966086641727,2625.3311611629138,4922.849783195273,0.9460764226146252,0.6387682222397306,169
86745000,ar1,zero_shot,CAMELS-BR,0.2580374953950437,0.557396472379571,28.479924318031888,11.105658646933037,17.909456270377536,-0.03518029257612857,0.5994324717905277,115.77757372010609,160.37148681790774,0.9434631128071449,0.8423766825375706,179
86879300,ar1,zero_shot,CAMELS-BR,0.8988293459257579,0.8641629607859902,510.38504659124584,174.54691570478371,-3.9629007794970668,0.00048652813665575525,0.8695435211084475,2123.048426967505,488.28108478369904,0.46238978222210153,0.38262801396224344,79
86895000,ar1,zero_shot,CAMELS-BR,0.780589363442699,0.8842407413603129,381.10444868972627,182.46536122713758,2.6842721855513996,-0.003514637711684688,0.9651340470139701,1374.9613514647012,543.3752096522682,0.7938242967883921,0.752630671301544,188
86950000,ar1,zero_shot,CAMELS-BR,0.9313391671842735,0.8901523820889585,95.32103569362292,57.911787191319654,6.7272160453470535,-0.00185235966011452,0.8945469114913277,292.0884108820099,220.07728708031595,0.6426809097221452,0.5843511027228981,58
87035000,ar1,zero_shot,CAMELS-BR,0.9633767598191707,0.973931080924884,172.63763946791386,118.9030680592755,1.298780453858925,-0.0006137201692482646,0.9812049064096455,353.69391849422465,202.19582075256153,0.41781183217464224,0.4151777389471355,130
87040000,ar1,zero_shot,CAMELS-BR,0.9067592109070591,0.9422242523501112,377.1037192477217,264.55341628719026,0.6120678569746032,-0.0009340227456748028,0.9670273255720833,508.7540288025176,350.1896129915372,0.42965462650502023,0.3960566153778707,188
87150000,ar1,zero_shot,CAMELS-BR,0.5458813816482457,0.6473640626275502,30.443271343091343,11.094670654564082,0.3656331031391238,-0.010935290974938875,0.7623834886116608,122.86255955011376,246.333385416296,0.9379808788663332,0.6654580354754576,188
87160000,ar1,zero_shot,CAMELS-BR,0.4211599315304221,0.5043962526718941,55.66888637664244,16.858255132528107,-2.6506873752670437,-0.01830801439203256,0.6487593227283089,229.59292524524312,491.34587747938696,0.8636990919098829,0.5922784138721767,188
87168000,ar1,zero_shot,CAMELS-BR,0.47087886071937046,0.5204042506166462,7.363027599796343,3.2880434253603523,-6.820805015095536,-0.025485707087141533,0.6331512314757117,29.678769891539208,45.46410962180728,1.0698126935337418,0.6409206403398459,173
87170000,ar1,zero_shot,CAMELS-BR,0.8824210086333559,0.9234567304648009,46.313151821810195,22.436899702315323,2.6668644250642775,-0.006446158010038096,0.9451871881184886,143.84826404244768,177.16487465528255,0.8425468051384071,0.8109303388393787,187
87230000,ar1,zero_shot,CAMELS-BR,0.7330311380355716,0.699584638301027,21.061250053769275,9.165364114433489,-13.091976925205818,-0.013566417594824322,0.7308725568497094,77.39261573208891,144.36299373806384,1.0259760158151514,0.855769647378734,175
87250000,ar1,zero_shot,CAMELS-BR,0.8615405136155662,0.923771221799795,10.431036009045737,5.9631841657245275,3.13853467192164,-0.008186463123749193,0.9637152325054452,25.58564699686677,21.339558057255648,0.9054070529166214,0.8496527942307279,179
87270000,ar1,zero_shot,CAMELS-BR,0.7268280061989061,0.8618955897902918,68.65424374034151,33.362202117375794,-2.1500270986821075,-0.004247504394312859,0.9571827717732255,208.4353457316147,181.85343627554786,0.8150588816598389,0.7609986697322144,188
87309000,ar1,zero_shot,CAMELS-BR,0.33329206510118037,0.3426378029695195,25.811099361594696,9.225377200174558,-20.817620072996874,-0.012925687212125813,0.480933819790772,106.93381994316145,142.34122242571806,0.9677758584955701,0.6409654182646198,171
87317030,ar1,zero_shot,CAMELS-BR,0.23063235839057017,0.5768763693698424,24.79791362775802,8.582283349546445,0.20181830167549042,-0.013692193857404522,0.9095119310925872,102.2307501806319,208.40110957377925,1.0503751538011223,0.7277374000684987,187
87317060,ar1,zero_shot,CAMELS-BR,0.9939478310941664,0.9870802354484052,1.874791404578023,0.9286844115417175,0.09253085713820564,0.00028250297599138885,0.987403241688724,1.798696769819606,1.4164816356563303,0.11289282234132081,0.11299442725043382,188
87366000,ar1,zero_shot,CAMELS-BR,0.5317612626900268,0.766775512820113,2.1184516609190425,0.9973001069081973,-1.5258016717589433,-0.006575802170839733,0.9495136858295942,5.844043576332005,13.591753902650348,0.490326202900911,0.47308445364608986,188
87372000,ar1,zero_shot,CAMELS-BR,0.532021429371099,0.7576610912120831,7.27054020175794,2.69615402814275,8.682971406102983,-0.009226743174065924,0.9035048600904647,17.239831508910374,3.888408123488884,0.8042250540613819,0.7531885727537274,156
87374000,ar1,zero_shot,CAMELS-BR,0.8816181647547889,0.8677872186587321,21.722440354044828,10.094714334751828,-2.054093573795156,-0.004844382760218063,0.8814316879671691,80.29026980278036,143.36496363267923,0.7850052594284289,0.7356692047299893,188
87380000,ar1,zero_shot,CAMELS-BR,0.9478066544514281,0.9632818098469066,24.498877276867102,13.243817453006491,-0.24747012165836604,-0.0021000269516837575,0.9743081587722778,76.59827525974858,19.86183664059809,0.5959832038478774,0.5739760887841017,188
87382000,ar1,zero_shot,CAMELS-BR,0.9390746071328516,0.9693352625527089,43.756714989585724,17.73319474266385,0.12480689512168872,1.2310896558391515e-05,0.9906043474275043,103.42915234635504,168.5655848650509,0.6071397853190714,0.6236654938077145,188
87398800,ar1,zero_shot,CAMELS-BR,0.593262106232431,0.664222461466289,2.7183126997391054,1.0943269399229936,-10.037943930329645,-0.01840980843383335,0.7533719399709105,9.93342187159853,15.449615424849558,1.0351102541977117,0.7846069622657458,188
87399000,ar1,zero_shot,CAMELS-BR,0.985731353929794,0.9868071827736029,3.784812144115533,1.8941087823588751,1.1113496543993684,-0.0002352965397720147,0.9887284651569443,11.25873198762272,17.987125724444105,0.5331087275861796,0.5110867294246325,188
87460200,ar1,zero_shot,CAMELS-BR,0.31622467112624464,0.273094087359941,5.060096699458185,1.8967370596235456,-14.869996027993547,-0.014961405517317266,0.3981899447158992,21.599086196134092,38.94669934462693,1.2772909763934386,0.4550578383846083,179
87530000,ar1,zero_shot,CAMELS-BR,0.8719151816285117,0.9125115892804787,1.9556066026725836,1.2684859517091969,0.6093760116969539,-0.0024808124484612098,0.9426259529644845,4.189242861910962,4.880615391134429,0.3658305393210956,0.3455802683770809,159
87590000,ar1,zero_shot,CAMELS-BR,0.6745418800874042,0.7640544551064514,39.32535706841496,15.377855357894262,2.0829020057462304,-0.015757025912971366,0.8440456801400433,165.19190857232263,256.61787567900836,0.7719823821595734,0.6705516270058994,179
87670000,ar1,zero_shot,CAMELS-BR,0.7540885167563532,0.8731766951334929,147.3947565261317,50.50352603792863,3.482936493284411,-0.01097278485390095,0.9580242822944206,402.62868010167995,249.9394725580375,0.857185493091813,0.9200544376127676,170
87730001,ar1,zero_shot,CAMELS-BR,0.4167557421367122,0.6751607947062545,121.40161035686208,38.30497053225169,1.4045885093317525,-0.006751373897856898,0.7451312134964411,505.2227146239439,493.3817676244128,0.8854497375600262,0.8527451131592538,176
87750000,ar1,zero_shot,CAMELS-BR,0.4095848278506241,0.3961976828300896,1.8121720668777268,0.6422277684021366,-3.460316660846547,-0.016666962324648905,0.5009311447248972,7.692079786196445,12.253284180629919,1.1394214994963305,0.5848383072008102,188
87780000,ar1,zero_shot,CAMELS-BR,0.9465712167374515,0.925202418785618,1.7076541631922766,0.8291002126348486,5.955729749204178,-0.012193073671968271,0.9284530020971627,5.9666142167970495,9.853190811755383,0.9642578288190434,0.8873114561679758,182
87800000,ar1,zero_shot,CAMELS-BR,0.6524804102752696,0.6658038849554966,2.862948359319861,1.0755761802316057,-5.647675349317665,-0.0033585498100267563,0.7225660754550705,11.71013897483855,15.21407663990191,0.7684447140758093,0.6324312566778352,153
87810000,ar1,zero_shot,CAMELS-BR,0.5353377733139391,0.6694753344442289,3.878577088342664,1.2892292140100001,-0.32832207457787377,-0.007328224486474622,0.8024611243844699,15.62657394234708,28.472738805808525,0.7234476692549555,0.6469430854387962,188
87820000,ar1,zero_shot,CAMELS-BR,0.7741239721974935,0.8376134117803975,94.38177635669578,31.362529648950748,-2.0975810208293555,-0.0004648856550355518,0.8899412517458619,392.51383068666394,641.2656914692274,0.7433132570134533,0.6582133670080107,176
87840000,ar1,zero_shot,CAMELS-BR,0.9046040307593863,0.8581235023496461,73.14385978676813,29.547585212722737,0.2841437665431832,0.0013476756352406964,0.8637170307347984,277.25704335560806,443.0204432977963,0.8074451246115428,0.7514321278741956,168
87850000,ar1,zero_shot,CAMELS-BR,0.8936811024247704,0.9393734185156758,7.449916937324423,2.5416793245537193,0.5703100888950028,-0.0019425490835839991,0.9715666000382162,26.095772272339282,20.716606761740312,0.8632096417768534,0.8455738080386409,188
87865000,ar1,zero_shot,CAMELS-BR,0.6734647708338644,0.6058652088399425,7.816322083145337,2.8809241003847754,-5.125648477037679,-0.0038256313509709445,0.6333476365707864,32.56824981078713,55.620198845301495,0.504638680553087,0.3212427926138002,188
87880000,ar1,zero_shot,CAMELS-BR,0.8501860191066316,0.9207208396351265,27.69971783444433,8.664067367372253,-2.615777846524404,-0.014292748601565135,0.9692067378858075,113.8738251329568,184.00555627257253,1.438029782939187,1.3940865590627112,188
87880001,ar1,zero_shot,CAMELS-BR,0.9024637267568492,0.9205743062597502,11.553426117644443,6.273273515806867,-0.2573095484757383,-0.0007263554714622977,0.9381978361795741,22.762648404461494,12.236305344571354,0.8145473092489364,0.7380305887963783,186
87900000,ar1,zero_shot,CAMELS-BR,0.9190166335906023,0.8739833438490434,88.03212604388402,38.25299309848063,3.6095281052456514,-0.004254667468349203,0.8769998177059739,311.62114773669066,433.8892762358826,0.8617785333823609,0.8745885148191676,138
87905000,ar1,zero_shot,CAMELS-BR,0.8993541848385572,0.9071471521209276,198.28554294587715,80.78038586410575,-0.43483822692924196,-0.009367268014898684,0.9222511529907216,751.6376803420267,561.5953819438117,0.9028607420952911,0.8511497530908464,175
88020000,ar1,zero_shot,CAMELS-BR,0.8635365059774898,0.9248979189528219,13.404848650286008,4.757059302114244,2.4585849775347053,-0.005562036646772631,0.9627710679272324,54.274155954264565,34.883463587477,1.2006640906900994,1.1018211089035765,184
88179000,ar1,zero_shot,CAMELS-BR,0.29309739436554194,0.5488764081418898,5.807561019114936,2.0284592072589,2.8479837196816105,-0.023707099767850136,0.8119816081056089,24.03349852484098,36.75054104739558,1.1451612903225807,0.7852650232439482,186
88185000,ar1,zero_shot,CAMELS-BR,0.4136012885860866,0.4747408521749701,4.816850273797447,1.4974697436741524,-7.58099737410049,-0.008311080156828372,0.6108762597231485,20.203048108587584,34.14396917501529,0.9778022070948376,0.7056224115794231,119
88220000,ar1,zero_shot,CAMELS-BR,0.8548751512202867,0.8578666409224904,66.00434404231761,28.003126148572736,-3.2374727933399177,-0.008815269133957297,0.8787382840995916,223.95725990915756,377.8850121150796,0.987016097040254,0.8998736141174157,184
88260000,ar1,zero_shot,CAMELS-BR,0.8388744644675494,0.8702720221927245,109.49411515086939,39.93774559579443,-1.1285191020425889,-0.015855210946856227,0.8997777441927642,384.67450047390116,312.08694482615806,1.0062823802877756,0.8142461529310057,182
88370000,ar1,zero_shot,CAMELS-BR,-0.3411698751895784,-0.2798314768378136,22.16118353925986,16.753362926330034,70.96730311073689,-0.009254095140738938,0.019092118334084196,59.5960011235322,93.92244339512382,1.0096135926946979,0.14309091938259688,130
88400000,ar1,zero_shot,CAMELS-BR,0.9402357256291063,0.6782145581796766,2.6521832120855,1.6611212274471843,31.570678336657036,-0.021560954784326476,0.6788051120186431,9.991744164742842,6.840068210939052,1.1610230840128117,0.6669395561868442,97
88550000,ar1,zero_shot,CAMELS-BR,0.4846844042099374,0.5796009540815843,30.84338451169989,16.5246491219226,33.20064145020767,-0.028290940916813563,0.6183750638718928,122.01073598937396,73.13463299152295,0.8088599667245157,0.6082955788346941,160
88560001,ar1,zero_shot,CAMELS-BR,0.44835214202879903,0.43252624448726584,97.52213352093368,27.971810638235425,-9.96607638982792,-0.010514310123495126,0.5235686265609055,415.21590913104643,716.2564026742208,1.1682424397754405,0.8080920602004374,188
88575000,ar1,zero_shot,CAMELS-BR,0.4367632849675146,0.4064902084155211,41.97944521229078,12.484271358434016,-18.709452285952736,-0.021369305909624207,0.49898949655022895,175.78286260756644,272.2447011051484,1.0175929713203715,0.6693560973401257,188
88600001,ar1,zero_shot,CAMELS-BR,0.757903384894779,0.8277383071783069,35.2151428263239,15.470074963887296,7.05598412183816,-0.009956277642826968,0.8831875027095075,128.59745610488594,226.3075995346565,0.8228626213862544,0.7243750572176831,94
88641000,ar1,zero_shot,CAMELS-BR,0.5049125530935582,0.5392705006116193,135.10073040907878,48.08942792913954,-10.20076938174561,-0.018721368558312548,0.6373027194194076,550.3033082896319,837.794822069321,0.8462427030107702,0.6076378118350558,188
88680000,ar1,zero_shot,CAMELS-BR,0.7200918366105902,0.7874889187207108,81.54187423511041,42.41936266109292,7.8565907580336,-0.014645113054365139,0.847428651328838,281.8589571745252,489.6738069136195,0.9075573411956385,0.7078055609499425,143
88750000,ar1,zero_shot,CAMELS-BR,0.4687493369149638,0.37335294159766463,6.353664647737243,2.1512527981049256,-18.327053001220957,-0.018079444355973594,0.4241849953704343,27.195614585519508,41.8014021797256,1.1588641532820168,0.7198115070486856,178
88850000,ar1,zero_shot,CAMELS-BR,0.16903174880872962,0.06592069963919067,16.61225248771728,5.108167181935288,-21.259300124883186,-0.019923625296081916,0.22859790509919808,71.02152057881331,129.87352306461213,1.0554090541112398,0.4149016577188975,171
