basin_id,model,mode,dataset,NSE,KGE,RMSE,MAE,PBIAS,FDC_slope_error,FDC_KGE,tail_RMSE_95,tail_RMSE_99,RB_flashiness_obs,RB_flashiness_sim,n_predictions
003303A,ar2,zero_shot,CAMELS-AUS,0.4076377173238871,0.11337719682615277,0.1705966454028165,0.026604511508772195,-56.378825865421916,,0.1240893449842212,0.7385832865133416,1.5760883594109438,1.9446814931196845,2.154131236059323,188
102101A,ar2,zero_shot,CAMELS-AUS,0.5944201385294836,0.4589318903929328,6.731436695924664,1.793671799025765,-12.669238675744468,-0.049619059190013685,0.47994009580648855,28.459563815516542,53.774492322936005,1.3004559896696557,0.8038211391358966,166
104001A,ar2,zero_shot,CAMELS-AUS,0.38293075336784343,0.3728990921730333,1.6030852886112845,0.4763607325850179,1.2973659692815191,-0.1647901264543752,0.48778474474642686,6.830485283336225,13.227956382994359,1.162646475264132,0.5995475753185439,188
105101A,ar2,zero_shot,CAMELS-AUS,0.5341998112772086,0.7373564080037311,1.7938923282844463,0.6720019590306171,12.13232456809565,-0.0404222696546523,0.8760470720408771,7.041033691946194,9.02019005156628,0.979072045435139,0.9181066902097508,188
105102A,ar2,zero_shot,CAMELS-AUS,-52.004532074115964,-7.063980437453969,33.69235101840984,3.15052423585293,378.004134192544,-0.08510479902077042,-7.0639778635517665,146.42199047448517,310.5068930195665,1.7989303859125025,1.7575022583974451,170
105105A,ar2,zero_shot,CAMELS-AUS,0.25735219318373137,0.4810694772192987,4.770881573529099,1.1945250660201439,15.097794158577747,-0.06727562443839444,0.7318940247459635,20.325434477182142,44.000071672359866,1.243514995205771,0.8193647696287352,188
107001B,ar2,zero_shot,CAMELS-AUS,-0.558507717232793,0.21415839927494573,1.9945106325539097,0.4873276267096997,26.05283640534405,-0.012532835592741383,0.26778207814455646,8.554735707879226,18.177358187861298,0.8890151102229046,0.8120577559288735,188
108002A,ar2,zero_shot,CAMELS-AUS,0.5145543140758337,0.339243928600965,9.374000074171462,2.1335316611385653,-11.994132874384867,-0.013867137243049034,0.3425728411011866,40.07957965211592,88.55006557237972,1.1471076712160915,0.5531348065106043,188
108003A,ar2,zero_shot,CAMELS-AUS,0.6153045557643331,0.6644755878379405,3.9352253589173753,2.047043986988642,9.119510877873724,-0.01307621753163373,0.7394760980475067,14.385433622083173,23.430138435874238,0.7446641618282213,0.5280763690841107,188
111005A,ar2,zero_shot,CAMELS-AUS,0.5668958638162,0.7369336109468654,4.621232747568591,1.5758646633810542,3.19357138200285,-0.01124996866274772,0.8810711577044464,18.418598189341978,36.173000376916335,0.787627141934189,0.6436064456146002,188
111007A,ar2,zero_shot,CAMELS-AUS,0.5672723434685865,0.7198488231060631,6.156613649270896,1.8990902045923848,2.067313500201808,-0.013901893480318573,0.8364307630547738,25.771351707071652,53.33882337903148,0.9157185686514582,0.6731405836883644,188
112002A,ar2,zero_shot,CAMELS-AUS,0.39646778505195057,0.6431006283530718,6.117317151163822,2.3801943196918014,3.1624914822855272,-0.010419709996883648,0.875260356124955,19.3362482887459,33.22676431312146,0.5723217138676303,0.4581972460253095,188
112101B,ar2,zero_shot,CAMELS-AUS,0.6476793429927197,0.6937798211803206,3.542634467605178,1.4385860096317906,-0.7330171782513758,-0.008351723773507506,0.761805694676723,13.5880733690693,25.024624892404084,0.4593071655291215,0.3585979441536121,188
112102A,ar2,zero_shot,CAMELS-AUS,0.6229246914501964,0.8072837429152175,4.635670426411025,1.7958627082184069,3.455871998907446,-0.010878187876956984,0.9033088068941912,14.851405397587053,18.020120305063525,0.6079992279032045,0.585166026388484,188
113004A,ar2,zero_shot,CAMELS-AUS,0.7124401069883426,0.6959160028888287,3.003059902476924,1.3444566086932144,-3.40286080488932,-0.006476638378952352,0.7337985609900046,11.661091934960579,20.327992733628122,0.5893250966884187,0.4107346367710104,188
114001A,ar2,zero_shot,CAMELS-AUS,-1.1385725167893055,0.12851487591753752,8.850597917236946,1.8822887991319806,19.10519306064747,-0.019629597053006386,0.2543879678491644,37.94966593508411,28.08674304009372,0.7469979094808618,0.6726568447231844,188
116006B,ar2,zero_shot,CAMELS-AUS,-1.2174473562708252,-0.36199992814978255,4.083226061299695,0.5697840928096778,43.04224691151689,-0.024765775431910168,-0.3607731440245685,17.675901900280824,38.41918430192144,0.8533755684180594,1.0710149499267188,188
116010A,ar2,zero_shot,CAMELS-AUS,-0.7651928223900262,0.016071054068715673,5.879490172169251,1.1172567443782782,24.808778279749937,-0.02947736210516903,0.02006322075896827,25.395942931342233,53.40390006653171,0.7749065228656343,0.8141368798833891,188
116011A,ar2,zero_shot,CAMELS-AUS,0.35854196430834306,0.6230834145101308,1.560515536000726,0.6361448944067397,19.089617029858303,-0.012328270339084246,0.6879892484150347,6.172241687731976,13.03453902268914,0.47233352081834,0.3883126524497028,188
116012A,ar2,zero_shot,CAMELS-AUS,0.03032623544604851,-0.17913978152239118,9.277289792226986,1.8273357820722635,-29.33296025201111,-0.011238836532793952,0.14472978220291732,40.10953800157474,85.86601101696492,1.5216541512157562,0.40690752511868994,188
116013A,ar2,zero_shot,CAMELS-AUS,0.7986054357495119,0.758496868508377,1.0968707367068582,0.5564404678126206,6.814432419488019,-0.018316105358835655,0.7789598018190974,4.243470110075251,4.652925391337341,0.6835664386088395,0.4298620403396302,188
116014A,ar2,zero_shot,CAMELS-AUS,0.5644262732551095,0.7575565637974708,1.3297659576792418,0.4363374319502032,11.313960265892494,-0.04774588759294882,0.8386288912425983,5.453536244428672,11.288590016992586,0.9461165009283252,0.7408550576375901,188
116015A,ar2,zero_shot,CAMELS-AUS,0.6555452663437151,0.6842528656768837,1.3834759049490262,0.632268455537042,4.096631468712065,-0.019620265335898123,0.7451361167001659,5.392877434747582,10.0551283216462,0.6471466082835667,0.430608714032797,188
117002A,ar2,zero_shot,CAMELS-AUS,0.6934458335294154,0.49440432906194187,4.870844265997912,0.9543922770578243,-11.73400468138423,-0.059990102582213524,0.4970408989919586,21.003005309866772,44.74643939354435,1.2685687691226752,0.7720710493313804,188
117003A,ar2,zero_shot,CAMELS-AUS,0.5818328216461413,0.339730460570294,19.985988962306518,2.7253648057521698,-26.418750967877063,-0.06719842351396303,0.34191229953511615,86.59994177556054,189.97736935227675,1.4031182585903532,1.0067367803529368,188
118106A,ar2,zero_shot,CAMELS-AUS,0.7114267730360768,0.5062277976958194,5.150822591270968,0.8665266068815206,-15.28016257696163,,0.5077616433698511,22.26697486624742,48.586197601240535,1.1756320120621417,0.7239376663347067,188
119003A,ar2,zero_shot,CAMELS-AUS,0.618751174030628,0.39372993570934345,4.3742556462857305,0.5208923973375449,-26.110586609194748,0.002291629945908761,0.39623384150005736,18.949673313513593,42.12480175327891,1.3307789268830952,0.8050618337927673,188
120102A,ar2,zero_shot,CAMELS-AUS,0.56870456639152,0.24484970400225448,13.301512539774969,1.5657341027434135,-37.592441231252835,-0.13501965525526527,0.244851004950963,58.78293479664298,124.51848781844325,1.782204937318874,1.034171519266663,176
120301B,ar2,zero_shot,CAMELS-AUS,0.549881023814686,0.6559670195444867,0.12816683014642044,0.02103766785117983,5.20638349375703,,0.6675897910957933,0.5541074743378753,1.191478095397316,1.4092302380879438,1.4024707759924282,188
120304A,ar2,zero_shot,CAMELS-AUS,-5.15125062179689,-0.7248987733608869,0.15333177472558693,0.022448030290211522,-58.565651425831135,,-0.36605330894381116,0.6633853303729008,1.4719310845310274,1.4795974452121965,5.787874577260721,188
121001A,ar2,zero_shot,CAMELS-AUS,0.07062702362871642,-0.07158948394941156,1.6357788271231815,0.38132887394023696,45.2262944002677,-0.10572198066069288,0.20310434817668332,6.992747553790223,15.579020680575741,1.436457800928222,0.32100362169556207,188
121002A,ar2,zero_shot,CAMELS-AUS,0.7640222524342597,0.73537785486313,3.1012283428819942,0.6753325563731085,23.201670728631882,,0.7623895333487486,13.735492999786876,26.105778044508536,1.6539069224500182,1.1820241323700122,178
121003A,ar2,zero_shot,CAMELS-AUS,0.5743962145404031,0.7744584107032436,1.3967344036057645,0.3133538676197103,-7.419473132307847,-0.059138650285002634,0.8191949876037562,6.033045916686282,12.13791033147716,1.522053674537805,1.0302843859184787,188
122004A,ar2,zero_shot,CAMELS-AUS,0.03753057013622674,0.28442381907882286,31.136386217597032,5.491558068426337,-8.267577944003094,-0.050838607181786705,0.6326130935998782,134.86275360989873,270.2635347190593,1.6148558138097495,1.1191913302573133,188
124002A,ar2,zero_shot,CAMELS-AUS,0.18564961494761933,0.08491895881148814,12.605890538113444,2.0906282335525317,47.69286848316646,-0.015408180140683181,0.08521858241037428,55.71913531736063,116.2538239429668,1.0731903956772086,1.1983205259873861,177
125005A,ar2,zero_shot,CAMELS-AUS,-0.09453608420551007,0.49198834068889885,4.278630034758156,0.6896440540202503,10.83567709442084,0.0008961285951845886,0.6433139406292275,18.533902809825193,39.99502176995237,1.114410337539244,1.135586371328584,188
126003A,ar2,zero_shot,CAMELS-AUS,-16.819713193208948,-2.4900395770912245,3.6500780788656484,0.9919982081043223,122.37737117675769,-0.07986924524728908,-2.4104980036806376,15.552352190536677,3.766117168928182,1.0152748848431326,1.225754899412299,188
129001A,ar2,zero_shot,CAMELS-AUS,0.6813199782174568,0.6077363824087308,2.310475541215743,0.6439200039812283,2.415696665885842,-0.008401779910123648,0.636134129536581,9.931261645674297,17.60673867623206,1.3592161103546454,0.8421274897246401,188
130004A,ar2,zero_shot,CAMELS-AUS,0.53817221819067,0.5106306646213469,0.08816033918368794,0.03392331902906775,36.77036512051871,-0.010254476964694708,0.5823840980835981,0.36593808791035043,0.6384404904567034,1.0361754969348764,0.6710678450128192,188
130302A,ar2,zero_shot,CAMELS-AUS,0.9600976149407667,0.9301277451364405,0.08217411487986681,0.02117440870809219,6.013648565364983,0.0060322718920706,0.930915608449353,0.3530852887434512,0.635573908132163,1.5869224698153743,1.4475641273892086,188
130324A,ar2,zero_shot,CAMELS-AUS,0.6272469915320878,0.26294004380500946,0.5696495177940186,0.05817221997322876,-41.805346135494375,0.007341029403129329,0.26294597805647824,2.46934550495674,5.513686000300064,1.8064807440790933,1.2611679175510833,188
130403A,ar2,zero_shot,CAMELS-AUS,0.6397954399361436,0.09677084908229217,1.0978191409708389,0.490672416399958,87.46002709746416,-0.07110684176376418,0.10454594020830887,4.406932883379512,4.169425785788086,1.5022536444181032,0.9472323265226527,188
130410A,ar2,zero_shot,CAMELS-AUS,0.298124833923176,0.3517703565126883,0.06228057301951519,0.017698924203467175,14.923625685487622,,0.5347023398724129,0.263524856851316,0.4575146374754112,1.737163184077549,0.7073023362974997,188
130413A,ar2,zero_shot,CAMELS-AUS,-14.071462690543383,-1.9501105329952049,3.488206230847192,0.48710211391980934,-80.74499198788087,,-1.773774045581236,15.110472329251166,31.29424322216669,1.5589318996138197,23.241822854112204,188
132001A,ar2,zero_shot,CAMELS-AUS,0.16673868526072588,0.038616774198122594,0.49995544598737646,0.09806635085156214,-24.237924483921162,,0.12730707716459477,2.1531123523102145,4.768980184200389,1.8249439589994805,0.44605610616569036,188
135002A,ar2,zero_shot,CAMELS-AUS,0.33706961352450016,0.14302907886548633,0.3856185539339398,0.08861983355066926,42.626589516712905,,0.15665471397315556,1.579940155798145,3.5325278439696666,1.446787355966597,0.30510206152931035,188
135004A,ar2,zero_shot,CAMELS-AUS,0.7232242569633598,0.5132878969411838,0.2902180178587186,0.08073546403167509,35.81705267190949,,0.5158447934988639,1.1617229028538276,2.575421419064018,1.2379557839306516,0.7209149983645573,188
136006A,ar2,zero_shot,CAMELS-AUS,-12.62409436573119,-3.9476155198990712,3.486166192741606,0.31048093342992517,332.3614451568814,,-3.9476147961378265,15.109941029823466,33.784831413970146,1.878299395416064,1.7241669340399541,188
136202D,ar2,zero_shot,CAMELS-AUS,-0.2759573155372399,0.2795048306143523,0.4054977472699174,0.06732763188562885,24.004667998319757,-0.018439924612648043,0.7521014875850583,1.7530184467367742,2.9960314294314516,1.461732693390887,1.1328910594909838,188
136203A,ar2,zero_shot,CAMELS-AUS,0.5171391788974142,-0.020621710466957266,1.1363737905442592,0.12673584300334126,-85.66490920880143,,-0.018392778818140387,4.926667607916828,9.768028856922708,1.9289104895214,8.553777076022804,188
136208A,ar2,zero_shot,CAMELS-AUS,0.20459721153486354,0.13053360385970791,0.1327281318709015,0.03271032081577021,-4.031126953484659,,0.23283881461215472,0.563571859004811,1.145108181822559,1.6586191774093457,0.275985101873025,188
136304A,ar2,zero_shot,CAMELS-AUS,0.40877287860657385,0.14408024666599717,0.8944492009292739,0.0905520962199135,-47.516895109112625,,0.14526029998540213,3.8779292414241406,8.480907202018738,1.8883584494857653,1.5268026274596298,188
137101A,ar2,zero_shot,CAMELS-AUS,0.4267724246714917,0.5067642230584493,0.3331262921838608,0.10264555682562289,28.931742400465552,,0.6328909317943197,1.388205108556719,2.053671283910381,1.2614856468137683,0.7656663771984471,188
137201A,ar2,zero_shot,CAMELS-AUS,0.17257895116716926,0.26144927934750795,1.0377487206393112,0.2182483381654595,17.2691722409394,,0.524843012383865,4.44358936807146,9.245563643325575,1.6073986299740337,0.7805732039767265,188
138004B,ar2,zero_shot,CAMELS-AUS,0.4121833180318777,0.15733859771419045,12.026470190316271,1.3711188925898357,-36.76106178928829,-0.036552092719434666,0.15742462289901782,52.106277285184184,116.45376383507192,1.8985037638386995,1.0065951203253098,188
138009A,ar2,zero_shot,CAMELS-AUS,0.8966713393563589,0.6625451046023693,1.5617591801612214,0.2625033236650254,-12.176998126747232,-0.03958108228623897,0.6625582544043692,6.744515710013653,15.014499189840183,0.9960142979889425,0.7179816982266108,188
138010A,ar2,zero_shot,CAMELS-AUS,0.14138774534030352,-0.7103077651925194,0.43570271014343476,0.3149034683764681,166.87390562735894,-0.016549878945178793,-0.6820241710680135,1.259395296926319,2.433148981563176,0.8928471091314947,0.24829796276205612,188
138110A,ar2,zero_shot,CAMELS-AUS,0.42139417238658416,0.5215245150987147,1.3817139082722492,0.29795701131264535,-2.51505724941564,-0.02416733247089484,0.6728166580768256,5.927954160661689,12.285145989680359,1.308012469700413,1.1521065713675558,188
138113A,ar2,zero_shot,CAMELS-AUS,0.21378020411950294,0.010238502054623733,3.4819251997298055,1.0248361154842076,55.9844273054718,-0.02956459375882579,0.15052699214794818,14.6841319972173,32.50575132571473,1.5346493269903632,0.3910526620313937,188
138903A,ar2,zero_shot,CAMELS-AUS,0.7251391217286502,0.8404519569066682,0.6603206808317165,0.19433887298800004,-5.744910982266355,-0.027259279624947723,0.9014168542085352,2.8167658651242187,5.090058922104162,1.2838213516435186,1.0940982279576357,188
140002A,ar2,zero_shot,CAMELS-AUS,0.11464923243125202,0.10035692935473484,2.253315120300064,0.5280408512360838,-2.5910084663064405,-0.00549590469964607,0.3829488353582836,9.689289534787163,21.002886379742623,0.5585931687422443,0.2951754375165403,188
141008A,ar2,zero_shot,CAMELS-AUS,0.8580641310264374,0.8116043985838046,0.8391834240959497,0.3684598300344325,-3.813508249220798,-0.02629765794417727,0.8234795761584813,3.256596350039739,3.6449452663212414,1.0909457381025087,0.9013073553452183,188
143007A,ar2,zero_shot,CAMELS-AUS,0.04546172336595533,-0.18752146897376298,0.37432406249886,0.04959959801310982,-44.371425175067394,-0.06848249642662439,0.10165570929001522,1.621966903665017,3.5821413308530388,1.5498568210194887,0.713680738614186,188
143009A,ar2,zero_shot,CAMELS-AUS,0.559575377210523,0.4699089128177931,0.3569193214585238,0.03839608122691654,-31.907134014292627,,0.4940774479938512,1.5470859773821901,3.451687001451835,1.728425318617393,1.379160205878117,188
143107A,ar2,zero_shot,CAMELS-AUS,0.280708895137886,0.27675123408972835,2.6950440806985183,0.28286202733160404,-35.391094297767715,,0.4468574045236945,11.681756152920805,26.106007244638384,1.8931755475883791,1.4510504366908394,188
143110A,ar2,zero_shot,CAMELS-AUS,-9.09199403705788,-1.6400433437423398,6.720954325434083,0.7264450446430837,118.92357202854696,,-1.5214510421671807,29.13744063461251,12.161543894691698,1.6614990155667269,1.845662695142945,188
143209B,ar2,zero_shot,CAMELS-AUS,-0.5211648639564368,0.04311462921005871,2.042341130337848,0.3243741126560058,-52.10899865295358,,0.40969026706758205,8.85184855446621,15.105286120606069,1.152478742389758,3.6095295978299813,188
143303A,ar2,zero_shot,CAMELS-AUS,0.12234233664595195,0.3260751751364587,6.409229020730726,1.391341425436701,-10.933251710989296,-0.017272043296732223,0.6404652900363168,27.67261531032166,51.357836733454945,1.1495961789532467,0.9847513352939974,188
145010A,ar2,zero_shot,CAMELS-AUS,-0.9894542282846679,-0.05482671934403616,2.38173996211523,0.45991771873338017,28.543256585881934,-0.003126135230346584,-0.04010767784783131,10.25440046213203,22.415538818828296,0.8683187276963256,0.9036648207797281,188
145011A,ar2,zero_shot,CAMELS-AUS,-10.397958463958261,-2.355661380477359,7.457966039932486,0.710945057398279,172.24231304509672,-0.03878114153202436,-2.330244354031981,32.33189496251982,72.19865867803846,1.5454148269846517,1.6644960403629185,188
145018A,ar2,zero_shot,CAMELS-AUS,-2.4162261661116577,-0.5820640884283603,3.5412209988449317,0.3858146924218015,61.68724373669775,-0.0027814270754588227,-0.5591153954113623,15.34640352986728,34.18405718501457,1.3151541044302144,1.4845456060319646,188
145101D,ar2,zero_shot,CAMELS-AUS,-0.37652057741917444,0.21728255257341555,3.481410662272679,0.6233891835611564,36.89680523850348,-0.02068737429853661,0.2780243263412736,15.043901100524085,33.06493492746123,1.3313514078324065,1.2605024325770566,188
145102B,ar2,zero_shot,CAMELS-AUS,0.12158856290758269,0.009882794210436918,1.9209449997209829,0.3675101461126488,-14.881839730910695,-0.019648924529387685,0.22325442069805568,8.242919543533354,18.2199139758563,1.2232982707897633,0.49742882167604247,186
145107A,ar2,zero_shot,CAMELS-AUS,-1.2603203338405624,-0.12815458410899327,4.5114016206318635,0.7716848083526879,35.74015855058993,-0.0031942674470799987,-0.09702661860874251,19.50966876102401,42.88790927018155,1.0763283386030729,1.108032676915891,188
146010A,ar2,zero_shot,CAMELS-AUS,-1.1567834342891437,0.011170567212542615,4.852666111467307,0.8825949482638223,25.210423299731964,-0.014372156798710924,0.051672204173199066,20.991605155553305,43.52398276028291,1.1672876188894334,1.22500887302915,188
146012A,ar2,zero_shot,CAMELS-AUS,0.1175178934135983,0.3541540431786625,10.50213189717905,2.104362752502513,-1.2257257641245085,-0.0023634087477810185,0.6878471900114946,45.41414004086025,88.4717752625041,1.3218635230754106,1.0468009242072862,188
146014A,ar2,zero_shot,CAMELS-AUS,0.3465178460901678,0.25318709381765314,3.897096122225024,1.841963723537577,45.61656271104159,-0.0058793616523400705,0.360037242741709,15.505490279803794,28.333912020930903,0.9432556603421182,0.29390545840094423,188
146095A,ar2,zero_shot,CAMELS-AUS,-0.012669677744631791,0.330826531689986,9.317361680818056,1.764278958352416,1.0031098951577835,-0.009441331288352256,0.7614688938250371,40.32485637834882,74.2805574095741,1.4143545277861913,1.0970973328870797,188
201001,ar2,zero_shot,CAMELS-AUS,0.19689987302575662,0.49151521512928387,5.674003162628729,1.5880389880897636,-5.534358363901865,-0.017175029634701272,0.7964014599720299,24.291872940704,42.819771489344625,1.1672614601038735,0.9330957568634187,188
203005,ar2,zero_shot,CAMELS-AUS,-1.6526285942357428,-0.041429393461415165,4.063147737200319,0.6889930891258513,26.67139571145467,-0.009618218116291145,0.07878270196629789,17.47430369033573,13.515500121247014,1.1456408004945644,1.2034568363847935,187
203010,ar2,zero_shot,CAMELS-AUS,0.43548358796790854,0.712377928854145,2.7887522561096736,0.9822344330060067,8.78527042320431,0.0003221237674242497,0.8152563383269944,11.70647859014651,12.854494187814712,1.363812879634301,1.014044998896871,188
203030,ar2,zero_shot,CAMELS-AUS,0.546429446484981,0.5255177000282576,0.7031259965443182,0.16787212777806665,-19.0704599196065,,0.5975693581818883,2.9782673147396928,5.995916965188511,1.139474684847418,0.8319415495997056,187
204002,ar2,zero_shot,CAMELS-AUS,-0.5406766453570504,0.24373415245199526,3.2326519169347714,0.4405664621537957,16.802505878153248,-0.04215426144202904,0.2967949323026593,14.009469991660563,31.08105973205875,1.4687587117846648,1.4026792647983612,188
204007,ar2,zero_shot,CAMELS-AUS,0.9125143286137205,0.8670961491651926,0.7759155495460112,0.2243963122781136,-0.9851910489617632,-0.014655981470716423,0.8686410553741416,3.2449048183382043,4.563217686851219,1.1225581536687017,1.0493521096780143,188
204014,ar2,zero_shot,CAMELS-AUS,-0.8400582431356947,-0.018375446042945498,1.912183253375042,0.2623517783441378,16.022324228506214,-0.021919981057023426,-0.010520060148859978,8.283932578495556,18.30896545817006,1.2705685858044196,1.3658452733533437,188
204017,ar2,zero_shot,CAMELS-AUS,0.35931251040159295,0.6628853484815911,3.6790038968481964,1.147675935932639,2.0683375269346693,-0.01093342332699778,0.697026567620993,15.418275028782032,30.445932125375396,0.5515019312508634,0.5510655799984517,188
204025,ar2,zero_shot,CAMELS-AUS,-0.183154740621299,0.4068768107740868,5.906085017952591,1.419097874719464,14.738867266951871,-0.006964770536024921,0.4844969588770436,25.42563260386681,22.66111550640985,1.0124186790812264,1.0006458270312533,188
204030,ar2,zero_shot,CAMELS-AUS,0.30786662610149296,0.6593818538561598,0.8358112523821474,0.154612856242213,-10.02371350448741,-0.04008392802817321,0.7735810892944471,3.616264108353577,7.586294346334901,1.295693289469798,1.2364393913459386,188
204034,ar2,zero_shot,CAMELS-AUS,0.7076642303796339,0.6687266579095155,1.011813572816716,0.3083067933808125,3.0388253737319406,-0.024935122996899206,0.700516434449631,4.296306968611117,4.887817534349732,1.0101525126499655,0.6767275601809634,188
204036,ar2,zero_shot,CAMELS-AUS,-2.0783033883375714,-0.26460136409590995,7.066068828507754,0.8755545776393109,28.69570408569292,-0.003317824988328985,-0.21118179064563258,30.61788578725132,67.52413121132784,1.0980997955569436,1.2914738174327454,188
204037,ar2,zero_shot,CAMELS-AUS,-0.8427294596843293,0.11405129231867461,2.860629342901714,0.5409028250436132,13.712888687439735,-0.06223417875227695,0.14011152987509357,12.260220353395761,26.763590750047392,0.9853357267566247,0.9660512634937557,188
204039,ar2,zero_shot,CAMELS-AUS,0.06453910941793783,-0.2609155192804873,3.182394490652109,0.3776107380184466,-74.84633214526197,,-0.24388164623517383,13.685186773356673,30.56064733151791,1.6213300055596136,0.38429777635482026,185
204041,ar2,zero_shot,CAMELS-AUS,0.8552733464638795,0.8396588074753946,2.33583952337728,0.5153469480603099,-7.006652651859154,-0.004509369496609593,0.84715061415205,10.072371257997938,13.779692558006573,1.3992348591580996,1.3747328584340437,188
204046,ar2,zero_shot,CAMELS-AUS,-8.67624147603196,-1.9412091110015028,4.998191052242924,0.5354422431687396,73.1248815791938,-0.01027890811965533,-1.9401250352082116,21.666749403138514,48.33065361449974,1.0563637896951625,1.4215416837642492,188
204051,ar2,zero_shot,CAMELS-AUS,0.3107067419050923,0.0250154521175463,2.5203892569910735,0.3420630378737569,-53.998569520738265,-0.048842883286872085,0.026526008199888262,10.803092127631768,23.872331596159594,1.4284165913454645,0.6508220606763714,184
204056,ar2,zero_shot,CAMELS-AUS,0.3679717915944687,0.6810183030590434,2.2876286472141256,0.6338349591963941,2.372232152026517,-0.009322923686423928,0.7510514489861974,9.651751092725858,17.433578296734417,0.760927109183149,0.8213175085470938,188
204906,ar2,zero_shot,CAMELS-AUS,-0.22659991280023495,0.4558905069248377,9.321712346876923,1.753073129789349,1.9832788221356263,-0.00023253982279051316,0.6136572443250325,39.520204984198934,51.659443834303026,1.339461247342738,1.3370178340252306,188
206009,ar2,zero_shot,CAMELS-AUS,-1.5555131425017188,-0.284249281054749,1.3177111574132534,0.19073629669600006,20.557683592831967,-0.010197027190217554,-0.28185939914896574,5.6879095864501235,12.62137385249411,0.7217148174111487,0.9743161540167162,188
206014,ar2,zero_shot,CAMELS-AUS,-0.5346277662411951,0.357935233298491,1.2206060635181464,0.2319639532245391,1.602599226993452,-0.04521521632396823,0.7509378067317423,5.27641768838666,8.084292294365767,1.2650052504128837,1.1138114205399774,188
206018,ar2,zero_shot,CAMELS-AUS,0.18136590547696585,0.24939182949777128,0.8320263370439349,0.15002963500715463,-35.923915789056245,-0.07937385465654734,0.47403701233054885,3.5978478944756347,7.3525155391761,1.4007929030663189,1.5200167137702767,188
206025,ar2,zero_shot,CAMELS-AUS,0.2448644666890063,0.5336388608706882,0.6795636185817092,0.14819387441952195,-24.81670088422699,-0.06988846523539927,0.7024631801919546,2.937840901961827,4.171839014275746,1.4406956142744902,1.4636538085218156,188
207004,ar2,zero_shot,CAMELS-AUS,0.1248170885083143,0.20986111959538012,1.4294258135472664,0.42136064586899635,33.63689378956659,-0.012051202099147357,0.21370510936869336,5.842257625491263,9.490948376540706,0.7857624135359019,0.8344614351064968,188
207013,ar2,zero_shot,CAMELS-AUS,-0.05245287614947802,0.311130361751075,1.998610933746952,0.5555971863993014,31.08525859193875,-0.013533833644028735,0.34460472677600906,8.445141895647556,16.84972272868227,0.9799181834287963,0.8565501692477677,188
207014,ar2,zero_shot,CAMELS-AUS,0.5816834767065981,0.6955978369388673,2.8942654056252204,0.9066784576545318,19.36398101955595,-0.029343873497328473,0.73779899711862,12.268528834558877,18.674053915926322,1.288022464134716,0.959238095853264,188
207015,ar2,zero_shot,CAMELS-AUS,-0.6083735188922152,0.11658545822832489,2.0271913418281993,0.44401208587533,34.21734374970189,-0.0087338771145275,0.15791372995781228,8.645771549786271,2.3001701535033154,0.6970828292688489,0.8105595319402693,188
208003,ar2,zero_shot,CAMELS-AUS,0.7187537203036067,0.7657218909693374,0.9807542389123944,0.3022043317145386,7.4630412129116275,-0.003987157379815982,0.7857958425921683,4.157204768938966,7.957665217163025,0.9584218730078459,0.8616980729791635,188
208004,ar2,zero_shot,CAMELS-AUS,0.9115489455885584,0.8167980107332744,0.3690116463077125,0.1288155128965552,5.9933955774131045,-0.011249705992349306,0.8175767115404781,1.5264693378565606,2.7310345652954284,0.8940640539935546,0.8324384262835433,187
208005,ar2,zero_shot,CAMELS-AUS,0.7588621902174546,0.7135740468095433,0.5230028921993084,0.15777287182336666,14.696538306609412,-0.02273641121620929,0.723122156681979,2.1891675593084297,3.6478777826940214,0.9177748749202853,0.919184935848934,188
208007,ar2,zero_shot,CAMELS-AUS,0.6560003653446815,0.8016128582519899,0.7721676958835619,0.22795570477264362,-6.844013971914652,-0.013419994640944677,0.8912987657865881,3.0879166535413938,4.597989080160694,0.7473056022441944,0.7008974125823049,188
208009,ar2,zero_shot,CAMELS-AUS,-0.2491083634994573,0.3677390205312854,1.7577199395669003,0.34843981071585506,-0.9529417370204337,-0.009776187553620072,0.39140185678841566,7.585287846357485,15.881020974127683,0.9674075793845816,0.9090232888991028,188
208011,ar2,zero_shot,CAMELS-AUS,-0.9163873697208429,0.12834980489956782,1.4228840579825128,0.24663682176533144,-19.721057734302157,-0.03303865464259277,0.18161038311162914,6.070076402817146,7.38689241231588,0.9453041608957751,1.6775931904881038,183
208015,ar2,zero_shot,CAMELS-AUS,-0.633482228977482,0.07417669620919631,3.151790444971032,1.036569601491962,54.83428600458591,-0.03724887977367324,0.12568135161943927,12.981934771114974,27.79075448868943,1.0979917149594653,0.8243364482869827,188
208024,ar2,zero_shot,CAMELS-AUS,0.25531762372921196,0.5816243289528151,1.3125173026893513,0.2697165872527792,-1.930586104115388,-0.013467850968187131,0.6097244607073313,5.61553840734924,11.595886866270723,0.9612346600526633,0.9338402152346436,188
208026,ar2,zero_shot,CAMELS-AUS,0.6532618755806258,0.6843528146789575,0.5714341582312581,0.12995665549554342,5.897322539689532,-0.018747826654248942,0.7004070514338893,1.53851126284249,3.0613079266526126,0.6348366495836401,0.843818480676967,188
209002,ar2,zero_shot,CAMELS-AUS,0.6019077473642869,0.20336333953549102,0.743045272305151,0.3276637686854534,63.86431274834696,-0.05540515141925536,0.20434863090303512,2.881723220534266,5.532345003317172,1.1832123408339397,0.949698173097645,188
209003,ar2,zero_shot,CAMELS-AUS,0.6848373340870754,0.6452454337411309,0.640584971827784,0.2401144652360707,23.065323690930654,-0.02912530304166866,0.6577606066464226,2.674973559456274,2.7576753847442443,1.1774615328341775,0.9744694179312883,188
210006,ar2,zero_shot,CAMELS-AUS,0.06681909614504522,-0.07078940178722792,0.278250433821099,0.06546174510781606,-8.544151365013528,-0.015610351315586052,0.22173637656840683,1.198658762964829,2.6118967892035316,1.3345838311993228,0.33565207481577963,188
210011,ar2,zero_shot,CAMELS-AUS,0.4922039002838804,0.5430468683680799,1.2983145836661265,0.48681533313207714,8.731599017902726,-0.0067878621935255,0.6514294026621285,5.279989906260179,10.821309686552048,1.0701542051304926,0.5830001149695959,188
210014,ar2,zero_shot,CAMELS-AUS,0.380139735550027,0.6428214390541723,0.4993369932630234,0.12344181900626006,-1.8854362367510697,-0.029676260038366598,0.8913440022590191,2.064209044834119,3.7176630645996895,1.0657046316966672,0.8630565127151106,188
210016,ar2,zero_shot,CAMELS-AUS,0.3228598640100606,0.4992766941632574,0.3007509031207632,0.05397451594649399,-14.793250621731703,-0.012633713106235268,0.7102948647455478,1.3003632525542042,2.7022369525953494,1.1625724277746186,1.0132166642945313,188
210017,ar2,zero_shot,CAMELS-AUS,0.7968262604356205,0.8121692615423476,0.5473891412974276,0.19568143030029933,-5.941481998641555,-0.0022807438757567883,0.8446247658438414,2.098475970627611,4.171243319777969,0.6858399959656616,0.6211433984079436,184
210022,ar2,zero_shot,CAMELS-AUS,0.40107668739475966,0.4252484169009634,1.7514388836597627,0.5520550738517521,-8.723531580470812,-0.005397316609660311,0.5518811096902376,7.2255538996273305,15.076008085148318,1.1028237646941177,0.6485836614800343,188
210031,ar2,zero_shot,CAMELS-AUS,0.030210958906700558,0.4494924292036844,0.345039294837271,0.06524022891543982,4.763077194141017,-0.002433551165237774,0.4830335704879478,1.493692454669975,3.168901370615046,1.1553282587092835,1.1711041605187487,188
210040,ar2,zero_shot,CAMELS-AUS,0.2618038867068103,0.034174730885258575,1.5697900002690606,0.17320934483298556,-48.99266964686775,,0.03835987940371599,6.802041099758258,15.094729569724182,1.573813334172374,1.030177823900006,188
210052,ar2,zero_shot,CAMELS-AUS,-0.31557421320198986,0.405158355128586,0.7259147405289569,0.12672623255559132,9.166313651448913,,0.8370564056580219,3.1376039779952882,4.748904165008445,1.2836420405248772,1.2227674157427928,188
211008,ar2,zero_shot,CAMELS-AUS,0.6135055289718774,0.44716997864818475,2.313296679896758,0.8579338206558136,41.877055269972026,-0.07581827694933915,0.4528698508974226,9.541710348975425,16.651228690073765,1.6552659778413819,1.0919658539742847,145
211009,ar2,zero_shot,CAMELS-AUS,0.8979922586517828,0.7475194486455033,0.6084031381568815,0.23875085198886276,19.634924544496045,0.01469986027140685,0.7500089814850566,2.5083799884548026,3.727792539567335,1.2414562195509504,0.9030451178295777,188
211013,ar2,zero_shot,CAMELS-AUS,-0.695806734239776,-0.09021938811290475,1.705290836393228,0.4571550390819132,57.972180017544844,0.006017506243035313,-0.07209775224266002,7.30065289176967,14.170030790832852,0.9771969974302801,0.7144432781328611,188
211014,ar2,zero_shot,CAMELS-AUS,-1.6585546487020144,-0.596711934112123,2.1159852352931265,0.3629566067756889,65.20518505078704,0.005928249876665279,-0.5947545711907349,9.143029396679403,20.162936873694346,1.1860045534602,0.8968195317056432,188
212040,ar2,zero_shot,CAMELS-AUS,-0.7248161320776527,0.19164486655147372,0.7623144567973268,0.15320652895217596,13.057688365538178,0.0010052888322981852,0.24014852789727392,3.1930480305042916,2.520752567708407,0.5952874068628677,0.7783580511335616,145
212209,ar2,zero_shot,CAMELS-AUS,-141.08797158077104,-10.3078861621523,62.755447784250286,5.4798122206118585,217.4182676612956,-0.027239874524123443,-10.287315902431596,269.90739215253666,35.68247685208987,0.9001989028786473,1.5606890991523534,185
212260,ar2,zero_shot,CAMELS-AUS,-20.385172344077112,-4.075765877095526,20.36316852913376,1.907553713141906,215.13717364173522,0.006617878809507635,-4.07576499368055,89.08715098568928,166.66215847358748,1.2060343153008246,1.7239090574820157,134
215002,ar2,zero_shot,CAMELS-AUS,0.626826564545401,0.5409368168212172,0.6892615126586181,0.211159594115122,19.580726010591192,-0.012854516616934694,0.5430966594672912,2.9976189065367365,5.448304577876679,0.909634002722635,0.7043778874105294,177
215004,ar2,zero_shot,CAMELS-AUS,-12.854439073478716,-2.352654819944498,19.459425161358045,2.3778185670866008,123.4503618554059,0.015176775103114458,-2.313654064584485,83.45107517371153,184.66473085493504,1.6088720839948554,1.5790703147022846,184
215207,ar2,zero_shot,CAMELS-AUS,0.4059661566316074,0.23061523838910247,3.1666976987589246,0.5175952501744593,-33.045155417874824,0.00934148657194684,0.24766593923585412,14.108363791459183,29.140211032137575,1.4675377490837562,1.0272834726245887,180
216002,ar2,zero_shot,CAMELS-AUS,-149.862850362255,-10.374262649509191,24.113245287306306,2.3690991774396655,-225.4901463663451,0.027932976766242575,-10.355450850907628,104.52601454681987,6.159083293599743,1.2573259773675771,-4.413385397144014,188
216004,ar2,zero_shot,CAMELS-AUS,0.4173818349525241,0.7020306213344782,1.1370919600717135,0.3320399107797838,10.304431309507388,-0.06532381814257252,0.8607421643887067,4.792811911594417,8.449168661454303,1.4191305038034865,0.9899175636011458,181
216009,ar2,zero_shot,CAMELS-AUS,-0.29033729406820474,0.40171450537303177,2.2948091943687134,0.562681515487717,-0.4792078481327015,0.020012146263293118,0.4685433593542059,9.85480156510392,17.254929979155715,1.195781308535544,1.108185862373182,188
218001,ar2,zero_shot,CAMELS-AUS,-16.939011882963268,-2.420661576810596,10.452643392375048,1.2381178068899885,-85.87762952983512,-0.0014557010902066653,-2.385243894640171,8.733061421245726,14.280180887197098,0.8636988157835507,16.12550913168762,188
218005,ar2,zero_shot,CAMELS-AUS,0.0843263816950709,0.251605197152594,2.9162438407201816,0.6440450654189903,-28.107678617344146,0.006328046069973767,0.5516378612184492,12.671847846684585,23.284409077598475,1.2170368672643723,0.8536117840386803,173
218007,ar2,zero_shot,CAMELS-AUS,-32.632384017894374,-4.126553991025172,13.159817565703836,1.5519210686875111,-73.87449155242157,-0.010097263108046713,-4.116029268323994,19.796362375355656,43.75661991498046,0.9638071206583637,13.271612714250223,188
218008,ar2,zero_shot,CAMELS-AUS,0.9221197871164396,0.8982382203707191,0.5284673337663578,0.16504078899305338,0.8855404160341902,0.0002459771525342297,0.9017703062271291,2.1657454081972545,4.038069490128637,0.9606555256588796,0.8529158888748833,188
219001,ar2,zero_shot,CAMELS-AUS,-33.5982824122594,-4.058345611376827,11.162847253388446,1.2399805390075773,-89.85611851113313,-0.010259124718754321,-4.039622767314894,10.333808209385683,21.843145915760484,0.6294295425827932,24.361133408159933,188
219003,ar2,zero_shot,CAMELS-AUS,-0.8382871688967335,0.11193189402835813,2.647814870829778,0.43425912645896414,8.522866253916234,-0.007713926626251151,0.1544378097013983,11.449917331508672,24.037097716489363,0.7145175427672825,0.9092878907686903,188
219006,ar2,zero_shot,CAMELS-AUS,-44.452855019646634,-5.130355177040163,8.39550659436666,0.9703416677404805,-52.96648711104526,-0.016220917705718027,-5.124003760927829,18.01174874924419,40.112519621903964,0.613899935829738,7.236594482944637,188
219017,ar2,zero_shot,CAMELS-AUS,-1.5969287511237118,-0.16379448319145773,4.849401246146843,0.6859514833372646,37.80178189816171,-0.008385008741410183,-0.10845468221862697,20.995203293575774,45.654862974423494,1.319069169960876,1.3786980779776055,188
219022,ar2,zero_shot,CAMELS-AUS,-6.072420893816042,-1.3407178692657533,4.8571882354063085,0.558310723243485,39.141251109143354,-0.019413444446353942,-1.3397693347633162,21.03839945249923,46.57615091769074,0.6798572504935787,1.1332905695551356,188
220003,ar2,zero_shot,CAMELS-AUS,-14.940542761871772,-2.7721499983837963,15.420827753906776,1.645778414301842,148.384273090189,-0.07057163479675221,-2.750200978333395,66.84873596939468,148.76289874291507,1.4953458295260897,1.6794774387861837,188
221002,ar2,zero_shot,CAMELS-AUS,-12.097013428094472,-1.9308241173766238,5.234678958893043,0.8241362609875466,53.58991411933173,0.0083695982291812,-1.8628290545319608,22.625408433351325,17.756600648875704,1.1116388906603452,1.9613162549755994,187
221201,ar2,zero_shot,CAMELS-AUS,0.15149726495669258,0.540036947565351,0.9016184104529977,0.16264212935165467,-9.231268383788402,-0.009501172307607969,0.8917607415322826,3.8921296287160425,8.474555299274828,0.902100016693154,0.8082671110141765,188
221207,ar2,zero_shot,CAMELS-AUS,0.6198755618607044,0.7866095697896481,0.9796605173188749,0.2713420200257769,-3.492755405475267,-0.002014213421525954,0.8141747184187724,4.161100311847187,8.286834106759295,0.6143774634725069,0.5462052990038894,188
221208,ar2,zero_shot,CAMELS-AUS,-0.12012342531894826,0.4926300273763503,1.1834025900822946,0.23075469789030456,-9.926307592799793,0.008564793986045309,0.6345991565922262,5.115107702229051,9.591886564350096,1.1310916072962884,1.1575037658449623,188
221209,ar2,zero_shot,CAMELS-AUS,0.5227391967890903,0.47484085035349477,0.7717287829275649,0.13562218840718446,-17.303043620782645,-0.008141474654016954,0.5365269424919252,3.3334139718133047,6.981699217739409,1.124732801439235,0.8652101822761292,188
221210,ar2,zero_shot,CAMELS-AUS,0.6048285677257046,0.6663339326268056,1.6255017594694603,0.3132361424229644,-1.8949356722016883,0.005780168248744166,0.7054717978312834,7.024705274472241,13.63622922268361,1.4169884972207214,1.2478228657972086,188
221211,ar2,zero_shot,CAMELS-AUS,0.5903644155281979,0.5034002346468704,0.5588055100906438,0.16180742282376548,-20.179710822359624,-0.0030398105448798327,0.5443243692470089,2.3671661844555016,4.261089930734945,0.8109052389593375,0.5435819959594297,187
221212,ar2,zero_shot,CAMELS-AUS,-6.600366348247765,-1.3927348834046063,3.390925695447835,0.42045179535966265,23.824094806935513,-0.0004385555445886036,-1.390481863437544,14.685570570030752,32.703469107909996,0.7583096340661518,0.9740512558872503,188
222004,ar2,zero_shot,CAMELS-AUS,0.82121320192215,0.7863225594319688,0.18312112074395415,0.04720816422284839,-8.45027988662752,-0.0027226778627784318,0.8039980790003658,0.7727804924464768,1.5267315211523924,0.546136187022563,0.4643919827059632,188
222016,ar2,zero_shot,CAMELS-AUS,0.8357157627778716,0.8500058049994262,0.2113216215081804,0.1209156042110461,-3.3396022692400775,-0.007337447934093019,0.8757253938720526,0.47442481750709203,0.37322091421630704,0.354931276600196,0.30474332444589386,188
222202,ar2,zero_shot,CAMELS-AUS,-1.4574343658434352,-0.09343076927361071,1.3627238629705865,0.23538573370384688,2.378976067442531,-0.00043998204685023745,-0.08116862612404874,5.864931184610683,12.604039742423128,0.7665133487373224,0.7756869591904975,186
222206,ar2,zero_shot,CAMELS-AUS,-3.4710546192383473,-0.8966556275677258,1.3874289063210694,0.16471020325334593,23.762609803823977,-0.009778510328606924,-0.8959849269268234,6.001896305200427,13.363053517170309,0.783945175856248,1.0341461140470938,188
222210,ar2,zero_shot,CAMELS-AUS,0.6176927113231114,0.5875438998495698,0.07504064157461897,0.036958128816890826,34.50756113928927,0.011648309191216219,0.633192792640937,0.26468907727146956,0.5740393761063677,0.6232561378783433,0.2912371298694521,183
222213,ar2,zero_shot,CAMELS-AUS,0.7173909877015127,0.6011210856492563,0.27928747838671536,0.0948649152508321,-18.037326772915687,-0.0025520947426824828,0.6178818131729984,1.1011232674408578,1.6056780033598914,0.6724887908128896,0.5317281575857812,160
222217,ar2,zero_shot,CAMELS-AUS,0.7302051418676456,0.576244253649037,0.3726886480824086,0.08683955985337236,-9.16114323865074,0.0020226600116970833,0.579637355521569,1.5852925624527892,3.4393129428085243,0.7574713231611754,0.5489096438907172,188
223202,ar2,zero_shot,CAMELS-AUS,0.15744522138002615,0.30577771660371345,0.31765730028961214,0.0485708013835417,-18.183269934890948,-0.015518263854074735,0.5857904987774956,1.3737707083739694,3.0401656216121555,0.806432646021681,0.66391180236325,188
223204,ar2,zero_shot,CAMELS-AUS,0.645280763927274,0.2350157100666237,0.08403794197966627,0.05342199434272174,74.67763802390284,0.03537129842159929,0.24070583653929656,0.20762367740222926,0.29184651705853587,0.7790490495102422,0.3626876686417949,188
223205,ar2,zero_shot,CAMELS-AUS,0.6936966884892595,0.6255435843667969,0.06434749444182454,0.03453165167243578,34.381793864073025,0.023398485938470482,0.6323127725788316,0.1981705603728101,0.4394076250990304,0.5162282380338789,0.30688676086700895,188
224201,ar2,zero_shot,CAMELS-AUS,0.9544901678952574,0.9403529247236261,0.11956159474953351,0.06111251677820567,0.4028179572755314,-0.003357885344620004,0.9445375425562311,0.38227302884189485,0.8177809083072628,0.42276603900536003,0.41014584682700805,188
224203,ar2,zero_shot,CAMELS-AUS,0.9206353125800575,0.8836927002368977,0.15401497651582619,0.07919159396123485,10.358103969125763,-0.020630867026148435,0.8874141607968438,0.5576630805373739,1.0858064273703205,0.5303461570057475,0.5087369479248692,188
224206,ar2,zero_shot,CAMELS-AUS,0.8902665509126569,0.9097844453567436,0.22099095870908939,0.09488094300824662,-0.9800489635886794,-0.006069480258223514,0.9294348655456327,0.8497612029075019,1.134908649289354,0.5058770530302594,0.47542283122388,188
224213,ar2,zero_shot,CAMELS-AUS,0.8320729981837512,0.8632008881763125,0.2624409895245004,0.10311672275093042,-2.1647135591668727,-0.003827646187623362,0.8947014047256431,1.0455746308167642,1.87721325896087,0.5009372653528479,0.46492183880208704,188
224214,ar2,zero_shot,CAMELS-AUS,0.1950777639214616,0.33375858258502955,0.38504837716690743,0.05498546966275771,10.976323867737104,-0.005565613613550055,0.33550517921960954,1.7182505606746992,3.5492654592296464,0.9454002310317584,1.0354559486715615,180
225020A,ar2,zero_shot,CAMELS-AUS,0.28650932305891363,0.6251153607260588,2.3580251553771046,1.0337051667364452,8.602503197178173,-0.007222479472966897,0.7030433515620741,9.427452522381826,11.490050431240126,0.472793711839335,0.4332023900173489,187
225110A,ar2,zero_shot,CAMELS-AUS,0.6293828259905367,0.6486785680040882,0.7969034746937002,0.22572477911541394,-6.6918445411426974,-0.0067923379854320926,0.7105377337532788,3.223188642820067,6.5127629226499915,0.5961372005004928,0.4593097238160025,162
225201,ar2,zero_shot,CAMELS-AUS,0.6796181504964616,0.3368234536675404,0.1202879189283627,0.06267320968803716,59.57390368364035,0.04191529176569388,0.35023789581397813,0.3915255978555705,0.761807738476196,0.9368221112531138,0.28222000851163015,188
225209,ar2,zero_shot,CAMELS-AUS,0.8445541244345014,0.8666216001712506,0.3378392315711461,0.13781776115004013,7.325848654003606,-0.015376143747697905,0.8765523360545211,1.3453231208180845,2.706036021562703,0.5759382234247803,0.5513041651887026,188
225213,ar2,zero_shot,CAMELS-AUS,0.08714179539187228,0.03565028672888404,2.2050035242777613,0.2932771460087148,-18.856770769422166,-0.002978950854763081,0.3056320770838542,9.536391635138814,21.241624056288337,1.0158505109988147,0.6283693936412814,188
225218,ar2,zero_shot,CAMELS-AUS,0.05370050363681389,0.5437479577578643,0.8476530500059536,0.1626944266121959,11.758668969822244,0.00519165669645788,0.6849392508705849,3.3913645273725255,7.482641832650297,1.3768125551592785,1.1946093225084227,188
225219,ar2,zero_shot,CAMELS-AUS,0.6300796278554639,0.6386180051429347,0.6903616602213547,0.22691605798740364,-7.86322373317779,-0.012306649717373101,0.6962743237492077,2.873399614294037,5.4973583683358065,0.580524366425429,0.4392890230022992,188
225221,ar2,zero_shot,CAMELS-AUS,-1.3744328543331177,-0.16396919828096035,1.4844186268755502,0.2466446890157727,21.013774347120968,-0.019916083731868095,-0.16214955483508198,6.556161472159417,12.200070767674108,0.5696378441724606,0.7614510857606703,138
225223,ar2,zero_shot,CAMELS-AUS,0.07545270025554718,0.10345532060615803,0.146485654718773,0.07415789472446895,81.47497412667275,0.04069565332178711,0.17044071762572188,0.5056919764102037,0.8669826085539882,0.8074069134223988,0.3483287713622828,184
225224,ar2,zero_shot,CAMELS-AUS,0.8169218897667878,0.4751923245004782,0.10279419619131412,0.05355019645450838,50.476622057895234,0.0015023477950403263,0.4772341399817521,0.34952383112665825,0.6955864031258472,0.8155889777939878,0.5710993523837884,188
226023,ar2,zero_shot,CAMELS-AUS,0.39293191710034736,0.6912485193790173,0.6342220571427576,0.17253672675208173,3.5770654539457833,-0.012146337326149979,0.7662772217233196,2.7161992056748185,5.21392850975889,0.815845594128412,0.7712974697416685,188
226204,ar2,zero_shot,CAMELS-AUS,0.5784033772435895,0.7191377987209647,0.3094023554072851,0.12136585671771782,-0.14671632250927322,-0.000620712788408171,0.8435552113961414,1.1734598971449461,2.4758318644302526,0.37443743609266655,0.30928969580503685,187
226205,ar2,zero_shot,CAMELS-AUS,0.751371431316313,0.8749131452980965,0.15078427251833404,0.09041790940497628,2.765807923631434,-0.001266749933211301,0.9525668832519568,0.3022432913270114,0.2355606072358532,0.31525722954502416,0.29092361931186317,188
226209,ar2,zero_shot,CAMELS-AUS,0.594277813992686,0.5979569224038408,0.5134432738300692,0.207345394628647,-3.1058235500462485,-0.015214611097405066,0.663096244911697,2.0773811885296816,4.200653436199362,0.7579610574848186,0.5491433232672434,188
226218,ar2,zero_shot,CAMELS-AUS,0.9324125509243155,0.930181522007548,0.20856826135198034,0.07486727535811498,-1.6821499254433596,-0.004071556791675368,0.9388558718270498,0.8110338200412059,0.5680424092406188,0.3407423856433755,0.3174356416085416,187
226220,ar2,zero_shot,CAMELS-AUS,0.7538781689032239,0.7913954891434039,0.23160010094098052,0.1315058289295356,-0.4367840583813081,-0.0019618740022892683,0.8374548432298736,0.7664509097642549,1.1206565895041345,0.34743973323707006,0.29005775008559764,186
226222,ar2,zero_shot,CAMELS-AUS,0.5726563523626828,0.7500711033784585,0.3544632002982,0.19967273263382354,0.6841752147361041,-0.004381808427532374,0.9005138459673707,0.8634410062677881,0.8722847036533709,0.29134030055130755,0.2589746692472718,184
226226,ar2,zero_shot,CAMELS-AUS,0.8341350630814521,0.8312598575729041,0.47629549362357787,0.2310848370681749,-2.125251365091303,-0.0018254613973147458,0.8537142907290967,1.7839009581258964,3.3311215717100553,0.46332388910924566,0.39911689854369575,188
226402,ar2,zero_shot,CAMELS-AUS,0.7542300051669625,0.7089396708219073,0.32813950575816486,0.14585774324917974,-0.9143576187762863,-0.014168078894809453,0.7330120189943738,1.180048394677571,1.6981968157693248,0.8842422289191355,0.6349863307418164,188
226407,ar2,zero_shot,CAMELS-AUS,0.3303674431781549,0.6728885951979062,1.0151442462397988,0.31978546546191083,0.964613889099218,-0.008877153289036606,0.9405878533606955,4.27809737618388,6.918291100555063,0.8963793009877685,0.8121778003911292,188
226410,ar2,zero_shot,CAMELS-AUS,0.1220554073322817,0.033362051180456764,1.5079045772718669,0.2980569653697502,-22.4856306227727,-0.012797900640581287,0.25621726844195236,6.494241983472962,13.759559944001678,1.0717762430527338,0.6106653972734929,188
227200,ar2,zero_shot,CAMELS-AUS,0.2111870474077031,0.24791005856081494,1.0537949510457223,0.15923823369495757,-15.850325409545041,-0.0010045653216325598,0.4723462216747,4.521806952156242,10.01963389091342,1.0587999723816022,0.6832841831672622,186
227202,ar2,zero_shot,CAMELS-AUS,0.9649330781176401,0.9225122751656539,0.1705428183939107,0.10089688135051449,3.4989520596028583,-0.009527685548976192,0.9241898789932985,0.49566655418780403,0.9755250970155126,0.7996587662853568,0.7149600719295007,183
227205,ar2,zero_shot,CAMELS-AUS,0.6707515880400821,0.7663024595129528,0.30156783725859687,0.13615677337531676,15.982434913235974,-0.005443328956050254,0.8253945665585488,1.1681914651403895,1.4396055243191432,0.6670305425507639,0.5064070760385498,188
227210,ar2,zero_shot,CAMELS-AUS,0.2937168929293231,0.6193331493772292,0.2805153066429135,0.08942492625906344,16.497142981862364,-0.002165327538400142,0.8298854577588355,1.1723840180023015,2.072679024320317,0.8029535767418788,0.6900755761356291,188
227211,ar2,zero_shot,CAMELS-AUS,0.05757639273164916,0.0703018546420412,2.3967264676702964,0.5900963739041704,-16.056606949257045,-0.009621494419305845,0.4019404052823612,10.308397387825005,21.171731871888056,0.960016141189757,0.5125758570988043,188
227213,ar2,zero_shot,CAMELS-AUS,0.35291529998406135,0.5767289453482571,0.6344625292675784,0.180376500390323,2.805612105890626,-0.009988365315640582,0.8070659480899438,2.66368180620901,5.2379326821181555,0.7757830817773932,0.659804152957752,188
227219,ar2,zero_shot,CAMELS-AUS,0.5055054213705474,0.5515591761059639,0.9472121466972362,0.42930682290250527,3.672497498682013,-0.060964362885042436,0.6546522308397077,3.5216352401355455,6.924270786607025,0.9870018083008405,0.6173401552462291,187
227225,ar2,zero_shot,CAMELS-AUS,0.14853296624306678,0.07134300710594965,3.8452625474453948,0.6306596218582307,-23.345704838987785,-0.005204109396231591,0.28775079139036264,16.239730705393537,36.16553708957168,0.8576692012829854,0.4871803887023997,188
227226,ar2,zero_shot,CAMELS-AUS,0.04082071522004016,-0.13272601597761424,3.4558200899932374,0.5049121357176867,-24.939440039772876,-0.01803191414396856,0.15588086962295333,14.944287865949052,33.14692828739995,1.136136880112267,0.61683523348971,188
227227,ar2,zero_shot,CAMELS-AUS,0.4912586518739104,0.4864143963994706,1.3595744658993005,0.5192465414722661,1.4163482563955354,-0.04940055027304766,0.5721078417703003,5.214831429116629,8.9222961105342,1.0326796819819635,0.6199681877650852,170
227231,ar2,zero_shot,CAMELS-AUS,0.7243598853795543,0.7673804292881868,0.54359177657844,0.2814275263452099,6.7347919248973325,-0.04797736773882028,0.8133831496279061,2.054358209278788,2.0708111650365777,1.06390938050333,0.7107369305629573,188
227236,ar2,zero_shot,CAMELS-AUS,0.6125162505359898,0.7602536046447591,0.6974226409569922,0.3015308127383472,9.567363224231014,-0.07138929524042692,0.8727835289265782,2.846563192622135,3.559998734263877,1.1702667941188236,0.815278461602512,188
227237,ar2,zero_shot,CAMELS-AUS,0.24766359319239395,0.3205412792449258,1.4299192155290301,0.4131987846753978,-14.11594006895464,-0.011861769009805945,0.53213771098095,5.856686008923772,11.930060701666363,0.927967611145489,0.5963243717970108,188
229650A,ar2,zero_shot,CAMELS-AUS,0.9469908869902364,0.925280165691658,0.22526631649875944,0.09142462056128806,-0.6042954807929288,0.00019067856257921553,0.9296622918672693,0.6050887666421161,1.2925775190241136,0.29408541598667765,0.282834566241964,188
229661A,ar2,zero_shot,CAMELS-AUS,-0.2295952097957794,0.22548146308638417,1.2045152338012886,0.16373806236296026,9.49813597200431,-0.0019858647688136624,0.23576961690548948,5.082792409164123,11.36278593161214,0.5083915662312409,0.6401078716788428,181
230205,ar2,zero_shot,CAMELS-AUS,0.8830883961721948,0.8030353497998858,0.031503327471823224,0.020229949890167374,8.465770805009909,-0.07288394504323645,0.8095504266373049,0.09783728849902833,0.03812940084852019,0.709719740659766,0.5291120221328907,188
230209,ar2,zero_shot,CAMELS-AUS,0.7322685594957841,0.6880304885419892,0.14155196680474255,0.05269674574650266,-4.058803644531866,-0.004402425734897828,0.7164908759373608,0.5776244763121872,0.9981590766850136,0.5113738172749057,0.3282715713570954,188
230210,ar2,zero_shot,CAMELS-AUS,-0.005571702215185548,-0.5633953103069813,1.8652613777216736,0.1639732826942613,-74.04198927066547,-0.026090431860304825,-0.27612646375416205,8.085608609676996,18.07670659841682,1.7362137912299582,0.40271999820995286,188
231211,ar2,zero_shot,CAMELS-AUS,0.00536702738778605,-0.1522498802735588,0.5233964907848695,0.07564005391326746,-25.051587617669945,-0.049820355120968975,0.21940225262913693,2.262740770978884,4.98797181532886,1.0534098987403229,0.5149851301074162,188
231213,ar2,zero_shot,CAMELS-AUS,-0.017897825565923897,-0.16399041142831727,1.3128305384521517,0.22616368084521538,-26.90739455015793,-0.04299285265711675,0.23771234145705733,5.525831192287643,12.303156957549263,1.1015169903219588,0.5338298445920756,188
231225,ar2,zero_shot,CAMELS-AUS,0.10061281329902383,0.4792984445357359,0.7897789297910021,0.14006565894523063,15.319400024470452,-0.029914477140432716,0.8219332978455935,3.409555862081925,7.564428907716168,1.0480446898940898,0.8729896270476025,188
231231,ar2,zero_shot,CAMELS-AUS,-0.2644239717092953,-0.115427191808823,0.16753052577831992,0.03880778314291914,52.80084226191083,-0.002713403262925858,-0.11444403839970141,0.7185922102320967,1.5755152099278906,1.5240315074262545,1.0625635290449114,188
232214,ar2,zero_shot,CAMELS-AUS,0.7089359405061427,0.7956385962402507,0.17578581526168632,0.049455818396022984,-5.67807963272991,-0.01897501202080855,0.8595534354108478,0.7494544967809447,1.062309314273579,0.5794193809280795,0.6374004664530746,188
232215,ar2,zero_shot,CAMELS-AUS,-1.0665521038133905,-0.422272556006162,0.7285346345784218,0.11944697475172193,61.46205360906474,,-0.42211514460009125,3.146434496201569,6.995303789891825,1.0219829493627877,1.2174927383243244,188
233214,ar2,zero_shot,CAMELS-AUS,0.7126969063915187,0.8404084137765941,1.1446798759244592,0.3970804196319653,0.5425360458483268,-0.03159786175443825,0.932199732406543,4.715920029711667,5.875623497880334,1.043361459669842,0.8550141528794827,188
233223,ar2,zero_shot,CAMELS-AUS,0.011544072992589083,-0.0458856954475757,0.18502720589890206,0.04608497013296892,11.369512587816667,,0.33662492271408895,0.7746606804864915,1.5978674112121285,1.655575297432839,0.5435299973865512,162
234200,ar2,zero_shot,CAMELS-AUS,0.32906088454872506,0.4166781904227851,0.07323162484655137,0.03503661596315833,12.747026867933368,-0.04418464799040586,0.5750361267997381,0.285541248821308,0.32572493641757344,0.9556588228274894,0.5276801529593411,188
234201,ar2,zero_shot,CAMELS-AUS,0.7840739837027169,0.7761066789777166,0.06354179661923622,0.02912775185573401,11.96731217125859,-0.03393661951138086,0.8026606003818832,0.24971311641036317,0.3735381936910617,1.1392253958321237,0.7940816499031422,188
234203,ar2,zero_shot,CAMELS-AUS,0.7661697047234868,0.797416588002993,0.2453834550080325,0.08366672984025425,-0.6764019460046476,-0.09594583816801658,0.8396029852325202,0.9831679077574422,1.807783069191392,0.8037537328741836,0.6566956349932757,188
234209,ar2,zero_shot,CAMELS-AUS,0.15384376323702942,0.06255403447137575,1.5134887766126124,0.2993238605834459,-15.683391315149182,-0.06324412326127397,0.25049904835575476,6.388888662608561,14.098517748149844,1.3088144500182122,0.7227501630208361,181
235202,ar2,zero_shot,CAMELS-AUS,0.5582183472748765,0.7762381963773264,1.3736316329349332,0.5281812017675079,-5.247564023300812,-0.01405101870324919,0.9218000265329016,5.389500440334248,9.745389994337733,0.6646591050806984,0.5596759435847354,187
235203,ar2,zero_shot,CAMELS-AUS,0.3353469256260425,0.29842391211040686,0.8401446869642469,0.19409348975104954,-7.444109361815505,-0.042557209147184596,0.38756665670467494,3.585603115714534,7.876102814245385,1.0138349361767518,0.5589631615048287,188
235204,ar2,zero_shot,CAMELS-AUS,0.6645729765399224,0.6264337848894024,2.713819191679396,1.0786788749167466,-1.7426768621600153,-0.022094189961768373,0.6642777949703814,10.864607400000814,19.191808953828136,0.780353101122808,0.5868318256305056,163
235205,ar2,zero_shot,CAMELS-AUS,0.7753674075715806,0.7867784442435904,1.0401445565315872,0.45208691199666556,-1.830364479183291,-0.00722209256016489,0.821835558039796,3.8638815332482097,6.221951298606997,0.4804636966952674,0.3919144479357665,188
235209,ar2,zero_shot,CAMELS-AUS,0.7079039790469378,0.8036706972597003,1.7279347314626887,0.5287914170162619,-3.322676077899707,-0.004854972057755907,0.8817947359389684,7.021667197703835,13.57033106977623,0.6708491572367747,0.6171895666454142,188
235210,ar2,zero_shot,CAMELS-AUS,0.6865388929034779,0.6331764874523905,1.1708330238443905,0.4045566626621593,-4.488711191055331,-0.00989318375843709,0.6515110299910156,4.603255186851781,9.852010457102837,0.618848777545264,0.5118353000339682,188
235211,ar2,zero_shot,CAMELS-AUS,0.5140636751800163,0.44548794794543545,0.946692443140622,0.2214535136258199,-4.8483721565059215,-0.03441043124070372,0.46283752436291903,4.013018400713579,8.79105699622541,0.9464898864062992,0.7029279055171997,188
235219,ar2,zero_shot,CAMELS-AUS,0.7149923499792448,0.8554923090908622,1.41122039483324,0.5892239913376406,-2.3581556078875443,-0.00509418750897548,0.9339380263383377,5.384252785337987,7.411750388065928,0.5993187041246584,0.5534584139957338,178
235224,ar2,zero_shot,CAMELS-AUS,0.9723769206681027,0.9470046484288632,0.1542245115221629,0.08465754427324722,0.21177672370672607,-0.007761252268663362,0.9485467659528641,0.5237262376291622,0.3402237726976178,0.6534142197029374,0.6194896377657864,188
235227,ar2,zero_shot,CAMELS-AUS,0.7694155948663538,0.6516275298595153,0.6444691691231361,0.27657911459705636,-12.104504634987094,-0.014600868814011694,0.6637218311151158,2.373275569498602,1.6899495372499465,0.7871477891717322,0.5274339897654334,183
235233,ar2,zero_shot,CAMELS-AUS,0.5403970912475762,0.770010160660166,2.321957416548603,0.7699305866716196,0.6058722538155845,-0.015642525596776202,0.8524368885245859,9.765403040717919,6.519125572681688,1.0042301048923525,0.888087989730939,188
235234,ar2,zero_shot,CAMELS-AUS,0.8974045337139834,0.8503867529531609,0.2170896033382609,0.08649866255018147,4.708051204330247,-0.030003688061491535,0.8539220475974528,0.7529245406727444,1.271358034454607,1.0351724092835604,0.9276520961267183,185
235237,ar2,zero_shot,CAMELS-AUS,-0.04508154362667538,0.501138954124762,1.3731254583724763,0.38144419905678184,15.908093723274739,-0.08625018547433849,0.6209216415825566,5.77618744504205,11.88381445856367,1.2234768719172735,0.9527177258720088,182
236202,ar2,zero_shot,CAMELS-AUS,-21.57944370008475,-4.4423912150757685,1.685872564242796,0.1385119645593589,273.44978698535243,-0.03513653918339251,-4.442391061564444,7.391273303465481,15.67880509219536,1.445353266221963,1.806484823677878,173
236203,ar2,zero_shot,CAMELS-AUS,0.02919757382340804,0.16021198264405,0.15398672836127525,0.025935200570085734,36.82696429004949,-0.02302914674845167,0.16270799191561858,0.653755294415458,1.401135223289635,1.0106570854393766,1.2854521583275895,181
236204,ar2,zero_shot,CAMELS-AUS,0.40739744592183236,0.22121910869623562,0.435002444848193,0.049997796075524154,-36.02333698790327,-0.0679897255827022,0.2531003341920728,1.8784323747574048,3.981162937814949,1.607395632936588,1.1039423722101327,168
236205,ar2,zero_shot,CAMELS-AUS,0.156758461103349,0.37213270934030174,0.2543165282687207,0.07765554599920704,-2.189154737508554,-0.0052663830407015284,0.5629975317244227,1.080565927839833,1.5033611636034603,0.7678412091804049,0.5584249143729034,188
236209,ar2,zero_shot,CAMELS-AUS,0.9661485952306554,0.8682179209495398,0.047631414455094334,0.01328531622337982,-0.5144163769913865,-0.024922396584371957,0.8684914919897392,0.1896120913350454,0.3864230092738005,0.9880956572141045,0.9342529127529215,188
236210,ar2,zero_shot,CAMELS-AUS,0.8398009968301557,0.806697728099761,0.05190596582611267,0.012104149084209443,6.396740126227482,-0.036447770946808566,0.8089727301755691,0.21995509754460332,0.4583352360388665,0.7284330652704276,0.8013032722658934,188
236212,ar2,zero_shot,CAMELS-AUS,0.7854782206531964,0.7518528617622503,0.2700080519524295,0.1162154490958976,0.4889117135413453,-0.005563696746184612,0.775046680786762,1.1087766174968285,0.8200584325003969,0.7578381000812859,0.5595888592161804,188
236213,ar2,zero_shot,CAMELS-AUS,0.7489892421044408,0.6607129600976044,0.036575109048275614,0.012541211057540726,3.049922459434203,,0.6782371917053437,0.15335347868744292,0.30612684105972743,1.0225780594144038,0.7334282369216335,188
236216,ar2,zero_shot,CAMELS-AUS,-0.13994263816428654,0.13097255787841178,0.18450232867238783,0.026448730510439434,-18.18217132539576,-0.04561317038042423,0.5771718820241827,0.7975575999071663,1.7688041554318616,0.8326505726974637,0.8360776653241321,188
237200,ar2,zero_shot,CAMELS-AUS,0.8831973890892858,0.8514421433363851,0.25346108406126616,0.08005863822924471,11.477638645896572,-0.0261671844792507,0.8584439115459477,1.0661750247746833,0.2035529270791981,1.1056163567367585,1.0761506259065399,188
237202,ar2,zero_shot,CAMELS-AUS,0.8105343117442837,0.6967644896047718,0.17552395438368826,0.05301584815058677,-6.597445388536783,-0.026533361755076798,0.7050223631644248,0.7228495690776693,1.4397233589878162,0.6777385051152941,0.5313551441937664,188
237205,ar2,zero_shot,CAMELS-AUS,0.9680916207972777,0.9682098574065853,0.023674698591566307,0.006317789948188093,0.1755556331901794,0.00013255901056626745,0.9718495682603934,0.08638224317121691,0.024704960345773477,0.18920116290328723,0.1975244640443486,187
237206,ar2,zero_shot,CAMELS-AUS,0.9982517407986968,0.9919849763317298,0.012427215005423644,0.004986743558374095,0.7921010138473142,-0.002546890229413779,0.9920245415698193,0.024474419475358975,0.008047862112849696,0.5140992744701604,0.5268511324570386,188
237207,ar2,zero_shot,CAMELS-AUS,0.9427857852004764,0.8503138394770432,0.09438257444026422,0.04264508477664885,-1.4965069208455606,-0.04554233750724851,0.851686842917497,0.3068337138273196,0.4136481192798067,0.5817966137576536,0.5283770218692517,188
238204,ar2,zero_shot,CAMELS-AUS,0.942656316994827,0.9115247217929204,0.012190344679616995,0.0021752228353767874,-4.751770990806538,,0.9160273008274542,0.05206608356895554,0.023293549774862376,0.5018159354996752,0.5056621025748714,188
238208,ar2,zero_shot,CAMELS-AUS,0.9361331437717211,0.8876881922953809,0.0524877957049319,0.01958900419372602,-4.289292927786724,-0.002011540055938177,0.8911994400716305,0.20804716017672528,0.01009898456954688,0.4136880022166805,0.42954923711030235,188
238219,ar2,zero_shot,CAMELS-AUS,0.524079010931667,0.726992309626378,0.25820453241542174,0.06273701676904722,1.285043137894242,-0.01633056202356448,0.9004278164733247,1.0857143287194038,2.3482172421671192,0.8092904625176278,0.7977865642517419,187
238223,ar2,zero_shot,CAMELS-AUS,0.6943708727739724,0.7315049130704894,0.2580632570353561,0.09215381487233934,9.754428538275725,-0.04469419125359046,0.7762413568002334,1.0727165915471535,1.6212547960987014,1.1182354436166606,0.7677360813179893,188
238229,ar2,zero_shot,CAMELS-AUS,0.12692273028592715,0.48701670681919496,0.22040613821818206,0.054385621079475706,11.024982571968044,-0.09210428141908511,0.8374445290326775,0.9460162441698774,1.6419239890426975,0.7329359422516316,0.5410440153840352,188
238230,ar2,zero_shot,CAMELS-AUS,0.7248070027258317,0.5842749016048465,0.16703672739390246,0.07103505446544699,12.306679189360835,-0.055619410152617295,0.5968495254322603,0.6882554954243698,1.1407276540284443,0.9557437457745178,0.5687332829301575,188
238231,ar2,zero_shot,CAMELS-AUS,0.8385295319649144,0.754827235996925,0.1713106821692025,0.0649549495854876,-1.9947529239010866,-0.026526342007391682,0.7640339663518615,0.6694209371513983,1.3656114308958078,0.5116522388109404,0.45719289597377005,186
238235,ar2,zero_shot,CAMELS-AUS,0.9151346542920219,0.766877635606264,0.06814773473912537,0.02543247240056698,-1.9591032322969242,-0.05443590061016096,0.7673994193356662,0.2822639833702628,0.5478592322065308,0.7267319655329807,0.6215116316584046,188
302200,ar2,zero_shot,CAMELS-AUS,0.026769398494019825,-0.2831022782670738,3.3082599749320107,0.4701423676449329,-46.42683761114826,0.0042831604520812555,-0.02080884387289661,14.320127831012094,31.996224033860273,1.6491620099800262,0.4333321682343346,188
302208,ar2,zero_shot,CAMELS-AUS,0.018350678983108826,-0.32198351657114643,5.300033579231222,0.7608999195353547,-47.62714486489202,-0.0050500124205519956,-0.05434771473725464,22.939955939291284,50.80097146153571,1.8186979427616765,0.3696154307750787,188
302214,ar2,zero_shot,CAMELS-AUS,0.16917641640078107,0.25688309637857265,2.1880582956079313,0.6128513701615924,15.595499787695136,-0.0037732232688754003,0.5222261021965777,9.276924185135819,19.903699466295766,1.2557527654146026,0.5853209824659964,188
303203,ar2,zero_shot,CAMELS-AUS,-5.55339617655785,-1.2067699780495507,2.8639127871209453,0.32635934170737757,105.86531746327891,,-1.1418627063948734,12.410799192180425,27.745119431069984,1.4932457158814747,1.46967565407476,188
304040,ar2,zero_shot,CAMELS-AUS,0.9117616247244191,0.9091724203447415,0.6777462486300736,0.36845785642546186,3.8584042863039922,-0.0038857992797882226,0.9200834775902068,2.177305645944593,2.842660707770133,0.6854619219959376,0.6826906038698146,188
304497,ar2,zero_shot,CAMELS-AUS,0.9280591355075793,0.9408481303248588,0.9501412566270451,0.37124590267825464,-0.3387291428274136,-0.004177106315564009,0.9534668699585617,3.672299665065776,5.560222912312406,0.49923645576830344,0.5181365056611001,188
304499,ar2,zero_shot,CAMELS-AUS,0.8068072736985025,0.7568927579862466,1.04824107388034,0.4895252740368894,10.448035708340184,-0.006838502668894832,0.761069677177951,3.853991672610898,8.221668628706519,0.6554561594216272,0.7118183835732294,188
305202,ar2,zero_shot,CAMELS-AUS,-1.8839720761710321,-0.43671147396079935,2.294825140912935,0.4963663043560133,42.575383596048916,-0.0446442092517129,-0.43272250002260226,9.888663499328267,21.71834608290051,1.2825661553111891,0.9326547952671781,188
306119,ar2,zero_shot,CAMELS-AUS,0.5695459048589595,0.6602330673967043,2.7050927025597353,1.713075229635968,7.032946431662655,-0.018449649539236307,0.762321663776007,7.48937076005638,11.517596548309614,0.9368489829345601,0.6377451665061762,187
307473,ar2,zero_shot,CAMELS-AUS,0.659000270402103,0.7755104933859509,3.750258559024738,2.5014477762339564,13.059792108657021,-0.017651915822682072,0.8540023899578225,11.053123915965006,10.772337961230594,0.9341416219000895,0.7790287678859894,188
308145,ar2,zero_shot,CAMELS-AUS,0.502659309719629,0.5158857796310371,4.823748331284135,2.8800674843899032,-7.491053374221713,-0.015462511882666223,0.6049708018531113,16.419827308945575,27.818192981405005,0.8846558259644113,0.5574077838030823,188
308799,ar2,zero_shot,CAMELS-AUS,0.32688019290073733,0.6082615402176976,5.466765107404064,3.048865168638899,10.104020816418238,-0.01494670358261772,0.8321040861693532,20.022749363130274,15.367583530112032,0.8572241651888778,0.6316565678089486,188
312061,ar2,zero_shot,CAMELS-AUS,0.9070996554054654,0.8845595189875549,1.6709779767465511,0.8116197031774479,-0.4372024240141856,-0.006337866063960744,0.8934716807216252,5.61872051278626,9.086055768082074,0.5628240894362413,0.5831216482060366,188
314207,ar2,zero_shot,CAMELS-AUS,0.6879839736645439,0.8009084033117991,1.47599417804805,0.6922477151624153,3.7288574496185176,-0.011142604970565115,0.8920529778175104,5.397875266452668,6.645618467805707,0.593026805111982,0.5226443655540992,188
314212,ar2,zero_shot,CAMELS-AUS,0.7545825536013935,0.8651609054047705,0.8392023013514318,0.3182513589611175,2.2575515747813304,-0.012405011438839084,0.9127469253560545,3.3186561424004375,5.809890625486686,0.44997517770683554,0.4632016626228825,188
314213,ar2,zero_shot,CAMELS-AUS,0.7118686723810236,0.8288835077627429,1.1306507324466029,0.5496004408955245,2.9388813335381436,-0.015695538852301003,0.9142630753193374,4.240995579555193,6.779856318145334,0.6478977458957835,0.5296413028181407,188
314214,ar2,zero_shot,CAMELS-AUS,0.9444882988894971,0.9395857194868671,0.41150592826696025,0.22549827177993773,1.3018724313062096,-0.00867364354148751,0.9461914759521723,1.1388789176023961,1.7837113759468302,0.4678413942603326,0.46880980417236856,188
315450,ar2,zero_shot,CAMELS-AUS,0.5400557680734117,0.723093141960593,3.8416204099708358,2.1308605950149664,9.091325287705,-0.01657279228205031,0.8687385937569365,13.537825457633739,8.196483212106866,0.8825066597147209,0.6969992612849386,188
316624,ar2,zero_shot,CAMELS-AUS,0.7846732898061978,0.8789168626154311,1.8062416803835188,0.8814814448709745,3.510004432910473,-0.010194200132373155,0.9486597825613879,5.899754977098766,5.439542513769444,0.6598506425743311,0.6668054386019596,188
317200,ar2,zero_shot,CAMELS-AUS,0.6284221999037782,0.7594212121441092,0.527978471079738,0.1954498515838874,5.786726432792343,-0.03861280686449993,0.8560974803815853,2.2305446841851,1.5124781011961086,0.8217073348058805,0.564039141606742,188
318076,ar2,zero_shot,CAMELS-AUS,0.6689125758806888,0.6634819365589177,0.7295499846803613,0.29029531443455653,-5.605232320142276,-0.011606668542173026,0.7114391719612818,2.7718032012437432,5.012347893185907,0.590554359729416,0.47043731278076023,188
318150,ar2,zero_shot,CAMELS-AUS,0.5751725237983287,0.5768258441435252,0.42217727771449304,0.14881181955764572,-2.8191090339007028,-0.006311345003639786,0.6447026397653268,1.7356828423387742,3.1805973060163693,0.7525690919118552,0.4826476201790924,188
318181,ar2,zero_shot,CAMELS-AUS,0.7664336848837872,0.7275443607599283,0.3330036112299603,0.10679724095307776,6.6526769246635284,-0.01185015488164818,0.7313784578037041,1.359687057321321,2.8293804139670407,0.8071273994342214,0.7972912111247272,188
318191,ar2,zero_shot,CAMELS-AUS,0.002558641865130329,-0.33577706282625197,7.89108592734475,0.8980822897943713,-43.579463983004956,0.0018962673594508095,0.02531840806615926,34.17888875036076,76.33662929689363,1.7033152545894001,0.4843993905488035,188
318311,ar2,zero_shot,CAMELS-AUS,0.5389095629076734,0.5516304528282097,1.7216298240864616,0.4524730568664479,-24.236664258423684,0.002700387044313274,0.6272857136986283,7.422986399062637,10.872412018175833,1.4573749596187426,0.9130422112687513,188
319204,ar2,zero_shot,CAMELS-AUS,0.7489178567986784,0.6718760165831068,0.5719469098600017,0.23071183563703312,-8.294174362087013,-0.024278581957143948,0.6924033168408329,2.3044254110787965,2.5962399763713733,0.7274079443778846,0.5362179927598562,188
401009,ar2,zero_shot,CAMELS-AUS,0.34731597903395783,0.6752825537415255,0.5625621978194258,0.18963534489832864,10.05364013064773,-0.012626631731931862,0.8340130411163327,1.8357020973429874,2.6265200575557306,0.9501743593582476,0.9244097690000099,177
401012,ar2,zero_shot,CAMELS-AUS,0.7886564664157443,0.836404471913779,0.34926099467074634,0.10530020989077335,-3.994268965669043,-0.004205087252513583,0.8790156335615099,1.4153592971692255,3.1503873666629736,0.351869878839994,0.3172174020840475,188
401013,ar2,zero_shot,CAMELS-AUS,0.6764382165320083,0.793468905857995,0.20734390556397264,0.06455938577701716,-1.3542990958286665,-0.004402342986929195,0.8152057907605658,0.8638514119832872,1.6855056945097329,0.6234081187863403,0.613585432946488,187
401015,ar2,zero_shot,CAMELS-AUS,0.11639779629141289,0.19253161113514516,0.06071151077181817,0.013244542613394283,-34.14794398488873,,0.4134101883551111,0.2596737175344946,0.4133736845658109,1.4201324254219911,1.3619636696328223,188
401016,ar2,zero_shot,CAMELS-AUS,0.9408290861740578,0.9230722835442265,0.08925290489475758,0.04618189819956319,-3.390758850389447,-0.0070952559863978575,0.9282224624369491,0.1844394394731868,0.35760167543550003,0.42145910877802906,0.4096415976154634,188
401017,ar2,zero_shot,CAMELS-AUS,0.4514408804920049,0.4121137541348249,0.4795377665329181,0.13398987230509973,-13.530518685457,0.0015998127789967204,0.48928128990596365,2.0175192009466154,4.247219902994085,0.7393596918945483,0.4035987185749867,188
401203,ar2,zero_shot,CAMELS-AUS,0.23493184680341317,0.24621595340512914,0.8161178620026308,0.1888643138183572,-13.256990985349496,-0.006636785271473582,0.4206108967523817,3.485660481178833,7.597176669357362,0.5240285888495997,0.3259755412632262,188
401208,ar2,zero_shot,CAMELS-AUS,0.3698334848378524,0.40503776965263405,0.4020290127689698,0.10721587096279662,-10.203563085849584,-0.008599237823166277,0.5379481722895536,1.613539977619548,3.566629115341378,0.45699740874510525,0.2844891366634447,188
401210,ar2,zero_shot,CAMELS-AUS,0.5335982687209186,0.5720731759215415,0.6880589445769676,0.16926411027460403,-6.227906140932891,-0.005956191773475179,0.6576621981329746,2.8733355840477985,6.420299429092883,0.3457865155401849,0.2553262967951351,188
401212,ar2,zero_shot,CAMELS-AUS,0.6196213647391694,0.6600109154315842,0.9421567783912556,0.24160259891774474,-1.7825036115834516,-0.0043085479293999175,0.6679826624991579,3.942114858248208,7.6400003222897395,0.4265702955282435,0.4161041418702559,183
401215,ar2,zero_shot,CAMELS-AUS,0.42290665736940847,0.5274449942669936,0.2642171214643483,0.07261234088436629,18.301590399036744,-0.012198731616299953,0.537678716900519,1.15467147078558,2.036581117589774,0.8468120362271938,0.8443922903582013,176
401216,ar2,zero_shot,CAMELS-AUS,0.3075867030587348,0.33797137617580886,1.610138162070965,0.42292843687353376,-11.438877011890096,-0.006382368037690628,0.49033145921819743,6.817576609272461,14.134341430381273,0.5055164715890718,0.2908369476145044,185
401217,ar2,zero_shot,CAMELS-AUS,0.5100484022447629,0.5674845816050975,0.607716019309634,0.1126113168804698,-7.237172014606768,-0.005864688288579639,0.6672215642217485,2.5820147573188548,5.759682620748816,0.43133055421344385,0.3354768234494875,186
401220,ar2,zero_shot,CAMELS-AUS,0.8291008959969806,0.848815646472125,0.15019187293076733,0.0430177549364729,-4.281364527021624,-0.006127383196140507,0.8747012536690697,0.6434766854072896,0.9024337323225615,0.4728040100778264,0.44393014743344894,179
402204,ar2,zero_shot,CAMELS-AUS,0.35556257787972345,0.49378992870571203,0.2952898484117619,0.10609703485037363,-5.3091999967652646,-0.017530388482520098,0.6847313780504439,1.1912703337567785,2.3149562773262127,0.596441310878807,0.36097085693477027,188
402206,ar2,zero_shot,CAMELS-AUS,0.8217478197598463,0.8369609350157248,0.21366243584723596,0.07362090539054043,-3.554946247612725,-0.006625338008760584,0.8653750977114447,0.8402672310529976,1.572827384783336,0.3395404012784842,0.26744733570346707,188
402213,ar2,zero_shot,CAMELS-AUS,0.23883329401611597,0.3671778236934826,0.3935490759251892,0.13534282577299026,-6.336783375085086,-0.021258127063924104,0.608572407553899,1.6193790580953011,3.135111097376661,0.7858333069384056,0.449492703135612,188
402217,ar2,zero_shot,CAMELS-AUS,0.44427697997216176,0.3749320384155067,0.32689630362990557,0.09140970977351916,-26.778978892954648,-0.010829602682655374,0.4531587447737936,1.391424540446114,2.3797305945262357,0.777777777777778,0.6815369935791313,188
403200,ar2,zero_shot,CAMELS-AUS,0.9717182809196007,0.8778778462926107,0.114384850225752,0.03709683539932523,6.325362602688828,-0.004650622657399541,0.8779299971962649,0.4731485487112164,1.01479676852982,0.43218149033796316,0.45079493011628347,188
403205,ar2,zero_shot,CAMELS-AUS,0.972793249898612,0.9415670345388747,0.2328703406168051,0.0989771127955061,2.5134740626461833,-0.0049722947558688765,0.9423509012436577,0.8356256521930279,1.644875291804017,0.3959472361322344,0.38060755759100817,179
403209A,ar2,zero_shot,CAMELS-AUS,0.9638469170263524,0.9233053488765391,0.17484710833567607,0.09350918099854778,2.285057872366117,-0.0018573387336927039,0.9250049308146537,0.5069711609709966,0.8647386596863392,0.49424606224192186,0.45475328449329633,188
403213,ar2,zero_shot,CAMELS-AUS,0.47108383771343976,0.5191211242868903,0.38695371235155807,0.08563586353543774,-13.460892282876854,-0.024436618065045254,0.6281586469429232,1.6450019646836733,3.572956059578333,0.5613370939007681,0.4035703996482155,188
403214,ar2,zero_shot,CAMELS-AUS,0.5182066126776588,0.5854582780874851,0.3685954353735828,0.13241717326790556,-5.155985360870789,-0.019908400697905466,0.6934064538510725,1.496669258293061,2.9853795436871056,0.5949427930159467,0.36429370217142065,188
403217,ar2,zero_shot,CAMELS-AUS,0.6010049652789662,0.5955312143639251,0.6472148486312815,0.13525029263000468,-11.540220844531552,-0.0157250046962069,0.6562888727099667,2.760170494371028,5.958168743052944,0.6206512574403102,0.4647874460046634,188
403221,ar2,zero_shot,CAMELS-AUS,0.5572926937949572,0.7789584226105903,0.21722012396177715,0.08934754629669753,3.442247451665516,-0.035850047756846366,0.9311010148552447,0.884288598531937,0.8455502814731736,0.5979868743046064,0.49129316406588397,188
403222,ar2,zero_shot,CAMELS-AUS,0.7011160713619884,0.6795248423950695,0.6575975953404035,0.16643783951295868,-9.014300080764334,-0.008880460813798351,0.7175183865651752,2.7894760610178357,5.808199841509935,0.5125346305662899,0.40198688135056465,188
403223,ar2,zero_shot,CAMELS-AUS,0.9673970726154606,0.9549516828784231,0.192749910242849,0.08889544012891644,4.20409122665284,-0.01256209215744956,0.9575261178204661,0.5674669773684963,0.4398352381789723,0.4887457409719041,0.45904831710781197,188
403224,ar2,zero_shot,CAMELS-AUS,0.7475865424670434,0.8719523330073053,0.20293824355075202,0.08238166013800963,1.956212993512517,-0.01729020064524858,0.9165883354265527,0.8319128574612347,1.361481986621742,0.49810312181139177,0.4571439402761587,188
403226,ar2,zero_shot,CAMELS-AUS,0.5916676911310594,0.7943853895387876,0.42772559272176947,0.1274414078284739,-4.857556879407194,-0.01485351665174961,0.8944035151354228,1.7214472664278373,3.4621760142764026,0.6463755967434464,0.6174024227808245,188
403230,ar2,zero_shot,CAMELS-AUS,0.958700868686104,0.9512428506838253,0.264298084594451,0.10292991444672256,3.024814601393524,-0.006407089215762458,0.9554621948555461,0.8326337641003333,0.9438704666004623,0.4837385383932167,0.4600715037841592,188
403232,ar2,zero_shot,CAMELS-AUS,0.9154284815195709,0.8843538085832057,0.2916537437820662,0.08957236462522314,-3.9228770999446545,-0.007276852891803923,0.8916448490622236,1.146605008325623,1.1532309085763583,0.42083272777291164,0.4034020722918707,188
403233,ar2,zero_shot,CAMELS-AUS,0.8804017956548789,0.8969979719643297,0.5597526967594278,0.19500886741003123,-1.747256472029776,-0.003083971612894726,0.9172236655150119,2.1312069410995456,2.6512691916844187,0.4958238630693549,0.4470754574224567,185
404204,ar2,zero_shot,CAMELS-AUS,0.9616114624436254,0.8964329445375558,0.07958064620853197,0.02063481324413927,9.214087854725095,,0.8974610912244708,0.34131535315680245,0.2501713769331167,1.1418514883280555,1.178966377567462,188
404207,ar2,zero_shot,CAMELS-AUS,0.39644552645854625,0.3980478440044124,0.3093874209474727,0.07671955754264105,-6.767727135839838,-0.03710281863798868,0.5113815222530815,1.3109690880031972,2.883028389446936,0.6846918342219621,0.43086863311781504,188
405205,ar2,zero_shot,CAMELS-AUS,0.6229265947851237,0.8014290835961222,0.40045466916159517,0.17694702478056232,-1.0844314018452101,-0.003951434507441539,0.9583322182529161,1.528705525928212,1.461684540439207,0.3583708565810673,0.3126047623093225,188
405209,ar2,zero_shot,CAMELS-AUS,0.8540848104844647,0.8787325621678275,0.36672844552206085,0.1554737424801222,-3.045184263635483,-0.004383438965862543,0.9046234597930508,1.3628232768419313,2.355425332501942,0.3494946845556509,0.318157670233988,188
405212,ar2,zero_shot,CAMELS-AUS,0.04649097885926046,-0.19187613968123118,0.6769439723565053,0.10351583850717266,-33.03858170324734,-0.08559820730036978,-0.01795933431320318,2.903931382464985,6.4501504576883,1.3744935111985903,0.4048283822378128,185
405214,ar2,zero_shot,CAMELS-AUS,0.48004085398673724,0.5347017698058306,0.5173429394913487,0.15802142225534188,-6.588381257841126,-0.013829413116432793,0.6469052901001262,2.182957940560347,4.569326010937758,0.48516522126906275,0.3330987098069072,188
405215,ar2,zero_shot,CAMELS-AUS,0.6928225236619854,0.7125549413524037,0.747281622926337,0.18916026666132377,-5.210583659836239,-0.011740761802756457,0.7625797766878781,3.061593529282337,6.691572175890783,0.4918376329475965,0.38445696790447004,185
405217,ar2,zero_shot,CAMELS-AUS,0.6024659912286748,0.6984357370772998,0.47320267142944683,0.13283766559504914,-2.3314827840569845,-0.012641342902943713,0.796576159140208,1.9548005896125142,4.135785425045613,0.47140011269721377,0.42296842134836143,186
405218,ar2,zero_shot,CAMELS-AUS,0.7411733706822936,0.7078448564818747,0.9668805111913523,0.2800640723677755,-7.372325065274454,-0.006568573986021797,0.7363198735899483,3.95555693130304,7.631161305824605,0.5435441240483591,0.42007407094462274,188
405219,ar2,zero_shot,CAMELS-AUS,0.9228542591686143,0.8712380624317388,0.4181634788368951,0.1299445045680291,-2.8304290592505006,-0.005252946803052841,0.8759389287216346,1.5261479118421248,3.2603008604438055,0.4550467166001707,0.42555316510203733,188
405226,ar2,zero_shot,CAMELS-AUS,0.4556053793199448,0.4924777947278042,0.07678482286661636,0.017550388309321867,-3.7646878071784786,,0.6063678602769491,0.3334621691984988,0.7042445663751912,0.9018576045220223,0.5672438143995104,175
405227,ar2,zero_shot,CAMELS-AUS,0.7642180208567638,0.8498560629371044,0.6946893443039612,0.19817821220305223,-1.2681244866844996,-0.003815468574347492,0.8668521834571962,2.73962659349477,5.979002135753934,0.41667793023197985,0.4393411787103657,182
405228,ar2,zero_shot,CAMELS-AUS,-2.223384876424956,-0.34496398536657713,0.4068691869553424,0.07511327547938444,18.73547189237828,-0.019731783935528782,-0.3321786294916258,1.7473848474392562,3.897532241138054,0.6372870902732052,0.697894716060151,188
405229,ar2,zero_shot,CAMELS-AUS,-0.046749637143250755,-0.7023375253433124,0.06724852227325372,0.017008455411522187,106.3969038814044,,-0.5542531878670207,0.2835233302087937,0.633743658676023,1.7792624171167033,0.0995986886154727,188
405230,ar2,zero_shot,CAMELS-AUS,0.7783435656033822,-0.10441841735400437,0.004506999159139819,0.002988060721014604,107.73723620600092,,-0.10386714816440823,0.012163907995684004,0.022174498089960363,1.2569458811012386,0.4165547836943741,188
405231,ar2,zero_shot,CAMELS-AUS,0.2876183837904769,0.3079205770999043,0.5533557820766272,0.09842334053553775,-9.787588439040674,-0.012619091315834378,0.44404611930745697,2.381244767267115,5.309028802726102,0.5508490126041655,0.36724921613512945,188
405234,ar2,zero_shot,CAMELS-AUS,0.5380250047114326,0.5793776027413137,0.38214516618973343,0.1526660796346896,-4.916603331202407,-0.020354034165764978,0.6712362703122029,1.5675390462181438,2.5461501392130472,0.5655515444557065,0.3345614981073339,188
405237,ar2,zero_shot,CAMELS-AUS,-2.1537089419797035,-0.7525836423010939,1.1273289282663794,0.218834937709266,67.51838954665502,-0.022835734964838823,-0.7520026282667978,4.878469889238239,10.242889900558525,0.8217747183906835,0.9224736196337054,171
405238,ar2,zero_shot,CAMELS-AUS,0.2818678824640264,0.22081571780194031,0.25151363676056376,0.0668683463396262,-26.28389665741786,,0.3503340306035626,1.0460871927685873,2.1714793419001674,0.8518500144544322,0.3383067858047738,181
405240,ar2,zero_shot,CAMELS-AUS,0.3541988222173278,0.3093373596793141,0.141433090510386,0.053974994093476406,-5.470361866636673,-0.06991803922414941,0.4085516879206108,0.5822548974521884,1.0534506169457158,0.8778485944517963,0.298782970684838,188
405241,ar2,zero_shot,CAMELS-AUS,0.7108569607866744,0.7917843541256215,0.9654619154061451,0.4634675142017569,-2.08761229202983,-0.0039144491347975555,0.8593431382377037,3.3431330279049134,3.6866194780407873,0.3680961633318457,0.3051660876412973,188
405245,ar2,zero_shot,CAMELS-AUS,-0.01669636278421116,-0.16044028795067589,0.6078812495861337,0.12294576755389909,-12.257409754013723,-0.08888044701851089,0.26038237941937026,2.6204704246443686,5.7093096868735715,1.5363269975720362,0.4631769683470758,188
405246,ar2,zero_shot,CAMELS-AUS,-2.4968071480899257,-0.9536946272634856,0.8857222687886265,0.11368482458994775,95.31053107661454,,-0.953517840912876,3.836081467714393,8.516938445753306,1.2396839702956364,1.3098872821051308,188
405248,ar2,zero_shot,CAMELS-AUS,0.4454860189672417,-0.017684759833813235,0.010103027568697751,0.006528646939518127,91.87047157650038,,-0.008333346482562787,0.026482044131231702,0.04652337594046868,1.0855193821736573,0.25097055867248264,188
405251,ar2,zero_shot,CAMELS-AUS,0.26772278408467054,0.26069811417138167,0.18349106407781074,0.060019719981928656,-2.379092969377315,-0.015490830617497061,0.42821559621162064,0.7611730067097169,1.6333080219842853,0.5976565889634549,0.2751373194984766,188
405263,ar2,zero_shot,CAMELS-AUS,0.9357324211417457,0.9059418731895725,0.3985280685911042,0.17036974756274745,3.8420391980818205,-0.0033548807746015714,0.9082685715508428,1.4693120472798975,2.9300032695850073,0.4908782080174448,0.48285367727567324,188
405264,ar2,zero_shot,CAMELS-AUS,0.9439021256518856,0.9250979566963055,0.31907824136896706,0.13495664089582335,-2.2012555756556282,-0.0037812897798846293,0.9302635620814683,1.0600074314647019,0.9239129060158272,0.3580991295999515,0.3528307085889386,188
405274,ar2,zero_shot,CAMELS-AUS,0.5253191736384468,0.5626837739291839,0.21596080818729704,0.08155981620713892,21.029174149491315,-0.04167422758242122,0.6561029236446803,0.8941158164425639,1.8464133074992242,0.998116147048878,0.5973254675737996,187
406208,ar2,zero_shot,CAMELS-AUS,0.046505728747114006,-0.15875905549058178,0.9084018255457056,0.1476518713838352,-39.926779175244306,-0.0712558655711483,0.12353383991962907,3.920216996206477,8.652069155967428,1.0259750306058544,0.43921196684173364,188
406213,ar2,zero_shot,CAMELS-AUS,0.6923348174091771,0.6765030621271237,0.12597065446365374,0.05085861612892764,-2.033223734883822,-0.08680067972125606,0.7177686631878168,0.5165538767533271,0.7838297242367935,0.7569111106568226,0.5148551729059537,188
406214,ar2,zero_shot,CAMELS-AUS,0.17046086033558405,0.17245076904995393,0.05223110550832517,0.019208852680203985,4.595256262442829,,0.3935327169458416,0.21326199078217298,0.434055329074537,1.0927289298934173,0.3335662141171842,188
406224,ar2,zero_shot,CAMELS-AUS,-2.7333112875808,-0.3120311018118802,0.2396565096139059,0.04219145354275286,58.24517975545068,,0.04768292588900103,1.0351037872232982,1.0562112606161451,1.8891435529515732,1.4480535281032931,187
406226,ar2,zero_shot,CAMELS-AUS,-6.931355922154642,-1.2016992984410986,0.273280414714761,0.04546740511896325,54.89295720915819,,-1.1267958765642039,1.1644031272741218,0.6408963138429178,0.855638290816466,1.0710730033515161,183
406235,ar2,zero_shot,CAMELS-AUS,0.2154458579294436,0.1552705309602439,0.15687533880081964,0.04797153669117627,-10.719806843576158,,0.32077143578313305,0.6669820038164772,1.2915613758380557,1.0901026961550235,0.3262092230896649,188
406250,ar2,zero_shot,CAMELS-AUS,0.7181280430931221,0.6370345442903638,0.5029158037093753,0.19047314740570667,-10.774288950055004,-0.021401128247434807,0.6603319802716598,1.944817357823302,3.66683520457739,0.5257621597811578,0.42408293447550816,186
407211,ar2,zero_shot,CAMELS-AUS,0.28257997521563727,0.18404030874451438,0.4643290944510139,0.13266736851883268,-11.81090594615874,0.018321842708828993,0.22573526748481998,2.002019175383247,3.324795749165446,1.777509245749796,0.47372295564799854,134
407213,ar2,zero_shot,CAMELS-AUS,0.47649685348606163,0.37355934632923493,0.06685303604841912,0.015037196882986497,-11.956059538990957,,0.41626909692671643,0.28719700947560745,0.6372277302125164,0.9892914849883215,0.5018005552000504,188
407214,ar2,zero_shot,CAMELS-AUS,0.00828868977402375,-0.33686750266134813,0.929400903782815,0.10707114064001776,-46.63683908371766,-0.03952499350333552,-0.07840759559788357,4.026534232962032,8.976237451849679,1.282707743065848,0.43676642986897163,188
407215,ar2,zero_shot,CAMELS-AUS,0.22592150055737759,0.33028259519039305,0.22538986054649168,0.10543454147100709,42.799681795252354,-0.009102779709427446,0.5017514637636642,0.8211377749622646,1.6747065026937944,0.9859638748734556,0.39978789950266835,188
407217,ar2,zero_shot,CAMELS-AUS,0.23449075129909502,0.12371554176766408,1.170740770678558,0.18462073144635333,-19.427585087292897,,0.16134587696241431,5.057306225545946,11.226798162417486,1.1784507196801557,0.5093491093963781,188
407220,ar2,zero_shot,CAMELS-AUS,-131.12293578777602,-30.424795660866874,0.08811288712199883,0.047212644045655346,3008.486092097814,,-30.424768199764895,0.16796970003856673,0.1462277113563488,0.7314363918768714,0.02893230029974765,176
407221,ar2,zero_shot,CAMELS-AUS,0.8046603438928999,0.6096528207450711,0.31296296413546876,0.12015639752722247,21.19700260939279,-0.0211211271186678,0.6127385567234596,1.2669458366307897,2.5115154893742,1.1250705080906092,0.6516353989374396,153
407230,ar2,zero_shot,CAMELS-AUS,0.43454448144720736,0.4152717758247899,0.12987808460485734,0.038133497960450825,-1.595807181070036,,0.5085562148025284,0.5530875979602435,1.2040896723780925,1.1513092357398567,0.5399359994577368,188
407239,ar2,zero_shot,CAMELS-AUS,0.19744878615705264,0.24978251973642862,0.20900526638723688,0.0658670584604709,2.5020025768355416,,0.49057703475546566,0.9072603671231247,1.6621614572906767,1.2264884758158896,0.5266106776045849,176
407246,ar2,zero_shot,CAMELS-AUS,0.41677733191595057,0.3929289973441843,0.20478135604722061,0.05899763671039097,51.42104674562247,,0.40234636429998416,0.8424671750551312,1.854763844354742,1.1744226120888588,0.7909164338889313,182
407253,ar2,zero_shot,CAMELS-AUS,0.47164600366803777,0.622604470500641,0.031964911389957065,0.01436983161896293,5.886256221904106,-0.018052988428198195,0.7736303544520129,0.12248095279458615,0.1578750462928639,0.825607120544996,0.5894070161703432,188
408200,ar2,zero_shot,CAMELS-AUS,0.16126236439754715,-0.008711970123076007,0.047520027600773604,0.009994670120741535,-39.8618045414465,,0.12823748685418423,0.20469012332826808,0.4269250844965329,1.3904017218597176,0.6157643110998327,187
408202,ar2,zero_shot,CAMELS-AUS,0.00771470370902827,-0.05249244448098467,0.3488327504700506,0.08268626187329639,-29.562021272715118,,0.3099624092961826,1.4845728755870504,2.8067804700912964,1.597169421383308,0.6531359182841876,183
408206,ar2,zero_shot,CAMELS-AUS,0.17918012175471842,0.061433101300767845,0.07662553584317132,0.017209552453869903,-37.288527504223694,,0.24149114506692038,0.3297060190621443,0.6710885515486471,1.3030302783578882,0.5653015449273974,187
410024,ar2,zero_shot,CAMELS-AUS,0.9051329246955417,0.8834143503210502,0.20504794747900562,0.09067306047057062,-0.38004981673330274,0.00019303971141125184,0.8925743006583001,0.7432107541920496,1.0948587188004424,0.4179563439849678,0.4083640582312837,188
410026,ar2,zero_shot,CAMELS-AUS,0.3346064756728604,0.27875205919236934,0.4962239156289412,0.1203794247107506,-12.695330397884094,0.008525300133892619,0.3836318859799439,2.1116982112672327,4.580167361344104,1.4209934502027302,0.5586706211926176,187
410033,ar2,zero_shot,CAMELS-AUS,0.947499286560058,0.875668488093866,0.04928779257858305,0.02011222890306638,-4.514200791932401,-0.0014207279037064154,0.8775561092513458,0.18587327366750006,0.20691114254470427,0.5272359425514509,0.45095282171232864,188
410038,ar2,zero_shot,CAMELS-AUS,0.7300991173888827,0.6779055582091296,0.2303445909922532,0.09118078298610392,-2.891000839533736,-0.009951743093957209,0.7041969455649246,0.9371055571048147,1.2118489053847066,0.5660433295922448,0.4467858831297939,188
410044,ar2,zero_shot,CAMELS-AUS,0.7229331291804588,0.6857287680809927,0.054400244228435785,0.014181568381476474,-6.927720186117312,-0.021863466444590387,0.7175149245684251,0.23119041772564766,0.4658644616992182,0.9254798574010924,0.7348765369599887,188
410047,ar2,zero_shot,CAMELS-AUS,0.9833621741111213,0.9062218609749231,0.07154839546525889,0.026976832386846127,-4.935291375835476,-0.002477039844371951,0.9063801293054642,0.2837095334091921,0.39145460475401234,0.9198318570636731,0.8622421608051495,188
410057,ar2,zero_shot,CAMELS-AUS,0.7863983734209051,0.7681664800752207,0.4132829818050694,0.17269413919534987,-6.442554703113106,-0.0035020536815850607,0.7940689213642079,1.5371769991559616,1.2880010311322543,0.39524743087254516,0.3126110681258169,188
410061,ar2,zero_shot,CAMELS-AUS,0.4541426268567692,0.27115295298287634,0.8933180823143252,0.20790386061913876,-28.1151529883707,-0.005457957788921532,0.28193044728046335,3.822386998399466,7.929107214347526,0.8360186290389774,0.3574954178826252,188
410062,ar2,zero_shot,CAMELS-AUS,-0.8616708700177256,0.22660329701861137,1.314397112272489,0.19286238466368547,0.2777999753373238,-0.009821326651144366,0.7761174963419457,5.6890234502636225,8.234691605529724,1.2149278004257538,1.12666899162792,188
410088,ar2,zero_shot,CAMELS-AUS,0.9230118804543329,0.9211085892603541,0.23878374745864092,0.10627939362338629,-1.569863186244148,-0.0009515129636526627,0.9305540265994581,0.6706894570101845,1.0990481511396133,0.40413269617497366,0.3887193257105513,188
410091,ar2,zero_shot,CAMELS-AUS,0.7999149790811078,0.7433867802958549,0.08276143516640631,0.019826870044920477,7.854646561368664,-0.007167683002985162,0.7492920278022293,0.34071267912858133,0.5618471219625688,1.052130412070297,1.142471361711768,188
410141,ar2,zero_shot,CAMELS-AUS,0.5497465555691919,0.5991735812787465,0.16774857173072297,0.03840479582618947,1.6593545201833582,-0.0013499000396260813,0.6907110927103581,0.7052074067345249,1.5592745084940136,1.1090263717210875,0.7427642051856294,187
410156,ar2,zero_shot,CAMELS-AUS,0.2618224458497309,0.12007413537747857,0.15098257137666443,0.037204639301813655,-32.00288037446955,,0.1819319536540399,0.6457537808156694,1.207710227424043,1.262695239988276,0.4034031556289612,188
410705,ar2,zero_shot,CAMELS-AUS,0.06434624729491312,-0.2489118001833539,1.0732847587462142,0.22930568330921616,-69.6116481630203,-0.07913206152467764,-0.1393383076434931,4.517403519786299,7.379299884490388,1.322269544926915,0.3502207497662245,142
410713,ar2,zero_shot,CAMELS-AUS,0.6404818983247497,0.6272405715991832,0.3640483016370675,0.08061017751439252,-1.1744746624930975,-0.010981250719560604,0.6329870490248792,1.525228375996394,3.0913787965915644,0.7122432485729683,0.7613568077695337,166
410730,ar2,zero_shot,CAMELS-AUS,0.292599201785429,0.5126126784013172,0.8775158873842479,0.1928253029013963,0.18786107348408645,0.0010268885432845667,0.5239454226161258,3.691195166704124,7.95755072916502,0.45933069385254344,0.5085558551051469,188
410731,ar2,zero_shot,CAMELS-AUS,-1.3144595517073667,-0.23541980337939772,0.9990579443989652,0.17643735792021273,-55.98760115513133,-0.011401730105083739,0.10516276954003545,4.322731204175243,4.6209522546416535,0.9110445707620295,1.3043916920682135,188
410734,ar2,zero_shot,CAMELS-AUS,-2.3535387489368653,-0.8013748469690101,1.2008491394289709,0.1452611218614744,42.982399412059905,-0.007255762885566411,-0.8011865201189505,5.196868284578754,11.556579485418565,0.8142720828725211,1.046967348051491,188
410761,ar2,zero_shot,CAMELS-AUS,0.8780149282348666,0.8279649774535041,0.11745372201563942,0.030749021461195354,-7.500674333718203,-0.0036431055934338444,0.8379741140253242,0.486604002990024,0.5289724430102718,0.7879412578628086,0.724747014826407,188
411003,ar2,zero_shot,CAMELS-AUS,-12.672947532470834,-2.5961456570265278,3.336309197712904,0.5364417071770473,175.0338310737623,,-2.5686315251385405,14.357091625240411,31.83211817452443,1.5789999174216198,1.382845863221594,188
412028,ar2,zero_shot,CAMELS-AUS,0.9312827466335035,0.762380498742284,0.23464993441157514,0.0700209477195581,-4.812127725154487,-0.030256430465689765,0.7625597028424125,0.9970853932257255,1.9207165204770098,1.1217483992088428,0.7889917171092447,188
412029,ar2,zero_shot,CAMELS-AUS,0.3124963619947113,0.0828071003009121,1.0684936231799516,0.1447358558376785,-44.6237494832426,-0.0023553519458461986,0.0847251740475865,4.600733719622026,10.239221875908243,1.4516659588189165,0.7355915680532431,186
412050,ar2,zero_shot,CAMELS-AUS,0.6774665442913996,0.775818766624545,0.6389341308139045,0.15196720231183974,-11.081862735804721,-0.01602551617965499,0.8315299317462239,2.681141651452863,5.310219051003545,1.189989457640703,0.8851796498703369,188
412066,ar2,zero_shot,CAMELS-AUS,-0.7705448174816121,0.27918233714739205,1.268035354648356,0.20665772473652372,-10.912857792871007,0.0015202166963658725,0.44486496009125587,5.486302022120958,5.271890443843371,1.1225605203470475,1.7692007083409795,188
415201,ar2,zero_shot,CAMELS-AUS,0.7774450925601949,0.7881984016625867,0.026342854253998235,0.006799366737031551,-1.949453925916426,,0.812062842973209,0.11029894600504227,0.2324417016304539,1.0568436088514261,0.9579939919954821,188
415206,ar2,zero_shot,CAMELS-AUS,-0.1889822205908136,-0.14342635433389206,0.1330248033743556,0.031081467109466826,25.635237563660525,0.09416665995923329,0.35317265028561307,0.5551684095710676,1.2236264401363297,1.0982969310999329,0.6395163115027311,188
415207,ar2,zero_shot,CAMELS-AUS,0.8373660057726882,0.7394459709865748,0.07446917815237687,0.019087157413979226,-16.512334172976566,,0.7502381556200496,0.31527525060625083,0.41313853892596936,0.9312305524940611,0.6946341196366591,184
415220,ar2,zero_shot,CAMELS-AUS,-0.0013723975657400356,-0.5093631910103178,0.19135272292807257,0.019393925939678668,-70.31216477487462,,-0.20721395086810346,0.8294351708098355,1.8537036698428309,1.8995428963513223,0.6003071333481934,188
415223,ar2,zero_shot,CAMELS-AUS,0.8729418124693625,0.7864308306164355,0.19505530023698225,0.06513765218133274,3.0736404722412627,-0.014039796563538574,0.7929799978137857,0.8116029652373687,1.2869173885816272,0.7467754875423271,0.5696051940787769,186
415226,ar2,zero_shot,CAMELS-AUS,0.2201215934426778,-5.822950781599016,0.00278150566148049,0.0017302262135941056,681.6785171470667,,-5.822893739950706,0.00278150566148049,0.009057571735104516,1.96970386207524,0.19215860785159003,188
415237,ar2,zero_shot,CAMELS-AUS,-0.4398928493834351,0.24004902706148323,0.13226790330868243,0.0239555608838522,17.20754826376336,,0.2580209189805035,0.5726857081679041,1.226321212604112,1.4678764923600547,1.325379660432796,188
415238,ar2,zero_shot,CAMELS-AUS,0.008669247233840327,-0.4348389646740991,0.2297406016713173,0.02916496840725454,-66.74087430174875,,-0.2171968171961447,0.2297406016713173,2.2135937079680623,1.9399266893762195,0.13515001912813604,188
415245,ar2,zero_shot,CAMELS-AUS,-0.05649270322500066,0.4057865306058067,0.10394587114621548,0.027307935263003687,6.359758604385716,,0.4226608959947875,0.4370855513610665,0.9383576800486163,0.7305998465919309,0.7439044749726784,186
416003,ar2,zero_shot,CAMELS-AUS,-1.3316564405237745,0.021935116898706197,1.9368122885364238,0.2741221678528796,19.25790821527354,,0.10957896978328441,8.379184230259932,5.621890289810411,1.573199559419201,1.5408177498892845,188
416008,ar2,zero_shot,CAMELS-AUS,0.2103286923029417,0.057665483574652066,0.22501242467713214,0.13738399634206297,78.14571818456587,-0.012736450132112317,0.1501305052408608,0.7213912824403884,1.1926283564478477,1.3842276115605798,0.3701322150164221,184
416010,ar2,zero_shot,CAMELS-AUS,-12.45096501453123,-2.8395341200113706,5.403569418183217,0.5435578048817911,153.99051755128173,-0.10113972602923885,-2.838746084921503,23.428321871427396,51.91714888323732,1.6292761962959257,1.8597192375085938,188
416016,ar2,zero_shot,CAMELS-AUS,0.5592028419312487,0.4970276185215575,0.3917742334274325,0.1014945210793891,-2.51212262653522,,0.5318143643488877,1.6247419728422534,3.45484925227083,0.9006561217632487,0.456786301469228,187
416020,ar2,zero_shot,CAMELS-AUS,-144.3385072565616,-11.28777099863749,3.753304233553982,0.3349548445064468,467.25073553886244,0.012425787365722899,-11.272350055234652,16.272542282152568,36.36465234245999,1.6611255644745786,1.7528282386278011,188
416023,ar2,zero_shot,CAMELS-AUS,-6.029862635235446,-1.12561143097208,4.313018883759076,0.4641825074021844,77.23162389164939,-0.03129691293421795,-1.0413376935040923,18.697895110152118,41.78141430786136,1.3803287609866604,1.5313998412489525,188
416032,ar2,zero_shot,CAMELS-AUS,-0.6478578143132117,0.11065792735796276,1.7932466610038489,0.24844145501523712,28.53642377956604,,0.14861583339425122,7.771375959073866,17.06179546833812,1.3469973906058283,1.3947682375414425,188
418005,ar2,zero_shot,CAMELS-AUS,-365.8293453111198,-18.318332016173052,22.762688745455087,1.8398338890502182,565.4060222246378,,-18.30910229242127,98.69451420744333,220.6612460938909,1.3460427234778882,1.8483526919732332,188
418014,ar2,zero_shot,CAMELS-AUS,0.03635765121525969,0.5655222836752971,0.9881067908086176,0.2183686113392152,2.7203948838614314,-0.04099745157032608,0.8026987045305138,4.265391240721971,6.907213118949028,1.1730934587199353,1.2936401002955091,188
418015,ar2,zero_shot,CAMELS-AUS,-99.11381040329013,-9.195611847962002,8.392319940760391,0.7679391539526074,305.963571067534,,-9.19504990570497,36.384872511359866,81.20530694863564,1.2832583219221356,1.719201731819537,188
418017,ar2,zero_shot,CAMELS-AUS,-1122.883085138104,-33.853033205887456,22.87825579155734,1.7909217287655363,1201.5893329174764,-0.051159802511130704,-33.8465625938342,99.19721998231635,5.652740313281875,1.674685633621172,1.928159613381027,188
418021,ar2,zero_shot,CAMELS-AUS,-28.094267912600095,-4.106988280001494,7.570143808535434,0.7497337185310838,155.39148714106474,,-4.088040568569377,32.81950979898506,73.21100688262581,1.3129429960774832,1.708983921431144,188
418025,ar2,zero_shot,CAMELS-AUS,-25.85786166721294,-3.5479266335707127,2.198022169279243,0.22036126942493114,98.26326395254067,-0.0025931789946821195,-3.495821906579245,9.529572983554012,21.260450810722276,0.9764022881179398,1.564015859888291,188
418027,ar2,zero_shot,CAMELS-AUS,-60.951569489019704,-7.130542378826915,9.465378305665991,0.8579917617436971,248.022950949781,,-7.130505410004821,41.02906269781515,91.69976060482075,1.356938292637431,1.5919512141790944,188
418032,ar2,zero_shot,CAMELS-AUS,-22.71534022884301,-4.687637403343128,2.597783169017582,0.2359538708884736,301.02523305998756,,-4.687632409789314,11.260033010626175,25.16858289377071,1.6373976339730363,1.656037225215001,188
419005,ar2,zero_shot,CAMELS-AUS,0.6948953888980609,0.44665476384014713,0.5297147811137188,0.14386320237874617,-32.441087716413875,-0.03869371233624466,0.45363695220439004,2.2309865172862833,3.685482741411746,1.099801203294318,0.8047040990886636,188
419010,ar2,zero_shot,CAMELS-AUS,0.5188612056575772,0.6585394391076728,0.8589611491424312,0.19647256772957702,-4.373481450143861,-0.00920685535451806,0.7964420307605576,3.5809916940412996,6.967836617702694,1.1430056915983142,1.1168195774391905,188
419016,ar2,zero_shot,CAMELS-AUS,0.4508295814129317,0.7086762808212823,0.5902521636703795,0.14459322399404034,-1.8909747445446687,,0.9458880954473508,2.511720714998245,3.548673013025814,1.2562738388733725,1.163392806334716,188
419029,ar2,zero_shot,CAMELS-AUS,-0.23662607289162318,0.32995942946104695,0.4446302045444968,0.08410343615986317,26.12473361275064,0.0023410315716392294,0.4032943544454827,0.6748571355722647,1.0444748968665591,1.0025091895668667,1.1962051739356556,188
419035,ar2,zero_shot,CAMELS-AUS,-43.75946895122331,-5.32077525577948,2.7050017066209864,0.2728325851434506,142.13592926104235,-0.010432157704604816,-5.3099907453478234,11.723949186486044,26.172366473396053,1.164979793534059,1.551981148885064,188
419054,ar2,zero_shot,CAMELS-AUS,0.3872251057214392,0.6680104148707756,0.7271564276473103,0.15422875116363471,-2.807154204671424,,0.9286367151592034,3.127381248391256,5.918711875924779,1.4405693880501707,1.1264187055443988,188
420003,ar2,zero_shot,CAMELS-AUS,-5.270268059757932,-0.8493230910296055,1.0135603027025046,0.18127516026448337,51.09881709198542,0.010217998627943668,-0.7421310156450565,1.2518352646319348,2.263655880898627,0.9371324913826764,1.0294008235059893,188
420017,ar2,zero_shot,CAMELS-AUS,0.808698113899986,0.5425016247579711,0.2321053942598937,0.06288802265137887,28.188768702925966,0.012840754609767219,0.5428336732896188,0.9907003975983583,1.963520830311166,1.3817420588323457,1.3480373531459156,188
421018,ar2,zero_shot,CAMELS-AUS,-6.431456838314203,-1.6712756512415239,1.4269299467621548,0.18078411018886903,87.83111989691666,-0.004713971809607934,-1.6679860265046185,6.168906741425315,13.72128399362314,1.2290758859417186,1.5619203110723832,187
421026,ar2,zero_shot,CAMELS-AUS,0.7428433247528143,0.6282137922676171,0.2134280368902493,0.07302453592927464,-15.047110148596152,0.010006368250591452,0.6449278728121481,0.8776034878516892,1.2143426595135627,1.0672866412051167,0.7672975419389659,170
421042,ar2,zero_shot,CAMELS-AUS,-0.5237892460058933,0.1094871364019292,0.26873088578086185,0.05193271554901076,-44.41839547081575,,0.4349778404072254,1.018012749780934,2.1937839779801793,1.208084553464159,2.1298424853500317,188
421048,ar2,zero_shot,CAMELS-AUS,0.38399063620784557,0.6793538802435742,0.2764975185454972,0.0699323013082253,-2.0023603391003766,,0.9507403086610312,1.1772469158173817,2.3901851317451164,1.0841356725461067,0.8877534538284209,188
421050,ar2,zero_shot,CAMELS-AUS,0.21632148820541974,-0.06285500580127046,2.2578423252195177,0.34694576622492374,-61.52410167416649,-0.022284135543241254,-0.038090420957948457,9.957690038694894,20.78847861802829,1.66851184853885,0.9663789499819029,176
421055,ar2,zero_shot,CAMELS-AUS,-1.552736198500619,-0.03589413551242382,0.9527189464112301,0.1541614526101495,-45.27211822727609,,0.04636258015657302,4.125007640895956,3.978608130513779,1.8578327196044517,5.157694331452526,188
422202B,ar2,zero_shot,CAMELS-AUS,0.9805157621573741,0.8758123249513652,0.14753378640536893,0.030452463541146856,-8.927465095282837,,0.875979839243773,0.6385720579156706,0.9750685603615274,1.8262087041474204,1.6790604653875505,188
422306A,ar2,zero_shot,CAMELS-AUS,-12.436435717501693,-2.5711287812213937,4.660584914656877,0.46446157105999575,165.3906810001895,,-2.547066269661303,20.203977358141426,45.00931459562696,1.5096456132700187,1.620812910715164,188
422313B,ar2,zero_shot,CAMELS-AUS,0.5820705467771283,-0.47264419221775555,0.5897233729897361,0.44442419214892037,143.12827692832892,-0.045008836407206036,-0.4693019803266414,1.5770133912607642,2.4004525397606944,1.2175320289509288,0.28564439451743867,188
422319B,ar2,zero_shot,CAMELS-AUS,0.2391915692865938,0.04458146989241796,1.2754936832102992,0.1479972840970193,-44.772209959821176,,0.13113009062606884,5.526512210274327,12.333710464271308,1.0461441719652949,0.7937022234582706,188
422321B,ar2,zero_shot,CAMELS-AUS,0.0014297348257197307,-0.2795246425958007,2.3882216850126836,0.32478700976326536,-18.76383538155981,-0.007369831368621325,0.10831234627654929,10.337120891866098,23.078204785649216,0.9430619929271262,0.28322042270703895,188
422334A,ar2,zero_shot,CAMELS-AUS,-33.233513164230466,-5.5700869280055425,1.0039995238991108,0.0941716099598708,375.57005909879996,,-5.559094428139057,4.352845640418801,9.70923860904472,0.8406088113970672,1.5994799601779701,188
422338A,ar2,zero_shot,CAMELS-AUS,0.5056258297268552,0.4690021047661206,0.9228754816588379,0.13483322585041913,-20.126058160507704,,0.539418676719454,3.995923877852186,8.58141469110437,1.9227844177198157,1.3979979943986256,188
422394A,ar2,zero_shot,CAMELS-AUS,-4.178593290243194,-1.093450041019827,2.0379246854764244,0.29972532433423793,62.264198552215895,-0.022246200131205082,-1.0874658558443038,8.828059298889796,19.445559388766263,1.1470329209520087,1.4211963906393377,188
424002,ar2,zero_shot,CAMELS-AUS,0.9944444193342246,0.9661193763423903,0.006434564352461645,0.0026576485862961625,2.716636635363561,,0.9661872202546863,0.02274852661846,0.027037852996260475,1.1186249737890543,1.1551234799974783,188
424201A,ar2,zero_shot,CAMELS-AUS,0.9242649192854071,0.9212657498764589,0.051582086183962234,0.014659131138087707,-4.507652249491911,,0.9281862494233363,0.20851697801487795,0.10796234905288767,1.412701641788845,1.5609044503512641,186
602004,ar2,zero_shot,CAMELS-AUS,0.5950053950089265,0.5976903276370832,0.09133431884375967,0.02388853904837476,15.543313148519294,-0.00301509422799532,0.6030727697266891,0.3897827582655987,0.7392183832815646,0.8750423304357711,0.9945110265007848,188
603003,ar2,zero_shot,CAMELS-AUS,-0.4589120796115804,0.3775499228379955,0.1727634772700044,0.03372793165321055,5.44024266865378,,0.5511407256437928,0.7463438891830947,0.8249377799292317,0.937963017962254,1.1958368288598071,188
603004,ar2,zero_shot,CAMELS-AUS,-0.2184695685104936,0.04603655755065306,0.30117315948506085,0.06221442989628335,29.73382968557732,-0.03708617329312277,0.0473400356870185,1.3012456920621471,2.5745417632917125,0.9933270220330902,1.2744301728650855,188
603005,ar2,zero_shot,CAMELS-AUS,0.05973756189947066,0.4243385863694893,0.24717165990941797,0.05354271825406299,9.913269301196046,,0.44853387930622035,1.0488204661498821,2.296525066548124,0.69459404378572,0.8880966747757544,188
603007,ar2,zero_shot,CAMELS-AUS,-52.55061028308159,-6.526867866751031,16.067194582474002,1.6497500259534177,229.65009876572003,-0.025976244823647146,-6.526613489298608,69.65124549824972,154.05025397642729,1.2898064360838946,2.030366102545792,188
603136,ar2,zero_shot,CAMELS-AUS,0.7176850026374099,0.7910412404405369,0.11870464340135894,0.028261721554102417,5.78144771846259,-0.07257996762205618,0.8183840842372216,0.5030828871615572,0.5413875874960117,0.7173077959699095,0.8678596850447571,188
603190,ar2,zero_shot,CAMELS-AUS,0.1479946248355748,0.5832226735695079,0.1870582950816027,0.03939652773485927,12.979354077573058,,0.740809571090729,0.29615541874312706,0.426815178905823,0.8091918757559506,1.0286655225395913,188
604001,ar2,zero_shot,CAMELS-AUS,0.896250548663808,0.9289193065494061,0.04200205172881326,0.011485694953618569,-3.6248800087633026,,0.9495336676428666,0.17799611391882617,0.3159862119022487,0.7940232925968143,0.8340649673714776,188
604053,ar2,zero_shot,CAMELS-AUS,0.9424260780660563,0.9564827189117749,0.0489438203908894,0.01618229110945304,0.6337846602318737,-0.04752530735996124,0.9658152601757986,0.13942931055336844,0.18185162063518007,0.6911075023035846,0.7756558644179734,188
605012,ar2,zero_shot,CAMELS-AUS,0.9536943195559839,0.8659877119976547,0.04137902910810724,0.011269863170255518,-3.1444000671416523,-0.02501301257029131,0.8664260322897182,0.16653994006185102,0.3558951940470715,0.6054714039382265,0.5619735925862356,188
606001,ar2,zero_shot,CAMELS-AUS,0.972864148875384,0.9688626570473173,0.03918514382140881,0.016620352514086285,-1.8235140361971887,,0.9717740150207443,0.0925908008149991,0.04480927730268152,0.7055200284456993,0.7517223577943047,188
606002,ar2,zero_shot,CAMELS-AUS,0.9031814102174431,0.8745453959092202,0.040396928154824235,0.01652765285151968,-2.3815817684212317,,0.8836840567530941,0.13167650038958656,0.23059755135818671,0.6837056035259224,0.6569633507942243,188
606185,ar2,zero_shot,CAMELS-AUS,0.9054431286795895,0.8827617142226956,0.18854483373975875,0.06234049248755042,7.463453224132297,-0.0677843487602029,0.8873054292697676,0.7778862179392769,1.1115070571121135,0.7646205036616825,0.6847019670779994,161
606195,ar2,zero_shot,CAMELS-AUS,0.9136405806124546,0.9456225320599354,0.18602728800346743,0.07177439586450608,-0.6388201897797399,,0.9661352088274378,0.6640580654893304,0.366317165435953,0.7015393116027969,0.6927648284858994,174
607003,ar2,zero_shot,CAMELS-AUS,0.9557179671472621,0.8972723340724967,0.028039819770936617,0.0084191349993387,4.397769181427132,-0.048067952992171155,0.8980737986040365,0.1176993776213228,0.18037882931158755,0.6435204909049357,0.6955282849796143,188
607004,ar2,zero_shot,CAMELS-AUS,0.924687675344668,0.8711442344605062,0.015878882222220926,0.005562467883519781,-3.5604573022654438,-0.026520310913949352,0.8747544158152042,0.06270628526055842,0.12130348553499662,0.7450507463827237,0.6574060917739016,188
607007,ar2,zero_shot,CAMELS-AUS,0.8590427983152179,0.8138975798697479,0.07754464622933382,0.02703164811578316,-1.2959711691826998,-0.12069875662861411,0.8251294207725117,0.2882065654859274,0.39885260146326534,0.7976281798221945,0.7593918431595409,188
607013,ar2,zero_shot,CAMELS-AUS,0.9846040212468008,0.9860353984831617,0.05334657429525912,0.02250844034200349,-0.40518645966825495,-0.006502493419495645,0.9880804067453489,0.17213025070524127,0.3385560239446557,0.4257181936772985,0.4493530214510508,188
607144,ar2,zero_shot,CAMELS-AUS,0.797841739729157,0.7890758784101197,0.08367498472037944,0.01746895412180329,5.682521518580381,-0.03803897669894075,0.7988085892058103,0.35760360333411045,0.17534415698142589,0.5417904094162282,0.6317165462996311,188
607155,ar2,zero_shot,CAMELS-AUS,0.43602880607825323,0.6561354905672797,1.0181628394017535,0.34053448393128566,-1.907670752402264,-0.10764818112504645,0.8473538380281656,4.282191048996045,6.805219998391104,0.859329436711052,0.748463605217103,188
607220,ar2,zero_shot,CAMELS-AUS,0.9718863163238058,0.9731023153287737,0.03500466677219941,0.011840376909247524,1.6627313788639213,-0.007763081111924877,0.9767052433197093,0.14004000413413806,0.15869676107598885,0.5081730023809039,0.5587173086359365,188
608002,ar2,zero_shot,CAMELS-AUS,0.9031689940504516,0.8424138945306007,0.1316874720490648,0.06120211272835896,-1.571915084129132,-0.008468445908075536,0.8482628243573893,0.4900713912964666,0.5530658635460577,0.4400448339472744,0.41388562887853825,188
608151,ar2,zero_shot,CAMELS-AUS,0.9800653531169046,0.9684706234398889,0.0497875212091501,0.01863695472683919,-1.0382116846879594,-0.06345765183864885,0.9698045416253757,0.18170476342375003,0.15555521896294008,0.5307918636889103,0.5342140896242745,188
609002,ar2,zero_shot,CAMELS-AUS,0.9715400121013571,0.9554047826040117,0.08636734657434315,0.03176931874386008,-1.1635406092328653,-0.10456619942122802,0.9570725200839468,0.3373067163934761,0.10754366408564411,0.5651531749805554,0.571313038929265,188
609005,ar2,zero_shot,CAMELS-AUS,0.5581696159629095,0.583703879087167,0.16467830470544162,0.04658254544688108,-9.062155990048371,,0.6622529222940439,0.6973453648606899,1.427378204772599,0.7355825046945653,0.5461085126335886,188
609010,ar2,zero_shot,CAMELS-AUS,0.2233868635319296,0.15824914880129082,0.1796874733406022,0.02094263756539826,-38.71936567272886,,0.33576163636531864,0.7786668776920249,1.702580576912512,1.2860085527929521,1.240729764689901,188
609018,ar2,zero_shot,CAMELS-AUS,0.9251205544601145,0.8896965015763766,0.05692999571678434,0.021220223194158835,2.6305255302254187,-0.05848299725399562,0.8953569364468958,0.21721393054263402,0.10466765513173787,0.76407094454828,0.7014547189479684,188
610001,ar2,zero_shot,CAMELS-AUS,0.8054888191084061,0.8224936592811214,0.2547949360363802,0.07196156563082307,-1.0042152790227399,-0.06976861092489897,0.850534913347673,1.0340863526754396,2.2051437987724447,0.49976706568658524,0.476386186157356,188
610008,ar2,zero_shot,CAMELS-AUS,0.8632025404563843,0.8621370923399594,0.0987916719071187,0.022570539450144107,-4.020533995055746,,0.8806673628842289,0.41908112274810927,0.7926037077150168,0.5064319628405071,0.44905300266244774,188
611004,ar2,zero_shot,CAMELS-AUS,0.8830501079795657,0.890370850996211,0.14914450624881997,0.05113064686871851,8.81776693873202,-0.018605108145042817,0.9038423551535057,0.6239109547031986,0.5822343524359895,0.7047146592228494,0.7269527948691616,188
611111,ar2,zero_shot,CAMELS-AUS,0.7427685799755628,0.8021140885420945,0.21489090943348232,0.07719866393593286,1.7412260185355963,,0.8575169078008122,0.8698366091474709,1.5799633356903418,0.683897475417395,0.6810341214348804,188
612001,ar2,zero_shot,CAMELS-AUS,0.9230124900080943,0.8412402957871814,0.05078848884286563,0.019836342793412898,-2.134065341360119,-0.02474979117566831,0.8440794583926635,0.20087813907011107,0.27858486288972756,0.8544676638664427,0.795979829642629,188
612014,ar2,zero_shot,CAMELS-AUS,-0.10859246493372243,0.17056299427938793,0.10122449654008796,0.01765366485662562,25.85866309896989,,0.17339602321128178,0.437033734500087,0.9389925399016985,0.9913234237094338,1.197372009905084,188
612025,ar2,zero_shot,CAMELS-AUS,0.5346125947368396,0.5000334160989286,0.12048685627905005,0.03201882053647208,-20.47794836941599,,0.5635807007064386,0.5156053143186707,0.9189704404208537,0.9475335716172835,0.7637722614730756,188
612034,ar2,zero_shot,CAMELS-AUS,0.8795025296859208,0.8005483677578406,0.059465306129944176,0.014150056945214774,-10.375885750715398,,0.808409534645711,0.25279559502324483,0.4511826353305293,0.7750267068082858,0.7353904680141465,188
612230,ar2,zero_shot,CAMELS-AUS,0.4917689851957625,0.5096399968275658,0.22323877286355198,0.07367096868403084,-3.8256245627701873,-0.09125652069802194,0.6019784403329517,0.937955088609981,1.439811307574915,0.8004956577040233,0.6273072474404402,188
613002,ar2,zero_shot,CAMELS-AUS,0.9330405263242916,0.9562940625042793,0.11620715325820315,0.040930994240162145,1.2027944998790279,,0.9664831956943978,0.46858389017954694,0.7449963399539059,0.44806761040661053,0.4889573901955261,188
613146,ar2,zero_shot,CAMELS-AUS,0.7838136481543296,0.6764134130995245,0.3088193164169231,0.09326807735594689,-8.097181794208385,-0.054419463225151454,0.688282765161569,1.2719744401052862,2.48009425474109,0.6814929210018028,0.5656676225682186,188
614006,ar2,zero_shot,CAMELS-AUS,0.8561088500087997,0.9032836557256354,0.09046856062101626,0.016775756746542247,-3.2618940825560583,-0.017686637603875933,0.935166585922273,0.39022453608557234,0.8251228417819371,0.6327890843808541,0.7417875401083007,188
614037,ar2,zero_shot,CAMELS-AUS,0.8398129974244588,0.7548080807210398,0.05323354141466036,0.0193509748704707,2.290456783503712,,0.7629949136315985,0.21986435359002962,0.3809607414520523,0.7558217719985275,0.6297239872371726,188
614044,ar2,zero_shot,CAMELS-AUS,0.7488900076525256,0.8602518568834356,0.027522715665531213,0.00844944615166662,6.074870355597613,,0.9218839848481049,0.1161591245183655,0.1619766441139056,0.7199176218052058,0.7360894549331234,188
614196,ar2,zero_shot,CAMELS-AUS,0.9410822023630219,0.8214461567603089,0.08576960094429986,0.026815830260837347,0.9509325382246897,-0.027971954164797537,0.8219647067420084,0.34892084630942216,0.7210459219505932,0.6489801922583593,0.6058440356033507,188
614224,ar2,zero_shot,CAMELS-AUS,0.9328016465043271,0.949254805927178,0.07220115528669448,0.019200904077578983,0.9027341334702859,-0.048909168510212764,0.9605028068517085,0.306978372251199,0.4612361199200899,0.6284047551007806,0.6688212012717967,188
616001,ar2,zero_shot,CAMELS-AUS,0.8730675970912416,0.8357183446362912,0.13214957469103428,0.05075701252836671,-5.7354274019218865,,0.8443895746929622,0.5283507479673293,0.25115543572695864,0.8501432243552449,0.7829577482972939,170
616002,ar2,zero_shot,CAMELS-AUS,0.549518783677793,0.4864023440910229,0.013372501219874076,0.002869858182138011,-24.6587725054245,,0.545995009076435,0.05936278255005535,0.11275465292116751,0.9777327983060621,0.7110945579631914,179
616006,ar2,zero_shot,CAMELS-AUS,0.948553320324018,0.8935273867145054,0.03648754757334463,0.011192195733003563,-5.444948192955234,,0.8959645205130307,0.1328673451810961,0.1821472135524071,0.4633018167480321,0.41325369165014925,188
616013,ar2,zero_shot,CAMELS-AUS,0.6167292616134865,0.5507043965251035,0.0039645089334995965,0.0008632703052792887,2.4495824767453,-0.0033016120233412428,0.5527238522549284,0.01739436032732367,0.03617607598849227,0.4055778177267888,0.5155406553788829,178
616019,ar2,zero_shot,CAMELS-AUS,0.9593036101424912,0.9746816128293879,0.045661762373441814,0.012229950232005068,-0.4134314170651237,-0.02863710276449348,0.9846185377315906,0.16349191380727374,0.3233306635174105,0.42405729842989515,0.3927594160827157,188
616041,ar2,zero_shot,CAMELS-AUS,0.31871805314026,0.5658900977418401,0.15395064658569985,0.03498405282144108,8.733200604273655,,0.5810876733945012,0.6583241636716728,1.3322475970795222,0.5762893081310008,0.7712102085383469,188
616065,ar2,zero_shot,CAMELS-AUS,0.883376465229676,0.7652999505352476,0.01812101713940602,0.004713338526763656,10.848994419617538,,0.7664581761372825,0.0764003458197929,0.1446272049361363,0.9223833962927439,0.9560338811461757,188
616178,ar2,zero_shot,CAMELS-AUS,0.654399825011953,0.7681948175125848,0.17771017980297701,0.059010981651276675,6.107701447831185,,0.8596719325060459,0.742736506287166,1.264032060820909,0.6258322847540368,0.6303099452237377,184
616216,ar2,zero_shot,CAMELS-AUS,0.4958096242336635,0.6333211328776489,0.048239329240349786,0.00978487187619542,11.458848675454867,,0.6640154413214417,0.20844277872445294,0.21566618347219035,0.6832315343092993,0.9229434286545392,188
617002,ar2,zero_shot,CAMELS-AUS,0.4351242363187716,0.29191830013188824,0.010087983918753754,0.0021887842255209652,-34.95116364832889,-0.037952527551272916,0.3329926811183902,0.04358217141081408,0.0698121258894286,1.3328109710266192,0.649250747103615,188
617003,ar2,zero_shot,CAMELS-AUS,0.964059527024502,0.9283407043358075,0.01318453511471311,0.004638871701894346,-0.9190600483208752,-0.01951657461057945,0.9302673981402525,0.051846342814656214,0.1009460594324864,0.4549386130506076,0.42135373904869283,188
701002,ar2,zero_shot,CAMELS-AUS,0.7404227553831377,0.5883305874635654,0.004628078520964403,0.0019697146858233604,9.650802547696493,-0.0026931251196253368,0.5960986697789519,0.01638197071206726,0.03472118217978156,0.29230805743748167,0.1576747262107151,188
701007,ar2,zero_shot,CAMELS-AUS,0.9205661681291498,0.7516462890430708,0.005035801535468015,0.001889942727920995,-2.9157634967828265,,0.7518371101764972,0.02094929248499983,0.03735783066917022,0.5958065843981818,0.4765175814012814,188
701009,ar2,zero_shot,CAMELS-AUS,0.1745543151975918,0.6007379312174334,0.01261095305412028,0.003471717910044194,8.158965647386912,-0.005346469657708143,0.8222428834767211,0.05381042504283915,0.11067615986733999,0.636048407255197,0.5467689653583548,188
704139,ar2,zero_shot,CAMELS-AUS,0.16430463195605294,0.4312925906244781,0.10588187821287741,0.02156712038654016,39.2917451762043,,0.6039628912565143,0.4570535989669774,0.859201555456651,1.534776715132351,1.0993778644287362,188
704193,ar2,zero_shot,CAMELS-AUS,0.7656459197794779,0.8048819239076369,0.05178542549114965,0.016252661402372085,10.05657834915421,,0.8426112281138844,0.21823681549488178,0.16916278973642856,1.6941612637286991,1.1819333559285594,186
705001,ar2,zero_shot,CAMELS-AUS,-0.01060205273902426,-0.39753928101281044,0.3813903094996955,0.04605737973615798,-72.23289721753947,,-0.19295020304357036,1.6317251077407597,3.6215323361636194,1.4958696558708475,1.5286808173802173,188
707002,ar2,zero_shot,CAMELS-AUS,-405465.6361791622,-696.733037196863,64.05641769259586,4.687588635739756,-29164.931614150824,,-696.7326852550688,277.74200531716707,0.8497381271674246,1.6726824245466023,-2.0071283027164815,188
707005,ar2,zero_shot,CAMELS-AUS,0.5336248331394475,0.31219358601017766,0.16965336953458168,0.04146418189706399,-31.609865299823152,,0.3242370038123591,0.7311207116594878,1.4220001862208027,1.9745400575533225,1.1729035581542875,188
708011,ar2,zero_shot,CAMELS-AUS,-1.9951856017796303,-1.0734656456386218,0.12977944507557965,0.03339737507367317,181.56361308172274,,-0.9479504819276252,0.55475761691564,0.6829804808827581,1.5909419585363105,0.8756097805435705,188
709010,ar2,zero_shot,CAMELS-AUS,-340.2656438755137,-18.229832182767385,3.272315105402405,0.3239438164765105,-838.7431861975451,,-18.220514187854775,14.183354717457235,31.71463438199764,1.780185915278301,-3.040375007074507,188
710003,ar2,zero_shot,CAMELS-AUS,-4.13956274225873,-1.4336400130357747,0.5094496689398113,0.07594721231814273,124.51677296490193,,-1.433384853002642,2.2064251395790033,4.900767550573337,1.3619426206258527,1.413537681603629,188
710229,ar2,zero_shot,CAMELS-AUS,-12.218517998891175,-2.7476859412827936,4.362143682319872,0.49045883572932086,-266.9475798491441,,-2.7158069418648227,18.908969523616907,11.502966996626922,1.9621984555998864,-3.118331588986754,188
802055,ar2,zero_shot,CAMELS-AUS,0.9022113992943048,0.8209068235759651,0.3744725454608534,0.10617685289132014,6.658746196428,-0.10821019715770662,0.8218619606066279,1.4858227490358034,2.832094018119329,1.1508080322654366,1.2419927740198708,188
803003,ar2,zero_shot,CAMELS-AUS,0.5717231943061747,0.5454296440313087,1.6642707332239794,0.5844880516386008,-1.1841524619750157,,0.6030797830323027,7.082508973628563,11.300007198739284,1.0194042844541604,0.6295121871429168,175
804001,ar2,zero_shot,CAMELS-AUS,0.4289921342932026,0.39706091490781403,1.284423403848378,0.45131749399660354,17.09582846201179,-0.03543242126988054,0.4891587982299558,5.315978048013814,11.236318607126469,0.9978354127135329,0.44820009480825157,188
809310,ar2,zero_shot,CAMELS-AUS,0.4856517435109262,0.6887587953743963,0.5909803282386887,0.14562189009591114,18.69139653799531,,0.7873483284440199,2.533427286418312,5.135616708786263,1.2711771842628508,1.1014919412782884,188
809315,ar2,zero_shot,CAMELS-AUS,-1.714118490962207,-0.5917476363598755,0.3529471958520085,0.08394502472115736,93.24317368694695,,-0.582204350540193,1.4898266298986889,3.229808827560577,1.1463622988505746,0.9306950753031951,188
809316,ar2,zero_shot,CAMELS-AUS,0.14348715415604507,0.4637339547107372,0.6041767135520982,0.17945632449134064,35.86720436483455,,0.5654180379385558,2.4214803352303687,2.7579265801302912,1.0223206456916958,1.019104472883884,188
809321,ar2,zero_shot,CAMELS-AUS,0.5878801975929054,0.6682645923968356,1.659217025599774,0.33949096962220665,-11.221923229436651,,0.7326237282758666,7.125639443982617,15.154918184765206,1.559484173178301,1.1631988675868454,188
809322,ar2,zero_shot,CAMELS-AUS,0.6098860084061475,0.6614247392675172,0.5827411109262001,0.19477077839868534,20.464456936745542,,0.6884398162642715,2.3852322210412,3.5232409442958956,1.0324373885756033,0.849931543925862,188
912101A,ar2,zero_shot,CAMELS-AUS,0.6213000227236944,0.3986971730777591,0.1662518333796991,0.05433115485706692,26.359775423109262,0.024214767451199118,0.4016493610420634,0.675079690257231,1.4912311617603995,0.8858370544607024,0.3896794630424564,182
912105A,ar2,zero_shot,CAMELS-AUS,0.5570845472624834,0.49944298971803913,0.49235303131006164,0.11491851544270013,12.743544639478342,0.01824087993575748,0.5504712052536966,2.0451704133525577,3.758738273683104,1.3506357081189047,0.8196929549252965,123
915011A,ar2,zero_shot,CAMELS-AUS,0.17463486728739375,-0.15652672282111446,0.311684224199897,0.10164643088316518,109.11132119709913,0.014444806932970108,-0.09214058510729317,1.3074205069860805,1.560120656791708,1.1951715087798742,0.6484918060341615,188
915206A,ar2,zero_shot,CAMELS-AUS,0.09547020279802121,0.07141135566440282,0.7296014397492413,0.22418512520253306,82.71932215471335,,0.1683350183628899,3.1649856541612142,5.487704362779587,1.5724953461603255,0.8810295240390398,175
917107A,ar2,zero_shot,CAMELS-AUS,-79.55856308479257,-7.78964383192967,4.97318039685186,0.4612734357365331,243.77509311138792,-0.0067111513594289365,-7.7816022401592875,21.558980319304112,48.19588826304183,0.8708911090424174,1.450548186121038,188
919003A,ar2,zero_shot,CAMELS-AUS,0.7361030964337564,0.8441932164131846,0.8273507515413558,0.3261452851267812,7.06072439838517,-0.028358723276565932,0.9222255363736055,3.2756586403475985,2.796941539705757,0.8117886211664418,0.7639565044785246,188
919005A,ar2,zero_shot,CAMELS-AUS,0.740924200111055,0.5921150885177255,1.7140740377270682,0.7135396610618849,0.6213072826192817,-0.018919350709771167,0.5988372823572579,7.0293782342656135,10.941627791717872,0.9644595979037888,0.5746812079131002,188
919201A,ar2,zero_shot,CAMELS-AUS,0.6003310543962157,0.557311548411704,1.5338301812366602,0.5901960752710768,-1.1723511682288548,-0.07303805622919295,0.6053532027438162,6.412240755379521,6.391246160853657,1.1006857006397788,0.5942255026445569,187
919309A,ar2,zero_shot,CAMELS-AUS,0.892931210748947,0.9332167636047917,0.5390268312548456,0.1609216638926006,0.14420153685511233,,0.9511074753181842,2.1573394538559554,1.368665153688816,0.8833118160285447,0.8517246878840815,188
922101B,ar2,zero_shot,CAMELS-AUS,0.33717281500184726,0.49839393491027817,4.912679028356626,1.411881952559287,-6.238836011796545,-0.042354424273333593,0.6951837692871551,20.91861568670138,33.28455625957987,1.0281276466710332,0.674410423750994,166
925001A,ar2,zero_shot,CAMELS-AUS,0.9055115475279495,0.9075183145805215,0.9628774572487467,0.3949363645517517,-5.7682206723948815,-0.020124143930637578,0.9196232055308453,3.019065865192897,2.487390291535764,0.6339757633598126,0.6618807588378534,174
926002A,ar2,zero_shot,CAMELS-AUS,0.7669541523831556,0.8553700636757087,1.6224667847037784,0.5043002678237561,4.227453465236012,-0.005430780071284301,0.9204900524201723,6.815433195051765,9.259699699501894,0.438920781288217,0.37503605309501825,187
A0020101,ar2,zero_shot,CAMELS-AUS,0.8536023431057105,0.7982542667872877,0.049959812604660286,0.0058923301803206225,-11.74572867678946,,0.8113616206632172,0.2146580929699739,0.47938184647148036,0.7378128794408451,0.8016342185204974,186
A0030501,ar2,zero_shot,CAMELS-AUS,0.9941007622058471,0.9833159068368753,0.0006899225881023214,0.0003372948463375285,0.4234408942174747,,0.983479792581172,0.001850841511264783,0.003597274049654496,0.5486768424453885,0.5537494157402272,186
A2390519,ar2,zero_shot,CAMELS-AUS,0.6280278390464313,0.5208576549996915,0.022218931162001118,0.0046461959054845126,-14.295802737116858,,0.5464079474302739,0.09401696027366695,0.20615104456516853,0.9746621138727865,0.6147892796430452,182
A2390523,ar2,zero_shot,CAMELS-AUS,0.9875535013819716,0.949945147129622,0.004410954480283589,0.0012639865491906618,-0.9358546526225854,-0.005179808868543689,0.9501637035906272,0.01887960654302786,0.02846402765039354,0.3426582000401745,0.3199284760067557,188
A2390531,ar2,zero_shot,CAMELS-AUS,-1.3889373572703492,-5.997148683307144,0.0013007751214662337,0.000784874769918866,696.5903686958453,,-5.993741855771961,0.0013007751214662337,0.0019326584407164695,1.2386176047712871,0.14304428945669148,178
A4260533,ar2,zero_shot,CAMELS-AUS,0.5888876899158255,0.7020783809793686,0.07036744225141625,0.025883705561565225,16.116292357685964,,0.8006517740443337,0.2963387239680886,0.4683449039440603,0.9938554067740545,0.7885375283536589,174
A5030502,ar2,zero_shot,CAMELS-AUS,0.13921786343812048,0.2591093940995729,0.8838441087300116,0.1867058276409588,-15.986603514281393,-0.042783954957595044,0.5497162236265245,3.9054294377487864,7.736090051063012,1.031995445642075,0.7314114630961919,178
A5040517,ar2,zero_shot,CAMELS-AUS,0.7889856981869118,0.7729649311603323,0.2854182422655339,0.10506492853889042,1.568701671607969,-0.01251656233136296,0.7995836019463891,1.0472478924360518,1.9978603071890333,0.9402187573208161,0.731747293604716,170
A5040523,ar2,zero_shot,CAMELS-AUS,0.7145516279734185,0.7484674240149698,0.1606116182343337,0.07197003914030227,2.6017842118816716,-0.00686650084936242,0.7938581118804211,0.650023384076474,0.23611171604396913,0.4800692148447089,0.34250472680117827,188
A5050517,ar2,zero_shot,CAMELS-AUS,-1387.1094623260528,-190.39899886215642,0.0020189033872241163,0.000756649546445239,18843.156065225663,,-190.39793172717128,0.0020189033872241163,0.0020189033872241163,2.0,0.041574719118989786,187
A5060500,ar2,zero_shot,CAMELS-AUS,0.9761123892677351,0.9315858893898343,0.0007014582880525173,0.00032999607185661743,2.114457669543045,,0.9323061464805688,0.0021546815570182825,0.004048740827266039,0.3705101773538035,0.3706091299982619,187
A5070500,ar2,zero_shot,CAMELS-AUS,,,0.00027073050199328326,9.73539676114743e-05,,,,0.00027073050199328326,0.00027073050199328326,,0.049647560401105545,186
A5070503,ar2,zero_shot,CAMELS-AUS,0.9557014440057677,0.9719310623059639,0.0006349000147426492,0.00028814372472067863,-0.11657903318193927,-0.001738228964843505,0.9801740728850199,0.0016150512224578067,0.0033141744234381483,0.2590850179122875,0.2623923364405542,187
A5090503,ar2,zero_shot,CAMELS-AUS,-664.1411561828402,-24.64910642590352,0.24305050790724048,0.024905398930397706,601.9157315370197,,-24.647263125823645,1.0798292866013623,0.002582794065694986,0.3158845404639632,1.335029897293138,178
A5130501,ar2,zero_shot,CAMELS-AUS,0.08441611573973384,-0.19721744852228063,1.8268817307766527,0.2758042030321595,-58.89936784389555,-0.018033060509314768,-0.0179286835249588,7.800228668461968,15.189952874168318,1.4185999367246744,0.6198422479573185,146
G0010005,ar2,zero_shot,CAMELS-AUS,0.8822634095378379,0.6788057238536737,0.2378271689077973,0.05565419283294297,-5.887671851686032,,0.6790063039236861,1.0174204989611155,2.1481735410568024,1.283421868771551,1.0223488978947235,188
G0050115,ar2,zero_shot,CAMELS-AUS,0.24450957103564042,-0.041639492057398364,0.05436923406393159,0.0060787518313369735,-64.26369457318366,,0.05479906877863305,0.05436923406393159,0.4943097669604057,1.1721548726941577,0.9954098393746678,166
G0060005,ar2,zero_shot,CAMELS-AUS,-0.3056595682558867,-3.7357253209208263,0.040328897630084536,0.02392310823095073,470.81946340222294,,-3.7357253209208254,0.040328897630084536,0.07616738671036603,0.8711970661367279,0.21284233274505274,164
G8110004,ar2,zero_shot,CAMELS-AUS,0.15034407843657538,-0.007135024952178881,1.4114125585691315,0.31022343324765544,-36.13879244673865,-0.11781122834704083,0.14369292515019305,5.926592478770889,11.203308938822868,1.3116084848720413,0.48785785475758275,142
G8110016,ar2,zero_shot,CAMELS-AUS,-13.113727532437812,-1.768925732821295,3.40317865087974,0.5920788387907354,-31.173482475728658,,-1.6275501218932238,14.684853239647548,6.209488605708319,1.3918703936981345,5.182059118921299,187
G8140001,ar2,zero_shot,CAMELS-AUS,0.8905373224167364,0.8436717794868612,0.4779865041663946,0.15675842850091468,4.666470462119537,-0.038233857854198,0.8467572848701919,1.8843703533745826,2.808550398792203,0.8370057462804643,0.8925297317809684,188
G8140008,ar2,zero_shot,CAMELS-AUS,0.4420834505664455,0.2866978431916891,1.9897185926958043,0.4474615875604237,-24.332011956439704,,0.306485505055618,8.733130845890884,16.912118098915975,1.1720600794308615,0.6762386349964306,158
G8140011,ar2,zero_shot,CAMELS-AUS,0.7411814323322001,0.5909472608655263,0.24529644518148602,0.032963162637175566,11.587785652268417,,0.5917749612327401,1.0428024263473499,2.298127163944608,1.3116793501263813,1.6540019141379405,181
G8140040,ar2,zero_shot,CAMELS-AUS,0.9900654175345077,0.9664009212431774,0.07149542030814027,0.026915203152891084,0.6350761435769233,-0.0003253435152960407,0.9665858806375889,0.2610407136399814,0.39263438157273195,0.6357142890388319,0.6850799738547153,188
G8140063,ar2,zero_shot,CAMELS-AUS,0.5055676723576019,0.5257222602150833,1.0778246718300537,0.38092304343656436,15.028064028670366,0.009084202407050504,0.613943756969342,4.398029217238301,8.864068482490914,0.6438732461266854,0.4682588286330818,188
G8140067,ar2,zero_shot,CAMELS-AUS,0.9619634132329671,0.8573833192537251,0.18102383074378206,0.05692875931025903,5.396950687098708,-0.007832321829025091,0.8575837862363597,0.7209256091567313,1.4118919709965978,0.8924059423322398,0.9538955498535967,188
G8140161,ar2,zero_shot,CAMELS-AUS,0.5559076771427169,0.675573564088188,2.0599288722583227,0.46587254000278455,8.554558342513399,-0.01461969766678358,0.7926123600586253,8.67419106585472,17.665173498037127,0.961877308494786,0.7692563562235541,169
G8150010,ar2,zero_shot,CAMELS-AUS,0.6260299405381243,0.592660023563943,1.5509589680697105,0.6644437185697315,-8.797567067369966,-0.022039287919128153,0.6412674837144676,5.755843791819727,6.643875437395176,0.8828899470264094,0.5676778794552172,188
G8150018,ar2,zero_shot,CAMELS-AUS,0.6095844318254544,0.7861158841015561,2.0543804462685804,0.9674671067304326,7.9768691719898035,-0.1101060120231552,0.9063990193676477,6.639586350005444,2.8311634284425686,0.6362874153358028,0.6560689184155463,136
G8150098,ar2,zero_shot,CAMELS-AUS,0.2526663637303338,0.20221739608612654,5.279693414611008,1.4630453778570367,-24.870825461302392,-0.13071342710381265,0.36148842217511323,22.454811215551942,43.522682137555954,1.163304868400252,0.5767464969239892,188
G8150180,ar2,zero_shot,CAMELS-AUS,0.6840376172523468,0.7007846861665687,1.1270822045362134,0.5434830743131458,-6.416690214244727,-0.03915209103524002,0.7529808419730712,3.9741238393162512,4.406361593746672,0.5238309013615984,0.47511791253761315,188
G8170002,ar2,zero_shot,CAMELS-AUS,0.14073348879924885,0.33841245704243283,1.6871234632173973,0.5542142948136747,9.70311554093618,-0.042776035718054925,0.6498306180064999,6.832557337033447,13.741646880548098,1.111037084976389,0.6835240494974701,188
G8190001,ar2,zero_shot,CAMELS-AUS,0.5772061200552794,0.4806190579889257,2.202297840578687,0.915751577263559,6.196220176746729,0.01073607418498224,0.5135876541211495,9.202827135833255,14.98923767201273,0.8510133465048397,0.37491644234326227,171
G8200045,ar2,zero_shot,CAMELS-AUS,0.5048627775702583,0.422756660471588,4.4691862128657815,1.3193471713650202,-18.572317036989627,-0.041989408957478755,0.4768813381357332,18.926429346629646,33.61073236474198,1.1481048915747256,0.7330979496268887,175
G8210010,ar2,zero_shot,CAMELS-AUS,0.6400334776379515,0.6367737893025798,2.6653124508329835,0.9348595031282199,-0.45476306990065424,-0.052235753200733204,0.6908003350027998,11.041989638000384,13.781608304107495,1.0102778883941295,0.6357313336641981,164
G9030001,ar2,zero_shot,CAMELS-AUS,0.8043112027241405,0.4652365932051442,0.16882674526777505,0.023619253972293683,31.914699816878485,,0.4652409767005533,0.7307314937295926,1.624281089822918,1.3182270128961808,1.420204751507449,188
G9030124,ar2,zero_shot,CAMELS-AUS,0.13171175181238381,-0.039128848013672446,1.059234622664635,0.20722745382038177,-34.703312317804496,0.03529068868246709,0.0962211802138041,4.514884833738726,9.754571474347474,1.6979759168338355,0.4993061005972194,183
G9030250,ar2,zero_shot,CAMELS-AUS,0.9660498412507863,0.8209603490132635,0.04567333554996592,0.013038772091047946,11.378253575817954,0.0028918525020626973,0.82097587089377,0.1920462588629978,0.41210112922112874,0.9176371725045934,0.9276128820185455,188
G9070142,ar2,zero_shot,CAMELS-AUS,0.22422733791437488,0.21080396118878897,0.336265780883795,0.07535523049006919,23.96694502960741,-0.04527471181332816,0.35727438937203637,1.464480336300752,2.576444669493187,1.5033033598665837,0.8587445100857736,136
