basin_id,model,mode,dataset,NSE,KGE,RMSE,MAE,PBIAS,FDC_slope_error,FDC_KGE,tail_RMSE_95,tail_RMSE_99,RB_flashiness_obs,RB_flashiness_sim,n_predictions
ID_1,ar5,zero_shot,LamaH-CE,0.8617180502199699,0.9081563240923534,34.27010518032033,17.440119090665497,-1.775831774489347,-0.00020982993042325225,0.9413206470034714,115.23918627253855,206.59603680753696,0.23549532988179778,0.18799050649837437,188
ID_10,ar5,zero_shot,LamaH-CE,0.5190080720381423,0.5814081901252871,1.3636021763420398,0.5938932671335836,0.11552542045339126,-0.004666296063396094,0.6843742355286357,5.141691220498272,10.640195227919852,0.6851715550975845,0.4660844851475337,188
ID_100,ar5,zero_shot,LamaH-CE,0.3818811324281155,0.4926360648848219,0.08371451112822934,0.037284724565125896,-0.9589486242302981,-0.002763555974078919,0.6636184338830893,0.33250263889194076,0.5903052407364319,0.4749965935413545,0.34701846464420005,188
ID_101,ar5,zero_shot,LamaH-CE,0.3303064122975118,0.3309913523430654,0.1466130486046539,0.05234930286053318,-4.9674964604263785,-0.00429381581574031,0.467938835125155,0.6093041189814757,1.240673433951646,0.6427549892738736,0.36346110405075227,188
ID_102,ar5,zero_shot,LamaH-CE,0.44073089007279276,0.4514754728385224,0.5956331516044703,0.26646716427403644,-2.9285037132603122,-0.00552994428726113,0.5518910504223282,2.32076827139531,4.595770739100041,0.6474958828560851,0.38603948083301093,188
ID_103,ar5,zero_shot,LamaH-CE,0.6934625364771565,0.702623886949423,2.2942460186214992,1.1032123136045473,-2.20540934943669,-0.0007374993626940059,0.7493637641895825,8.865805666682832,15.029397481853874,0.4854697794473136,0.32239932078343125,188
ID_104,ar5,zero_shot,LamaH-CE,0.6776550465148712,0.6943903650833992,1.3847654061421983,0.6071579433820732,-3.128945682099164,0.0022450751861812605,0.7450697494696066,5.488038584305702,9.019706723268127,0.43821488052003327,0.2892880632434971,188
ID_105,ar5,zero_shot,LamaH-CE,0.5966624574672375,0.607635737093252,2.5060517043536783,1.1926233994328996,-3.78817045871683,0.000868717263395602,0.6712068698731342,9.934175857316497,17.127122432850648,0.5191085214290659,0.326575045353045,188
ID_106,ar5,zero_shot,LamaH-CE,0.6380219774342613,0.6468672306463531,5.236392562694596,2.560520170626089,-3.0963750869280657,-0.001091244784056488,0.7021418439961553,20.247729030431028,32.11359593705579,0.4917920121425238,0.3123679166714059,188
ID_107,ar5,zero_shot,LamaH-CE,0.6930646491617805,0.7443999589355681,2.3040569849999533,1.3695626313903553,0.5786386972458959,-0.0008462228241601297,0.8060152796144527,8.083394870590658,11.171355570340177,0.42920248078875883,0.324416190650066,188
ID_108,ar5,zero_shot,LamaH-CE,0.5946751894038773,0.5886268407335493,11.525171205080582,5.927903277819784,-2.5948330993364506,0.0006385551578416328,0.6477545184501657,44.75356330959893,57.34001915363342,0.4687588503226409,0.3048109508266968,188
ID_109,ar5,zero_shot,LamaH-CE,0.5240876115110493,0.5334453659023083,0.8925354624071697,0.4087871999617467,-2.118603148739666,-0.0009839084557336127,0.6152679140370931,3.5113985183779413,6.344740490209054,0.3329426697865679,0.20278514968629172,188
ID_11,ar5,zero_shot,LamaH-CE,0.7743082838887184,0.8503139725261922,0.19010512194133153,0.11565072109801529,-0.08369666430754759,0.00030405007809154207,0.909858164974638,0.5293117271238589,0.9001802900348883,0.2679314423300314,0.22471031452896068,188
ID_110,ar5,zero_shot,LamaH-CE,0.44140644057637113,0.4529842150375293,2.451428851127093,1.1714480474330866,-2.7870682959963546,-0.003780963084984707,0.5585759975319862,9.79125354761314,15.77935052707514,0.4393868354838572,0.2638501190672914,188
ID_111,ar5,zero_shot,LamaH-CE,0.8841460473326127,0.8376729450781855,2.5843486766560617,1.4112283821505645,-1.5972811626821917,-0.0028213515082479643,0.8467994761006772,8.921334650425258,10.450603020197018,0.3927336528871587,0.30256982129727095,188
ID_112,ar5,zero_shot,LamaH-CE,0.8936995833585241,0.866404270306361,0.8069240255319645,0.3778044941031896,-5.016120054787344,-0.010337265335543772,0.8768165787668645,2.613459147185671,3.1335402352099924,0.45337482892862446,0.4412292469749726,188
ID_113,ar5,zero_shot,LamaH-CE,0.866725167322466,0.8352167919185947,2.5584804598967192,1.2540966330888252,-3.210682742550187,-0.009986049586914257,0.8483862242193174,9.121905288858006,18.006393079654067,0.4595175724303217,0.39649543426840744,188
ID_114,ar5,zero_shot,LamaH-CE,0.8268294603956037,0.7797996829175096,1.2009800761014617,0.5295720748578748,-3.8354627334989315,-0.006994006361970825,0.7950296310253672,4.4310485135545346,9.030839520132513,0.4289781780539164,0.3412435812531833,188
ID_115,ar5,zero_shot,LamaH-CE,0.691556098721376,0.6763926650045982,2.006256725833066,0.8858969191599918,-5.612336146137381,-0.0091748800904548,0.7156243963826867,7.480295868569812,14.841520647180165,0.5472324851691439,0.3960303708716988,188
ID_116,ar5,zero_shot,LamaH-CE,0.8095255414295015,0.8314498964640789,0.36241314895557347,0.2065769538810603,-0.4261120767487618,0.0008470652555401699,0.8637195642787063,1.1476231300164597,0.9180935768986186,0.3871099346754414,0.2736422270104843,188
ID_117,ar5,zero_shot,LamaH-CE,0.8716992072119091,0.8129117506417849,8.310933846018381,4.1961829039048615,-2.3291232201692864,-0.0009192832772331946,0.8217495357156395,30.13296215137844,37.72898901185014,0.3439731782042952,0.257030642285552,188
ID_118,ar5,zero_shot,LamaH-CE,0.8674597103808701,0.8510379239406376,1.2373657434052119,0.6537993590934192,-2.271399946818182,-0.0032519121306489283,0.8661744433738972,4.2584526461581875,6.151682696235763,0.38994083875229907,0.30500576947535196,188
ID_119,ar5,zero_shot,LamaH-CE,0.924213536314758,0.9074462887816512,0.058659429854798974,0.029463473509834172,-0.9950891516512281,-0.0004642666559139773,0.9152189577240171,0.1936211572767852,0.13881216456530623,0.21349775784753364,0.1755570355807482,188
ID_12,ar5,zero_shot,LamaH-CE,0.8689305255323199,0.9295704586326053,0.21628478463148754,0.12439142049014601,0.33914033845298286,0.0004865767758010795,0.9738133979240381,0.6420603183056823,0.9927208957614551,0.1370141230761429,0.11873546870209854,188
ID_120,ar5,zero_shot,LamaH-CE,0.5997385932226378,0.6489411478568392,3.1980588814348714,2.396792211523457,-7.0846523891251545,-0.001986111478060309,0.7191966817317947,6.388784789794015,7.423426559758995,0.37973619117324947,0.2614014387867261,188
ID_121,ar5,zero_shot,LamaH-CE,0.7406807570022381,0.7890030888427607,3.376087815254714,2.6322564772447965,-4.767457786283291,-0.0007969563982229977,0.8380321708914916,4.752601151875393,6.463151624970139,0.4032498075851517,0.31904945894343845,188
ID_122,ar5,zero_shot,LamaH-CE,0.8872698325140322,0.8543055237883677,11.992615702398384,7.1025869569708675,-2.6374393419518993,-0.0013399202584437088,0.863677686087712,41.319623751506214,61.56076941117797,0.24324161423449828,0.17530621424159887,188
ID_123,ar5,zero_shot,LamaH-CE,0.9289090353931132,0.9122069638645117,0.5958988809242893,0.2874890554095337,-2.2908741537150763,-0.0017474906042325052,0.9191851125730839,2.0328225454345525,3.3604685401208134,0.1991108277576378,0.17035775463703717,188
ID_124,ar5,zero_shot,LamaH-CE,0.8739311653464517,0.846250384085291,1.4430299487952376,0.7436960275874316,-2.14239185941397,-0.0006730487304177982,0.8583035638577864,5.289542342460935,7.402985549971858,0.22637647429913516,0.1639587955012394,188
ID_125,ar5,zero_shot,LamaH-CE,0.755922662628665,0.7457618860207023,1.4497426524790145,0.5637480261032096,-2.562038649485835,-0.0015615241299697068,0.7770432301755559,5.800834771373069,7.993455926325288,0.31232358404562316,0.24547054306457822,188
ID_126,ar5,zero_shot,LamaH-CE,0.8462537956494691,0.8190975468491541,2.0840870491411,0.9543464830711573,-1.3914064898565686,-0.00010553358620235542,0.8347571545562792,8.106000908197196,12.52882447439261,0.23341508606667513,0.17873394504291892,188
ID_127,ar5,zero_shot,LamaH-CE,0.7115220844204764,0.7386183439954279,2.005232242005917,1.353954717209572,-4.265451355811511,-0.00776740438560615,0.7878029428696409,4.653665715327313,2.3803543907397056,0.38881552464149977,0.29105704761577944,188
ID_128,ar5,zero_shot,LamaH-CE,0.7667378925857314,0.7956373478559866,4.63949333180129,2.271650510368282,-4.165329598093704,-0.0022222756531916736,0.8357915704397235,16.514064005493676,18.917301873066087,0.3994385559978626,0.2862125615850055,188
ID_129,ar5,zero_shot,LamaH-CE,0.8841562428766283,0.8488540650436038,19.579504838776007,10.592322770781875,-2.3397069215918767,-0.0012557242236140818,0.858745086747212,68.60591717165553,120.49668957885594,0.24281075904218702,0.15192113812927532,188
ID_13,ar5,zero_shot,LamaH-CE,0.8394096765348582,0.8902211274527275,51.55721584908216,28.892075821324077,-2.072062901818278,-0.0005145072849972124,0.9262350537203556,167.68146044255383,256.90557891631255,0.23035839343552392,0.17784838215388515,188
ID_130,ar5,zero_shot,LamaH-CE,0.810210387640574,0.8043530639026846,2.354044538336471,1.1012990440324728,-0.5632371865202879,-0.0017074088917634622,0.8296118972763382,7.920019606521431,14.233378557217677,0.4422241309847743,0.37185053353293146,188
ID_131,ar5,zero_shot,LamaH-CE,0.5134830438942231,0.5995475680250828,2.6490432551639693,1.4551052714062855,2.177237080094851,-0.00442048604037887,0.7160094426093597,9.562570154603424,11.426454231050588,0.5191440626883665,0.3569983768419116,188
ID_132,ar5,zero_shot,LamaH-CE,0.8762840617960029,0.904401916839077,0.9606721527957519,0.5681321730063996,1.7738383286036685,-0.0030353734022658292,0.9284583149906525,3.1798057915330853,1.7654514781025101,0.5624448785933575,0.4998264970186193,188
ID_133,ar5,zero_shot,LamaH-CE,0.4391098259494113,0.5042534036678101,11.063346388044158,5.929043250468611,0.29606703440085,-0.004949602037763444,0.6336423976252998,40.9618245589355,53.025512102539125,0.6142584399498697,0.39063177917307634,188
ID_134,ar5,zero_shot,LamaH-CE,0.7906386559897272,0.8087482489785763,1.5206627685242828,0.8673949299810437,-0.6845249694695467,-0.004266838494340657,0.8431617359010932,4.593163237338713,7.288730781847124,0.48632430079603384,0.37121708056705394,188
ID_135,ar5,zero_shot,LamaH-CE,0.821071314061223,0.7975107559938035,34.186792839229575,19.21004163761316,-0.790490883904917,0.0013669347060233476,0.8162640713311433,120.86510107237713,233.5598031965674,0.27449086364931397,0.19099082455659241,188
ID_136,ar5,zero_shot,LamaH-CE,0.6498967548881793,0.6397388671518307,7.99133421343582,4.213749520482351,-2.4667202908978636,-0.0020188599621321253,0.6889368530028849,29.069625111685234,43.85250771798527,0.4296979046303024,0.2603179588707222,188
ID_137,ar5,zero_shot,LamaH-CE,0.707630569564164,0.6915088768769448,58.568621997433496,30.31281928167539,-1.842015774161101,-0.0006505469080523608,0.728314937017215,216.6906081573225,403.3076102324759,0.3126824879077486,0.20299940370563643,188
ID_138,ar5,zero_shot,LamaH-CE,0.17109807932906984,0.19411978285839104,1.1202015561356142,0.4817780747763716,-5.345332221503783,-0.015321538161798107,0.44219305654023344,4.517730871367385,8.466866669129201,0.9947773571528049,0.5503407625666998,188
ID_139,ar5,zero_shot,LamaH-CE,0.29620570777864497,0.2896802244447909,1.7683033280731062,0.9031782131939899,-7.426348555289994,-0.017143518978915112,0.4442331152753728,6.830788308159628,10.482961755176468,0.9822892680361904,0.4969431482749374,188
ID_14,ar5,zero_shot,LamaH-CE,0.12792843799055476,0.40190163011792435,3.671144075739789,1.944652043382163,7.457231255339047,-0.017213120862917826,0.7374953976343757,11.888664061691937,20.297486065207544,1.008559333860539,0.6097964960350921,188
ID_140,ar5,zero_shot,LamaH-CE,0.7258611481658863,0.7736261239058273,0.9914851729957909,0.3137701053842724,-1.2422045658882566,-0.0012072164285951356,0.8248739796564788,3.925092708698359,8.379370060753782,0.3240958644127642,0.274657887008955,188
ID_141,ar5,zero_shot,LamaH-CE,0.3191775239501635,0.3828935629638367,2.859617877584922,0.8952498801777846,-2.834216413522409,-0.0031392159572338207,0.5468967251237492,11.96062074430683,24.802852406136545,0.427569661121852,0.28653178978759575,188
ID_142,ar5,zero_shot,LamaH-CE,0.8762332798939722,0.901003493157382,1.1150605027850786,0.6732746213322381,1.648366136231885,0.0024791427306496763,0.9239339733561316,2.2146987504636164,1.9262609626953262,0.344685453727208,0.2740058690077704,188
ID_143,ar5,zero_shot,LamaH-CE,0.6846447207264912,0.6702766461439871,1.843409013069957,0.979995287770536,-0.2393340237696616,-0.002582509348514313,0.7124845097469596,6.319462269354541,11.58992103924682,0.4982353457386938,0.34220316992847033,188
ID_144,ar5,zero_shot,LamaH-CE,0.7062971090058887,0.7201439465006212,0.9696610787936769,0.5401926288601647,-2.503783263208237,-0.0009164176064525124,0.767060872632843,3.1695682473140367,4.840813494528883,0.49060797354274394,0.3317838456939261,188
ID_145,ar5,zero_shot,LamaH-CE,0.7089100343392818,0.7388816456268408,2.002435351348301,1.0538381175957163,-1.7240065427758309,-0.001746345278886726,0.7899311636862651,6.92842281328426,9.488650998398752,0.4292954987662424,0.3238352880592985,188
ID_146,ar5,zero_shot,LamaH-CE,0.5068331909720819,0.5004285091227925,20.813685151699648,10.246232557641896,-4.212125140912802,-0.004582149240225585,0.5781915298498657,81.23843897214924,115.0338422515156,0.5454901092002281,0.3446487760071288,188
ID_147,ar5,zero_shot,LamaH-CE,0.5068538513784883,0.5008343637907697,20.813253739909534,10.246282943730057,-3.688806815251298,-0.0036916886141709487,0.5786537537214089,81.23008564813298,114.94269067034057,0.4773401458659383,0.29991329042956,188
ID_148,ar5,zero_shot,LamaH-CE,0.07410342923359148,-0.02421368716825323,2.1114748486044057,0.5740320555057203,-15.338473975450857,-0.009909858268765122,0.25705093384407407,8.983121060347578,18.392145335957956,0.7815376643993431,0.43555618484906644,188
ID_149,ar5,zero_shot,LamaH-CE,0.6926017935680465,0.6792689244202141,78.35037183125611,42.98412123098546,-1.8905700059729826,-0.001533829558462178,0.720017349164572,281.69743761314135,445.857376929242,0.34869081003693636,0.23252790418327887,188
ID_15,ar5,zero_shot,LamaH-CE,0.11648702649597598,0.40606718129479213,0.8083532491329112,0.4823420656046271,15.351154738806235,-0.019492228336597896,0.727127639885284,2.5104170985847434,4.1091677268588125,1.0065446593185572,0.6313450897559079,188
ID_150,ar5,zero_shot,LamaH-CE,0.374027763037607,0.4785709451542025,0.9898071149002956,0.34455769418531457,-6.6341170945553225,-0.009604890581309634,0.6469657234794886,4.04822746501723,8.111500055154453,0.820054749023729,0.6800157287633756,188
ID_151,ar5,zero_shot,LamaH-CE,0.17539612703897156,0.2133921694889539,1.6808695405052214,0.42985930765129515,-8.40049646804584,-0.0050189857307107715,0.4442686469584156,7.141265391635969,15.365269262416435,0.7574487964397234,0.5372690830895543,188
ID_152,ar5,zero_shot,LamaH-CE,0.8735152216474162,0.8905913847336083,0.32157275346447123,0.07121651599040103,-1.2420482862259326,-0.0005652751145489073,0.9117679310711068,1.342420197047519,2.9875204325962508,0.2048073550316613,0.20685258757390892,188
ID_153,ar5,zero_shot,LamaH-CE,0.0639383200423449,-0.06702016681079082,0.6847450142092735,0.15883850527546584,-16.11564132973448,-0.009641179530884003,0.2036818554898936,2.939365352516419,6.244628919551962,0.8681495470919456,0.41721835506618854,188
ID_154,ar5,zero_shot,LamaH-CE,0.19791964956243557,0.2780889757280167,2.1231740378504447,0.5390634385189471,-4.5641598900804405,-0.003358487896742446,0.5203459421259125,9.007380768046438,19.265752102571003,0.409180458998262,0.29399207775877007,188
ID_155,ar5,zero_shot,LamaH-CE,0.22523398166761432,0.20123906348510057,0.12382665553829314,0.05093001189155672,-4.763701582985367,-0.004741228593016246,0.3849215434044969,0.507317683158759,0.9389482082306247,0.4719060632451426,0.22197035332825824,188
ID_156,ar5,zero_shot,LamaH-CE,0.2417188192634161,0.25649107632081014,0.5979686783844858,0.2505348156003993,-3.076253521848113,-0.005334101199464862,0.4540944270815682,2.3975721439373188,3.482766783202902,0.686094607806272,0.3570668356361612,188
ID_157,ar5,zero_shot,LamaH-CE,0.3049817265287529,0.35821123637823926,0.43309235803926616,0.19390604489488644,-5.613516180503671,-0.016927345604645202,0.538224024960562,1.692934155024021,2.6634826677379624,0.9777693552384149,0.6073457412812721,188
ID_158,ar5,zero_shot,LamaH-CE,0.2398832160040414,0.29803341836059705,0.548445419521477,0.23836264567995616,-7.27814637566652,-0.019605719117696346,0.5140628835258814,2.1864959437881666,3.7895959079874717,0.9885293112705617,0.5919317058302492,188
ID_159,ar5,zero_shot,LamaH-CE,0.5329458336534356,0.6501324178418302,0.6840712533109202,0.3647450277891034,-1.4130586215820184,-0.004086144158349613,0.7753762648554496,2.1650815911561905,3.2022591134615426,0.5982455766814997,0.4464677931732092,188
ID_16,ar5,zero_shot,LamaH-CE,0.16705789014857286,0.4329204314174713,4.909817403291716,2.8137195394895445,8.01067286521171,-0.013148929145003178,0.7459800101328194,16.078211535097847,29.490239273831005,0.8755872782383882,0.5520590850332742,188
ID_160,ar5,zero_shot,LamaH-CE,0.5195339714901394,0.6460374242126854,0.58051041927494,0.3029709754402405,-3.0604225254257256,-0.004573270641125499,0.777797943000301,1.8486986410754218,2.5796060216068994,0.554533473317399,0.42202324942637415,188
ID_161,ar5,zero_shot,LamaH-CE,0.27170393079731037,0.2680635257235575,0.272483872233321,0.05260550959748744,-2.209693282279506,-0.0008387945654415698,0.36135711767838563,1.168532036679911,2.5952448441446334,0.16074911899047142,0.09109945503132702,188
ID_162,ar5,zero_shot,LamaH-CE,0.5303516244998381,0.623326238540039,1.9274565276380609,0.7046580250547834,-2.2909675487301118,-0.003995238066048011,0.7337037240566042,7.72411196982336,15.647149084085687,0.36748028938140226,0.2963469106692733,188
ID_163,ar5,zero_shot,LamaH-CE,0.20661252909020056,0.16486339962187246,0.4652585761718346,0.17600967006405024,-4.933083861001667,-0.0039700081414978244,0.3514472496508322,1.922554705784114,3.575112825648711,0.5920203524447755,0.2729802657571884,188
ID_164,ar5,zero_shot,LamaH-CE,0.19763546651609265,0.19571206895255833,0.32818725628909234,0.10735324282147363,-3.2818642017616,-0.0018463127018072132,0.4108053651519319,1.379409824983213,2.882165505281378,0.34820580165059845,0.1891508836304867,188
ID_165,ar5,zero_shot,LamaH-CE,0.033048012104933355,-0.05308436900431435,5.504815129523202,1.5056484079249206,-7.812280968733457,-0.004908529606550423,0.3021741996666527,22.969114756994877,50.22333478825736,0.7015712323903129,0.29071178676350123,188
ID_166,ar5,zero_shot,LamaH-CE,0.011635529216194818,-0.22598513892534755,2.8420090274932157,0.4979487148257949,-16.921510340606606,-0.005866976171916488,0.13321884834004483,12.21140925127864,27.052585935893443,0.9474528680304852,0.3364319837998591,188
ID_167,ar5,zero_shot,LamaH-CE,0.036914101800695875,-0.12086521842200026,7.668385835228276,1.612797925364208,-7.0300347173978786,-0.0038843501280538544,0.21449040674557618,32.654811958837,72.35571166366574,0.5206809788607999,0.18715073833938042,188
ID_168,ar5,zero_shot,LamaH-CE,0.13799691569982198,0.0687593904542334,0.9477505939079065,0.32850999743523374,-6.466054701622727,-0.004514152444827386,0.2936858914727104,3.9626260111912806,8.169196371073745,0.6444967785531251,0.27821537897626974,188
ID_169,ar5,zero_shot,LamaH-CE,0.19817397014022187,0.14205202331710798,0.14756506916330892,0.05277162447611966,-7.255998518268496,-0.005891316845370118,0.3171406856904534,0.6160518291350071,1.2159045480399993,0.5079625677228699,0.2158077220957913,188
ID_17,ar5,zero_shot,LamaH-CE,0.3139011640182806,0.656436783629673,0.24030765493972073,0.13349475651178652,7.346447174305273,-0.013851098561618421,0.8961920724125814,0.8613470893937746,1.11303109016971,0.8376625831820931,0.633386238294632,188
ID_170,ar5,zero_shot,LamaH-CE,0.12430284972785277,0.022252851852131217,1.4293535613203674,0.46019343324956513,-10.962997966803504,-0.00666851372114876,0.22850423958773491,6.031467149902647,12.667228768740799,0.7220982790356693,0.28118192850400725,188
ID_171,ar5,zero_shot,LamaH-CE,0.2043531685380876,0.1546408877400658,2.7814986859014845,1.0372309785812501,-6.3941133252327464,-0.005986463407041892,0.3313861085142903,11.531921046211325,23.244950060125763,0.6599740045797442,0.3096144075172221,188
ID_172,ar5,zero_shot,LamaH-CE,0.1477760230297528,0.025175506442680184,2.740001644124503,0.6536189844989406,-20.962419559960136,-0.008751056004594977,0.11922681276211178,11.775831273371015,25.42457756372889,0.965502752439965,0.40153107381994396,188
ID_173,ar5,zero_shot,LamaH-CE,0.8214921577351655,0.831380159311472,145.50777835031596,78.45042369743943,-1.3739928744896044,0.0011174982259978868,0.8581652798451673,505.64310954653445,727.7128328269577,0.22787497156782346,0.1659012445590629,188
ID_174,ar5,zero_shot,LamaH-CE,0.21740003754253845,0.21668006902391912,0.2925228018643118,0.10279220618631245,-5.284288586178073,-0.0076444612817678295,0.4210164564517571,1.2088946386297097,2.496128802063111,0.8171125989664213,0.44748508090651506,188
ID_175,ar5,zero_shot,LamaH-CE,0.356539140029258,0.34265292022038296,1.3500615185725455,0.45506452298219535,-6.692185730157258,-0.00940018355141885,0.46208094399865474,5.648342284228077,11.356555963571886,0.9566424196018377,0.5875381771212511,188
ID_176,ar5,zero_shot,LamaH-CE,0.44903448451062955,0.4867846124005617,1.6767966872446225,0.6743074681871251,-1.899649520393113,-0.0058439478886956695,0.6025481122776077,6.817418476041019,12.898116168024846,0.8513955590330241,0.5857878017204159,188
ID_177,ar5,zero_shot,LamaH-CE,0.2654595998849596,0.18381170384448742,1.147801386497715,0.32962109006086965,-13.448156208539361,-0.01097330657344899,0.286728323276923,4.895577306410618,10.260394889151165,1.0730715084261524,0.5687117089070686,188
ID_178,ar5,zero_shot,LamaH-CE,0.4892201901468878,0.5711015460871159,0.7365758502382337,0.3190986867617674,-1.391678595602619,-0.0035141252103563165,0.6935188014129221,2.7894830255291687,3.613196211817084,0.517600700525394,0.3890801523231292,188
ID_179,ar5,zero_shot,LamaH-CE,0.3294190099409974,0.31216430414248864,6.387104124960081,2.0892855234145444,-6.469239110897321,-0.0067128399772147275,0.4435601406668326,26.669755919985256,55.85722142815445,0.8008623493993718,0.5028357753237067,188
ID_18,ar5,zero_shot,LamaH-CE,0.2177549616530028,0.522025274194774,1.8911901625571554,0.9786367183317252,5.287014177418954,-0.0050175699004247,0.8332973106660846,6.996970844721977,12.423757256983837,0.7111640973703097,0.5385140226379385,188
ID_180,ar5,zero_shot,LamaH-CE,0.6380258616466442,0.5401119045114005,1.3849116672780328,0.5574603764165468,-3.9814873293700415,-0.0028974076301637687,0.5660078202263505,5.445327535034,10.345623224085454,0.4709407914940523,0.29820680766541885,188
ID_181,ar5,zero_shot,LamaH-CE,0.515846745233338,0.5753562914515988,0.5662845733939686,0.18578666520785325,-0.9100764815228931,-0.003566215818078665,0.6809545848499432,2.3324669128292204,4.410467136394819,0.6372130025346434,0.4527845001101139,188
ID_182,ar5,zero_shot,LamaH-CE,0.8497281862888307,0.7830199934761319,1.1977669109423579,0.5516758850847321,0.039829433943050115,-0.007165824867643181,0.7936013409211368,4.521894201318992,9.327139828327818,0.5966590989652785,0.48225320156913026,188
ID_183,ar5,zero_shot,LamaH-CE,0.562645093335449,0.7834346956761471,1.10731537307547,0.5152405885010148,3.14956105584963,-0.0033533158985302163,0.9394501867458307,4.235971836513944,5.535093737511199,0.41631831017108684,0.32808042231205703,188
ID_184,ar5,zero_shot,LamaH-CE,0.7290238529480151,0.7903492563203298,2.4994341887266738,1.0880584146407022,-2.536982018237155,-0.004133871278293164,0.8462873993324119,9.635555071509378,16.893753017238666,0.5891750965575334,0.4563268018997603,188
ID_185,ar5,zero_shot,LamaH-CE,0.6388507382402446,0.6158094119261076,0.8268499617405378,0.29871271897533763,-1.66135045944737,-0.002538326269009893,0.652577788888316,3.3484714749973854,7.299585356713064,0.389404735317243,0.291109552967165,188
ID_186,ar5,zero_shot,LamaH-CE,0.7241997193212311,0.7161596962874174,3.3268389229599147,1.3771463651392042,-2.9276100643387433,-0.004814608652194498,0.7541982992999391,12.787602897057766,26.424252897139116,0.4787464573747352,0.3612274481486314,188
ID_187,ar5,zero_shot,LamaH-CE,0.8801165436499947,0.8816418074061545,178.00062140540595,105.16378224691162,-0.736559931028144,-0.001062045319870964,0.8982397678575138,596.5661918737405,740.9693020480079,0.23415124789609051,0.19783445473614034,188
ID_188,ar5,zero_shot,LamaH-CE,0.44308603581796446,0.5473946847950083,0.44693887126380333,0.21092043520991346,-1.9534176635073797,-0.003844807775473986,0.6938509756145832,1.670218735878184,2.2481781176718094,0.590011079033132,0.3898627412097461,188
ID_189,ar5,zero_shot,LamaH-CE,0.4126687501187961,0.4718206231807309,1.3735255559392252,0.568975515124454,-1.9457674224977315,-0.006015885631772062,0.6081386727376094,5.293265954630037,9.785025856208078,0.6862598620806303,0.4482322393810041,188
ID_19,ar5,zero_shot,LamaH-CE,0.23729880734852637,0.5049542063292067,6.5536014452262155,3.794395744988741,6.72863880639968,-0.009784858002898454,0.7897335183707221,23.054794630091955,37.601002135691594,0.7997549728229442,0.5312991880734929,188
ID_190,ar5,zero_shot,LamaH-CE,0.4512940011145389,0.5171315799479057,1.3934646447514836,0.5861405148668241,-2.187852737425466,-0.0038189116251693914,0.644112399528362,5.378516031110149,9.705560032730421,0.5829367444176788,0.4049855443905402,188
ID_191,ar5,zero_shot,LamaH-CE,0.35569193300479796,0.30102262847916117,0.567128270150514,0.17514165371569598,-6.40948876726966,-0.008767973337161405,0.3887736262575029,2.3801186154973357,4.858150958571898,0.9614651916714012,0.5277333900017823,188
ID_192,ar5,zero_shot,LamaH-CE,0.32862556637303497,0.3013551157623373,1.312436625124137,0.40296136460180626,-4.546316985748118,-0.0072583323848632,0.42810503661405397,5.487544807985107,11.229732362010065,1.0300375942693323,0.5380805810938265,188
ID_193,ar5,zero_shot,LamaH-CE,0.382531258609918,0.35174234051453024,2.07817824216661,0.6714292718148647,-4.562703232876566,-0.006174496171626319,0.45374157965888307,8.618395353458867,17.31905610257816,0.9882357426690506,0.5515409922436356,188
ID_194,ar5,zero_shot,LamaH-CE,0.26568570174523654,0.31892643487235106,1.1997921590637082,0.43975865424008903,-5.728812950323796,-0.009252364463105322,0.5201285864988892,4.908831624515116,9.147701167298305,0.996705461056401,0.5728884234728233,188
ID_195,ar5,zero_shot,LamaH-CE,0.37693148788335573,0.46389527098040406,4.738712772908685,1.6428174541917369,-1.115158499290709,-0.007434496331272947,0.6273859826446093,19.355792306571686,38.26306026382997,0.8688761826166407,0.5783391294631406,188
ID_196,ar5,zero_shot,LamaH-CE,0.7184022974261262,0.6022987767389338,0.35770541944443707,0.14442023972159063,-1.4273180731755473,-0.0012763658742934308,0.611564310694822,1.4299101756148995,3.074894207908402,0.49766356968980663,0.360690492114549,188
ID_197,ar5,zero_shot,LamaH-CE,0.4179593204163572,0.3082539149228648,0.37022601387978143,0.11109052749503881,-5.74524519596412,-0.005285024448699339,0.32576768923255095,1.5641616443484099,3.411011553041024,0.5475712683704185,0.2915930148043384,188
ID_198,ar5,zero_shot,LamaH-CE,0.7407548373769481,0.6813991293221873,1.0400286404358947,0.4536883693560075,-1.6152365380984042,-0.0032649940666491795,0.69843731923409,3.7634329460613793,8.124541356412308,0.42118709524092435,0.32502198893507245,188
ID_199,ar5,zero_shot,LamaH-CE,0.8452764837004687,0.8725566427618532,0.10969962028715526,0.05391722581781485,1.1779461558473256,-0.0058499196837517795,0.9002624388667724,0.22499342909063777,0.45806740639076293,0.5172943364674164,0.4755008134309303,188
ID_2,ar5,zero_shot,LamaH-CE,0.8789151093200841,0.8947703692591255,1.1381357968968657,0.5422056797721699,-0.07628803238336666,0.00013105378636252968,0.9148098177542261,3.7981971202826426,6.866150926658737,0.27085572560471016,0.22844783162484655,188
ID_20,ar5,zero_shot,LamaH-CE,0.6260514002188202,0.6578015833576631,1.957140567872275,0.826895707671772,1.140047763888278,-0.006658197319945346,0.7196114405628096,7.626227916405275,15.261197827787031,0.6354832393483709,0.4789078621536958,188
ID_200,ar5,zero_shot,LamaH-CE,0.9475525555755948,0.9703435958499541,0.9434445135619719,0.4467012147144518,0.3494962155264816,0.0007626028818397551,0.986542063339977,3.068277119231017,4.039115593289348,0.3487103055575552,0.32848929693086215,188
ID_201,ar5,zero_shot,LamaH-CE,0.8580063564295417,0.9135056461359635,1.388259533037997,0.7248437377154981,2.531781229581095,-0.004868263940698246,0.9530761134963519,3.769619268781728,6.259723667139262,0.6867604280968171,0.5918448374071797,188
ID_202,ar5,zero_shot,LamaH-CE,0.4285228939308532,0.592902882584069,0.47809265725498723,0.22787326400580893,3.8209209870816943,-0.009925276755946863,0.7686488534156222,1.6972275166971296,2.8245018180594568,0.8539791615989623,0.6139349163641108,188
ID_203,ar5,zero_shot,LamaH-CE,0.6696023488014347,0.7793296468403688,1.8695232894053153,0.9899045223239143,2.3086065641618174,-0.0024133381539592873,0.8654648649538691,6.978103247968414,7.240978848839827,0.6114543287140515,0.4754869089204627,188
ID_204,ar5,zero_shot,LamaH-CE,0.7955611060930519,0.8539624640059612,6.835294825684769,3.694991976762285,1.8970854917533746,-0.0014469810503433232,0.9009800943426788,24.65564666168575,32.99961230186012,0.560253015291076,0.4756816993023077,188
ID_205,ar5,zero_shot,LamaH-CE,0.7914049636598688,0.8396611255876054,1.627219025860985,0.929063380239464,0.6782562312927632,-0.007287959923750635,0.8836345286063605,5.360921870178249,7.834342643093307,0.504927497809101,0.38072903313736284,188
ID_206,ar5,zero_shot,LamaH-CE,0.8251826920201473,0.8868856433576253,10.922286462515432,6.546371519014803,1.8461365714944253,-0.0024284797381759204,0.930460593342737,34.33813871778869,45.94779459836243,0.509242684405232,0.44323142404661786,188
ID_207,ar5,zero_shot,LamaH-CE,0.8197807484035057,0.8630396290281654,11.884839154579447,6.97551636406009,1.387733251779456,-0.003087649568769401,0.8993468386459236,38.85313052156683,49.50330907393945,0.5062885360195781,0.4275650912311172,188
ID_208,ar5,zero_shot,LamaH-CE,0.8406423180355422,0.8656891586442655,1.7569516114452588,0.8679528074393232,-2.3633547723809465,-0.0023307465348522544,0.8938371557039684,3.7577208273941496,0.5315756744762188,0.6594279298257266,0.5793348807133878,188
ID_209,ar5,zero_shot,LamaH-CE,0.620117380122226,0.6613902077160125,6.447209507811405,3.0694941517881094,-0.652505663521745,-0.004166716510557162,0.7348097975112805,24.176729111073143,38.998544547233344,0.7578383133989968,0.5916021934898033,188
ID_21,ar5,zero_shot,LamaH-CE,0.6781962471427139,0.7453289972498686,4.569030919122212,2.4275218918050094,3.2939842040450906,-0.0066728705222211075,0.8125215531422468,15.074965380164265,28.7504316570597,0.6128917737549986,0.4600395073968659,188
ID_210,ar5,zero_shot,LamaH-CE,0.3402448434724027,0.4099497622193131,2.623197864202902,1.2694726161543015,0.5816027719064123,-0.014273951048478502,0.5820330392197093,10.038263046755477,16.75382589762362,1.0422159612735344,0.6685175996803893,188
ID_211,ar5,zero_shot,LamaH-CE,0.6908230893803466,0.7225674103540738,26.655019881693228,13.897827527729842,0.2733063505154758,-0.006366616789237226,0.7782866851553817,101.819137142606,168.00094234876957,0.585338180498615,0.45910640672781583,188
ID_212,ar5,zero_shot,LamaH-CE,0.6201463861025667,0.6254048633678431,0.745009858930871,0.3318086504974668,0.41453008058625274,-0.005988650902261377,0.6853771677249008,3.013246590125257,5.302008517265223,0.7050804421582576,0.49156674254484306,188
ID_213,ar5,zero_shot,LamaH-CE,0.6278560254399255,0.7508015139323247,0.5193241613621306,0.24628071534779697,-2.3206507733364394,-0.0027265890750081817,0.8573151389840087,1.916130938054512,3.38244013104232,0.48030436443986646,0.3940688836812027,188
ID_214,ar5,zero_shot,LamaH-CE,0.8929453249401154,0.9070222181517633,0.19383604301392734,0.09548873095035959,-1.012052881648718,-0.0008362974902267235,0.9246499266497398,0.46862621897324064,0.46446775799071904,0.2885120666174495,0.255333096069602,188
ID_215,ar5,zero_shot,LamaH-CE,0.2723424189077197,0.3459606564603086,3.0878523565356737,1.363344133675419,-4.308983474669751,-0.006645450124157808,0.5505629757226244,12.278626956188532,19.99476884702741,0.6661750419625017,0.39910222757227193,188
ID_216,ar5,zero_shot,LamaH-CE,0.8490152482048874,0.8920750526483561,2.626261425704895,1.2689648348784184,-2.700359354682574,-0.0020860649527052813,0.9249418332448063,8.015177948514824,0.6169485090738083,0.579108886622048,0.5204818225066216,188
ID_217,ar5,zero_shot,LamaH-CE,0.4132227424635284,0.5159461547600247,1.9165471810616777,0.9088375820200847,1.5456353428940457,-0.006652774517634019,0.6717528266060528,7.374676410603685,11.714957391034433,0.7388142779317369,0.47424272851568283,188
ID_218,ar5,zero_shot,LamaH-CE,0.8849936236761684,0.9425081256383182,3.774197963384552,2.012189935602959,-0.24369095223317147,-0.002651091508130239,0.9898281946168006,5.169264037055263,1.9682825604343694,0.5220876805625088,0.528463557845467,188
ID_219,ar5,zero_shot,LamaH-CE,0.23829308511044411,0.2685051872690668,1.9639477605284543,0.8775456406533748,-2.902405314798852,-0.006237956824513282,0.4760199875379971,7.840463364989881,12.701211794828115,0.5774499213950886,0.30956469487417115,188
ID_22,ar5,zero_shot,LamaH-CE,0.5774729698887928,0.6669938472071963,8.72131020717503,4.462551030167678,3.646898118008223,-0.007503638542511636,0.7639261280624878,30.379870832458224,60.077544628560055,0.681195913144425,0.48796562564881624,188
ID_220,ar5,zero_shot,LamaH-CE,0.24942621080418637,0.2665077567917694,1.189558625102799,0.5000132610106411,-2.9705334585539838,-0.00619766356141618,0.4616935328705286,4.782929526020055,9.055032770972097,0.7478790928641621,0.37341300828457274,188
ID_221,ar5,zero_shot,LamaH-CE,0.27762370964348193,0.3074624328212857,4.083458606677969,1.745616269882784,-2.7572713972892138,-0.0048710848447193,0.4914788063348958,16.43856490879691,26.34594348234852,0.4815222109925591,0.263155839743957,188
ID_222,ar5,zero_shot,LamaH-CE,0.37928668596528103,0.42166771803962766,1.0996409629905999,0.5505695024690013,-5.0276667273116065,-0.016208370577240006,0.5642373021783086,4.243554295699403,5.173690655479399,0.9269378067856949,0.555173700166212,188
ID_223,ar5,zero_shot,LamaH-CE,0.41932170178165606,0.4566473522485609,1.2786801870874704,0.6427544224513284,-6.289221736277271,-0.013820487577774184,0.5814053046503762,4.912786070999746,6.628385031048063,0.8794079296681704,0.5219927388634085,188
ID_224,ar5,zero_shot,LamaH-CE,0.29088308353255066,0.33136957058817496,6.2641963202817434,2.844426661804477,-3.3215534036143466,-0.007506755422847186,0.5134761877123226,24.827887929422825,39.666028656323874,0.6013968886603239,0.33147685723132186,188
ID_225,ar5,zero_shot,LamaH-CE,0.7347361847573082,0.8031955773161913,7.960732017501948,3.9458601421258686,-1.403120856075574,-0.0010651200000370842,0.8640953018323874,25.205867665706663,49.766362304651786,0.4550996277146073,0.38235863700518463,188
ID_226,ar5,zero_shot,LamaH-CE,0.26419980120120357,0.3324468732333302,2.5317100867107385,1.0424617695341232,5.358955352919631,-0.013678751777531162,0.5390544304941116,10.324566105895252,20.431921861840024,0.8274075555290092,0.5414526077628921,188
ID_227,ar5,zero_shot,LamaH-CE,0.6659315104875869,0.7416939227207919,10.535021695694182,5.303627469425926,-1.0297033987758206,-0.002607287643616797,0.8184537786690615,37.584266956165386,70.89321652290579,0.4421593785476948,0.35024945520691364,188
ID_228,ar5,zero_shot,LamaH-CE,0.7213305220460688,0.7618363560716402,35.535847354744305,18.87037969952477,-0.7628369633576526,0.00017987485736770982,0.8147445326060286,130.42106785486237,181.47431942720075,0.5074673279792534,0.39971987791074176,188
ID_229,ar5,zero_shot,LamaH-CE,0.1926775403065315,0.24219888841789838,0.2078448780634822,0.107668302757857,3.373697286377376,-0.0041950920922742,0.4847757014186811,0.7531909288893065,1.3069294099874835,0.41889994505829925,0.18511334092783693,188
ID_23,ar5,zero_shot,LamaH-CE,0.258900853525705,0.4596201159498813,0.5929956704720498,0.32165007664367745,6.37608006813357,-0.018719032545330083,0.713014481472344,1.9763890672575344,3.3738495415616914,0.8592782463296766,0.5276214970964753,188
ID_230,ar5,zero_shot,LamaH-CE,0.49999178397106936,0.5892469564904828,5.0138937562054355,2.2204437110019737,2.386081743935771,-0.004051695960388645,0.7107015884888301,19.139986020399718,35.970775156442954,0.49877397294334114,0.38528972298212255,188
ID_231,ar5,zero_shot,LamaH-CE,0.43391599492738486,0.5701475116044306,5.497126293538184,2.256269396531755,2.935954546095254,-0.003937765525735165,0.7316674734842576,22.22919275302222,44.15027245864193,0.3726048736411788,0.32262093512875994,188
ID_232,ar5,zero_shot,LamaH-CE,0.2697255517099173,0.40854085585613154,1.1485913353482304,0.5092779796639583,4.343676496973653,-0.009742518011943653,0.6378852550483527,4.531121559913666,8.993351520624945,0.7987495801792958,0.5433571509695209,188
ID_233,ar5,zero_shot,LamaH-CE,0.52510537007076,0.588115435726069,7.187695141687163,3.2101018879565264,-0.08212463385503203,-0.0031929532862857574,0.692912341162405,28.92214893046622,47.95404302443809,0.502212508962863,0.36395014763619615,188
ID_234,ar5,zero_shot,LamaH-CE,0.6913128449465735,0.7389638694513756,41.08030216732966,20.459835310283054,-1.168533082071734,-3.17764628950043e-05,0.799619621048403,158.29173626438617,226.0359755279337,0.46648162334573084,0.3623687661326556,188
ID_235,ar5,zero_shot,LamaH-CE,0.3057353388200751,0.48321355464104976,0.24986769632551425,0.1118999750902471,-0.349714971695962,-0.0032685015365769843,0.7100330716624774,0.9923371869072994,1.6613183484883112,0.2936605090863141,0.19330973903123766,188
ID_236,ar5,zero_shot,LamaH-CE,0.37658884662582925,0.42525381102402615,0.49191777497176137,0.2564826569327773,5.818320542568204,-0.004873532394769588,0.5655772422436052,1.8024099872157866,3.518135985918861,0.4499305855845605,0.28110687258654266,188
ID_237,ar5,zero_shot,LamaH-CE,0.3838186359641035,0.47361745024692536,1.786025881973715,0.8703385483132274,1.7711069919515856,-0.005229696068257978,0.6356095437885916,6.62964756074311,11.539026216583434,0.5674390781436937,0.3513344053394915,188
ID_238,ar5,zero_shot,LamaH-CE,0.30387611669148207,0.4576089180133275,0.7191617493994983,0.34589471455808446,3.731262998712376,-0.006409005319383281,0.6765647112774749,2.722395250751494,4.461586569270169,0.5892920678846751,0.3667110292698671,188
ID_239,ar5,zero_shot,LamaH-CE,0.3120260935007706,0.4450484535679575,4.0238559622533785,1.8633728871197794,-0.2697569190017173,-0.0038489603552929992,0.6518737160539554,15.844701594715408,25.946439476335645,0.6267851830190192,0.3822389001100679,188
ID_24,ar5,zero_shot,LamaH-CE,0.4867049559534048,0.5798336747838704,1.9096604562373902,0.9927853489822012,2.731180410149703,-0.013765688694129218,0.7001898667136964,6.502614720056675,12.697819915674387,0.8245703328739132,0.5330808329373038,188
ID_240,ar5,zero_shot,LamaH-CE,-0.73713441370886,0.2876784185997612,0.3492179495031487,0.12550471237182778,5.987302573419507,-0.0027165062593009163,0.41462141214833104,1.4183599736846446,0.5619763824515465,0.2465440420427282,0.22008064352750345,188
ID_241,ar5,zero_shot,LamaH-CE,0.8205688228896487,0.7993917198659852,0.2829194641942904,0.1494241538713053,2.6351009950259114,-0.0033097299934742967,0.8174363086514147,0.888856136495642,1.8470668416217693,0.5048846546244576,0.40713732785936596,188
ID_242,ar5,zero_shot,LamaH-CE,0.850301815401102,0.8855395046115988,0.11786347633776321,0.05859696182633465,3.7400988459071542,-0.003653130689688547,0.912972421426232,0.377103443474054,0.6046896926222655,0.4150051844171234,0.3671045482376689,188
ID_243,ar5,zero_shot,LamaH-CE,0.7917201640601301,0.8228397600626804,0.5683754318697476,0.3038484849691621,2.8883920869794113,-0.00431915617792808,0.8588553023186314,1.8734104001889966,3.4782906653913965,0.46196710835964366,0.38597095871615955,188
ID_244,ar5,zero_shot,LamaH-CE,0.8221969927169032,0.8329977756252327,1.3282772905251323,0.7146071758599231,0.5011266359764862,-0.00027614899889293054,0.8600961775278855,4.535694537879156,7.196105646828684,0.4373071517636367,0.3381350968358579,188
ID_245,ar5,zero_shot,LamaH-CE,0.7301146745331406,0.7568045068047805,1.0042700964583113,0.4701053502003577,0.4099260125027872,-0.0002490858997998167,0.80344472186222,3.5243467350642774,6.274904530953335,0.21609034825637025,0.16938210254341815,188
ID_246,ar5,zero_shot,LamaH-CE,0.7354679785080211,0.7857151367327112,0.568609518545623,0.30889383595459624,0.5119001165214743,-0.002209541856188029,0.8396205989531942,1.747351731398399,2.906330995156927,0.42632986820929936,0.32977402532805716,188
ID_247,ar5,zero_shot,LamaH-CE,0.7949089955372406,0.8160644305870404,1.2480952838002184,0.5120391677836891,-1.159186137406955,-0.0014824657667574584,0.8504517657659473,4.743634147732264,7.863202760703714,0.40033011034243854,0.33067331901412794,188
ID_248,ar5,zero_shot,LamaH-CE,0.7677882814007178,0.7972623062915853,6.8866962014742095,3.0277232571913055,-0.0406760934263748,-0.0004994584688904485,0.8375125706373644,25.72431158278797,47.86967502965483,0.30226721274196533,0.23776629485873935,188
ID_249,ar5,zero_shot,LamaH-CE,0.7955232660025844,0.7971785120065226,13.64537589522617,6.404888020332655,-1.4454199894338748,0.0003202740501471249,0.8253931180814721,52.71630021322162,99.22094612270018,0.30547209994926083,0.241451210342849,188
ID_25,ar5,zero_shot,LamaH-CE,0.3470032313828202,0.4570564951711428,0.9744767143316507,0.5155350972691233,3.232857763585253,-0.017746040085815602,0.6412301610611228,3.3670920830608004,6.490550605186828,0.8913480885311871,0.5621769484609458,188
ID_250,ar5,zero_shot,LamaH-CE,0.37806092576821737,0.40296450580160137,1.9325721311347963,0.6041213051190085,-3.731529873989637,-0.0025641081724323556,0.5353355435484701,8.026493601206491,15.446751943329787,0.4515573438019123,0.25290036558171036,188
ID_251,ar5,zero_shot,LamaH-CE,0.8437145855500073,0.8537251708103925,0.9686274040604178,0.3951922579517611,-0.253777483967287,-0.002438448114560912,0.8763307663536877,3.7352921686319887,6.933359689955257,0.20258203039559927,0.16160496767596716,188
ID_252,ar5,zero_shot,LamaH-CE,0.795951713311124,0.785815523655736,17.20283474172604,7.572877737944393,-1.029381693387206,-0.0005516164847704404,0.8114222537583519,67.99267633154663,127.89956501568089,0.28923751998014674,0.22113651402586382,188
ID_253,ar5,zero_shot,LamaH-CE,0.8650315098218332,0.8636074662938904,2.1129300030211073,0.9229156711333809,-0.4102107170069265,0.0002592628074302387,0.8815601627582015,7.964564507925265,16.36408434410877,0.24932390622939513,0.20063640949591646,188
ID_254,ar5,zero_shot,LamaH-CE,0.7967863337219124,0.7944726494272231,20.91790757668652,9.656342869075745,-0.37160149047186786,-0.000523562038323119,0.8222066575919635,81.57050162399665,153.765997479253,0.2989739163893962,0.22671834733108784,188
ID_255,ar5,zero_shot,LamaH-CE,0.7488737319456132,0.7738852174653148,3.1181425573647097,1.3680789027852898,-1.0197032613330657,0.0009438148641711074,0.816226960462009,12.185153025989827,20.958466539814996,0.3695285289505932,0.29441235651811265,188
ID_256,ar5,zero_shot,LamaH-CE,0.529709897271518,0.459545837818099,4.255668267965859,1.6189104627333526,-4.939204700877138,-0.004897808245807683,0.5022470720197509,17.398580343656967,31.06402042228221,0.48414169632936754,0.2815336405422922,188
ID_257,ar5,zero_shot,LamaH-CE,0.3213569487321408,0.2931991791166223,2.611063183398712,1.073035460761078,-7.7012663331546385,-0.012018991585661259,0.42122076391848506,10.82695720107862,17.826362893710957,1.0145196309028406,0.5582644692328541,188
ID_258,ar5,zero_shot,LamaH-CE,0.6407549547009538,0.6331845693769932,9.173617524615818,4.14391506108144,-2.5198410615529494,-0.004279684074506228,0.6845329219660004,36.37331080787995,56.39520083599637,0.477818624024046,0.33990321980533555,188
ID_259,ar5,zero_shot,LamaH-CE,0.4695353574321822,0.49123064361291424,2.191991667024098,1.0183401954949867,1.1942611448250866,-0.0075698893176815146,0.5945911545851867,8.696680391365748,13.98083425368715,0.6131909529901922,0.3782193851874781,188
ID_26,ar5,zero_shot,LamaH-CE,0.4835374219594919,0.6298913999175764,6.975110418767985,4.34917677683444,4.041796993264934,-0.013113254051190003,0.7808873595492907,19.90890942296756,29.79691378682063,0.7527742078767383,0.5209120006874991,188
ID_260,ar5,zero_shot,LamaH-CE,0.31913515554091887,0.40018797702944087,1.3168538953909268,0.5482747603281742,-1.4999959598241832,-0.005002406735504605,0.5855402190874515,5.25506838727046,7.885342966529503,0.5403596086478395,0.32297418064857986,188
ID_261,ar5,zero_shot,LamaH-CE,0.04763905898444987,0.0660095932181618,1.5387489368392744,0.5289850840196915,-0.06143056304980342,-0.010972960839297684,0.4127846307110171,6.403408591674895,13.437169404181457,1.0093248623960651,0.564853199449056,188
ID_262,ar5,zero_shot,LamaH-CE,0.45925462713355747,0.512967491382033,5.277266756828,2.671477960813944,3.2233862218339326,-0.011314808030401934,0.6327198148855274,19.825817790892604,31.792228248936574,0.8170213575212931,0.5179278747529111,188
ID_263,ar5,zero_shot,LamaH-CE,0.6994691369419392,0.7116811383244623,52.15614438684872,26.843570721468573,-0.25279924252548847,-0.003163244703348271,0.7596788367194934,191.5774715699969,295.79609235464426,0.39693360430775526,0.3116483389601856,188
ID_264,ar5,zero_shot,LamaH-CE,0.7927404119654881,0.8346261949618938,0.42503236158746943,0.24208513260206574,2.2310506762277655,-0.002005191927961489,0.8753404254041541,1.3684820041267893,2.440720462923625,0.3393348506981011,0.2825602655805714,188
ID_265,ar5,zero_shot,LamaH-CE,0.7610555474832689,0.8114016641683661,1.3213286696385094,0.7989196818181605,6.130726219567713,-0.008099320208375508,0.8588629031273294,4.189216668529106,0.36570015224315766,0.6316567521974608,0.54685061400558,188
ID_266,ar5,zero_shot,LamaH-CE,0.8407373087566439,0.8820692358821246,1.8272399366464558,1.0509042928854508,2.4869716446058634,-0.003559828005539261,0.9148620761581702,6.419307743494627,9.181297172999017,0.3775586924334297,0.32349032512743436,188
ID_267,ar5,zero_shot,LamaH-CE,0.721843632063899,0.7491749560242802,3.4111418060932177,1.8824020778999966,1.9963140244727458,-0.0036798276090308675,0.7968141130837924,12.524093161990214,20.487288856587284,0.39647267884360315,0.2978381320641743,188
ID_268,ar5,zero_shot,LamaH-CE,0.8117387506113657,0.8363260015997107,0.6905490242337732,0.36543050347491646,1.028630451764921,-0.0022909106349112557,0.8690377097745532,2.4265095960446628,3.805592271624287,0.40310840823125244,0.3361616270577797,188
ID_269,ar5,zero_shot,LamaH-CE,0.5501868041134399,0.5943792756848725,0.7786030800744808,0.3835478070430196,0.9915597922190873,-0.00240599315293916,0.6847637349270265,2.9831663814651104,4.237923516878593,0.4304658560040059,0.3007057678155832,188
ID_27,ar5,zero_shot,LamaH-CE,0.40570552085339884,0.45604227415162135,4.330744016205766,2.4208271687686422,1.4038884818547717,-0.010225849992985179,0.5922804455683417,15.635036669400058,26.8580450970956,0.7854351248139324,0.46587206839545736,188
ID_270,ar5,zero_shot,LamaH-CE,0.5916422524645422,0.580520379434085,2.099219805398628,1.0397806471919995,0.8953673911141604,-0.004941978885096249,0.6405686524694926,8.258260275600698,12.719184716090696,0.41496042477112843,0.28092923402937864,188
ID_271,ar5,zero_shot,LamaH-CE,0.5647181186102987,0.6827345488053806,1.5681561573233873,0.7600590807842672,4.5880287715441055,-0.007504984811733444,0.7986782648902746,4.920973101768767,10.02921012165177,0.7222994440031771,0.5357871912031881,188
ID_272,ar5,zero_shot,LamaH-CE,0.4936118193647071,0.5608005109353156,0.821323885156374,0.45752186962033786,2.6912135821778462,-0.01147483787189272,0.675893476756543,2.9822014603518716,5.1741378906696065,0.8419144158064982,0.5433268625447659,188
ID_273,ar5,zero_shot,LamaH-CE,0.5652026459870441,0.5910594334652945,4.727830784354801,2.4931672670863194,1.6352433989783624,-0.005674757258766955,0.6693170650972567,18.45703209680198,27.543023708524935,0.503023346644667,0.34125772430750756,188
ID_274,ar5,zero_shot,LamaH-CE,0.44956858865993377,0.6180353052522507,0.7343858428274035,0.4060579475967265,5.903282442425955,-0.013603101415506524,0.7871237120403766,2.517558817242637,4.126395643808621,0.9753800718193106,0.6801675432672064,188
ID_275,ar5,zero_shot,LamaH-CE,0.5589960161975076,0.5571472549681664,1.5521054191769779,0.7467709284580132,2.948721916238617,-0.009828735786407718,0.6282289158415519,6.101787532286284,9.412781782819874,0.9577890738605025,0.6264750615684967,188
ID_276,ar5,zero_shot,LamaH-CE,0.6406940461123253,0.6579176656243477,10.360188574170017,5.498630615010077,1.6780587659128046,-0.003480444601392742,0.7169275895294613,40.333158968728576,61.96018824069289,0.45594736301017785,0.323492590659187,188
ID_277,ar5,zero_shot,LamaH-CE,0.38737946062624307,0.5637293916598093,0.6950425572441573,0.3338270015084162,4.78983954253321,-0.0036690674013227977,0.7562335985644554,2.5060099554565305,4.076154891551768,0.42406351876293297,0.3175891899000918,188
ID_278,ar5,zero_shot,LamaH-CE,0.500685316217504,0.5949100154958915,2.3033204328332713,1.1530368245044134,2.3846333716815855,-0.004605748916998824,0.7187927736712287,8.296894122007734,14.516790421361057,0.6225076472189747,0.4536634163529947,188
ID_279,ar5,zero_shot,LamaH-CE,0.4229816256514265,0.5426069190756915,0.3479845102603584,0.17577202002668185,5.885256064024957,-0.009554517792585341,0.6999553738916018,1.3082302390668126,2.1954464540662,0.7202560910545972,0.47554609705662204,188
ID_28,ar5,zero_shot,LamaH-CE,0.32800355796328506,0.40016955128508325,3.6775613456949707,1.9378814427068476,3.0302482254596805,-0.011802646727546554,0.5778478829769175,13.235364897409509,24.92758619226304,0.9187225424237555,0.5470063533492932,188
ID_280,ar5,zero_shot,LamaH-CE,0.5735395677290491,0.6149264759413475,14.611737905545356,7.600312727387852,1.4359703400018968,-0.0031298506246635726,0.6978958931953831,56.56781613793562,80.93281163647742,0.45819075846508284,0.31386489034549925,188
ID_281,ar5,zero_shot,LamaH-CE,0.6823958091702194,0.6994782595563684,65.59316505319474,33.41085620248133,-0.0008322819824495107,-0.0031573743673550727,0.7520544991088063,251.0933647441936,374.8733502345744,0.4020128377758864,0.31019443228666316,188
ID_282,ar5,zero_shot,LamaH-CE,0.07123108147855128,0.30888577248559346,2.3178718611556777,0.8631781437985498,3.553873421257698,-0.01224311879251283,0.6734337720737155,9.360817723142423,17.87927022277561,0.9494501881136636,0.6356751572871205,188
ID_283,ar5,zero_shot,LamaH-CE,0.15442268409310023,0.2007267706036734,0.6288019434703072,0.18698969822029393,-1.6783443462388727,-0.006015601332258636,0.4703822927594339,2.658686008052627,5.4023771670917515,0.515784281486353,0.30421616299202775,188
ID_284,ar5,zero_shot,LamaH-CE,0.39354141237720053,0.6102447310163024,0.9775623827494652,0.394560698173684,4.069434501386709,-0.0037970034389596015,0.8229602309835911,4.0388733575629905,6.9016928210807205,0.5122671575905142,0.4185370427391556,188
ID_285,ar5,zero_shot,LamaH-CE,0.6606781613518862,0.7494813015559152,0.38358373874528834,0.1969414291228438,2.949701023096047,-0.0035284526740683286,0.8318150553428718,1.3837770767867663,2.2201201140324236,0.3570790376168337,0.30456829521745976,188
ID_286,ar5,zero_shot,LamaH-CE,0.8364440857596409,0.8632768047259374,0.5245890051849368,0.2477115652762552,1.2507648599161076,-0.0016863655986475105,0.892608881547263,1.9617915756228728,3.762593494599145,0.26196022669974384,0.25164734233075575,188
ID_287,ar5,zero_shot,LamaH-CE,0.6686695909733478,0.7530999259863326,2.020877337177123,0.9670174358809086,2.094067563545624,-0.000768875485858328,0.8326234847556858,7.831785212220339,11.088132194876808,0.41934792352815076,0.38212269323991505,188
ID_288,ar5,zero_shot,LamaH-CE,-0.146067470373213,0.40994835928195705,0.5607384932308832,0.23230080031686412,2.7090029013756958,-0.004120511854182848,0.8222234201578389,1.657562424810211,2.598579157448164,0.4164299616011784,0.2886555245969864,188
ID_289,ar5,zero_shot,LamaH-CE,0.589046367737103,0.6627714331728036,0.3279313980835725,0.14122505860088283,-0.31133236513277346,-0.0021058563345936424,0.7545243621375303,1.2582048005603077,2.5545158898993217,0.3377560912557358,0.2777538629670155,188
ID_29,ar5,zero_shot,LamaH-CE,0.49666865413101136,0.5638579583007084,31.03604288885316,16.4403183100075,-1.0958493210126785,-0.006390672357176112,0.6777125542352749,110.3586256838401,204.94403789645176,0.6422513014535236,0.42842138030557303,188
ID_290,ar5,zero_shot,LamaH-CE,0.5397641857550939,0.7744387742494032,0.14477217379279472,0.0670017979150619,3.6682418821740743,-0.0005039769778622406,0.914899526852774,0.5515021464257256,0.6117425937549577,0.3558091929781031,0.32504303991690225,188
ID_291,ar5,zero_shot,LamaH-CE,0.6820803765562464,0.8195851140229636,1.059916892542012,0.5153284078661181,2.3623624341481713,-0.0014306391684414926,0.9312719268745524,4.00203372055103,6.744663335524917,0.30117707172398983,0.29989346690810303,188
ID_292,ar5,zero_shot,LamaH-CE,0.37263633910969574,0.3925707177701301,0.6034294959252098,0.16852137031963726,-6.268349985578239,-0.0030523170524747074,0.5101124776908639,2.525096563939591,5.4140312399510835,0.4675493082869444,0.3173807884130891,188
ID_293,ar5,zero_shot,LamaH-CE,0.4427953066744158,0.4808892995733063,1.1703213538545247,0.38292927348145456,-2.80703717828584,-0.003184032033814902,0.5934935396606782,4.8865658644130265,9.939733002908097,0.48390611902766134,0.36357242663979633,188
ID_294,ar5,zero_shot,LamaH-CE,0.38018008841011885,0.3671710328479342,4.7904980415392835,1.8697263576209218,-4.334601813176121,-0.011329542283674839,0.4818883505037651,19.96982215262236,36.468677703232984,0.8384311703720445,0.5230653741731272,188
ID_295,ar5,zero_shot,LamaH-CE,0.4673664712750297,0.5197943607354722,1.4034700772154962,0.6082005335910505,-6.295181153056498,-0.009714034834823259,0.6355343072311901,5.6268671388169444,8.237562027963238,0.9094768283556482,0.6481536188121838,188
ID_296,ar5,zero_shot,LamaH-CE,0.36040951561758683,0.3422957810837882,14.591531611065411,5.889766375810147,-4.778480000381726,-0.011136529579089584,0.4613800914137345,60.40453711779962,104.34399349949591,0.8594750566341646,0.5210682823869461,188
ID_297,ar5,zero_shot,LamaH-CE,0.40739534964512836,0.39092521284945936,16.792467359153246,6.997448981139169,-5.207606687604731,-0.006978343689068061,0.49375260489000217,68.67954756048853,103.24744580753571,0.7121136083973004,0.4433693375122672,188
ID_298,ar5,zero_shot,LamaH-CE,0.1850172546148907,0.15939115409326565,2.9223618038820005,1.0266923269101431,-4.645957790678935,-0.005026780029173907,0.3756243784558225,12.250349515091711,22.814599516672036,0.6260649859588444,0.3441918641310429,188
ID_299,ar5,zero_shot,LamaH-CE,-0.0026652295794991065,0.4151832311868622,2.5211709570466843,0.9772157745527695,3.05754605334367,-0.009825267811484548,0.8296542312460473,10.14719173783424,15.934728813254011,0.8121906505217705,0.5350722306466698,188
ID_3,ar5,zero_shot,LamaH-CE,0.4346528569994791,0.5823974843096699,4.585651221366244,2.0885280057932105,-0.588029066776637,-0.0028873666551758673,0.7495403938019034,15.232846781508272,14.338110638191399,0.5902628590426546,0.373586206249537,188
ID_30,ar5,zero_shot,LamaH-CE,0.29101575666304835,0.4651260237126985,0.23705398400254438,0.13661087336630992,6.825544323496448,-0.012361036444235057,0.6949416119253111,0.7778920596466148,1.171100391721619,1.0104016180294713,0.5791725537024853,188
ID_300,ar5,zero_shot,LamaH-CE,0.29734458800452157,0.30941185440945973,28.773070977573052,11.520059052954712,-6.466689168789115,-0.006680064725765338,0.47276741453944704,116.45577719666117,186.5659453192147,0.7321775704116253,0.43249522508036964,188
ID_301,ar5,zero_shot,LamaH-CE,0.6507223138219665,0.6993193404725255,0.4420891534860714,0.17992019508794385,-3.2722529616940483,-0.0036099429574774425,0.7683997937357524,1.6944954685214908,3.095518016636686,0.6913533518378333,0.5557481283790773,188
ID_302,ar5,zero_shot,LamaH-CE,0.4931161515800545,0.5232726420830134,1.080739989044887,0.5077596094975856,0.5301748832955828,-0.008210461544343328,0.623356194328713,4.259815419646027,6.552621927839022,0.7322383792424986,0.5105715755486834,188
ID_303,ar5,zero_shot,LamaH-CE,0.40738541589181065,0.3534155539632272,0.7201562952959233,0.2394904893970782,-5.940002598438309,-0.004485695817882305,0.42549170435305794,3.004737560212523,5.344506730930916,0.6230948026215516,0.36216522782044985,188
ID_304,ar5,zero_shot,LamaH-CE,0.423608783177608,0.3767661951517144,5.212700534994913,1.8868658740716122,-4.210418592047455,-0.008078550530711172,0.4545712033811711,21.69347954233793,39.04173567409615,0.5880563508234026,0.34310913241711005,188
ID_305,ar5,zero_shot,LamaH-CE,0.4093104558007441,0.4135838481040448,1.040258842022319,0.40658171982026536,-4.4206268904120405,-0.0050329536169597955,0.5263286170657194,4.244859028722046,6.0713403502063255,0.6150007662606107,0.3988908283782942,188
ID_306,ar5,zero_shot,LamaH-CE,0.28673810647803255,0.2566057794457155,0.9503280629432986,0.32270364592211237,-7.877343712980254,-0.00804690809657708,0.39974629855637933,4.004570835341606,7.109790905176362,0.8509796519858007,0.47808429426833843,188
ID_307,ar5,zero_shot,LamaH-CE,0.3876279775107727,0.3658123787920511,8.325312845304374,3.059490500066568,-4.866330082685309,-0.006817043859201696,0.46939511778640797,34.79304996826278,54.02301869707451,0.616078452781225,0.3765267251224157,188
ID_308,ar5,zero_shot,LamaH-CE,0.12835947589449404,0.07533611747829749,0.9120742074438817,0.2947334879425622,-11.067215638745715,-0.015433435500870495,0.32291540232459914,3.8530025840280167,7.4073435766762445,1.1298461388882137,0.6214864417579269,188
ID_309,ar5,zero_shot,LamaH-CE,0.14033600869175356,0.0629259269696486,4.972137190920705,1.4718536798350106,-10.137919198695537,-0.009526541832335506,0.2808112327882032,21.041504965134077,43.30169200295962,0.8862586289118387,0.47792490185452907,188
ID_31,ar5,zero_shot,LamaH-CE,0.40167769867309244,0.5184384011799545,3.4174350154743967,1.9660400155395772,4.469065144868604,-0.01675127421729717,0.6835568071166475,12.468680434758662,15.69253405611081,0.9666231995453954,0.617124847274676,188
ID_310,ar5,zero_shot,LamaH-CE,0.24347027078294603,0.2144300016645172,4.064390421369016,1.3963754175344778,-6.921560120299179,-0.007004037743048752,0.38291510492759084,17.04051073574066,33.74267412006825,0.8101419293427756,0.47973575820199604,188
ID_311,ar5,zero_shot,LamaH-CE,0.37081805737436946,0.349938050454503,12.441970383331721,4.581000616739956,-5.946407932348501,-0.00470379195917855,0.46058890800361885,51.9072188488218,87.53591824149653,0.6201576712347118,0.3767543286299603,188
ID_312,ar5,zero_shot,LamaH-CE,0.6595125740174244,0.6011315161994513,0.04420787278779759,0.016319989358224367,-0.4240872367231111,-0.003770459269593053,0.6357365909278863,0.18235076878910245,0.36839875396195215,0.5033933313661847,0.3645445271595571,188
ID_313,ar5,zero_shot,LamaH-CE,0.6465941530381046,0.6921426425263049,0.49774521096004193,0.19199384211666062,1.2649471025580146,-0.0013923519236772545,0.7613712800841659,2.035957690180606,4.041484727691353,0.4186601788505908,0.3414229246344233,188
ID_314,ar5,zero_shot,LamaH-CE,0.8116102906692362,0.867855437384077,296.9677936127927,157.91574282004493,-1.0361153104978396,-0.0012132635074326992,0.911970596256062,1030.4649008220417,1426.5933102987324,0.25850535170696864,0.22295005924337866,188
ID_315,ar5,zero_shot,LamaH-CE,0.14194647083000245,0.049874632524317564,2.089913841175319,0.681101885045778,-11.356638260272383,-0.010699732252044404,0.2573918800974484,8.869277854579446,17.9438252088785,0.8963159016626403,0.35963006767633204,188
ID_316,ar5,zero_shot,LamaH-CE,0.15153984423975608,0.10122217947691747,0.8666690977864425,0.29637190466123864,-8.302859510152286,-0.013642622798298061,0.333341394503899,3.6606509479896423,7.138281961889791,0.9635689833862003,0.46120311578060935,188
ID_317,ar5,zero_shot,LamaH-CE,0.14555226299850044,0.06905791814821494,4.610283433851438,1.4757576724980324,-11.01050154222856,-0.008845148153690212,0.2859144779159143,19.604609157447467,39.4634702620332,0.8386263342161695,0.3721906068278481,188
ID_318,ar5,zero_shot,LamaH-CE,0.450755868610658,0.41175404715317987,1.1622782448597226,0.454906736992777,-2.6508191591376082,-0.006194140338453091,0.4901539797031599,4.807696533341061,8.030665737239504,0.622030437058093,0.3779626825877329,188
ID_319,ar5,zero_shot,LamaH-CE,0.2998691533014993,0.2590124667248026,4.061071544501153,1.5228484848013422,-3.5281069823813747,-0.007772010528056015,0.38602025950340657,17.027780201321082,27.085838880862706,0.7184329317954824,0.384560264730278,188
ID_32,ar5,zero_shot,LamaH-CE,0.4010856540642993,0.5178520458711038,3.4280541605952894,1.9779873675410673,4.540249322543083,-0.016021427702203335,0.6831144337651297,12.477649086735564,15.69227898677141,0.9394049989777914,0.5986963139208636,188
ID_320,ar5,zero_shot,LamaH-CE,0.2694355703269635,0.24124252460496676,6.392195721476019,2.371474373978453,-3.1051742830181834,-0.006699782350554816,0.3965242602881095,26.728816450094257,51.23352944227713,0.7187180450015995,0.38394335004801594,188
ID_321,ar5,zero_shot,LamaH-CE,0.1398916007435267,0.2908078810316298,0.7129752049938571,0.24831133637636194,-0.48871218080876777,-0.004268724503388185,0.5938509744619245,2.998930787209599,5.743877810979041,0.6366458562019759,0.3434256241118728,188
ID_322,ar5,zero_shot,LamaH-CE,0.49671704158869234,0.6415987954732071,0.05151238153217115,0.017988791157565208,1.1925211306641945,-0.0005703226575254176,0.7840856980032744,0.20598412875851677,0.43345919257386695,0.2581904761904762,0.20334809851316019,188
ID_323,ar5,zero_shot,LamaH-CE,0.8090115480282608,0.8849580263342927,296.21399359726405,160.2082801758501,-1.0205511661316085,-0.0017158961898638067,0.941323468460589,1005.390470042913,1301.2549987422237,0.2569257095954371,0.2258888559480112,188
ID_324,ar5,zero_shot,LamaH-CE,0.4835992049863842,0.7281334389687186,0.1885464720815684,0.08251209364074531,7.427335254646553,-0.004765042129264228,0.8182067763878876,0.7449254892898841,1.3670878353492681,0.4532316585695837,0.3675208619035439,188
ID_325,ar5,zero_shot,LamaH-CE,0.4617967202273763,0.411926085229087,1.923527615154428,0.7178536456255582,-2.143604431524471,-0.004752106380611978,0.4798751029511763,7.969509144178092,13.869761280334385,0.5364647036273024,0.318433661602889,188
ID_326,ar5,zero_shot,LamaH-CE,0.9807878254228655,0.9789935281887324,0.052218491503766125,0.02754104815097882,0.2339594216327258,0.0002913315303380839,0.9812702961827513,0.07046664508414477,0.1458188849487431,0.06515506591610093,0.058251000779933636,188
ID_327,ar5,zero_shot,LamaH-CE,0.8224894164314025,0.8058411169087654,0.28643882670721066,0.1312092683931989,-0.3745549446316765,-0.0006812058746985166,0.8274112182649377,1.0950030489976554,1.5574608198562925,0.09915642498727364,0.0675672998895462,188
ID_328,ar5,zero_shot,LamaH-CE,0.4347204071147506,0.41447636349297523,4.185241243090219,1.5063825281166376,-2.4564366133096285,-0.0025024188760072582,0.5060183210863314,17.23352423820326,31.382873325677153,0.3689160276315888,0.21535837023827567,188
ID_329,ar5,zero_shot,LamaH-CE,0.5512748089724301,0.5374642195852746,0.21966219440890758,0.08936250465891132,0.657237145265127,-0.003051978957170065,0.6036353738854507,0.8801789269075349,1.8447175023372548,0.28908232494747865,0.18026109140770605,188
ID_33,ar5,zero_shot,LamaH-CE,0.9365392734058565,0.9378578627573857,0.4392079161956822,0.24497649710883637,0.32270731147476195,-0.004659563154457154,0.9466674173420613,1.1700934076869038,0.9865145401482925,0.42602283317074385,0.3886983150974664,188
ID_330,ar5,zero_shot,LamaH-CE,0.5210475151642544,0.4938251144242487,1.1352943761124785,0.4040078234544163,-1.0117665972790468,-0.0023091136851489374,0.5619214923133168,4.68404052574818,8.837045250973897,0.4823307547850639,0.303814191561759,188
ID_331,ar5,zero_shot,LamaH-CE,0.3365123534648803,0.31483316308320763,2.7118806506906252,0.9079760202107128,0.3638480231361513,-0.0034098548469414115,0.4298188982850546,11.303540628606697,24.074753852812925,0.5060060432844038,0.27608343565002813,188
ID_332,ar5,zero_shot,LamaH-CE,0.4033332407566662,0.41149352346223533,8.274356673998987,3.0848699216397235,-1.432741006566229,-0.00431686165144511,0.526765204037815,33.624615232704436,62.89015890804952,0.4502342800823524,0.2681127295893014,188
ID_333,ar5,zero_shot,LamaH-CE,0.29733068037897215,0.3112674853858298,6.483015387670352,2.312697093557051,-4.249882063408707,-0.0181040707342092,0.4767993804629562,26.717448877286635,52.589393907233585,1.3010357119051323,0.6934209391040531,188
ID_334,ar5,zero_shot,LamaH-CE,0.571891318472287,0.5515611034553736,0.36063523978540357,0.14115461653086947,-1.0328205649952982,-0.004583629788837423,0.5981271649803797,1.4476612202832997,3.077697133491137,0.4812455124651222,0.3575964877743473,188
ID_335,ar5,zero_shot,LamaH-CE,0.6246785441215899,0.6711233679414207,0.8176183586578409,0.2830758760893652,-0.2360858138762694,-0.00440394595680688,0.7421765021415365,3.3550218712783457,7.005854011518228,0.39339880538224337,0.34113565557807984,188
ID_336,ar5,zero_shot,LamaH-CE,0.6163611210491411,0.7007565336548692,1.6783065455777897,0.6757340588348949,0.4440616424780966,-0.004940240542635465,0.7899845634280458,6.572896766900734,13.407293936080867,0.3372869549834429,0.28342145412945197,188
ID_337,ar5,zero_shot,LamaH-CE,0.47699341359393455,0.5683582538787867,0.14582402127606162,0.056134004532153864,0.7242145345506771,-0.00465728756262483,0.6949990773111585,0.5864711063115912,1.192268446984568,0.39600615753014623,0.3053303804603,188
ID_338,ar5,zero_shot,LamaH-CE,0.5064050672452004,0.5661376237830583,0.32616857398726173,0.1269778147015529,0.2875220261512016,-0.003486238088290324,0.6722285425291601,1.3207964414974227,2.4722025088274795,0.4256732708506347,0.32987367226987074,188
ID_339,ar5,zero_shot,LamaH-CE,0.932005668502389,0.944850318599163,1.0441360649453104,0.5030485165818487,-1.502802370038837,-0.0021355747626450733,0.9563525062186055,1.2772884903831947,2.161125321980418,0.2701981985226265,0.289000767344288,188
ID_34,ar5,zero_shot,LamaH-CE,0.848138606165169,0.8542907490684047,2.0151248909599757,0.9617292119960363,0.11463852413372279,-0.002673597683124019,0.8752662671004084,6.935567010447288,12.162669710230551,0.4784786346624668,0.4035448632328472,188
ID_340,ar5,zero_shot,LamaH-CE,0.7132387498341568,0.6752321492102606,0.16678648931779502,0.07145651117941423,2.7297912147892407,-0.0045085132023759186,0.703012131044664,0.657592379353897,1.26292191807218,0.5315178023630931,0.4182609709648679,188
ID_341,ar5,zero_shot,LamaH-CE,0.709856519246576,0.7032127767476197,0.2067065539509196,0.09849234980369984,1.4384464025079269,-0.0033790231112962327,0.7438130200102926,0.764713809080417,1.4820305390430732,0.4939880526906974,0.39565377599109947,188
ID_342,ar5,zero_shot,LamaH-CE,0.9060950929405956,0.9449886573829915,1.2622600292255752,0.6195536661103691,-0.4173463716839764,-0.003462385295395172,0.9727678399988733,3.0823044568079916,6.7595488217282735,0.27079856873978786,0.30386174917745873,188
ID_343,ar5,zero_shot,LamaH-CE,0.5772477587668452,0.6333556205692208,0.6574755940278468,0.2551457631999773,0.9348071751011195,-0.002821483060651277,0.7194959859165506,2.6522764013458286,5.547282202827118,0.37608699259849315,0.2894916704547877,188
ID_344,ar5,zero_shot,LamaH-CE,0.4179153166302456,0.5533094004456168,0.4957331252522961,0.20667312261828144,2.180886397786021,-0.00965357458972694,0.7143803541015956,1.9964899488661312,2.7569188707476067,0.7747062040333471,0.4677211220198087,188
ID_345,ar5,zero_shot,LamaH-CE,-0.05070144527452358,0.4209316546137377,1.9030887584156995,0.6941915176230344,5.445741263960626,-0.009660390206672174,0.8700018547774007,7.843861076437859,10.284959623541692,0.6637161725742456,0.44407203524499606,188
ID_346,ar5,zero_shot,LamaH-CE,0.30471207597171246,0.41081338139540424,1.1234540537391422,0.4595383019792356,-0.7509666660687336,-0.01284170507107709,0.6135693162134819,4.3562202535098145,8.456681068540181,0.6900823216797792,0.427389311831202,188
ID_347,ar5,zero_shot,LamaH-CE,0.1697447864011562,0.2898121003405931,0.2810435811168685,0.10042741461992143,-1.2833657314917977,-0.011634221116401321,0.5704824504294204,1.1016333961427993,2.2539429977409156,0.5278426902251353,0.3069257721625756,188
ID_348,ar5,zero_shot,LamaH-CE,0.32015697660575915,0.4511454019342085,0.022326747286813633,0.009921882239458191,3.391715256268174,-0.01139435178725541,0.6542086160448264,0.08432089402472515,0.12587817613615507,0.5364616360177552,0.3223807703163187,188
ID_349,ar5,zero_shot,LamaH-CE,0.43025903825821854,0.5758443965346771,0.1597451199103352,0.062168155673189104,2.7875992498890345,-0.002380900868083567,0.7408944442240741,0.6266986964441918,1.0663969314167012,0.41982559174230294,0.29652044668893396,188
ID_35,ar5,zero_shot,LamaH-CE,0.8586236496377004,0.850094667970384,4.4756272806157105,2.1520547677008595,-0.5895490981025402,-0.0008645118793857223,0.8669048417209863,15.674653932285535,26.79775990368708,0.4087529782272577,0.33092364375690453,188
ID_350,ar5,zero_shot,LamaH-CE,0.7283058924676508,0.7052235538654172,0.2547938511941934,0.11223865008501523,0.4497919638139047,-0.004779473308687625,0.7393473730118694,0.9710138661806714,1.9160100284445445,0.42363120931656767,0.2773755108361514,188
ID_351,ar5,zero_shot,LamaH-CE,0.7914131101658438,0.8901729688280516,301.8600785597752,161.67506145679857,-1.1206172875887772,-0.0008285288043660636,0.9677531588451884,1013.0990887421053,809.4371451331067,0.2508986472832742,0.2229990498629636,188
ID_352,ar5,zero_shot,LamaH-CE,0.131978440357448,0.5710819863781078,0.14530896823494663,0.05343984591090013,5.355623571373371,-0.010629253079493152,0.9367657825851012,0.5740278244537664,0.7839884537448667,0.6013365735115432,0.45863120082230857,188
ID_353,ar5,zero_shot,LamaH-CE,0.8448213047891292,0.8657178362943931,7.368240456674221,4.001847782444687,-0.9140662969841933,-0.0014425745591580118,0.8901115372255421,11.086009998511196,19.601402351671016,0.058968451299478336,0.05104758089282927,188
ID_354,ar5,zero_shot,LamaH-CE,0.3915444870981034,0.45259593569004486,0.12234220316986408,0.05239760180164221,-1.4687533794303274,-0.011329238825325938,0.5989953336995764,0.47401302294044934,0.7836526536012479,0.5821872953503603,0.3800178084260879,188
ID_355,ar5,zero_shot,LamaH-CE,0.19643421857510057,0.21235007417566765,1.4769535568418235,0.44884459230561063,-2.24746913446779,-0.00902928896728404,0.4345939342969901,6.142991392600506,13.247775604542365,0.6284322217410135,0.35328758736725985,188
ID_356,ar5,zero_shot,LamaH-CE,0.316838509441267,0.42612852990804584,0.7948608349956655,0.30723037738133824,0.37984566027440037,-0.017678470875810575,0.6243541267977996,3.1548415995265815,5.661869423692871,1.019262546621973,0.6390492418668242,188
ID_357,ar5,zero_shot,LamaH-CE,0.5111624015846935,0.6044682182180506,1.232720328754309,0.5406696616347241,2.8702032624448246,-0.008450094297014585,0.7246282319878858,4.595515813149971,8.301681136948776,0.7515098082433326,0.5184275063614361,188
ID_358,ar5,zero_shot,LamaH-CE,0.4969659860136669,0.5813637472317656,1.2138354182600646,0.5512000768536198,3.414108507071236,-0.006554028304268359,0.7018961036546744,4.8538897042180835,6.612369557926151,0.6267096879545435,0.42706871595419765,188
ID_359,ar5,zero_shot,LamaH-CE,0.35193019130181247,0.4323171439468789,1.4147741604300295,0.5377765790420176,2.5538343113912627,-0.004981775894385047,0.6015023347434698,5.669599897086638,11.609593820637466,0.547511042478057,0.341139655695287,188
ID_36,ar5,zero_shot,LamaH-CE,0.6224719658157023,0.6101586769933616,2.261745392780857,0.7967714354364266,-1.7773300130676617,-0.002766196216691757,0.6531134527345526,8.78400137530311,19.22060703696591,0.49180210618624176,0.34904472979245676,188
ID_360,ar5,zero_shot,LamaH-CE,0.3764073008931923,0.4935221088419536,1.6514295306283155,0.6451512087086791,2.8531138891645647,-0.005977299983322369,0.6681042663324284,6.624070236323318,13.201876714304808,0.5252303184851609,0.3467848469310792,188
ID_361,ar5,zero_shot,LamaH-CE,0.6443606407170308,0.6575533360159628,0.08928691991002966,0.05272687710691616,5.562507392522927,-0.006266828695520699,0.7136303301135097,0.2925464098852851,0.3652546050256758,0.47957600147294777,0.340794369928213,188
ID_362,ar5,zero_shot,LamaH-CE,0.9334910182575448,0.9557887165186609,0.023763656931700697,0.014474648186233915,1.8875068531606434,-0.0004218621636343494,0.9699294123954886,0.013808070507239544,0.02505828566997306,0.18571586024468206,0.16770135393961144,188
ID_363,ar5,zero_shot,LamaH-CE,0.21195320934304662,0.24376714037163683,0.04475697118042015,0.02747897713992048,1.2420679382832602,-0.0058736047545011804,0.4691452303642516,0.15444756474264865,0.2521533990810049,0.5637088883871453,0.2509136848501624,188
ID_364,ar5,zero_shot,LamaH-CE,0.572035100693157,0.6051006121131002,2.9290620051977942,1.3409226943929473,1.1039130069316563,-0.0026338554098606073,0.685279022000884,11.44871929068136,22.628864881855645,0.37362686612106616,0.2637207190722388,188
ID_365,ar5,zero_shot,LamaH-CE,0.9644344518641873,0.9530800020627773,0.03454819441908831,0.020417289074279078,0.3328157912803493,-0.00012477259427655374,0.9564353947709849,0.08271260152164489,0.14604000820626442,0.07771074950470806,0.07246277530271117,188
ID_366,ar5,zero_shot,LamaH-CE,0.6994280112249303,0.6341423300113265,0.27278484043643886,0.11233700902094863,0.4266228307368176,-0.0029195425596639383,0.6620278401067894,1.0931289452598423,1.9432812702936197,0.3276788856127067,0.21479521541248942,188
ID_367,ar5,zero_shot,LamaH-CE,0.8514458420396491,0.8049680914423495,0.4920911531864211,0.26523827450208093,0.05410868883185167,-0.010888969468926448,0.8181099958839377,1.6748302126956827,1.312273487640374,0.464694123458614,0.34631619866550645,188
ID_368,ar5,zero_shot,LamaH-CE,0.8099858853971172,0.7759246133001363,0.6388323097041397,0.28568317562429973,0.05460826643538173,-0.0008570711639326028,0.7961911899765002,2.444391010974227,1.8786795281393391,0.2882745525215631,0.20984523832818427,188
ID_369,ar5,zero_shot,LamaH-CE,0.9610225826859248,0.959325620049008,0.020774886089981272,0.01060199427362202,-1.73814611535278,-0.006082889998489993,0.9642321707926544,0.015665550665117916,0.00842179399834116,0.25103896103896106,0.26146295151762045,188
ID_37,ar5,zero_shot,LamaH-CE,0.8060163546879948,0.7600892965080547,0.7888789299500537,0.3545335078349973,-1.9516899725596106,-0.0019658619900976386,0.7763183050474193,3.0222568933355536,6.117448104781528,0.3567335472964472,0.25006077028753265,188
ID_370,ar5,zero_shot,LamaH-CE,0.7640780697038689,0.7475613753939627,0.6463832800790537,0.30356831672321877,-0.7871429336418692,-0.00011139505961600855,0.7776969979140067,2.300717897160978,3.7452569798047106,0.30051731611376903,0.2258031954243513,188
ID_371,ar5,zero_shot,LamaH-CE,0.9224805203577274,0.9399561566477226,0.6085091861540113,0.30372284326233717,-0.18152503363953765,-0.0009193163285007465,0.9545843587388324,1.7587600591603694,0.8532890624713616,0.14703728312717196,0.1303193854686439,188
ID_372,ar5,zero_shot,LamaH-CE,0.8047984221703386,0.9025378135798702,288.6495634464757,151.7687274797541,-1.5371966353909832,-0.0005196557439261333,0.9680043637386827,805.6475159751818,854.4405932672048,0.24299495537210838,0.2244016002226042,188
ID_373,ar5,zero_shot,LamaH-CE,0.8134956430230308,0.9065136913251867,285.15277146898035,151.33460129718708,-1.748164254039722,-0.0003807769456361382,0.9632360173864468,779.5036330769536,833.1165402171146,0.24478142777647838,0.22790370049434244,188
ID_374,ar5,zero_shot,LamaH-CE,0.6518737914375363,0.770110386619002,0.10836384045926796,0.06293825803798116,9.254800245433472,-0.004698321837614516,0.8556186437667666,0.31031350204217617,0.49093738420616057,0.4025532638018565,0.30656685676073847,188
ID_375,ar5,zero_shot,LamaH-CE,0.8721688898866209,0.8905902654175741,0.23389028584532195,0.15359786677457477,0.9298537102275821,-6.126720494528236e-05,0.9101705168269008,0.24597182523921357,0.17745798529322973,0.09252469823940955,0.08036903075167035,188
ID_376,ar5,zero_shot,LamaH-CE,0.8245603997447326,0.8414662924299148,0.26638911350050504,0.16019298874807317,0.9584640633972474,-0.00039357747705568965,0.8668514870685577,0.2233505021895802,0.1947808432888633,0.08617354936834157,0.07638032772945298,188
ID_377,ar5,zero_shot,LamaH-CE,0.41473191630440165,0.45789838969140884,0.5971885246718275,0.22882728317831838,0.6873185494409798,-0.005730241842368127,0.585149846110275,2.365735254478373,4.644676166820354,0.46945555412204887,0.34202457136942493,188
ID_378,ar5,zero_shot,LamaH-CE,0.5673945966928696,0.6078802938694874,0.9173714481340106,0.3007488778525631,0.30388472645477904,-0.0037588342622465326,0.6869682429614348,3.7943582923659718,8.154074987174917,0.3810203749463623,0.322816823142649,188
ID_379,ar5,zero_shot,LamaH-CE,0.8745763755529394,0.8232403774399797,0.11408029097466543,0.05813311448751686,4.087430281276951,-0.0034280472977995594,0.8320498815641428,0.3557287445616161,0.7175247038943605,0.5614900132899324,0.48201232986139764,188
ID_38,ar5,zero_shot,LamaH-CE,0.8133715679077064,0.7813493103901281,15.384757713164909,6.81508427673778,-2.336171406692307,-0.0003854692609110699,0.8004682374025799,54.83583516676512,112.66959590085109,0.38936873723456805,0.30590440132264335,188
ID_380,ar5,zero_shot,LamaH-CE,0.8293080590067609,0.9026112798295827,0.09345478212868205,0.04334425074871508,4.446683107848695,-0.004530647338615697,0.9531156141458376,0.3287100718777329,0.6290209376251146,0.4464049906652703,0.38170846576410533,188
ID_381,ar5,zero_shot,LamaH-CE,0.5729345990615762,0.594915314553532,0.873115115698289,0.24431234657709008,-3.022465706011116,0.0013367733911837723,0.6660718965554464,3.676918163444855,8.014108494213692,0.443346542688665,0.35934088067435066,188
ID_382,ar5,zero_shot,LamaH-CE,0.8691716804354797,0.8473618549110583,0.2120933546885724,0.10559305077308245,-4.472717965957964,-0.006164138291438415,0.8615591471514799,0.6288171314989531,1.05133472963334,0.4280462234257614,0.4011496000283891,188
ID_383,ar5,zero_shot,LamaH-CE,0.5229189019199667,0.5413560955913868,0.6831110174684243,0.18382180646422214,-3.7681155618430298,-0.008426253364296785,0.6278560861359915,2.9045000011775355,6.1525368931880875,0.5760095216738826,0.3966767520258678,188
ID_384,ar5,zero_shot,LamaH-CE,0.910034730586249,0.9185051722696052,0.20423381670749677,0.10948967077592663,2.9326933811203966,-0.00651184499295452,0.9322264429861069,0.649325292026716,1.3212599760499109,0.4705036095174101,0.41934066188389657,188
ID_385,ar5,zero_shot,LamaH-CE,0.7359801387861242,0.6633211651691311,1.195266684066347,0.5093138208444133,0.12558951467254953,-0.004308480147899415,0.6849995106891792,4.717202995693822,9.223784003624935,0.5137981145619946,0.37820898838985967,188
ID_386,ar5,zero_shot,LamaH-CE,0.8833832730584537,0.7983770017641048,0.6983223382155229,0.25734321556436063,-1.3897490175438285,-0.004158701272531269,0.8035781014174515,2.8868327770099715,5.937068072770872,0.48409210869385494,0.3994033484339108,188
ID_387,ar5,zero_shot,LamaH-CE,0.7585886422174,0.699627816031306,2.7580188375814494,0.9663610463267059,-2.1426966308804647,-0.0003451853553034373,0.7192209387255295,11.430524107145395,21.668814057339862,0.5183950778426404,0.41259931139924705,188
ID_388,ar5,zero_shot,LamaH-CE,0.6853219583245926,0.8203515514804428,0.16967117502675977,0.09095911275348785,9.421142796089631,-0.0040133912508337755,0.8817873279717682,0.5602690782175391,1.0261933795893612,0.5882045081301547,0.4817860890570429,188
ID_389,ar5,zero_shot,LamaH-CE,0.7742751831420077,0.8726068950689453,2.0048917109229007,1.1247214184368688,-3.6789245199689558,-0.0010079690424636654,0.94452336226211,5.39866378466867,3.4776346869934325,0.26693844026569513,0.2692456004534276,188
ID_39,ar5,zero_shot,LamaH-CE,0.6805772652911866,0.6852995466186522,2.9958481691663112,1.3444910693368648,-1.1102422781735408,-0.004505217035523574,0.7266122809604554,11.6958124191776,23.202935660379673,0.4447616105781458,0.34638402415975783,188
ID_390,ar5,zero_shot,LamaH-CE,0.7032010926303536,0.8152336521790314,0.0458943700500296,0.023666980984734166,3.4073570147026015,-0.004777414803431636,0.9009518337088878,0.1528063841763395,0.3234910998733315,0.3591165006496319,0.30286055617558805,188
ID_391,ar5,zero_shot,LamaH-CE,0.5845560000470975,0.6022514861960517,0.15767071472605543,0.06906262738858508,1.5591485726839882,-0.003340011156475817,0.6742730377038887,0.5938225078113908,1.255373561715755,0.411654922871834,0.29422818250442895,188
ID_392,ar5,zero_shot,LamaH-CE,0.9531131974020158,0.8856824804835609,0.10373157757967978,0.06956700263397202,-0.38488058103903844,-0.0001549216377884446,0.8872604644541731,0.22176402830533815,0.22572580191398867,0.1539358998802,0.14056737332565125,188
ID_393,ar5,zero_shot,LamaH-CE,0.959018530862128,0.9745412916981674,4.138446272103717,2.056863176595616,1.3280328326125428,-9.719587776310656e-05,0.9842493659246269,6.139571226365883,5.49077166258006,0.31772709075219474,0.31370966693520586,188
ID_394,ar5,zero_shot,LamaH-CE,0.9323160341313078,0.9656829665830636,12.992219602528875,6.889098106186178,0.0337194613337693,-0.0019627962281608853,0.9929860693909658,26.110296007316556,30.635228991124613,0.34351848677810315,0.34339978061411597,188
ID_395,ar5,zero_shot,LamaH-CE,0.5277450675003146,0.6492688663211543,0.042659935358306866,0.024947661854803658,7.2587360904716025,-0.00330891174476315,0.7632354235691268,0.14021919511892228,0.22821496061373125,0.3008504295984569,0.21493751018390989,188
ID_396,ar5,zero_shot,LamaH-CE,0.5168077816415917,0.6365693450646912,0.3866329586949588,0.20213048248628107,2.014198530789465,-0.005187015488407257,0.7665021250104408,1.342881741738118,1.9300676487846538,0.4340890474669924,0.26660128551069767,188
ID_397,ar5,zero_shot,LamaH-CE,0.9269212570868982,0.9497142845140146,13.561467075507835,6.83485428275463,-0.9337824780174898,-0.001814066857785377,0.9660500521416733,24.802992713781318,18.95183325297552,0.3349870137131856,0.3540600383404134,188
ID_398,ar5,zero_shot,LamaH-CE,0.1919346123080542,0.2715782663430161,0.05643585581038427,0.027626287748720793,4.898253985996349,-0.004204553082694555,0.5103030610094123,0.2098135023092893,0.4500040510474698,0.3393852065321806,0.19617142201835275,188
ID_399,ar5,zero_shot,LamaH-CE,0.8164511523980846,0.9074911924035696,283.73660037769685,152.71913689817603,-1.7260550671274446,-0.0008026616833430832,0.9608363511832819,763.4833344186545,1316.6709035596982,0.23857414226508375,0.22347250461631743,188
ID_4,ar5,zero_shot,LamaH-CE,0.9178970829843008,0.9308225439965772,0.9010600076418199,0.4644772140272204,0.7350561619540702,-0.00016516166163863671,0.9447746863601629,2.4813334449669107,5.030058244297166,0.290801760195416,0.24532602813323662,188
ID_40,ar5,zero_shot,LamaH-CE,0.8906017465845824,0.8675227827705639,1.3904951053880898,0.5861214282242493,-1.392828916254073,-0.00033332948618689656,0.8782740704556422,5.2531973588500085,10.691268678361665,0.19500041792716924,0.15229711512982513,188
ID_400,ar5,zero_shot,LamaH-CE,0.8511327660019122,0.8885190478968463,0.07439335872607436,0.051805396773718544,1.296664728545585,-0.00045192651667671363,0.9189297572418388,0.132623489931004,0.0900379607618772,0.18520839301059863,0.15189267436658574,188
ID_401,ar5,zero_shot,LamaH-CE,0.617736078296365,0.534101975417179,1.1670791253431045,0.4776510336335686,-2.200962505128752,-0.005979814518814547,0.5650125653074852,4.64051207027255,6.833791747827311,0.4728211026661526,0.2843458782145079,188
ID_402,ar5,zero_shot,LamaH-CE,0.5601191915798853,0.5399374892455976,1.0647522879273192,0.4484671283978883,-1.2065118852434904,-0.004788540539880957,0.6001221621301542,4.225272224128861,7.13673922516205,0.5610511051246463,0.3771374436081743,188
ID_403,ar5,zero_shot,LamaH-CE,0.6078073408973979,0.5626708111311165,2.8213896558386806,1.256493890036377,-1.16794086011894,-0.006167125730973612,0.6076207927116987,11.14816625395137,19.214435528546144,0.5576271554532425,0.36884252067959145,188
ID_404,ar5,zero_shot,LamaH-CE,0.5839070852071092,0.5936795604058335,3.6293020778387617,1.5654214150409669,-0.4117609346245547,-0.0024868102091080944,0.6631805532055606,13.929718255758706,25.54218182594876,0.40025996933331287,0.27089289414482043,188
ID_405,ar5,zero_shot,LamaH-CE,0.8783441201723583,0.858657685138662,0.16284618699588094,0.0895341459437225,0.31805977692528,-0.00048177024401633087,0.872113058859371,0.5415159517955874,0.8652953294896754,0.2214304711532189,0.1738209562194219,188
ID_406,ar5,zero_shot,LamaH-CE,0.870041623612983,0.8602372033132233,0.22113902974954433,0.11057350377093954,-0.45747953432911576,-0.0006967184775198091,0.8764660907754143,0.7378615778801754,0.7358142584762317,0.2808819144177725,0.21995792682469703,188
ID_407,ar5,zero_shot,LamaH-CE,0.5373296529403677,0.5628468610913923,3.689357697008827,1.4623223108030785,-5.116635806238685,-0.04238507934396393,0.6494304897262415,14.92496641188831,23.575192567790218,1.1020533364622271,0.7215494280855954,188
ID_408,ar5,zero_shot,LamaH-CE,0.8890335270870235,0.9080740838016339,0.33877065334106415,0.18174401619149405,1.3100265355680552,-0.0007817004458062823,0.9275175883585749,0.972596238349504,1.8059809447684116,0.31444548550692303,0.2560938845064793,188
ID_409,ar5,zero_shot,LamaH-CE,0.9005499535867912,0.9126786433086457,0.33633625218537366,0.1767041550908929,0.6713302382446066,0.001022546622546026,0.9286618188668103,1.1465009673068776,1.9145946363543909,0.2976456455537362,0.2417527493546789,188
ID_41,ar5,zero_shot,LamaH-CE,0.9035665432395448,0.9079075962216311,0.11458573782804844,0.04002207000199498,0.36656257246083285,-0.0016613734627438578,0.9207262678728267,0.43755094341666995,0.9208611078869372,0.25114244255300716,0.23582890251112898,188
ID_410,ar5,zero_shot,LamaH-CE,0.7288894951332842,0.8101685262310694,0.9663877168532533,0.4786942163660626,-0.5413874780893219,4.214549339433271e-05,0.8781193870610529,3.516641546282033,5.895934565050979,0.30007958071413643,0.21896972210391227,168
ID_411,ar5,zero_shot,LamaH-CE,0.8004156799707351,0.8041527656565841,0.10626683798337354,0.06185443266099638,3.9213020980246,-0.0009648507346547881,0.8323846774459047,0.3570518921515544,0.5924409026684965,0.34898984564781144,0.23705197760786675,188
ID_412,ar5,zero_shot,LamaH-CE,0.8901345782839064,0.8975763419698469,0.9246117899549322,0.4837198577024953,0.9194725058979891,0.00017313067976907487,0.9136181498528316,3.0494581605666173,5.028511791257846,0.29972210088016876,0.22768286429681625,188
ID_413,ar5,zero_shot,LamaH-CE,0.7057336075119709,0.7386055690307507,2.8433000103257973,1.2910066111335095,-1.0881323300110686,-0.1363629236817066,0.7918547130188756,10.084109517576161,5.245531608941272,1.0737890854943324,0.7833158714009639,188
ID_414,ar5,zero_shot,LamaH-CE,0.681328691032252,0.7322639740901575,2.841853892520867,1.2332127537202218,-2.2260412605999518,,0.7964111843882425,10.043916882577143,4.680110565807459,1.0791363634566027,0.8290114805832749,188
ID_415,ar5,zero_shot,LamaH-CE,0.9719145616649095,0.9625014125114661,0.027239674594917163,0.01791763644737295,-0.08044958499643472,-0.0016723213310183456,0.9651554698620374,0.036566480760450326,0.07659602384250687,0.13772064341414075,0.11151176007101687,188
ID_416,ar5,zero_shot,LamaH-CE,0.9883142261114825,0.9873948436723751,0.035528582662628386,0.02401422139655252,0.6821747865084473,-0.0009243530950660411,0.9887968963462741,0.03263931943042849,0.028682941348845727,0.10574398368161796,0.09479582952956636,188
ID_417,ar5,zero_shot,LamaH-CE,0.9658753909381501,0.9303916720517872,0.24648693711560984,0.13415620326303382,0.6456998484772323,2.1849516965313657e-05,0.9321095602804721,0.18568337638228677,0.11541554489507118,0.08611345454409565,0.08807443651069315,188
ID_418,ar5,zero_shot,LamaH-CE,0.9435290717868068,0.9397182625557876,0.02766063447449636,0.01878422721214126,0.7407378105726583,-0.0013489979833251498,0.9466481255279721,0.03834006754383696,0.03386972117936831,0.19487616881475864,0.19810307559088336,188
ID_419,ar5,zero_shot,LamaH-CE,0.8459948759474876,0.880221334792284,0.23547999595397162,0.1638825246602538,-0.6404166742080525,0.0004472623787600948,0.9108136664213642,0.2644301947764819,0.4712053338444981,0.21929663045479653,0.19408882404799227,188
ID_42,ar5,zero_shot,LamaH-CE,0.8749729319987847,0.8505251220274007,0.3284501443057519,0.14862951263704707,-1.4641840108883701,-0.001615551351877409,0.862787439818911,1.2514070400020756,2.524412220760101,0.30935080698071116,0.232728961222701,188
ID_420,ar5,zero_shot,LamaH-CE,0.9242132244343342,0.9392784745779942,0.0911108120295929,0.047516961496639004,0.6072626916430051,2.5618864831953702e-05,0.9527821845041693,0.03324332596363439,0.048553479759350815,0.12363802544757752,0.12005985827359002,188
ID_421,ar5,zero_shot,LamaH-CE,0.9558744506876167,0.9384620832766811,0.3563890732073876,0.23811048631307008,0.2905476126874774,2.8498696021633622e-05,0.9423634555381004,0.2557568042876872,0.15786083092418174,0.1271552456752682,0.12807065298296166,188
ID_422,ar5,zero_shot,LamaH-CE,0.7356547408454595,0.7913840131176614,2.932917198498892,1.2946940518898074,-0.11224706031221827,-0.0015054939249900205,0.8473623980477643,10.648543394799544,4.731176051683405,0.2962352451385961,0.23613380398490744,188
ID_423,ar5,zero_shot,LamaH-CE,0.8620826898659697,0.9289916242475657,2.4422744882971,1.1710082287453492,1.2485245475145494,-0.0008393632345143256,0.9835983207624616,7.159455422461682,1.7347842264569437,0.29386187421889554,0.29304213478437896,188
ID_424,ar5,zero_shot,LamaH-CE,0.7814094538578876,0.8673918965930919,0.29072564681716756,0.14492939280807016,1.4679622428976746,-0.00020659190397271862,0.8997070011481227,0.9512475282796783,1.8392376737098342,0.19741746016622855,0.21117519028543769,188
ID_425,ar5,zero_shot,LamaH-CE,0.9339085488516132,0.917866956273288,0.13535274653154142,0.07114538962691544,0.9815438488291515,5.046738783967726e-05,0.9223313944467537,0.3523266454564193,0.3697962399248313,0.20803897470357827,0.2256386759137304,188
ID_426,ar5,zero_shot,LamaH-CE,0.933632936570859,0.9500219083018621,0.9492013000472646,0.5697755516700169,0.5259088005074094,0.0004989779501239459,0.9629167419986605,1.0707198160910762,2.0545520744720434,0.1945189661698362,0.2067560832048927,188
ID_427,ar5,zero_shot,LamaH-CE,0.9310453504325635,0.9427871739441138,0.725715860594025,0.36463552477848266,4.563922540513069,-0.0024520750737730378,0.9529890458949761,2.184797359179094,1.8087243896001413,0.5570775009551785,0.5701439105793764,188
ID_428,ar5,zero_shot,LamaH-CE,0.561495505531679,0.5516288258279967,0.2930637586567061,0.1107251922321881,-0.5548687984222569,-0.0024702388287470376,0.6060299464105507,1.1687179952313078,2.532122626734785,0.348847812804917,0.20379073351439433,188
ID_429,ar5,zero_shot,LamaH-CE,0.409570422213848,0.43252581509460797,0.5006059845185226,0.19045753387953596,2.3757573224764457,-0.00199408522484352,0.5313568444528829,2.017048195779401,4.323414498387764,0.37796111852245207,0.20237518668817198,188
ID_43,ar5,zero_shot,LamaH-CE,0.71154945543322,0.6707622175263096,1.0003158811829034,0.4051357231841359,-3.023448931283234,-0.0021941369071084536,0.6962897217444013,4.109616557878332,7.818725519168463,0.33063258986379607,0.2256949482213489,188
ID_430,ar5,zero_shot,LamaH-CE,0.6305796046779798,0.6810386932453698,0.20118379487746418,0.12548031202069593,4.978789153428123,-0.001163086799895019,0.7514026900678715,0.5677224038390197,1.0993335658583847,0.4022715266772319,0.2472123580561986,188
ID_431,ar5,zero_shot,LamaH-CE,0.5239896085444827,0.6317799200691311,0.07154635496538797,0.04239674463757298,6.2475491818933175,-0.006200280884740669,0.7469915429955952,0.22922078372763,0.44645726913261957,0.34779045946736903,0.2118850819639318,188
ID_432,ar5,zero_shot,LamaH-CE,0.7117072957978519,0.7722885704071167,0.14385964068538973,0.09626682913231409,9.655890225527436,-0.0065132732281067245,0.821277113610998,0.4003095421364217,0.6796653975119147,0.33218456350878933,0.2154204632407864,188
ID_433,ar5,zero_shot,LamaH-CE,0.6452662239198519,0.7145191295420834,0.19378980215486924,0.1302397389043408,6.086290792640321,-0.004821264218429716,0.7828428546682346,0.5510553304379846,0.7875541865356722,0.29251869573722145,0.18240083441042332,188
ID_434,ar5,zero_shot,LamaH-CE,0.6250797886954997,0.7245868306811991,0.37411662268823737,0.2165315577300965,4.3479091450384315,-0.0018604391005247536,0.8147281562938438,1.1765966725531785,1.9654147940379665,0.34454365079365085,0.22934096797424444,188
ID_435,ar5,zero_shot,LamaH-CE,0.424459370465492,0.4898224441240261,0.02476591952440006,0.012376467925282162,-4.267060873701792,-0.003895451152199015,0.6197835949388948,0.09093249183242258,0.1491566094267626,0.2956946853808547,0.15267906769499878,188
ID_436,ar5,zero_shot,LamaH-CE,0.8525522211681756,0.8450140262290903,0.2629423175590905,0.11251332877926573,-1.1435081434136423,-0.002752454924517929,0.8640971804728931,0.942630246523408,1.0120336712333349,0.34364110574714263,0.2531710688692813,188
ID_437,ar5,zero_shot,LamaH-CE,0.8996423510492054,0.9052317131605306,0.24423787524815319,0.10867984893172597,0.1796884939118684,-0.0020879243593499887,0.9200362267637057,0.8597444082929672,0.7851847896286672,0.26672977793683866,0.21227662391998506,188
ID_438,ar5,zero_shot,LamaH-CE,0.8527182889872273,0.8438680440823318,0.4055380835970836,0.19335534158636777,-1.0199066040994422,-0.0005100782885576471,0.8625330949746196,1.4790100498305117,0.8965527304811407,0.34308483630985226,0.25049488492266553,188
ID_439,ar5,zero_shot,LamaH-CE,0.8423162379229465,0.8492060427024453,0.22604079446302883,0.12473140063642643,-0.36168386301638694,-0.000151136555113748,0.8727785559816141,0.6611752530005215,0.8966952490852985,0.24528474533621566,0.1649018057957315,188
ID_44,ar5,zero_shot,LamaH-CE,0.9085692524914324,0.9505674355086062,0.8729240745872566,0.3471165508812152,0.7348292554515772,-0.0016871548473318294,0.9801813356923585,3.3615934395037437,7.291602373903071,0.330211846667162,0.3045826842949325,188
ID_440,ar5,zero_shot,LamaH-CE,0.8563747557716249,0.8595146577710631,0.6022604086604878,0.3016989481159443,-0.2502591615219183,-0.0009359455152223636,0.8799763873283153,2.045509452217855,1.7210070041582761,0.2589172144490007,0.1870096757694825,188
ID_441,ar5,zero_shot,LamaH-CE,0.5035603603651957,0.6261163051280003,0.2971837590639715,0.15321812884185687,7.031617154272592,-0.0038408863666319557,0.7549875239063577,1.1198619391012703,2.044309001236063,0.39539310687877255,0.21261433615412512,188
ID_442,ar5,zero_shot,LamaH-CE,0.6776669563596721,0.6568265651745488,2.047772487722141,1.018715107634989,-1.170286222483847,-0.0013136696216524725,0.6991447562368187,7.5369444213124215,10.995025176483896,0.4612802800529108,0.2691713991664668,188
ID_443,ar5,zero_shot,LamaH-CE,0.6954926858921373,0.7168239691000584,2.4039514415463796,1.3412975289473088,-0.4401704993186877,-0.0034883897888273695,0.76814649715777,8.266764823776347,7.3096295000349825,0.49488503415233054,0.3205268327660605,188
ID_444,ar5,zero_shot,LamaH-CE,0.5726397842934097,0.6376645363969439,4.30051807421329,2.208604343218963,4.999490641312226,-0.005157111014920453,0.7294746224780869,16.03396019090812,30.20862541494907,0.5379132988689943,0.35142944265664217,188
ID_445,ar5,zero_shot,LamaH-CE,0.7402523345159933,0.7786841193345748,0.9760839029885686,0.4253011292934514,0.12955990118459287,-0.0010027699614710561,0.8269798239851562,3.7492711884929584,6.52510513095223,0.2595043504769894,0.1950146081986167,188
ID_446,ar5,zero_shot,LamaH-CE,0.7842628646108805,0.8144855600859174,0.8518736411255632,0.38660506611621515,-0.0018645588764739894,0.000555510582894797,0.8531043499711061,3.1043578685385222,5.48391490078249,0.2655547838021038,0.21250988334078164,188
ID_447,ar5,zero_shot,LamaH-CE,-0.1692141291881626,0.08450916342380066,0.4388788055983793,0.16512166911880627,-1.7224998711515378,-0.004669166002558959,0.6098212759431899,1.6011211902028766,3.0638859287006897,0.6310915615233245,0.27945429360803337,188
ID_448,ar5,zero_shot,LamaH-CE,0.6204150857317061,0.7442228317971928,1.6475052949482198,0.7648228506224146,0.18017160107344143,-0.00044737533736544967,0.8489181284947735,6.389485601520966,6.516660289954805,0.35464420109554456,0.2668613999451697,188
ID_449,ar5,zero_shot,LamaH-CE,0.6550767501624291,0.7584600222715079,0.08360896982655412,0.03363250504116156,3.3409272930210583,0.0013652297325614446,0.8476057329703787,0.33004765096361155,0.5966608958927528,0.4312393213334923,0.28764832978725224,188
ID_45,ar5,zero_shot,LamaH-CE,0.8667955879707573,0.8419114400637236,15.912787131108617,9.644596027293993,-6.944905070318713,0.0002871275334409111,0.8539251256514071,48.65121143897523,92.56251145352272,0.2849065870039315,0.2529474808525744,188
ID_450,ar5,zero_shot,LamaH-CE,0.5507420959951135,0.6459831447931799,0.27960267650571163,0.12711617914776713,2.8780989173739866,-0.0034592685988528507,0.7553654265057346,1.0522515708156457,1.275398370492063,0.539083254852902,0.2968702808664724,188
ID_451,ar5,zero_shot,LamaH-CE,0.3319390942069489,0.3398599829584442,1.9691350080263348,0.698633453331804,-5.219418735737238,-0.004327008776919293,0.47935408539826185,8.101020606187285,16.77253379215051,0.6254135519100661,0.2938528520080371,188
ID_452,ar5,zero_shot,LamaH-CE,0.5174534679543288,0.6222064903300043,3.292769378292382,1.4109538463008882,2.3274547231788203,-0.0011703141422242935,0.7451183902336407,12.843179269839686,25.715845198548358,0.39067030900481636,0.27987792819215923,188
ID_453,ar5,zero_shot,LamaH-CE,0.934963386826584,0.9471893512273135,0.14687013725117865,0.08184654588273174,0.4293248562318145,0.0013695547245082887,0.9587278117098705,0.25011054724455356,0.20308344345400986,0.2630371356541937,0.2217151099353848,188
ID_454,ar5,zero_shot,LamaH-CE,0.9049365864295222,0.8985687929796818,0.8568834645912675,0.4178032174365412,-0.6251429473526722,0.0009243092080219468,0.9098447309210526,2.8806686016546474,4.794746528371297,0.20101316947905068,0.1599795298127979,188
ID_455,ar5,zero_shot,LamaH-CE,0.5683366014108453,0.5304563006279343,0.833336634448476,0.3657796947862338,7.865863771882192,-0.002177351327969597,0.5775983622465628,3.2643601871050625,6.903555724795458,0.5769518729089166,0.28970300963376283,188
ID_456,ar5,zero_shot,LamaH-CE,0.6023058633582568,0.6643468440382898,6.282947906578669,2.813770163266638,1.309247466141045,0.00023292583909387092,0.7491724027248988,24.257323227533856,47.22811311950969,0.3600560057238652,0.25058565770736546,188
ID_457,ar5,zero_shot,LamaH-CE,0.7134152808941824,0.7545431787320249,0.4290863595121927,0.23089907826613856,-2.3154511665017226,-0.0016438721125833621,0.8083703184167293,1.4525133573474556,1.3858188774925964,0.3561015032985394,0.21700408956542355,188
ID_458,ar5,zero_shot,LamaH-CE,0.5853369583920611,0.618880691757796,0.7294711416218079,0.3578333727518726,-4.130494714309375,-0.0022836077066111966,0.6956997253817019,2.6887318741771757,3.204505940361342,0.4235284559450786,0.24120290682876175,188
ID_459,ar5,zero_shot,LamaH-CE,0.24677273069905148,0.2594727995511632,0.5604166435164868,0.20789682543276528,-7.035694755058415,-0.006999533938970527,0.44991195728611066,2.34040099692664,4.248214333949876,0.6285632354815411,0.28559815254835647,188
ID_46,ar5,zero_shot,LamaH-CE,0.8562191059236387,0.8424792106336283,20.561657939794706,12.594653356103455,-6.2483951250128165,0.0016994670114352378,0.8575462566521438,66.68859151854083,135.6494969905061,0.26761469896886403,0.23369486539556455,188
ID_460,ar5,zero_shot,LamaH-CE,0.31324954180281417,0.3457255984231109,2.25538347893523,0.8549209621821975,-4.553566376718917,-0.004411462945922593,0.5071562398105252,9.191567076272886,18.65041504932091,0.577495668163655,0.3135219750640269,188
ID_461,ar5,zero_shot,LamaH-CE,0.6699649189103862,0.7137263139966752,0.14894851863272596,0.06837964565824385,-0.9248149318278979,-0.002264566913730913,0.7770344554846703,0.5713017864391975,1.1178764849193226,0.31104186313501986,0.19913295284636492,188
ID_462,ar5,zero_shot,LamaH-CE,0.149576450740332,0.11976514699527718,0.9480120258541425,0.278578313636907,-5.3007471292537485,-0.0051279421404595155,0.35356927000260185,4.010768612597453,8.283391069444365,0.6053867328763427,0.25184222870074313,188
ID_463,ar5,zero_shot,LamaH-CE,0.2959981043632077,0.3246653759568059,2.9919817581308497,1.0857470354275063,-3.7157280898431284,-0.0022963176307761284,0.49160911969844645,12.270294190087055,25.172737580412086,0.5352763773046443,0.287684965151353,188
ID_464,ar5,zero_shot,LamaH-CE,0.20905861941234283,0.2156921585885122,4.125099126933265,1.2836416437949578,-1.3147533928114743,-0.0039614049527455335,0.41999419109200764,17.159054918306598,36.77866743981137,0.5245617342130067,0.26920061773400583,188
ID_465,ar5,zero_shot,LamaH-CE,0.0690185119168838,0.15091454938864435,0.48689342589153317,0.16539174000741205,-4.5827284873771355,-0.003708250258222816,0.49349338438399604,2.032455098579643,3.8814034833577113,0.7192373000171358,0.3386439889808634,188
ID_466,ar5,zero_shot,LamaH-CE,0.2776771239098379,0.26982261229502325,0.648905735583545,0.23172538929517753,-7.9650071403456675,-0.003195773261829714,0.4336894686555378,2.677271576143542,5.176396137089901,0.8033970813160527,0.3925612596050176,188
ID_467,ar5,zero_shot,LamaH-CE,0.09809761264972439,0.007832520363191708,3.8520209197817215,0.999524737318097,-14.108481911900522,-0.006960889983802095,0.2630570478444215,16.43665090235065,33.859177859061475,1.1572164948453607,0.5197962673778806,188
ID_468,ar5,zero_shot,LamaH-CE,0.07685420505563367,-0.05193026740323203,4.153638186288246,1.0156746945185104,-11.737380813268164,-0.006246076622980603,0.2053706815438322,17.772624496073266,37.18503748022523,1.0203432584106307,0.42025100050307046,188
ID_469,ar5,zero_shot,LamaH-CE,0.7363903247154698,0.7892863103389118,0.2999782633277595,0.14943573267523974,3.7379337766057557,0.000762017400130972,0.8393759609280457,1.1029599345181258,2.210373216950135,0.37438377557556257,0.2587948773055665,188
ID_47,ar5,zero_shot,LamaH-CE,0.9402346973565615,0.9575950258157541,1.0648536869940173,0.4829626047894174,-0.14614241800099775,-0.0029687019032057435,0.9702534428101484,3.367026201640249,6.465130019943781,0.4598818244156908,0.4569744399192616,188
ID_470,ar5,zero_shot,LamaH-CE,0.6002871715604454,0.6301382750145308,0.6811233165297962,0.29760777874809974,0.06460177136876577,-0.000870904534269714,0.7013606944579337,2.701838767000413,5.5636000313697185,0.37786553446412297,0.23072925279486625,188
ID_471,ar5,zero_shot,LamaH-CE,0.7783366842933764,0.8111456657461098,1.001407269721666,0.6812691297767666,-1.9189026332115748,-0.005429422884363714,0.851442563686874,1.9680321348371066,0.46962710655064194,0.3890864025275783,0.33545794846536525,188
ID_472,ar5,zero_shot,LamaH-CE,0.8580412131207987,0.8482579897070422,1.1077668373995404,0.5668389276207737,-0.7469657226289328,-0.0013924230068611924,0.8654298126872012,3.6687355964792787,7.264864115176322,0.28912853613080297,0.23986047632304572,188
ID_473,ar5,zero_shot,LamaH-CE,0.8957014077925032,0.9149936281893915,1.4030173118603688,0.8647254984246727,-0.5773874118135892,-0.00020624398592621225,0.9337157872599167,3.9128476286674863,8.199933736161425,0.20759754502665834,0.18433879277198764,188
ID_474,ar5,zero_shot,LamaH-CE,0.8415539889778971,0.8755115497096024,2.086943644222526,1.0623110054318265,-0.27897785729035035,-0.00016560426573537096,0.9064167343690155,6.6750885830218705,14.397086148311015,0.23266451440895183,0.20739905573972894,188
ID_475,ar5,zero_shot,LamaH-CE,0.8937361634349711,0.9254001023145673,0.7521162416293288,0.3589501716398611,1.128910938345313,-0.00033391357170255154,0.9487560606342668,2.38147393206498,5.042479931378137,0.23680017805136888,0.21481937415495592,188
ID_476,ar5,zero_shot,LamaH-CE,0.9051040801424377,0.9331859842488863,0.5610004631888188,0.2720300164796325,0.22165885858007506,-0.00046968502032190135,0.9540557777206888,1.6121513178980655,3.2628569429869785,0.25455430169958776,0.22889529035333955,188
ID_477,ar5,zero_shot,LamaH-CE,0.8384586739156864,0.9011221342143827,0.42871351904334537,0.19606595479523423,0.37346519089808444,9.901756431243344e-05,0.9474397735755256,1.2505474266517085,2.499199286645702,0.3303713658912584,0.28072386087199097,188
ID_478,ar5,zero_shot,LamaH-CE,0.8669247763703516,0.8965697556338225,0.7456340420261762,0.3756580704025371,-0.5989543091256022,-0.0021089902646739475,0.9227829767233948,2.4291656319221233,3.696373959317589,0.4071310996055338,0.3727959246220341,188
ID_479,ar5,zero_shot,LamaH-CE,0.8786573204733611,0.905926895880628,2.624300120039267,1.2053060894213428,-0.07352444389436093,-0.0012246161893978806,0.9296226732281181,9.138297004441629,17.39402571716196,0.2532579811229648,0.2218942302649528,188
ID_48,ar5,zero_shot,LamaH-CE,0.907743595194148,0.9289385506032198,1.1564658377751553,0.5521713621680859,-0.5348345023864606,-0.0017831087641090246,0.9468603826500878,3.9063159647378187,6.446944446791778,0.292667819850987,0.2579918923259275,188
ID_480,ar5,zero_shot,LamaH-CE,0.6857129536076683,0.7338247093040831,0.8283651719559705,0.37645740790627347,-1.9928189529931142,-0.0014845090864005796,0.794984450904094,3.0721683094630756,5.063906937530312,0.46687351442632996,0.37979609285980814,188
ID_481,ar5,zero_shot,LamaH-CE,0.8097272882455329,0.8374620825006911,6.392561294652618,2.606542901808755,-0.8577991798534383,-0.000677765566473849,0.8700749783971251,25.02023963457531,47.55928505969634,0.23366344131292513,0.18678928370119843,188
ID_482,ar5,zero_shot,LamaH-CE,0.7745608750010056,0.8058550763989151,10.5206345379352,4.110841594147919,-1.0940581560041547,-0.00021949236855359905,0.8455648115488875,42.786056584733586,82.18200141050686,0.26783329931120087,0.20809256446000063,188
ID_483,ar5,zero_shot,LamaH-CE,0.8386935946407712,0.8900087772607159,0.803832025960808,0.33541299105004474,-1.0409083896635931,-1.459201149925371e-05,0.9282503104448119,3.2097324957957905,4.559939515206594,0.29357167151657154,0.24010820507094843,188
ID_484,ar5,zero_shot,LamaH-CE,0.700291674988832,0.7976981532543259,16.17579686805096,6.10784380904916,-0.7061772173830853,-0.0012495962568466468,0.8787162366747866,66.6327910220748,123.57315611744997,0.2865777697268298,0.22767961730385192,188
ID_485,ar5,zero_shot,LamaH-CE,0.9610659773193363,0.9772861357843066,0.1032313482450496,0.05267526844727059,0.09469486593442257,0.00012831193590638265,0.9882883937934807,0.2494754913674396,0.24881031927521854,0.1823479315896311,0.17265801184289487,188
ID_486,ar5,zero_shot,LamaH-CE,0.8920309392078557,0.9081240375847537,1.5728095891293123,0.6599291310670579,-0.8841048870028386,-0.001419788008795957,0.9263531671471292,6.022915720845878,1.3206991223211804,0.21130861460355094,0.18069114198075656,188
ID_487,ar5,zero_shot,LamaH-CE,0.8081872968006203,0.8760749681352411,14.10807919816451,6.0206352577301185,-0.45555400074429464,-0.0010929578352666357,0.9269176166976746,56.44262383582547,100.9457899624223,0.25261394671360077,0.2098227085607035,188
ID_488,ar5,zero_shot,LamaH-CE,0.7234974368573217,0.8045733028887023,0.6596740373180096,0.2671473925148907,0.08501881213622037,-0.003854159715310187,0.873633185043128,2.5120403299287717,5.355643171015438,0.27381931518116104,0.22239414237156477,188
ID_489,ar5,zero_shot,LamaH-CE,0.8764958905247942,0.881915678956725,1.049361346091549,0.4145811980686661,-2.490741510171721,-0.0017902759205024148,0.8997769643116879,3.5099755221429936,2.1431572931259137,0.3079035029860286,0.26101786148021644,188
ID_49,ar5,zero_shot,LamaH-CE,0.8146874000364854,0.8666419126258242,0.5572029388196122,0.22905662132172255,0.48633118004080805,-0.003161804973193797,0.9088120488558786,2.1415225343398827,4.023855771060745,0.4065896438095699,0.3513472307751613,188
ID_490,ar5,zero_shot,LamaH-CE,0.9314984261011341,0.9429442914294887,0.741621513373974,0.37659038532237665,-0.5044158783097817,-8.176676594596685e-05,0.9546634919890951,2.5622945780981037,1.777452322951839,0.18369486427347184,0.160692703337011,188
ID_491,ar5,zero_shot,LamaH-CE,0.9354998459131965,0.9345661857415911,0.3953805725424682,0.20560905087419684,-0.9710431235487784,5.182260034212148e-05,0.9428766597970497,1.1584687632688384,0.9629247367967265,0.23618443073483109,0.21490529315991275,188
ID_492,ar5,zero_shot,LamaH-CE,0.6301038419540059,0.5930909669874711,2.2486029357894712,1.0445769178123245,-0.5835947690905915,-0.006050577150993931,0.6369218564219643,8.691241023406105,14.224215061137537,0.6950746452955545,0.48568020883871016,188
ID_493,ar5,zero_shot,LamaH-CE,0.6267792667619219,0.5977136123746458,3.465669304073469,1.6053983900744697,-0.456982198273586,-0.002479199589524214,0.6439970322697575,13.646070704918841,23.419193793693584,0.4814402639926399,0.3399873666577719,188
ID_494,ar5,zero_shot,LamaH-CE,0.7130566346691363,0.7083288048005912,4.036604440205089,1.8391764410241298,-1.3072963531779986,-0.0014552289975779762,0.7481500522124278,14.78772956355649,29.598864741183093,0.3295578917369513,0.2487233687539884,188
ID_495,ar5,zero_shot,LamaH-CE,0.9194069454909194,0.9129907460261804,0.1486726203983946,0.06743273047367909,-1.013088244851949,-0.000529797903763049,0.9224707674337368,0.5273072201722341,0.285998352580488,0.20309962414737137,0.18034581167178396,188
ID_496,ar5,zero_shot,LamaH-CE,0.8742693726530922,0.878842532577832,0.6563101777552525,0.35990208232952037,0.11088349412452606,-0.00048364963667723096,0.8965841936693726,2.0757171046874117,1.854845360379174,0.20026590015773346,0.17306249293093406,188
ID_497,ar5,zero_shot,LamaH-CE,0.7030545000398385,0.7303300306214069,6.698260315237802,3.2422192924234126,-1.6702636986512407,-0.0010191630136842777,0.7820165845968654,23.840158104759418,46.82586287586947,0.360203581023258,0.2778489426001029,188
ID_498,ar5,zero_shot,LamaH-CE,0.9614843789248518,0.9723712537863367,0.17521843513596966,0.09471372416020919,0.028598591925478596,0.0007772119071396359,0.980342639495926,0.44564769815049754,0.7195858906011443,0.1215152439739949,0.11975728891658868,179
ID_499,ar5,zero_shot,LamaH-CE,0.8763247536780474,0.9176403411486306,18.01906785021842,9.223662284025277,-0.42897308868350886,-0.0022141356951903887,0.9475576149510576,65.07446870114194,101.36107007132196,0.2412615400128915,0.20591712626867115,188
ID_5,ar5,zero_shot,LamaH-CE,0.9125696150050068,0.9323847993343163,0.5406590260629535,0.30742600608623794,0.31953544805268536,-0.0013133991904911435,0.9490259438656867,1.6069153044093918,2.405262256908958,0.26648357700413416,0.23555852660041826,188
ID_50,ar5,zero_shot,LamaH-CE,0.9382425439950551,0.9383949242829598,1.8655951783461506,0.8588780712278825,-0.5764144616176841,-0.0005773163499728541,0.9467910886579921,5.85022511384779,4.021891768279289,0.3013277554825122,0.270220884990042,188
ID_500,ar5,zero_shot,LamaH-CE,0.9101695156140756,0.9509202850479298,0.4113120058071899,0.16547183334444815,0.7035550981174896,0.0008486048169318913,0.9735219118180671,1.6129179256527533,1.4358262137595241,0.42985101397935044,0.4092035359194824,188
ID_501,ar5,zero_shot,LamaH-CE,0.8483913540334278,0.9169510592527523,20.846614690050604,10.595793212315167,-0.0666818196250991,-0.0010921678338608083,0.9697042616772682,74.5123837375926,72.74875732176854,0.25144894141997204,0.21752347863727794,188
ID_502,ar5,zero_shot,LamaH-CE,0.8447853712356103,0.9185718518271605,21.717822351379787,11.165692815986672,-0.007453539085120127,-0.002523627630567127,0.9788403362729614,74.17918477287508,69.9873120080496,0.27885981547527283,0.2537862880243998,188
ID_503,ar5,zero_shot,LamaH-CE,0.8444781164605224,0.9190786366051054,21.672092679130476,11.144557205432145,0.0008828389345476906,-0.0015087296688133071,0.9804133841472671,73.97317900414168,69.09527828414171,0.25245962504817554,0.23068277830107026,188
ID_504,ar5,zero_shot,LamaH-CE,0.868297166875316,0.9311219915249936,19.493864459050748,10.103904990170644,0.008058964298712194,-0.0005374919032538304,0.9814300172400324,67.04645955590044,66.94637215274035,0.22860281242023925,0.209383485133309,188
ID_505,ar5,zero_shot,LamaH-CE,0.8321734619225211,0.859089817752164,0.7387240186951384,0.32713537384374386,-1.394221345749467,-0.0023439303486177156,0.8892456949351641,2.6291145668445712,5.1813882119137284,0.37220247015151964,0.2964205868327886,188
ID_506,ar5,zero_shot,LamaH-CE,0.581425998268678,0.7386642810862956,0.415052784212905,0.18487320728861206,3.9233205884585316,-0.009165760385156659,0.8629590129837943,1.6920936277353722,2.268292331922326,0.7530655335667729,0.5524156558653485,188
ID_507,ar5,zero_shot,LamaH-CE,0.7372631370481201,0.7497900788961666,4.2518676131768025,2.2911804213595675,-5.375449898903229,-0.005246308166924441,0.7877006805273605,14.81887809288644,13.7186231435525,0.43810947697321445,0.3424780209377565,188
ID_508,ar5,zero_shot,LamaH-CE,0.24861759832479258,0.2599045594021864,0.665473523737893,0.3152058214616573,3.878519508561427,-0.011140409462842072,0.4510928271444622,2.651335776973445,4.586464574464483,0.8823998670433769,0.3780143752915397,188
ID_509,ar5,zero_shot,LamaH-CE,0.5021696877961388,0.5746908927617242,0.6951016914862825,0.3532110849048173,0.10718700920073343,-0.005579819977840333,0.68958102714044,2.635286442339656,3.730150014228263,0.473770290714315,0.292173275349908,188
ID_51,ar5,zero_shot,LamaH-CE,0.9385399705370228,0.9349673553717037,4.077440792207344,2.0675749993640244,-0.9230658881495182,-0.001671751635567622,0.9426806582404816,11.250473123262106,7.690957609454305,0.29421618804687505,0.2597498729472951,188
ID_510,ar5,zero_shot,LamaH-CE,0.8173186200810876,0.8415806282160668,0.5735294022315051,0.3010825688507162,0.6407998087253174,-0.002944051999252009,0.8710900438626935,2.049790286337597,1.7651338277917712,0.3222102495582087,0.23582406031731665,188
ID_511,ar5,zero_shot,LamaH-CE,0.4873091306018271,0.5794786261434479,0.7823720827698324,0.4129074363770255,2.58213073697481,-0.003350544573554024,0.7066252413239127,2.9454293659728816,4.29951124089302,0.6832627177468169,0.41394301499985087,188
ID_512,ar5,zero_shot,LamaH-CE,0.3915450336738483,0.4458030751502231,2.123051808766474,1.1430594523550612,5.090896617297655,-0.009715769671666652,0.587455891554599,8.020275608198228,15.044857481815155,0.7013967776869184,0.35620860132534155,188
ID_513,ar5,zero_shot,LamaH-CE,0.796408506059877,0.8268421484294182,0.505622138780033,0.2665160468957783,-0.9267169799378743,-0.0020590486869096272,0.8632551513156237,1.659889758184726,1.7880252024088659,0.36411042510408115,0.2767180076860951,188
ID_514,ar5,zero_shot,LamaH-CE,0.6879828234096524,0.6807219813286242,0.2920963024564862,0.14470618253212064,0.3970731218533536,-0.004784897537095047,0.7245732807844393,1.0320650237132085,1.434656112125658,0.4927325884932651,0.31748770595484677,188
ID_515,ar5,zero_shot,LamaH-CE,0.6651308177423707,0.6347999484676976,1.5734925853399995,0.7932051866567428,-0.08473783610490652,-0.0026388659061909285,0.6767126699389855,5.780615009709606,10.244546620441733,0.47655459188883664,0.26903277568108375,188
ID_516,ar5,zero_shot,LamaH-CE,0.6193978941473472,0.5867962477658564,1.1968769523628926,0.5532124242227014,-3.9056920809837847,-0.002769479762458695,0.6355458719548934,4.548755388686374,7.3848626262059645,0.7418132928897729,0.4492669736347967,188
ID_517,ar5,zero_shot,LamaH-CE,0.37464205770345915,0.32311597301403927,0.6033269872133644,0.30257829093923305,8.360193078849225,-0.0100760893542509,0.411632798388327,2.3754271487262053,3.9396214565885184,0.9674099722991693,0.4317203731523502,188
ID_518,ar5,zero_shot,LamaH-CE,0.600186063176438,0.6671239188615495,3.4971990075597077,1.73908349643593,0.028778309120078994,-0.005671455116816106,0.754459786892618,13.463068508868716,19.812304057904957,0.5696373609028492,0.3714595959271855,188
ID_519,ar5,zero_shot,LamaH-CE,0.6902978499847912,0.7323907003179554,7.816983824444041,4.205827277530952,1.8884438091685989,-0.008197963480458537,0.7912085496436859,27.655858805402577,39.01765333795845,0.5605151083769094,0.38834750906231563,188
ID_52,ar5,zero_shot,LamaH-CE,0.8438133641614316,0.8153615765803339,0.37081545646090625,0.14477558728105436,-1.9704168597719005,-0.0004222786433848557,0.8311181968067312,1.4526674942632039,2.098696106374845,0.18802944321079038,0.13516280895543747,188
ID_520,ar5,zero_shot,LamaH-CE,0.2851398082099842,0.28774234394511966,1.3837825430642017,0.551562394962985,4.522424848851671,-0.015411369714972688,0.45062216456958026,5.663024013890465,11.421682534363692,0.9879058499088269,0.5113619019708233,188
ID_521,ar5,zero_shot,LamaH-CE,0.842078920372027,0.8828247257911863,28.385240558656502,15.934163596189212,-0.18791900952535898,-0.002138143051292899,0.9165340121637219,87.98788152851557,122.78448067927066,0.2718297557974964,0.23274829688134593,188
ID_522,ar5,zero_shot,LamaH-CE,0.8419075227258528,0.8832524292533568,28.462470488086122,16.019763436807793,-0.17459107741448388,-0.0020948431113926077,0.9172290266002173,88.19670087165753,123.04012565647392,0.26756052353966786,0.22910221507335904,188
ID_523,ar5,zero_shot,LamaH-CE,0.24806210080990965,0.2663803974560003,1.0451789377887797,0.36462563271663145,3.1780656155527813,-0.01662177522544981,0.4445657310746094,4.327848501390646,9.15042444262179,0.8461601642710471,0.48838730158872645,188
ID_524,ar5,zero_shot,LamaH-CE,0.8468620275717302,0.8819331601176171,0.7254574939799552,0.2646801033862957,-0.7518306818920272,-0.0013968880885390344,0.9127799928768952,2.84657911408318,6.261933006101735,0.16672476668465375,0.15083101719539654,188
ID_525,ar5,zero_shot,LamaH-CE,0.9759252369542845,0.9871019970148246,0.15846975991777854,0.08054803671996318,0.3222018519501032,-0.0011675040483301279,0.9950528502645378,0.32954319116156805,0.16293355527598827,0.16294115994155334,0.17528845996195758,188
ID_526,ar5,zero_shot,LamaH-CE,0.8969074535977902,0.9169192087346433,1.6549271266861156,0.6628623990582238,-0.856069148838646,-0.0013952460429107194,0.93570189801544,6.384906848224315,8.919021289341769,0.185465842080443,0.16867159297039935,188
ID_527,ar5,zero_shot,LamaH-CE,0.8576337028935596,0.887498399840869,3.4696593504099287,1.4855878143216206,-1.199806632124469,-0.0015169108894660822,0.9147191543528074,13.571616259085603,19.366932545094564,0.21400818992578333,0.18348662295629986,188
ID_528,ar5,zero_shot,LamaH-CE,0.9229615155642411,0.8914218029183165,1.9391611585993682,0.8945423355316698,-2.3572612887360016,-0.0057613571908735894,0.8976691695462031,6.66477731787483,9.17341322610188,0.38642849198051304,0.34547312541125413,188
ID_529,ar5,zero_shot,LamaH-CE,0.9370903719786838,0.9058963853638424,0.5718713463052195,0.287216882604304,-2.133668630968219,-0.0041856448268519295,0.9107774316538612,1.8266837248304082,0.9902461194653258,0.40144416793323645,0.37212863710097244,188
ID_53,ar5,zero_shot,LamaH-CE,0.9175729774995129,0.903875256706717,22.001621800501454,13.92383964651838,-3.3553136545935596,0.001508335941230031,0.9123338267732356,69.74963121892308,131.2155952219349,0.22929629305982735,0.20433627565902038,188
ID_530,ar5,zero_shot,LamaH-CE,0.9264309721817792,0.8999956624955705,3.082194209933993,1.5069022710282072,-1.9804637749704153,-0.003863987692498065,0.9064776905434817,10.09945216616186,14.67629064424835,0.3251913166861896,0.2948913816046781,188
ID_531,ar5,zero_shot,LamaH-CE,0.8873720242392976,0.8540278906822018,1.59236294835606,0.8021865031339905,-3.9100243599941726,-0.013817756763921427,0.864460212276238,5.270801424387231,6.297974291058316,0.46598959430485853,0.42170516328427254,188
ID_532,ar5,zero_shot,LamaH-CE,0.8938426669436234,0.8569731173917188,1.8836322585186278,0.9485008254989336,-3.698506512617196,-0.00859805329758237,0.8661284227810125,6.349798030669681,7.227908345544125,0.4226965503595903,0.3777946169290713,188
ID_533,ar5,zero_shot,LamaH-CE,0.9088094489576602,0.8739113464744159,6.718606910899593,3.3846420925433365,-2.351374055964803,-0.0018706298480056088,0.8814808993727824,23.068493369103955,35.406766369558774,0.3422995027384198,0.2991709282767941,188
ID_534,ar5,zero_shot,LamaH-CE,0.9291800305704452,0.9212707124717827,2.223410299764201,0.971237172294022,-1.0495369529443435,-0.0002005205478361194,0.9289365537526807,6.902257781891658,13.082604947535796,0.29757416760876704,0.2880942326385073,188
ID_535,ar5,zero_shot,LamaH-CE,0.9631653395223208,0.9381214162401988,0.4868668710917272,0.25021759701555807,-1.3241711291844094,-0.0021115455544409092,0.940690706282917,1.6510759164690145,1.4983375930744565,0.27259742866941583,0.2584396665604546,188
ID_536,ar5,zero_shot,LamaH-CE,0.9381893046864449,0.9457775027671531,0.14009038147981948,0.05130523187579976,-0.9708298054543775,-0.0016942124063837952,0.9556975775323584,0.537950809128937,1.1231661023700272,0.29277643846757095,0.30070077537962686,188
ID_537,ar5,zero_shot,LamaH-CE,0.9162134649307583,0.8844730161665604,11.2727104623081,5.3825646238015725,-2.166787729816389,-0.0010823593148009125,0.8914729291971679,40.5950070616765,65.90051560216114,0.3029701448538353,0.27144981611353286,188
ID_538,ar5,zero_shot,LamaH-CE,0.9250109857686051,0.9030837433121868,12.451004540904776,6.152761950699017,-1.6923921616853819,9.670140076630321e-05,0.9101564553849186,43.45537611076943,64.66701602385241,0.2567026894178329,0.23100256817850354,188
ID_539,ar5,zero_shot,LamaH-CE,0.8464084352314412,0.8547098665825349,0.7503994742474788,0.3036351873346208,-2.5684294790666984,-0.002375708992877687,0.8774986657509347,2.978302130192286,3.4130321138530864,0.3700778235174645,0.28710102916830593,188
ID_54,ar5,zero_shot,LamaH-CE,0.8180553632632083,0.8941684529707534,1.364338109566981,0.46177711369713453,-0.7039993603041752,-0.000521939131823676,0.9518316581305768,5.558969888554826,11.68684289450603,0.3398487924885944,0.32877974573439833,188
ID_540,ar5,zero_shot,LamaH-CE,0.9135156510648503,0.8872378308776658,14.175923922077153,6.819370109470239,-1.8160611157997573,-0.0006594646078079552,0.8951525769078762,47.08720251529252,73.11230232217963,0.2555481020853622,0.22296150891669161,188
ID_541,ar5,zero_shot,LamaH-CE,0.913369121279258,0.8953494581504102,14.34358835276459,6.9320283847128685,-1.4230776436599322,-0.0012955536271656194,0.9042520156396259,48.3940837596654,56.0192806321337,0.23599286330039718,0.20790410929287198,188
ID_542,ar5,zero_shot,LamaH-CE,0.838056028374119,0.8217951767305963,1.048772147605703,0.39410500523200326,-3.091477698550469,-0.004136908252425797,0.8408691984610629,4.08565263377385,6.292400772202793,0.42423360879710914,0.34724062072518724,188
ID_543,ar5,zero_shot,LamaH-CE,0.8713942356412321,0.8596268614865621,2.470036507734648,0.9867085142776729,-2.2778423787437916,-0.001275405786225571,0.8749450987917441,9.647009350293743,7.62073371402473,0.34458890944506054,0.2809308472146996,188
ID_544,ar5,zero_shot,LamaH-CE,0.8353610642948935,0.8601300192983921,4.774163153502501,2.8446036612953782,-1.7296983047879027,-0.0023263952006948863,0.889049182454478,14.426945593998811,14.4177796787171,0.28389313585786446,0.23560093724662398,188
ID_545,ar5,zero_shot,LamaH-CE,0.8862700635742855,0.8838474834993371,1.2396784702529149,0.5673276761182152,-1.2083552867978395,-0.004245780556559206,0.898962278882232,4.247930499194572,5.798550021690922,0.33727942818851914,0.28809246720463083,188
ID_546,ar5,zero_shot,LamaH-CE,0.699164651915263,0.7096614973055527,0.2804582682938661,0.12520735055725166,-5.677344606231291,-0.0038225404461632168,0.7563619966798618,1.0422170341035772,1.6774526016428049,0.5683086119105601,0.3939681846952829,188
ID_547,ar5,zero_shot,LamaH-CE,0.8456770089304452,0.8738150650180081,6.687523867210753,3.460847469426789,-1.469737262890253,-0.0009819431966754909,0.9023280891395391,21.494358588128406,33.64553978680616,0.2442742985027427,0.20525570173930419,188
ID_548,ar5,zero_shot,LamaH-CE,0.880190320930177,0.889339572423706,24.038968646414887,13.856229495362975,-2.488368674201319,-0.0011437693984426567,0.9071014741268735,77.50592937965739,85.59874951483006,0.2532784102622257,0.22065122700278442,188
ID_549,ar5,zero_shot,LamaH-CE,0.6510716146763935,0.7187331716958469,0.6188143517761807,0.221372318310367,-3.3153114340851153,-0.0026193817884376594,0.7942466798389543,2.509206791047673,4.232029568265002,0.35984858097534156,0.27169319009339415,188
ID_55,ar5,zero_shot,LamaH-CE,0.8952394100773912,0.9067306770382565,0.5454739344580364,0.34350957148781724,-1.598870192438799,-0.012449052028872823,0.9234613350011182,1.0548579828602003,0.2311568738480103,0.5683890070478335,0.5574455818817471,73
ID_550,ar5,zero_shot,LamaH-CE,0.6654118390269796,0.7415569371664699,2.7865550520455615,1.1770246979091563,-2.2194691950725023,-0.002943104715599153,0.818033582553253,10.791589170344102,19.668162441445656,0.3368093924175153,0.26966315741045327,188
ID_551,ar5,zero_shot,LamaH-CE,0.751242900700859,0.7019876101786371,0.30325857861886935,0.1010837846171045,-5.2085959625982525,-0.002326836111114096,0.719387273264146,1.2467928065139031,2.0828696752282565,0.29940757788859057,0.20758167424535617,188
ID_552,ar5,zero_shot,LamaH-CE,0.10248622718358502,0.3441268644296135,1.0958954920373187,0.3851679932509387,-3.7115323771538486,-0.0069778809040371235,0.6868726957122426,3.9842861721279816,6.70636326430352,0.5598437507706423,0.34173099839217247,188
ID_554,ar5,zero_shot,LamaH-CE,0.9344102704607535,0.9519641803449661,0.05653160967851747,0.030468790708184854,0.5826318316935495,0.0007976739377055508,0.964810474319346,0.14817858156238886,0.0962750627417757,0.3307426442936194,0.3303711917518623,188
ID_555,ar5,zero_shot,LamaH-CE,0.7736850818822975,0.8303494364973906,0.8813962247312802,0.4106235637558829,-1.0049200479016736,-0.0008083631709748691,0.88026039790144,3.1216667530319175,5.020281203261077,0.2918743700798126,0.2579418851485517,188
ID_556,ar5,zero_shot,LamaH-CE,0.9904821916505885,0.9951726761194019,0.21924899237953677,0.1382098468904898,-0.04119560576810887,-0.0002581877539824199,0.9987023047027831,0.3913764473719298,0.15877767723370348,0.18698142006265997,0.19675586075286217,188
ID_557,ar5,zero_shot,LamaH-CE,0.6872645652723526,0.7540199809172391,5.655554748097966,2.3076427487844384,-2.113873951860203,-0.0005834309527970524,0.8221746115661507,21.434620373184725,39.32966079902827,0.2740339396227629,0.2051639391990747,188
ID_558,ar5,zero_shot,LamaH-CE,0.8666926636704749,0.8796861810289897,28.476542915741547,15.263363136370833,-2.1862883830460205,0.0004982831251089843,0.9003903655975288,97.12230739284477,151.15040825506256,0.23943600472294135,0.20135321949531299,188
ID_559,ar5,zero_shot,LamaH-CE,0.5671383681498025,0.745357846692875,1.2416053187506864,0.41426397328217657,0.32212848821703444,-0.0019897213994967966,0.7862187705709407,5.079254280368622,8.735797247005815,0.36141594087666395,0.3396215170547576,188
ID_56,ar5,zero_shot,LamaH-CE,0.8952198622527231,0.9377643732804214,2.0342292507707542,0.8946688018998669,2.0991691728929687,-0.003942047308743354,0.967232197059447,5.675218279285212,9.980145010013905,0.4295380650963302,0.41229236172431133,188
ID_560,ar5,zero_shot,LamaH-CE,0.5969132137863085,0.7229420799243536,0.2581820216238608,0.09964377270359873,-0.6533936948185839,-0.0005105637703461301,0.8374335570261022,0.9829927678104446,1.928633511163951,0.16681305111571035,0.1326735028200939,188
ID_561,ar5,zero_shot,LamaH-CE,0.5773643640243871,0.7135446875872334,0.3117570842135572,0.11534096079359833,-0.7355409054879584,-0.0016022974149718277,0.8365759205393266,1.2225290891449865,2.478610078578582,0.1581198169009898,0.12358959270467938,188
ID_562,ar5,zero_shot,LamaH-CE,0.6018762481766904,0.7303355252445405,0.4446598879785548,0.17520988494008147,-0.4885359853751449,-0.0008028425440672199,0.8455977780798508,1.716097216571956,3.319048149029968,0.1950707649783738,0.15204497326316038,188
ID_563,ar5,zero_shot,LamaH-CE,0.9868588020252641,0.9925224894097668,0.10536339482198476,0.06742184485627477,-0.09222871276950105,0.0004019979922067884,0.9963853018070834,0.23094684411110822,0.12022137617391476,0.09342156680391998,0.09876354430033005,188
ID_564,ar5,zero_shot,LamaH-CE,0.46629315386546843,0.6167423431651121,1.0631943552861118,0.4260210392632302,-1.9039504179737996,-0.0007234835969149467,0.7754963438089212,4.16461760423252,7.884076709963089,0.36578093842346776,0.2907493871595202,188
ID_565,ar5,zero_shot,LamaH-CE,0.7984630061031965,0.833937176432387,1.3241174069830988,0.4674910174617514,-2.172549515728113,-0.0016110953154509292,0.8718384298977774,5.37913773746777,9.646173029020877,0.31117218199616753,0.2578955054920774,188
ID_566,ar5,zero_shot,LamaH-CE,0.6671499147961204,0.7184495726625644,4.2337646700377976,1.4156505954821414,-2.27688814845696,-0.001328870272577512,0.784846544254008,17.395881947560817,31.36678244548301,0.31994403477027444,0.2410662328330653,188
ID_567,ar5,zero_shot,LamaH-CE,0.410266715939148,0.6244602151980398,13.05599842824008,3.673045399324583,-0.9923046087921251,-0.0016749618156554381,0.8338827924947068,47.883833437484476,99.30762652889804,0.35583568083417505,0.3083025377311504,188
ID_568,ar5,zero_shot,LamaH-CE,0.44545144569051986,0.6687862186369478,0.9449387560754459,0.33084433904285315,-2.5344496522117144,-0.002096828406826754,0.8637510766849764,3.9522879853432786,4.79336220036384,0.33160442179766264,0.2564898857382478,188
ID_569,ar5,zero_shot,LamaH-CE,0.563440184638685,0.7870046001012102,14.705422150002681,5.170100671840382,1.0629303524269946,-0.0011144026697659324,0.9321921526889771,60.101537348552355,81.37106895940727,0.3547944964439384,0.34782919433582277,188
ID_57,ar5,zero_shot,LamaH-CE,0.917074242246978,0.946037918298792,1.3113347556119104,0.5498532651024982,0.24299671171749596,-0.007614294155303833,0.9653042025367481,4.031608754204997,8.671239242661288,0.402057834120951,0.3773096880825862,188
ID_570,ar5,zero_shot,LamaH-CE,0.2547223571382391,0.5246275243290922,4.84798659208222,1.4260438998085838,4.588308748249859,-0.002532040750076025,0.5469975532185221,19.93164812582652,40.44690334203259,0.3629320545642546,0.3711744115675119,188
ID_571,ar5,zero_shot,LamaH-CE,0.5560474141302321,0.7508588571381167,19.686610122972034,7.104921680376234,2.443407168027009,-0.0035886351566478125,0.8154187925384202,80.32947829160501,139.5043404873817,0.34479159133251364,0.35026837662065385,188
ID_572,ar5,zero_shot,LamaH-CE,0.480813510921835,0.7091194963311542,0.8440203274602861,0.35641432297128595,0.46831535096489657,-0.0028011140978607364,0.899830804172018,3.395903333578174,5.119893669880307,0.38690510527833855,0.3079747681558149,188
ID_573,ar5,zero_shot,LamaH-CE,0.29802959709744037,0.29122099037303195,2.4192277582695993,0.8559649178744028,-3.1057765006975133,-0.006939863515711072,0.44294514073612357,10.045581766615719,16.853651256051247,0.6010492533595158,0.3780050192639105,152
ID_574,ar5,zero_shot,LamaH-CE,0.09810029009023169,0.5636473451961208,4.275524622074254,1.6543237536675817,3.4239632587272,-0.006843567054266417,0.6455860285013741,17.15553270192946,33.18026757292045,0.496441605194107,0.4219652952476343,188
ID_575,ar5,zero_shot,LamaH-CE,0.876599578978672,0.9088747160491479,0.9614294949568547,0.37996785522771936,-0.46411137896635163,-0.0001413044863726419,0.9347970275408628,3.5072718884631606,0.8081765323042978,0.30613075434779036,0.2942564163998666,188
ID_576,ar5,zero_shot,LamaH-CE,0.8363259990322381,0.8693862185229522,1.3373804386917474,0.5108144896474295,-0.9926863614685885,0.00028819978983558175,0.9009740177172695,4.8940258889327835,10.45377376402941,0.3400754888850127,0.31987428917554284,188
ID_577,ar5,zero_shot,LamaH-CE,0.8752924407602827,0.9273573199700866,0.14649847431286392,0.0647543271141934,1.278015616634534,-0.0001577293537667404,0.964381975551666,0.4936537023435043,0.17148793058052297,0.39223628891303314,0.39681919353533546,188
ID_578,ar5,zero_shot,LamaH-CE,0.8766968706583352,0.8942901611567553,1.580807845072725,0.6947654350692357,-0.6832575651884828,-0.0011332712435897022,0.9153391684671495,5.7291933814649765,3.1035008472075254,0.3193725983162648,0.3047436466386988,188
ID_579,ar5,zero_shot,LamaH-CE,0.8526553519135125,0.8871813693638955,0.5297196807921497,0.2240859085765967,-0.5907272766689813,-0.0007164647747044065,0.9170334667413111,1.977137687214818,3.766986430684919,0.27624612543691884,0.24336581755299608,188
ID_58,ar5,zero_shot,LamaH-CE,0.9370487929303094,0.9524366276527626,5.690515962737777,2.47199625363758,-0.6757213757219722,-0.0040432419432419875,0.9647181440984307,18.663728425068733,35.969305257678776,0.31846005693364887,0.2938953037466946,188
ID_580,ar5,zero_shot,LamaH-CE,0.6628068841944346,0.7374165779739419,0.5108933081887542,0.19191536006255058,-0.5880930703961238,-0.0005986503545249329,0.8115598865950753,1.9533731660912679,4.248425788724058,0.21990783974525804,0.17234267334597586,188
ID_581,ar5,zero_shot,LamaH-CE,0.7430999267961786,0.794502747177908,1.8032986725079996,0.675985151624823,-0.8305059638420376,-0.0010567563552058793,0.8470137855344,7.100262899503112,15.203137288292476,0.2610701870551233,0.21545128035933941,188
ID_582,ar5,zero_shot,LamaH-CE,0.8622040087209121,0.8716848117411382,3.0881757723511707,1.2993922848271877,-1.122591905660336,-0.00135126092733257,0.892501249624105,11.443642886681037,24.277191607296604,0.26400912919711145,0.24368967040267364,188
ID_583,ar5,zero_shot,LamaH-CE,0.5968520487538924,0.7204190618924993,0.17930516609342972,0.06641389986615279,-2.160716647326735,-2.39234672476836e-05,0.8331065942268708,0.7026359417190512,1.511724412889724,0.3202895905578877,0.24232124845853031,188
ID_584,ar5,zero_shot,LamaH-CE,0.8820950414666859,0.8963222536032437,3.1918058865625047,1.4654232314624465,-0.4793687292299305,-0.00046737380893094316,0.9154174741186688,11.226451572490442,12.541752320521885,0.26472968177313444,0.24705936606787046,188
ID_585,ar5,zero_shot,LamaH-CE,0.8004786185622449,0.8724688338357605,0.11910496348407625,0.0547751307941257,-0.35973268495530086,-0.0027312375455505137,0.9270367727833423,0.39892377058424133,0.815977114830165,0.22276494040536876,0.19147366211533307,188
ID_586,ar5,zero_shot,LamaH-CE,0.68073621129357,0.7629982974446597,0.5101220882324348,0.18587033522694663,-1.3088849754987075,-0.0020903678296450654,0.8394220919969905,1.9415153204270912,4.1652537892554635,0.23483855820756297,0.18557678935784008,188
ID_587,ar5,zero_shot,LamaH-CE,0.8118951441786699,0.8445867074771485,0.7479842830844763,0.3197335419520032,-1.6849061795335043,-0.0004776164638776153,0.8791020685429267,2.835368257628481,5.686077024260702,0.20636655939141416,0.1657262279154197,188
ID_588,ar5,zero_shot,LamaH-CE,0.6440736227029844,0.7331801189812573,0.5315264763926546,0.19993377763891224,-1.88475981787749,-0.0008717255043053044,0.8189963924748052,2.087788905067595,4.335628837922217,0.4515290577596108,0.358466215056227,188
ID_589,ar5,zero_shot,LamaH-CE,0.7059312073908781,0.69598893028577,0.38281478074423797,0.11427914585500101,-2.469840320321437,-0.0012596723249952398,0.7354735154922318,1.5881833633531361,2.2246405147951958,0.2602841561871293,0.1964514051936828,188
ID_59,ar5,zero_shot,LamaH-CE,0.9821850445964736,0.9900802024541858,0.05974855257727146,0.02942509697209858,0.266425860689207,6.997801514335017e-05,0.9952194990724632,0.13570860054747447,0.16517184072971344,0.25287866401961934,0.26107594781567894,188
ID_590,ar5,zero_shot,LamaH-CE,0.7378226701420532,0.773514012181185,1.3261797580301131,0.5571763697204071,-1.2058135868142366,-0.0010639865303158653,0.8213150348775269,5.006826692973073,6.0390694594694025,0.3490974956179527,0.2977779691728785,188
ID_591,ar5,zero_shot,LamaH-CE,0.8563845809091215,0.8620613159444829,0.2519930028338509,0.10684062880059038,-1.771104221648062,-0.0020427567000916684,0.8826067194886587,0.8834926149533708,1.1327373769702511,0.5132692998047474,0.47382945308041574,188
ID_592,ar5,zero_shot,LamaH-CE,0.8153479055270574,0.8692771752782275,1.423148352652139,0.6365328924038435,-0.30605997674404445,-0.0013429245241298859,0.9110706413840002,4.913099549467315,5.608868116161359,0.31479067496150887,0.29472252025288764,188
ID_593,ar5,zero_shot,LamaH-CE,0.959359104037085,0.9764434235393397,0.11131176677865436,0.04453782697147801,-0.9399910355405342,8.13436135216096e-05,0.9880697737476265,0.40029161494278825,0.017016075754623706,0.3849660273501332,0.39965038993601776,188
ID_594,ar5,zero_shot,LamaH-CE,0.8518091433143723,0.8391200551747278,0.08592949499416734,0.04060763973787071,-2.9249225315924154,-0.003187666079499593,0.8570917241926952,0.30360556465002164,0.37631210267118187,0.5231647843942505,0.44375032524352503,188
ID_595,ar5,zero_shot,LamaH-CE,0.6972081744960665,0.8321972983417889,0.06788676238624149,0.029802306138403137,-0.10379281449802766,-0.0023508238451505417,0.9450048463888264,0.2152005004870673,0.43547579913081763,0.31991711844682247,0.29803584583736575,188
ID_596,ar5,zero_shot,LamaH-CE,0.9535990053570695,0.9748494483538555,0.4526314385562084,0.18607723405310506,-0.9926520177295842,-0.000635419423702618,0.9899257113785926,0.31529283983978856,0.1446915218637132,0.2683036037760037,0.2830484094670959,188
ID_597,ar5,zero_shot,LamaH-CE,0.8398915928504552,0.9198888062184094,2.134830112135826,0.9212292909812733,-0.4120866835359215,-0.0010544543993639514,0.9851882747288284,7.025123815735073,4.8613144419661705,0.2523731186038905,0.24549815360893285,188
ID_598,ar5,zero_shot,LamaH-CE,0.8512677310344969,0.8666162414992652,5.89339389015385,2.609200751600562,-0.748386497235183,-0.0001974003193575026,0.889758131191627,20.902170994670037,29.133303331067182,0.2235090576057781,0.20831659334467836,188
ID_599,ar5,zero_shot,LamaH-CE,0.6894077736210429,0.7452136198591275,0.11514445606579302,0.04636262102917776,-1.54505259287648,-0.0018181269457963117,0.8088842554504057,0.4435131683405589,0.882978392372996,0.17411372523879737,0.12194305420334148,188
ID_6,ar5,zero_shot,LamaH-CE,0.7619120878932489,0.7953890354483718,2.5580341321674434,1.3824533565500872,2.021142023863455,-0.00422288345182717,0.8372934909295602,8.328141453315666,15.276059843040796,0.5414182201211005,0.41561808937187417,188
ID_60,ar5,zero_shot,LamaH-CE,0.9405684632131358,0.9549408840995529,7.31502368578861,3.236094471073819,-0.8641101357839577,-0.003037395955831919,0.9664717966019821,24.52830227644055,43.83244983180752,0.30647547855600976,0.2894478783945053,188
ID_600,ar5,zero_shot,LamaH-CE,0.573423390904253,0.7279326329082803,0.14947308362596065,0.07141556523783715,2.7836787458257373,-0.0047250861729687225,0.8625057764800175,0.5683489762026184,1.030289727385717,0.39425211197614707,0.30961384480116655,188
ID_601,ar5,zero_shot,LamaH-CE,0.6522087435237589,0.7563677858493872,0.11818191852400038,0.05101282611305456,-1.8857159522485816,-0.0022014809234927983,0.8479838378487182,0.4296928980331537,0.8342124904520283,0.26080064026595656,0.18447317311576078,188
ID_602,ar5,zero_shot,LamaH-CE,0.7806823063216386,0.8702001431612103,57.07535252166069,32.80103443509751,0.18273849436431205,-0.0006671574564646749,0.9390778159823189,156.23517635474025,238.13874539684872,0.24672060620682384,0.2307417659990979,188
ID_603,ar5,zero_shot,LamaH-CE,0.7487909965596093,0.8207038075332964,0.7307599283202103,0.3175866388995254,-0.5284146349106723,-0.0021601929708989567,0.8808587894831087,2.613868309647313,5.282673647231652,0.28346589564447916,0.2360526761908081,188
ID_604,ar5,zero_shot,LamaH-CE,0.6857072410531233,0.7682587851255793,0.635334470915579,0.2773440110660017,-0.9122959231747895,-0.0009332440033231904,0.8427017976530656,2.3261623111023098,4.749711270734824,0.27540171005894404,0.20611294751475076,188
ID_605,ar5,zero_shot,LamaH-CE,0.6853929592666594,0.7525983727792265,1.6999691788832185,0.6743511867240598,-1.2690250109415224,-0.001153241942671742,0.8218864581489809,6.733908579458753,13.340007999304198,0.28925223734995975,0.21838166084082966,188
ID_606,ar5,zero_shot,LamaH-CE,0.5352500997501664,0.651997828427239,0.2867684857163594,0.10363073745352022,-4.084468760057034,-0.0017004057559488073,0.773011263717478,1.108261386051302,2.315004026954831,0.29727160583411943,0.21466555368584625,188
ID_607,ar5,zero_shot,LamaH-CE,0.674279594998582,0.7472024036015761,3.384019788277684,1.416874338168864,-2.154779028948916,-0.0016541080857805802,0.8198560567482995,12.943042390160395,24.9513397717907,0.3099273649572625,0.22875173490478684,188
ID_608,ar5,zero_shot,LamaH-CE,0.4634682876126276,0.5895749782661014,0.34777401401488045,0.1395968685771277,-6.140256841656916,-0.0014536819071837691,0.7354543310490219,1.3487179901153812,2.3951579586908753,0.6045115241288275,0.4384259951457714,188
ID_609,ar5,zero_shot,LamaH-CE,0.6752111825469652,0.7350638749048081,4.136850770121355,1.7813213735391578,-1.9981913051277855,-0.0017498424590286724,0.8016898238314445,16.254147315891764,31.67980730321237,0.2814459639469813,0.20799962626629637,188
ID_61,ar5,zero_shot,LamaH-CE,0.9635679526029071,0.9753227714186462,0.08122653559195807,0.0421073695021443,0.30860003308479306,-0.004041273350559663,0.9833570876788724,0.20899431363743,0.09921521993956495,0.34879494378212694,0.3443597538310321,188
ID_610,ar5,zero_shot,LamaH-CE,0.7571494019037985,0.8039737307882422,32.964156366123085,16.791051877520836,-1.6653791675381908,-0.0019506775738213512,0.8523843341688231,109.2372818983734,162.78958213425602,0.3689655970233802,0.3087749378527485,188
ID_611,ar5,zero_shot,LamaH-CE,0.758672984084902,0.8163042287296598,43.54626644942289,22.988764204248284,-1.2430894418199698,-0.0026219565015873462,0.8686520456002991,108.56353513427065,180.10531395710518,0.3751252714014393,0.3150914385488397,188
ID_612,ar5,zero_shot,LamaH-CE,0.7891559732133311,0.8413691750892089,43.386086221880284,23.451543483377158,-0.718568735891096,-0.001322669853642041,0.8867460441861499,123.73956802881524,205.369345386631,0.35547893047608436,0.3074789294949866,188
ID_613,ar5,zero_shot,LamaH-CE,0.8747893642623754,0.9231393683342273,45.5683680241132,28.095295282279668,0.822112085267527,-0.0010093525585460512,0.957229081740812,124.12862707277914,111.5870924756139,0.2964381143051111,0.27559876147919515,185
ID_614,ar5,zero_shot,LamaH-CE,0.8238975354093749,0.8759052469215638,63.037517129933676,35.19124121553733,0.6914569580573486,-0.001693128406099852,0.9168330685673439,205.8156594456443,165.0926169053382,0.30479220160550263,0.28038959110904965,187
ID_615,ar5,zero_shot,LamaH-CE,0.7896370804297508,0.8819850058028403,87.33284588085682,55.61014188341448,-0.5120168360148307,-0.0018535304946938665,0.9543975708740267,234.71969224447713,265.47935383936874,0.30665911900481807,0.3023349459087764,154
ID_616,ar5,zero_shot,LamaH-CE,0.8808494205684435,0.9085752609189499,62.95463241731757,34.451552777943526,-0.6860622476134727,-0.0009414434334020245,0.9321744640605947,134.77431215070587,134.32823846387456,0.31149249466988727,0.29212916928474636,187
ID_617,ar5,zero_shot,LamaH-CE,0.9190379795709733,0.9505678672668769,64.77397514811626,38.57725336978038,-1.2114991656939051,-0.0008133206423715164,0.9718049309851104,131.19506131430182,81.94284815930371,0.26870337534742195,0.24976488305414085,186
ID_618,ar5,zero_shot,LamaH-CE,0.6624038081240939,0.6928261692690139,9.173447360919361,4.817211342144278,0.1830617909061377,-0.002046634742716373,0.7528763657780079,31.371683931942087,59.679021198047074,0.5257234788746374,0.37977774439960027,188
ID_619,ar5,zero_shot,LamaH-CE,0.6059809358265025,0.6261671650855152,20.790524276773763,11.045361433322544,-1.1169431028331465,-0.005115374331511506,0.6944508270383583,73.35057168153666,136.9944532167822,0.541070226184326,0.3854777091702999,188
ID_62,ar5,zero_shot,LamaH-CE,0.9427949944433146,0.9547853108742859,7.85550186300594,3.632150227052192,-0.8546348142351132,0.0007274726126707542,0.9652789155747563,27.752549788230468,47.344972081607295,0.3070263184349679,0.2864218328942135,188
ID_620,ar5,zero_shot,LamaH-CE,0.6428552342244704,0.7127999738797162,25.23964871415468,14.153198767076402,-2.309834248261099,-0.004942866309179943,0.7912903401216654,81.3185277308364,150.32333328551528,0.6008187694846463,0.4582601110233718,188
ID_621,ar5,zero_shot,LamaH-CE,0.8741804397395292,0.9137829040473175,0.8211951440914412,0.5159988202948173,0.8585789652178173,-0.0033353529051706396,0.9429728292916622,1.9328908176541184,0.9160449824815035,0.4135122788513539,0.3597638284986833,187
ID_622,ar5,zero_shot,LamaH-CE,0.8798624834922358,0.8781746837200358,1.0955561882354574,0.5913016633972057,-0.5273497018656298,-0.00065581225938946,0.8944014472108963,3.319337752010943,6.404367714308939,0.3578281888229925,0.29691178094334136,188
ID_623,ar5,zero_shot,LamaH-CE,0.5875188879662994,0.6594833454346092,3.908395000353988,1.947252481744132,0.21302633711744057,-0.008096128413207646,0.7510129256834172,13.415751363901856,26.252000344723218,0.5807212667792919,0.4517475951745278,187
ID_624,ar5,zero_shot,LamaH-CE,0.6255579830605691,0.6181859213472769,4.4832668384583085,2.1085966641213942,-0.9145242528387645,-0.002921949531245655,0.6686747198116022,16.870674702899148,33.994435964813306,0.5717015657253085,0.40199667600471567,188
ID_625,ar5,zero_shot,LamaH-CE,0.817808197701076,0.8894631582834504,1.0689682156530218,0.6060114228068073,2.2881560947481026,-0.004240263907632259,0.9422050011087093,2.9714735977920084,5.398096696098948,0.6466349668093078,0.5497404164989641,140
ID_626,ar5,zero_shot,LamaH-CE,0.5490879404279606,0.6415543969497269,0.8668292624614328,0.3428801602669879,-0.6843777384305176,-0.0019703018989275164,0.7516866100422557,3.5022094543679927,6.908818691963997,0.49849258688131365,0.3552629967072854,188
ID_627,ar5,zero_shot,LamaH-CE,0.24918396644332874,0.6329890009566461,2.78481492559041,1.3279696758924855,4.419240730714911,-0.0039060854417965786,0.9226895318405015,10.440435693107759,12.989217936145314,0.4420179288708748,0.3426433344113977,188
ID_628,ar5,zero_shot,LamaH-CE,0.5546722492878805,0.7565510796978604,3.263735052489933,1.6559748061573218,1.752142375724587,-0.001050312076438976,0.9343173510652635,11.587649871415513,17.516883781128985,0.3885686365860211,0.2941387352578228,188
ID_629,ar5,zero_shot,LamaH-CE,0.7088116159483833,0.8264852151190141,2.8059048692604,1.6341730248151622,0.7135680193509877,-0.0010129122594174002,0.9191187927573559,8.027865293435513,11.65704200496442,0.3017871105760643,0.23606148716772282,188
ID_63,ar5,zero_shot,LamaH-CE,0.9345879569555502,0.9217426153525677,28.167924700098116,16.03671196619613,-2.03627895843823,-0.00018770074193134173,0.9286056174914417,95.23813119937854,189.14163835883656,0.23366369355780514,0.2126245418436052,188
ID_630,ar5,zero_shot,LamaH-CE,0.871121710553554,0.9313594469094161,0.646684507958763,0.3061934371923088,0.28787684514336387,-6.858484076123147e-05,0.979156634765854,1.3731445854556568,2.7539982944557435,0.12303935824272111,0.10711470271999429,188
ID_631,ar5,zero_shot,LamaH-CE,0.8450014904869194,0.9205764585595309,1.345017785817239,0.7620358647176387,1.772678508465319,-0.005326623489308072,0.9795833491080638,3.142459275825801,2.9766384747986554,0.5318750261282944,0.5326743957717568,188
ID_632,ar5,zero_shot,LamaH-CE,0.8709962253865284,0.9294533139823891,3.157038750781157,1.7412065179261054,-1.563134897545358,-0.0023067751601055127,0.9708613771628999,9.816377737853339,11.806598252605967,0.5628459752312818,0.5494368020984228,188
ID_633,ar5,zero_shot,LamaH-CE,0.637161732764129,0.7850657974713725,1.4804854574316126,0.7071261066929541,0.5110521208535768,-0.0031656670880431843,0.9094341487078405,5.351732748211036,8.842391155353518,0.5946742293101542,0.4867391261256778,188
ID_634,ar5,zero_shot,LamaH-CE,0.4527985635333821,0.6693461505068778,1.4207180526091545,0.7335811999428765,-0.03259059853559338,-0.0018822615832148467,0.8707133150469404,5.2683931671569955,6.80251634320464,0.30686424338883145,0.24584464928937239,188
ID_635,ar5,zero_shot,LamaH-CE,0.5139133460054506,0.7448504845011226,1.1934046301119468,0.6083190115203958,0.4754530457382642,-0.002302620731985872,0.9220527735749048,3.3295004587791652,3.3656624025002175,0.362894211019045,0.3485074173465722,188
ID_636,ar5,zero_shot,LamaH-CE,0.8484583976738374,0.8340390877505324,14.546905051016404,8.52495538192312,-3.0709879049411604,-0.00042927514997110304,0.851248372928844,46.05068674531753,95.57899480110046,0.30442808744474165,0.26184382918022603,188
ID_637,ar5,zero_shot,LamaH-CE,0.8376730359519108,0.8522092983772046,15.443534510656672,7.471185876328665,-2.213494131747014,-0.0005196171439537812,0.8775531132934298,56.3162621532458,109.19638980368491,0.28637265153593555,0.2500003443713192,188
ID_638,ar5,zero_shot,LamaH-CE,0.8484788697360228,0.8587249538920398,15.21351155264889,7.287629009869311,-1.234727549255533,-0.00018175977840441913,0.8818805395658107,54.69986580111476,109.63589214911295,0.2926126879300191,0.2589164364934797,188
ID_639,ar5,zero_shot,LamaH-CE,0.8224758618028779,0.8474215726962099,19.494314700037528,9.542597392633658,-1.1724625717576433,-0.0006229082937010012,0.8783387823938328,68.65364649092675,140.34563969912253,0.251233235156348,0.22227655644805458,188
ID_64,ar5,zero_shot,LamaH-CE,0.9398337540293288,0.9263719004457961,28.000970139396372,16.282114157277885,-1.6029758060537944,0.000729590393733149,0.9325605840403436,94.79798851419304,185.08375165219127,0.23937311192035704,0.21189859996975283,188
ID_640,ar5,zero_shot,LamaH-CE,0.7200006535515812,0.8360180047740238,1.4886786118323743,0.8538459557998335,-0.5631521418417668,-0.001562488364187209,0.9258446065451779,4.861204110476377,0.9831065997165003,0.4849388569529444,0.4068283052781934,185
ID_641,ar5,zero_shot,LamaH-CE,0.41027877495896015,0.6042939862119363,1.8118831300184746,1.0900052597344034,3.0404530153224596,-0.014584259455301445,0.8001641392055342,6.10164370763725,10.170328208410254,0.8031259569089642,0.5368017639048547,187
ID_642,ar5,zero_shot,LamaH-CE,0.4678472238914848,0.5401762131312897,6.891250994623226,3.336650653488413,-3.9068066704388937,-0.006244696667081731,0.6629242221457625,26.488100023900508,46.46517952556374,0.6285558895675344,0.4444308918370473,188
ID_643,ar5,zero_shot,LamaH-CE,0.49459327888148386,0.643529859251742,7.820097631300221,4.167440171112885,-4.770908714324029,-0.0031160019774346785,0.7822744541992546,29.518275754033905,37.341976197632846,0.5735249764797501,0.41556401906835666,188
ID_644,ar5,zero_shot,LamaH-CE,0.473277601530248,0.5887965665302637,1.7465410312521856,0.8686650890616471,-4.964414059791338,-0.009749066784919541,0.7257752990677147,6.555702470240482,7.821269037347155,0.6824937431816723,0.5001665325612432,188
ID_645,ar5,zero_shot,LamaH-CE,0.3351546339276099,0.4881981496058365,1.4325902283303356,0.7385108223546328,-1.114958739629807,-0.010973146800170053,0.6948600937199412,5.07705311937699,9.449920718605009,0.7384656330704009,0.4753159950790843,188
ID_646,ar5,zero_shot,LamaH-CE,0.43268070542040227,0.4998811223930065,0.6459165549876819,0.27632342756442213,-1.5119731609573286,-0.0020761830983204556,0.6287681056864751,2.546752165459196,4.498827732650817,0.2633296751034593,0.18121987544236146,188
ID_647,ar5,zero_shot,LamaH-CE,0.6499612814186719,0.7649351066141069,1.1694236840269987,0.580611849657778,0.5359968380816864,-0.0018650598652671805,0.8516369669610915,4.526181170241855,5.753814703271647,0.22813897501236205,0.1790607513957494,187
ID_648,ar5,zero_shot,LamaH-CE,0.7862682764214617,0.892935732895994,1.114910883124795,0.6285792685882287,0.9244816906036125,-0.0005148678054971035,0.9792057359542687,3.5452069792106444,3.6599563509415027,0.23710968156287937,0.22745490234408597,188
ID_649,ar5,zero_shot,LamaH-CE,0.4392676831926705,0.5439829747330474,0.8695836664599808,0.4500764352904448,0.47136114559834946,-0.0002226815138377889,0.6920326736688486,3.181904407709071,4.684769956975223,0.3037710377469737,0.18415393830041965,188
ID_65,ar5,zero_shot,LamaH-CE,0.9184005100675703,0.9072487650559318,0.8895661856297702,0.42182626275694296,-1.1784446663887502,-0.00015795008317489104,0.9165393989850835,3.178826214425337,5.6896509654451535,0.2098041073473489,0.16624650267882235,188
ID_650,ar5,zero_shot,LamaH-CE,-0.030963787885813776,0.3937343263498788,1.3248265423094103,0.5189465510471825,0.4230670127306569,-0.0016964586727798653,0.8503703991904286,4.390835491920901,8.638568277916892,0.2441860650446674,0.16283848182774147,188
ID_651,ar5,zero_shot,LamaH-CE,0.9154490908348665,0.9494937710012576,0.7254574348975851,0.390526694319436,2.7629010106789478,-0.005635607086700894,0.9711020537616364,1.5170085113590295,1.77323923944625,0.8305606956417085,0.7716544519325745,188
ID_652,ar5,zero_shot,LamaH-CE,0.9610911104961292,0.972785783599924,0.5487532781422116,0.3250733117718652,1.3959107200586836,-0.00212857773665006,0.9804144524085072,0.8547185658005193,0.45450272145871984,0.3979425598444438,0.405655202807692,188
ID_653,ar5,zero_shot,LamaH-CE,0.9509564577658683,0.9619635213540809,1.621802466509278,0.8513415791119265,-0.03229359842266284,-0.0010973555490390117,0.9710524614011162,4.053626844239883,7.618923824545592,0.3025884489789876,0.3134991670723121,188
ID_654,ar5,zero_shot,LamaH-CE,0.7491174881459972,0.8239324038963436,0.8529651738718252,0.42418630252385076,-1.9210001480163121,-0.007257956682443133,0.8856803415589367,2.5935320035387956,3.5691657074796335,0.6180076679804742,0.5350045913931164,187
ID_655,ar5,zero_shot,LamaH-CE,0.8979142283079602,0.9199928947778204,0.33739240886324534,0.1818159085377435,-0.5755979098057116,-0.0010525698851148787,0.9393357675599561,1.0295515717566381,1.505063413715894,0.22540231150247664,0.22064547507094598,188
ID_656,ar5,zero_shot,LamaH-CE,0.9317895767930366,0.8645231278248898,3.2129274083368764,1.7557097949954195,-1.4668951311822895,0.0005004110663339757,0.8676093117637544,11.098456693962145,14.763395349511015,0.44481105942750415,0.3854003401115158,188
ID_657,ar5,zero_shot,LamaH-CE,0.9575871613724479,0.9669499515162224,4.061159696767968,2.437764031812346,0.07735684817096435,-0.00045613197291760957,0.9743128631024196,11.716190237633992,6.9441308478724775,0.34775145575950545,0.3301336109063971,188
ID_658,ar5,zero_shot,LamaH-CE,0.9565217533384175,0.9761562474888097,4.851891150257528,2.877653684439059,0.8969313892673759,2.8014956663284865e-05,0.9893518017278199,12.88568255547668,10.512695812415066,0.2925338766524848,0.30046986754595995,188
ID_659,ar5,zero_shot,LamaH-CE,0.9177970895536102,0.9146329048711888,1.5174848496728826,0.843467477634004,-2.3515632838000458,-0.0040889271823052326,0.9244554858354874,3.9038947193233837,4.414079307500734,0.5131250187367357,0.4453149855123766,187
ID_66,ar5,zero_shot,LamaH-CE,0.9511073301516599,0.9395894413315635,26.265377843495802,15.568972592284673,-0.6213796877107051,0.00045573480113455384,0.9446165103713693,86.32952761977866,151.63849911825614,0.2250066256137759,0.19668577891681233,188
ID_660,ar5,zero_shot,LamaH-CE,0.8505144577805258,0.8409660880024988,2.601427245633384,1.0836684383343902,-1.442181731157967,-0.002727925457484886,0.8595113693242689,9.625549031198316,12.46183939462797,0.49308373528290833,0.4533353536173001,186
ID_661,ar5,zero_shot,LamaH-CE,0.8868416577940753,0.9412461164304972,0.960349049608121,0.4825462362087021,1.2439202406553107,-0.007189065492674649,0.9670037945000146,2.917040780548649,5.7258677659829935,0.5821007663252706,0.5148756132526013,188
ID_662,ar5,zero_shot,LamaH-CE,0.9214673056418624,0.9539943709829284,1.0238128337872376,0.5980649038593978,-0.1380771427492661,-0.0010849613568277728,0.975475120736059,2.7323546145355095,3.9963055668683323,0.40168023781827583,0.38071316571704067,188
ID_663,ar5,zero_shot,LamaH-CE,0.8480600706192599,0.838462348436401,0.8746558678081082,0.5279296584253651,-0.8832469659639557,-0.002943453768424557,0.8574290171124811,1.8700839283675728,2.0965062365870115,0.42296322129801056,0.3503023013166447,188
ID_664,ar5,zero_shot,LamaH-CE,0.8636649440783426,0.859234752739906,1.3956604366371557,0.6698575848843284,-1.1884035710317136,-0.0013155605730601205,0.8754120840453681,4.968060552725788,9.647555117367675,0.2959232231526443,0.26534159248790257,188
ID_665,ar5,zero_shot,LamaH-CE,0.846068606101727,0.9182049337336463,0.6844811293256686,0.3481006377108281,1.289303569824869,-0.0012916743325827925,0.9658064594234272,2.4928508295373266,2.8412915997589656,0.35325183954426775,0.33140481598487176,188
ID_666,ar5,zero_shot,LamaH-CE,0.8377891773112421,0.891890262342602,1.234608742039604,0.6557908447766307,-0.009454436738825917,-0.0007575751124129356,0.9307068335916031,4.0470767931500875,4.358406729714788,0.19740438764411303,0.17449760152001959,188
ID_667,ar5,zero_shot,LamaH-CE,0.6094570485930584,0.6438378549727053,11.20485895520985,5.095980860178997,-6.195451662762059,-0.007038861888516806,0.7100482364854797,41.83541750908052,30.168918853858163,0.5803941475970272,0.36919241427033045,184
ID_668,ar5,zero_shot,LamaH-CE,0.7185465539608179,0.6776195133241789,10.389047162501345,5.320609916722262,-3.616504696546016,-0.0033320033465833055,0.7079521154946911,34.57337700129813,62.227847337931614,0.465031564622806,0.3572075577871057,188
ID_669,ar5,zero_shot,LamaH-CE,0.6901284396040015,0.8288381351339924,11.38691879605684,5.25218005629709,1.0620342790873223,-0.0009618225459651544,0.9435591601047193,41.045642483718076,76.88662676484343,0.43097642423526505,0.3891626738327772,186
ID_67,ar5,zero_shot,LamaH-CE,0.9558971042849767,0.947005566035233,0.11933635636447885,0.06575174719160534,0.6110801528392473,-0.002308397124137898,0.9514076603487279,0.3153914287874548,0.590334011712538,0.4095945486805843,0.37610731070342357,188
ID_670,ar5,zero_shot,LamaH-CE,0.5363789606876088,0.7223158005436225,3.1316928441849363,1.3554516550909208,0.09113794132252687,-0.0007107322714366756,0.8576867662516154,12.461378072686877,19.31724098104881,0.4806637516345284,0.37147734619254474,185
ID_671,ar5,zero_shot,LamaH-CE,0.679416738244844,0.7723373702473084,6.392121830907093,3.0996685978660388,-1.2560762312102602,-0.002469528159352254,0.8530171517352632,22.916706286154298,27.769130359929804,0.46193643064786294,0.34000859525469346,188
ID_672,ar5,zero_shot,LamaH-CE,0.458588605071115,0.5237979033907347,1.977991272126065,0.7794644072382565,-4.423586609756134,-0.004454813612991096,0.6362286569013041,7.962045172734613,16.26642607764837,0.44148775141060725,0.2626483290879906,188
ID_673,ar5,zero_shot,LamaH-CE,0.48657981170687425,0.5822468506615023,1.2458451758868265,0.5922443597364258,-0.16311518574652153,-0.005951629160375518,0.7108493578361981,4.824632624598904,5.924527696196835,0.5005339812488846,0.36791952681625323,187
ID_674,ar5,zero_shot,LamaH-CE,0.8492858209640959,0.7863185165518211,0.562187149953749,0.24904934036414803,1.7769924230302234,-0.00014349676815621736,0.7902479228763345,1.9374962096247392,3.896983943962043,0.3036851839980246,0.2898201991139268,188
ID_675,ar5,zero_shot,LamaH-CE,0.934643042425687,0.9595654527933754,1.6614456527090282,0.8406073713115472,-0.054736132678894114,0.00030011286803861836,0.9767618551761286,5.631007482968018,9.694440342033738,0.17640836423048195,0.16287351695709934,188
ID_676,ar5,zero_shot,LamaH-CE,0.4988365921508129,0.5863362150672466,3.1208242245489677,0.9071677395816024,-1.6892430514041428,-0.0030892527494905,0.7080431736970767,12.898026551282044,23.666908522220307,0.28660975170289793,0.23358032365835651,188
ID_677,ar5,zero_shot,LamaH-CE,0.7676481593182474,0.8208982055583178,13.3850148546861,5.185400035960665,-2.008935091470234,-0.0011865907559503244,0.8701716782969512,51.3374624961182,20.01616777094891,0.4516107157370244,0.3834085732059971,187
ID_678,ar5,zero_shot,LamaH-CE,0.7898484193436186,0.8674692589569972,23.12320827093794,11.350491831614283,-0.08150606964802819,-0.0010515598524682285,0.9267218669867946,80.9759485085226,142.55971644984058,0.459831104631587,0.4304942929541072,187
ID_679,ar5,zero_shot,LamaH-CE,0.44755452253310113,0.6319023820729265,17.147863461688846,5.902173384675423,-1.7890743829896432,-0.0011564980746069878,0.8110261034493017,69.35170123188108,94.44781208661836,0.3374033646744011,0.29125318438943987,188
ID_68,ar5,zero_shot,LamaH-CE,0.9186460188631385,0.9429568751945765,0.2817017889291703,0.10900746532535245,-0.3371394719341974,0.0007205379332390176,0.9608404062447671,0.9853803476480665,1.9328621458138406,0.15703795528696746,0.1479439937752788,188
ID_680,ar5,zero_shot,LamaH-CE,0.8656688450617147,0.8926735291168425,22.998624007197954,13.831406352124855,-0.30485890232210844,-0.001278448109755288,0.918060654679349,66.6826218964798,109.7045046659415,0.2420313783473533,0.21904422651163083,188
ID_681,ar5,zero_shot,LamaH-CE,0.8831372142680585,0.9029244118934028,19.2908381314247,12.705048625103679,-0.40677493808945675,3.4477262977248256e-05,0.9235402546168452,50.82907192096647,43.53263268934421,0.21103462194272518,0.20734118851633754,188
ID_682,ar5,zero_shot,LamaH-CE,0.6411419011109147,0.6780017380155104,3.1544214029483277,1.3937412263433182,-4.270219275191249,-0.002679468252533082,0.743556215950516,12.629075414347353,19.167261061220206,0.42520905542929016,0.31547527650887497,135
ID_683,ar5,zero_shot,LamaH-CE,0.5709655023578878,0.6727590515318146,5.606241603488646,2.238038022553332,-1.916497950046934,-0.0011793330801299871,0.7806541690224134,21.912762244437626,33.37487924827528,0.42990335130672136,0.347254557180995,101
ID_684,ar5,zero_shot,LamaH-CE,0.6953451715067852,0.7470781846158121,7.740219479079783,3.8177066861191533,-0.772719077109323,0.00020965793943394928,0.8076851071469973,27.937804853606877,55.15843296264782,0.36636621574302564,0.29415732209693923,188
ID_685,ar5,zero_shot,LamaH-CE,0.8566990138548966,0.9008236529856246,7.4972946004442775,4.572512916939145,1.3470332362148572,-0.0010823302928788733,0.9334497520595392,21.868315178633672,47.6529701365568,0.23593188987900232,0.21646612305781593,188
ID_686,ar5,zero_shot,LamaH-CE,0.7565130446813566,0.810831337128368,10.41976791671123,4.806246354364816,1.8854576782403492,-0.0005620240807937956,0.8614779544105124,38.587007616449306,72.7793894903654,0.32202161519629274,0.25506744201016296,188
ID_687,ar5,zero_shot,LamaH-CE,0.8302460077107985,0.8581035274844415,1.5373825652417417,0.7056691729808494,-1.4517449452179572,0.000624414395398263,0.8888391114144351,5.881888794250523,9.791576328397808,0.3563975583696617,0.28105195473836,188
ID_688,ar5,zero_shot,LamaH-CE,0.9910597071153441,0.9946769033461682,0.9169691554892901,0.5358399900617445,0.2883370064462323,0.0012768289291203699,0.9969281793768898,1.9953839053744635,2.6886784521313842,0.19865052113344073,0.20926917956198818,188
ID_689,ar5,zero_shot,LamaH-CE,0.9810876227809814,0.9878064856380958,1.4503854249244985,0.8970320828049086,0.6990170748257614,0.00051175385153715,0.9921388845908401,2.57609422412153,1.5594278971843936,0.207086946835333,0.2113565292552716,188
ID_69,ar5,zero_shot,LamaH-CE,0.9259192790969093,0.9348728084591134,0.7115414656512775,0.3583182567948363,0.315865991725358,-0.0005543672934414691,0.9459201700258405,1.8722516240067018,3.828758768656558,0.2555889889959532,0.22983896596303835,188
ID_690,ar5,zero_shot,LamaH-CE,0.9613936189019332,0.9739772854993444,2.354207616128147,1.313892834430552,0.48118829629381266,0.000258252361545825,0.9825233262641347,6.8371079630657965,13.709465160565404,0.18763860404192548,0.1826182776993568,188
ID_691,ar5,zero_shot,LamaH-CE,0.9055541443694232,0.9184354468968949,4.587578794443304,2.305493570643643,-0.05573657723079101,-0.00036559094279487586,0.9340370779081779,14.922625731994911,28.183209652934483,0.1753958157505327,0.16165853645382505,188
ID_692,ar5,zero_shot,LamaH-CE,0.33971351177694575,0.4876291595466943,2.153370383253864,0.64169425436689,-0.6951089313103855,-0.0037342004731787566,0.6885085398752434,9.094305521048673,19.281641128196114,0.3301489433876926,0.25636901221587116,188
ID_693,ar5,zero_shot,LamaH-CE,0.37673116543856744,0.5324514581215662,6.287774707044881,2.593259828961913,0.5298392127153199,-0.0026701881442221867,0.7212759493988792,25.0743520249054,52.20590842001181,0.463082523138971,0.3700632685661123,188
ID_694,ar5,zero_shot,LamaH-CE,0.46471403977496517,0.5858811215360961,8.3673253703964,3.307973440372597,0.5982108772152234,-0.0018085671845297444,0.7313091672385257,34.13629601757438,71.93047715293483,0.3988813457697292,0.3220236927821925,188
ID_695,ar5,zero_shot,LamaH-CE,0.5731414352243855,0.5620820221691019,1.5008765148401284,0.4437263778159112,-3.6272170168480873,-0.0014541747512835084,0.6080715169018116,6.282136458654472,13.620475968967703,0.46949335150647326,0.3346484184793163,184
ID_696,ar5,zero_shot,LamaH-CE,0.5577902176781369,0.6355670554501065,1.0052861216862379,0.4792857836386888,-1.362931156707607,-0.005479518503182703,0.7375858557448072,3.8019354568728287,5.7009006220540135,0.7329210892756447,0.5351127639718379,183
ID_697,ar5,zero_shot,LamaH-CE,0.9904701215325059,0.9948076851138746,0.16620145981121054,0.09384296426944831,0.2054512074629138,-2.0931646422906597e-05,0.9978237752717996,0.23643273580834048,0.10867292445959947,0.06410887490914557,0.06654347703351027,188
ID_698,ar5,zero_shot,LamaH-CE,0.4466794544342444,0.5211715847014153,1.9250761116546082,0.7652865920518972,0.7543880732150008,-0.002313078693122919,0.6541474990236592,7.8062402848938195,15.09729127012415,0.42770351419313674,0.3081526940809228,188
ID_699,ar5,zero_shot,LamaH-CE,0.4219903658574138,0.43012739729374816,0.8641804658672252,0.30679322241615553,-0.7938998897708642,-0.0027484654318687216,0.5391600853065436,3.5820939226501745,6.821939078883042,0.46621122841655127,0.2764821300650164,187
ID_7,ar5,zero_shot,LamaH-CE,0.7325101257728462,0.7396591444784617,9.37910452194312,4.756165972582052,-0.926428510527122,-0.002288975562119936,0.7795562690603923,34.01659750864731,60.86341945359703,0.37725882383181,0.28497914095078974,188
ID_70,ar5,zero_shot,LamaH-CE,0.7242259417860326,0.790552131141365,1.950441880673641,0.7027558933013828,-1.7786030470719463,-0.0025345746744019904,0.8514358943412818,7.69420973222717,16.163735743970623,0.3618521724118898,0.2885735340811415,188
ID_700,ar5,zero_shot,LamaH-CE,0.18327836805318498,0.6209537036589177,2.654956205798623,1.2019787192582267,3.600812772836057,-0.004000363794495471,0.8625461934711851,8.867288151337158,12.317704009551946,0.5812827080282722,0.5138465621357756,186
ID_701,ar5,zero_shot,LamaH-CE,0.6410504204597591,0.7364985793462915,2.231635925846863,1.091439551761483,-1.585053715815577,-0.002443160650437767,0.8266162456516857,8.199023751477094,5.034949825859329,0.5437889310171393,0.42136010587593026,188
ID_702,ar5,zero_shot,LamaH-CE,0.5007533743173898,0.6967251098639295,3.3397657279651156,1.4514575700936276,0.7964439561769937,-0.000874905054123667,0.8746558942129709,12.884899002143158,23.7127744188421,0.3598076767082729,0.3400358312174671,187
ID_703,ar5,zero_shot,LamaH-CE,0.45517490431653074,0.6765051842142589,1.0131936621402784,0.5193671202024476,3.3075635766790246,-0.005261822237879285,0.8771815867558269,3.7168953293999967,5.521741183893801,0.466667353212261,0.3509532490314396,188
ID_704,ar5,zero_shot,LamaH-CE,0.20028053064210505,0.5064820390504168,0.8895516291323966,0.3226073420909918,0.7678547299910301,-0.0057530876042564075,0.8295110177409704,3.6918800358529644,6.2825879904463475,0.8011849996040401,0.59888176854482,188
ID_705,ar5,zero_shot,LamaH-CE,0.48782433088942023,0.45029553478933504,0.8560210369108338,0.38510101313260225,-2.402884427852667,-0.00357200522745702,0.5199734222500327,3.341881656497489,5.359855150449497,0.5264518821618777,0.3280000474140095,185
ID_706,ar5,zero_shot,LamaH-CE,0.7977808611708175,0.7605399880562732,1.3089861463691006,0.647664522080038,-2.481955550073608,-0.0026151753291047772,0.7813927104593728,4.772772339585609,5.729760212669346,0.5940442558838609,0.4629109105373709,188
ID_707,ar5,zero_shot,LamaH-CE,0.7785118634681327,0.8291399127663033,2.3299470996893668,1.247393737963151,-0.234123817846584,-0.0030533288678803883,0.8755556689582648,7.1452326916619135,12.464120956587788,0.5037805647672914,0.4065852988965836,188
ID_708,ar5,zero_shot,LamaH-CE,0.7378334481661736,0.8164200491605023,5.566648726886618,2.81426481541878,-1.4217031417453834,-0.0016458161681668724,0.8813729093090392,18.55836040443212,32.098101314796125,0.5318519766007717,0.4273304592631759,188
ID_709,ar5,zero_shot,LamaH-CE,0.6570408108855126,0.8019741016091386,3.0383296872874945,1.540043917746373,-0.8262289259755454,-0.002499903903889558,0.9072321397648053,9.944776257494157,17.53044693824642,0.540826397176191,0.41543310745734807,188
ID_71,ar5,zero_shot,LamaH-CE,0.898511339540299,0.9125734109080323,2.5402541756938852,1.0944548673388388,-0.5314255470049535,-0.0005769780989644778,0.9291681062487279,9.209952605608848,15.903090917109166,0.24349935902937567,0.2054510210306999,188
ID_710,ar5,zero_shot,LamaH-CE,0.9212422056532097,0.911266461124978,46.173421804202036,29.544861391401714,-1.4993750334773885,-0.0007582415205004238,0.9202004092287077,124.96283893933509,218.4003962524123,0.22512369369512078,0.16744424949295209,188
ID_711,ar5,zero_shot,LamaH-CE,0.9160215170153314,0.8973469305087838,53.550046010219475,32.87736181563057,-1.2441342013099053,-0.0010468641801896668,0.9059512461724606,136.8001209774307,248.17780268289536,0.22874780653468346,0.1619609081588849,188
ID_712,ar5,zero_shot,LamaH-CE,0.8473693224607721,0.8668129889945446,77.16484689437414,36.55724612444861,-2.207830573961783,-0.0012288336141060546,0.8920652486309746,289.46085409914264,414.13112361390995,0.22493470999856818,0.18231236449416272,188
ID_713,ar5,zero_shot,LamaH-CE,0.9071637797168423,0.9096419489317189,57.980151061304426,33.763331697816284,-0.9651782631764931,1.8625384326533684e-05,0.9226878755334514,180.33363396219048,327.8345085961576,0.20428495542462063,0.1669548932964833,188
ID_714,ar5,zero_shot,LamaH-CE,0.8782638423484601,0.9237890664680642,110.4977301339053,63.075639653988254,-0.08030959808128067,-0.0007764730333120525,0.9555133970682043,328.8862716499265,383.0445976797653,0.20853890490048552,0.1934867534790826,188
ID_715,ar5,zero_shot,LamaH-CE,0.662151356346121,0.7518353031940599,3.8062764291175673,1.5307618453253824,-2.938185552567821,-0.0012455366869520458,0.8312155355246028,14.571439940075397,14.760736422570467,0.4700975452107626,0.4064713962357007,188
ID_716,ar5,zero_shot,LamaH-CE,0.7513348142076128,0.819796911099706,5.090170192805784,2.503142704015087,-2.717110148173536,-0.003273424861610693,0.8770260885467631,16.55425037007206,32.33218187023469,0.6788088706039759,0.6398440717611688,188
ID_717,ar5,zero_shot,LamaH-CE,0.7088545851163682,0.774850670386546,7.7841039909986725,3.9108826191783974,-2.750365211793818,-0.0012422777068738407,0.8389652142949351,24.90966247702233,50.07346683795507,0.5611676088514099,0.4953153053674732,188
ID_718,ar5,zero_shot,LamaH-CE,0.38535957204899396,0.48977617829663345,3.0166909317320165,1.4703744906420566,-3.1863446521724357,-0.006518578130602188,0.6561234269505535,11.886584738247121,13.774622265367922,0.6970929955554347,0.4571146903823199,188
ID_719,ar5,zero_shot,LamaH-CE,0.4359091510213,0.6391315872906017,1.4013001385625483,0.692522022735532,-1.6078671819915198,-0.0028330292279198574,0.8187237647386523,5.167495188339465,7.470607369896203,0.48041668408157745,0.3532112540802156,188
ID_72,ar5,zero_shot,LamaH-CE,0.9204787789968522,0.9418574236214007,0.32508603123313484,0.17104521015609592,-0.19759821929098947,0.001836490422919019,0.9582684901559764,0.875095859588645,1.815945393786555,0.2318539649877628,0.20149526483227578,188
ID_720,ar5,zero_shot,LamaH-CE,0.4201824951733739,0.6583365633607214,3.5997395651573196,1.6742086913894767,1.6569319116453252,-0.005370230372640091,0.8804367258577473,13.340103290087432,21.61247243320381,0.6674856099076648,0.5206495634745776,187
ID_721,ar5,zero_shot,LamaH-CE,0.9926771612526396,0.9917753446006585,1.644856498175341,0.9632801881761932,0.29829061334057994,0.00023914941551149774,0.9925761319665211,2.6407740616173965,1.6495385214616105,0.16669340025006527,0.1771248510743456,188
ID_722,ar5,zero_shot,LamaH-CE,0.7582247378629586,0.8482707302486481,5.172080816772192,2.569072543050749,2.2078710134838144,-0.0016194533149771692,0.9170375041082351,18.098474704942582,29.581029106801292,0.39149569976458926,0.37707241953101067,188
ID_723,ar5,zero_shot,LamaH-CE,0.644050601872104,0.6963183168540164,11.638702021102425,6.987531380386526,-0.26438287490038664,-0.00351494265516325,0.7685878864027722,39.20054723952676,48.42243801192235,0.349275968764674,0.2677261643378481,188
ID_724,ar5,zero_shot,LamaH-CE,0.4204934847600258,0.5010971545556462,5.238820487216032,2.8955677347598914,-2.000698003309833,-0.004872874665439033,0.6451180180473488,18.825193466640854,27.270171347424615,0.449016550272649,0.29669745453380786,188
ID_725,ar5,zero_shot,LamaH-CE,0.4697012368532729,0.5495986422782473,3.298832247848865,1.800560892299091,-0.7367554770108106,-0.004192638073425981,0.6775149720718807,12.072975678595146,19.485752868893293,0.3853211071300633,0.27367520615137914,188
ID_726,ar5,zero_shot,LamaH-CE,0.37649182597407505,0.4599403845597978,1.8442894393295166,1.031763238395478,-2.9541864791858186,-0.006979974291895811,0.6208611426309779,6.667564395214389,7.316740535873866,0.5561684814912731,0.3319558762876393,186
ID_727,ar5,zero_shot,LamaH-CE,0.7807738544457417,0.7985718402810769,60.06442354868944,37.76373233801815,0.7475335281640001,-0.001560553437230338,0.8343989011399431,168.86482387455126,295.86441427223707,0.2827494891841053,0.22903443233681456,188
ID_728,ar5,zero_shot,LamaH-CE,0.7835589123028908,0.8065702479599784,60.86924310402465,35.86103406731207,0.4409712861243281,-0.0025503441326510546,0.8433919595372853,188.9676826215325,385.67562898207905,0.27917550743385494,0.22887029542920412,188
ID_729,ar5,zero_shot,LamaH-CE,0.7113892430575441,0.7400916464126744,5.6186572522694895,3.3410685640618483,-0.3295296821453663,-0.0005878987211170288,0.791007280851209,18.15830491298875,22.75897107332326,0.35943826211058183,0.2580924755496661,188
ID_73,ar5,zero_shot,LamaH-CE,0.883514835315701,0.8979905111884131,2.1198801084318477,0.8620217448958147,-1.208876445277213,-0.00039771172294526813,0.916366346745477,7.738831356707345,15.618366384553234,0.35270837535901944,0.2904921811095538,188
ID_730,ar5,zero_shot,LamaH-CE,0.6869052205212376,0.7478771643087703,11.212061789888544,6.842683943108253,-0.08609713827492896,-0.002262568240923529,0.8147772092407165,35.283216770871114,56.25428661250417,0.39655344894748407,0.3153265624919787,188
ID_731,ar5,zero_shot,LamaH-CE,0.6047560989312717,0.675740072136159,1.323404890587434,0.7016149827742658,0.5983688895436078,-0.004435514129855999,0.7626154146237578,4.782584630011517,8.344063663777744,0.5703178983867164,0.44794837173386015,188
ID_732,ar5,zero_shot,LamaH-CE,0.40979352915559986,0.6378564712937069,2.222662254923721,1.081130287800491,4.6083056160598534,-0.003181977831378406,0.8505151020740641,7.93986098527787,12.74811303717308,0.6111268580941684,0.4593802233008926,188
ID_733,ar5,zero_shot,LamaH-CE,0.33694488766964914,0.554677763063374,4.71495385236008,2.04801344427362,1.2093317175610787,-0.004046905993657854,0.788079058906812,18.362283070892527,30.369557674638724,0.6119248092341665,0.44652706450493074,188
ID_734,ar5,zero_shot,LamaH-CE,0.5700966830813561,0.7328450512462972,1.6863491167938005,0.9031583704875054,-1.078759237597848,-0.0020710560508500845,0.8753660461183865,4.600543454364672,6.479473595725805,0.5215190962029211,0.45215514521383604,174
ID_735,ar5,zero_shot,LamaH-CE,0.8997137504082777,0.9288885574626917,3.094516610061032,1.8178929894462061,3.3829698671244324,-0.0038792138433779363,0.9490054798762331,8.913473772925279,13.89399829765254,0.4933933802180786,0.46542933845348694,188
ID_736,ar5,zero_shot,LamaH-CE,0.8436775834487141,0.8799777165664807,2.153458771772944,0.9783791135114399,-1.8572518054131604,,0.9117503614594263,6.8456668554441205,7.19705429448344,0.5997433543316153,0.5917946449008095,177
ID_737,ar5,zero_shot,LamaH-CE,0.9361608319269252,0.9627153258137296,5.621075416267045,2.909409956194733,1.9650410174986996,-0.004191486206023807,0.9800197539702845,19.266264516615436,29.592816631957312,0.45657428865785593,0.46983382788987427,188
ID_738,ar5,zero_shot,LamaH-CE,0.9628238572773652,0.969020901399481,5.499777837476925,2.7405068707486744,0.3449363501792081,-0.00022092564688700606,0.9750681621764182,18.772751315368147,22.709267111064694,0.3483926723551462,0.34664252213484675,188
ID_739,ar5,zero_shot,LamaH-CE,0.6552272181914749,0.7150205564260051,1.1311362403358916,0.5760634098426684,0.398809725503277,-0.002991312159651087,0.7863902852097824,4.031297619934738,6.8163300525808515,0.3731575797633389,0.29287078141083367,188
ID_74,ar5,zero_shot,LamaH-CE,0.9367639814703256,0.9447084416242806,4.8795079287017105,2.1426260373666723,-0.5701253087223913,-0.001355745780689515,0.9547430814306397,17.430503810390974,32.27127283111904,0.19567259393303008,0.1670791421529484,188
ID_740,ar5,zero_shot,LamaH-CE,0.9572459420082851,0.9470638056831105,0.10265106906224543,0.06699342462590102,3.7615994265222894,-0.002372861965154016,0.9512056522256089,0.20227851947263117,0.20757454586124022,0.6093216565236751,0.5583784640498514,188
ID_741,ar5,zero_shot,LamaH-CE,0.6900183702786077,0.8404105706010345,1.978383432114811,1.0865639062764603,2.3788126459885848,-0.0006218660905946919,0.9630115724067518,6.663239519970457,8.308054871232411,0.4835162045827968,0.4160199556551726,188
ID_742,ar5,zero_shot,LamaH-CE,0.9264586390386401,0.9624306488734755,0.012648506621192662,0.007042312834243914,0.8780554103394762,0.0005715556501680839,0.9906004228486771,0.027291838760614355,0.0638071794157385,0.15300230946882218,0.14615765815519605,188
ID_743,ar5,zero_shot,LamaH-CE,0.9415006568718048,0.9593816111010353,0.18991314469917112,0.10674575130002925,2.609453211849892,-0.0022110722520994296,0.9700130556062025,0.3977844110704255,0.12353346508377099,0.25339270404498376,0.2538869924741553,188
ID_744,ar5,zero_shot,LamaH-CE,0.8923113673504357,0.8896255943457712,4.701075402307402,2.168764778326282,5.8390572096483435,-0.007937039498375244,0.8980683482673589,17.145439521197044,30.297409092022143,0.628201256252982,0.6622741347715584,188
ID_745,ar5,zero_shot,LamaH-CE,0.9873703612552103,0.9886401730165502,0.035359179561085044,0.01896371858244238,0.8695741571204584,-0.001272205577304215,0.9903909677337828,0.10050389098267772,0.17706895379388823,0.15436993100108945,0.154214366018498,188
ID_746,ar5,zero_shot,LamaH-CE,0.12130684308411133,0.40288601019778514,0.6825239189850026,0.29151594212755794,1.8402428044274355,-0.0019635706975013167,0.7509013642442857,2.5288498421537327,4.981210210140804,0.3893772996657585,0.304114354027334,188
ID_747,ar5,zero_shot,LamaH-CE,0.6517031031123752,0.7328189026469616,0.6527601273923852,0.33726247864137243,-0.13680139342761785,-0.0014618515124348265,0.8147501164006392,2.3591468930597532,3.3435644731427305,0.37609823995421027,0.28207388952261075,188
ID_748,ar5,zero_shot,LamaH-CE,0.6754708504143205,0.8130696743062804,0.47479200947172356,0.21631423734557192,7.5177666826330585,-0.009244678915049893,0.9135259714175284,1.8677865105394367,2.6511251450539857,0.5214126567124473,0.44828946893284427,188
ID_749,ar5,zero_shot,LamaH-CE,0.8978568251802973,0.9261351011426222,3.517440001579026,1.7027427234757266,5.344051732500953,-0.028981742036214043,0.9426927566979325,12.41833826540566,23.313466637005753,0.735565884570662,0.72062598427352,188
ID_75,ar5,zero_shot,LamaH-CE,0.9382492462938249,0.9530199917468333,0.4254075093147425,0.19181030011742378,-0.07856273726611078,-0.00011144457837864927,0.9648385633756495,1.348192359217993,2.8413557532597027,0.20742426421447122,0.18039456623791547,188
ID_750,ar5,zero_shot,LamaH-CE,0.9143284450692915,0.9114882934986234,0.1832674641555717,0.07812712494191758,3.94780710776766,-0.0040186779329444006,0.9186988439123096,0.6591597624736266,0.3872312011834262,0.3817303573275034,0.39275161276527953,188
ID_751,ar5,zero_shot,LamaH-CE,0.40117371916219535,0.4340610958041077,0.7081829050437062,0.2680939127713252,0.651219240880885,-0.0026373452941619527,0.5511724395331559,2.8217066376054043,5.611739250855886,0.442045414290269,0.3265825754731778,188
ID_752,ar5,zero_shot,LamaH-CE,0.9266557795209623,0.9279575019509532,0.1433115565517118,0.0882739033465249,6.312926758465431,-0.0038977519640728125,0.9362842843542861,0.33276034005419824,0.3124433972861162,0.44341657605836354,0.43429862561244603,188
ID_753,ar5,zero_shot,LamaH-CE,0.6167555195740748,0.7931584437452492,0.7728170605425537,0.3876979678530865,3.049608944363207,-0.002152906738250103,0.9383231820067378,2.9191427788842486,4.569354105921205,0.428469705639265,0.36621958318704956,188
ID_754,ar5,zero_shot,LamaH-CE,0.9300192204106588,0.935273360233307,0.014211960503760761,0.00637498387306998,-0.8404699573248792,-0.0008367188080315516,0.9457487015611865,0.04532464476830188,0.08555753497488677,0.2507425074250742,0.2512770216845242,188
ID_755,ar5,zero_shot,LamaH-CE,0.9382880008850285,0.9434752752889574,0.28999220127468334,0.19747375173506213,4.274916275631134,-0.0026495562284838785,0.9512429834033418,0.4054655911018418,0.280816682654508,0.4736114795706247,0.4637890811967307,188
ID_756,ar5,zero_shot,LamaH-CE,0.8928905831197906,0.9326728227580126,0.04114818362739421,0.023054611899719392,1.3481311845166295,-0.004053965167151445,0.9608883377375111,0.10784983720589109,0.18104308011661924,0.4276395264556655,0.35155287668209056,188
ID_757,ar5,zero_shot,LamaH-CE,0.9738273472722708,0.9833236783001754,0.32630125195025217,0.19380612788495602,0.7201167389432926,0.0008043106993053661,0.9890553631606899,0.8324065327256549,0.9814196902716101,0.18711465492605053,0.19220250001295675,188
ID_758,ar5,zero_shot,LamaH-CE,0.9799497126154006,0.988176851759179,0.004531264595159098,0.0022736897521404864,0.01074337398569077,0.0004842847284442474,0.9935215990652844,0.012364166958596169,0.0004953495385279384,0.17214885954381753,0.1749412458207586,188
ID_759,ar5,zero_shot,LamaH-CE,0.9663503112014207,0.9434729875631954,0.7499975726167638,0.5087510269038542,4.854680890120926,-0.0038536254724116543,0.9457369379670735,1.182641707239556,0.4495158342293791,0.5884985072813306,0.5456761454466829,188
ID_76,ar5,zero_shot,LamaH-CE,0.9389260621351222,0.9433729020634253,0.4335042896472761,0.21651189965406817,-0.3173140048152736,-0.0002429811185465855,0.9524655427309031,1.3408565461730744,0.8854684066855446,0.24931722689075633,0.19335656639861334,188
ID_760,ar5,zero_shot,LamaH-CE,0.8675094474299601,0.8882990113350243,0.856190663804868,0.5360106970796751,6.732746830073863,-0.0037643883702580226,0.9097524845863139,2.621380673381995,2.0497392405552493,0.49923098464123383,0.4614990646415073,188
ID_761,ar5,zero_shot,LamaH-CE,0.611379120444026,0.645666132519467,1.8340497347645224,0.8226190516683056,0.5229906893786826,-0.0018821558051872632,0.7150954299995198,7.029103395272991,12.863381596536815,0.3322019282514118,0.2445044638207982,188
ID_762,ar5,zero_shot,LamaH-CE,0.26744507255972017,0.427163340007642,0.9046098578602141,0.40605328036707067,1.0619998494372187,-0.001587832462404789,0.6648581587176431,3.4352118876480104,6.251103484608307,0.39661176751798516,0.28199208341417265,188
ID_763,ar5,zero_shot,LamaH-CE,0.5261585961278925,0.563626003083987,0.35429125006855144,0.15656550883648312,-0.1620831756923573,0.00043849820456781825,0.6465655844950312,1.3436954465691286,2.6907634347566587,0.30290804548563616,0.22542507789988725,188
ID_764,ar5,zero_shot,LamaH-CE,0.46722431774570694,0.5435232535854846,1.21938914504185,0.4222095015810811,2.1878533270432623,-0.008329597868496356,0.6689014012165914,5.079647988288789,10.551151257755476,0.583684158812459,0.42565705906289447,188
ID_765,ar5,zero_shot,LamaH-CE,0.9431340860323688,0.9696794542599073,0.12629121023049492,0.05725767619807367,0.35929543856807544,-8.455397315613143e-05,0.9844976073584594,0.3916593667733093,0.8374242272974607,0.2083835946924005,0.205212948051054,188
ID_766,ar5,zero_shot,LamaH-CE,0.8940047038703676,0.9016634925776462,0.4962784924614798,0.2844469710022933,7.403342934317342,-0.007720957725333193,0.9122743452153946,1.3725643852255565,2.1494417802114603,0.5343395046719234,0.514458028758076,188
ID_767,ar5,zero_shot,LamaH-CE,0.529427409229967,0.6067957986713468,1.9708725540361836,0.7148827062198922,1.2309529903899217,-0.003393845752525061,0.7147506480990475,8.114177504603125,16.70463474087115,0.3987766665235867,0.30708876753544123,188
ID_768,ar5,zero_shot,LamaH-CE,0.5730201823572462,0.6898667926567725,1.2381883087059122,0.6079890607468879,1.296637011043171,-0.0013069604969584555,0.804800890601258,4.611719512895522,7.716613548276983,0.29780147349992697,0.23905285791349087,188
ID_769,ar5,zero_shot,LamaH-CE,0.16700060101695957,0.1899327514471233,0.6395366110143268,0.2575325759470262,-6.6259343603988,-0.0013344353653224348,0.4364750249865207,2.60340379089874,3.8809383334983054,0.4710877184530333,0.2381797378778655,188
ID_77,ar5,zero_shot,LamaH-CE,0.9606122372425281,0.9542969202981888,29.14469352550677,17.287723713629685,0.2556812377852492,0.0002569369360643711,0.958627268432144,86.54982001664087,95.19047796114062,0.19945173698165616,0.17153291176281568,188
ID_770,ar5,zero_shot,LamaH-CE,0.3837181825725128,0.3614838318182114,0.9205029172803885,0.24170568414524715,-2.6687293880938814,-0.006696560354964546,0.4673657515673426,3.9137672123749803,8.608068831928444,0.6654545723302514,0.40166586906741913,188
ID_771,ar5,zero_shot,LamaH-CE,0.9668544358937102,0.9241937558200851,0.05344802941360277,0.036407430960247573,3.7292045082754752,-0.004357222158092391,0.9255829415110204,0.12558108716087416,0.1802563067804092,0.632386507735227,0.5619041006842673,188
ID_772,ar5,zero_shot,LamaH-CE,0.22803684441972571,0.4428097989862675,0.18478455628387808,0.09332558868536692,2.09662675044665,-0.002872384661943011,0.7178941143588147,0.6909815145701791,1.0792742295639908,0.5538125996141263,0.35053995872765076,188
ID_773,ar5,zero_shot,LamaH-CE,0.07439730262302435,0.5568593029069207,0.23579716959224764,0.10913923875879011,4.631403919862159,-0.0016352900579239718,0.9278284960680244,0.8859004961595378,1.2729741682465563,0.28250198991775005,0.23080430942112462,188
ID_774,ar5,zero_shot,LamaH-CE,0.006330184706251463,0.4673235751816147,0.107974505358549,0.04965834444326979,9.81386194283672,-0.004469723690247011,0.8785896482345872,0.327770211073871,0.5539998472162937,0.7456474428726877,0.533163468789084,188
ID_775,ar5,zero_shot,LamaH-CE,0.9726648376904915,0.9655082850430168,0.04467084955600846,0.017908561669267416,-1.1650081393165512,-0.00036958827030193417,0.9682201682526835,0.05542444352470714,0.08128979227051145,0.17378414102358217,0.1680816731808964,188
ID_776,ar5,zero_shot,LamaH-CE,0.5767421493451232,0.6671932612506515,0.4880409191655961,0.19357943339815534,1.140172360652064,-0.0002105987385674947,0.7692256979733849,1.9287284520317174,3.9708249377699976,0.5061327407154151,0.39876514227321586,188
ID_777,ar5,zero_shot,LamaH-CE,0.63191379057452,0.7936695314821236,0.3712736913871659,0.18529950953915456,4.561080676819527,-0.00382269582702284,0.9251762536519407,1.3833247640303443,2.596304973995043,0.6685808105077687,0.5529845455398654,188
ID_778,ar5,zero_shot,LamaH-CE,0.5916937384160355,0.6411730718267667,0.43814898554427745,0.16561209888332185,0.8548156149852625,-0.000999849942917604,0.7157601888648792,1.762388872349613,3.58786920502529,0.2454619161299041,0.18870423269348705,188
ID_779,ar5,zero_shot,LamaH-CE,0.10541805473221666,0.4663718646694529,0.0694958282203456,0.030509993757989087,10.50311502651647,-0.0109387957693885,0.8262861882665774,0.23727683911979672,0.4357137748782176,0.9933106575963717,0.6895232007662808,188
ID_78,ar5,zero_shot,LamaH-CE,0.48974507525775446,0.40841895125239036,1.546869116600301,0.36741860240850976,-2.1861198038007474,-0.01201067457173315,0.43860824245021324,6.529222837014789,13.498752207767177,0.6790656136907636,0.37955429912771554,188
ID_780,ar5,zero_shot,LamaH-CE,0.943905244970478,0.9361415436961751,1.2749229488009197,0.7893977662316157,5.712290698879305,-0.004394380338889944,0.9415460084617803,2.542339329400533,4.3743823780154605,0.6141030327775456,0.5737246436787153,188
ID_782,ar5,zero_shot,LamaH-CE,0.8530141389932582,0.8679672645765566,0.13558896010365307,0.06665379943164824,7.072942702121142,-0.010190161209017817,0.8856966295125295,0.4711315004760352,0.8245389072486925,0.55763027409633,0.5238635298036485,188
ID_783,ar5,zero_shot,LamaH-CE,0.6449889438536747,0.809997929936054,1.3381834348324586,0.7156681038461733,4.170040010373685,-0.005964651393391716,0.9443671179951657,4.619804414664825,6.934877787513527,0.6883424820707924,0.5853014795266333,188
ID_784,ar5,zero_shot,LamaH-CE,0.10729638613228998,0.3018343212615455,0.5210290864281165,0.1933373369282779,2.1601500007634273,-0.002905877026843871,0.6366981279496389,1.971279485661868,3.925983577479192,0.49877462898488706,0.32210180851812825,188
ID_785,ar5,zero_shot,LamaH-CE,0.4982163512033795,0.7471412822050743,1.3715565637694769,0.6588871635386077,7.884069299739321,-0.006256252918969342,0.8851262183828981,5.2797701371528465,8.374599799365447,0.7306083623981582,0.63670400739908,188
ID_786,ar5,zero_shot,LamaH-CE,0.9718589681258203,0.9728777423919888,0.09521089772141612,0.04451741003992311,0.1596403957512371,-0.0002892113620896891,0.9766807770836154,0.23468109406740223,0.5038163778709479,0.16859263434798952,0.16698141054461332,188
ID_787,ar5,zero_shot,LamaH-CE,0.9839149110202586,0.9908759133801281,0.09430622875775503,0.06059365448990238,0.418504025545626,-0.001147957158459327,0.9955504516236084,0.1258811950226887,0.1684510721467349,0.15541038698283696,0.1576690801407794,188
ID_788,ar5,zero_shot,LamaH-CE,0.6895046589772653,0.6829444487218475,0.5765961622413357,0.19474715473198131,0.3007396476868888,-0.0006768993568763253,0.7157137704396255,2.3260006558573982,5.082865511238799,0.3607652394079972,0.2807267705035101,188
ID_789,ar5,zero_shot,LamaH-CE,0.966308990144149,0.9787627510778888,0.45487606505869876,0.22271785317083095,0.09213269126681185,0.0007095386963093479,0.9871691998007349,1.3569249516903672,2.4124646722479226,0.21467799086096473,0.21643600298542973,188
ID_79,ar5,zero_shot,LamaH-CE,0.8692363126640639,0.8930515546101055,0.6021050145162409,0.30116122454341476,1.0403864384027512,-0.003770125042950878,0.9155471535573361,1.8078427813741977,2.9015088028433778,0.43665457540898317,0.3862960023128751,188
ID_790,ar5,zero_shot,LamaH-CE,0.5097020558084506,0.7262931430688777,0.8041996780603803,0.4218409607672215,3.3645445273367596,-0.01290503480014463,0.9156959949702538,2.6571158283487026,3.796011908132155,0.78150340720515,0.6355744607847064,188
ID_791,ar5,zero_shot,LamaH-CE,0.926420754345754,0.928141061625814,0.11786028612911754,0.0518580105138873,-0.15312662256710466,-7.926603035364986e-05,0.9358801208235694,0.36389825944587145,0.7748937039105833,0.10808351030089079,0.08874712110779116,188
ID_792,ar5,zero_shot,LamaH-CE,0.8783400808231321,0.9119494686855346,0.5788432835738794,0.36062169836874225,4.4700690828033025,-0.002292229354773214,0.9365857123857334,1.6367651008482695,0.6338648849360059,0.5036830595930435,0.4608436506567456,188
ID_793,ar5,zero_shot,LamaH-CE,0.5363505651365532,0.671037027858733,0.26143914510467914,0.12058921787530423,-0.3173138427424862,-0.0033147617740228712,0.8040910169155819,0.9766429259501017,1.4603328818102996,0.3870464511622492,0.2783688051760672,188
ID_794,ar5,zero_shot,LamaH-CE,0.9295516212043078,0.9412212298709569,0.36054444606703634,0.16104513304395618,-1.6572804706085742,-0.002123511567839421,0.9530615719721622,0.5691380021593472,0.9502163646603748,0.31419523120353504,0.301330006361396,188
ID_795,ar5,zero_shot,LamaH-CE,0.8908070264065824,0.9409395002828302,0.4281531451784549,0.24280527454139433,0.5151650911761038,-0.000501204628088902,0.9794378743523474,0.5356991884505082,0.9563774820110662,0.1412160218610672,0.12914207598016014,188
ID_796,ar5,zero_shot,LamaH-CE,0.6025031196266313,0.70483156250898,0.3079741700695322,0.12419201309677604,0.7190840185836505,-0.0011804887337355553,0.8063875621662169,1.2432569998089427,2.2983530050235004,0.21624667934869143,0.17097800910579514,188
ID_797,ar5,zero_shot,LamaH-CE,0.7974930537181448,0.8411662128994751,0.8422517897435352,0.38353330371719346,3.034954322584874,-0.007467047457915869,0.8788783479700755,2.8077415375656822,5.285554799856561,0.4445388565536743,0.3986426084200137,188
ID_798,ar5,zero_shot,LamaH-CE,0.8289037164310366,0.880072973107539,7.902479025713073,5.284766385476416,0.4358790464953124,-0.0016010073412996671,0.9200704345325634,17.007742901283674,19.162282870406667,0.2953969700937781,0.25791103951897854,188
ID_799,ar5,zero_shot,LamaH-CE,0.7334976989532116,0.8615660327970747,3.5067149561450823,1.459282793458393,1.2255178322072051,-0.002591638383752093,0.9632197319692347,13.509238576966741,17.44769275434488,0.3404184299189269,0.30002784487976525,188
ID_8,ar5,zero_shot,LamaH-CE,0.7287133226106259,0.8003548387753472,0.7539752344498707,0.4210296102516199,2.7261831200757913,-0.003193743155267933,0.8632022556899545,2.182023148289361,3.579295161676107,0.4283381805194143,0.34213620001401845,188
ID_80,ar5,zero_shot,LamaH-CE,0.32613125821838784,0.2932171539145988,1.7620957494029132,0.46524192595222674,-1.7929008569982188,-0.005546530217529831,0.4024251021875749,7.431588738683856,16.021279734683546,0.5121867283512616,0.27364916443215526,188
ID_800,ar5,zero_shot,LamaH-CE,0.5735202788947802,0.6589400659608913,2.452864376744738,1.0494004543904498,2.4078371830863725,-0.012631887805800518,0.757787894487979,9.029170666343134,17.68437327728007,0.547253321794941,0.4146155272917362,188
ID_801,ar5,zero_shot,LamaH-CE,0.9255605598324529,0.9481460492289717,0.41859099313532927,0.16543367167592307,-0.9657330194527902,-0.0003980937322865426,0.9645350475169824,1.364205893116928,0.3996596425063515,0.2674290977931567,0.2196577311989028,188
ID_802,ar5,zero_shot,LamaH-CE,0.9106011844707569,0.940094982159966,1.2477922378194761,0.4701009538465611,-0.6205328863678883,-0.002321754802036259,0.9611959280600648,4.485717443723235,9.707726487375341,0.23313688753510517,0.1968745732177597,188
ID_803,ar5,zero_shot,LamaH-CE,0.8938842070379112,0.9104534618812093,3.4716038618799083,1.262740200009258,-0.6817939362318293,-0.0030626467572822808,0.9286830183128942,12.357111548219855,27.222572361540266,0.2102999324190616,0.17143336229545203,188
ID_804,ar5,zero_shot,LamaH-CE,0.13892483504121012,0.13554812449202203,3.432984468508511,0.5813965376428286,-6.513312604245835,0.0005797671853980755,0.39527674839650795,14.498172894721195,31.95899024635354,1.2460788455477547,0.7385665363844032,188
ID_805,ar5,zero_shot,LamaH-CE,0.6094368858781127,0.6808737979637709,19.060982179603602,9.215868298859766,-5.319021756941301,0.0003224279048196117,0.7573619639503535,69.37191254135696,140.8055123105878,0.3739748562448826,0.3035910223110764,188
ID_806,ar5,zero_shot,LamaH-CE,0.7687942118855362,0.8404353863891547,32.29137613298926,17.13293053595971,-2.72901640271262,-0.0012762795225809143,0.8964590307548861,98.15625877661584,206.87969812891794,0.26915576456470935,0.22915730890840064,188
ID_807,ar5,zero_shot,LamaH-CE,0.8868666614067768,0.9014368500958115,1.8747581249710692,0.8154146781170577,-0.5853065987284944,-0.0022915622243812016,0.9200696683579774,6.89581712547509,14.452921945407363,0.25861386610218057,0.20348750182656933,188
ID_808,ar5,zero_shot,LamaH-CE,0.8782269625175558,0.9010370813361601,5.575083282137395,2.9366091347571954,-0.14468903600249874,0.000951531914135887,0.9234448839558542,19.153688219910624,35.03095273969255,0.3218740622414433,0.2569893350402913,188
ID_809,ar5,zero_shot,LamaH-CE,0.8042895534010762,0.8924635657662561,0.900318149830994,0.5049705006561304,-0.8614341643552036,-0.0013949061363707962,0.9576485854189457,2.769134517996396,3.714916781929268,0.23403780825607956,0.1953630671531235,188
ID_81,ar5,zero_shot,LamaH-CE,0.8977981683757443,0.8856018913455119,1.0154633032792924,0.4535234457362217,-0.7437054697377958,0.00025614112580733817,0.8964337390075336,3.79777900953504,8.225822320079875,0.266575402597306,0.2154166420307714,188
ID_810,ar5,zero_shot,LamaH-CE,0.5870886866150188,0.6888044426482833,2.459220143000811,1.2872057265647523,0.002857969142054941,-0.002386619868656746,0.7936758246787344,9.04395978837572,14.945447001267759,0.3071938194364198,0.2191263852702913,188
ID_811,ar5,zero_shot,LamaH-CE,0.3429028674538649,0.6161547208482143,3.673084185374358,1.9235928738165824,1.9796325855521948,-0.0008482953288660895,0.875829888961232,13.450256877033441,21.58073084697639,0.31740755409704147,0.2489409234502903,188
ID_812,ar5,zero_shot,LamaH-CE,0.9256902209664983,0.9570401192916885,1.5587781091874866,0.6549709365511791,-0.09753845006122779,-0.004040145555223883,0.9792745450632305,4.8754898306968535,8.676451493275817,0.3720452173045613,0.3499614084535828,188
ID_813,ar5,zero_shot,LamaH-CE,0.8921229480475905,0.9241226126636636,1.8029808596939332,0.7457929177767443,0.8341287074492714,-0.0024607350648233536,0.9466994946164627,6.293639447580254,13.496619294136197,0.36344349803103604,0.33137631580959537,188
ID_814,ar5,zero_shot,LamaH-CE,0.8847426903489415,0.9103585212699228,1.3079316538164325,0.545833772193341,0.27356206100260383,-0.003971850888041327,0.9325520110585761,4.2805286100557,8.244967452983346,0.4020412443899905,0.36962259198368225,188
ID_815,ar5,zero_shot,LamaH-CE,0.9470168240806498,0.96572710803376,0.48701994447152147,0.18238569722034526,-0.42314636165993125,-0.0005094918199800048,0.9785420891302754,1.613481845791966,0.8120946347123933,0.26386961141126214,0.23241431166945356,188
ID_816,ar5,zero_shot,LamaH-CE,0.9431657102444007,0.9689039244492987,5.272534073304771,2.2604638254102802,0.35159723665450004,-0.0010523712696997103,0.9878194731898273,15.109434182781868,31.319270188079635,0.2846280150066367,0.2661590604196799,188
ID_817,ar5,zero_shot,LamaH-CE,0.2154758722040626,0.22975933446277663,0.7514113279393961,0.17966897896740333,-1.394858440037138,0.0029777887860303206,0.3803237161074543,3.1358384376752575,6.973027085557,0.1691753562932165,0.09718994585581556,188
ID_818,ar5,zero_shot,LamaH-CE,0.8442553489368496,0.8775329433347854,0.25945723734447595,0.08091767353530901,-0.607092190331339,0.00023413889769795075,0.9079925924718367,1.0052198671891477,2.209435158824917,0.20499905012619746,0.171612298816847,188
ID_819,ar5,zero_shot,LamaH-CE,0.7545080580956882,0.7805469529093193,0.3697242761133022,0.12806755383412594,-1.5741321608138417,-0.001737986408513966,0.8206492894403765,1.4879074543404254,3.2384802697482775,0.37662495035107674,0.27395415835669207,188
ID_82,ar5,zero_shot,LamaH-CE,0.634004992637501,0.6784722371923363,13.61892347460678,10.667282434515117,-11.158492791114853,-0.001060668343024991,0.7341988882346578,24.48995098189697,37.420638532918666,0.4957742409985844,0.34553823301413933,188
ID_820,ar5,zero_shot,LamaH-CE,0.8332305156779882,0.8614427584117506,9.590870416920422,3.0409902711833667,-1.1992897640969382,-0.002554933551669289,0.8920268561707544,38.317645342254856,77.33447480234838,0.48391123782527734,0.3992627831006133,188
ID_821,ar5,zero_shot,LamaH-CE,0.8392743484525238,0.8075410701857718,15.91484629421337,9.390403169330266,-8.430702794781888,0.0006928118338571324,0.8209404264663505,50.741539337621354,94.6880788050718,0.29052128040422653,0.25575572015710263,188
ID_822,ar5,zero_shot,LamaH-CE,0.9095137958154677,0.9310261023307117,0.27580617009927755,0.14830886220854933,-0.1535173311334903,-0.003192467613986772,0.9487800789953725,0.5664883774900961,0.15775780528548433,0.3347634980541644,0.3254974669903682,188
ID_823,ar5,zero_shot,LamaH-CE,0.9037651870814639,0.9203136574970125,0.1845444634686162,0.10039393290812804,0.4438817079511655,0.0018716491246193248,0.9370849102476434,0.49901188216612125,0.27988102292040345,0.22160224228953926,0.22697787434352792,188
ID_824,ar5,zero_shot,LamaH-CE,0.8991817397944342,0.9159540924283601,0.9391724558152355,0.5115033274617229,0.08708365039220603,-0.002022096085435774,0.9334874950388212,2.58926742279204,0.8980148629114348,0.3225694532377744,0.3226785361905042,188
ID_825,ar5,zero_shot,LamaH-CE,0.8749043064460479,0.9210144176088818,0.6531050691331797,0.357599888562307,2.1070116773690275,-0.003637658903156352,0.9534776231120874,1.3127537593171406,1.3576134158149935,0.3377156304885204,0.3583743183827241,188
ID_826,ar5,zero_shot,LamaH-CE,0.7455110126761696,0.7665450906611103,1.6239542243106986,0.6611818677025797,-1.8542975607808545,-0.009339189981327291,0.8091296305829394,6.276862782095913,11.827641228304897,0.5516109533840095,0.4674867503269624,188
ID_827,ar5,zero_shot,LamaH-CE,0.7743863137889668,0.7923690173102538,4.514006942352252,1.5909814351197633,-1.4931465696777693,-0.0020401153772024137,0.8288063779758514,18.29607689037982,37.924169776783074,0.37125706843054807,0.316685286470355,188
ID_828,ar5,zero_shot,LamaH-CE,0.7676457505966603,0.7340752501878129,1.0277878116717838,0.35320424886016405,-2.549423558593023,-0.005470346882677687,0.7597195379643148,4.1332456255801535,7.985137455500136,0.5845440000982659,0.44448394641657923,188
ID_829,ar5,zero_shot,LamaH-CE,0.9144079922404359,0.9157986215289317,4.661213425128677,2.279073007304694,-2.2568764907746264,-0.0022311995509033955,0.9270345285549203,13.620436741498455,25.916180568660955,0.4178153686276773,0.373966402460501,188
ID_83,ar5,zero_shot,LamaH-CE,0.939923690408743,0.928256876277377,0.15296356797322594,0.08763930831915705,-0.4077238792395678,-0.0002319758744948365,0.9346904521980388,0.37290508461929583,0.1801423112305266,0.3261251590038455,0.26941018613660017,188
ID_830,ar5,zero_shot,LamaH-CE,0.44209166426887114,0.7089827105682998,0.22139179423324945,0.09569819924001094,8.511254205534144,-0.0041863293510322665,0.9138433011392213,0.7435708597377343,0.969428571103318,1.0395385492471243,0.8382406175554682,188
ID_831,ar5,zero_shot,LamaH-CE,0.5881778265401653,0.7036373562817353,3.9870974173462606,2.1871214544056192,4.448558116654638,-0.011511039438797058,0.8134441037346127,13.156097826724046,20.992957404879345,0.7725149434173038,0.6325568761803769,188
ID_832,ar5,zero_shot,LamaH-CE,0.5051885446312627,0.6947350297169275,0.5352002204969158,0.3259122644080457,11.848161152887348,-0.019260871509785223,0.8452317273691936,1.472163642698434,1.9103324454511206,0.8204401737483038,0.6638907457551045,188
ID_833,ar5,zero_shot,LamaH-CE,0.5769625159365414,0.6939650519709002,5.27922016440822,2.825627157867931,6.551024121921039,-0.01107648271532384,0.804789342635664,18.775004345680628,29.555912716931296,0.7494002605974256,0.6015530900554933,188
ID_834,ar5,zero_shot,LamaH-CE,0.6542986110430538,0.7296290216756033,1.843991930504959,1.050519040862738,2.3291409799090093,-0.009206015674802209,0.8083809492505705,5.510510820481868,7.416295946188267,0.6997235246798612,0.5287748638955999,188
ID_835,ar5,zero_shot,LamaH-CE,0.6213416153085429,0.7420542492249653,7.313911894268934,3.9910923165857874,5.443955898038548,-0.00853326579225206,0.8460035525365001,24.897034702049968,37.6856352462206,0.6770541258249696,0.5570236508068094,188
ID_836,ar5,zero_shot,LamaH-CE,0.6804210491105751,0.7727605243819874,7.2362285963707,3.972981649312393,4.842053238152725,-0.009195701955152555,0.8485653053072638,23.455743477449648,41.41884843553297,0.6565255302222722,0.529261601322729,188
ID_837,ar5,zero_shot,LamaH-CE,0.890190165231221,0.9303328570568562,0.1897740725412541,0.07228104782422243,4.175332802689067,-0.003110656266209254,0.9551416173837721,0.7175826866432756,0.5955536504361572,0.5057802809193727,0.5049860353742079,188
ID_838,ar5,zero_shot,LamaH-CE,0.8958198211608144,0.8713826271471726,0.057335961661248463,0.02308990462272424,-0.4561689170377949,-0.003293888478418376,0.8819321390533854,0.13235371292421536,0.2694385851604357,0.5957898802626497,0.5693517545834714,188
ID_839,ar5,zero_shot,LamaH-CE,0.3871062514010125,0.5967295055094015,0.2420465903660794,0.06550625626455653,-3.223638833912709,0.002446533004826376,0.8067472854958111,1.0375142559469746,1.9941676919530122,1.164915721156091,0.8793337786974941,188
ID_84,ar5,zero_shot,LamaH-CE,0.6603138992294306,0.700547272434775,13.884905914060193,10.778532597472442,-10.30037470812954,-0.0020766618196322306,0.7516435386713898,24.299593624680625,40.9344463426656,0.47014775342771675,0.322354205744085,188
ID_840,ar5,zero_shot,LamaH-CE,0.8578807156908088,0.893499478871598,10.857116158850085,5.664602932021193,0.3741596643234471,-0.005453391494376195,0.922749971842892,34.780363445710606,51.22101095708907,0.44045695197924456,0.3993792649755283,188
ID_841,ar5,zero_shot,LamaH-CE,0.5301306534229754,0.5336721554452268,0.25388761816103017,0.09420711383439415,-7.544017979532665,-0.004304594477616996,0.6125603734828879,1.0477418924679602,1.8387445759100403,0.6081775922587991,0.4030633113992704,188
ID_842,ar5,zero_shot,LamaH-CE,0.6728188887817511,0.6784284094830464,0.12766154563410054,0.05451836937232631,-2.0585965734864575,-0.008139681583738047,0.701016823951022,0.40873597158288355,0.8192275114312791,0.6839906535438647,0.6302951176342854,188
ID_843,ar5,zero_shot,LamaH-CE,0.7477538333866008,0.6823598555337843,0.8512376051177472,0.4153820057017376,-0.8885993343248649,-0.010094286578555774,0.7041363823759346,3.1513357106548634,4.972079838016527,0.6822674888087361,0.514605034207393,188
ID_844,ar5,zero_shot,LamaH-CE,0.8624367467914493,0.8817009653025406,11.026096923509009,5.894782103406349,-0.0905579826468813,-0.00264403548954174,0.9053070140410757,35.920437560420034,49.83989182733573,0.4473000724678406,0.39467894657455593,188
ID_845,ar5,zero_shot,LamaH-CE,0.6268944541431274,0.5110075062541205,0.08822376726303463,0.02930392407989926,-10.07453439618936,-0.006857480124950591,0.532363260576094,0.36487916561649936,0.7194728274214347,1.248455954057861,0.8055492534961587,188
ID_846,ar5,zero_shot,LamaH-CE,0.7342676128352977,0.7147209874145183,0.1697457487905682,0.06518336031538262,-2.0832669122341496,-0.010145014899704537,0.7477010344141637,0.6681104218595109,1.2523165037545751,0.7316004307214583,0.5799102019690245,188
ID_847,ar5,zero_shot,LamaH-CE,0.7351756358650966,0.814137310861806,1.028172975068674,0.41900453719869146,1.1134762937248384,-0.01059489540357638,0.8790939742896754,3.8327717208369454,7.076041097732058,0.7387475614514241,0.649711590708953,188
ID_848,ar5,zero_shot,LamaH-CE,0.8531982439955188,0.8995589439567817,12.442901706874526,6.065414586041326,-0.5349493251031251,-0.0035263537905238403,0.934405861430786,43.93931002525296,34.43352188211646,0.43567080072219294,0.39922646069754536,188
ID_849,ar5,zero_shot,LamaH-CE,0.8750898405151785,0.9212065976983603,11.355433850174409,5.474595554208801,-1.4563598352730838,-0.003028190634319177,0.9538230754001815,36.52363474063771,40.0131977505824,0.41390075337241927,0.3889192902772949,188
ID_85,ar5,zero_shot,LamaH-CE,0.4464322509966865,0.5632428243957662,3.0518982553215115,2.221000557255579,-4.544830296897224,-0.003596716835495204,0.7095042432418177,6.444482966306965,7.968281270749004,0.48081629628829237,0.3084023219463814,188
ID_850,ar5,zero_shot,LamaH-CE,0.8285080845645711,0.888492338417466,0.013164057348424952,0.004767439657091972,0.728293410339844,-0.0009096270421659024,0.9275064422591939,0.03157380333748152,0.06603872517317125,0.46101694915254227,0.5117105142033607,188
ID_851,ar5,zero_shot,LamaH-CE,0.9335128569447525,0.882528434962447,0.40553372999927034,0.20113858813238375,-0.539522865022898,-0.003217873475249395,0.8862727370323531,1.3907751940128297,2.7733889699703753,0.44068087712027354,0.3782384355266588,188
ID_852,ar5,zero_shot,LamaH-CE,0.971510919538893,0.9799902972225881,0.037013368252888736,0.02067648762236232,1.2377716155786966,-0.002994741320057427,0.9857182099371655,0.034820204051648235,0.04642393756348839,0.44081219984834447,0.42078462882245393,188
ID_853,ar5,zero_shot,LamaH-CE,0.6818435577808888,0.7524067963315582,3.24110504664664,1.1584421438334571,-0.31905707698610347,-5.378659871224656e-05,0.8234104553249249,13.05505393292918,25.63546296363415,0.4995025392993954,0.4339756051903965,188
ID_854,ar5,zero_shot,LamaH-CE,0.8706811542821358,0.8069514376898953,0.1525825777386288,0.07699635920230727,-2.8066084175649086,-0.0045770272164981675,0.8147405586023682,0.5570046249475358,0.9781620767019752,0.6547088927289646,0.5365113163209178,188
ID_855,ar5,zero_shot,LamaH-CE,0.7836679943683355,0.8671110339725723,2.00867586836864,1.1442222099046027,-4.046833239517532,-0.0023027505577852417,0.92675701287022,5.468519713707167,3.7045529829328814,0.28690066321024293,0.2844760438020072,188
ID_856,ar5,zero_shot,LamaH-CE,0.7755330689443471,0.8338380251458429,2.045996843908026,1.0512429708351283,-2.7672315165543484,-0.0010627159602500866,0.8832696186681839,6.283728801903147,9.583790258777814,0.2625354323016539,0.23357853463015882,188
ID_857,ar5,zero_shot,LamaH-CE,0.8513192873843902,0.8921872454345001,1.9157120527516955,1.0607105523712017,0.3075537009133527,-0.0014320186636086907,0.9248294709462809,5.269679706763421,8.44021508934738,0.29810892090699775,0.23895563561931057,188
ID_858,ar5,zero_shot,LamaH-CE,0.7380900044213512,0.6345015490819343,0.16667625945337883,0.06615615998317843,-8.088851560972032,-0.015854661225882666,0.6501766555384249,0.6653656911594493,1.3289721711360312,0.6576839933182667,0.4508657432253386,188
ID_859,ar5,zero_shot,LamaH-CE,0.02791829911813859,0.33388925660964675,0.6832392601201723,0.12748048129381612,-10.453122736941449,-0.0010296533907564707,0.7025271601923222,2.9347656158907447,6.2852586926193394,0.5290453279311218,0.5471525774663019,188
ID_86,ar5,zero_shot,LamaH-CE,0.6019340207249555,0.6984020593180198,3.017486666361925,2.3012380668084282,-2.749866892675255,-0.001504596990891352,0.7960251689549952,5.910934669275813,7.194770441472646,0.3808302520869581,0.2604037246442447,188
ID_860,ar5,zero_shot,LamaH-CE,0.6708555943162553,0.7472756485326997,0.576964566261309,0.25135269665666127,0.44626002260375147,-0.007288603399325258,0.8233082860650682,2.3461741129866525,3.7657897447911064,0.6203384193239929,0.46894866924787304,188
ID_861,ar5,zero_shot,LamaH-CE,0.6271915535199983,0.6684777106576942,1.7848082445121578,0.6102617926689576,-1.0444222727995358,-0.007014368589119182,0.739555317678571,7.355187291524861,13.840974324710233,0.6163444411247522,0.4725338302108427,188
ID_862,ar5,zero_shot,LamaH-CE,0.5023421157316599,0.7511142354648268,1.0651241209728706,0.43128987212099507,3.9194249993438306,5.828239064659298e-05,0.8606165330432248,1.4520670243228506,1.5503378241718195,0.23370506170962924,0.233411606896739,188
ID_863,ar5,zero_shot,LamaH-CE,0.8119968361163451,0.835603510944797,0.5928274531064054,0.23061109460831467,-0.12058886546433414,-0.006406481411368785,0.8681375524147645,2.276856434648144,4.251840206469112,0.5022750918184439,0.4256341011874251,188
ID_864,ar5,zero_shot,LamaH-CE,0.6486631971982801,0.7842696662639069,2.305320171959238,0.7904682248824157,0.697476242745894,-0.0018857744236775633,0.8972924925677523,8.896661993163985,18.382799258471078,0.2991887765580256,0.26983834449628913,188
ID_865,ar5,zero_shot,LamaH-CE,0.8502053287112822,0.8824954287825546,1.6879919767832416,0.8445868735305632,-1.8122790740879364,-0.001738662816052887,0.9116840704249132,3.055472202507723,3.7383693323151608,0.3302368482648304,0.3234846617665803,188
ID_866,ar5,zero_shot,LamaH-CE,0.8087093863644967,0.7561814143687113,0.1492844766830747,0.0503896800338434,-0.6029506200515227,-0.0016238016200658288,0.7716912627136754,0.5933506259445788,1.2970591429736353,0.3887940984593767,0.3203102728999355,188
ID_867,ar5,zero_shot,LamaH-CE,0.8353201047699617,0.8171291853132612,0.24420715012080008,0.10898141671178377,0.24448451109437702,-0.0009842638282031631,0.8359538873536992,0.9069423099409086,1.8784458055823512,0.24173926549929875,0.20086826823342818,188
ID_868,ar5,zero_shot,LamaH-CE,0.7632860628356386,0.7750685980011568,0.16547559610212179,0.06164656780230573,-7.080195845688904,-0.000885690398032781,0.8095916518748318,0.5959976459131479,0.7254275494852013,0.4702798256362869,0.47655876383912754,188
ID_869,ar5,zero_shot,LamaH-CE,0.8393665689527492,0.8575171025191647,0.8845993870142206,0.43752913785596487,1.21209572452227,-0.002424092559131905,0.8842301888011221,2.9153265610542562,5.580154942431266,0.35767308635178957,0.2971439189201062,188
ID_87,ar5,zero_shot,LamaH-CE,0.7701659275681845,0.7815525015401126,14.670600971470002,11.00341417408354,-6.9710277288225235,-0.0008597495463464055,0.8115940773897397,31.850993760975527,56.58735652796743,0.3482657823744125,0.2406164372127675,188
ID_870,ar5,zero_shot,LamaH-CE,0.8988531323444071,0.9486520951090005,2.4573579620678156,1.5008149651427376,0.28000185890405244,-0.00166876919549876,0.9888208989516089,4.893560733771851,5.044606588312059,0.3176069318108173,0.3028339990481437,188
ID_871,ar5,zero_shot,LamaH-CE,0.8940128467874666,0.875930890154741,0.28442104302031884,0.15087826846886607,-1.8665220186400935,-0.002856708944872237,0.8874598850206492,0.9453619318473977,1.1761438198504792,0.37508834396442986,0.332182032977229,188
ID_872,ar5,zero_shot,LamaH-CE,0.44994786653619945,0.6949838269798831,0.0539033910715086,0.01617338317082098,3.87630190190019,-0.0009913421966562547,0.916194170642015,0.17563135500809293,0.3839244424798658,0.6847550675675675,0.6237130516033212,188
ID_873,ar5,zero_shot,LamaH-CE,0.8461586944114131,0.8427848585803267,1.1059513190518795,0.48480983305487485,-1.4231331983998645,-0.0025997564811009143,0.8634100733177945,4.160455456662674,8.005046072515746,0.3986908809891808,0.33480422169482604,188
ID_874,ar5,zero_shot,LamaH-CE,0.851858020236581,0.8589884652806069,0.9468919084433355,0.2714554685868545,3.198206578424307,0.0017578170918447992,0.8711513491795496,2.6648754395410004,5.839102662760645,0.20590815221289063,0.25985779745920234,188
ID_875,ar5,zero_shot,LamaH-CE,0.9418240508745293,0.9235041481764663,0.2568241868730585,0.12141525974343463,2.6648237482379624,0.0002561892834871335,0.9271688973514413,0.8696419575656649,1.0137479066397148,0.36410942879711533,0.3920787051391962,188
ID_876,ar5,zero_shot,LamaH-CE,0.8541161887234918,0.913723572101166,0.27004788143270936,0.1431352638593082,4.038843707215361,-0.02000610864003896,0.9473823217727566,1.03148291613634,0.9132680495880733,0.5690025682687772,0.4880767036739785,188
ID_877,ar5,zero_shot,LamaH-CE,0.9369594569107876,0.9598692242105236,0.4927941725491214,0.23167534255542677,2.3630834205846654,-0.0026423868087205454,0.9734609071684718,1.7457724965648747,1.418171895268703,0.45343353183145985,0.4275977105189424,188
ID_878,ar5,zero_shot,LamaH-CE,0.9005515649650615,0.8962877532826773,0.9265220742585878,0.36959693305298774,-1.7830873609095645,-0.0034799990359537514,0.9077064714701768,3.673557998478585,5.001736083494845,0.4867771870296651,0.40646805775425116,188
ID_879,ar5,zero_shot,LamaH-CE,0.8682587095578493,0.9068799874812855,0.35870838235202757,0.16590640914938973,0.27655636820252555,-0.0022618519344024465,0.9360560130888432,1.185726932280309,1.3810356331341018,0.43591955034557206,0.36924982595163036,188
ID_88,ar5,zero_shot,LamaH-CE,0.9556302362942751,0.9448403408168843,36.788898227321475,24.392207792954917,-0.6191760026792541,0.0004979229291082257,0.9492709385967747,99.60783077821877,90.84559380303281,0.20642325772533293,0.16604503162330514,188
ID_880,ar5,zero_shot,LamaH-CE,0.9451224776583095,0.9632405640440722,1.3774095824928267,0.6185407812866602,0.4514487880586959,0.0012979143072404924,0.9751695498855668,2.913043251254913,4.651384703245433,0.3229960860894821,0.28435282577475235,188
ID_881,ar5,zero_shot,LamaH-CE,0.9399070590499456,0.9467657974930509,4.947662016962373,2.3778020085286906,1.7356592757309872,9.680449965631006e-05,0.9544069033703918,10.614827275145302,9.812216396961848,0.3095637167898611,0.324134038138304,188
ID_882,ar5,zero_shot,LamaH-CE,0.4570309689820601,0.4438586261884788,0.04831752499713506,0.01793779741386106,-5.744154556228927,0.0035157049265801994,0.5317693222516462,0.1952927782242448,0.29949670775149295,0.5566739606126916,0.23980301844838817,188
ID_89,ar5,zero_shot,LamaH-CE,0.6348293574662836,0.5992343000511754,0.2897261962415167,0.13494361854154716,-4.418651250038396,-0.0037290176631104496,0.639827739108932,1.1210426389835975,1.9087378738050298,0.6588560238168006,0.4054456825532214,188
ID_9,ar5,zero_shot,LamaH-CE,0.8229749228520046,0.8278915422490098,15.040847990273594,10.032910380407248,-2.105982892951585,-0.0003477048934501046,0.8533814926968305,43.586362582627196,86.01380505911179,0.2635312911071249,0.18451643134957288,188
ID_90,ar5,zero_shot,LamaH-CE,0.7474041890184262,0.7523345170338293,0.14081207734271017,0.05223198860103507,-2.059980799733334,-0.0023509087451236386,0.7879026072955226,0.5667418032464812,1.0250214158347675,0.3550162590310377,0.28731665754136115,188
ID_91,ar5,zero_shot,LamaH-CE,0.40980420995545774,0.3871444454850349,7.776477290942326,3.330260583524476,-5.100194916037828,-0.0037223765989461925,0.46861820755728034,32.20934582518709,58.10024538718536,0.6497146514344554,0.39245410824739535,188
ID_92,ar5,zero_shot,LamaH-CE,0.7258466802005383,0.7906011138578839,0.05110359284894866,0.026025700228805206,-2.3459217037887585,0.0013217903651969662,0.8501363159129379,0.18814672482877945,0.2484771244326696,0.24159816876495682,0.16595219937560224,188
ID_93,ar5,zero_shot,LamaH-CE,0.5522684772369268,0.5735278980675501,1.9949321145271566,0.8802663906529025,-3.5105735477523057,-0.0020289438545524237,0.6472869025270565,7.763437649279921,15.863455927651703,0.4942939042346247,0.296438831716588,188
ID_94,ar5,zero_shot,LamaH-CE,0.8175109154614087,0.8115450829243247,1.3278857849772794,0.6634436751971512,-0.5590012425715746,0.0010533199596804172,0.8352862753854833,4.874560997361708,9.582209500201794,0.26723683019056454,0.19982466696487727,188
ID_95,ar5,zero_shot,LamaH-CE,0.6943800343473266,0.7043196515791219,4.487455794326545,2.1711892382468685,-1.826431460479928,0.0005353076371708634,0.7503283492869951,17.27303663400401,30.524293907773913,0.3676635529210329,0.24389322564215393,188
ID_96,ar5,zero_shot,LamaH-CE,0.9430759846255684,0.9307166767947711,44.337040131197945,27.33612220355095,-1.0476401020590818,0.0005560069733156515,0.9365697089759281,134.36672988192373,129.10170297131026,0.20936794425269653,0.15704877585272847,188
ID_97,ar5,zero_shot,LamaH-CE,0.5971474984957148,0.5685929221394874,0.22574590494150382,0.11670104392072192,-0.950170124769415,-0.001208189969862104,0.6200473863798963,0.864630895186469,1.508424550580725,0.44829926759576544,0.2687172334534518,188
ID_98,ar5,zero_shot,LamaH-CE,0.5611809835247737,0.5453928308437301,1.0966089726712338,0.5615760630286497,-3.1513945029185675,-0.0036275360553348363,0.6073884271295324,4.1258120341327755,6.420917001399571,0.5166724610534432,0.33169328757313515,188
ID_99,ar5,zero_shot,LamaH-CE,0.44983660383800306,0.4818158225692015,0.7964420305447643,0.4161545173453739,-1.9499680117309561,-0.004168612634419259,0.5952351489646257,2.8943589245208545,5.138044034359821,0.5771448986883071,0.3616492753055789,188
