basin_id,model,mode,dataset,NSE,KGE,RMSE,MAE,PBIAS,FDC_slope_error,FDC_KGE,tail_RMSE_95,tail_RMSE_99,RB_flashiness_obs,RB_flashiness_sim,n_predictions
01013500,ar5,zero_shot,CAMELS-US,0.9949229780527736,0.9968985219498789,108.9877443038716,49.89799275199394,-0.08587245389536641,-0.0010083410061699112,0.9981179847932042,152.47028130167243,170.41023577689268,0.29892216094121776,0.3076517108662916,175
01022500,ar5,zero_shot,CAMELS-US,0.7762160591039302,0.8764727772580267,240.28126539159416,115.49154774367888,-0.14134129489760827,-0.007139414663692575,0.956011419348641,818.5234365136477,195.3393403004036,0.7173283261802575,0.6367407893608236,175
01030500,ar5,zero_shot,CAMELS-US,0.989163512777125,0.9901065425673418,373.8364366534881,192.69059133069752,0.33673886834528965,0.0006839780803586035,0.9916876813370028,226.6747015864357,228.10161702838064,0.6204390016163562,0.6276277764210013,175
01031500,ar5,zero_shot,CAMELS-US,0.5059689772970793,0.6874858798848162,521.3303075616828,261.2113129134895,-0.11478591327373841,-0.011849800427166803,0.8486941312157581,1936.5259051106636,2156.4415100111355,0.7956579489763203,0.5983279665140645,175
01047000,ar5,zero_shot,CAMELS-US,0.39084279242542264,0.5856174361729817,938.9514200501951,409.8718059860048,0.23731618464939494,-0.010682820116240884,0.7876310210115933,3603.4603115874775,4733.111806874799,0.893124477712782,0.6459163510202826,188
01052500,ar5,zero_shot,CAMELS-US,0.6576022551898721,0.6927793439227284,319.8707672253038,130.62588899157672,6.676503719711424,-0.0058855489063042825,0.7456824297166011,1172.174925546426,2376.369125677769,0.7892384105960265,0.7138273714624108,188
01054200,ar5,zero_shot,CAMELS-US,0.2615766525814369,0.22185848016692356,284.94929135273554,130.4264188004373,3.877351884443111,-0.011777437226134215,0.3730922319438893,1155.3757713319505,2078.823240109311,0.9771736819727891,0.38810538151468443,188
01055000,ar5,zero_shot,CAMELS-US,0.327219018346554,0.3224370615593707,326.5474520365286,135.4816714666555,0.9448936269046324,-0.010959626499337677,0.46254811514238925,1333.2181707098734,2460.052618430612,0.9533019611375048,0.5234820857352581,188
01057000,ar5,zero_shot,CAMELS-US,0.43728433328883176,0.5871780674731848,139.27966653008954,65.46693118074171,2.5011904033022194,-0.005759762928406721,0.7548580953843242,557.1253409455971,711.1570600081114,0.8142944708357132,0.5748841774518414,188
01073000,ar5,zero_shot,CAMELS-US,0.7662726958438487,0.8508663033415634,9.733595093443034,5.328402429536237,3.5036770486994593,-0.009173264666482168,0.915298044173897,34.444275997747795,52.07317693303853,0.7708097164699083,0.6348212902617194,176
01078000,ar5,zero_shot,CAMELS-US,0.7897198035150232,0.8548010731202326,75.00909168433193,42.215333925168096,2.149433771869415,-0.006963875436357309,0.9062055786880232,216.49994129047553,219.24967321417196,0.7684573874770131,0.6030351692187533,181
01118300,ar5,zero_shot,CAMELS-US,0.437817526984033,0.6787104180870714,5.282018491509074,2.7393354227243414,18.63977797810337,-0.007740697299283814,0.7474625428453472,20.020500817823223,28.204259582066438,0.5136495431916407,0.4601498972236239,110
01121000,ar5,zero_shot,CAMELS-US,-0.2122750711526622,0.26721925222303045,93.53454778109187,28.10628482278846,17.683172721491196,-0.013502528585400903,0.7666663434138326,392.53572652989675,678.196598638639,0.5717898035863741,0.47346149968292167,110
01123000,ar5,zero_shot,CAMELS-US,0.1922314723649886,0.3092515743233788,72.23239444506476,25.153552903935704,4.882427463166195,-0.009180893387424725,0.5739148035414331,291.46269868640366,527.0662649467964,0.6737189899074034,0.41333774647098515,123
01134500,ar5,zero_shot,CAMELS-US,0.582960178158095,0.7668738761618128,143.71612165825093,63.55797459178855,9.342345268456127,-0.006546319398458657,0.8984035749672501,491.5855704338189,888.8407946737171,0.7894783978028375,0.6154888390884007,182
01137500,ar5,zero_shot,CAMELS-US,0.3816241800283374,0.34939412306094975,220.68767046431003,102.27325714418303,-0.05807744120266064,-0.005620373633010725,0.4474437437010401,914.8503032512424,1415.4770320106281,0.7519459791282995,0.41719211210224083,178
01139000,ar5,zero_shot,CAMELS-US,0.537395424001165,0.7116091672375551,109.41142380684009,52.58649452121863,12.960553184283729,-0.003716436610943997,0.7643801802092991,401.071940403255,558.2740831129846,0.6140774947687423,0.508058938068392,184
01139800,ar5,zero_shot,CAMELS-US,0.6279190682187761,0.7315477618391537,7.856853939290298,4.732425563432119,11.177056980774314,-0.0030335348695285196,0.8161680470020279,24.323103346083144,44.61287735639685,0.45901639344262285,0.3950231271608475,182
01142500,ar5,zero_shot,CAMELS-US,0.7112658549861706,0.808117129596908,32.286260060879435,17.614670917664174,12.464764381301617,-0.0029036090562610216,0.8539472771638826,119.62423923545808,135.1947997720975,0.5498565134796491,0.4751017566069834,176
01144000,ar5,zero_shot,CAMELS-US,0.37214928092122845,0.6550125043176755,1116.52353961991,486.72308377385167,7.696711245607406,-0.0033903470287151988,0.898189205456777,3153.086618035829,3615.8097097529912,0.648277057992915,0.4935185207728874,177
01162500,ar5,zero_shot,CAMELS-US,0.8922995146224869,0.9404014559107056,13.994098480373758,7.9334814854910976,0.24047611219052017,-0.004446515389464719,0.9743339775652873,29.40160291268839,31.673597056291047,0.7304051328245456,0.6841606995318348,180
01169000,ar5,zero_shot,CAMELS-US,0.5162925588275652,0.5977684554254039,171.24383993977992,104.8550360100802,10.908713136011482,-0.007785936426549064,0.7058553940386356,575.7869211544514,1035.9141213254368,0.7191077337909058,0.4741732575529645,184
01170100,ar5,zero_shot,CAMELS-US,0.5183881234360981,0.6045725774549227,70.65825940075496,41.98515182705609,9.529003954784962,-0.004786216616292464,0.7148299473734656,233.04577340740119,424.6826678019451,0.6534783593927034,0.46246939610924653,184
01181000,ar5,zero_shot,CAMELS-US,0.4187679150536687,0.5656752081622792,175.05694904777195,99.38142330572687,12.398173778867411,-0.0060862337253149,0.7235109366521867,650.0675158030277,1026.3705470264802,0.6948206258768288,0.4190519920659621,175
01187300,ar5,zero_shot,CAMELS-US,-0.005633053069377558,-0.2716242297126572,222.69611726391494,40.21404600281293,-11.85345988844372,-0.015287823763977222,0.10174851050735578,949.757622205245,1639.5599961831808,0.7880547224583407,0.4181325701729849,110
01195100,ar5,zero_shot,CAMELS-US,0.28832392245506266,0.2481690829533193,20.15456493540922,5.221853017338592,-0.7145583626307948,-0.014986185333651838,0.360686430537677,83.36705293811441,153.66976352509835,0.922902661840388,0.493417438094877,123
01333000,ar5,zero_shot,CAMELS-US,0.7281616697831862,0.7781048142722036,36.08621042437725,19.46552587013246,4.394069927439637,-0.0021975312225446728,0.8320117171169623,118.90597787643821,207.73189046398156,0.5559902200488998,0.4465501124472404,178
01350000,ar5,zero_shot,CAMELS-US,0.44553144384353704,0.49991773712187193,430.3720671081326,298.7557496308604,31.79859561870347,-0.0133292542162122,0.577926465059664,1342.6667000925886,1670.5894465665258,0.8003065240865234,0.3937638906168264,123
01350080,ar5,zero_shot,CAMELS-US,0.2952302270945444,0.5023661189003006,41.61499242892702,23.83594219148241,34.49365889726856,-0.008471455820842173,0.5368850141280532,146.06667584266555,243.883778879573,0.6891372951598798,0.5049128414572124,123
01350140,ar5,zero_shot,CAMELS-US,0.456826352551854,0.5332816088652903,19.08492436803633,11.654733944240988,40.3264362072546,-0.011664271370651874,0.5692455335233872,63.310767600452294,92.86592529648264,0.781651104924737,0.5698385850554477,123
01365000,ar5,zero_shot,CAMELS-US,0.7749441713494215,0.7453941591211983,54.33726641398212,40.18766599254471,12.531666030523068,-0.005842263044448737,0.7659717672170485,148.92726597144613,189.16196097271688,0.6673878835562549,0.4410112852584425,123
01411300,ar5,zero_shot,CAMELS-US,0.8708450181187921,0.8466759306240503,8.131604348643076,4.916758069284226,-1.6965091440731552,-0.004642920668348016,0.8603305881562642,20.47264177837514,16.136227992469554,0.3450205533869909,0.29631126042738437,152
01413500,ar5,zero_shot,CAMELS-US,0.7803997750415698,0.735800722450553,141.91364867251107,104.08523983340005,20.877453953296325,-0.007203164038834881,0.7505901244390567,380.0550341163216,277.07998262207207,0.6711520687217963,0.43558064396001067,123
01414500,ar5,zero_shot,CAMELS-US,0.6758583519197816,0.680216625088617,27.518975797934996,19.347660468173036,23.93105439458724,-0.005843094279474681,0.7123479015357356,83.0670521008299,128.5019797804579,0.6963166206709525,0.44763850632374524,123
01415000,ar5,zero_shot,CAMELS-US,0.7799085443625872,0.7733755944966869,20.835932808866254,15.765638522194937,20.532330057413294,-0.0010908202930320406,0.7887771378414158,54.492139533233335,43.76150902211205,0.6323079350055213,0.4699890233067152,123
01423000,ar5,zero_shot,CAMELS-US,0.8281083215519293,0.8265813632054502,238.2703485433668,167.8092801693233,14.652115780196421,-0.0038814665878980845,0.8435491934886066,562.8667821264198,251.73428308303954,0.6697110035962847,0.5351495811151135,123
01434025,ar5,zero_shot,CAMELS-US,0.5536816400404692,0.568370221690407,4.465566244787181,3.5333095053885275,24.94050221093751,-0.0023388065466025346,0.6079659171117116,11.18745437619267,18.633310981688727,0.5543117351294944,0.3087528749340806,123
01435000,ar5,zero_shot,CAMELS-US,0.5889180637623658,0.5312577003097079,109.93049652157069,83.40473128029826,19.87414842446644,-0.008832524016895552,0.5630888279762224,323.62453293549123,528.2550798214007,0.6350958744915747,0.3182022165066186,123
01439500,ar5,zero_shot,CAMELS-US,0.8598536367257787,0.874789959563862,93.732112919489,53.5344383972911,3.9651405121341012,-0.0049482394996910005,0.8963213765805034,286.190423123838,557.154860624251,0.6345162838246646,0.5199984110560616,178
01440000,ar5,zero_shot,CAMELS-US,0.6220626260891708,0.6850026403849352,86.25644956368555,47.898839189824066,5.949840167526297,-0.007893426966891326,0.7566753138121967,313.5612899387899,509.99221514357004,0.6913483378071443,0.4652927986725199,188
01440400,ar5,zero_shot,CAMELS-US,0.7568287597626076,0.7745274829661472,78.87174899079415,42.03848188990058,6.500630018083116,-0.00918876849554101,0.813231093749008,272.2161178313189,507.62314693093464,0.6612971748212136,0.5083240605948364,187
01451800,ar5,zero_shot,CAMELS-US,0.5027554023039362,0.5529571220740567,77.3694882476217,35.87586562622449,6.9277046414384005,-0.010234827873887986,0.6569886881765992,308.902985394218,598.2375618385852,0.8512680557256405,0.5104132303416848,184
01466500,ar5,zero_shot,CAMELS-US,0.7559231896238983,0.8618227124975264,0.3811510932142955,0.21034468423014788,1.547084104130581,-0.002909205033105624,0.9403955178687554,1.2720075369887813,1.6747160541817454,0.17324324324324322,0.15404068161730067,167
01484100,ar5,zero_shot,CAMELS-US,0.22809919305373783,0.23114067935495697,4.246300678658366,1.3389944908527376,-4.599769476322547,-0.011687026385162152,0.42687141078648694,18.14269843866857,30.135711691315244,0.5803025733017955,0.2621780848017289,175
01485500,ar5,zero_shot,CAMELS-US,0.8924689864049375,0.9229709404887838,30.581455429657623,11.8008974145537,0.6147354402365308,-0.00704751502733076,0.9454202623484634,122.68958301784308,21.851375949267076,0.9608434906819182,0.835112249414052,188
01486000,ar5,zero_shot,CAMELS-US,0.6340808327570324,0.7772815528537128,3.221894991480397,1.4636700030020224,1.6387508213287787,-0.004986285700967891,0.8970438814965837,10.901303274489177,19.121068400119245,0.6877771674325753,0.5600741747226994,184
01487000,ar5,zero_shot,CAMELS-US,0.7690948533635988,0.8777516797912732,28.631460336455433,13.855914587080578,-0.20694146662885401,-0.007014794803656589,0.9470288580453385,104.62309615589204,112.96446619334499,0.2694805194805195,0.22287435547319326,184
01491000,ar5,zero_shot,CAMELS-US,0.24802198542228449,0.1960632155597788,292.2212698779949,85.66498678957382,-10.049070159136315,-0.01909502305105394,0.33066022624716374,1261.4756519105135,2612.950701137931,0.7729743484405802,0.3763851509111219,175
01510000,ar5,zero_shot,CAMELS-US,0.509781072228066,0.517579780854516,239.0086873848513,100.04904256191487,8.064657720905398,-0.004338860089337395,0.5838311036709645,934.5689115154356,1868.9061840560564,0.7118922397532343,0.48795693264565426,162
01516500,ar5,zero_shot,CAMELS-US,0.3211472842860267,0.530234726235368,10.098678329079963,6.260689671270229,37.28038054126069,-0.028715874694657154,0.6084467165283228,33.57611813301513,38.8566044639768,0.742751352229728,0.5110953534856649,184
01518862,ar5,zero_shot,CAMELS-US,0.2745709764722757,0.5926075139771272,101.25418780595618,43.211552836241815,16.195013975221613,-0.014275603052008746,0.6495016329588248,413.4211807624515,786.7157842562268,0.7821231516221584,0.6087860824458239,177
01532000,ar5,zero_shot,CAMELS-US,-4.744771359331617,-0.5432104809162799,790.3640840330187,187.71926840254721,3.918324066919151,-0.023518539791799856,-0.28391635379604097,3453.0117234071754,668.6053558162017,0.8245872858298404,0.9435202658440516,177
01539000,ar5,zero_shot,CAMELS-US,-1.8487770713844967,-0.009350791192663799,764.416909826793,201.59934579575577,-0.4471153401772242,-0.007652056196181849,0.34469935178543354,3228.5436863851596,7139.934774858506,0.6643220007815553,0.6298768727770812,188
01542810,ar5,zero_shot,CAMELS-US,0.7163033455665463,0.6855050491786923,5.912480879556354,2.9694592016105457,4.894504876729168,-0.02032713879581013,0.7190438861676605,20.96461100942002,28.061323872028428,1.0013169984686063,0.6746615228498993,185
01543000,ar5,zero_shot,CAMELS-US,0.8440768690481265,0.786895182547327,203.5755376155242,116.55088363009662,3.7890699423754826,-0.011789076008090222,0.7993356690637373,740.6653883061275,307.8261303040419,0.8498604166237971,0.6220930393536078,188
01543500,ar5,zero_shot,CAMELS-US,0.8460191635988489,0.8117261542095733,467.07850397341946,264.0206523890836,3.9457938114233073,-0.011857094247494128,0.8272631317930651,1525.0942307931969,1173.1264473558945,0.7614167805289876,0.5883858352267581,188
01544500,ar5,zero_shot,CAMELS-US,0.9179432439760954,0.8561994732968914,82.58911978374138,48.294881088354295,0.9844116152350373,-0.009873098576822278,0.860668689225509,228.8235003033681,152.83383023157293,0.7863626300642019,0.6387452762924407,188
01545600,ar5,zero_shot,CAMELS-US,0.9075081968102916,0.8755139623450311,30.857480429483815,15.315255197086296,6.17161447334062,-0.010151572000618083,0.878833160043429,112.72929796343482,227.1581676161045,0.7688661912154002,0.6770398181939704,188
01547700,ar5,zero_shot,CAMELS-US,0.7641425087490409,0.8307811865793056,31.269710110160236,17.65273315105973,12.108907077463508,-0.02574436458479168,0.8711823873548391,98.91424229374731,169.07693574600557,0.8125110209839533,0.6162585513030023,188
01548500,ar5,zero_shot,CAMELS-US,0.9301840956700107,0.9227207039000325,273.4449635522722,175.53847399143447,6.955086661098743,-0.010402417815945392,0.9288318103559197,795.8688007788345,1193.2423428893483,0.7266363904294939,0.633565863074372,182
01549500,ar5,zero_shot,CAMELS-US,0.8163838381452865,0.8124501502181346,29.780963695016993,20.110756892891235,14.376841029146568,-0.015453348299763647,0.833391615142355,82.89984792706338,77.47261629086694,0.8356798908672591,0.5913638074617749,182
01550000,ar5,zero_shot,CAMELS-US,0.7815552140983485,0.7490208439242586,150.10249399454415,96.09582934468706,11.112874606415915,-0.014527803547437011,0.7725944381388112,501.8166302581436,716.8603901165617,0.7537155883290528,0.4901720377886723,185
01552000,ar5,zero_shot,CAMELS-US,-0.8863333910704698,0.18118790845258748,1314.1963553362166,377.6921291019038,0.6674792926956816,-0.010525015560563818,0.5853208766101246,5564.701743889102,1424.5899512236756,0.7824506786310459,0.6458340152049113,188
01552500,ar5,zero_shot,CAMELS-US,0.5392218980902844,0.6641493456855665,31.707302591236633,18.37362260169884,15.174847348355007,-0.01231937746043253,0.7723163353358351,109.1716892578177,219.18785863260288,0.6901645408011075,0.4468615431671207,188
01557500,ar5,zero_shot,CAMELS-US,0.7540999621457971,0.840799559695602,31.355570904122303,18.21552044934354,8.2233034461654,-0.009971339546364897,0.8978969125075189,97.09694066481836,125.9277620101437,0.6930220447838916,0.5448729205480186,188
01567500,ar5,zero_shot,CAMELS-US,0.41787479412146455,0.3730196241605186,66.82853087006164,13.882479444160673,7.8395234276015815,-0.011129462050559709,0.4348180441600097,287.0154083530827,639.1503235683449,0.9136067694061426,0.5779301410042842,188
01568000,ar5,zero_shot,CAMELS-US,0.6208566222426293,0.7151111272641172,309.49420914356193,146.95928841694655,19.786530235172208,-0.013958098689788128,0.7904129417665743,1213.2836327972502,2274.6770024888983,0.8409859920405337,0.6085964238100918,184
01580000,ar5,zero_shot,CAMELS-US,0.2203235171129,0.484410297489819,91.35643533471173,45.585894000956245,5.600507816570766,-0.008646996091136018,0.7742251648194727,325.28748241686844,518.8949006014648,0.4265382515791936,0.3124242784648917,186
01583500,ar5,zero_shot,CAMELS-US,0.1305205191403188,0.42028313825476904,56.95312885444708,28.33184525804444,7.160227191928183,-0.009074056175928422,0.7423805471451184,207.9429359063191,382.74061626492363,0.3894852738783375,0.2898351278544048,175
01586610,ar5,zero_shot,CAMELS-US,-0.5353917182443251,0.36660029347642453,38.5733992616345,13.727675372892492,4.599923854392326,-0.008130024062813651,0.6458614199925061,162.71959901051497,159.6220482769711,0.43084110601216014,0.5127818139101453,175
01591400,ar5,zero_shot,CAMELS-US,-0.4426484287398591,0.23567030193187766,27.105285831411464,11.764964645156127,3.844861059507889,-0.01198700076049542,0.7188539040600992,78.18008528623322,155.69046197722932,0.4541257559009038,0.4005897796064623,175
01594950,ar5,zero_shot,CAMELS-US,0.5991293791354187,0.7723447327826041,2.659138708271538,1.2918959909556538,9.380551767188923,-0.009428720152308636,0.8973000356446578,9.999219818991074,15.130005929027693,0.72445797664225,0.6028952113571907,175
01596500,ar5,zero_shot,CAMELS-US,0.4263241658085719,0.7033366365282037,78.9993126713963,32.51772014142856,11.91180150601702,-0.02220155473482809,0.836154123689133,318.12847050194006,569.4160681159943,0.9334468637229858,0.7689914292159005,175
01605500,ar5,zero_shot,CAMELS-US,0.6492106888317843,0.7018243977966276,94.3802435057433,41.09994233354715,11.086150291474924,-0.010986444881676622,0.7662162584830639,347.91003549302945,625.7147738045227,0.6330037664783428,0.4803444968552619,126
01606500,ar5,zero_shot,CAMELS-US,0.6845079567548324,0.7243702781378434,380.58856519109406,183.97228641668764,9.471644411040575,-0.010967218451908987,0.7814758052793751,1465.5585698814396,2323.827510537838,0.6539732622502686,0.4912541853937009,128
01613050,ar5,zero_shot,CAMELS-US,0.8580022738047918,0.8083201397464798,5.5266598374842975,3.9790880137734894,15.739975828885532,-0.019417168186723326,0.8190566622454304,11.686071571540236,7.418710112263043,0.9225329686797543,0.6672711020010966,188
01620500,ar5,zero_shot,CAMELS-US,0.27237003821365746,0.5452653899338287,32.31071699610986,12.332590845587386,22.52760699521828,-0.02585081769489804,0.5903996176886372,137.0692729728658,195.05438052927906,0.9243757691654508,0.7629633852360613,180
01632000,ar5,zero_shot,CAMELS-US,0.596398675270913,0.5188207723808742,164.48387107264637,100.86871164320245,16.839189713993605,-0.0213425455504111,0.5565285327505456,602.5988509162675,723.75041924735,0.9614789903843988,0.479220621171366,132
01632900,ar5,zero_shot,CAMELS-US,0.4907801194579289,0.729650457470185,36.120455587637295,15.536681072728001,12.76472975634521,-0.007170260153507699,0.838154759073184,144.34686931198246,254.8408836057649,0.49905067912954576,0.38887951441318425,126
01634500,ar5,zero_shot,CAMELS-US,-0.16261185502216735,0.47005504951554056,152.31233745854473,56.19256044306144,16.71582992679359,-0.019199099923539187,0.6747051968517557,649.406311904716,1272.8540591983372,0.854774029472064,0.5292074333196306,177
01638480,ar5,zero_shot,CAMELS-US,0.17080254411326534,0.5304039421992943,142.0147105905328,55.72130849412861,14.274008633837688,-0.02124347815783053,0.5629567318137529,601.2094520145778,1112.8075739800556,0.829546802385137,0.5737875129738447,177
01639500,ar5,zero_shot,CAMELS-US,0.24073274035157244,0.4821783708573727,110.8957239951736,55.92278698474063,9.353556575890888,-0.014561508763164263,0.7456055548275984,436.27516253386364,678.8646356601814,0.6535544187687423,0.373951232027126,188
01644000,ar5,zero_shot,CAMELS-US,0.6721256343567297,0.7824152960268489,204.62638043815508,120.61979607074468,9.281596853244684,-0.018963714542618172,0.8592533404286418,685.184419206017,1061.652444533045,0.7054625524310826,0.457640462731845,177
01658500,ar5,zero_shot,CAMELS-US,-1.054790367335933,0.08904872492404059,10.526051871162469,5.0938140018602205,47.621160543018725,-0.02277857536971206,0.4297028784836795,30.61594215393603,46.24172371774267,0.9070191744982616,0.7512831414413859,186
01664000,ar5,zero_shot,CAMELS-US,0.8387367440325302,0.7175972725683863,386.55307578515556,198.76561887209093,4.195825164062161,-0.01089229766208336,0.7221570482186326,1496.0060844026123,2659.9021164747382,0.6786627935763918,0.4861071818071409,186
01666500,ar5,zero_shot,CAMELS-US,0.5292958442714094,0.7106256210453963,115.02361034665464,68.66825512824347,17.809801052491107,-0.010737908522737247,0.7630429067504249,365.1578943350446,718.2173253902333,0.48585031830096825,0.41243783393323996,186
01667500,ar5,zero_shot,CAMELS-US,0.8158099911107548,0.804396459569182,257.506109400318,173.9704228013743,13.353711977614132,-0.013136275807260438,0.82533042562234,681.6617365232041,629.6485656149961,0.5910415954645062,0.4390317902899284,185
01669000,ar5,zero_shot,CAMELS-US,0.6013927372046064,0.7864002614850132,30.55641598230663,11.940346776289772,4.011516033798269,-0.012942855782242798,0.8754883810555335,127.25194284066568,224.5800812059629,0.6730189856493448,0.4912530016433776,176
01669520,ar5,zero_shot,CAMELS-US,0.8369435926583754,0.7740105409714767,65.76619255830406,21.40338933916472,-1.9249170029227654,-0.004242190521683831,0.7824550436913971,275.3676991282826,478.2337961691905,0.6662990051722477,0.5736830523272354,177
02011400,ar5,zero_shot,CAMELS-US,0.5871035730216572,0.763398571542701,112.69835552948285,47.45284447254251,10.10305095250459,-0.01304900535902469,0.8667449647558203,473.0660373266476,828.9899823911558,0.725857235281432,0.5697422227146557,180
02011460,ar5,zero_shot,CAMELS-US,0.17044780574992358,0.5667001270997369,107.19602121880017,38.516124108954386,16.39779660188643,-0.027475109377627493,0.8079205085007547,454.82220130694066,709.5788817203421,0.9119775310000973,0.6596095124555159,180
02013000,ar5,zero_shot,CAMELS-US,0.5735646492630501,0.6220252479835113,129.61913903688185,61.49229279884519,20.477813821151482,-0.029658328409045524,0.7009761761499369,517.1925661626152,1010.9034634271088,0.8144345727761325,0.5690340765826964,188
02014000,ar5,zero_shot,CAMELS-US,0.7359945863415962,0.7846565611816386,87.13557373396425,42.14796359046847,13.169007836081235,-0.015802872916047792,0.8320939647969042,337.0169501169312,660.4932330073152,0.6626562868601085,0.5553585132412546,188
02015700,ar5,zero_shot,CAMELS-US,0.3147139966522081,0.6248601473334787,132.7111921981022,59.40213948088853,21.160911224149594,-0.015978002418174354,0.7486237453260023,537.4717637117001,699.2440245930768,0.6570520755962697,0.5393193901005219,184
02016000,ar5,zero_shot,CAMELS-US,0.5995502586817213,0.6055674051835858,426.9950313077242,209.24087296914146,5.570547076128441,-0.019388298925922476,0.6692746035575031,1654.5633774380651,2844.7777649653303,0.7729502866938582,0.5440654476663035,175
02017500,ar5,zero_shot,CAMELS-US,0.8302883748563397,0.8422301299183068,52.019593340620474,29.14870449933983,11.537035440608463,-0.015246086360905218,0.8654559459019606,185.61076893970812,294.0345715880912,0.683959435579306,0.5973433947792125,176
02018000,ar5,zero_shot,CAMELS-US,0.7206136997434422,0.7636382084192173,231.26970337381871,113.36133282728518,9.550682776777203,-0.01871555394379426,0.8154578346763137,893.0291461682041,1538.7427414580693,0.736136355842107,0.589490382754094,175
02027000,ar5,zero_shot,CAMELS-US,0.4177173731470919,0.6122406654779917,120.26749132044492,47.05351420057498,19.048670691513898,-0.01547974643425817,0.6510034428112808,490.3693371711518,738.1598003023487,0.5893601190476191,0.5410657706380232,184
02027500,ar5,zero_shot,CAMELS-US,0.5903387422263744,0.6031357630550875,63.61201263304343,22.50186079631988,15.636969868591832,-0.009810796801881978,0.6072153391465046,261.32922988003935,558.0988616175873,0.6310222136743917,0.6250614742331009,184
02028500,ar5,zero_shot,CAMELS-US,0.6063505863936154,0.7603498283734237,74.58026593061246,37.2359768872447,15.75364142924783,-0.011506686977597737,0.8249603198517337,278.39920511326926,604.044555020859,0.5414669115999821,0.4360591033856432,184
02038850,ar5,zero_shot,CAMELS-US,-3.1438088383625793,-0.36664389488530613,16.519964445043446,3.7890214166416523,35.30789834288832,-0.008657823122208726,-0.20936784635211758,68.73075965522462,149.3564512151578,0.7081464172737995,0.6642767840406361,176
02046000,ar5,zero_shot,CAMELS-US,0.5104222298722879,0.7273071863259,80.93911418857061,31.58164405226698,0.6583990489233086,-0.0164170817910661,0.7807042302023325,324.5658980933232,495.63033658826305,1.0141198966489937,0.8655324358343811,188
02051000,ar5,zero_shot,CAMELS-US,-1.977472293442656,-0.0919790094142181,127.53153930604239,39.62416706520967,43.30343870076135,-0.017390357591852364,0.18318248304702034,522.4120023268403,542.3490102515033,1.0311353201320435,0.8365241579761381,184
02051500,ar5,zero_shot,CAMELS-US,0.7019530696333474,0.6230055149750866,463.45107438290376,194.98072239830273,-11.926127042362584,-0.011629329986637103,0.649129023673509,1750.2302010512028,2719.265213742987,1.134865382759619,0.7987630438623523,181
02053200,ar5,zero_shot,CAMELS-US,0.9138566701292824,0.9307883784005283,88.4965664960278,39.60980801375971,-1.2084319462199895,-0.007436210567007752,0.9464110871400898,280.0882890335891,86.8928748171649,0.9032197089911214,0.9404295972562409,188
02053800,ar5,zero_shot,CAMELS-US,0.8101491400256221,0.809402340692488,47.22158888310573,29.023734099336625,8.971535127602234,-0.01260912577942743,0.834534114245942,141.28484029049739,157.62641024798577,0.591241679044947,0.4587119748274121,185
02055100,ar5,zero_shot,CAMELS-US,-1.161896324090606,-0.051931095463084054,14.427334407990072,4.629460464817405,28.823164105991005,-0.016037735769693043,-0.03816915135966492,61.22239388576333,119.2410035162278,0.4829461457233367,0.4709933313208293,175
02056900,ar5,zero_shot,CAMELS-US,0.572027155247774,0.7516701811910895,53.311547361222225,31.618716154643284,15.94138460576029,-0.006999954228233149,0.8392442889949059,176.88461822934102,252.39518578138495,0.44330413016270337,0.37284736305080635,185
02059500,ar5,zero_shot,CAMELS-US,0.47102875571521197,0.5673534442583817,98.23084910826948,52.824609737734846,10.996286637995416,-0.009242031004871034,0.6912273262088259,363.1984352634262,656.8920872921105,0.5489509172411196,0.3385741249259198,185
02064000,ar5,zero_shot,CAMELS-US,-0.10786233089704766,0.45349375666855307,125.18650663461216,45.14452252639122,17.449151580517125,-0.01145600205352709,0.8142422836487998,518.1410559532429,862.2626387722797,0.6362381466810707,0.488125978641245,186
02065500,ar5,zero_shot,CAMELS-US,0.8538014193708013,0.7456503187382737,55.440524853859266,21.302124807235053,13.553176882072115,-0.003923286887570539,0.7477544726402523,223.93250247709798,431.2711476166577,0.7335101504598072,0.7567388597169167,185
02069700,ar5,zero_shot,CAMELS-US,0.3570217719962342,0.5831942351073947,68.30631423976546,29.70893629511636,6.483358089849717,-0.00372316101597755,0.7997878655835207,271.3490633938582,499.9536606251995,0.43611499301257733,0.3224225611694861,185
02070000,ar5,zero_shot,CAMELS-US,-0.33168871402093436,0.4278384891421364,83.38970829354508,31.051661232044175,13.771193292185215,-0.004697716471238686,0.7226955999952591,340.89302998563113,703.1632218798695,0.39184488166524095,0.33673511942601303,185
02074500,ar5,zero_shot,CAMELS-US,-0.29667976378054073,0.3785616881397744,123.90586861788412,33.24452571787403,10.293593597466755,-0.01061168584559094,0.8825229831944247,542.5065768079387,882.7024367948248,0.6261494625048568,0.5443254626112216,176
02077200,ar5,zero_shot,CAMELS-US,-0.2815966210327032,0.32046421652385393,108.50948131945569,30.336581262034258,11.68774416044924,-0.020424088695222553,0.8692558619605047,427.3834082433981,739.9726425892878,1.2015267988021692,0.9155758042398102,175
02081500,ar5,zero_shot,CAMELS-US,0.26752853077772165,0.3420271039749705,377.57543408570024,90.6739531274267,-15.709296248154496,-0.019672529676806393,0.5465755171952811,1666.0994322180077,3354.648398299033,1.4627188255263017,0.9052565950725814,179
02082950,ar5,zero_shot,CAMELS-US,0.147540351739189,0.338255132220289,197.0135598104867,64.83003508194831,-29.135234405330202,-0.015521163122798012,0.4782294294894621,641.3852737323774,1137.4917356779283,1.1103000755156927,0.9693028418729758,175
02092500,ar5,zero_shot,CAMELS-US,0.9474002800526146,0.9488213825537704,43.57176460324798,21.452129684967538,-2.347351238954011,-0.008318848613487664,0.9558110985171964,101.6493782257635,198.71348013701513,0.7970266302690873,0.8173672722852141,175
02096846,ar5,zero_shot,CAMELS-US,0.044576415516203394,0.4371348147292793,11.837142540283024,4.246319868829366,2.280548747021065,-0.044155552092080844,0.8554297783134233,48.44507207868007,83.37099248957672,1.3496387584932872,0.9073987974078114,175
02102908,ar5,zero_shot,CAMELS-US,0.49921714258727445,0.5571070804090732,5.151407782264861,2.708347740783604,-4.060190787129661,-0.006956336276987403,0.6624402558950848,16.77094701243362,17.588007621886728,0.5481727574750832,0.3354492353103384,175
02108000,ar5,zero_shot,CAMELS-US,0.9649531086983744,0.9444794343604298,136.70453828019888,66.20449932297885,-3.203495658835675,-0.00200112781317276,0.9471192786481534,332.56559348991874,213.6426721752719,0.7260707596911913,0.7323776025785487,175
02111180,ar5,zero_shot,CAMELS-US,0.2725205319026959,0.5084450270158309,94.29974432980093,32.402558661568555,5.138451324222111,-0.003949796072318995,0.7706688953230127,401.3995830776407,751.7205335781197,0.6103708359522313,0.395981686438752,175
02111500,ar5,zero_shot,CAMELS-US,0.1726689631196181,0.5066676045428558,142.77987820847494,39.35618255339903,3.468916255566609,-0.0050608703614745745,0.8517773840759191,594.0954958108766,1092.1070700434902,0.40704635761589403,0.3796079475150135,126
02112120,ar5,zero_shot,CAMELS-US,0.5541358925860943,0.4556165263817141,143.24695355339682,61.19197075598412,-0.7245968566910397,-0.004406858789287284,0.4851523581596302,580.7533541178219,1046.1971258672256,0.4905976362505383,0.29627977749116996,188
02112360,ar5,zero_shot,CAMELS-US,0.6754693356598516,0.7588198238505829,61.27938548326655,26.419280313899574,3.8371582710617815,-0.0030322246103002834,0.8351340750608534,229.07958074078203,476.1978232107842,0.3865140760826222,0.2863931311675731,188
02118500,ar5,zero_shot,CAMELS-US,-0.12656607745783277,0.2504724807560348,263.00507178107387,78.23943471618242,3.3978404635255792,-0.0031905204341635893,0.7499126493558685,1114.9840105038224,2063.7460171930784,0.5816429718636607,0.39168193781310034,188
02125000,ar5,zero_shot,CAMELS-US,0.055197067846334935,-0.11742678686560226,174.80473938725927,44.44389436228969,-10.34074692955063,-0.05962441361271481,0.1705386483251623,750.2475299716658,1612.608068057221,1.4335424470247435,0.37581939436220463,188
02128000,ar5,zero_shot,CAMELS-US,0.4399168609330809,0.41360790076708676,167.7061972955681,57.11971749580569,-10.48699624774221,-0.022907825107958912,0.5018428288803833,665.6341072273084,1158.6408809534003,1.2411026732839074,0.6722694860913818,188
02137727,ar5,zero_shot,CAMELS-US,0.024644172076282778,0.5407835430656927,198.35460702516212,61.213547457640985,7.450370200111737,-0.000988040920262655,0.8883080422446276,837.8327701161866,1020.2680594914694,0.396225953301679,0.377058795328903,186
02140991,ar5,zero_shot,CAMELS-US,0.36799577033175823,0.6360206809006241,368.25350812466377,142.19814901747787,4.124825900216389,-0.0046599960941696526,0.8618630762353203,1558.260287863208,2555.8804670983823,0.533714062303643,0.4138764241991315,178
02143000,ar5,zero_shot,CAMELS-US,0.19684146737426578,0.3690963651330672,144.69945963327152,44.67115882161755,4.0955477225554455,-0.002386434805714866,0.6437378171806334,610.8557570351032,1213.4634080110002,0.6333318398375076,0.3901389664873519,186
02143040,ar5,zero_shot,CAMELS-US,0.17246327324369537,0.22418629054312067,65.23603865139707,17.685208069606492,-3.074655609642334,-0.00394523648730535,0.48385710334712995,283.75438637172147,566.1374021139605,0.736698185167595,0.40048401988908633,176
02149000,ar5,zero_shot,CAMELS-US,0.3940986047902364,0.6201776089423103,66.34598845585673,30.325476428556936,7.469247153999235,-0.0016973958596657526,0.8274316103394836,266.926949027668,455.77652809493526,0.34398929790571087,0.2875411392386923,188
02152100,ar5,zero_shot,CAMELS-US,0.3037708030069671,0.45878605621289514,87.8008997698232,30.705304847646094,3.5598140731737336,-0.0014637003098903895,0.6670584867145201,366.64337435985294,572.2429298721694,0.5804706708816297,0.3490327601253136,188
02177000,ar5,zero_shot,CAMELS-US,0.8427278039273387,0.8823439435318617,192.13394294418816,105.3046847500911,3.1467152237643035,-0.0029746500662895317,0.9128041990971233,658.7513377787918,909.2688492237324,0.38365976496922216,0.3364783929507351,178
02178400,ar5,zero_shot,CAMELS-US,0.38802596572972414,0.45018447608933476,86.13514450258533,34.40270386017755,1.8927598683026607,-0.005788288299449589,0.5957884525637699,339.0087769445628,613.5619088848239,0.40432372505543235,0.28386756666671403,126
02193340,ar5,zero_shot,CAMELS-US,0.04845787719922856,-0.1497184220512191,60.94874737128363,15.862926264987438,-26.647111404335227,-0.017352868325140023,0.11763874062714241,266.5155804095982,515.2682693439324,1.3999164199402192,0.300296374584187,177
02198100,ar5,zero_shot,CAMELS-US,-0.36444789310920145,0.28058770903547003,68.60715720883785,15.97256596247235,19.88750513985457,0.02279268416297397,0.31017470933773406,296.95799765377654,595.2572959144295,1.0618074295228799,0.9546312373526092,175
02202600,ar5,zero_shot,CAMELS-US,0.8601567140218959,0.8423367974553726,77.25778249109148,26.20191949391123,-8.133262507343954,-0.03282740371747453,0.8588129702048687,281.64721595833174,559.4150732208274,0.8694541211237561,0.8697198811585223,162
02212600,ar5,zero_shot,CAMELS-US,0.16762219661262912,0.07609371015560595,106.79600922130658,35.420424421319225,-19.489216592348306,-0.034715531150434104,0.25204061923840304,460.27592183251886,731.5695216978025,1.192609986504723,0.47213591797286547,175
02215100,ar5,zero_shot,CAMELS-US,0.4354924138875683,0.6972958096619839,203.09456681245578,57.9876011359365,9.065085026756288,-0.02858684303873741,0.7948362573480457,860.8098900563123,979.9154698100411,0.7320672507104199,0.8397823209947612,175
02216180,ar5,zero_shot,CAMELS-US,0.3850902947800231,0.38239481220689575,74.03350689057498,18.954777531869134,-20.66102542919118,,0.500072484308736,315.30314456003555,637.1917183343056,1.074603064984964,0.7844806762491897,175
02221525,ar5,zero_shot,CAMELS-US,0.28894813224527705,0.36212364770665895,147.35419368868088,47.47081250047556,-0.5219367633735706,-0.014824681914695756,0.5548025850536891,582.5630853556414,1089.3732950359522,0.7881050383316112,0.49179233512798615,184
02231000,ar5,zero_shot,CAMELS-US,0.2542491409059985,0.16821486235392769,1579.3333767956303,171.34987646734945,19.081554173664443,-0.016270812589911775,0.16823457578559864,6972.596357058861,14781.848697129068,0.8994665138221419,1.0592265534985605,176
02231342,ar5,zero_shot,CAMELS-US,0.9139109130749086,0.9510736333264627,20.43010075928302,7.607779231643075,0.7094287692125703,-0.007297598709740963,0.9728005679917497,78.6024135853278,122.11842978328396,0.6250504014838197,0.6098917964969357,171
02235200,ar5,zero_shot,CAMELS-US,0.987655117585385,0.9809473432190285,3.6919204375330272,1.7736140994087848,-0.062452450012620425,-0.000892494096716899,0.9818262303389022,10.595021480007807,11.948088475286303,0.26061256340226296,0.2989454538508887,175
02245500,ar5,zero_shot,CAMELS-US,0.935124473198733,0.8299735784279829,110.75171674738887,46.1153638802826,7.655828053233208,-0.005089130420711397,0.8308560286809896,449.2778888513515,728.7731729965265,1.0536907162744893,1.0092011405613914,177
02246000,ar5,zero_shot,CAMELS-US,-22.51228943655265,-3.1522786517850667,2202.235536334299,218.08077987544135,95.90714457105382,-0.013781982083244864,-3.0796752519149226,9469.711739073848,21173.226535665995,1.011583941942091,1.4036213831417503,185
02296500,ar5,zero_shot,CAMELS-US,0.988848871178793,0.9878802831687401,43.6551705609228,20.048986527015824,0.6910150971588978,-0.007101071846582846,0.9888104681262061,117.51347809318055,232.41085682593453,0.5949319961829294,0.6167092740245119,177
02297155,ar5,zero_shot,CAMELS-US,0.7795223272514772,0.8549735676082235,28.99318313573388,9.813750852793673,-2.996836524428041,-0.022796813394152016,0.9122638833515477,117.02135269143204,204.3008583031161,0.6357395302962794,0.5911686734390152,184
02297310,ar5,zero_shot,CAMELS-US,0.976749226467055,0.9406340889960879,38.09102501190251,18.191743733351526,-2.4909164560356496,-0.013580601356851761,0.9415346217593895,124.58340381257567,109.08395269900792,0.6653018743688222,0.6312293383782436,177
02298123,ar5,zero_shot,CAMELS-US,0.9852254205078025,0.9732313671539056,48.910653115472165,23.917211082041707,-0.6553248507375385,-0.004525025250407384,0.9740728800746666,119.50537597413259,248.3888752755187,0.5507464578300295,0.5349206393020619,188
02298608,ar5,zero_shot,CAMELS-US,0.8844363909799795,0.9225887090192741,83.27180174675533,32.138909079235496,-2.8761605672690993,-0.020870531314391497,0.9493381727772269,299.5512963511253,104.15244628818937,0.9019991373516695,0.9033439513395318,176
02299950,ar5,zero_shot,CAMELS-US,0.4402434799570655,0.3880084518253988,140.59822856017783,48.28130874203941,-19.41219657417109,-0.021658491151501875,0.4667334615212807,589.3778918883443,1016.9749170062045,0.9385239837445796,0.6736383276814817,176
02300700,ar5,zero_shot,CAMELS-US,-7.53737952768495,-1.1733959137657108,152.2418408973518,22.954044234290283,-28.864974757395437,-0.01639693194014523,-1.1365397854285728,93.20697594451691,100.36711196665969,0.9356956657262605,2.2034545668008385,175
02310947,ar5,zero_shot,CAMELS-US,0.9912446664732083,0.9915834367441226,15.095919551493347,6.8262254182158,0.5152860315820229,-0.016623526503563114,0.9926719946783629,34.62025482280302,9.42581556336836,0.6133660779745631,0.6230665799804842,175
02312200,ar5,zero_shot,CAMELS-US,0.9804719779917686,0.8962223885330175,7.246723061826288,2.5702631558677864,5.686023829150217,-0.015760923213702774,0.8963077790652194,28.384973034750203,54.15372462878585,0.5073102315875895,0.5395863610304255,175
02314500,ar5,zero_shot,CAMELS-US,0.9470846302755092,0.9464437871403052,244.37797146117714,38.62947423873652,1.8405247436730672,-0.0012584379706223614,0.9521139237583233,1067.720741087355,365.9392677637674,0.3275432183952308,0.3691296539929571,175
02315500,ar5,zero_shot,CAMELS-US,0.8947816878948859,0.7728453629332517,984.2504408250522,131.88924141707864,4.713358193766887,-0.005773767637560781,0.772872944349795,4340.216894529763,9145.364270115151,0.4226436886194775,0.48602374000530724,176
02324400,ar5,zero_shot,CAMELS-US,0.9251728159789814,0.9093592744046923,27.120058249458978,8.087289482153722,3.530440480469698,-0.008055760677737639,0.9116468523100024,108.02126062016589,226.90264091553502,0.5795446599846173,0.5962277888032912,175
02327100,ar5,zero_shot,CAMELS-US,0.6592711481232288,0.8179334702254037,201.9317708755693,52.32450202075688,5.9265117755311065,-0.0352074779974072,0.900818319974292,871.0102341441112,976.7349416157856,1.0191229195143225,0.951684732043018,176
02342933,ar5,zero_shot,CAMELS-US,0.2117358816907604,0.25062632657845074,466.1070851776772,146.41304303448914,-7.521450764218913,-0.0407802352103679,0.47865883711133106,1972.3341543355632,3753.058012340893,1.310148707293938,0.6313639435959172,188
02349900,ar5,zero_shot,CAMELS-US,0.35059217177711355,0.5040881695280801,57.43658564408625,14.7095808986637,-3.7365453448452763,-0.01746096050319185,0.7044606263353477,234.01240414281614,451.90149869497844,0.8173819487398528,0.6242170961889666,175
02350900,ar5,zero_shot,CAMELS-US,0.8206897353825858,0.8915222554637859,194.08272976295007,58.91759609344668,0.2238747783621912,-0.003101762871826553,0.9240800212879872,801.6981185642835,786.6903242420349,0.5117678067536978,0.5690917029626673,175
02361000,ar5,zero_shot,CAMELS-US,0.8164845284295225,0.7982219714012857,516.0118730398724,167.2785888414806,-5.397289870854907,-0.005223039846778032,0.8202200149230684,2132.30864565889,2601.3762655791147,0.7450090014788143,0.612528872212335,175
02363000,ar5,zero_shot,CAMELS-US,0.885827833467058,0.82882486025816,251.06729300808558,96.99042925017102,-3.1175538377997896,-0.011762966277860762,0.8368787097582429,990.842673849308,1619.4516379171694,0.8758562666376489,0.7610526857374166,176
02369800,ar5,zero_shot,CAMELS-US,0.7342440052274799,0.6282655827007169,79.6635348778331,27.317568052206273,-1.4426427309227339,-0.007922962671859228,0.6410178303997147,331.3433491405623,608.1058604460304,0.7056798623063684,0.5322936921489635,175
02371500,ar5,zero_shot,CAMELS-US,0.8866011709881528,0.8284010631764924,239.35879850297542,78.94987830783312,3.865761783771947,-0.008638308089534565,0.8301181051399021,991.7901473492282,1927.6011468029467,0.7440561087630687,0.7853307227340858,178
02372250,ar5,zero_shot,CAMELS-US,0.6641259517028643,0.6661806009825016,365.69132780819604,112.5688734046075,8.74502629400898,-0.008435695676166165,0.6707573114002856,1555.2843678422919,3082.1240688221774,0.7210634246374689,0.8535865545606987,178
02374500,ar5,zero_shot,CAMELS-US,0.75768410489307,0.7833168356000114,87.50370327514624,45.07509214373227,1.3631482279536336,-0.0023040466064091457,0.8250336262048533,312.85670794311267,320.993575033041,0.5194749300624059,0.4488111107998366,177
02381600,ar5,zero_shot,CAMELS-US,-0.006966650028876309,0.13727302251599782,26.988204303314834,8.897633410438232,7.586535687293875,-0.0061020146402807375,0.5377186626451141,103.39380737965368,225.09951041501165,0.6777448071216617,0.3372195374796384,184
02384540,ar5,zero_shot,CAMELS-US,0.3277804574534944,0.4677189752171329,17.08733255320032,7.1782208195950155,7.430285785942118,-0.013922927802116715,0.6677671542017867,68.67566466430229,114.36236075262707,0.6907292673222305,0.4704426215043544,175
02395120,ar5,zero_shot,CAMELS-US,0.342318640275603,0.3697232265373068,36.26156786985233,14.25727068447231,5.027283057521857,-0.009600797143197653,0.5154204931140649,148.36545702245328,294.30716702494806,0.6362963959117806,0.33474605878471786,184
02408540,ar5,zero_shot,CAMELS-US,0.32659181130617365,0.466435981790132,408.61276342584813,154.51238837499974,-2.1080064256079676,-0.01867272196995373,0.670985039274125,1731.9119665907485,2985.5166986135273,0.7644795574663856,0.4636510374950413,175
02415000,ar5,zero_shot,CAMELS-US,0.22534868532858454,0.20145645790698807,401.1308559499383,134.84665182129623,-11.496378781755151,-0.02446700870524224,0.3727264420327179,1726.6083818564948,2960.6096497310264,0.8252014689819474,0.37442601222272814,175
02422500,ar5,zero_shot,CAMELS-US,0.41646439918092026,0.47342551374670827,267.776369233684,93.61295015743924,-0.42892797471824495,-0.008891459847918035,0.6095764846586349,1146.5459355847272,2068.348355153054,0.6804769757706457,0.4248257364263989,175
02427250,ar5,zero_shot,CAMELS-US,0.5982613446774685,0.7258151280917267,318.5508090709355,138.21892991654772,-2.4610890458050934,-0.011788188683832045,0.8380244527256862,1171.604747795027,1771.514850768735,0.9625430778371955,0.830070126026849,175
02430085,ar5,zero_shot,CAMELS-US,0.12355309942763948,0.0366436647434909,43.32925138502747,11.994265083340226,3.1427253442649117,-0.010215554906762181,0.26158404097144694,184.0438909498353,399.4656231396434,0.8290706100212019,0.3525221195100594,188
02430615,ar5,zero_shot,CAMELS-US,0.1160195590413613,0.3698615915550505,9.751641711727524,4.804801430542248,10.871151156733948,-0.01791676246401944,0.6969414657206333,32.63825459065017,66.58535378570528,0.6219576719576719,0.3616087677081401,188
02450250,ar5,zero_shot,CAMELS-US,0.4331423621295184,0.5192423512402138,231.8226125596626,89.51797756731649,9.982398609524612,-0.029147628007584178,0.6600658256501721,968.220279378619,1627.8027841933779,1.0294040100433617,0.6555717614837183,188
02464000,ar5,zero_shot,CAMELS-US,0.4646497132294505,0.6357081724088995,354.6940423865404,177.42619540196446,25.399126781097507,-0.03764912186345942,0.7421584332804589,1331.6336159165592,2445.3195937447877,0.9299181356647902,0.6928441657818709,188
02464146,ar5,zero_shot,CAMELS-US,0.13810763477019083,0.14542340448651447,13.40274109915997,5.3645036994691875,3.952564840701367,-0.017612806876832393,0.41640791342749817,55.37679549382437,101.81305510850677,0.8968693966254617,0.4083984016935549,188
02464360,ar5,zero_shot,CAMELS-US,0.23511484369893199,0.6038719477553269,74.32044336608982,34.97797782365121,14.765174708604142,-0.010839317656947367,0.8457703059219364,287.86486712124935,379.16710965549777,0.7268033292231812,0.5154171557985722,188
02465493,ar5,zero_shot,CAMELS-US,0.7655357128071942,0.7566697130717919,17.492062437886972,8.883671515832537,1.25210555399808,-0.0023210175702611767,0.7875126677375095,62.00127769864202,79.1658810194814,0.5234359992316067,0.40781575811074067,188
02469800,ar5,zero_shot,CAMELS-US,0.7268288811204997,0.7350996794925501,185.55260117411996,88.05358757397393,5.60122981619259,-0.009555106271874989,0.7751551421382665,719.1372663090223,416.14281523030587,0.8817983305198928,0.6654405295119922,175
02472000,ar5,zero_shot,CAMELS-US,0.8134798202186094,0.8739066414360677,885.554696448145,363.1633290198101,-2.248356194180111,-0.009720463140418724,0.9192286438864001,2869.9637985459262,3164.705577372427,0.9408941996723927,0.9798661291381597,188
02472500,ar5,zero_shot,CAMELS-US,0.7348594752562347,0.8532862857318664,404.9122341338045,165.3848016130047,3.70056652994747,-0.00413848038517103,0.886609398627488,1642.4047812170636,560.2491148691983,0.9364973896535358,0.8415740843447229,176
02479155,ar5,zero_shot,CAMELS-US,-1.383272108301488,0.1091038378052569,239.60791421240262,72.73898514984529,21.311737978345946,-0.005043067983730616,0.39267047407590183,917.7424652631884,1119.2022386495753,1.072574676574203,0.8969661313459799,182
02479300,ar5,zero_shot,CAMELS-US,0.8712846504969416,0.8335356112929875,572.4889269472642,202.73743918772152,6.049400430593495,-0.005881831164486123,0.8392163554142743,2334.5585651387555,2995.7707502366297,0.9420704758637977,0.9619889433043955,188
02479560,ar5,zero_shot,CAMELS-US,0.856194810140017,0.9064668703386057,653.6453258762167,234.76523038479536,0.36299771051318197,-0.005562553355914834,0.9289515725694215,2652.108550983449,5438.836379317473,0.8601995252560464,0.8826839248925861,175
02481000,ar5,zero_shot,CAMELS-US,0.7313758006198617,0.732135868908934,207.4606184223388,86.65692934104942,-2.2261454571835566,-0.02786979193748762,0.7712139059530978,795.5129903226248,495.76646064150754,1.2922829175876223,0.9144511281486374,182
02481510,ar5,zero_shot,CAMELS-US,0.8923045952721066,0.9123895504992574,784.9557518342853,268.45245080807337,-1.7263102014119909,-0.010178541006482751,0.9246984663964505,3301.6878696543486,3430.01271570553,1.2799953968314857,1.131026878131105,176
03010655,ar5,zero_shot,CAMELS-US,0.8860961180833534,0.9308194683008644,58.44187150070551,27.927128459492693,2.784346238543887,-0.0077142535134067484,0.9539237596519962,178.85915445286824,326.7709434283882,0.7111917593516104,0.6255271852674132,178
03011800,ar5,zero_shot,CAMELS-US,0.6872274874636274,0.7482241940850886,37.47301772950233,19.36845441433289,7.341158154512162,-0.008569392459931227,0.8119740238558413,141.8698539040327,281.94569052933593,0.6117835918307781,0.47901713607674584,178
03015500,ar5,zero_shot,CAMELS-US,0.6267912832010503,0.7871433817762862,428.02135399596017,198.4723975039612,2.9939783467768124,-0.009113607705764946,0.9199673329512039,1610.569485149007,3118.7102185393614,0.7988204338798597,0.6316426293255848,188
03021350,ar5,zero_shot,CAMELS-US,0.3225246983296316,0.38260009680156537,299.05662760191785,125.41682147642025,2.9184566879068052,-0.015413627007157059,0.5563465042313327,1196.9339583213975,2260.2775302212353,0.872993126602556,0.5063172665313789,178
03026500,ar5,zero_shot,CAMELS-US,0.6096377732122619,0.6798460555733421,8.588125158177384,3.8924598255628227,7.238201509589334,-0.009062995235285212,0.7630738592519314,31.905229445917556,57.547860881857616,0.6890285999076764,0.5177261205532877,188
03028000,ar5,zero_shot,CAMELS-US,0.7226460334412079,0.7976776421674459,63.92381072350028,30.358581741952133,6.806801580041007,-0.010393577232715053,0.8609827184601678,253.6836679449425,478.8509077824777,0.6675290193008135,0.5262027101897241,177
03049000,ar5,zero_shot,CAMELS-US,0.4746014638293087,0.6519665365009433,193.69090356422603,92.499020005709,8.634921152104193,-0.015626530207315255,0.8155405877037183,685.4865252198994,1241.930013770914,0.9106107660455487,0.6412597002228444,186
03049800,ar5,zero_shot,CAMELS-US,0.6210024752524583,0.667006663854947,5.0397742456022145,2.9329166972053855,18.215862141834535,-0.020074429591415328,0.7345618977150528,18.00290107732787,26.25293702619479,1.019085266950922,0.6896130479515676,179
03050000,ar5,zero_shot,CAMELS-US,0.38970476706614765,0.500496856026456,331.0438059885341,158.25592144627316,10.996433204178558,-0.02409781424255148,0.6623429096327542,1210.6862902324954,2106.8241670188268,0.8097614040567502,0.538954236259234,126
03066000,ar5,zero_shot,CAMELS-US,0.48082904591799525,0.5787573962614454,157.02646045125076,83.85214380205967,1.9351221057145733,-0.008263338078623578,0.7103148119826685,569.0748137571188,912.8445741913159,0.8206445126815356,0.5612934667113151,134
03069500,ar5,zero_shot,CAMELS-US,0.4329945677583886,0.6091056292599446,1259.079242859591,686.8584793367532,5.852977870376389,-0.011136572122835864,0.7872346656172313,4472.044297581302,6907.842675781646,0.784594984368497,0.5651793810589697,128
03070500,ar5,zero_shot,CAMELS-US,0.5649453712611054,0.709572964481268,261.01876983045315,142.52357682392253,10.310471588521745,-0.009703988678179988,0.8301628708178305,957.2903291017066,1059.6217935740347,0.842235031211604,0.6433959317554919,134
03076600,ar5,zero_shot,CAMELS-US,0.3940904953731582,0.6617892581180758,83.99924459608019,29.00563277084071,8.278306930828949,-0.01292198490953677,0.7081746160470941,349.08285620545325,106.69262258720939,0.8474992444847386,0.7384000583854896,188
03078000,ar5,zero_shot,CAMELS-US,0.1801934168610091,0.6124976157567437,121.87220594395716,52.327848129059454,9.625742297647164,-0.016924952888719806,0.775248635264925,482.4390605444946,903.2646948325964,0.810424706690267,0.6749636771452617,188
03140000,ar5,zero_shot,CAMELS-US,-0.03793321847127884,0.4428467525545532,50.70584221980284,20.628486124843544,16.898666615527105,-0.02097770984642665,0.8252549807069355,200.10163174591074,235.58247138604307,0.9420703722590515,0.6797551967363543,188
03144000,ar5,zero_shot,CAMELS-US,0.43407056576898406,0.651566081836626,129.01636048730683,61.09398481590238,18.893466361950868,-0.024482113695934674,0.7110942233624884,494.3303179425623,835.156033473326,0.7484759946614724,0.6323080224832739,188
03159540,ar5,zero_shot,CAMELS-US,0.4430686045083525,0.5511229443743658,222.52173723065005,109.47885236337933,24.724092484265125,-0.03572897488903487,0.679711474816427,787.6525038556824,1190.5473641547128,1.120972279646975,0.7252944783782712,185
03161000,ar5,zero_shot,CAMELS-US,0.6535249202012914,0.7553579855523305,194.77749426445953,89.18893778550762,6.133659446869994,-0.002312704725935255,0.8395945299246967,775.2712092781246,1557.8380759111683,0.3450912361860704,0.29876737938918735,176
03164000,ar5,zero_shot,CAMELS-US,0.7095853504124647,0.8380106199822066,865.0428182666955,420.3234977520344,7.802144407418532,-0.0037042270904822684,0.9040670789573222,2816.359846474662,4621.471933185473,0.413623225623865,0.4070976683101449,188
03165000,ar5,zero_shot,CAMELS-US,-0.566328348547221,0.34923615349663306,89.06309982709658,25.01972819498183,15.194875449331551,-0.0031565940925023413,0.6516705458251628,377.8720299471063,488.42064523263144,0.3785450061652281,0.36975994224418446,188
03170000,ar5,zero_shot,CAMELS-US,0.6934507707383215,0.8213846545261184,133.45166300281448,79.96689998706228,9.582187095569004,-0.004924475407015636,0.8890192863829167,465.13932748482165,326.5657425229476,0.38561750111379106,0.34762936731326055,188
03173000,ar5,zero_shot,CAMELS-US,0.6711297373049194,0.7702881648685114,210.11505625362662,89.84008552372094,5.951355445091173,-0.012545152874668838,0.853365547793021,816.4488850885263,1258.626070912374,0.6660752896823197,0.5687330358656225,188
03180500,ar5,zero_shot,CAMELS-US,0.49119047649526304,0.4482594714194632,320.93608143436325,127.76967108797105,-16.774872322388457,-0.007268219349472527,0.5168446699763453,1290.0890353907823,1755.9129434500437,0.9705479577787975,0.5769349545265294,188
03182500,ar5,zero_shot,CAMELS-US,0.4953633598450996,0.5975334237260816,676.135373436472,301.3272711834422,10.630327820621426,-0.02020142919192362,0.7221986666419287,2681.119602435576,3594.6819853484913,0.8209488630912405,0.5684287176611693,128
03186500,ar5,zero_shot,CAMELS-US,0.46780819954028074,0.6004305999143627,241.08378443979908,120.07537354929013,10.991083270075668,-0.01021688707088952,0.7433646183024207,950.3268216431647,1431.7199232220842,0.8243415961164137,0.5872894004781085,128
03187500,ar5,zero_shot,CAMELS-US,0.5195163077733237,0.6639450711048067,148.64284879443525,78.66512732863846,10.337982240732318,-0.015066834271557555,0.7965797052375546,553.673714985879,881.201795538214,0.7891742901659925,0.5878296385883399,128
03213700,ar5,zero_shot,CAMELS-US,0.45395921689108887,0.6957759102162112,838.1920520806452,310.3101216488397,8.535182381620448,-0.00814788238961241,0.7404514319987079,3419.2918563487638,5909.246229391701,0.605123745917152,0.5072833854036637,126
03237280,ar5,zero_shot,CAMELS-US,0.30390649266856384,0.4625313157352886,12.657842101167141,6.134282317593101,28.05779712821251,-0.04386133289154355,0.6382375404353935,47.27453387834956,101.56657939646355,0.8679063165365506,0.5198753624654231,188
03237500,ar5,zero_shot,CAMELS-US,-0.06375186155354884,0.29275168103149074,682.7036273633905,345.76167765290893,46.597853783946626,-0.05406848524443679,0.5291187966070485,2761.6100574611,3365.2112232503932,1.191596111633741,0.6503605578110827,180
03238500,ar5,zero_shot,CAMELS-US,0.1512626211484671,0.2467588435080158,467.4401342200188,256.8558526998377,36.2976274724383,-0.05801936633797092,0.4791105841900152,1652.4454317921857,3238.874275945202,1.283488678564705,0.662697530067493,188
03241500,ar5,zero_shot,CAMELS-US,0.288606552754756,0.5420622169856049,81.4329948822559,35.72839900517437,20.182053013778713,-0.01064965885956392,0.5863904380212713,330.5272376072288,362.1413985682177,0.8588562420286295,0.73964827924912,178
03280700,ar5,zero_shot,CAMELS-US,0.6282841966087469,0.6547711531881755,51.27859903818618,36.891609921212115,31.317723266698323,-0.02171270488291995,0.6847735929028258,138.66368355914744,233.09696515886225,0.6469962993331858,0.5562371983101302,123
03281100,ar5,zero_shot,CAMELS-US,0.5408187259743182,0.5414399252161199,160.61849731670173,110.55740178320816,40.525769573017904,-0.0274081207420289,0.5632321914536613,459.1165183704076,710.5013098240332,0.6445761971263826,0.5916182912482999,123
03281500,ar5,zero_shot,CAMELS-US,0.6812607052832914,0.6898850349067683,742.1696504058248,385.96595190211565,8.910363188193072,-0.020379410948489256,0.7396725375334745,2695.925935996556,4157.8843142873,0.731629792325137,0.5943534309118221,123
03285000,ar5,zero_shot,CAMELS-US,0.6963009785097075,0.666388719551132,381.5579499086327,221.2464548193961,26.38269374029593,-0.03656385694531075,0.7045478086518688,1234.8731436363632,1518.1289169919253,0.955884557247748,0.7107234950630694,123
03291780,ar5,zero_shot,CAMELS-US,0.03778971635471051,0.11924873327953278,75.10590435128708,28.64399606333692,18.886062673598445,-0.05423955907099384,0.46842683508963257,307.25496277661773,578.4885475133689,1.2184583348826832,0.5911717667870733,188
03300400,ar5,zero_shot,CAMELS-US,0.30234941039693175,0.5918464209769159,1025.8120104650982,464.1559737394721,17.76483901731782,-0.040734077350695015,0.8118675809393044,4067.425751793947,6938.336914010954,1.0537318791570016,0.7696781353075088,167
03338780,ar5,zero_shot,CAMELS-US,0.2868061505888201,0.3121363918049491,440.0170566718174,106.9146053546476,22.467246376873256,-0.01996616130700605,0.31521832504209746,1887.0291523800395,3951.2187592373944,0.956041678528725,0.9693051201900059,188
03340800,ar5,zero_shot,CAMELS-US,-19.581260302835684,-3.456705429118591,941.215818167931,154.41716577218943,125.50574450126578,-0.038571424477151214,-3.4564089849455497,4045.452182806105,7555.790187883732,0.9319230174623662,1.0514854760990051,130
03346000,ar5,zero_shot,CAMELS-US,0.8370482306206455,0.8545793754999758,367.77524015576887,174.25742721767162,0.4594335640243001,-0.034952128211117234,0.8804826573088573,1389.7272061987583,1079.293882308713,1.594830436216995,1.3218356674916956,188
03357350,ar5,zero_shot,CAMELS-US,-10.647485026455449,-1.9594292497002175,13.796928806479091,2.932594708452334,110.98896409417897,-0.0740558341413551,-1.9082782501095887,58.69788978898699,89.30224342559688,0.9530819822575712,1.0145028267339637,130
03364500,ar5,zero_shot,CAMELS-US,0.1656113490765595,0.3354664506778704,112.28095660968607,63.25760573442331,56.35482646756071,-0.056426846333531594,0.4333061323438563,300.653005771672,528.4123750935527,1.0045975518216987,0.6424603843353464,123
03366500,ar5,zero_shot,CAMELS-US,-0.19358871250230658,0.3689236310902092,668.9320375786035,309.23347588590485,37.95000299536268,-0.03657483562664457,0.5455947503401302,2642.3362548478094,3003.71668165199,1.1987051129431616,0.8277707076556324,154
03368000,ar5,zero_shot,CAMELS-US,-0.2416018696406177,-0.1533611308350158,33.581526286622235,15.547435333536896,58.78887878900322,-0.07185927162118165,0.2694063529076999,120.90696584692631,216.03980570036995,1.402367489728674,0.4858853460228877,128
03384450,ar5,zero_shot,CAMELS-US,-0.015439189711838663,-0.26546699670450336,406.2354031718609,71.69370224533108,-9.735567511225966,-0.05227752520507106,0.11952402404238349,1746.4580575935452,3866.4875479906923,1.559523596411804,0.5698848472073696,188
03439000,ar5,zero_shot,CAMELS-US,0.7899790066119965,0.871570135440794,81.92193598230378,48.06842073302974,7.977042421381238,-0.005555793074821205,0.9130919717578909,289.99844543106957,270.73995423296054,0.36152863739070634,0.326117575547517,176
03450000,ar5,zero_shot,CAMELS-US,0.8315887268529976,0.840908299834695,4.889546994548152,2.784782487173272,9.437198125191983,-0.004580333940194838,0.8546229458975783,16.498916279654882,20.557260326377747,0.5030226556282947,0.49786942844467197,186
03455500,ar5,zero_shot,CAMELS-US,0.6292946366496669,0.7550758259774494,57.825080923331974,31.164987238738078,8.991808076228379,-0.00798594436973075,0.8539700742412142,207.5039656515912,301.09471130715224,0.5398483080513419,0.3961323018971646,175
03456500,ar5,zero_shot,CAMELS-US,0.7696198220774562,0.8520484781960207,58.489495984025176,29.651232221127945,9.465540771520391,-0.006241922530105401,0.8970493249524574,227.52137752045996,76.02110315080847,0.4462071954919809,0.3970575266805341,176
03460000,ar5,zero_shot,CAMELS-US,0.7387887852814875,0.8210553718891418,45.56438452632197,23.966283584400518,9.041811015276881,-0.0024444016303424715,0.8530493643155095,160.22430183796834,247.65710621241792,0.41168721181895174,0.42271447000393453,186
03463300,ar5,zero_shot,CAMELS-US,0.46494425142233775,0.6687326434758734,87.84052019845478,40.326793189348756,7.005681288993531,-0.006019497580026666,0.8487513056161351,336.3744758616026,375.0298974956083,0.510328537685205,0.39430752537476926,176
03471500,ar5,zero_shot,CAMELS-US,0.598069656037008,0.7911220846128841,63.663978785832256,27.004709318188098,5.254184050983614,-0.006579541003141381,0.8422060065883643,256.60774751062803,457.04075653514764,0.5310281547302844,0.47652312563913424,188
03473000,ar5,zero_shot,CAMELS-US,0.535434210064655,0.7574308012573323,294.99281920338115,130.86852716193994,6.718466762400579,-0.005434393798441208,0.8332120288550053,1172.8288078776975,2066.6128578911107,0.5523460999685087,0.5163614964954403,188
03479000,ar5,zero_shot,CAMELS-US,0.5197048143299636,0.554135382491161,114.04512226457685,55.06966059948377,19.737605142419252,-0.005842475454668792,0.5624471388982047,455.7997286317836,788.3561115539162,0.4960842470090312,0.4768594600989207,176
03488000,ar5,zero_shot,CAMELS-US,0.6915854748517043,0.7901593338927886,190.65717271661114,88.76605510907382,8.56329272018151,-0.007604745193831374,0.8671564353604044,752.7787945466182,1258.1149730107888,0.6678528392830245,0.5940830869808008,188
03498500,ar5,zero_shot,CAMELS-US,-0.14048015838530659,0.48130261580020617,584.0128813426724,212.78690206397565,13.73665532078944,-0.009909625190223297,0.6330686299550636,2472.1170232896256,2924.6494572395995,0.5120862649470352,0.500199724766488,175
03500000,ar5,zero_shot,CAMELS-US,0.6458214392086323,0.7923306777092767,179.77865547510265,76.53537750930981,4.027449714321313,-0.004071606163139247,0.9107359384856499,719.6117156657332,1176.7923235966914,0.4118402027520998,0.3548018430413915,175
03500240,ar5,zero_shot,CAMELS-US,0.7124437876725331,0.8407175281492496,50.140184589836174,24.85177442401308,7.187789948518671,-0.004625194772471728,0.9263039558560143,202.02824100802943,308.15859792144727,0.3738755980861244,0.3543125619683346,178
03504000,ar5,zero_shot,CAMELS-US,0.7887307158106391,0.870663928106041,75.24512306431028,40.31256204079473,6.988854855585645,-0.002781391338050287,0.9236434982263777,236.3571327968361,274.4829516017489,0.41383786224216257,0.3822393838453643,178
03574500,ar5,zero_shot,CAMELS-US,0.6689999302370816,0.7778270806832073,443.9774686495239,243.04392809041798,15.260390241319149,-0.021505908369831832,0.8358267970274034,1423.6514331486903,1454.5270325022625,0.8746893705296368,0.874162832095766,188
03592718,ar5,zero_shot,CAMELS-US,0.12711119867136111,0.005140652708417681,99.30816078820024,25.746102099883455,-11.840018361605352,-0.010141849278750057,0.1620981729901888,435.15738741646396,827.4676031922229,1.077345911716095,0.4142723491526714,158
03604000,ar5,zero_shot,CAMELS-US,-0.31014525631313306,0.31073628186514146,702.8667344056081,239.84863415000487,15.869175202938912,-0.004987385932380316,0.34979743713434774,2918.389194985352,5383.049693996616,0.5499615817593767,0.5434440675276384,186
04015330,ar5,zero_shot,CAMELS-US,-4.412385466247745,-0.9621575613569675,407.3138597426426,77.79109040841499,84.35075223994798,-0.013505032241235605,-0.923253190554985,1762.4249580144321,668.4572494044423,0.8773102323297911,1.1008073067818156,176
04024430,ar5,zero_shot,CAMELS-US,0.4174205430842437,0.6720904063662297,571.4492507720219,184.63248992005472,16.478635301520196,-0.015745767989163287,0.7719054396826729,1601.968479397445,126.54375159314802,0.7235165976600256,0.6331402923991595,175
04027000,ar5,zero_shot,CAMELS-US,0.8536362387999092,0.804422446957127,453.8956656437309,158.59870741080053,7.10805898845175,-0.0035447321320269884,0.8086177694013444,1796.152878945813,3056.3278583051006,0.69736040173398,0.7721689401391661,178
04040500,ar5,zero_shot,CAMELS-US,0.9609316461846671,0.9391210817822243,52.36786055178466,18.8728421705289,-0.8179268658257005,-0.0030989223749198803,0.9420031119318538,212.46238004092982,385.66240653128074,0.5647871197308391,0.5135424465493958,188
04043050,ar5,zero_shot,CAMELS-US,0.4636745847028102,0.7151368092842372,56.311299875523886,16.401002345297922,3.0794800742789494,-0.005676517330277882,0.8008037666136671,234.72673948029004,200.21496544172388,0.638853802907596,0.638055882719108,181
04045500,ar5,zero_shot,CAMELS-US,0.9987776854351941,0.9907753603310447,32.46656434134315,19.375300821169297,0.3334788511178761,-0.0023593997173679236,0.9907895519831228,65.6583023778096,91.16931477834999,0.33115141247288643,0.3367186240764288,179
04056500,ar5,zero_shot,CAMELS-US,0.995249641524678,0.9931127133879901,83.99576343837204,34.810468102971925,-0.1525367193388704,0.00020411971194200275,0.993504215035441,152.46286616740773,145.71974395588052,0.26670699771273243,0.2723760376664767,179
04057510,ar5,zero_shot,CAMELS-US,0.9729590115692085,0.9793909936478123,28.092944357215377,11.342324348358996,0.29572240798911736,-9.561974722440553e-05,0.9840068864035895,103.34108881208594,70.53407749706648,0.4044653758939473,0.3845886523226264,188
04057800,ar5,zero_shot,CAMELS-US,0.8893183656759243,0.9247280475128485,22.626436926421647,8.418615750730803,0.2510580391375388,-0.0003281068053284028,0.950571730843374,88.43861089732647,154.8912228799456,0.5641476274165202,0.5588111603012397,175
04059500,ar5,zero_shot,CAMELS-US,0.9865276717724675,0.9613587718601706,50.27940989526723,23.191373026249522,2.9010579880051988,-0.0031578439945556327,0.9618225346144378,133.93428951740182,51.955920533715584,0.5085179799908852,0.5005211350589507,175
04063700,ar5,zero_shot,CAMELS-US,0.9885541738638007,0.9508328130862825,11.333637508823736,5.661973000676974,2.693617496277358,-0.0012386473759067387,0.9510116445153494,29.121359030207064,40.392456545501325,0.4705638760438954,0.4899714018127805,176
04074950,ar5,zero_shot,CAMELS-US,0.9755454926049184,0.9711470727376119,39.31087197445553,20.576308115072536,1.885991795064559,-0.000307036455278107,0.9734347888201906,53.01266405518502,78.6260200841358,0.28892756530332303,0.30786919378222527,177
04105700,ar5,zero_shot,CAMELS-US,0.9321410537510051,0.9587062582339013,5.6906921526179515,3.7222717242459,2.388440835572054,-0.0008922826731755339,0.9744306036764739,14.151572685909125,14.56463597057797,0.3523236612408587,0.32747181770600114,188
04115265,ar5,zero_shot,CAMELS-US,0.588385057296283,0.7694252968949182,12.998874108753775,6.209783609852353,3.0174571990370906,-0.001473623065004974,0.9221448939720456,49.40994759934855,89.58408172438978,0.3812714776632302,0.3162175884429363,179
04122200,ar5,zero_shot,CAMELS-US,0.9119035565711328,0.9321164958651945,81.00768497830151,35.00309797872194,1.6966262108850199,-0.0009668469944265918,0.9449891940675517,312.90909301369777,307.715450317074,0.2743528958736959,0.2789693501792538,175
04122500,ar5,zero_shot,CAMELS-US,0.9858608843020217,0.9903722801200634,46.24234818138381,26.851695250781052,0.4203586942933286,0.000552386874911763,0.9930516498736179,148.7960189820318,236.30378444861213,0.2352685956015945,0.2320023956904741,188
04124000,ar5,zero_shot,CAMELS-US,0.971517810255585,0.9837319172593174,58.14496219443512,34.59026906693929,0.5974767049030579,0.00023605113923710463,0.9912103129213274,78.21715695027883,134.40735011637346,0.17096470544376824,0.1686575781022494,188
04127918,ar5,zero_shot,CAMELS-US,0.6878600723930461,0.8155626705719585,88.73569410898239,24.997874186970957,3.433891551621569,-0.002254158859857254,0.8690977751047779,368.3675622510365,83.80896850898425,0.46297962593997044,0.47728221106744256,188
04127997,ar5,zero_shot,CAMELS-US,0.7074310859936053,0.85500756228663,32.476113562097055,17.711030690420806,0.7483384169894892,-0.0002950192551044485,0.9831558168293727,93.76125406989837,185.13805554858402,0.17397961877607054,0.16413697117903234,175
04161580,ar5,zero_shot,CAMELS-US,0.928095997174086,0.9411940647520564,3.971921589322831,1.98067802195529,2.0959027445731597,-0.0027991151670652414,0.9534940436740891,13.279106211422352,6.557182626492751,0.48325230639666195,0.45408880257466566,188
04185000,ar5,zero_shot,CAMELS-US,0.967218496946371,0.9714083414487562,108.5640150559025,54.760767488394,2.101196753063257,-0.003919094669581562,0.9760260596978645,293.188549830715,102.00557374348956,0.7696779901852164,0.7365425047612386,178
04196800,ar5,zero_shot,CAMELS-US,0.7634599311709893,0.8488743261219565,295.0069698854245,146.19975644708748,5.829376973983842,-0.020568400278636146,0.9126176787439957,1006.3463021406557,1886.6823484511085,1.3333880259641282,1.229734420935289,188
04197100,ar5,zero_shot,CAMELS-US,0.8219453793555707,0.8517182038045273,144.12427552356067,84.9148108512422,9.905350645159615,-0.022453334627339765,0.8823213407628301,374.2316022895627,657.6599115219668,1.2854003030023915,1.0141875674216074,175
04197170,ar5,zero_shot,CAMELS-US,0.11495558118695881,0.020699654280289748,198.92185855202686,58.48873616876229,-11.93516293265644,-0.021434724923698918,0.26018545580851016,816.6698512069911,1504.4269678035116,1.5315940193694144,0.7205128793290049,123
04213000,ar5,zero_shot,CAMELS-US,0.41195755430159775,0.6215417049291789,327.81660665980496,177.39919349839997,5.50265941228501,-0.017110781379668746,0.8240707870911723,1068.6126587320373,1621.6818093670092,0.9700783201614408,0.6465834460070665,183
04213075,ar5,zero_shot,CAMELS-US,0.17011123782660487,0.18769523539778832,13.411077912035331,5.645695811518195,0.589509779307371,-0.015206110580722333,0.4362628601720906,54.030676514047634,94.98459623055291,1.0273811324725892,0.500810999474805,188
04216418,ar5,zero_shot,CAMELS-US,0.16384840610174778,0.24734292129202684,198.1192133816625,69.17029959093898,-2.877128684226618,-0.017509258654731217,0.5175769800021368,819.9564450923234,1609.6280274031128,0.9390865412670933,0.5584118115022431,175
04221000,ar5,zero_shot,CAMELS-US,0.63111975643215,0.7897149892733712,226.22230141604805,114.20257852858094,7.593210046343507,-0.013987965657788592,0.8848236731779516,855.156518875545,1004.5912426053919,0.6741492683096995,0.5164323471586084,175
04224775,ar5,zero_shot,CAMELS-US,0.4788760529355507,0.6955548946752865,70.57805610165246,30.938480954844387,11.063370917928271,-0.01394582799890948,0.7418977198312713,290.4328843071543,464.84371148307514,0.6692421003985906,0.5412053590316643,175
04233000,ar5,zero_shot,CAMELS-US,-0.01768293438948687,0.4922614850549021,73.17729759314423,26.900522954626854,19.41030041380187,-0.004412111714138273,0.7882863715816304,225.1673518995306,405.40801062612576,0.7081974768131805,0.6116594014889432,188
04256000,ar5,zero_shot,CAMELS-US,0.5686938048151037,0.7355208630666443,143.2593873985315,64.72890683547138,-2.815331324057886,-0.004615082517705062,0.8621860556861618,555.5292391543643,419.8677119222172,0.7058027406530198,0.5217034834182666,175
04296000,ar5,zero_shot,CAMELS-US,0.8614660370571282,0.8670282724287806,92.49974517487789,56.69504019410888,8.368938682230977,-0.0066052937427017976,0.8862630782818421,248.09885431939767,195.50275421403452,0.6786873233539202,0.5858972262364288,182
05056000,ar5,zero_shot,CAMELS-US,0.972920944240623,0.9319914156242679,57.66389113435924,22.157210958116217,0.5949446153728352,0.00032880909100196226,0.9325300931004997,230.63838215990825,387.9112957492537,0.4043361422599695,0.4251150970332527,176
05057000,ar5,zero_shot,CAMELS-US,0.9791086985758263,0.9772905470797243,62.951559417436606,25.786731137356547,-0.278447889352669,-0.0018972744095410686,0.9797615958345229,214.27822559681204,98.07302204429227,0.2319921622765024,0.21641251738863018,179
05057200,ar5,zero_shot,CAMELS-US,0.8404220538013747,0.826690301646836,79.14652344484395,14.687154233605343,-8.313138963349019,-0.010315428842368059,0.8469544685990792,345.4375356047242,718.6999968896387,0.44684376013422994,0.4336336731286619,179
05062500,ar5,zero_shot,CAMELS-US,0.9592666100107959,0.9499863983524356,66.0772757138909,18.62892308544436,1.550674762485684,-0.0011029331481410623,0.9541997278909718,280.44666905113434,570.1969645303634,0.3891477993793258,0.37099305212343886,177
05087500,ar5,zero_shot,CAMELS-US,0.9042919013688313,0.8752728577421063,41.321818014316904,11.777181231878053,-0.514759847831233,-0.01897493687997981,0.8785006986922587,169.84515728501486,333.91381439254405,0.879107226913876,0.85267815394563,177
05120500,ar5,zero_shot,CAMELS-US,0.992204842195904,0.9871431046280149,7.859692123525396,2.5368198001345936,0.8583704010880672,-0.005758203511546149,0.98770026821204,11.471618772174514,21.470121161979442,0.3073850867890456,0.31890380300578103,188
05123400,ar5,zero_shot,CAMELS-US,0.9974704614591295,0.9845862318212617,10.958207063813406,4.70124433796757,1.3293148500821275,-0.03650312768082943,0.9846205872078979,41.5037801375299,12.980421589033304,0.3396934247298751,0.34396653405767996,188
05129115,ar5,zero_shot,CAMELS-US,0.9986138689095069,0.9912128561828206,27.001180490082184,13.214472692331485,0.5572821420345816,0.00033686729135173205,0.991231272345211,76.34969707542703,88.97744687813204,0.28625436613930555,0.29131080898761036,180
05131500,ar5,zero_shot,CAMELS-US,0.9788769390974028,0.8995011290299275,287.2161941009601,95.38666481606646,5.291334644243601,-0.0029209754316035508,0.899599305301269,1097.1912971064285,1650.0989700378304,0.6531794156389122,0.7078422395967604,188
05291000,ar5,zero_shot,CAMELS-US,-1.9729509299952173,-0.45764282799809175,325.5349763701127,46.60933763723875,35.10336014200427,-0.006685273299314811,-0.45589267212347395,1409.130904813647,3123.650876971409,0.8374547532863401,1.0149506347515542,188
05362000,ar5,zero_shot,CAMELS-US,0.9577739460133499,0.8999920371489538,244.44821447890214,113.59142740254576,7.375478366571774,-0.010772177756375772,0.9012053404385132,902.9534864760219,1307.2392687415909,0.8361057883677229,0.8095980954478615,182
05393500,ar5,zero_shot,CAMELS-US,0.8178336419782825,0.846345578332683,80.67772000269447,30.504434402880584,10.97435661574866,-0.005402655447076892,0.8694817131289649,311.4715449278547,313.24115465932704,0.867175681631389,0.8279512943552376,179
05399500,ar5,zero_shot,CAMELS-US,0.7111966867706085,0.7413559976909423,302.03065084066765,111.36431524858337,2.2496211068999354,-0.015582332430191487,0.7926428088242279,1205.8624794813234,1867.7075226721443,1.0337894603583802,0.8862329195818675,176
05408000,ar5,zero_shot,CAMELS-US,0.5280199188097876,0.7422593653075071,68.06647554877092,36.47611875315989,8.730286877523556,0.00030524775999595313,0.8119764538364593,230.72289378067833,391.1998864026743,0.1930427374698282,0.22101444696350997,175
05412500,ar5,zero_shot,CAMELS-US,0.7710302797432163,0.8523022803157474,1125.9431040576303,299.48933600226854,-0.44723569762564613,-0.0025653655936327853,0.9079539789826511,4625.105839005876,10019.585362393515,0.6031116890802762,0.5285559956398722,188
05413500,ar5,zero_shot,CAMELS-US,0.004441723496333094,0.17452644100619097,201.12659680089192,58.29372533870981,-1.026980455563322,-0.0028622968158940046,0.56764655324231,871.3923831200386,1605.4216981121467,0.3530329192892553,0.24645938310811014,175
05414000,ar5,zero_shot,CAMELS-US,0.5641346951510217,0.5811128758951967,44.6326786082106,21.895704789544713,4.810118018081545,0.0006546333141244694,0.6501363561439133,165.52339704533264,304.1948898488791,0.2788863382188475,0.19898269513116873,175
05444000,ar5,zero_shot,CAMELS-US,0.5382937472585843,0.5941611412862661,73.40465898164416,25.736894375671465,12.642836390984778,-0.0035601427402756,0.6652040390145939,264.8050369167576,580.4515352370753,0.39816124469589814,0.31451806007688843,188
05454000,ar5,zero_shot,CAMELS-US,-0.1001586068643836,-0.12044891497917898,73.12367319555779,17.463671497321858,-21.659640921069816,-0.04434207972578225,0.23181347488302595,310.3682959205727,631.7749618959598,1.1821353842044342,0.7505969853025592,186
05458000,ar5,zero_shot,CAMELS-US,0.8106541404305947,0.8543825276115662,152.5988311701668,69.02721374713778,9.899276999730485,-0.011470930026458076,0.8885819171863916,577.0773268370058,655.3596263255334,0.6902394029819546,0.545874200474432,188
05466500,ar5,zero_shot,CAMELS-US,0.8441793395182617,0.8584996127854303,295.7830048098511,103.59198284972231,11.502040005313047,-0.009680723209161947,0.8791856500509796,1220.4965198929006,1158.0608099541776,0.8944792379348455,0.8753203749604517,184
05487980,ar5,zero_shot,CAMELS-US,-0.35378347167519264,0.25954884996828453,626.3367673966524,204.30013445400397,38.90048026488862,-0.048314680021837475,0.6039655410789484,2696.4989871536545,4263.049917209955,1.2313293092159807,0.9480308810105289,178
05488200,ar5,zero_shot,CAMELS-US,0.5130276832208509,0.6368534239040535,132.46439310031917,48.64678584539794,16.83179290503566,-0.04935901265439063,0.663086808944358,529.4643191631051,836.6925276046909,1.3558035464154603,1.1646213829901193,183
05489000,ar5,zero_shot,CAMELS-US,-0.048252298979494235,0.35000653914557067,609.9453107013786,243.21560869532962,30.208531259834114,-0.05141948230096689,0.6560597045515613,2472.6110493110577,3991.4181691753693,1.1409301559178673,0.6869790646711964,183
05495000,ar5,zero_shot,CAMELS-US,0.6867008211914336,0.5149429662148057,601.6275162209332,230.85504801275525,45.958333776383306,-0.04540010732471852,0.5327238895776536,2394.37874200081,1292.1401576169044,1.4614983038179026,1.101776362554552,188
05495500,ar5,zero_shot,CAMELS-US,0.3940632826876188,0.48957695134236445,570.614523553812,227.55966616646805,31.401556431095454,-0.03842822085329577,0.6223203669627668,2229.842997222672,3673.7631889778777,1.6060199252994707,1.059589577765288,184
05501000,ar5,zero_shot,CAMELS-US,0.3010606759682112,0.5413337168905132,516.4018256023691,212.07499887289143,31.781746128413523,-0.05091326521545103,0.6728762699669029,2077.235249970228,2340.9761059018297,1.3394637578473685,0.967061178045683,188
05503800,ar5,zero_shot,CAMELS-US,0.21939784186396694,0.2153699913475423,89.43378326928966,44.11977484187893,63.532040955267085,-0.05327186404097355,0.3356186756836341,326.4074256652311,553.320688210575,1.603471417300593,0.8799085525224791,188
05507600,ar5,zero_shot,CAMELS-US,0.4002517542156435,0.3342924817456093,145.46459723792125,65.51286618607372,50.498500352044736,-0.07940420919298498,0.43317685085670676,561.0709641501471,826.267281167247,1.7632204177984903,0.8185752117073657,188
05508805,ar5,zero_shot,CAMELS-US,0.43145390923736915,0.5102161731556198,310.36953570741485,123.18970468760953,33.74036290985294,-0.06530849466878283,0.6268052230854994,1246.803296538203,1551.8791440285365,1.5753662358875347,0.9924438225544239,188
05514500,ar5,zero_shot,CAMELS-US,0.3459951528575733,0.4009970454440227,2766.4124361172467,715.0012262585738,-3.865665708819601,-0.050696034575047864,0.552815030181872,11921.329216324986,23065.271877383548,1.6144274731341015,1.1191935142133684,188
05525500,ar5,zero_shot,CAMELS-US,0.8577932557092713,0.7837976179410774,313.8930233307944,105.3712796430516,11.508795405029971,-0.01582288325234895,0.7879797927957537,1266.8686385016927,1942.5020759336498,1.1879491263488584,1.1142196920868324,181
05556500,ar5,zero_shot,CAMELS-US,0.6793677839275511,0.7192936451370009,137.51634107001834,54.3546809587705,23.31650798662616,-0.044376300296118644,0.7650114694916628,523.2863057609723,967.9041530038082,1.009504481583038,0.797529056089466,187
05584500,ar5,zero_shot,CAMELS-US,0.55362704636769,0.4621966574665143,1392.2297914165233,282.1897030848985,20.929738980047297,-0.03088519985707716,0.4638103987669201,6150.143398663677,12288.475810276681,1.4059069020866772,1.3144843156825678,178
05585000,ar5,zero_shot,CAMELS-US,0.9449240354413573,0.8724385600763673,673.4448413056184,249.93584701741887,-4.265202802872719,-0.024786519587924195,0.8744707369198619,2421.0714047735864,3133.9939314294606,1.0884220402623095,1.0210708193874094,188
05591550,ar5,zero_shot,CAMELS-US,-0.7921911209112649,0.07984236943135659,63.786024131561675,19.555917998601608,46.30411008474648,-0.07234659143358951,0.15181199344140295,271.37197684849315,544.7516036177776,0.9911992346372008,0.8480053363725721,188
05592050,ar5,zero_shot,CAMELS-US,-3.800276057648367,-0.6896994728290173,264.8533545994189,61.647365800947775,73.85222239328773,-0.05407175527482548,-0.5936831704687655,1161.7706495234352,770.0135131314249,1.157801247899868,1.0498498559110712,176
05592575,ar5,zero_shot,CAMELS-US,0.06216152658996954,0.0004075985380148639,183.41718172931994,65.72317077015641,-6.437385809340514,-0.06289425980397964,0.32598379287638657,757.539437355761,1395.2789002854354,1.6102531077373838,0.659200705827623,188
05593575,ar5,zero_shot,CAMELS-US,0.10009645864566796,0.14951154073980333,457.70148500396607,137.91807084502761,-8.8611375624824,-0.03889162147746097,0.46149439456426355,1935.1959074079525,3852.5801206784477,1.7431730806183354,1.0309703480311867,188
05593900,ar5,zero_shot,CAMELS-US,-0.14151331070225814,0.002330544230816356,233.5049204862766,70.05913119142372,-4.026681766620217,-0.04445229895038892,0.5175040433868281,982.1267908706697,1860.1884238380642,1.606512009045033,0.8887955566288827,188
05595730,ar5,zero_shot,CAMELS-US,0.11560616393216183,0.27759470905717,384.9076741627969,135.53958329271788,5.554452774380064,-0.05393187458684001,0.6000786779808677,1619.55771039854,2910.6383557924173,1.7444168619257867,0.9467865112468475,188
06037500,ar5,zero_shot,CAMELS-US,0.967825252395491,0.9818391729341074,34.0654549528788,18.48301986163745,-0.5385677414918073,-0.00030277329510133757,0.9908016057266001,82.92926238129199,50.93986690565972,0.09376120278535191,0.09086047227830685,182
06043500,ar5,zero_shot,CAMELS-US,0.9858193174924806,0.9594457872345548,128.22239121093634,58.295755885952985,1.4731433515180603,-0.0021785798685110616,0.9598546544301146,294.15829598598407,493.0526258829913,0.23011877913095774,0.2565169555440642,177
06154410,ar5,zero_shot,CAMELS-US,0.7091955281624667,0.6534843845498487,6.983410118914836,1.363978699012744,15.602731108510183,0.0015017306192863008,0.6549552150025819,30.19605116560921,61.57634394336726,0.633940556088207,0.6668570037144114,188
06188000,ar5,zero_shot,CAMELS-US,0.9785638673303346,0.941478782098818,277.858345474512,125.50096225931122,3.997691609719463,-0.0035031520495436633,0.9421484890954498,722.5800740689104,962.5270563174304,0.4138116343785084,0.4305852121490032,175
06191500,ar5,zero_shot,CAMELS-US,0.9908943316692359,0.967120379452052,444.3299218573478,209.31094923250245,1.6047737325097964,0.0006895186280646212,0.9673322036023955,986.0143623539772,1831.8654020957515,0.22064696395922898,0.2400660237246497,175
06221400,ar5,zero_shot,CAMELS-US,0.9391650588986383,0.9129478077586637,49.03972704779526,19.288545130213674,4.5722169632882155,0.0033318149689412213,0.9165590639266031,92.7432155651505,102.40196016785622,0.28629342604633884,0.32298079125021917,179
06224000,ar5,zero_shot,CAMELS-US,0.9545743978588086,0.8932119633741914,94.81203239981747,29.036793398599684,3.8636614088426144,-0.0019910192195707888,0.8937054386569752,355.7434796037807,767.5037889544457,0.33503873176004323,0.38327219668064205,176
06278300,ar5,zero_shot,CAMELS-US,0.9415435110445638,0.8971190920485611,21.541092865150713,7.787159422457442,7.194290263106197,-0.004100502784048103,0.9000239321735491,78.35072355526783,33.90818111678893,0.5663921770458056,0.5865129242102781,177
06280300,ar5,zero_shot,CAMELS-US,0.975918345226941,0.9638275842595557,124.1766312648938,54.99950406509199,1.9829441939925463,0.0007218421351585236,0.96540476361939,340.5315452427804,474.18295627303524,0.31989744201299863,0.33583842316839674,182
06289000,ar5,zero_shot,CAMELS-US,0.9872002897653703,0.9578700214774869,26.525131430814103,10.940160365781042,2.144034383917475,-0.00014782616804561062,0.9580803697486507,95.7502970377803,190.53680827997235,0.2275874364841173,0.24410971443749305,185
06291500,ar5,zero_shot,CAMELS-US,0.9641071879638731,0.9291583891039885,15.315710700760588,5.570545920297461,2.908141934980984,0.0010784213379738169,0.9302736794446893,60.164749889998475,99.04746469864818,0.3529975375829988,0.35817458220194887,188
06311000,ar5,zero_shot,CAMELS-US,0.963848734401568,0.9720638931993439,6.955284788986468,2.7389323625631863,-0.656539976654763,-0.0005450104714414018,0.9785190207562133,24.214838188347926,44.572684071953944,0.3958702922786098,0.4450289410856799,180
06332515,ar5,zero_shot,CAMELS-US,0.08382472766047455,0.5133548102258204,18.07356721132506,6.177450561260775,14.279990714191696,-0.020810938146787063,0.8505540587500036,63.97428879521332,108.35870290924994,1.2511657822801097,0.7690117736165255,176
06339100,ar5,zero_shot,CAMELS-US,0.928292210025444,0.8633519436681434,24.149135032420496,10.284352938580106,8.99822299806327,-0.01935014069060941,0.867440587144822,80.36007425666479,122.67635504490913,1.35444716804623,0.9707340916233365,176
06339500,ar5,zero_shot,CAMELS-US,0.5121982404122556,0.553292840801924,251.93425217833854,53.6125130253523,-13.157347696483944,-0.011444437766593062,0.6535234191367526,1101.982237657665,2205.506034404624,1.1247998803022368,0.8794567599051288,175
06344600,ar5,zero_shot,CAMELS-US,0.3390525677410845,0.5464938777696597,119.7762483000634,19.23898055634046,-10.754280207738173,-0.016783530455499802,0.7330726113532134,528.4172832226615,1116.0272372366692,1.600846648524198,1.1424909336729447,176
06350000,ar5,zero_shot,CAMELS-US,0.3606085675391607,0.6521814408385586,45.26429087552303,14.674864960067564,8.32464265315725,-0.0020080183132795137,0.8952851325737705,186.5465237696559,311.8053089748767,0.7808938153617172,0.589961485075703,182
06352000,ar5,zero_shot,CAMELS-US,0.7317330458325493,0.6539876191596199,43.260528176195585,13.90566182220562,19.67662336208105,-0.008807922521516888,0.6611851084660255,161.13258750279954,201.39611960204607,0.9095639663906702,0.9166296030349447,182
06353000,ar5,zero_shot,CAMELS-US,0.8950685794007993,0.8734642356014982,85.81948790010735,27.904177445861325,3.3736204561701704,-0.009934099597061208,0.879715963446963,367.3486110979022,471.86648501435417,0.7995712418830534,0.8174658430481119,180
06354000,ar5,zero_shot,CAMELS-US,0.8670836205257214,0.7151925764166254,259.67433446987326,82.16470034657185,13.780321044840397,-0.0014941006298120375,0.7162845861477214,1029.6452409462245,1562.4654393073545,0.8068182631281439,0.9025002234241842,180
06360500,ar5,zero_shot,CAMELS-US,0.7958054132603878,0.840894813273408,675.8880836399026,192.41670589282077,-2.0171464074089718,-0.009963187973962236,0.860096749979672,2908.6269959124465,4017.0663975809002,1.1052339414977608,1.1413969128515715,177
06404000,ar5,zero_shot,CAMELS-US,0.7099854387726513,0.5030669971159218,10.024619592555334,2.460341163327414,19.51976954350554,-0.008549131225497997,0.5032224409683206,43.55689626837501,79.54025940092593,0.5182620589429591,0.5823346828831132,175
06406000,ar5,zero_shot,CAMELS-US,0.662856007531097,0.7732610618145583,13.055692717704895,2.6169852160654203,0.6967192786233065,-0.005976534291944287,0.8675270393067909,54.23463793117765,120.83709185062511,0.27721329982883575,0.21120576390658677,175
06408700,ar5,zero_shot,CAMELS-US,0.9891786213164737,0.9945893036224802,0.09494940724189777,0.05512972586626342,0.0036943643450342736,-0.00047344500716772764,0.9988455699367863,0.05957054791934111,0.10510966718078145,0.020127525543520004,0.01983508094944956,176
06409000,ar5,zero_shot,CAMELS-US,0.9489266836660057,0.9445045327165288,1.5728073366362194,0.8853166767701378,0.36219289983587855,0.0004407966285546261,0.949271985076653,3.259613802225892,5.419206911124164,0.10766572108643907,0.10164410661424492,179
06431500,ar5,zero_shot,CAMELS-US,-0.6097376287254614,0.2783790833573032,131.4505443187741,18.126989907068577,-13.726126005517397,-0.0009248589605657248,0.3598712506349454,298.506806155475,628.1148097123885,0.23502811757203315,0.3352279718641957,175
06440200,ar5,zero_shot,CAMELS-US,-2.217914667855339,-0.20125679546538122,129.87691313298708,22.440781354256405,56.03835910231114,-0.051886068807754454,0.09712685381009256,554.6312575451208,495.2788060462396,1.6198429614901813,1.265616031816504,183
06441500,ar5,zero_shot,CAMELS-US,-0.18408711495339825,0.2497280676459993,438.5863422655668,115.34933091607355,40.039222122914225,-0.041808451949330874,0.27022460229179857,1854.2586001312038,3868.144348952296,1.1541319940031525,0.9744372629158952,185
06447000,ar5,zero_shot,CAMELS-US,0.3960155596555818,0.6841916138143731,655.0189690522094,234.14831942660942,5.3323819312894205,-0.009041040561161423,0.935363386227873,2557.978780793468,3282.1214847895258,1.0883453308819226,0.8736017588022273,175
06447500,ar5,zero_shot,CAMELS-US,0.899305088345935,0.9441042414928007,6.0844341376782625,2.783551187386507,0.7045975561564638,-0.0013442518403245386,0.9757821632056188,22.81780496972305,26.68818959444484,0.3681606661768308,0.3502870803038457,175
06450500,ar5,zero_shot,CAMELS-US,-1.2100124273311037,0.011050484605156563,153.74673911622844,36.382635773584134,9.78843812366952,-0.0007847987542484846,0.044297172840165544,673.1940021698448,263.39982014804826,0.21617568648360438,0.3025508309507564,179
06452000,ar5,zero_shot,CAMELS-US,0.46548297543769046,0.6303174890572512,758.8206774604303,269.7615941866059,-2.058699982633111,-0.0011038406803880185,0.7964554245911816,3036.713457350002,4873.984524155637,0.7780194468314215,0.5553158310027609,179
06453600,ar5,zero_shot,CAMELS-US,0.9209937318701713,0.6853065866235852,24.758956708827554,14.974628419412163,27.487337320397682,-0.019470849355064483,0.6856942476958168,69.84947812020832,123.5692581510339,0.6497141152999732,0.5482163077026854,176
06464500,ar5,zero_shot,CAMELS-US,0.9535997489910915,0.8432514441629421,17.344563136420017,6.595944454034518,4.3449925513971035,-0.0008806436611074765,0.8434633384754724,69.21115661106838,131.376692099601,0.4068740256848044,0.44297953088871717,179
06468170,ar5,zero_shot,CAMELS-US,0.958907065634403,0.9502730154821729,57.61610788920536,16.770109680153613,1.2467643182545423,-0.029218958277543533,0.9545254429982488,234.53600119751056,77.11585731319718,0.5860404172756135,0.5658926255731026,180
06468250,ar5,zero_shot,CAMELS-US,0.96606386376032,0.8746804106339331,51.197762215078306,12.638095263364958,4.056942082832044,-0.01707993476877779,0.8747476604932489,218.38953942360135,448.27412895199313,0.47420203654290943,0.5141051760148607,180
06470800,ar5,zero_shot,CAMELS-US,0.7580707590933107,0.5511994910644822,34.77882586806209,7.639597572334154,18.999240443656323,-0.024885087227006816,0.5513865308461665,154.68280180490237,316.47955324247624,0.7670688637047527,0.9066400190472103,180
06477500,ar5,zero_shot,CAMELS-US,0.9361799333312582,0.4783265741672379,55.80387138030898,14.056730561553685,46.42902056315321,0.02237082247815278,0.4783284907242892,238.24161044436875,498.9168162938522,1.4646947376091524,1.1778816570050759,176
06479215,ar5,zero_shot,CAMELS-US,0.8228183561303617,0.9038445005869105,8.164094115662502,2.1050598520346973,1.5665003691558552,-0.03759821621778502,0.9612149382157359,34.68625443999053,68.80114129859389,0.8066159705503966,0.8132888669630794,176
06479438,ar5,zero_shot,CAMELS-US,0.05459745340640698,0.46561061643418755,119.90227991003636,24.029108890973955,9.025770985936145,-0.024364932220326062,0.5009947923030948,515.9128364062625,1059.4911170718035,0.7721573072512408,0.8425518894049594,176
06601000,ar5,zero_shot,CAMELS-US,0.20979646615189584,0.10924273326473899,124.65675481040654,20.237422075437042,-16.951686448026255,0.0005030934019289168,0.14203318961363587,552.5629440137229,1162.48800532886,0.5104463874827427,0.21056627088941815,180
06614800,ar5,zero_shot,CAMELS-US,0.8241939117636379,0.7860157748745132,2.673165294574659,0.5110058589691363,7.458997245609964,-0.0009708577189835865,0.7931786831909998,11.477151067797694,24.994465866917047,0.3267006827585198,0.3768870810566729,188
06622700,ar5,zero_shot,CAMELS-US,0.9703850137188916,0.9149562723599896,28.294244963106955,9.66336210399698,5.956260732126281,-0.0021610779788574855,0.9157430406264827,88.67699477723154,132.52345272510382,0.39136189704549285,0.39092557922340065,175
06623800,ar5,zero_shot,CAMELS-US,0.9886105907612007,0.9730647334932144,32.56356409792908,13.034517785058322,1.922923771952192,0.0008304208869692499,0.9732729428521821,111.29065713399332,115.04740847814416,0.32733008106224554,0.3297660502831108,175
06632400,ar5,zero_shot,CAMELS-US,0.9815753547427306,0.9163046023284062,31.10241265268874,11.521806490695925,5.609095000323541,-0.0026135261118245302,0.9164816687965844,117.60938531206946,98.35907574695126,0.3804364682541804,0.37442695486827965,175
06746095,ar5,zero_shot,CAMELS-US,0.9833498236659661,0.9457509990092716,2.7559342792334265,0.9396911509321,2.362869176779746,-0.0029538282080779424,0.9461438974178434,10.968616845824133,14.143620669179983,0.38789415775684705,0.44941885990591385,176
06775500,ar5,zero_shot,CAMELS-US,0.7802321545028414,0.8342496555462874,23.603258279721253,14.581928367905876,-0.1611741512071098,-0.00012463878095559126,0.8812826259309597,70.22022639515421,133.18617037718,0.07200009092355603,0.060699510884291256,188
06784000,ar5,zero_shot,CAMELS-US,0.45005177187788337,0.5505411937619611,81.78635073107499,25.648039914261847,-1.082703364440445,-0.000585862352989559,0.6804015852015362,326.7437046204611,710.3400879077137,0.3003786473590626,0.21746783577223552,184
06803510,ar5,zero_shot,CAMELS-US,-43.59188066996182,-5.038099069814321,51.99915697264488,9.902426511403544,121.62718121456085,-0.0026232062052387647,-5.003980910593804,229.81830306344125,202.52628468430586,0.5114909151248651,0.9247210135389967,178
06803530,ar5,zero_shot,CAMELS-US,-1.0183988675923747,0.13506231578876848,90.11741099746123,26.046082357621543,38.111638722881125,-0.0003008643658070388,0.4718534259613397,380.39341340468843,469.61951299669227,0.6977751670460386,0.6246432409714703,184
06814000,ar5,zero_shot,CAMELS-US,-0.15902751248981506,0.2013579447326157,133.39973354551367,40.16918527892298,40.50842266299722,-0.0044193826695623495,0.5615892131156994,564.5680835121038,1027.9401234558902,1.3900439735818948,0.7274306037908879,188
06846500,ar5,zero_shot,CAMELS-US,-1.3266431834866346,-0.743450800075034,7.193026068931263,1.1274262031097468,-65.46341272369733,,-0.2104313592381999,7.193026068931263,69.55845007837141,2.0,2.980512392471617,188
06847900,ar5,zero_shot,CAMELS-US,0.07231844344246807,0.07090694853640578,9.186800975638679,1.8743144097389266,13.46702790715696,-0.04066089976428649,0.3273775212606126,38.509379486782194,85.23543767194383,0.6606610210169028,0.23410994723070772,188
06853800,ar5,zero_shot,CAMELS-US,-2.4853723872724753,-0.12825734013362955,134.13200101941194,26.530226085263315,11.384076643620276,0.008632482214336261,0.18796412864277334,579.6051343306865,911.7371325566284,1.071614730878187,1.5470230823448672,188
06876700,ar5,zero_shot,CAMELS-US,0.8847734030581974,0.6544737469967717,99.7708716351883,17.562015357342492,-17.104402597917225,-0.0007667817966028334,0.6546941405470198,431.7042749041262,928.3430305910157,0.7265057715001109,0.6983839727090142,188
06878000,ar5,zero_shot,CAMELS-US,0.3143691475036059,0.5517703007874812,353.6942151753916,69.91353064937908,27.28662779427267,-0.00335944759570367,0.7242726885457318,1522.959016080801,3347.433303806251,1.4229259169367388,1.149410333041833,188
06879650,ar5,zero_shot,CAMELS-US,0.7799000425553183,0.6406898624024218,0.6431051259227242,0.31098032154638283,33.08081241172991,,0.6578059126844213,1.6742831555687656,1.7698173901768197,0.7416304625606951,0.5739649158341457,188
06885500,ar5,zero_shot,CAMELS-US,-0.5365571672495071,0.1845996761457871,192.54149134735877,73.56212801218105,32.15481869843023,-0.012379071469860095,0.6556142103908063,809.1405352088497,1362.106189901323,1.1042382781312243,0.7608527108304438,188
06888500,ar5,zero_shot,CAMELS-US,-8.937536922462897,-1.8576310592797372,311.285367934729,56.433707605685306,106.94278698725844,-0.009617713377948766,-1.8388138438937003,1334.9316060390306,2967.659983389604,0.6325314736177815,0.8243348233206792,188
06889200,ar5,zero_shot,CAMELS-US,0.04180686437681258,0.02636420989290511,39.16745214864868,21.180477067561025,80.29682946392883,-0.013194246766641726,0.16499754367063835,142.227793872339,257.1916719907686,1.016594195896544,0.42168373022241606,188
06889500,ar5,zero_shot,CAMELS-US,-0.8828121367120709,-0.3935722063357776,99.06826610545053,46.02136992654673,118.46184141818034,-0.006793126798398566,-0.33805882228432726,386.17526670860894,420.6930678944211,1.082328178208395,0.4944561423665398,188
06892000,ar5,zero_shot,CAMELS-US,0.3427852361546695,0.2778996398855602,274.9336213741007,95.71021209637476,63.12878672343144,-0.017438354136528507,0.3080691579525249,1102.8840170744759,682.5995135213986,1.2654506843536824,0.8907034195545365,188
06903400,ar5,zero_shot,CAMELS-US,0.5141590494227775,0.4401314412061116,328.99354051934336,109.97379907005897,-17.619621968101324,-0.07461340118853038,0.49719093042666485,1388.2642952085575,2205.2147349045326,1.317623599482251,0.9977311978533039,175
06906800,ar5,zero_shot,CAMELS-US,0.33793358785508365,0.3082950645581899,1602.3225890271437,487.40496569447225,-11.831618075425768,-0.03987928668982607,0.43323051535987955,6687.524488825221,11638.276167267306,1.6693512336667307,0.8762933618906774,184
06910800,ar5,zero_shot,CAMELS-US,-2.7954270266393055,-0.8835953010627782,102.489479299303,30.138662095232064,122.46128981695878,-0.07513130656609007,-0.8520137806435613,433.62180242751185,421.3857092843604,1.1862838611217092,0.9527765078034085,188
06911900,ar5,zero_shot,CAMELS-US,-34.54193449393463,-4.735630065830536,206.46457827035348,31.342252812884745,227.37984374952666,,-4.711907839117695,920.6074340144938,163.63249129326687,1.149697313840794,1.2274430198850181,180
06917000,ar5,zero_shot,CAMELS-US,0.6594815437228394,0.6734498770799331,387.20026550228,128.99334944683423,14.891306441320467,-0.07891725696917402,0.7207826705056719,1561.3664865088965,2565.230281367889,1.3533180963221023,1.1180977088041129,188
06918460,ar5,zero_shot,CAMELS-US,0.6046439284522909,0.523934375199832,221.89420007498026,71.94572817361603,-2.5399094857980153,-0.008106601067663352,0.5574336398151264,938.5437686276285,1723.7747635160229,0.6556393056391616,0.38664418493322184,188
06919500,ar5,zero_shot,CAMELS-US,0.7955114189758327,0.6882329929403569,398.7320498980251,163.12886275857096,2.654946882177174,-0.03385783058285846,0.6981374670104171,1548.1859951206898,3060.7402897850147,1.2922005720223237,0.9755743307176306,181
06921070,ar5,zero_shot,CAMELS-US,0.33543055557797075,0.22903477531449112,566.4143717702162,147.63533341237556,-14.585161346670764,-0.026788026108474507,0.274411844563631,2431.790578235309,5092.9153361926365,1.1481105182824156,0.526111396890423,188
06921200,ar5,zero_shot,CAMELS-US,0.11944795280579568,0.009666097384887551,320.74415401539767,87.50592694214892,-10.682055221016219,-0.0472316617549721,0.2326718252592065,1377.95284444371,2795.2184344872744,1.3003559764518289,0.4347349254355124,188
06934000,ar5,zero_shot,CAMELS-US,0.9263087240349812,0.8416303460597999,1943.0565761138198,665.9767567842373,8.36938332011475,-0.00592078347741528,0.843148400670412,7580.722806264899,13694.7457291032,0.8428782929968665,0.7543817534188667,188
07014500,ar5,zero_shot,CAMELS-US,0.45568012832075677,0.720340371695054,1387.1097257561466,392.5857598210977,9.672462949024755,-0.004933365767931986,0.8488329454826762,5950.782946942825,9409.864953281036,0.7303799738655872,0.6538669551478535,188
07056000,ar5,zero_shot,CAMELS-US,0.4188763431062146,0.4590518822247944,1259.9133382525865,417.91749959873374,-5.147958287216178,-0.036331468817533935,0.5859692901844075,5450.90572600052,10429.329414093321,0.9096874893963557,0.5418093640746159,178
07057500,ar5,zero_shot,CAMELS-US,0.5250571910903934,0.7466878871590912,417.1626537873856,142.4590883817175,3.722735421720614,-0.0035250151493659027,0.9248153440977721,1750.354691847479,2952.3056166601355,0.35353461982357165,0.3351543286574275,188
07060710,ar5,zero_shot,CAMELS-US,0.0572595746407174,-0.125930637050504,156.2058047776141,37.6561785860096,-4.102668323124637,-0.02037009635841007,0.10169099172903151,685.7594931768282,1423.7894456442662,1.2456073175920017,0.28563978797862155,177
07066000,ar5,zero_shot,CAMELS-US,0.18966041851906534,0.19591203691640713,722.4403478830667,193.50909226539227,-8.953133768832764,-0.0023677247237416186,0.4227611883587922,3091.0793118962624,6236.024985514498,0.6924989736672336,0.41987981954312775,188
07067000,ar5,zero_shot,CAMELS-US,0.5715184239452618,0.6408001349898655,1166.9607930442053,347.2222225690784,-1.70181130847391,-0.0032377725973165485,0.7351638424964002,4938.208434461859,9440.97762941376,0.43329598245202094,0.3467145985000352,188
07068000,ar5,zero_shot,CAMELS-US,0.592090681774526,0.6441280006005072,1354.1027713817723,413.4761249737186,-1.7146348875633164,-0.0028261805939203584,0.7249418155847231,5745.317189652278,8435.055011437704,0.3704367301231803,0.27870795285181993,188
07071500,ar5,zero_shot,CAMELS-US,0.550171227337511,0.5949851926467478,293.2797299676365,96.8175265703282,-0.9803441616325053,-0.0017204404834181616,0.6837538690869644,1219.3169504090995,2559.9256641723496,0.2528302711523611,0.1665319619906106,188
07083000,ar5,zero_shot,CAMELS-US,0.9895935924609887,0.9653176694344203,5.0160824127019525,2.0028460922798215,2.039914509817512,-0.00095572943343291,0.9656005707093076,18.846697022991844,4.142445687118948,0.2943055481199921,0.29988136294241075,176
07142300,ar5,zero_shot,CAMELS-US,0.21928835325269436,0.046050578122929675,1.0181226133445722,0.503383593417694,85.7452533631193,,0.06289530204936589,2.1147087626385366,1.6182347273614681,0.5515436385001603,0.37145634541339534,188
07145700,ar5,zero_shot,CAMELS-US,0.5664388255411873,0.6407510213607506,103.22654444826736,23.162319222780752,8.030022807465702,-0.014748865119456209,0.7113244998841809,442.46154257765323,881.7361320100588,1.5336244070304703,0.9144487310603775,188
07148400,ar5,zero_shot,CAMELS-US,0.7819583411725777,0.856370923802911,52.167743351702256,15.884771607190434,8.963529082050776,-0.03781947355945899,0.8754082814127232,218.96117622298397,220.76219807478705,1.0825025472525216,0.7844322953353983,188
07149000,ar5,zero_shot,CAMELS-US,0.9405992951455067,0.7977293379086894,26.524517394200817,10.250162494514004,2.1768589752014087,-0.014762887693662938,0.7979702317574765,105.14266796364714,214.34528483426132,0.5959475884270781,0.49347505999361424,183
07151500,ar5,zero_shot,CAMELS-US,0.00108667558552622,0.43558537450583557,224.6755815989382,50.598940910244345,28.680321249784928,-0.007010286280255455,0.5132367467895558,988.276457301921,2083.261726419219,0.7829005050858215,0.6938138369308255,180
07167500,ar5,zero_shot,CAMELS-US,0.4202661538339667,0.333767181396878,77.26121398307698,19.111757466315876,-0.6187931745331943,-0.08205986303693288,0.3659746415980859,330.7160568887536,704.5945782653041,1.2445967500400497,0.6192791572954902,188
07180500,ar5,zero_shot,CAMELS-US,-30.523567906343203,-3.4030511095327,474.62250658242056,59.82432225881704,-92.82543335787123,-0.01599356329308823,-3.1983523217762304,2057.150312578859,4512.806298593488,0.9083346269907262,47.92857729611658,188
07184000,ar5,zero_shot,CAMELS-US,-1.8067070857808658,-1.0433265348414817,1060.115992201886,173.76161985009435,129.55390958419198,-0.05334044006763214,-1.0429675990105136,4545.584979951785,10045.683547159515,1.7169808669181137,1.5085296747852688,185
07195800,ar5,zero_shot,CAMELS-US,-15.648083652076664,-2.62267376937114,29.513742966553362,6.179826027264082,67.8313292780252,-0.005214136022903059,-2.611367584844939,125.40884014729214,200.41173800997035,0.5188381393390865,0.6817673045026648,183
07196900,ar5,zero_shot,CAMELS-US,0.27324437875974705,0.29657765023230076,27.948240643874616,17.566886252718774,49.88541776940556,-0.014718759604953491,0.4182056161228547,100.26617890107649,180.73967541002474,0.7560148093475078,0.3205513556542194,179
07197000,ar5,zero_shot,CAMELS-US,0.4393057602805216,0.654495715655536,163.40482074689248,89.12344578462033,21.422380794521168,-0.00976422667751825,0.7681374109134279,596.6485456655649,900.1418697401377,0.6110386926525292,0.44880552740707774,185
07208500,ar5,zero_shot,CAMELS-US,0.9291612645174028,0.8974459618199091,2.2579210138189985,0.8130929943493445,-2.092084530325149,-0.0002744334240107754,0.9030934142655532,9.31777843075528,12.208491330444765,0.43790963603402594,0.4068886795873247,176
07226500,ar5,zero_shot,CAMELS-US,0.08105882157222599,-0.08957134061698802,187.94724315379557,23.061765813034796,-28.1769165227367,,0.1669755821125929,814.0028532849199,1819.2832789033116,1.938466706270586,0.7911124704191165,188
07261000,ar5,zero_shot,CAMELS-US,0.44342772140581166,0.6138503150552583,229.93299352349248,102.31771551550376,17.997962432444435,-0.07435110478882126,0.7653089655240555,924.3583513256364,1674.7690125967615,0.8715870509678186,0.47434763743744135,179
07263295,ar5,zero_shot,CAMELS-US,0.13960316909966775,0.2401248068668833,148.70432553982238,52.954509580121105,-4.320010636877259,-0.07967898241254062,0.5344189098095957,609.8700337712105,1027.3085186665946,1.3616696528084071,0.7051226960461255,178
07291000,ar5,zero_shot,CAMELS-US,0.07364095277787219,0.3224650729798946,495.0324171530899,178.41201216289915,33.80539831010178,-0.014174728947646658,0.5994398868487245,1912.0224531444683,3747.716231833225,1.0309213409290097,0.6012030755046206,176
07292500,ar5,zero_shot,CAMELS-US,0.47989848218705156,0.6683362655656861,1238.6388847906676,568.5965455804022,14.534970515974358,-0.010420826918344771,0.8194508331724446,4806.489621440642,7913.313324471524,0.9369596111912691,0.6419617484494258,188
07295000,ar5,zero_shot,CAMELS-US,-0.17342930638368892,-0.015848283161233212,257.4738011587052,250.26887926381923,8.479437351477056,,,329.82634313153966,329.82634313153966,0.7804651162790698,0.230314443948131,3
07299670,ar5,zero_shot,CAMELS-US,0.8659468593881271,0.48599848240118315,13.692045010830453,7.23710904315943,44.12049937994732,0.0020717918773387337,0.4868232264616762,45.39225528438878,100.94428876681332,0.7163198823034889,0.41175085207640133,186
07301410,ar5,zero_shot,CAMELS-US,0.4597814098385059,0.597736520312794,2.790754213275906,1.0319957059176879,8.876891147758114,-0.02115421497324849,0.7469931586367051,10.848868115244967,22.363972571987556,0.5188273944907758,0.36749721519544687,187
07301500,ar5,zero_shot,CAMELS-US,0.6752204171893451,0.5962311566069417,10.38300806336219,5.184862332902873,36.95844497000358,,0.6238850949670443,31.019618597561735,31.779043236170228,0.8261095839227093,0.5098517685033348,188
07315200,ar5,zero_shot,CAMELS-US,-272.0285671426145,-14.717876929672402,55.58778709841875,10.45418172510594,281.95269795745025,,-14.692580562374827,238.9300977518606,241.74199385029357,1.7556056973628544,4.975854338468341,186
07315700,ar5,zero_shot,CAMELS-US,-6.055233206510484,-1.4023678607530665,122.9975750352994,36.3415166692441,152.88696846325502,,-1.3015923166819716,345.2757663469366,345.5139184452869,1.6313313552554112,1.6472021757586794,188
07335700,ar5,zero_shot,CAMELS-US,0.5800279254353728,0.5660391114600274,111.72517024903006,44.63459008608745,16.62330268512764,-0.0704870211264157,0.6278867511061226,442.9094111024226,894.5035906393459,1.159726389641057,0.6269219858507631,188
07340300,ar5,zero_shot,CAMELS-US,0.33682779695729115,0.26461836233529046,458.9449967047194,124.20313241306627,-7.834963027253424,-0.024824525869633234,0.32096535113336355,1916.9108909089975,4138.552571530247,1.3404648625715931,0.7971483542751914,185
07346045,ar5,zero_shot,CAMELS-US,0.9898804458889832,0.9885277156125127,21.375802868698425,10.184703456326607,0.27873395272766777,-0.07674029490928613,0.9895108416035394,73.57897423638646,96.85357499188794,0.6475433439489539,0.6514534071263047,179
07359610,ar5,zero_shot,CAMELS-US,0.880463715280954,0.7927919441577247,199.41724091895193,98.25296674301713,19.85066729343925,-0.02048549136513865,0.8009933401860898,666.0743304886555,84.92115414927991,1.1084581356925864,0.81874261580442,176
07362100,ar5,zero_shot,CAMELS-US,0.05611450468641088,0.3588489775316044,328.0660753597533,67.06981691848378,-12.634361129881498,-0.03553840800962944,0.7133624795787736,1374.976374986396,3034.637250957444,1.095511934976066,1.0462458292243568,184
07362587,ar5,zero_shot,CAMELS-US,0.20829323483425244,0.12363045775107517,152.2491459206968,48.63134036501303,-20.03962196911774,-0.06254158077848576,0.2810210789804074,657.8635673300255,999.8425729324136,1.4732024030932898,0.6537133898460794,178
07373000,ar5,zero_shot,CAMELS-US,0.29001756820808966,0.5468398545566358,98.36680029677694,29.75208075958177,5.839041768676839,-0.011285034787880472,0.8095347092592404,412.9265038038804,764.7120360626952,1.1781374424737576,0.7759790907902441,186
07375000,ar5,zero_shot,CAMELS-US,0.1967713232601569,0.28308520835507156,388.99864187977585,72.99908353186854,14.150438004654301,-0.002048423623275437,0.28390189411137423,1668.853086063057,3621.6921719528896,1.0958188153310104,1.09180673953487,186
07376000,ar5,zero_shot,CAMELS-US,0.7295181554085933,0.6487727732958739,359.3455857027454,110.26204584774449,3.3176241992876068,-0.007342555622678963,0.6507796805535944,1504.9261606112334,3052.125056980938,0.903464376091528,0.9114209476534101,178
08013000,ar5,zero_shot,CAMELS-US,0.07853308208462295,0.1934590399459738,1534.1516492173462,236.13066928759406,26.12355967586364,-0.030357725599280745,0.19454434232412965,6581.573634712284,14467.575254951646,1.1048643308598178,1.166701186618439,185
08014500,ar5,zero_shot,CAMELS-US,0.8954254130103009,0.7962351809794765,464.4853306650596,138.29255048055646,-2.2728876652557672,-0.002313991253294647,0.7996043756596988,1856.3369939044846,3275.719590259961,0.985470272684714,0.7926432429817037,180
08023080,ar5,zero_shot,CAMELS-US,0.36423850742332475,0.6364521010329451,52.91720111897469,25.9236792354679,19.651216196777582,-0.061336593543076086,0.725153543708325,163.4693442923883,222.18092562560966,1.5298445655732964,1.1933667191595978,188
08025500,ar5,zero_shot,CAMELS-US,0.4464014224844851,0.660085049330329,210.88334506956974,82.27325491717157,19.67481136771527,-0.037692664456288695,0.8006527005469085,687.1118981507184,543.9098135865162,1.4181931586895147,1.0986999668894712,185
08029500,ar5,zero_shot,CAMELS-US,0.1835256606136093,0.44746520927757705,228.89921232207075,65.03469724432804,8.64942123223389,-0.014239709998559363,0.7539560092638024,829.1950761614978,1617.541095028912,1.233166784170677,0.8889433864890524,188
08050800,ar5,zero_shot,CAMELS-US,-0.8469350108627149,-1.7589654821960488,12.286509224507162,6.105743972865835,261.4710209196083,,-1.6195214302995966,48.07390805483375,80.732936117656,1.5016987542468856,0.39304959999995076,176
08066200,ar5,zero_shot,CAMELS-US,-1.2215426253167587,-0.19874434877623792,262.87408803441355,63.88637843697373,13.061593118738031,-0.04066756015136096,0.7625003591781276,924.9987720075668,2057.0319174897113,1.6835799902913828,1.4433482560332123,185
08066300,ar5,zero_shot,CAMELS-US,-0.16283248279088136,0.2513163544490705,186.4314797684547,30.505248430239018,32.112733571833736,-0.007213113080418981,0.2780169129078084,805.3608625600784,436.04724894040584,0.9874558783600326,1.0677339656608769,188
08070000,ar5,zero_shot,CAMELS-US,0.46754506698659615,0.6446208667990754,197.36272378939634,58.78793220111907,13.147320300578887,-0.02710259136605274,0.769502325080202,781.9076987182834,1471.8317557331159,1.3402078991446218,1.3537124386619859,188
08070200,ar5,zero_shot,CAMELS-US,0.8640310811533397,0.930517974341371,105.26445496550727,39.23481569317723,-1.4637545958655307,-0.01065902563325809,0.977193790890106,329.7128023482946,322.25295589530083,1.3003175945544712,1.2965478598279898,182
08079600,ar5,zero_shot,CAMELS-US,0.6321963065319955,0.34396825579874035,42.437618568532315,19.05750079270683,52.836179493356795,,0.3682083325817551,165.65037941350383,280.3698693891097,1.925551555908533,0.6761708347278537,175
08082700,ar5,zero_shot,CAMELS-US,0.024399201186612207,-0.11389747731115007,2.194970861059415,0.8308989275972811,60.863839084351056,,0.16563875186268784,9.072881691291897,19.339565947405976,1.9159620804509352,0.37420733770115683,188
08086212,ar5,zero_shot,CAMELS-US,-0.025248955023451147,-4.375786070296017,4.13605971908134,3.9387412736260154,536.7631105844453,,-4.375226001586811,5.802349458098379,6.162642632178298,1.7398076770245567,0.18251677441868777,188
08086290,ar5,zero_shot,CAMELS-US,-1.4994119580449472,-1.913361940259791,18.70524481833094,9.681267826476812,264.19858765775086,,-1.7648709522405728,71.02553411915686,97.22638943391614,1.968453328616074,0.4319398975864851,188
08101000,ar5,zero_shot,CAMELS-US,-0.047897731651814546,-0.3205624368901059,68.34992927659444,24.8420762203348,52.88255414738462,-0.16715574298443656,0.05247063124007045,274.61117746207555,604.4687582382664,1.44090930595638,0.21827002465945158,181
08103900,ar5,zero_shot,CAMELS-US,-0.06837850076460894,-0.3733810539206701,5.5973889791707,1.719656240070228,106.11427719899173,,-0.14774733748536395,22.97390023827091,50.33768243148348,1.6180096211665662,0.4103792638572896,181
08104900,ar5,zero_shot,CAMELS-US,-0.1722437033652875,0.08324012901028155,29.447034351603538,11.63553056397946,46.40983850624659,-0.03643372179090181,0.4486863788282912,117.35479569981926,225.90742312923484,1.1883072443570666,0.4299956473198422,188
08109700,ar5,zero_shot,CAMELS-US,-6.413988862297573,-1.5263103212409246,233.97702834396665,25.59542306396397,74.71181221677027,-0.025878310485062853,-1.525531400156129,1014.3095721129902,2254.690509803658,1.2418469470653457,1.451834352723802,188
08150800,ar5,zero_shot,CAMELS-US,-21.239432255429055,-3.734186760123153,73.0855829385231,11.079501770739922,143.90160633573925,-0.014292958524731555,-3.7328657916444747,316.19094289441034,671.5022648710911,0.9473768840818882,1.1425813376823435,188
08155200,ar5,zero_shot,CAMELS-US,0.23554736706097035,0.3540583250774627,18.90298109491543,9.61824666862027,50.78600980181152,-0.030903624567737514,0.38586140584790474,72.95211099244271,106.46633063371725,0.7620048334559211,0.5885832349669563,186
08158700,ar5,zero_shot,CAMELS-US,-0.5044592580453491,0.09396842896931779,39.43641469952936,14.217647849047628,55.598520526904736,-0.08461434369810195,0.13410944559649185,169.43841961608229,139.0904562339931,0.7580716735580891,0.5880642250425633,177
08158810,ar5,zero_shot,CAMELS-US,-1.3604574736489918,-0.21226532433714507,15.144015778457991,4.645089320413102,69.9116560211018,-0.034460875707748785,-0.1647640385488076,64.73098008328348,130.01516088462998,0.7864944825362107,0.7306307023052281,175
08164000,ar5,zero_shot,CAMELS-US,-4.5983746134122505,-1.686730474015862,269.80575220380973,58.49008898956321,194.03493738858964,-0.01659984707511202,-1.6617972383415789,1161.8236998133157,2308.158938551459,1.3247638559022428,1.1801310168795918,188
08164300,ar5,zero_shot,CAMELS-US,-0.1878109253013649,-0.1575180194808432,189.03153471407794,39.83533239003622,28.195761418261757,-0.06356513549505724,0.16430745962756488,802.2102870511394,1669.0700684440474,1.6570788367880047,1.1326392964635037,188
08164600,ar5,zero_shot,CAMELS-US,-7414.207188387372,-91.42291628906939,1363.3863186504288,104.86518181091799,-3856.9281474682907,,-91.40805545286585,5864.08836176947,13112.487027818313,1.7479951449997833,-2.134642230369803,185
08165300,ar5,zero_shot,CAMELS-US,-1.258803517240326,-0.2254812688124619,8.835152320039278,2.8796602756451484,18.734256530364732,-0.0024860094602994617,-0.2191149014073992,32.86677331716417,75.14333691359948,0.3273004575495678,0.3399134744263233,188
08171300,ar5,zero_shot,CAMELS-US,-1.5710849378753395,-0.5124770796290561,117.20159030121235,40.01710798361798,112.99487296777596,,-0.4598369956535424,491.75216095756747,624.0107750141472,1.0559900170292218,0.7209346570748211,188
08175000,ar5,zero_shot,CAMELS-US,0.6885943184752983,0.5279956409236036,97.02479812544578,23.65069484065494,-20.99143536244468,-0.010747875186072828,0.5401525684853129,397.1285684784384,753.5193697428992,1.784177106771039,1.675649089517764,188
08176900,ar5,zero_shot,CAMELS-US,-345.7160932020783,-19.292137754683566,749.9145264080782,64.13134353642569,-1149.9258406902434,,-19.220905525310098,3300.8259924811214,6601.55551693199,1.902167598342349,-2.2325433515868953,155
08178880,ar5,zero_shot,CAMELS-US,-11.093688164943261,-1.961717434380998,122.12633763179373,18.840315896355413,98.30001142304823,-0.012670542968892584,-1.9013262125600878,536.9806361802318,111.2190482081835,0.6257904929044752,0.8684202989814472,176
08189500,ar5,zero_shot,CAMELS-US,-47.68606971498523,-4.770773321381616,103.62577419605107,16.537042872933434,-24.481299601240604,-0.03533474272444829,-4.682611196122725,447.43075972820844,162.4208211782442,1.6306647840467303,8.636137379904518,188
08190000,ar5,zero_shot,CAMELS-US,-12.502362124521218,-2.4434994611441385,122.31762709065802,12.716859314209787,30.526466730909252,-0.003054450221629545,-2.443233842543724,529.8484114794761,1184.6418614955335,0.27122434310358595,0.5995323848542015,188
08190500,ar5,zero_shot,CAMELS-US,-24.39852412120425,-3.856631129292075,11.984152839573332,1.2821806733978074,191.17859940502234,,-3.8326143171297007,51.94842516820596,115.61655973474495,1.4142314244528895,1.7719568330001425,188
08194200,ar5,zero_shot,CAMELS-US,-3.6046054128081737,-2.1633620193150453,36.92546588453544,13.42211896854367,279.92281646571814,,-2.138401303607395,147.90539558067388,92.34241385307394,1.8309911072202003,0.5984474515091484,188
08195000,ar5,zero_shot,CAMELS-US,-14.989218093688596,-2.7110374070028853,138.8022816291635,15.317906534619073,43.15284343517603,-0.0014158900109792361,-2.7106023086383804,601.368546681354,1342.4035272682165,0.3397061924509735,0.7136667929082636,188
08196000,ar5,zero_shot,CAMELS-US,-141.48894353819804,-11.019168506037081,252.77582073920814,21.145406942057324,246.82066043779884,-0.008315322324885941,-11.019160478547802,1044.9416886994595,2450.4672418893474,0.6886301415047663,1.5025892577252877,188
08198500,ar5,zero_shot,CAMELS-US,-3651.5227986843192,-64.58026851729092,471.88847552412653,37.7686071041628,-2803.1428298120163,0.0016972080427071143,-64.5799296300179,7.874612008962519,16.09333313637837,1.070328755722014,-2.2282897995352515,178
08200000,ar5,zero_shot,CAMELS-US,-1.2121208487914705,-0.15650799905214763,4.72538965830638,1.8060991744673371,72.71338657513958,-0.10979415054401832,-0.10972401135549714,18.224805846176576,37.52039930987888,0.788320072061252,0.5950033732447005,188
08202700,ar5,zero_shot,CAMELS-US,-179959.9847890011,-2858.350743335719,2.4685510989118726,1.2065574090021944,283540.95788535266,,-2858.350742465094,2.4685510989118726,2.4685510989118726,2.0,0.038604158355795976,188
08267500,ar5,zero_shot,CAMELS-US,0.9922937219454633,0.9933636385051435,1.8429495372936626,1.058330403539297,0.5063153130668742,-0.0010254089239598446,0.9945118997036093,5.038830722756339,1.9985906840158825,0.1969307584991556,0.21603911922033045,176
08269000,ar5,zero_shot,CAMELS-US,0.9871617665780459,0.9907209681343603,1.6337075387672841,0.9235680570355304,-0.13904032095500088,0.00014557691311855095,0.9930328103857553,3.277717758245685,1.634331717868742,0.2560676192392835,0.27425406377755546,176
08271000,ar5,zero_shot,CAMELS-US,0.9910074564770885,0.9948439941636036,1.1690233584487901,0.6770661931915347,0.09807232992541129,0.00027963337549886946,0.9971943578504168,3.2948395138075326,1.3358187455714021,0.23102186746487072,0.2395000955681294,184
08324000,ar5,zero_shot,CAMELS-US,0.9157556896683954,0.8509966926247339,13.49500739631803,5.375792835285549,2.6345649184186963,-0.0017252626652269464,0.8528451712926403,52.27715244226182,91.44889412416804,0.47047454702329605,0.493160173273798,185
08377900,ar5,zero_shot,CAMELS-US,-1.3128481751588255,-0.3617454897390677,51.662155656357996,5.762362860507347,19.885066944779247,0.0038021437902301773,-0.361572454428156,227.8477482736794,483.1035493006603,0.46456132019470503,0.7332490166538284,176
08378500,ar5,zero_shot,CAMELS-US,0.2297774829078375,0.3132886940089653,60.8403558604132,9.576694632411671,6.178693871089084,-0.0017014355534491314,0.31384253119131056,261.8455587433523,582.5246855736046,0.31860632183908044,0.4231868975005469,188
08380500,ar5,zero_shot,CAMELS-US,-86.25825148245133,-8.545058081443269,407.1576987072416,33.5764395618635,254.09447265623214,0.0024484715807806187,-8.545055852802003,1800.4889261846388,3819.2355757982723,0.9325319635134369,1.6433209456760005,176
09034900,ar5,zero_shot,CAMELS-US,0.9664098277623745,0.9103461580658406,4.118460123873624,1.1219612334332059,3.5490505490173794,-0.002159140390082026,0.9106308933508156,16.788512571290443,33.16683711628422,0.34665441021287774,0.40200095833837474,178
09035800,ar5,zero_shot,CAMELS-US,0.9958604496757381,0.9944345334787871,0.9645647328559809,0.4627020909173842,0.3044096335429645,-0.001193464829836642,0.9946600228564975,1.864565792574486,3.603661681875769,0.2913322200075419,0.28347247884877175,188
09035900,ar5,zero_shot,CAMELS-US,0.9896488845291976,0.9886239895982903,6.452883605246664,2.6321417876356286,0.5406256328009749,-0.002480756471329164,0.9897760874226367,19.443046958285507,12.314027818812276,0.2724920162977645,0.2759203614144391,181
09047700,ar5,zero_shot,CAMELS-US,0.9645702839261447,0.9290607444525188,2.050635532537845,0.6835493654253363,2.7587998991412026,0.0010508136894227804,0.9302608531498132,8.514538920402181,13.329553507560282,0.25392592592592594,0.2831143348239405,188
09065500,ar5,zero_shot,CAMELS-US,0.9696169877598056,0.8902608375937725,9.431550836723435,3.4345646811126653,5.533380925251704,0.0011859637923639088,0.8905200982739312,35.61314389386974,59.378064687047896,0.3227601460469035,0.34950457922960715,182
09066000,ar5,zero_shot,CAMELS-US,0.9855587649851917,0.9461365135555757,5.173729937077698,1.5096557281086858,2.263590976309804,0.0010099040373082145,0.9463862272661915,20.737221363480565,28.240888634297338,0.34885826660252967,0.3904867202311363,175
09066200,ar5,zero_shot,CAMELS-US,0.9718438045419221,0.9589029640764172,3.705994277299199,1.4118451523090354,2.9280900116722837,-0.0008415447534762532,0.9609781286839274,14.360467107955209,14.732232998761074,0.4388167048817293,0.4202108215589612,175
09066300,ar5,zero_shot,CAMELS-US,0.9890668133806516,0.9454258758399813,1.3146334936939668,0.4948854723952785,3.4911726523964406,0.00045394711963703954,0.945581602235852,4.914137321175774,2.6177478891643045,0.37063474970000926,0.39195042415295567,175
09081600,ar5,zero_shot,CAMELS-US,0.9876152226261764,0.9399040222083216,57.055671239142484,22.964764917187612,3.158290472469291,-0.0023266185985519328,0.9400010085578938,211.51218153069655,278.3396689538603,0.28494006173282604,0.3088909197272725,188
09107000,ar5,zero_shot,CAMELS-US,0.9864043714870692,0.9692490283599553,16.787437691119724,7.945481510090465,1.6113476413480783,-0.0002572919655692771,0.9697941749216076,52.06700624228406,22.67544067675719,0.24938707462979307,0.2730606689660029,188
09210500,ar5,zero_shot,CAMELS-US,0.9906997564683653,0.9891143504064718,11.018710991205381,4.911632287459503,0.7096618914240111,-0.0008279730260620267,0.9899900708127288,36.797964982650015,48.45708686315163,0.2223101787716868,0.2147681899874616,188
09223000,ar5,zero_shot,CAMELS-US,0.9904785170412012,0.994995360984087,19.49747689544443,7.929103710119264,0.14145540929498876,-0.000906415377805829,0.9977046509957677,55.395683064417746,39.79647408191609,0.3139506757112057,0.31123696773346526,185
09306242,ar5,zero_shot,CAMELS-US,0.9951946690108104,0.9848207673119794,0.0498867443693102,0.02870954269062519,0.5582872230580371,-0.0006160909306528878,0.9849770594761162,0.10346039724218369,0.17704514688478568,0.17672553906165345,0.16515677634741086,184
09312600,ar5,zero_shot,CAMELS-US,0.9960493910152542,0.9737872025823576,2.491989917264405,1.1060329482258835,0.32504967878798685,0.001398567700535043,0.9738259289708844,7.583952731629188,12.156632184610023,0.35690620168284354,0.3275514672753697,176
09352900,ar5,zero_shot,CAMELS-US,0.9710657661562889,0.9739636928492118,25.871871249318637,13.457041798755398,-0.3299731793740664,-0.0014673564965911358,0.9781894816871989,81.29297467571388,14.056323766971868,0.39218975721142646,0.4045421049643499,176
09378170,ar5,zero_shot,CAMELS-US,0.9114406569364927,0.9279287734882651,0.1921809743240596,0.0501036056453514,5.65919809281819,-0.013090369616479046,0.9422046323569043,0.2840943453143252,0.2542179641827217,0.41494170830359267,0.5035640469961361,177
09378630,ar5,zero_shot,CAMELS-US,0.9826694763561816,0.8793434837547937,0.03448702320424352,0.017691066667916856,11.763820187566415,,0.8795594311747426,0.11958591914230819,0.15962993567607064,0.5197657393850658,0.44159801879934335,179
09386900,ar5,zero_shot,CAMELS-US,0.1619469251676785,0.18774141948953404,1.0040637981892369,0.2503368217817599,25.181698221966624,-0.0037824282044688386,0.43087084113854457,3.9038964192350196,8.56796587249206,1.3293443031662928,0.6982420743470766,182
09404450,ar5,zero_shot,CAMELS-US,0.10629172029304146,0.22214156405455976,10.994859921135012,3.6928626940963905,2.6390876480551846,-0.0052779812816774255,0.5386283253056114,42.12809051671427,92.95199152974422,0.36907049229324107,0.1757767392183326,176
09430500,ar5,zero_shot,CAMELS-US,0.6831530151100773,0.559050164448539,173.96980576129457,36.31052525421145,10.433190934274798,-0.0006856949475707499,0.5604768617627793,765.9327792792824,1560.8100657560383,0.6489154493138557,0.7565459752801245,180
09430600,ar5,zero_shot,CAMELS-US,-2.3209932405582525,-0.182829243838609,124.25856898560609,23.591190121046793,47.3430660167697,-0.010890925203804462,0.12339749018920798,322.16837845132346,519.1756981837079,1.2026658054666628,1.1423039044118801,184
09447800,ar5,zero_shot,CAMELS-US,-0.8766221060660828,0.2489676587009002,0.5175502722546241,0.32919961095366007,16.749199580454604,-0.00487545722084206,0.7913239858886313,0.1318775957606653,0.1254512492912028,0.05392156862745099,0.0443217804955729,188
09480000,ar5,zero_shot,CAMELS-US,-0.026802940374188067,-0.32899990013567826,1.5856386510594127,0.327367128935399,-7.948614402172092,-0.002017530017386568,0.05942907356659255,6.799335470485115,14.814355351383965,0.83417680628836,0.1344230470788419,188
09484000,ar5,zero_shot,CAMELS-US,-0.45905417154917116,0.24532707643617369,14.924411618173538,3.8825692179120006,12.783767186852746,,0.8443654713854178,46.4673918556189,96.34193478697976,1.1721028089127308,0.7984111290110454,188
09484600,ar5,zero_shot,CAMELS-US,-0.014839955231979118,-0.11407482508178557,20.517771293738804,5.143729590682773,-6.315045009280707,0.006776712648744675,0.28056280085467245,84.81761596348562,182.97690349399846,1.654902278809505,0.6900036047707587,188
09492400,ar5,zero_shot,CAMELS-US,0.9364078490196878,0.9544032047637463,3.972683923165241,2.189155367192041,1.87383398774897,-0.001637057253300071,0.9656876302598641,6.796632381718856,10.195067421596962,0.32021701884637355,0.33880742119676194,188
09494000,ar5,zero_shot,CAMELS-US,0.9315182984115934,0.902429269937247,21.217651851432375,9.981572168182248,1.1020034011207054,-0.001993873395007978,0.9071226139373783,64.19064025568879,132.71876041062356,0.40786464558686414,0.39758405377052825,188
09497800,ar5,zero_shot,CAMELS-US,-0.48217866308679946,0.269476126956782,33.22494877307519,10.02131447313683,9.469635428761306,-0.007888679964779407,0.8937694655871868,108.4648183725953,195.94050666604792,0.6398931871684059,0.42199329485493087,149
09497980,ar5,zero_shot,CAMELS-US,0.706276667059032,0.7953089683487269,27.50129310380179,7.257425710007721,13.853281105324688,0.001303035303087046,0.8448364781251347,107.88946133219574,190.39414709981475,1.082854327475776,0.9705189891862656,188
09505200,ar5,zero_shot,CAMELS-US,0.3385280649435497,0.6082681064385789,20.545374800686584,6.058820016737298,24.166039226523882,0.0012217561882625167,0.7227089244033713,77.13316619460858,46.24674479288863,0.5809820359281438,0.601498670580376,178
09505350,ar5,zero_shot,CAMELS-US,0.05252485895128778,-0.02994903920726144,130.07552749038038,21.580469280674365,-25.574238471470153,,0.29281289602434846,562.6460902625258,1242.0956720362415,1.7496817851380824,0.9983849961200761,188
09505800,ar5,zero_shot,CAMELS-US,0.6418237720553537,0.6895414061041651,14.535213898610445,5.452446377931167,7.315462476595947,9.06227102936974e-05,0.7574216223284477,60.40747737927901,109.07310997506792,0.3244613434727503,0.3070643854163612,188
09508300,ar5,zero_shot,CAMELS-US,-0.8244183399613385,-0.22427598192625275,70.07986195016213,10.331284049770444,-86.82573964223793,,-0.06667048284026333,313.22583095651555,438.8544875802351,1.7067134739965983,11.494335175625368,180
09510200,ar5,zero_shot,CAMELS-US,-3.442963832997834,-0.5011982310753038,122.56813014740712,18.399956421628314,70.01143341147227,,-0.2668715207590413,528.5175671782038,366.1507980815767,1.6639709263849787,1.4533936690585192,188
09512280,ar5,zero_shot,CAMELS-US,-6.671563683779718,-1.3746958329597185,16.872216612552972,2.6279182254749456,139.66545978269954,,-1.2120848864388378,72.81753867423407,37.5956477013726,1.7763492701218697,1.7177470738293654,188
09513780,ar5,zero_shot,CAMELS-US,-85.08601415007263,-7.336834218292832,103.43281094292392,12.53843719912102,-131.06049910796978,,-7.2882130656515525,459.74570277023724,80.43914764597416,1.672945625153181,-45.008926442588695,178
10023000,ar5,zero_shot,CAMELS-US,0.9982385273290618,0.9837640918722703,0.7661386342064923,0.4531691539214137,0.9199114745404428,0.0007445675366663934,0.983778447267305,1.7640370086584545,2.210323557518511,0.0862635132642143,0.0866842370781625,188
10166430,ar5,zero_shot,CAMELS-US,0.9860245591985104,0.9528508021537042,0.8415641211293446,0.20604996202179307,2.404736328904117,-0.003379843272167872,0.9530020643561494,3.5380655829631835,2.2163788101705557,0.20026152757829746,0.1917442757301402,188
10172700,ar5,zero_shot,CAMELS-US,0.9217638471594285,0.9592429794481546,0.4403221966638823,0.158635800095627,-0.24859594559103967,-0.0001377784991043766,0.9895609653396439,1.695268414036332,0.3573274424064789,0.09007115135834412,0.054528829255550484,188
10172800,ar5,zero_shot,CAMELS-US,0.9938114788389284,0.9818646468215843,0.639395661490491,0.2885074951279189,0.07093462558692924,-0.0014863882768974442,0.9820472883834681,2.026259923012144,2.247610235907644,0.1615917512485903,0.17065004301679199,188
10173450,ar5,zero_shot,CAMELS-US,0.9936507713123243,0.9854879926232324,9.107136822576983,3.2137269137807114,-0.29944174939259444,0.001099037957166031,0.9856245759487844,37.05738742701301,56.19633499275485,0.22271860852990233,0.2426203399113022,175
10205030,ar5,zero_shot,CAMELS-US,0.994036293918226,0.9850029295407978,1.3253499472011359,0.6385973219691631,0.8896737271241604,-9.148386759749369e-05,0.9851920268827503,4.439527421504727,5.81238144458502,0.14196772018876153,0.15016238864254097,176
10234500,ar5,zero_shot,CAMELS-US,0.9825117743757448,0.9849498249956152,8.278538780152054,3.267663952126171,-0.1933762091971221,-0.0020221375946653467,0.9871888601886327,31.62933089728156,53.892265652422196,0.17566162024731308,0.16885917015388896,188
10242000,ar5,zero_shot,CAMELS-US,0.9676875592218357,0.9116212680576633,9.93755560843015,3.958430191017402,-1.4460659522581998,-0.0019829550458640727,0.9124595209324582,33.88936106424666,64.14199403719307,0.3289744369510384,0.29339814834388717,188
10244950,ar5,zero_shot,CAMELS-US,0.9952084017322017,0.9864391254917403,0.4588962753008984,0.14387811894853073,0.7243052462633633,-0.00018371844487256699,0.9866178196862803,1.88229169421004,1.7457293712634248,0.07674305216967334,0.0739252927516623,188
10249300,ar5,zero_shot,CAMELS-US,0.9978262275727388,0.9870170386036847,0.3128278622123292,0.1269530442460955,1.154375555592135,0.0018083223563903593,0.9870265293514512,1.2158703173648904,0.5905335071985847,0.22773852961726573,0.21342523055438278,182
10258000,ar5,zero_shot,CAMELS-US,0.3760104017050979,0.5328928930727016,1.901141698451977,0.5571633410294171,25.620350022921667,,0.6775855495847785,7.571967637496165,16.838510887792577,0.5195130870905387,0.2556170014679963,188
10258500,ar5,zero_shot,CAMELS-US,-0.028269886908514286,-0.38146362014644053,2.829941598056113,0.8579421865363398,76.86043087435229,,-0.23881340648727467,11.598192579365973,25.84484277349389,1.9158004158004156,0.1434599325530342,188
10259000,ar5,zero_shot,CAMELS-US,-0.3929235860461593,0.4147016579706586,1.2008523317484783,0.32140164591203074,4.573533552876938,0.00046393596382741063,0.521140220807479,1.3006618938084304,3.4264154611416546,0.2539476880719087,0.30904402867873276,188
10259200,ar5,zero_shot,CAMELS-US,-36.02124061466091,-9.940787121816028,0.7101410673610515,0.38514742111718214,1000.1069999312879,,-9.925324447345348,1.0040916124091583,0.5714447609820004,0.5549374130737135,0.09473655532258116,188
10263500,ar5,zero_shot,CAMELS-US,-1.4041405991901095,-0.27370486038093267,9.423198962840916,2.163839231015972,41.970155032576706,0.0014252877805864955,-0.27244690870446675,40.53144880226025,85.78333676173837,0.23679226416648042,0.34053647704257345,178
10310500,ar5,zero_shot,CAMELS-US,0.8288908474886468,0.8890914961638142,0.989121511462728,0.33652703126100153,0.76570708166864,-0.0008980135245412503,0.9337123702005448,4.035709191268997,7.057412254379285,0.17592405260291027,0.12463355813389126,188
10316500,ar5,zero_shot,CAMELS-US,0.9831358271722299,0.9828006707875022,10.343295498788674,2.991475678493385,1.2298621018470894,0.0010451007949800126,0.9839040089500285,42.44165872562158,6.63224657878007,0.3206110148745186,0.3236940750507026,188
10329500,ar5,zero_shot,CAMELS-US,0.987442885199876,0.9320723614031752,4.02262944373332,2.4962555333555776,6.704520805075831,0.003767679005258661,0.9322735994492317,10.850617122554269,4.130474640438046,0.2867470536883457,0.2534318824635993,178
10336645,ar5,zero_shot,CAMELS-US,0.9527964059931012,0.9571203447349583,5.13328115685951,2.0792992041465457,3.5719066134962283,-0.015868915282768258,0.9638239816437919,12.242442687865886,5.88899599510884,0.4335771830725067,0.41415925694405226,181
10336660,ar5,zero_shot,CAMELS-US,0.9787819902266431,0.9506667814063181,7.59276407828656,3.718245804317274,4.2750385560596476,-0.016329744335377892,0.9516389031417896,20.78522568708383,28.31165196923197,0.3675016937254613,0.3340892045164953,181
10336740,ar5,zero_shot,CAMELS-US,0.9832945190594853,0.9846765592764617,0.08206238323401624,0.038412195933591894,1.2823694715802463,0.00013553879276976405,0.9868156332752968,0.2529448752622516,0.27864283800780176,0.39635210150674066,0.4046078064875352,188
10343500,ar5,zero_shot,CAMELS-US,0.9825374155800299,0.9496292331504238,1.923018075323598,0.8414013946920436,4.359658184687574,-0.0022013045135260076,0.9502479024142035,4.104261974458208,0.5493376524012542,0.3171765043802959,0.30100640596022166,188
10348850,ar5,zero_shot,CAMELS-US,0.9782437398575281,0.9642390490136271,1.831772289170044,0.7782084255266493,0.10059574551136745,0.0012494257001198442,0.9657569760425703,6.756679954067382,10.391743448954227,0.255878909670818,0.26002396784094556,188
10396000,ar5,zero_shot,CAMELS-US,0.9521319532057243,0.9519072517861099,28.547199805664608,14.227003404445394,0.9725378354431328,-0.00031348598807371536,0.9582480703810663,90.32461106249315,77.52838688191524,0.30306180797421634,0.26523575666582916,185
11098000,ar5,zero_shot,CAMELS-US,0.6077506305519491,0.5321655641099577,6.472372735056829,1.9336641253636608,34.256745699769894,-0.0052240241583086724,0.5402414485925904,27.5061837088668,58.03417078534428,0.7827436374922407,0.5578752124947448,176
11124500,ar5,zero_shot,CAMELS-US,0.16362541533053276,0.057578669165094465,19.20227836643559,4.526368244330598,32.03422866037919,,0.15480335007931478,83.10469713710367,175.1568421320907,1.0915745065942695,0.2332224675685343,178
11141280,ar5,zero_shot,CAMELS-US,0.5778153796025539,0.7087602513498669,1.422598428617112,0.8962048094743714,22.360123726826274,-0.0024142113217540187,0.748651125209111,4.223038933251005,6.897674921117407,0.2652701644479248,0.16430027482276688,188
11143000,ar5,zero_shot,CAMELS-US,0.4907101724792504,0.7173955166127977,47.85428125661937,15.652220862246427,2.712276593050509,-0.0048201864367366405,0.8853323250847221,204.04560483110998,271.13740999982156,0.5814046337184684,0.4216612547083174,188
11148900,ar5,zero_shot,CAMELS-US,-0.03229533979185306,0.34493613297907044,156.02887837477869,54.390208499072216,25.499224586784596,,0.6836562164014561,657.3975176248965,1022.8574150756043,1.278568892377268,0.6138524195037308,188
11151300,ar5,zero_shot,CAMELS-US,0.2951674329531553,-0.05290217091326421,9.212401332926884,3.565627285630499,87.27322514659086,-0.008883042406362798,-0.0025334806365884255,35.15405821677781,77.77398014625618,0.856699076128616,0.16447518434795327,188
11162500,ar5,zero_shot,CAMELS-US,0.36853235806417994,0.3552096038092325,42.21143902141056,11.496179470623133,-9.765953907315428,-0.01908347361212297,0.470701168877223,181.18103593641004,362.48504523635745,1.0787450005369643,0.6598493732861104,188
11176400,ar5,zero_shot,CAMELS-US,-130.80196546289963,-11.297873278258564,198.12437993259476,23.44204910255447,541.7672092271077,,-11.293442160969397,818.8743244562011,1849.786190854934,1.0370792630787966,1.4441612660877365,188
11180500,ar5,zero_shot,CAMELS-US,-5.049794850224363,-1.3631012928771469,6.926184664031548,1.3357575088371285,137.38244184385448,,-1.3298822697319954,29.38888362437157,10.935246870746468,1.3720139157325089,1.0229698109744958,188
11180960,ar5,zero_shot,CAMELS-US,-0.2899256510742858,0.08066316266822215,3.3606486461462155,1.0122027817522576,72.65716253071493,,0.1596254362247841,14.067225123679007,15.137868468662443,1.1826702770256199,0.756194454049866,182
11224500,ar5,zero_shot,CAMELS-US,-0.7057337087440356,-1.3379840506175653,0.95451748094314,0.49872594731381104,226.53220872229184,,-1.3011579029014957,2.6140974898886915,5.023354678102644,0.7978329056173367,0.09923235859359704,188
11230500,ar5,zero_shot,CAMELS-US,0.9666030875332654,0.9531728003105748,23.461473180450877,8.98386498675035,1.2777440611880848,0.0024938697656303327,0.9551659330041954,88.46892297687698,128.30064108101115,0.3965085120848942,0.43010013583581186,188
11237500,ar5,zero_shot,CAMELS-US,0.977243645077362,0.9805014438255911,13.496589676270647,4.305568672640971,1.3691179664865507,-0.015697342978988157,0.9838061701346613,52.760030529437884,24.199112119014423,0.4100602726486522,0.44529328257259393,188
11253310,ar5,zero_shot,CAMELS-US,0.0026456660142768484,-0.09561584179129645,1.8770510661513227,0.516720216715344,68.72795416448723,,0.10134255288448879,7.638433740245631,16.959518623058194,0.9297539149888144,0.1704190465094979,188
11264500,ar5,zero_shot,CAMELS-US,0.982994945733307,0.9648675668818858,64.85827821569698,29.847202696531177,-1.9103811766396774,-0.005028359237467556,0.9657556223437156,201.25582682582007,263.076640618636,0.38721654195464666,0.379948608596685,188
11266500,ar5,zero_shot,CAMELS-US,0.9870192829250217,0.9880511228695944,96.8983227618256,42.914839999707624,-0.8045336640705567,-0.005515916493816948,0.9897096664190977,301.06251190866493,459.7876524781357,0.34245584923551026,0.33106776810390687,188
11274500,ar5,zero_shot,CAMELS-US,-99907485731.66396,-358514.20814632846,651341.2647739818,49239.9663138253,17087035.006652974,,-358514.2081463284,2872145.008664337,6092739.636520849,1.1322625421376165,1.9998669360984846,175
11274630,ar5,zero_shot,CAMELS-US,-1011.7326850023281,-31.26302514847989,48.92034117976589,4.32006353133868,848.3636656352769,,-31.260696512520703,218.1462136969563,5.557876175238668,0.8357973140729038,1.6308174121950618,179
11284400,ar5,zero_shot,CAMELS-US,0.2102502989633206,0.22861175961024693,10.607154383765447,3.314820470271928,28.119275403952624,,0.36302775633381756,44.34550898000517,85.96526174142609,1.4846200502556106,0.3713650226364689,188
11299600,ar5,zero_shot,CAMELS-US,-1.6990159836733856,-0.3108284200431439,23.74049464503982,4.450944997993717,87.77349841670778,,0.023323757968725767,102.49824990375613,122.30766945318413,1.5150357995226726,0.9689767897722,188
11381500,ar5,zero_shot,CAMELS-US,0.7361884092178235,0.8327572228128831,119.14361439279381,47.25938619929532,2.931158857079466,-0.004819365977009963,0.906494624821468,479.07793587609456,656.2667413602713,0.3945034412620326,0.30783813982434116,188
11383500,ar5,zero_shot,CAMELS-US,0.7427171225732575,0.8553430597112338,138.52458668362843,47.780856590327126,6.985332505716708,-0.00483904293765919,0.9084320930644462,566.1085840694284,786.1079985575763,0.4771074710347583,0.3781361494888824,182
11451100,ar5,zero_shot,CAMELS-US,0.6036326100161662,0.7139283538389944,94.70751918899954,28.430711018507253,4.214660067317255,-0.05315645270256458,0.8187093696853184,400.3882500042153,584.3258755730066,1.127003892919078,0.7843646311648954,188
11468500,ar5,zero_shot,CAMELS-US,0.7165506989862815,0.647649982321647,160.02379709957924,47.89298244933307,-2.325946296258956,-0.02320942047453345,0.6703125123955942,701.3720004606472,947.9001178032734,1.1682307031195558,0.7337188333251702,179
11473900,ar5,zero_shot,CAMELS-US,0.39116635780916886,0.6027282089878832,1551.998951054148,464.3819258605058,5.709919432380798,-0.043710256216776724,0.8064894021829252,6729.092588157922,9533.976017356312,0.9361016307687948,0.6392706203239396,179
11475560,ar5,zero_shot,CAMELS-US,0.808446676801414,0.8228047486006066,17.11596029670892,5.5706841035719785,-1.3009482712411002,-0.021070227962810984,0.8520450438457803,68.01339822099943,50.0721411375119,0.9770378448459229,0.7436504303587889,188
11476600,ar5,zero_shot,CAMELS-US,0.9235930222087656,0.856305489945686,59.83679042787769,16.833522363828898,3.2469836064784143,-0.03392286199468343,0.8574399430324849,259.86515040725294,185.2838584459893,1.1172922510889003,0.8855910262408911,176
11478500,ar5,zero_shot,CAMELS-US,0.7370292110514902,0.7688857164054652,790.580404071905,235.6310868096541,5.533620739960998,-0.033700574163253186,0.8121147189432134,3445.8167134113273,3535.666428834806,1.1869949106753264,0.8639792634559831,178
11480390,ar5,zero_shot,CAMELS-US,0.6704539533386328,0.7339729551607559,204.96822073070797,58.80839435977641,5.465701199385791,-0.06179749000898897,0.8048074910770151,889.2122500595127,1575.6966003566818,1.099755316975736,0.7610781425050492,179
11481200,ar5,zero_shot,CAMELS-US,0.7211375592120142,0.7825050507687884,108.61374571996357,43.423320890521914,14.629101668279066,-0.017989078896370747,0.8372452398775052,411.40991227989133,544.0167974660683,1.0255352207745894,0.8022957308284487,180
11482500,ar5,zero_shot,CAMELS-US,0.8310204332713338,0.8002776882723698,616.7128184030239,184.23117219583236,1.2294425906352948,-0.019406859790929938,0.8181022431543177,2661.623552980148,4727.28973741495,0.9025962999568953,0.670227893872686,179
11522500,ar5,zero_shot,CAMELS-US,0.8824183384134815,0.9255873949898411,650.7074953606634,266.40112832399825,1.658555858568648,-0.008685059296202419,0.9560732363370376,2502.1037657994366,833.893889367119,0.563144751372712,0.4805391114806178,188
11523200,ar5,zero_shot,CAMELS-US,0.8276089200671186,0.8912462348218453,181.38128965523032,56.98028744001673,5.8290230384108845,-0.007986922872343372,0.9260136688671643,745.58150264845,1009.6077409728028,0.5354101765316719,0.4871185636727486,175
11528700,ar5,zero_shot,CAMELS-US,0.7960678378637578,0.8344724311137137,609.0227309865018,209.47365937969658,1.6476095372090576,-0.013362521648519997,0.8739706860879612,2216.959225627236,2117.6818517561883,0.7316446549716993,0.5264027605662043,188
11532500,ar5,zero_shot,CAMELS-US,0.7602666399363457,0.8267718935479035,3244.81901797024,1139.0193370004029,12.707897309832983,-0.012024433242261903,0.8697465851407175,13746.597368852274,16395.861098334753,0.9731127896462594,0.8455645158784085,178
12010000,ar5,zero_shot,CAMELS-US,0.6932067564680225,0.7465462620180388,276.09102739641816,124.73389621976538,1.6600895079733664,-0.009153470927271944,0.8058836161459481,1059.6486888548384,1653.3265686586003,0.7306161113173492,0.6289829359372581,188
12013500,ar5,zero_shot,CAMELS-US,0.6607660547490952,0.7637722819321904,513.9908439143404,203.55369466061927,3.2248017049285918,-0.009751037362295288,0.8536250301303006,1963.1550103428976,3992.0801031064775,0.8033324067288334,0.6766607641323059,186
12020000,ar5,zero_shot,CAMELS-US,0.620346647767363,0.7170275792405336,436.0953383278796,187.24508084274865,4.100887254746559,-0.010252007199277803,0.8117123517201269,1733.1421616822288,3034.9957646494368,0.8136908741434064,0.6380445799565768,186
12025000,ar5,zero_shot,CAMELS-US,0.7999161524951217,0.8640447857567286,263.1737468418259,144.16371954332945,5.2181743983383955,-0.009068828334593368,0.9112544923341055,784.9326613304178,1067.2553657230042,0.6719989141605104,0.6321011595726843,188
12025700,ar5,zero_shot,CAMELS-US,0.7614657550949414,0.8550464786977603,120.57543474047874,61.08330564618619,6.521106437791952,-0.0069437926510849644,0.9197747182478941,403.106856091607,506.3222261879418,0.6992179407499483,0.6679719225059249,188
12035000,ar5,zero_shot,CAMELS-US,0.720973606436306,0.8151921348386973,1107.2180149325843,478.4711323357576,2.6749436308658736,-0.003978266075668979,0.8910890695040778,4304.604433529118,7877.187297718157,0.5502330532000466,0.5264360963786293,188
12040500,ar5,zero_shot,CAMELS-US,0.5537892935875016,0.5910947445490996,2654.774623867911,1301.1325916103553,4.614240267247822,-0.0055274726421317075,0.6689329679459326,10073.04050405859,20263.806498705086,0.602750783765885,0.4336870602956166,182
12041200,ar5,zero_shot,CAMELS-US,0.5119823570687859,0.5749708027745496,1212.3906941706427,572.2652498950832,3.358872889850485,-0.0021755096913246928,0.6762788077821456,4613.289175605898,8759.700374533062,0.4780417464146039,0.33724905128676863,182
12043000,ar5,zero_shot,CAMELS-US,0.4909807237761882,0.5922690073909822,875.1219153718357,368.43845011591395,4.424369680137381,-0.01382378754842923,0.7199202515832197,3514.731079359337,6621.835425933901,0.6977530872536107,0.5446437065578561,188
12048000,ar5,zero_shot,CAMELS-US,0.8874969216068926,0.8595898913159887,89.42322458702397,48.8815762891819,0.29102105595802324,-0.0019768709594241273,0.8706887863599464,206.66250948603275,336.2934088674941,0.334697005117016,0.28108319310149055,188
12054000,ar5,zero_shot,CAMELS-US,0.7038793315104147,0.8466826602369049,190.42679719217756,93.09041266597418,3.5759947907668015,-0.007213674150602603,0.9532122100020215,705.0916541345842,498.51199894571323,0.45623488427463316,0.4170225155301666,188
12056500,ar5,zero_shot,CAMELS-US,0.6386746572927782,0.7701594931123835,325.4456152005138,145.89418181263795,2.7459424638185186,-0.006638427725177535,0.880248766481816,1277.3762597973284,2054.5661113637843,0.5363199589593836,0.4387601056137164,186
12073500,ar5,zero_shot,CAMELS-US,0.7653531533058625,0.7912144668370336,3.5532181509830725,1.7537272037801501,5.811730017144769,-0.001101235352638159,0.8297791836408692,12.77471743350773,25.41553624574534,0.3238485513101697,0.284974852045544,183
12082500,ar5,zero_shot,CAMELS-US,0.8515212932217937,0.8796434330745168,156.67361433449182,106.04407435202992,2.3987278757893358,-0.00021679775631770065,0.9064314396209124,316.70735522199124,394.7662025750107,0.33489331858765137,0.3006786527946486,175
12092000,ar5,zero_shot,CAMELS-US,0.7519125347185104,0.797214756253897,132.91503082066237,80.37835736353912,1.8991448250479508,-0.0006552296615440767,0.8456210255903636,410.4075705572386,809.1692938817763,0.31955453587640437,0.26748083857620053,175
12095000,ar5,zero_shot,CAMELS-US,0.8180075870886507,0.8786334631542875,85.55041968345078,53.2340569928638,5.225084064727558,0.0012885493988406618,0.921492113407444,281.20055810019915,427.2616014288004,0.5259053052960935,0.4802706815024776,176
12114500,ar5,zero_shot,CAMELS-US,0.9240888920549892,0.9277560309762248,41.77770679571057,26.92855018083868,4.265932878429488,-0.0012594412429579836,0.9381778391711615,98.96876883461789,73.9603815153705,0.4380210887690044,0.428388884224556,188
12115000,ar5,zero_shot,CAMELS-US,0.8774409965916364,0.9047540161903256,78.99280472866292,47.534004729365385,5.200903207090968,-0.0036671520693313843,0.9267236752985721,214.49690083888942,224.96706718645504,0.4490658450843307,0.433107875947954,188
12115500,ar5,zero_shot,CAMELS-US,0.750359145279261,0.8406037253645793,44.377692117267145,27.47868489869627,9.292912529265253,-0.008973788740284129,0.8994252905901516,107.12305172158166,95.64004092701165,0.5675014598781415,0.5260150912002817,188
12117000,ar5,zero_shot,CAMELS-US,0.8297204987784533,0.9008093180069814,26.00562553975816,14.854467896504756,5.496970601825641,-0.0017623141815126114,0.944328780673655,89.36345530231726,70.61679258546106,0.33247016437739246,0.334602860794765,183
12141300,ar5,zero_shot,CAMELS-US,0.7698200609793728,0.8245185761661818,451.37096009341377,317.7508593150587,8.173575003653417,-0.005481789021719155,0.8682782717718294,823.1150184383256,643.1930980338077,0.5148682551029236,0.4567659125738278,179
12143600,ar5,zero_shot,CAMELS-US,0.8255803465171427,0.8788675154064216,148.23827560874912,98.48620350605698,6.94001499486186,-0.005400274450299912,0.9151423128820734,385.50941330005975,511.8115270830544,0.4752289783854135,0.4492235833217031,188
12144000,ar5,zero_shot,CAMELS-US,0.8307708931197882,0.8870657488983799,153.26583553552842,100.25234830250021,5.508394989262154,-0.00043306299706035584,0.9247289671763216,429.86447240121294,625.0266764091937,0.3871380060284635,0.36880001612054303,188
12145500,ar5,zero_shot,CAMELS-US,0.7173672775765976,0.8254700861247682,71.00366622777969,44.833856390426156,8.514606708977649,-0.00988615174895478,0.9009663601751833,201.46808988295928,100.71275488045885,0.663949377713926,0.6190864986908805,188
12147500,ar5,zero_shot,CAMELS-US,0.5422778271120039,0.7612634222312863,175.06685741758616,109.57698807481204,10.997062935293577,-0.005770944923161481,0.8710771013694173,482.1152760179279,120.82662001277197,0.46808167336521256,0.45621640606490493,188
12147600,ar5,zero_shot,CAMELS-US,0.29414496295655057,0.6131857620472343,48.134026893271766,28.82350012462048,15.474692671334685,-0.018390143471863067,0.8335036209607964,123.74411247048438,173.15873184347402,0.7707923707245018,0.5946370241429255,188
12167000,ar5,zero_shot,CAMELS-US,0.49627440215600094,0.7311576775026336,1083.910941905143,589.3289968578532,8.270704308560209,-0.00586416345643156,0.9113760094260579,3974.7128703759545,6056.589080676173,0.49341953964432617,0.462055603039452,188
12175500,ar5,zero_shot,CAMELS-US,0.7891849242411856,0.8830848555476666,236.64649218240206,115.48034074028034,3.4039204128426976,-0.0023738820455545748,0.9349815821211866,399.0893316135152,587.9021096734733,0.3821280229804744,0.38103692596225786,188
12178100,ar5,zero_shot,CAMELS-US,0.7775169439686154,0.8863562936215398,68.45851281265712,37.75394234221553,1.5730332525009112,-0.00636322914325628,0.9570649507217485,228.20349187228493,314.29007094057476,0.43642490285062097,0.38856924356995975,188
12186000,ar5,zero_shot,CAMELS-US,0.600238765543906,0.7444733657213831,571.3532003633093,232.341441654716,4.663450614402749,-0.001377344197927139,0.7686479195260971,2195.300767801232,3738.968105793979,0.42378932162159916,0.4389405987355066,188
12189500,ar5,zero_shot,CAMELS-US,0.7571293396476577,0.8582690969475324,1498.645950182721,763.338027958098,3.464337018276,-0.0006714952068651928,0.8891928404182694,5447.995168284492,10378.69961567905,0.34838827572693265,0.3347945151999583,184
12358500,ar5,zero_shot,CAMELS-US,0.9726977945337653,0.9360523134525929,787.7228157853064,300.9465547867583,2.783074167385147,-0.003015152823825841,0.9369634984154083,2611.997884293136,2552.812692419112,0.3156639125754939,0.3361652110199988,175
12374250,ar5,zero_shot,CAMELS-US,0.8924081983128208,0.9397609384003087,6.869458054058921,2.066975138402705,2.3550954948450453,-0.0016301894116576045,0.9702758435898522,16.45968814514119,18.780256941184888,0.4198817442719881,0.4754970947647548,182
12375900,ar5,zero_shot,CAMELS-US,0.969064709305171,0.9231083241741825,5.718954984451707,2.5276602884181845,4.561327286692272,-0.00020211391296676498,0.9239063363432319,17.711089834570735,24.256091652341098,0.24568203599190713,0.22422269883489362,178
12377150,ar5,zero_shot,CAMELS-US,0.8734334011850514,0.9204220024170868,28.55291444999969,8.81644362360501,0.565646336585015,-0.0014689517593868308,0.9542205217510521,100.29753836639182,207.19963795673857,0.34079661421891533,0.29002518776540376,185
12381400,ar5,zero_shot,CAMELS-US,0.9845024918504565,0.9639035131126481,14.813077018435893,5.636805439863665,1.851766424118274,-0.0003242740152629431,0.9645492717797598,32.57025929289336,21.35634671113788,0.24953547407814505,0.2475741312585756,185
12383500,ar5,zero_shot,CAMELS-US,0.9825035965386141,0.9692043658995549,1.2014895165426571,0.5367111743418251,-1.16330628593345,-0.0010495895416527366,0.9703052643421645,3.0668720222371575,4.753316797899514,0.1572885657117759,0.15527563378628212,188
12388400,ar5,zero_shot,CAMELS-US,0.9694605521055415,0.9599917339522912,5.850018304521248,2.01773676753963,-1.059560427152222,0.000852903625770049,0.9626760918141924,22.88691787300252,24.060348353580498,0.39720510974211265,0.37596306998311296,188
12390700,ar5,zero_shot,CAMELS-US,0.9534499200610109,0.9744421417827591,64.6948963542623,22.0369723898484,-0.13436788911686526,-0.0022303235989225637,0.9870130906897991,264.0421416838613,248.3755245755245,0.320273911091154,0.2993868555224539,176
12411000,ar5,zero_shot,CAMELS-US,0.9129335201951089,0.9131270781167982,347.83361582407946,122.79852806360424,-1.4538565608047143,-0.003426634476672831,0.9237746208534561,1398.497831943199,1956.6680016465966,0.5138082485270488,0.5075591159178128,188
12414500,ar5,zero_shot,CAMELS-US,0.9460125250778856,0.9491373821441419,739.0529021126666,284.2511634048793,-0.7527327189029651,-0.002716317231863899,0.9560818407268771,2853.444075997116,4678.186316127705,0.373935024810411,0.3616426903044494,188
12447390,ar5,zero_shot,CAMELS-US,0.9875825767982677,0.9791925717174469,7.418201754880401,3.3954814734129233,0.05141500201976361,-0.0022269413985657738,0.9800861428920921,20.712245470221735,9.44182309345144,0.37294416827469873,0.38733224449008824,188
12451000,ar5,zero_shot,CAMELS-US,0.9716893466521045,0.9756316422125817,285.0521671578955,159.08785895620073,1.6283050764447127,-0.0005051040301721349,0.9801058892129316,417.6531937421249,607.5512272896186,0.3325365123386524,0.3510569995522831,176
12488500,ar5,zero_shot,CAMELS-US,0.9736752824073899,0.9768399181664837,41.08216091266881,23.473468845793164,0.8434004650401482,-0.0010360291293323304,0.9809201747248129,102.14356490857959,108.39906858529332,0.35052403926135417,0.3394418955564564,188
13011500,ar5,zero_shot,CAMELS-US,0.9771450655061271,0.945566388297516,74.30073096709428,26.19453952505232,3.381701938161665,-0.0026393021018318967,0.9464520448652272,245.75403340488344,134.31723450701156,0.3727232596971384,0.3936143404391691,188
13011900,ar5,zero_shot,CAMELS-US,0.9891415568981977,0.9625197802326144,94.99352509249033,43.10611390802588,2.3490971661553197,-0.00014341790891866935,0.9628033213747289,204.93973988127206,347.2794173175848,0.27816490078668116,0.3011929498498306,188
13018300,ar5,zero_shot,CAMELS-US,0.9953674322819562,0.9916494998957018,1.244996476592159,0.6019224465514996,-0.14432263471087858,-0.0004387603865607069,0.9918087005918046,4.053518808944605,5.3528868709194235,0.19992629445365764,0.21181762442655233,185
13023000,ar5,zero_shot,CAMELS-US,0.9910098904088219,0.9831902441100897,72.64461081698363,35.101326717079594,0.614117826582049,0.0009794581810631461,0.9837261391052623,161.60440246874455,131.701480868548,0.1840826105927111,0.1890222363442572,188
13083000,ar5,zero_shot,CAMELS-US,0.9325211110332647,0.9616650864314668,1.4563605448726233,0.591157393680996,-1.2061715107104558,-8.19538508996841e-05,0.9814507556571175,4.721964461188212,1.8279282654752518,0.11982480786711841,0.09772817587615129,188
13161500,ar5,zero_shot,CAMELS-US,0.9904794179594003,0.9844611094801434,9.585011950598124,4.287224869897592,1.4375796577693682,0.003372998297355035,0.9851784416853573,33.2337018049398,8.142243828774543,0.27954618345093013,0.27173207299375285,185
13235000,ar5,zero_shot,CAMELS-US,0.9684599026838022,0.965504504706311,161.3034148374881,64.40294747860855,0.9755988144100484,-0.00019829463611045414,0.9675719029419921,563.0770790024935,605.0345566388477,0.25101121418364136,0.256020261553598,188
13240000,ar5,zero_shot,CAMELS-US,0.9513763627465928,0.9553027152510801,48.385029461929825,20.94355453567709,3.755505854562919,-0.003706991618533245,0.9621057016848946,103.91325543354576,139.1372017951688,0.42026602899417126,0.4189425235417287,188
13310700,ar5,zero_shot,CAMELS-US,0.95055612401812,0.9663506504173186,168.07563801536375,65.65867764719097,1.283213899061439,-0.0009296446048240002,0.9729272140777789,557.4576655564281,1086.7530806530785,0.327951775651946,0.3431046638329353,188
13313000,ar5,zero_shot,CAMELS-US,0.9774982673872223,0.9857920719463399,90.69179957815919,34.94161385217671,0.8682206781132007,8.719494251806931e-05,0.9910248991355287,335.35238900401134,170.51964809824744,0.32049055213432287,0.3393649387956293,188
13331500,ar5,zero_shot,CAMELS-US,0.9749027998211024,0.9827467014099626,94.94534852715917,48.69660473952872,1.1873207810716713,-0.0022016992527314483,0.9876540289102479,282.59285780453837,281.3135559255884,0.3719248408886383,0.3670914475923109,188
13337000,ar5,zero_shot,CAMELS-US,0.9748509121475154,0.9745550442320896,638.202490234251,282.75137209118276,1.2124848323636606,-0.002382258495332256,0.9773964330204314,2203.143226127974,1033.6915098773077,0.3183856101264193,0.3151346506175772,176
13338500,ar5,zero_shot,CAMELS-US,0.9684043258894006,0.9819392049150091,206.85583447232554,97.16815287199529,0.35689690758506165,-0.0014694733759569693,0.9888842054004717,696.4885153573525,1010.4124439977631,0.3172794029707944,0.30283855135629434,188
13340000,ar5,zero_shot,CAMELS-US,0.966431294569192,0.9631197218244918,2093.7481100223044,902.5658274409559,0.3410987404277201,-0.0037283330355872037,0.9665012995056175,7277.358910153383,3517.474263465424,0.3221017476438833,0.30930188225601646,188
13340600,ar5,zero_shot,CAMELS-US,0.9773567571729161,0.986317065179271,626.7442872185776,312.7151387971698,0.7096859578204979,-0.0015170739905756708,0.9919030068683269,1846.3207562628797,3261.6968218539196,0.28264911733995374,0.28839657899586246,176
14020000,ar5,zero_shot,CAMELS-US,0.8341260006101237,0.7594671530252408,145.3116781597001,49.20147303526758,-1.8749659581011573,-0.00422636509119758,0.7679526296417475,590.0187748863036,1272.5976219967429,0.5792291675519483,0.46781970786433313,188
14092750,ar5,zero_shot,CAMELS-US,0.578974723583248,0.7129894344281078,40.066636981642056,11.46220661118272,5.881725075654933,-0.002914301457684839,0.7405395585490819,167.35716895228694,31.341337268728896,0.36039087947882736,0.37530868716100835,176
14096850,ar5,zero_shot,CAMELS-US,0.9092627413021813,0.8713579685399275,28.175011977767173,7.228928010377164,-0.6639944428647057,-0.0011360980213399943,0.8756986450857741,121.32243204001577,246.4090697984229,0.3486137597183512,0.2912347689731777,176
14137000,ar5,zero_shot,CAMELS-US,0.27318449212714935,0.6545846039657359,950.0817465067502,361.13435699885196,2.7701716084267196,-0.00514918980058034,0.7767879011870217,3796.987056921179,2862.306522547255,0.5095789792518552,0.43322412360271584,187
14138800,ar5,zero_shot,CAMELS-US,0.6393316768720771,0.7906799293563674,44.89933172484578,25.075769175946373,11.62839093019557,-0.01430653736917718,0.8752260344173836,116.79066267863507,87.87441148812536,0.9252922117107499,0.7921933136231106,186
14138870,ar5,zero_shot,CAMELS-US,0.7112403633107696,0.8216482824303784,21.924506706734828,12.574365194720524,10.513523679077355,-0.013518383424155053,0.8912021589984976,75.50435366278448,72.73248283133462,0.8385139763201669,0.7021467841549023,176
14138900,ar5,zero_shot,CAMELS-US,0.5954566234421588,0.7493512073119482,51.325248425837735,26.086881127248294,14.550424408007862,-0.01026481996450649,0.8104366635037146,133.1215256621659,130.1493163056738,0.7477869467366842,0.6733877953189418,177
14139800,ar5,zero_shot,CAMELS-US,0.7310585949200176,0.8313969933259712,70.24847517931572,40.08737579647972,10.51552269745764,-0.016019367149180435,0.879735484994087,239.6786000684255,66.23922601967341,0.7840487373854812,0.6674174828509546,178
14141500,ar5,zero_shot,CAMELS-US,0.7216236903235493,0.8123921593214151,85.41945301907587,46.0589766460324,1.7339188762980793,-0.009896240102634433,0.885915836159508,270.85131091936984,331.96618764338217,0.7638010350776309,0.6415850243966742,188
14154500,ar5,zero_shot,CAMELS-US,0.7381005796772346,0.819576869220175,500.95404711108245,232.54065438653538,2.963116247669263,-0.019292131027113878,0.8861681777238183,1757.9083349126997,802.2790697202759,0.8598937816544738,0.7530563191005488,188
14158500,ar5,zero_shot,CAMELS-US,0.9796484826801148,0.9857025705862239,36.12318963807204,16.309250744500382,0.17804461996083065,-0.0006759971320646624,0.9898552803564451,108.57772578591691,74.88733528048415,0.15915071324320582,0.15478119581686706,188
14158790,ar5,zero_shot,CAMELS-US,0.6805547610545504,0.7990982048003867,80.53620567828177,30.677975900186095,8.654810489897285,-0.011066938057204795,0.8469436997907306,318.5914477405479,132.12697588485233,0.7811336278977823,0.7755985024672364,188
14166500,ar5,zero_shot,CAMELS-US,0.8827785268104,0.8430712705301525,159.65575376241233,56.62499749153596,-0.3085479692716926,-0.004258563955996511,0.8529717149404497,630.3286614443574,1197.299020997844,0.8226966341689311,0.733533386741445,188
14182500,ar5,zero_shot,CAMELS-US,0.676363914519446,0.7388900801334493,466.39866655779406,227.27661621867495,15.324575390680277,-0.016083206712767726,0.7650560665281974,1865.8224271550237,514.5550803866181,0.7599938916791096,0.6928867731671471,178
14185000,ar5,zero_shot,CAMELS-US,0.7344056825675529,0.8518056708592057,559.5161361787253,268.1927622248714,6.579172164925237,-0.012288680565760855,0.9173247679861194,1997.173755604633,562.7672616981089,0.7231011756661792,0.6851984963221321,188
14185900,ar5,zero_shot,CAMELS-US,0.6045941923494507,0.7833199095461687,564.7803959424416,242.82107098383165,9.5398143025263,-0.01768250398472837,0.8734124085741757,2233.4707155368487,952.5103555052038,0.8206229860365198,0.7768330212315182,188
14187000,ar5,zero_shot,CAMELS-US,0.80217714785892,0.887272341462453,130.52509739395225,62.78304124490656,5.104429237310233,-0.00935838790343644,0.9373949620595748,447.00298756658367,300.23369759179593,0.7890790368657326,0.7519846140396291,188
14216500,ar5,zero_shot,CAMELS-US,0.9041291095393007,0.9322438749673962,243.00766767876564,117.79960176879112,1.4371982344209848,-0.0016669395133523737,0.9531658958370892,792.2560943230612,822.6259266146562,0.45114742249412737,0.4442687231364833,175
14222500,ar5,zero_shot,CAMELS-US,0.8415297795719865,0.8976750383196024,322.87043390082795,180.3104151192931,6.5229196373799025,-0.005222955124706864,0.9302441854347938,1073.2744061949597,1111.9705640419036,0.7137286320998858,0.6761410296113854,188
14236200,ar5,zero_shot,CAMELS-US,0.8315387984295328,0.8687852978471904,319.78987642147445,189.67034898614546,8.793042313681147,-0.002426544065967824,0.8907745054614176,931.8149143542186,1539.2632595714558,0.6396404036977356,0.6223518036079528,178
14301000,ar5,zero_shot,CAMELS-US,0.9235562570650204,0.9398432444992675,1039.8570295694994,489.30807257930576,4.627167484108906,-0.008264286856425863,0.9523964197616033,3753.2970889682665,4599.369098040326,0.80611767604975,0.782255074972372,176
14303200,ar5,zero_shot,CAMELS-US,0.5959064380787651,0.60495903026399,18.174369835427967,6.093587237975971,18.366285427360094,-0.011127520435579734,0.6167994537754526,76.84644483016996,98.7175069685911,0.8570589943315955,0.8857324578316537,176
14305500,ar5,zero_shot,CAMELS-US,0.6523634089941575,0.8034077048079985,1125.3730143652845,431.522372272141,4.553250558512745,-0.010163827590444437,0.9253734344001079,4491.167390471609,8612.439709105782,0.7724931998838038,0.6898709641645171,188
14306340,ar5,zero_shot,CAMELS-US,0.510838045861185,0.7450595200745609,35.38209405711565,11.175221480830832,9.675257861047072,-0.01925169541024804,0.8862757552168096,152.1446643510639,289.94465599746223,1.0426010178208565,0.8582665906612006,178
14306500,ar5,zero_shot,CAMELS-US,0.7494770097503908,0.8597986922213501,1081.5151727076154,376.86465390313475,0.5315905715861645,-0.006712881278469085,0.9472342302005949,4339.504304124177,7423.9431941081575,0.7144412136343569,0.6742582703217593,188
14308990,ar5,zero_shot,CAMELS-US,0.8745212373076472,0.8437260642776236,53.311398065129005,22.40887383196935,0.11134564951915338,-0.009938727221925427,0.8555239072995389,213.47948666132865,72.44326690513188,0.7919160932518126,0.5609693504694152,188
14309500,ar5,zero_shot,CAMELS-US,0.8130626576286181,0.8979309148581182,202.84207588236796,75.16455040085985,2.475203133743141,-0.021735932346401206,0.9530000058048546,836.3081619676994,1262.958415188533,0.9871923832064765,0.8551228216910214,188
14316700,ar5,zero_shot,CAMELS-US,0.7221447549322135,0.8292767462367907,608.1486299999988,261.32042747688814,3.635239542633781,-0.017543667545507867,0.9132154242043832,2106.3726916248606,1832.8955634547804,0.811430311201966,0.7737806518785453,188
14325000,ar5,zero_shot,CAMELS-US,0.7470850288568531,0.8396544610488503,730.6709175057575,284.74143912679506,-0.299861988153081,-0.0218260470393576,0.907007289576111,2966.7933447894798,4672.806741024807,0.9675744006823236,0.8263080172262962,188
14362250,ar5,zero_shot,CAMELS-US,0.9342147523835638,0.9131607612171848,1.945300387342798,0.6920740086876068,7.4518041079931745,-0.0053235464084249035,0.9193611454060981,7.231123592782321,4.887125684114833,0.7918824500114108,0.7140305799286758,188
14400000,ar5,zero_shot,CAMELS-US,0.7575007176049502,0.8611185062316145,1874.0209734222951,775.6246128773341,3.1939961072114373,-0.014540705112592697,0.9336903532177643,7353.730396263806,7354.604788110766,0.9157232704402516,0.7773883921376228,188
