basin_id,model,mode,dataset,NSE,KGE,RMSE,MAE,PBIAS,FDC_slope_error,FDC_KGE,tail_RMSE_95,tail_RMSE_99,RB_flashiness_obs,RB_flashiness_sim,CRPS,mean_pred_std,n_predictions
1001002,chronos,zero_shot,CAMELS-CL,0.9092511397667006,0.8177182865640206,0.03373593488045604,0.013959069974231023,-4.095800627977734,-0.0017414463638417733,0.820608814803125,0.12622035433649012,0.07597314894682232,0.2203221619129181,0.19333826005458832,0.011481044123877454,0.008445151150226593,137
1001003,chronos,zero_shot,CAMELS-CL,0.7418674850571716,0.7333609855468353,0.0037828247472375914,0.0009902576945422293,-14.468590170262415,0.0005394575927560975,0.7690676247539869,0.01568990698012694,0.025844940915703773,1.4213333129882812,1.2074084281921387,0.000715869948434727,0.0012313033221289515,73
10100002,chronos,zero_shot,CAMELS-CL,0.995585050005403,0.9750727620480454,0.22112413456571647,0.08200585055087953,-0.20490794825954436,0.0003489624297023028,0.9751059441614472,0.776361900765476,1.2835761892652637,0.26360249519348145,0.27272433042526245,0.06436878201297702,0.08537337183952332,136
10100006,chronos,zero_shot,CAMELS-CL,0.9930877362328064,0.9949393805506613,0.2675257428940267,0.09754397691661165,-0.3438940651792892,-0.00013396990510301104,0.9962285498316603,0.7571273795533452,0.34360768329887087,0.1830792874097824,0.1992214471101761,0.07604562182674265,0.08497465401887894,131
10102001,chronos,zero_shot,CAMELS-CL,0.7228231203578626,0.7409541401536269,5.079738405640124,1.6352830588817597,-10.781288894656429,-0.003856465121997093,0.7828139267803172,20.94900718375751,33.35830497741699,0.4400090277194977,0.37013930082321167,1.4394762300163224,0.9056045413017273,80
10111001,chronos,zero_shot,CAMELS-CL,0.995743536549746,0.9954887814760195,0.27182229560397175,0.10281829415140925,0.30170169232838584,0.00039343469847261114,0.9959921871179644,0.17817738871584132,0.2723598278329756,0.18102550506591797,0.18707403540611267,0.0806958603850434,0.09323478490114212,148
10121001,chronos,zero_shot,CAMELS-CL,0.9206444199961477,0.8876195681733573,1.0370686874478956,0.2847067314844865,2.723081542695183,-0.00038096184410250575,0.89187618490628,4.1949207571622775,1.6824906914362598,0.4024979770183563,0.4582991302013397,0.21868375286835706,0.2716529965400696,130
10122003,chronos,zero_shot,CAMELS-CL,0.9009947165288892,0.9467150224255528,1.3917931569142246,0.36476179234112704,-1.7394164342510752,0.0010209618216540234,0.9806512626450667,0.8740988864892622,0.6424014496906201,0.2666691243648529,0.24735186994075775,0.3086231602561052,0.26062044501304626,186
10133000,chronos,zero_shot,CAMELS-CL,0.8735312422484371,0.8179606435086803,1.115993788331683,0.33312332075327,-8.507999125135253,-0.004927925866504777,0.827135695926497,4.3144098165367275,5.430042845848313,0.34899264574050903,0.276521235704422,0.27688795065108807,0.20394077897071838,188
10134001,chronos,zero_shot,CAMELS-CL,0.970438264394952,0.9247148465320911,0.6726142621534001,0.28839778709918895,-5.192774978422636,-0.004307109263360767,0.9258442779763306,2.1932547703207446,0.9852906186356272,0.37258705496788025,0.3402971923351288,0.24113041427681703,0.15133881568908691,188
10137001,chronos,zero_shot,CAMELS-CL,0.9356285483694033,0.879720999754981,0.6869094406037161,0.2146831723359915,-5.4969400837028575,0.0010796638641916573,0.883328020814882,2.7840190768560986,2.41879728368283,0.46567994356155396,0.38562989234924316,0.18779279258781365,0.09776847809553146,130
10140001,chronos,zero_shot,CAMELS-CL,0.5778789492726675,0.49589275708506775,6.056431048345842,1.4141156190428241,-17.32435035368872,9.472965569084363e-05,0.5294887627652765,26.063276484176797,44.37657751105535,0.5745146870613098,0.35775166749954224,1.2396249977085658,0.4945530295372009,116
10142003,chronos,zero_shot,CAMELS-CL,0.4470209363562637,0.35796596698300076,5.157071098549045,1.2471855485692938,-26.972428651806467,-0.0014052766220179619,0.42031367073435766,21.119332514314006,37.25585819076694,0.8275090456008911,0.5542299747467041,1.1140787895930246,0.60312420129776,141
1020002,chronos,zero_shot,CAMELS-CL,0.9488485244720706,0.9681114342189171,0.013036239312308616,0.0057562896094861486,-1.3511423017241921,-0.0005134783274123242,0.9808540431175347,0.036548487259210755,0.026955475539574076,0.19988656044006348,0.17796829342842102,0.004850410676152267,0.003977833781391382,126
1020003,chronos,zero_shot,CAMELS-CL,0.8188480660151344,0.8075727094620941,0.0075532020432017375,0.00269583979512545,-7.550950170625939,0.00025302855088782036,0.8308266332654132,0.024924124255923562,0.03487659286178038,0.7215961217880249,0.6892770528793335,0.002372596907184226,0.0032567025627940893,141
1021002,chronos,zero_shot,CAMELS-CL,0.9551750996062287,0.9775616633598132,0.013604086857037966,0.0070011521297725825,0.3226579814613864,0.00011126033398873615,0.9939723553958475,0.004316384993493301,0.004489685398122402,0.021505553275346756,0.02359532006084919,0.005291118911742435,0.009460380300879478,183
10304001,chronos,zero_shot,CAMELS-CL,0.981871050824188,0.947501289320877,0.6983049208983783,0.25936941007026154,0.433155872991189,0.0003379389290000985,0.9477986979737532,2.410278934604989,4.157099852950892,0.26870301365852356,0.2861413061618805,0.21133856109277338,0.2101667821407318,133
10305001,chronos,zero_shot,CAMELS-CL,0.6499229762819705,0.640215446622145,5.447415683934257,1.7254162215269528,-16.631771918537588,-0.0009491132690368567,0.6864027025816155,21.189919079097145,35.67426918785191,0.6940151453018188,0.5701172351837158,1.5958576373697417,1.1393691301345825,130
10306001,chronos,zero_shot,CAMELS-CL,0.6145641723905089,0.714035314558213,3.4892986665770045,1.209686157496079,-11.069244587441165,0.00011299496273017677,0.7937384768382264,13.689431694849748,15.180444188698027,0.4469080865383148,0.3266907036304474,1.0883204157042186,0.6327125430107117,184
10311001,chronos,zero_shot,CAMELS-CL,0.9976817584575525,0.9823664512066862,0.07108162142418517,0.04003515610328087,0.6186318731734168,-4.1825273995315694e-05,0.9823750639336339,0.014201558476965971,0.010181427001953125,0.08270899206399918,0.09297212213277817,0.028155918323882156,0.06568317860364914,39
10313001,chronos,zero_shot,CAMELS-CL,0.9126542905143804,0.9443971937194952,0.5846831828681477,0.17634628200402824,-0.4445152859785345,0.0018074456389396143,0.961660817010467,2.4128260290308576,1.5889008521299897,0.3482096791267395,0.40206804871559143,0.15119081525532216,0.07825717329978943,186
10322003,chronos,zero_shot,CAMELS-CL,0.8343419996218627,0.8724899661105855,1.6986121167139117,0.6623195837874439,-4.24354119723318,-0.0006509492522139282,0.9024479977625514,6.062854900839247,8.735722168561743,0.29407763481140137,0.24019812047481537,0.5636653018416038,0.38356447219848633,181
10327001,chronos,zero_shot,CAMELS-CL,0.7915668260473667,0.8305308153175059,1.5201727375128014,0.6048598734159318,-6.137834516186334,9.367092196865823e-05,0.8687646280442197,4.693215433597932,7.95930392445047,0.3346737027168274,0.32517915964126587,0.5163243846816873,0.38601526618003845,126
10328001,chronos,zero_shot,CAMELS-CL,0.9405516264612738,0.906364710567685,0.7267080197582465,0.3416344886240752,-2.957747386227035,0.0015174058369886202,0.9103218130586651,2.43511611113726,4.3592932125483035,0.1865096241235733,0.1562361717224121,0.28062865423988625,0.26263245940208435,138
10340001,chronos,zero_shot,CAMELS-CL,0.9979554660219339,0.9987641352329829,0.1722980755371524,0.09199015431933932,-0.006027224590284483,0.0004967076475507499,0.9992378296779592,0.18192958410913573,0.12982921923412963,0.0903448611497879,0.09380128979682922,0.0745248281095219,0.11946341395378113,180
10343001,chronos,zero_shot,CAMELS-CL,0.38955204701882284,0.5492565342716071,4.498943262166812,1.1468519516407498,-2.0500500646052386,-0.0026029298439661196,0.5550313800779859,18.407089690641936,33.52523492309191,0.5866715312004089,0.5954651236534119,0.8943685906318591,0.7174803614616394,126
10343002,chronos,zero_shot,CAMELS-CL,0.8351044665898436,0.8094174772299988,1.439689895753226,0.5670166663956224,-9.906678319947646,-0.002327513761631903,0.8243952987909434,4.1326103841679505,6.0965242146993335,0.5424219369888306,0.43334293365478516,0.5148093618924711,0.42751631140708923,114
10344003,chronos,zero_shot,CAMELS-CL,0.9465502816875766,0.9617295174638912,0.8942629322021997,0.338644626347915,-0.8244652343251039,-0.0002372387437948771,0.9677491716055555,3.3790637681595346,4.123693653233244,0.2382911741733551,0.2442442923784256,0.2749621831223071,0.21832275390625,184
10344004,chronos,zero_shot,CAMELS-CL,0.9665235716017943,0.9756579627524412,0.5427534145221574,0.22393947883888526,-1.3410650648133022,-0.0003285906479707397,0.9820277778448888,0.5917947667928158,0.3679644707236962,0.18114985525608063,0.18332986533641815,0.18067185659265966,0.21155878901481628,135
10351001,chronos,zero_shot,CAMELS-CL,0.9531947047093381,0.9444634732225328,0.3881512070952573,0.14954924701075806,-0.3541847931136169,0.003200619441025475,0.9481693832295292,1.558694771451904,1.3679988782564743,0.4506690800189972,0.4310949742794037,0.12447036588299998,0.07723623514175415,114
10356001,chronos,zero_shot,CAMELS-CL,0.8896139613605816,0.8896174274088873,0.9929539880058147,0.21080014387026746,2.614372226011388,-0.002241244019634589,0.8988932750826244,4.2295526094171185,4.115667874395956,0.5059390068054199,0.4961574673652649,0.17437928012285175,0.1891784816980362,188
10362001,chronos,zero_shot,CAMELS-CL,0.6144006880549837,0.7688782213230815,1.3034184636523838,0.31635248847305775,-4.776625231103933,0.002897568522155017,0.8971541756845743,4.857683822982783,8.762823104858398,0.7114101648330688,0.6663219928741455,0.27012822020413096,0.17783817648887634,84
10363002,chronos,zero_shot,CAMELS-CL,0.9001330845809796,0.868193938395251,0.46492684579042204,0.14183516669397553,7.155320382944322,0.002122763553381847,0.8743254236562412,1.03143460870289,1.565011978149414,0.5734116435050964,0.5430483818054199,0.12020925114559093,0.05698302760720253,75
10364001,chronos,zero_shot,CAMELS-CL,0.9710162532935764,0.9656210796573165,0.2987134930642759,0.1322938844009682,-1.3842072848602491,-0.0007234100635976209,0.9687060790487069,0.43292984755095537,0.6394923820326537,0.271749883890152,0.26087796688079834,0.10635155476406499,0.10406025499105453,108
10401001,chronos,zero_shot,CAMELS-CL,0.06212468623477674,-0.07883472098698996,2.3151063280154354,0.5881871354012262,-48.204888144161174,-0.0018423293032009133,-0.07733264098219328,7.4939489982688645,10.576866626739502,0.6956217885017395,0.31679651141166687,0.5728994982320851,0.082405224442482,21
10405002,chronos,zero_shot,CAMELS-CL,0.33587486725438,0.5931934045109065,7.134005400906304,2.0114722956706137,-21.495532358679874,-0.008177629111498053,0.7604698027608966,30.618959837386722,45.17225973409991,0.7844206690788269,0.6378970742225647,1.7980326173667593,0.8841791152954102,137
10405005,chronos,zero_shot,CAMELS-CL,0.06172611137056938,0.574594217405477,9.614655780568896,3.1542787027359007,1.2781679850347918,-0.00575101410030103,0.826159721567475,36.23960661474105,55.93374156951904,0.685847282409668,0.8558828830718994,2.5659258291901947,2.6988115310668945,75
1041002,chronos,zero_shot,CAMELS-CL,0.9191461622775157,0.9517430221519412,0.0058689438183084225,0.0024415684827402526,0.31885072714546575,-0.0005935068559850803,0.9694719342565683,0.02120417010262118,0.02976844916790247,0.11736255139112473,0.11714763194322586,0.001998136985975686,0.0022182418033480644,153
10411002,chronos,zero_shot,CAMELS-CL,0.3256386831789795,0.5101066433510073,2.1364559537501324,0.6015794117003679,-16.035613674586713,0.0005745095878157067,0.7155099206261815,9.06088275330394,13.295867133400455,0.8915865421295166,0.7559974193572998,0.536309369463149,0.4555920362472534,120
10414001,chronos,zero_shot,CAMELS-CL,0.9595806752601435,0.9618673016402315,0.2472385529953808,0.10476105553763253,-0.9998968987352296,-4.557408888443415e-05,0.9672447697298648,0.9007667927836279,1.936121940612793,0.14941953122615814,0.12747187912464142,0.08065893685544712,0.10540837794542313,91
10431000,chronos,zero_shot,CAMELS-CL,0.4951075085211387,0.519451257824689,5.3072040777173735,1.9818658828735352,-16.11319165388614,0.0011637900348775432,0.604414084477734,20.892359442699764,28.033357620239258,0.5883234143257141,0.3625224530696869,1.8290225333918604,1.5384893417358398,38
10432002,chronos,zero_shot,CAMELS-CL,0.4746164905572574,0.5135635426318843,1.1643627248593689,0.42775373721725485,-21.744759393711576,-0.0032141444533867088,0.6067906667257967,4.486544450961984,6.764962892813185,0.7600775361061096,0.5480287075042725,0.39286077375744977,0.30086660385131836,178
10432003,chronos,zero_shot,CAMELS-CL,0.3849646773675529,0.4628663124973591,7.853077803955177,3.837081013520559,-31.793436197903368,-0.018136184721741985,0.5781119146306204,23.812246171150914,33.767397564743085,1.0215471982955933,0.903207004070282,3.5004395775338573,3.1076834201812744,150
10440000,chronos,zero_shot,CAMELS-CL,-1.362790935600061,-0.33749973172060654,12.451747967160424,9.553624153137207,90.38975428894388,,,17.539505004882812,17.539505004882812,0.7664232850074768,0.7994085550308228,9.023265201299509,0.9515924453735352,2
1044001,chronos,zero_shot,CAMELS-CL,0.7350533374073538,0.823878520702366,0.004736972360519121,0.00154752043391844,-1.4552116279400884,-0.000297168289969018,0.8881377079413649,0.019762942963641065,0.03547521557315799,0.23775357007980347,0.21046383678913116,0.0012813876604244637,0.0009609762928448617,140
1050002,chronos,zero_shot,CAMELS-CL,0.4783005470302284,0.7462608164981057,0.004474811182515687,0.000927902445004418,0.571747848219897,-0.00013071300839199562,0.8925334051574739,0.0020972835129201696,0.00040124292101033766,0.07496339082717896,0.07931951433420181,0.0008616129245807884,0.0005084851873107255,116
1050004,chronos,zero_shot,CAMELS-CL,0.7690439249970353,0.8437300010878802,0.003357415400404394,0.001327237077722592,-2.9289645208833557,-0.004229967788464127,0.9015720383627088,0.012226142899780166,0.02394852228462696,0.23661373555660248,0.15249405801296234,0.0011015934300262458,0.0008512779604643583,70
10503001,chronos,zero_shot,CAMELS-CL,0.9379765647467906,0.942618486562517,0.8771713929913317,0.33549644649028776,-2.166220564946756,-0.000329836851574436,0.948543217768466,2.529373028555572,4.158668684161815,0.4019128978252411,0.3840019404888153,0.28093513634254547,0.18937358260154724,120
10514001,chronos,zero_shot,CAMELS-CL,0.9395595748662519,0.9085035586986102,0.8648109625768098,0.418160167005327,-5.6989055610591794,0.0013673225549412464,0.9125821547819786,1.8636716541552754,1.2400341033935547,0.41317033767700195,0.38375627994537354,0.3512507449262727,0.29708200693130493,90
10520001,chronos,zero_shot,CAMELS-CL,0.9595609936827563,0.9707686515926203,0.7623706713880134,0.4372971412297842,-2.1533122317220217,0.0006291767568248636,0.976680200829546,1.957244234788576,2.1644668579101562,0.3773632347583771,0.3866216838359833,0.3501294034356176,0.3327818810939789,74
10523002,chronos,zero_shot,CAMELS-CL,0.8829386747878608,0.9087071438271602,1.3436957381248702,0.564589405242771,-5.937962921396421,-0.001626304266669907,0.9282589324841157,3.0261448832984987,2.4796206402467904,0.4160618782043457,0.4284769892692566,0.48065022777546695,0.3641459047794342,183
10701002,chronos,zero_shot,CAMELS-CL,0.8041352029183313,0.7944784615168269,3.2382556529471267,1.038497519493103,-1.6694328543901624,-0.0016975868062756375,0.8045839809127062,12.647652896830659,20.573715798003413,0.550196647644043,0.5935563445091248,0.8668428080995675,0.7338863611221313,125
10702002,chronos,zero_shot,CAMELS-CL,0.9526106931672174,0.9631981100588064,0.33678873390259984,0.19480115338101414,-2.262373057088371,-0.002067168599272178,0.9709519968541611,0.3170107324215709,0.405155040284215,0.20068667829036713,0.18353791534900665,0.15326153343842863,0.1571178138256073,183
10704002,chronos,zero_shot,CAMELS-CL,0.92629141844788,0.9157392039482497,0.5098516787925615,0.2465257676024186,-0.6250418949987591,-0.0008719105980596487,0.9232204909047281,1.8019240603738211,3.404277801513672,0.2218601405620575,0.19866040349006653,0.19703708023086897,0.20335453748703003,76
11020004,chronos,zero_shot,CAMELS-CL,0.8555048232069588,0.8891418665604469,1.3733121401535482,0.5048600059416559,-8.146547786529787,-0.005575345679640409,0.9032629309193544,5.539711921895121,8.289478302001953,0.5876500606536865,0.5665386319160461,0.402565111799391,0.47028371691703796,90
11040001,chronos,zero_shot,CAMELS-CL,0.6930030332909676,0.8259949683959571,2.2158215537924892,0.9530084510971348,-8.445251859838384,-0.0022908205536912394,0.9122202863411515,8.014178436618169,10.236524120725518,0.6071679592132568,0.5407914519309998,0.8198068954386135,0.5860581398010254,168
11130001,chronos,zero_shot,CAMELS-CL,0.6331690001610073,0.6122245624027653,5.188479985952751,2.4234830068082225,-9.452622384338795,-0.005389992690330475,0.6574630530508361,19.67775004301422,27.170757293701172,0.49298304319381714,0.3345298767089844,2.014287598617718,1.1997138261795044,49
11141001,chronos,zero_shot,CAMELS-CL,0.8146361701279524,0.8383268342116086,0.2682396591764446,0.08507228150002417,0.40328852523994774,-0.0025914558252981487,0.8506925921682283,1.0557471535704566,1.5260452757834182,0.43737417459487915,0.4726123511791229,0.07655783379845264,0.12539614737033844,124
11143001,chronos,zero_shot,CAMELS-CL,0.5382577478599242,0.7418415331817105,0.9949196074361605,0.27977380517156836,-4.2358954129875865,-0.0011567872435955875,0.9167528960704051,3.9359905373236845,6.982293143627167,0.5185299515724182,0.5191869735717773,0.2148696357095351,0.21779054403305054,188
11143002,chronos,zero_shot,CAMELS-CL,0.49930750753255126,0.41181105102215865,2.3560100980490692,0.5800658040544362,-21.219723000177282,-0.003492716990583615,0.45553698019125555,9.568699881612677,15.436534402915777,0.832813560962677,0.5730555653572083,0.4997317826355901,0.3636845052242279,103
11147001,chronos,zero_shot,CAMELS-CL,0.3251675755750716,0.32663625361696813,2.3856599101174374,1.1936900374737192,-28.15919178706979,-0.01096279757247393,0.41717356973849096,7.133875115909772,8.159299373626709,0.735974133014679,0.4884091019630432,1.0939305999909663,0.2752920389175415,47
11147002,chronos,zero_shot,CAMELS-CL,0.4341739825349181,0.35890478813260696,8.743002763298454,3.2018170833587645,-22.067963523664925,-0.0036138048563695863,0.4094873127515787,36.14558449386273,65.39283752441406,0.7418044805526733,0.44383877515792847,2.9073022043114656,1.6000310182571411,100
11302001,chronos,zero_shot,CAMELS-CL,0.8761756838176508,0.8282645092620716,0.43261066246941776,0.13526046506705738,-5.890882312227948,0.0009873748658320788,0.8349016160948507,1.699101981663639,3.0709222647652505,0.3872150182723999,0.3360077142715454,0.11876905993570046,0.05892252177000046,126
11307001,chronos,zero_shot,CAMELS-CL,0.9673995153954257,0.9408530834630114,0.2286397043141089,0.07557126917416536,0.19560308593714593,-0.001438538647802013,0.9422409853984061,0.9181836742092988,1.7796053886413574,0.38220131397247314,0.3794786334037781,0.060564451677241476,0.07575712352991104,79
11308001,chronos,zero_shot,CAMELS-CL,0.5216726622321588,0.7469632419105938,1.8573490923977338,0.5318745108722132,-2.5388135472459976,-0.00075172445679033,0.8277649718540316,7.98024549975573,5.5710686907263725,0.5251206159591675,0.5269400477409363,0.4525447647359387,0.34479835629463196,158
11310001,chronos,zero_shot,CAMELS-CL,0.7492560645456208,0.6089107010318201,0.2874615668345876,0.1265679790498051,-13.566728447416857,0.0031023300193988336,0.6145701427566761,1.095518264304971,1.289381504058838,0.4759722948074341,0.30608028173446655,0.10972182078965173,0.04866356402635574,73
11310002,chronos,zero_shot,CAMELS-CL,0.6471869214633674,0.6595419640454778,0.8125043119797768,0.30910423959002775,-15.124515322191819,-0.004396403279307435,0.7107925685928604,2.9213348232994494,4.554025650024414,0.5236332416534424,0.41597452759742737,0.28407684771362346,0.18925617635250092,85
11310003,chronos,zero_shot,CAMELS-CL,0.9395026056573024,0.9392131197955886,0.1217834690215178,0.05872222629644103,-5.1457711069339735,0.00017853048293990648,0.9463881717650191,0.16051957961833466,0.08064866065979004,0.2818309962749481,0.2532016932964325,0.046668160710700075,0.05194202437996864,59
11315001,chronos,zero_shot,CAMELS-CL,0.825145952141495,0.9066910806530238,1.0453883386972807,0.5123289208859205,-2.7767223340434257,-0.00037092040598027745,0.9593569098085014,3.189943427521353,0.47930908203125,0.5493232607841492,0.522854745388031,0.6242445237965509,1.4065109491348267,32
11316001,chronos,zero_shot,CAMELS-CL,0.6961788216401914,0.8281132072261932,0.3646433564349242,0.18203672656306513,-8.772116418619758,0.00023217202768310505,0.8979155479587537,1.0174678232076113,0.9841632843017578,0.6284663081169128,0.6484410762786865,0.15766969567122555,0.11051645874977112,27
11317001,chronos,zero_shot,CAMELS-CL,0.8170616275475854,0.8556339511455111,0.9569674882844484,0.36531741899602554,-1.8886154515503715,-0.0029030790277807424,0.8715105933753464,3.4084537005807958,6.225690751653768,0.394731730222702,0.4039183557033539,0.30035990502601967,0.2614426016807556,170
11335002,chronos,zero_shot,CAMELS-CL,0.9907212705179452,0.9802738404450229,0.12093892241990119,0.0790495312764865,-0.5947882404994637,-0.00045726513901307025,0.9807088883497612,0.2572682422940942,0.164378596043021,0.284535676240921,0.27743175625801086,0.05918248982826787,0.08625543117523193,119
11337001,chronos,zero_shot,CAMELS-CL,0.7110707634303164,0.7023399754226103,1.5215606158045052,0.6741988434984877,-9.21525104626586,-0.0018670141109215221,0.7349450364740178,5.153661313754113,9.649939232515804,0.45647549629211426,0.3479146659374237,0.5906741742790738,0.371899276971817,185
11342001,chronos,zero_shot,CAMELS-CL,0.3875063737429063,0.45529175376065245,2.193740179268096,0.8108763332991676,-6.076233665199888,-0.0021927714180580513,0.5987833805036178,7.881775296099263,16.386781967162413,0.4673445522785187,0.3273436725139618,0.6818350778766454,0.482400506734848,187
11500002,chronos,zero_shot,CAMELS-CL,0.9581133084339373,0.954433250662847,3.4514839882120913,1.7127004693383756,-4.005696738669054,-3.3682162244697e-05,0.9587423935613489,7.266098073177764,6.210838124040438,0.2764517366886139,0.2234286665916443,1.4620334706877516,0.7530001997947693,184
11505001,chronos,zero_shot,CAMELS-CL,0.4576277143347933,0.7321577293405124,2.91217784911806,1.2175477755830644,-7.057150303255148,-0.0013789295662881215,0.8560594335120189,11.236506335123437,16.15485535133521,0.5345529913902283,0.5239301323890686,1.032052346694777,0.4807027578353882,188
11514001,chronos,zero_shot,CAMELS-CL,0.4230550614867955,0.4352666174168176,5.380259367927972,2.3867258778324834,-21.467065179355245,-0.00362102779916516,0.5090604492399649,18.924091723386645,24.327191334640037,0.6234695911407471,0.4168088436126709,2.1280881237801696,0.8144580125808716,135
11521001,chronos,zero_shot,CAMELS-CL,0.9114128810651129,0.9059038508753505,0.2096827728165226,0.11745166861348683,-5.682155243239839,-0.0014052662935822857,0.9155815150950031,0.4569173923631792,0.1749267578125,0.3058640658855438,0.28326982259750366,0.09383979396186276,0.07328725606203079,90
11530000,chronos,zero_shot,CAMELS-CL,0.9973742622277797,0.9979666332583952,0.03799775831095265,0.024328424327674954,-0.14209842629714212,-0.0001321776408805082,0.998403614439511,0.04482975122649304,0.013711982438053166,0.0403958223760128,0.04136600345373154,0.01870109638927648,0.032363999634981155,174
11536001,chronos,zero_shot,CAMELS-CL,0.9972445898732997,0.9963161798201726,0.0052019222116822614,0.0033277334393681706,-0.09722077854435356,-0.00021663381462471744,0.9965695804627561,0.004181538161280554,0.003491970690035817,0.04489392787218094,0.04483090713620186,0.0025618276238726805,0.004653532523661852,185
11536004,chronos,zero_shot,CAMELS-CL,0.9612667531794438,0.9572812677522727,0.17224048740055115,0.09721566492473667,-0.6322899624208214,-0.00010335432477397068,0.9616458445805459,0.3794783500548312,0.34282664488785963,0.10101044923067093,0.08930773288011551,0.07443213889887916,0.10731618851423264,188
11542001,chronos,zero_shot,CAMELS-CL,0.8118305692846072,0.8920689914874521,0.5037391171895552,0.19923760814275196,0.4148144850250741,-0.0001675635832107114,0.9530428496141347,0.6163241171123592,0.9030954020327607,0.19833341240882874,0.1936713457107544,0.16035659948358208,0.15276174247264862,188
11545000,chronos,zero_shot,CAMELS-CL,0.8634571004193032,0.9017248503344203,0.5243873805212043,0.20524465255125032,1.1151371282305291,-0.0037865597466487533,0.931357718150619,0.5378656264032908,0.7064574873318908,0.28854185342788696,0.2587815523147583,0.16969316487537472,0.19443310797214508,163
11701001,chronos,zero_shot,CAMELS-CL,0.802794651426221,0.8329600546483693,0.4922962576941747,0.24278669106833478,-5.468724793853441,0.0015191206663928095,0.8643547133463669,1.6052008041230403,3.1067317272373702,0.3109472393989563,0.2542802691459656,0.2042076586726026,0.12136372923851013,188
11710000,chronos,zero_shot,CAMELS-CL,0.9986486357972332,0.9904337349869891,0.030066261407672133,0.023820184892223727,-0.16170613797255778,-0.000142500119381086,0.9904385650925558,0.010531748554956932,0.01422739028930664,0.04720497131347656,0.049832526594400406,0.01714367170939168,0.023569496348500252,31
11711000,chronos,zero_shot,CAMELS-CL,0.8686664523411057,0.9231480085964915,0.6398999113937021,0.20692615449341567,1.2110848749130028,-0.00017175950380231807,0.961382744248402,0.3774327721981207,0.7787013898830182,0.11667346209287643,0.09762030094861984,0.17971835581087692,0.21495980024337769,182
1201001,chronos,zero_shot,CAMELS-CL,0.8317835844975694,0.8578727686733428,0.04084238723850228,0.008870531977326781,2.3320891777421333,-0.0005600337107161662,0.8726779216518297,0.14944076038611354,0.20404654741287231,0.14631709456443787,0.17085467278957367,0.006874240857510193,0.009971754625439644,81
1201003,chronos,zero_shot,CAMELS-CL,0.9209017344798474,0.8291051008849567,0.08465664065434998,0.01988870088614565,-7.00570946655506,0.0015877867532685247,0.832058815475756,0.3461504023177197,0.7335523415739116,0.5576708316802979,0.46890708804130554,0.01663062319887154,0.012521727941930294,179
1201005,chronos,zero_shot,CAMELS-CL,0.8406617721328927,0.8402183852451056,0.02503990477711285,0.010159567426386717,-4.917499176731195,-0.0007035862794576549,0.8606581450544516,0.0841615840306249,0.07382714736568906,0.3245602250099182,0.24201664328575134,0.009061341915480853,0.003270212095230818,148
1211001,chronos,zero_shot,CAMELS-CL,0.47787654059688367,0.327768426529905,0.18763407726997708,0.02711138015066379,-19.960743757554315,-0.0013086693719277162,0.3288538023425899,0.7905880212496109,1.3572063615129304,1.0480674505233765,0.8137946724891663,0.024651553385317174,0.012088045477867126,107
12280002,chronos,zero_shot,CAMELS-CL,0.9697540594561871,0.9254635284119335,1.0725736982193745,0.47370386694339994,-2.2402220527801298,-0.00028687072515200945,0.9264623729007868,3.5734643003380104,6.446496509439203,0.34380751848220825,0.3442271947860718,0.3821075416491075,0.31763267517089844,188
12284002,chronos,zero_shot,CAMELS-CL,0.8150981046758041,0.8200531605272645,0.17430134482059897,0.0790148587316595,-8.94184041945062,-0.003443415074145662,0.843836928535422,0.6130194220266887,0.9993249177932739,0.4775862395763397,0.42568832635879517,0.06908511200914486,0.050408735871315,93
12284003,chronos,zero_shot,CAMELS-CL,0.742044008498912,0.7025735282142247,0.08994576738694318,0.032157542986859536,-8.515857903341567,-0.0015599767652637112,0.7289320095039705,0.3672933892558106,0.5743801371251603,0.4087745249271393,0.33703553676605225,0.027894580550062262,0.012802410870790482,116
12284006,chronos,zero_shot,CAMELS-CL,0.6699164985073873,0.7714712853535549,0.7174792837616503,0.3296400084686668,-14.72454288205841,-0.004687510905605371,0.8410979997509662,2.1172010481987806,2.65666999085427,0.70830237865448,0.6052143573760986,0.284232899908819,0.24889743328094482,184
12284007,chronos,zero_shot,CAMELS-CL,0.8216200243973146,0.8225988403254165,0.13693642129354924,0.06755924053530005,-11.090137885576803,-0.0034073340566769597,0.8434023533161539,0.38057440593616854,0.18868423251332997,0.5196962952613831,0.4717537760734558,0.05774022352705863,0.036980461329221725,187
12285001,chronos,zero_shot,CAMELS-CL,0.9089374151447989,0.799215188123656,0.0934663782965505,0.024931604850344954,-6.195180687480842,-0.00027109189424462735,0.8017809676640065,0.3960274708596381,0.5067280700918517,0.42054468393325806,0.3479277789592743,0.021370551692752728,0.012587183155119419,113
12285003,chronos,zero_shot,CAMELS-CL,0.9316912254404727,0.9067676551948955,0.1594642241523098,0.059688888766147474,1.2143887010030523,-0.0008947498102727033,0.9095332163403284,0.6436399934489053,0.980547955413214,0.4448453187942505,0.45724040269851685,0.046280584165077444,0.05262649431824684,135
12286002,chronos,zero_shot,CAMELS-CL,0.481209048720851,0.536240959587269,5.538162663905287,2.4307551950216295,-16.83791316238307,-0.005517453926443674,0.6330173290868784,20.633334324943558,35.52786731775689,0.6955490112304688,0.5902271270751953,2.0530796281180894,1.7347553968429565,170
12287001,chronos,zero_shot,CAMELS-CL,0.9873964559555374,0.9693206186839912,1.2089927905314901,0.6744071714421536,-1.0364725061396403,-0.0008928987219606263,0.9698591975670664,2.8857825339208367,5.21390974511525,0.32038670778274536,0.3324434459209442,0.5180930563824944,0.5564329028129578,188
12288002,chronos,zero_shot,CAMELS-CL,,,0.09945917129516602,0.09945917129516602,-2.0385285721504007,,,0.09945917129516602,0.09945917129516602,,,0.09707082762117558,0.3700074851512909,1
12289001,chronos,zero_shot,CAMELS-CL,0.8050410880938319,0.9011115053294869,1.130344251156777,0.3301446258447171,0.2020127576201329,0.00019387498417721902,0.9896423929743674,3.3504087143522963,1.46285569768679,0.3293011486530304,0.3037196397781372,0.2810382665649416,0.22373159229755402,171
12289002,chronos,zero_shot,CAMELS-CL,0.9961400163249864,0.9952653216789272,0.039050882425241434,0.028232699379007867,-0.07928804928652175,0.000398619478490847,0.9956388559089505,0.049769149984066265,0.06655703337252233,0.08379629254341125,0.0870359018445015,0.020879550199849644,0.03648429736495018,188
12291001,chronos,zero_shot,CAMELS-CL,0.9648972748452446,0.9539566725400832,0.10073483305874702,0.07191467316860849,-2.191528102200673,-0.0001286833236678643,0.9570154914532175,0.21816673299412703,0.28266213729531336,0.2880193889141083,0.27654147148132324,0.05299763825587639,0.06442715227603912,141
12400003,chronos,zero_shot,CAMELS-CL,0.815996914221718,0.8416259452477973,0.06559887935065349,0.024028722662478685,6.479171674603132,0.0035139947637922667,0.8593993885988876,0.19770640167892656,0.09140036094393368,0.2993505001068115,0.3525572717189789,0.02062188102007548,0.010326837189495564,112
12400004,chronos,zero_shot,CAMELS-CL,0.9908934235547893,0.9772309633865464,0.012774475313558901,0.005765266746896257,2.175637209061696,-0.010442078580812225,0.9775864538692721,0.03397244983245928,0.01961889065417206,0.3210235834121704,0.3116573691368103,0.004241003919307914,0.007151702418923378,131
12448001,chronos,zero_shot,CAMELS-CL,0.891212376675022,0.8585432507620605,0.5631325865378373,0.2623089787752732,-6.361516720121403,0.0024339105490592816,0.8672224174295327,1.4143535391312947,1.212221979056107,0.3704296052455902,0.38827192783355713,0.22364767288918028,0.14968985319137573,115
12452001,chronos,zero_shot,CAMELS-CL,0.44855478522582837,0.6371317493468444,1.9140436184497684,0.8115008655697742,-14.34222503624496,-0.002592703145218457,0.7931455089812853,6.515813594706047,10.98305256343932,0.7439120411872864,0.6638237833976746,0.7217452051218224,0.6554334759712219,188
12561001,chronos,zero_shot,CAMELS-CL,0.7294193005548579,0.6980256454710898,1.027017321256815,0.42712877643108366,-19.0659506838914,-0.010625013794548617,0.7278807920473394,3.81646147794587,4.770443975636131,0.7596126794815063,0.6230656504631042,0.3741844925035845,0.23669041693210602,125
12563001,chronos,zero_shot,CAMELS-CL,0.8186401261352261,0.7885282038664007,0.9918889058520859,0.5348183740960791,-11.507109758314796,-0.008268039098127625,0.8048017589571496,2.721447564650951,2.0825328826904297,0.5362610816955566,0.40834158658981323,0.45835923376346155,0.23429745435714722,94
12582001,chronos,zero_shot,CAMELS-CL,0.7280205680106274,0.8470690078866813,1.1076681716875778,0.4696035162407033,-7.748294521222587,-0.004657175385930516,0.9064716101344521,3.944073102803442,2.1262637713397163,0.5854833722114563,0.6126675605773926,0.41246674128457483,0.3007783591747284,188
12585001,chronos,zero_shot,CAMELS-CL,0.5751035076043958,0.7362258002424115,1.5623507390410867,0.5722549203386966,-4.618107875489999,-0.0037504242923707826,0.7808989305156999,5.473971909429432,5.245053369946079,0.5252894163131714,0.5790703296661377,0.4627495914648147,0.5195775628089905,188
12586001,chronos,zero_shot,CAMELS-CL,0.49501057843752994,0.723702102940551,1.4860448360969762,0.6062117443690377,-5.98588162538652,-0.005821745581203377,0.9168674567860103,5.0775818095688825,8.600394069631545,0.5713568925857544,0.5261865854263306,0.5206066399880981,0.40856191515922546,186
12600001,chronos,zero_shot,CAMELS-CL,0.821634723966958,0.8979174152326695,0.7471032705679113,0.40669474822092566,-4.472443379206852,-0.0027083937150860875,0.9499435755807262,2.1249514513765644,0.7751474983329435,0.5284294486045837,0.5294522643089294,0.35408274110418836,0.20706859230995178,188
12622001,chronos,zero_shot,CAMELS-CL,0.8999949113813773,0.9158717587312768,0.3022287784288375,0.12906426798765827,-5.481119480344244,7.065620684780505e-05,0.9273647523638433,1.0571458970855572,1.1357593570730464,0.4559211730957031,0.42524802684783936,0.1167881987181686,0.08799673616886139,157
12660001,chronos,zero_shot,CAMELS-CL,0.9110511516159645,0.7960672579908458,0.010776449153403847,0.0031385188539550728,-10.199704909376313,-0.002788734755540456,0.7971269765094279,0.04133162882193432,0.07706692814826965,0.6744211912155151,0.660629153251648,0.0027651342170202067,0.002245095558464527,73
12802001,chronos,zero_shot,CAMELS-CL,0.9309552397458123,0.8287511501953271,0.09850007559827734,0.034870762846183255,-7.272098303694878,-0.0009938309993947902,0.8306959092454076,0.4003021833464186,0.6194209263968034,0.5535210371017456,0.47084441781044006,0.031310817141153836,0.011333194561302662,183
12805001,chronos,zero_shot,CAMELS-CL,0.9649261959890675,0.951872784998361,0.05297778046395497,0.026445788774089735,-0.8813005750383911,0.0031424808074504845,0.9549558584387902,0.17326392618468064,0.0968935593497847,0.3242112100124359,0.3167768120765686,0.020995389925417076,0.019094597548246384,122
12806001,chronos,zero_shot,CAMELS-CL,0.8529185933898434,0.8480025988423484,0.11146171676232759,0.04910841561103052,-4.458174609361792,-0.0010385075855627347,0.866528104916734,0.34041196094473064,0.2874441678457881,0.2953597605228424,0.23761022090911865,0.04202774655096834,0.02256827801465988,129
12820001,chronos,zero_shot,CAMELS-CL,0.7907840057608042,0.8277310545749164,0.9460613549494044,0.2715059203366118,-12.2524976519893,-0.0023650205075312278,0.8636349089563453,3.906096604915149,0.9067405377011143,0.7361838221549988,0.6377858519554138,0.24216193960452484,0.16391265392303467,186
12825002,chronos,zero_shot,CAMELS-CL,0.9814085328022836,0.9751803210129709,0.041760617601583734,0.017574202683236863,-0.5940566582136467,-0.000536782341113649,0.9768391748939568,0.028574454651107122,0.02613309820861924,0.04157446697354317,0.039640627801418304,0.01351054807262629,0.019990580156445503,108
12861001,chronos,zero_shot,CAMELS-CL,0.820504273602214,0.7776953241414316,0.002167027144723374,0.0009561066455990735,-7.5680275750326205,-0.0022531661879808366,0.7940167394321029,0.008001063201629391,0.011294786608807552,0.39905229210853577,0.28844186663627625,0.000731923406099304,0.0007751375669613481,113
12863002,chronos,zero_shot,CAMELS-CL,0.8735486507592775,0.8136275229100062,0.21022333084105196,0.050684226037891106,-5.490100399785972,0.002152436858920786,0.8224159724838263,0.8209864265490029,1.7995142936706543,0.7472525238990784,0.5724745988845825,0.044258533845199316,0.033430296927690506,86
12865001,chronos,zero_shot,CAMELS-CL,0.8856347305092215,0.8228978926411465,0.24103795239097214,0.09541999572201779,-6.908152564458803,0.0012863641040919702,0.8286634609668752,0.9240290668911155,0.7028679847717285,0.4351694583892822,0.35661542415618896,0.08392095015379375,0.0359133780002594,95
12872001,chronos,zero_shot,CAMELS-CL,0.9309234674069878,0.9443020405943673,0.1875231985419989,0.09264307655394077,-4.423197267783584,-0.005263141435996592,0.9551812094973143,0.5443704087676162,0.22900152206420898,0.3338620364665985,0.40597018599510193,0.07938383106684986,0.03628816828131676,36
12876001,chronos,zero_shot,CAMELS-CL,0.9501083877826346,0.9456253653061468,0.17230099373369892,0.05969349522777694,-2.5379605950920956,-0.0008186969862909593,0.9511818428604553,0.606026845596155,1.0654296000623396,0.21518172323703766,0.21613965928554535,0.04981655238628052,0.0407511442899704,188
12876004,chronos,zero_shot,CAMELS-CL,0.9639820420989317,0.9488366539401708,0.5029067519859465,0.22594938174851478,-4.3972569829295285,-0.00966487067791872,0.9499634420312221,1.0976434382526234,1.3649120330810547,0.6583942174911499,0.6972070932388306,0.1945346018981881,0.09231714904308319,62
12878001,chronos,zero_shot,CAMELS-CL,0.817876471872919,0.8955187763515504,0.5833603185709324,0.2522772343174831,-4.004259260779435,0.0014155829296647673,0.9347668001646579,2.09440856847652,2.419873212715464,0.562107503414154,0.5519835948944092,0.20769047129461551,0.15042874217033386,148
12930001,chronos,zero_shot,CAMELS-CL,0.901007170730027,0.9057405633521931,0.4321622076668425,0.22130088793470504,-2.9138075246596093,-0.0022081031409183025,0.919765111599423,1.4662737573351192,0.6422979657262351,0.35599225759506226,0.32465940713882446,0.17610329471853148,0.14933565258979797,188
1300009,chronos,zero_shot,CAMELS-CL,0.8488190367896977,0.909502807568624,0.02825237789956043,0.008692568603662713,-4.594022806291321,0.0007246983389961673,0.9448226780512893,0.09373368488465526,0.10189370872070017,0.6335548758506775,0.6800838112831116,0.007499703325647827,0.007199985906481743,155
1310002,chronos,zero_shot,CAMELS-CL,0.821344493142615,0.784475008378864,0.02012107499150386,0.005349888306444705,-7.556331750037888,-0.0005330709972912254,0.7992162407437282,0.08415445759665498,0.11480556400611605,0.3510441780090332,0.2403290867805481,0.004627981051520689,0.0024952292442321777,134
1410004,chronos,zero_shot,CAMELS-CL,0.18787110222215142,-0.007586067099633276,0.2970513261746996,0.03295801379822529,-45.0199915776629,0.0004888265890855385,0.03013330582306728,1.320496335760205,2.7893406719044855,1.3360321521759033,0.7378051280975342,0.030248485594380602,0.008090490475296974,178
1502002,chronos,zero_shot,CAMELS-CL,0.8630840253309982,0.8323646331776259,0.005391400186040151,0.00235044214177907,-5.055286595865519,0.0006628525292107293,0.845579356094996,0.020831310508925786,0.0334296965647003,0.3037774860858917,0.27642861008644104,0.0019835217926734198,0.0020714972633868456,123
1502008,chronos,zero_shot,CAMELS-CL,0.4769183789834067,0.4502375456096126,0.025865211046537977,0.007783036679029465,-10.9057789581662,0.0009774021412870034,0.5046009064357984,0.08655416857114963,0.12240462750196457,0.24754683673381805,0.1905214935541153,0.005850635687392206,0.005343579687178135,29
1610004,chronos,zero_shot,CAMELS-CL,0.358778834705627,0.1528935497370686,1.1701522525666421,0.1365066036746344,-34.331573476069856,-0.002412041244971493,0.15425485591334331,5.1373537263294775,9.605021385821095,1.1318632364273071,0.7171273231506348,0.12444844434827751,0.06499025970697403,136
1730003,chronos,zero_shot,CAMELS-CL,0.9617984278360976,0.9782850008901626,0.005990964990640001,0.0026032422412780747,0.1684016257241272,0.0015392545965190359,0.9873864787150812,0.024096673839755747,0.02083637863451686,0.2038823515176773,0.20757992565631866,0.001974100837626472,0.002663226565346122,138
1730007,chronos,zero_shot,CAMELS-CL,0.5315622343055577,0.6508036332491107,0.006812433703458079,0.0016092671802277955,-3.4294742385891794,-0.0010618038070974133,0.7710872380963203,0.02935846087895172,0.06141327827578107,0.1546677052974701,0.12044142931699753,0.001298786907102555,0.0011102146236225963,177
2101001,chronos,zero_shot,CAMELS-CL,-3.9836984522635888,-1.139389720201999,0.02689724639955007,0.004112649817970839,12.388712325711856,-0.00043918817253072676,-1.1388295918279026,0.11453429775065824,0.24690309771188518,0.14984682202339172,0.3616926968097687,0.0032274209190615868,0.0025699124671518803,188
2103001,chronos,zero_shot,CAMELS-CL,0.9747919498692393,0.97691426104516,0.003564410051470451,0.002240210654228691,-0.06630760830864846,-0.00033463961973007224,0.9805628985655781,0.0008583348308434767,0.0008583348308434767,0.04593472182750702,0.03593187406659126,0.0016881631686983516,0.002814121078699827,127
2103002,chronos,zero_shot,CAMELS-CL,0.9668274906086708,0.9513174097058035,0.0019261470457390035,0.0012791372961207723,0.38830822208023846,-6.156859210309238e-05,0.9536789647304272,0.0018119950083992098,0.0006588324904441833,0.06769941747188568,0.07349348068237305,0.0009576666883468323,0.0016856702277436852,89
2103014,chronos,zero_shot,CAMELS-CL,0.9686561195077754,0.9843304565057769,0.001127204198770851,0.0006337469023776193,-0.06761374261961851,-6.088567241417219e-05,0.9957110752324594,0.0034059304105176925,0.006032985571904501,0.023001251742243767,0.02239116095006466,0.0004800948234850131,0.0008248776430264115,173
2104002,chronos,zero_shot,CAMELS-CL,0.9739170800345704,0.8777055567462925,0.002346030435141018,0.0004912500210978964,2.5342968500775473,0.003005087760819654,0.8777728994403724,0.008946844103211641,0.015481052026879698,0.25617966055870056,0.2868775725364685,0.0003639158876040257,0.00029550553881563246,111
2104013,chronos,zero_shot,CAMELS-CL,0.7610307606954272,0.8213871310129843,0.0048972798298939045,0.0009035450344658401,-4.958094746295529,-0.0015549867361005741,0.8718529785644292,0.019148797531133206,0.038164657587901996,0.14224739372730255,0.09644277393817902,0.0008238539105366132,0.0009951801039278507,166
2105001,chronos,zero_shot,CAMELS-CL,0.8666173805159301,0.9066601206199717,0.5127535315092167,0.3021354524926706,-6.183864004690039,-0.00392485170255584,0.9335220121375497,0.27442576733969226,0.4204702377319336,0.38194140791893005,0.40959280729293823,0.26744361063629635,0.09921351075172424,55
2105002,chronos,zero_shot,CAMELS-CL,-0.1159817336539597,0.4715643431211517,0.0910257844074872,0.023144092584994655,8.023871763301685,-0.0006626883849649243,0.5980494589189701,0.3944793422966208,0.4599213467415056,0.5918843150138855,0.7214725613594055,0.01943514553169431,0.015364477410912514,135
2105007,chronos,zero_shot,CAMELS-CL,0.5675640468975103,0.693590687792291,0.03502929793624287,0.008272493949958257,-2.4860284663811325,0.00022778308361229554,0.8006094443861559,0.14538186979263087,0.20628312230110168,0.08958828449249268,0.07393446564674377,0.007816205376395529,0.0058920904994010925,70
2110001,chronos,zero_shot,CAMELS-CL,0.27297128975524076,0.16790311014953807,0.022578215108053933,0.0026122270116297106,-17.026272410849522,0.001143690274745028,0.17086330493135948,0.09497849766266461,0.1771961950673267,0.3147551119327545,0.232472226023674,0.002438501648951243,0.0005568917840719223,124
2110004,chronos,zero_shot,CAMELS-CL,0.48304971742576097,0.5077868366574834,0.0024565816182951575,0.0005529205682837675,-4.841073665408899,0.001023031308031934,0.5522916375734502,0.010101254271440353,0.018866927394283976,0.38955554366111755,0.2854389250278473,0.00047336529788227284,0.0004206964513286948,124
2110031,chronos,zero_shot,CAMELS-CL,0.799549888176802,0.8221481443576558,0.003002004504714501,0.0005805114976679668,-1.6092293501444035,-0.0002238400114798261,0.8553600991562023,0.01185188516214106,0.02359834565367331,0.17121964693069458,0.15687167644500732,0.000525929843707322,0.0005510277114808559,156
2112006,chronos,zero_shot,CAMELS-CL,-0.26947500499437593,0.9656165382312112,9.041213366908879e-05,9.041174780577421e-05,3.4225526552325243,,,9.01476014405489e-05,9.01476014405489e-05,0.030376652255654335,0.0292747151106596,5.746374570144825e-05,6.982838385738432e-05,2
2112007,chronos,zero_shot,CAMELS-CL,0.8557475177595868,0.7143774833273631,0.0011471852688607388,0.0003161378525252832,1.368505587721902,-0.00031800660798511973,0.7146612615464558,0.004516964270823058,0.007813422893113387,0.2679310142993927,0.32367417216300964,0.00024724476157966953,0.00019390141824260354,101
2113001,chronos,zero_shot,CAMELS-CL,0.9806833007347722,0.9807848443079537,0.00021143054475488896,9.92594121548868e-05,0.3298889863868707,2.7071985793172826e-05,0.9831081114662661,0.00042438878398501573,0.00011110456367085976,0.21580545604228973,0.2549845278263092,8.221271295827996e-05,0.00018367650045547634,118
2120001,chronos,zero_shot,CAMELS-CL,0.9993815920233926,0.9979792387025191,5.573806485454776e-06,2.680814629586946e-06,-0.016834589146518666,-0.0002184731193081539,0.9979792387025193,2.285164926706951e-06,3.884779289364815e-06,0.1266782283782959,0.12951186299324036,1.7922125856249701e-06,4.378470748633845e-06,56
3022001,chronos,zero_shot,CAMELS-CL,0.9489157493568307,0.9507046790177368,0.00017620073000178512,0.00010618130315323265,-0.2935947337266842,-0.0002544184258879891,0.9577683114649927,0.00041364560641130293,0.00044174329615840084,0.04890434816479683,0.046228211373090744,8.097427364197942e-05,0.00013593348558060825,147
3041001,chronos,zero_shot,CAMELS-CL,0.9856398549462124,0.9888797896855887,0.006348269944138018,0.001978417162341301,-0.6199513812532045,-0.00376884267644066,0.9912297808844667,0.0005073563855668177,0.0005073563855668177,0.11825299263000488,0.09970804303884506,0.0016203005336915277,0.0018438410479575396,99
3041002,chronos,zero_shot,CAMELS-CL,0.9791079246943198,0.9864715554779013,0.001563835940122215,0.0006772523576563054,0.5783905517550593,0.0007410157060656272,0.9898574785536823,0.0008420033552624525,0.00016178935766220093,0.13029524683952332,0.15082404017448425,0.0005120144580481765,0.0008810354047454894,77
3041003,chronos,zero_shot,CAMELS-CL,0.8539620879066732,0.8786344544413711,0.00036068924557427286,0.00011698663923981609,-4.1031056464254165,-0.00025439357336969753,0.8987116094779293,0.001421847733517765,0.0018604743071618235,0.38775503635406494,0.35716575384140015,9.572059024077768e-05,0.00016916565073188394,101
3041004,chronos,zero_shot,CAMELS-CL,0.8512177345539007,0.917150791201764,0.00013430261113673629,4.452361579751596e-05,-1.097477579070078,0.0047794237185875554,0.9507294297360486,0.0005282002605418913,3.3574178814888e-06,0.1648290902376175,0.2227766215801239,3.635853431439883e-05,4.6038825530558825e-05,75
3041005,chronos,zero_shot,CAMELS-CL,0.947019644022565,0.9585719922866758,0.0005615655691595091,0.00024106844420765193,-0.29446152687417115,-7.119343834054333e-05,0.9676395113570488,0.0016159273573854076,0.0012970053139897471,0.05263823643326759,0.05219078063964844,0.0001908437631419395,0.00040537805762141943,131
3050001,chronos,zero_shot,CAMELS-CL,0.30814403324503903,0.5188121409130952,0.003727458131533476,0.0016561706736683845,9.513947931998318,-0.0012794173946931746,0.5314373796783718,0.009319937879257082,0.009319937879257082,0.07715477049350739,0.1029568761587143,0.0013402463262615794,0.00137012405321002,25
3404001,chronos,zero_shot,CAMELS-CL,0.9925720548666355,0.9855923737417736,0.0023851567870685018,0.001086025299238307,0.5442360986647327,-0.0006886328307161571,0.9859629762508357,0.0045930853109460625,0.004741452634334564,0.14099618792533875,0.13959188759326935,0.0008683434229573615,0.0007387298974208534,91
3414001,chronos,zero_shot,CAMELS-CL,0.8907409598081311,0.8785345637523146,0.02891124758459728,0.006072443636367097,-3.9203819994798708,-0.00016080463489931418,0.8905673366074466,0.12548099137905208,0.24971431483312032,0.22445763647556305,0.1738155484199524,0.004763308674965873,0.0038594789803028107,160
3421001,chronos,zero_shot,CAMELS-CL,0.7973101762486764,0.8640665061666881,0.10178056655941399,0.022308699528432705,0.846088494583901,-5.6559476570749306e-05,0.9140500521694669,0.3523326906222452,0.5661995077535147,0.4942471385002136,0.4539603888988495,0.020696442863141484,0.004598882049322128,110
3430001,chronos,zero_shot,CAMELS-CL,0.9732993370285805,0.9170687231743504,0.009170634715893746,0.0015539464570274077,-4.938382696225525,-6.169577555998999e-05,0.9179062015953983,0.039306316399234015,0.06967396004489812,0.2889026701450348,0.29479464888572693,0.0007875947813163501,0.0004264316230546683,149
3430003,chronos,zero_shot,CAMELS-CL,0.2135927846636525,0.407195575778704,0.020224984959050632,0.003364830909556419,4.45325209772912,0.0003261390070206163,0.40930779747992074,0.08499739449330135,0.18972580614917697,0.23754295706748962,0.3138798773288727,0.0027111314810382686,0.0018713735044002533,183
3431001,chronos,zero_shot,CAMELS-CL,0.8384712869187234,0.9154256603296644,0.0017810160233367686,0.0005057150624239834,1.3378268608779669,-0.0003505181319397154,0.9743821045306303,0.0012498962563055284,0.0021309462219302657,0.1988336592912674,0.21096980571746826,0.0004367014132699714,0.0003037333663087338,107
3434003,chronos,zero_shot,CAMELS-CL,,,2.4551128715183333e-08,2.4376541043766923e-08,-0.28698666646016074,0.0,,2.4551128715183333e-08,2.4551128715183333e-08,0.0,6.300300447037444e-05,1.7139423000384124e-12,9.094947017729282e-13,31
3453001,chronos,zero_shot,CAMELS-CL,0.9418449238889031,0.8749063689228856,0.00020989482509990273,8.907697330404845e-05,2.816694128586587,-0.001269099087065212,0.8754854179037264,0.0007292010047705398,0.0005897758528590202,0.38241615891456604,0.3677831292152405,7.2154940942457e-05,6.938803562661633e-05,47
3802001,chronos,zero_shot,CAMELS-CL,0.9619750900881985,0.8923172550022969,0.024133962854940988,0.005432617683717281,-0.9886950638022336,-0.0013565342663165933,0.8925029090850074,0.10266319795573457,0.2156662362247344,0.20879009366035461,0.1835639923810959,0.0044600735283708845,0.003613479668274522,173
3804002,chronos,zero_shot,CAMELS-CL,0.9933055198051975,0.9831535613870057,0.010605170284914317,0.004986201576490439,-1.3170208372723122,-0.0006943249942604479,0.9834622728271459,0.03567669745891985,0.04887970991660287,0.18139015138149261,0.17803753912448883,0.003921373333075115,0.004066607914865017,131
3806001,chronos,zero_shot,CAMELS-CL,0.9782546950169686,0.9024658840085756,0.0009694107208924234,0.0005453744389373681,3.167107721941218,-0.0020370216961004307,0.9025115714528708,0.0028658129026180794,0.0007536504417657852,0.1522626280784607,0.14621050655841827,0.00040606850949164174,0.0008160883444361389,29
3814003,chronos,zero_shot,CAMELS-CL,0.9912089929438181,0.9779033390470623,0.006200508750127534,0.003655428750537379,-0.3640367375205673,0.0006477646917355112,0.9782934038408478,0.01409837269845807,0.003071788297683857,0.11007271707057953,0.11325308680534363,0.00283483225730333,0.003924431744962931,173
3815001,chronos,zero_shot,CAMELS-CL,0.9596339869358752,0.9503264791639028,0.006642252595341054,0.00419506612751219,-1.5302258779920008,0.0004760798077232259,0.9524999352217165,0.018568075751765015,0.03150029480457306,0.10293814539909363,0.09897813200950623,0.003104823406828754,0.004439876414835453,45
3815002,chronos,zero_shot,CAMELS-CL,0.9870530903779359,0.9915059110169713,0.009041093324486396,0.00360022692822237,-0.43943063886757666,0.0008737679669983678,0.9943438326964813,0.005427916034526033,0.005427916034526033,0.133856862783432,0.14046043157577515,0.002911621534063275,0.002340056234970689,94
3820001,chronos,zero_shot,CAMELS-CL,0.9256551094848514,0.9102818755179064,0.026472918053253414,0.004590824924076233,-3.628989660359975,0.000607863487273895,0.9179936467713611,0.11039484488805656,0.20557607269489592,0.19965499639511108,0.15501023828983307,0.0039909124061290385,0.002326576504856348,123
3820002,chronos,zero_shot,CAMELS-CL,0.9970630107023544,0.9894085149544346,0.005445538883200257,0.002751924120565201,-0.9577114855882805,0.00044266509305677243,0.9894931878304584,0.014522469216146614,0.03207206877199511,0.09449394047260284,0.08865763992071152,0.002196981455023203,0.0032049391884356737,182
3820003,chronos,zero_shot,CAMELS-CL,0.9944336832061537,0.9807105125737011,0.0074835325019373955,0.0033847810225371196,-1.1268516442314933,0.00016547686667217967,0.9808519936229763,0.010867656685945882,0.020149829771632943,0.16778995096683502,0.14737842977046967,0.0027083517767871406,0.002316422527655959,147
3825001,chronos,zero_shot,CAMELS-CL,0.9927310506831208,0.9750453260024222,0.0032565422516822613,0.0015397358143982155,-1.8846694381929614,0.0031826909661414743,0.9752630346660709,0.007272698521424931,0.0141960130979634,0.15410904586315155,0.15586458146572113,0.001253185209801902,0.0009275487973354757,153
4301002,chronos,zero_shot,CAMELS-CL,0.9983781887437552,0.9948652757410761,0.009312918598875872,0.004744010221503385,-0.37530392023067144,-0.0019495984450198928,0.9949109164028181,0.01998749539690258,0.011047728188054126,0.1387512981891632,0.14191973209381104,0.003687202271521689,0.004988409578800201,154
4302001,chronos,zero_shot,CAMELS-CL,0.9108959076935305,0.9128892128441742,0.016496059600483774,0.007695829228032381,-0.6950217583248759,0.000974655768054911,0.9249222323708765,0.05272614027677419,0.09824783722350418,0.2121378481388092,0.19218750298023224,0.006194763707021986,0.004887084476649761,160
4308001,chronos,zero_shot,CAMELS-CL,0.9628379491906595,0.9682386041484315,0.009374094150974772,0.003205505187312762,0.5184715827474169,0.0010847547756297864,0.9736108168094479,0.0028838409386441085,0.0026458255372512137,0.09493084996938705,0.09911353141069412,0.002648518438252001,0.0026242134626954794,150
4311001,chronos,zero_shot,CAMELS-CL,0.9719301574573713,0.9647438616677075,0.02746573588972036,0.010013468284793452,1.4936383216504658,0.0006319869807706983,0.9670516812101206,0.07368271461756122,0.002850060521186008,0.15470397472381592,0.17256641387939453,0.008258461033919492,0.011765497736632824,147
4313001,chronos,zero_shot,CAMELS-CL,0.9974279254390707,0.9858545069363566,0.012692114900366177,0.006973528385567827,-0.695904711919569,-0.00019477811242694237,0.9858933261189627,0.027075211615743815,0.03233099348519244,0.09994897246360779,0.09686338156461716,0.005283387746116389,0.0075994753278791904,147
4314002,chronos,zero_shot,CAMELS-CL,0.9918647550409132,0.9924185625907135,0.014088013053603599,0.006223924329760903,-0.6115766427017274,0.0009616406227672264,0.9935380650239812,0.017493091393975466,0.028865462592786335,0.11553644388914108,0.11447019875049591,0.00450918020718762,0.0066167693585157394,167
4320001,chronos,zero_shot,CAMELS-CL,0.9888176000245421,0.988931562617238,0.011589474628844333,0.0038072788978324216,0.4532120527419369,0.0001616710595317046,0.9903689639062302,0.012654036625525677,0.019996500186675245,0.11962791532278061,0.11863978952169418,0.003037698150280152,0.003351130522787571,187
4323001,chronos,zero_shot,CAMELS-CL,0.9857423825473145,0.9563187027923892,0.011218146999928954,0.004355476663351573,-0.8868018131843952,-0.0008827298880491399,0.9567168975706127,0.03721149162810538,0.04958859969317887,0.22015663981437683,0.21049413084983826,0.00359804508878541,0.0034632051829248667,116
4335001,chronos,zero_shot,CAMELS-CL,0.8985437680601918,0.9412324888176639,0.0073343904651787615,0.0018278546100750994,-1.809978816672117,-0.0295515951973555,0.9715014560482516,0.024678041475898922,0.025578435353046693,0.32061558961868286,0.36564671993255615,0.0011956034875745519,0.0013852381380274892,130
4400001,chronos,zero_shot,CAMELS-CL,0.9987240431612666,0.9946508258093023,8.984583523091666e-05,2.3407209082506596e-05,0.5185348172517604,0.00018907096583516264,0.9946729859277047,6.235463983316944e-05,0.0001320583761471228,0.20198018848896027,0.21463920176029205,1.4794280095768664e-05,5.155226244824007e-05,150
4501001,chronos,zero_shot,CAMELS-CL,0.9513180753323902,0.9736736309762436,0.030056408030555388,0.010505736872801208,0.9127093769633592,-0.00028650643233193995,0.9897247482306649,0.01540896122375338,0.007944480341218235,0.12902669608592987,0.12960487604141235,0.00855852652330835,0.008225162513554096,128
4503001,chronos,zero_shot,CAMELS-CL,0.06461665185856702,-0.15583469181180276,1.65432409895626,0.20556225992793228,-49.077068049577946,0.0028885789551796916,0.0989129523720701,7.033263322806903,15.611590796356264,0.7470356822013855,0.6428149342536926,0.09500158137240465,0.0786454901099205,181
4511002,chronos,zero_shot,CAMELS-CL,0.9904090904814062,0.9926016490151802,0.03396629660513724,0.015422062538973578,0.045783270388431885,0.0005641798164218795,0.9942480076682039,0.08119259044087884,0.1473366158496917,0.1512204259634018,0.15898728370666504,0.012509941545892298,0.015007637441158295,182
4512001,chronos,zero_shot,CAMELS-CL,0.9864142711036052,0.9811811634339215,0.0209998263981345,0.00937518494373018,-1.5941343037428826,0.0007599863921519609,0.9823297716447322,0.025620093283587504,0.03039474817035735,0.11413011699914932,0.10478006303310394,0.007690082388643801,0.007505311165004969,132
4513001,chronos,zero_shot,CAMELS-CL,0.9931622438268001,0.9911327206983221,0.02838584356083463,0.015879924061065427,-0.4021096677837506,0.0003768354314183063,0.9917714591405574,0.060968760021903,0.03322179413919452,0.20712828636169434,0.21060694754123688,0.011821160125834954,0.016345912590622902,167
4514001,chronos,zero_shot,CAMELS-CL,0.9600484281133208,0.8938923315894098,0.09122847839028445,0.0225512684819599,-5.45695291148186,-0.0016982380602178736,0.8952682132227443,0.3898397318102099,0.4244865862728349,0.29097527265548706,0.314681738615036,0.019261188589805613,0.015499589033424854,150
4515002,chronos,zero_shot,CAMELS-CL,0.8658689497835432,0.8693424765166006,0.03798394742144755,0.010469197511478642,-5.410426498033244,-0.0006230934263776883,0.8881373690657925,0.14572888631814976,0.1689511740322234,0.2047422230243683,0.20845532417297363,0.004636629341114323,0.004174364730715752,127
4520001,chronos,zero_shot,CAMELS-CL,0.7812518281220516,0.6249043184808933,0.02030199725924503,0.004245340283460065,-12.123194488791901,0.0006604012645629251,0.6295183043308034,0.08055697474308089,0.1571450666204071,0.6135249137878418,0.4883761703968048,0.0031416126199824454,0.0025418989825993776,149
4522002,chronos,zero_shot,CAMELS-CL,0.9333047814856016,0.9308974513955071,0.025047017587127178,0.00912035604107561,-2.996140648061745,0.004299876727516853,0.9391707479883359,0.0894567952417735,0.10689383148281761,0.23132097721099854,0.2519800066947937,0.007952267450157242,0.004950602073222399,142
4523002,chronos,zero_shot,CAMELS-CL,-1.5309282643160285,0.02758058801428731,0.2821237574078521,0.034091397164636016,14.456758516604015,0.0001408542445432842,0.12721295615506867,0.02404369242226664,0.0283902384272593,0.26404687762260437,0.479060560464859,0.02745919594595726,0.027895482257008553,170
4530001,chronos,zero_shot,CAMELS-CL,0.6189742594082484,0.41675089866714465,0.7458390304913519,0.08965741522131127,-15.873472412044,-0.0005283475971255974,0.4171434350940877,3.312090181764606,6.193373917397568,0.7715870141983032,0.5437191128730774,0.08437395694810196,0.022929707542061806,139
4531002,chronos,zero_shot,CAMELS-CL,0.4601430883575124,0.4511804898762799,0.40643366463574887,0.06732967621639406,-9.667916645089205,-0.001363901475931531,0.4812381913967976,1.7007967344690524,3.3883448738859543,0.6887902617454529,0.44052013754844666,0.05630607437020776,0.03606744110584259,157
4532001,chronos,zero_shot,CAMELS-CL,0.8867126539997726,0.8590573964326268,0.08267379716104113,0.020046244462526445,-6.7869798679540985,-0.033342865318210235,0.8701025629889931,0.3294698725586266,0.5387923150338768,0.3565654754638672,0.30036669969558716,0.01607826958317717,0.009054870344698429,151
4533002,chronos,zero_shot,CAMELS-CL,0.7658456310152612,0.60668609694197,4.272146084894144,0.8271510260911145,-29.321417458060065,0.010392287290242858,0.6213035810574292,17.462888115995487,23.782790745123027,0.36229875683784485,0.2749297618865967,0.7341321354059677,0.36439546942710876,134
4537001,chronos,zero_shot,CAMELS-CL,0.4494020517504107,0.35922923991225986,0.15872893723747786,0.025030702424973763,-29.331712385103465,-0.004925267608803352,0.416361237087719,0.6877224691625236,1.4264495074748993,0.9203171730041504,0.4731987714767456,0.023526534095880153,0.008157111704349518,94
4557002,chronos,zero_shot,CAMELS-CL,0.36796011950386465,0.24674249235450518,0.040552273766923476,0.005293707371391874,-34.75200481163531,0.0004350599502285224,0.31746813479091907,0.17182167069996696,0.2962499340122387,0.8026388883590698,0.38152211904525757,0.0034097126084903255,0.0003818435943685472,108
4558001,chronos,zero_shot,CAMELS-CL,0.6224086486827438,0.475865542900369,0.0325155896719567,0.0077005446478280995,21.163845759948995,0.0010481565204194798,0.4775634906056061,0.1206734962050768,0.2064685454623329,0.6853242516517639,0.8620721101760864,0.005655149016931488,0.003562319790944457,105
4703002,chronos,zero_shot,CAMELS-CL,0.9818590386374646,0.9809745717324608,0.07612602158973705,0.03367970503391104,-1.4240019665000891,-0.0008558754902509517,0.9831238711321143,0.22759909407300324,0.1964075011424738,0.21430978178977966,0.22438062727451324,0.027852301916462763,0.023932844400405884,188
4704001,chronos,zero_shot,CAMELS-CL,0.9668678848484058,0.9738875548247106,0.008002012642834486,0.00425484848275616,0.4184742987812788,0.0007884856759690154,0.9797551333315233,0.022379443763849847,0.015593168405632527,0.2513294517993927,0.22449088096618652,0.0033850549545855987,0.0032497411593794823,181
4711001,chronos,zero_shot,CAMELS-CL,0.9120795184451189,0.9085190918790321,0.09348830987107905,0.019958220646429332,-2.680376267691966,-0.0016248047455799594,0.9198094825225669,0.3958871955299852,0.8188519980209107,0.33514106273651123,0.29425516724586487,0.016749592631113024,0.0124040637165308,188
4712001,chronos,zero_shot,CAMELS-CL,0.8031920179200575,0.8278321914014996,0.07377057732543946,0.016743731841947256,-3.4800486891497284,-0.0007249487332610972,0.8608776504098703,0.29764169096876253,0.6201145696692143,0.2014009654521942,0.17171494662761688,0.014688990287878989,0.008348085917532444,178
4716004,chronos,zero_shot,CAMELS-CL,0.8974745711092585,0.9274589934961259,0.04871601772495545,0.015745117462409492,1.9970656122302868,0.0030860865885689037,0.9449352959766381,0.18286319055904926,0.07135573555924139,0.30032771825790405,0.29657700657844543,0.013298044824894792,0.009253366850316525,165
4721001,chronos,zero_shot,CAMELS-CL,0.9771773284317093,0.9783404166336267,0.03496130041270277,0.013607306035181272,-1.5382873879222516,-0.0007111320444107908,0.9811709636822485,0.08816275695410919,0.14002316163656653,0.25740310549736023,0.23285171389579773,0.011355143608167483,0.008313581347465515,103
4723001,chronos,zero_shot,CAMELS-CL,0.3393317311489875,0.677467487346292,0.12576571641864723,0.023712305220038588,-0.15986965304892706,-0.0020320494143750145,0.9732619557093296,0.36218950184857795,0.6417396799327579,0.35760319232940674,0.3955002725124359,0.02128716665269487,0.008508226834237576,134
4726001,chronos,zero_shot,CAMELS-CL,0.3579326776607187,0.1771529614268993,0.3660546586739797,0.03684013112605253,-31.660883162865986,-2.6898936792932315e-05,0.1804494218952759,1.5540368158256508,3.470331389029012,1.0738459825515747,0.6276952028274536,0.033826483468684394,0.010417599231004715,183
4730001,chronos,zero_shot,CAMELS-CL,0.6822360897745025,0.6996666917123489,0.12106525231518696,0.028551643106581297,6.283678110621777,-0.0018075752470776488,0.7124456928298815,0.3663894560022297,0.6294819978782454,0.4811069369316101,0.6182572245597839,0.016114836734191697,0.02004964090883732,118
4810001,chronos,zero_shot,CAMELS-CL,0.44134527859390515,0.6969623413060155,0.013863843473409678,0.0028568501708740217,2.934214545101745,-0.005331464824533692,0.7754260192968477,0.05761788101946513,0.07300809549408942,0.3500922620296478,0.41319239139556885,0.002360689998306264,0.0035705186892300844,187
4810005,chronos,zero_shot,CAMELS-CL,0.4049021963655648,0.5776122738304921,0.01002393033180754,0.002754215417828943,7.466523676618079,0.0018620402568689243,0.6061622624889822,0.039613384182619386,0.012632704119603516,0.4801802337169647,0.5880740880966187,0.0021062023132268296,0.0037731225602328777,175
5100001,chronos,zero_shot,CAMELS-CL,0.9524842876982995,0.9705181635311833,0.04300990220759413,0.014615815678631426,-1.1861831285453381,-0.0016618396374490293,0.982388501211514,0.17246400371185353,0.09992028181390332,0.22360090911388397,0.2320023775100708,0.011919085227741448,0.011177784763276577,186
5101001,chronos,zero_shot,CAMELS-CL,0.7739536099351862,0.5754730488209256,0.3106465642546417,0.0754805012164151,-20.46592388720839,0.001506760853061992,0.5790528486527613,1.3588717831702777,1.4778493409513633,0.47913452982902527,0.4666513204574585,0.04496777834133765,0.02644932270050049,157
5110002,chronos,zero_shot,CAMELS-CL,0.15863323694272002,0.11041977430817684,0.014271773479142942,0.002059935862041025,-27.276328878069698,0.0011415836971989807,0.28255092450660746,0.05932244765695003,0.10999418111217776,0.7867597341537476,0.44494104385375977,0.001893922861373353,0.001118757645599544,122
5120001,chronos,zero_shot,CAMELS-CL,0.9164785345336564,0.9290332478157505,0.018981552525758012,0.009376618279929971,0.8762138537915555,-0.0014507711057376443,0.9396213021015222,0.03009746644335704,0.009765625,0.4742841124534607,0.5213920474052429,0.00682894940143335,0.0036537956912070513,56
5200001,chronos,zero_shot,CAMELS-CL,0.871956865917471,0.8798955150790982,0.0575961975186541,0.012827056043959678,-3.532780556264972,-0.000851048973845598,0.8987187358288807,0.2216997551955312,0.517251653799547,0.2515105605125427,0.2382948398590088,0.010901867993436518,0.008795734494924545,188
5221002,chronos,zero_shot,CAMELS-CL,0.9997118456082139,0.9963331818231743,2.237195711536255e-06,4.806797547569992e-07,0.15124201806102228,6.805704074527158e-05,0.9963331818231747,3.3742102939545496e-06,3.3742102939545496e-06,0.016853932291269302,0.021582813933491707,3.6244153543201154e-07,1.4133599961496657e-06,98
5320001,chronos,zero_shot,CAMELS-CL,0.0006799380010222844,-0.4775234570827367,0.47175144942730884,0.04526538191677768,-69.92536431357978,-0.0018627022216796824,-0.22299606328471033,2.0495321356979335,4.098264406857166,1.5576835870742798,0.5467965602874756,0.04447249312891759,0.005139484535902739,151
5401003,chronos,zero_shot,CAMELS-CL,0.9726980157398437,0.9802289240166526,0.11656183893641871,0.057794323244265144,-0.1816191368299587,-0.0004998848427949266,0.9854012562240343,0.09905579161545548,0.04342091995905124,0.15269440412521362,0.16203594207763672,0.04468165709667948,0.052603334188461304,175
5402001,chronos,zero_shot,CAMELS-CL,0.3329843399194081,0.4318412018475416,1.3457785398407645,0.23300020942038083,-14.964821843646762,-0.0026079237121435124,0.589758004883864,5.635330324683938,11.919229546455256,0.6204633116722107,0.43307963013648987,0.21865985569788657,0.04201381281018257,166
5402015,chronos,zero_shot,CAMELS-CL,0.9751866717490357,0.9274223299308849,0.4971078019009488,0.24420870858080246,2.2308571538037016,0.0006647726520808833,0.9279688110385635,1.1086688909981275,1.507613182067871,0.333176851272583,0.3546902537345886,0.19985847160351605,0.14799071848392487,85
5403002,chronos,zero_shot,CAMELS-CL,0.46669821583484905,0.5473334985994378,0.7446896611933566,0.15332544358713288,-11.446762571015256,-0.0030149514036305093,0.66656515746412,3.193499646238333,6.756829568797321,0.5852169394493103,0.4351860284805298,0.13854432521385374,0.052376534789800644,175
5406001,chronos,zero_shot,CAMELS-CL,0.9156437672550826,0.8583718483465272,0.08938286787173108,0.03137424102743879,-7.015467981249308,-0.012937454256182285,0.8634479951583769,0.3294967898718479,0.6519162319103498,0.536217212677002,0.4734856188297272,0.02722164219013091,0.013532858341932297,152
5410002,chronos,zero_shot,CAMELS-CL,0.953214062110285,0.9393511684323892,0.16044686906524305,0.08012724475514504,-1.4836980556731307,-0.0006043989212001794,0.943851680683348,0.3256333041808001,0.3472379768210629,0.23149524629116058,0.22176732122898102,0.06481273195349813,0.05606778338551521,186
5410005,chronos,zero_shot,CAMELS-CL,0.9716888345961399,0.9443315145573508,0.06356821900422834,0.03667309514224856,1.5268334282654001,0.007446376209707756,0.9456004825928653,0.13802170905643538,0.20312853822773866,0.43963751196861267,0.44670066237449646,0.029712354420466717,0.02028067782521248,185
5411001,chronos,zero_shot,CAMELS-CL,0.6753069400967626,0.7303108675092987,0.10661879896064586,0.02866214409470558,2.4081623501379004,-0.0010601789183012182,0.7387534115379463,0.4640376661210581,0.9486133456230164,0.28351935744285583,0.3377959132194519,0.023725772813088505,0.016137348487973213,100
5414001,chronos,zero_shot,CAMELS-CL,0.9576302817431107,0.9737797336641456,0.09248633177598392,0.02996192400918362,-0.011981823794858392,-0.0003140243667201989,0.9847324623315955,0.15994513128571072,0.3079327061747603,0.19954760372638702,0.21250906586647034,0.025284178814750282,0.0186515673995018,188
5421002,chronos,zero_shot,CAMELS-CL,0.9612709939203476,0.945921752788449,0.022280830396472894,0.01414841959533626,-1.4801750707336032,-0.0006735213131275654,0.9492644339045002,0.04603592846099145,0.0650499174133201,0.16025693714618683,0.1441279649734497,0.010722987247180833,0.01109912060201168,146
5423003,chronos,zero_shot,CAMELS-CL,0.8685742966120245,0.8576971707728075,0.10812354234118704,0.04238998892400017,4.591266105968713,-0.002135297756777156,0.8654800395388826,0.3791968792877896,0.09016432930590443,0.4271056056022644,0.4924369752407074,0.035440393334235265,0.028486555442214012,188
5701002,chronos,zero_shot,CAMELS-CL,0.8322948400556744,0.7412880974208373,0.016429437597543877,0.01145278112962842,8.349207825856384,0.007686868104991206,0.7436048478594302,0.037151992321014404,0.037151992321014404,0.3498813807964325,0.3614914119243622,0.00847792283538498,0.015877647325396538,20
5702001,chronos,zero_shot,CAMELS-CL,0.8940964555212201,0.9437050203694218,0.2709741768048291,0.09086216114766417,-1.4948500793821498,-0.0003187515127390933,0.9818174593091554,1.0412232722684043,0.3302217776815319,0.29473012685775757,0.25142931938171387,0.07595949888858292,0.04406586289405823,171
5704002,chronos,zero_shot,CAMELS-CL,0.8020880316314415,0.8568494592348305,0.521271112517552,0.15525001376422484,2.0391918054502063,0.0016328124699606806,0.882360462962225,0.37416744276786795,0.34334084329964193,0.1758309304714203,0.22819623351097107,0.1304524232327359,0.08311764150857925,134
5705001,chronos,zero_shot,CAMELS-CL,0.9224987270629127,0.9121080334259832,0.16625675129406944,0.07916909026621032,-4.602556348467469,7.890698143378158e-05,0.9204165241020967,0.43869128715062095,0.7250803747801592,0.3797708749771118,0.38773465156555176,0.0703221857564281,0.04497149586677551,137
5706001,chronos,zero_shot,CAMELS-CL,0.8312854440884628,0.8715738291799542,0.267697212040154,0.09910563743132317,-5.948020719514232,-0.001822666146970419,0.8893081011627518,0.9831978379968006,1.7639823865741395,0.6018813848495483,0.6627481579780579,0.0829907697340968,0.0455118864774704,167
5707002,chronos,zero_shot,CAMELS-CL,0.9765521453487667,0.9723835979148511,0.09214498675894482,0.0549661490194341,0.8951094498854574,-0.0011835042638573857,0.9745380621066005,0.18884608197106462,0.14896996729675116,0.18017292022705078,0.19175691902637482,0.04047110034840327,0.05868082866072655,188
5710001,chronos,zero_shot,CAMELS-CL,0.9055650939887133,0.9479814625466196,0.22813578944972182,0.09580035571088182,-1.1966743550754846,0.0005455208466619305,0.9788882968405005,0.18639872950697287,0.23278933797994247,0.17024603486061096,0.16013115644454956,0.07508322889055619,0.07933889329433441,188
5716001,chronos,zero_shot,CAMELS-CL,0.5232229283175169,0.5192580800909987,1.1353025243903743,0.16038797756036122,-5.244082796054813,0.0017111395967203766,0.5601367858879391,4.913531718545537,9.774566643625292,0.5583939552307129,0.3634296655654907,0.10576545406938119,0.040176015347242355,150
5720001,chronos,zero_shot,CAMELS-CL,0.736690610472923,0.8405551738232038,0.3329668116722447,0.1064612999838847,-5.5071654679160575,0.0014012275964161436,0.9152532154994031,1.3562093876054857,2.197041990585186,0.3124493360519409,0.2860877215862274,0.09540805697906685,0.06389819085597992,186
5721001,chronos,zero_shot,CAMELS-CL,0.9598294755011829,0.9781028187103704,0.11046624051662426,0.06182936446086781,0.35368155952706437,0.00043488355981246424,0.9903526011690719,0.22953004384193434,0.2508205154066828,0.2831510007381439,0.2922089993953705,0.049866456234145345,0.03569471091032028,185
5721016,chronos,zero_shot,CAMELS-CL,0.8794382624026518,0.9126625263067898,0.08152694692772505,0.024204834602139097,-3.622649481882755,-0.0003582419906750546,0.9381796136556427,0.22017031146581248,0.26557168393181735,0.36226028203964233,0.3623502850532532,0.020791598154532003,0.012449895963072777,188
5722001,chronos,zero_shot,CAMELS-CL,0.8189088241533197,0.8622561017484249,0.12173797164796407,0.032985616245016613,-0.5724427572945113,-0.00033567773450317306,0.8760186290088443,0.4841095374854403,1.056750161642315,0.2619383931159973,0.2704780697822571,0.026628546290250958,0.026880374178290367,186
5722002,chronos,zero_shot,CAMELS-CL,0.9476883556892832,0.968379504338757,0.0716414262912523,0.03482672783636278,-0.08300735593435099,0.001055019245526135,0.9826500927060737,0.15767889694500636,0.3053138192958924,0.2307225465774536,0.2361493557691574,0.02868434603481716,0.043641719967126846,155
5730008,chronos,zero_shot,CAMELS-CL,0.38051039263517694,0.6459581877471281,0.0684253417970922,0.027447494624980858,0.5163432791859138,0.0007577581351869353,0.6895081733741018,0.26000815855565723,0.4346121549606323,0.2738461494445801,0.3076261281967163,0.022334704360351478,0.017823614180088043,70
5737002,chronos,zero_shot,CAMELS-CL,0.7808204213530103,0.8678180344024294,0.1888587789459533,0.07287168924787403,-4.6927817214342795,-0.005689965573065156,0.9001543855668388,0.5949535965869621,1.1090448305301173,0.25608596205711365,0.2759406864643097,0.06034896718540733,0.03745740279555321,113
5741001,chronos,zero_shot,CAMELS-CL,0.706394429584881,0.7899131283498656,0.08728057345719516,0.01859557484287273,-0.8465738813279006,-0.003033112576580059,0.815224695069958,0.3618299559137243,0.6260270924844192,0.5337991118431091,0.5664300918579102,0.01255390125752426,0.00985039584338665,109
5746001,chronos,zero_shot,CAMELS-CL,0.9207876739897676,0.9366684828475211,0.060092147225941785,0.02571517752206072,-0.3619056421010054,-0.0006110162900416927,0.9509042624864935,0.16055300971199848,0.3281639800905377,0.13980130851268768,0.13986660540103912,0.0191260111992915,0.026666857302188873,188
5748001,chronos,zero_shot,CAMELS-CL,0.5993196961975382,0.6418345742122551,0.18159121803654102,0.04525838699191809,-7.0705176628030815,-0.001253325692058587,0.7070551511210075,0.7654518752075553,1.6152261081885781,0.3155684471130371,0.21892879903316498,0.03893721724512544,0.019959241151809692,188
6000003,chronos,zero_shot,CAMELS-CL,0.14257110329099476,0.5784884657114093,1.4702752196609927,0.18000511371571085,4.15914385763049,0.0012487690556151204,0.6852798927393686,0.24553332380812515,0.29215748537755715,0.11269350349903107,0.19182614982128143,0.13281893634246236,0.21412833034992218,184
6002001,chronos,zero_shot,CAMELS-CL,0.927812015441068,0.9116378667313557,0.6375599903868974,0.23379060911371352,1.526533098208672,0.0005342975418851127,0.9151142787631723,2.4902365117047824,0.3224899513055084,0.18430860340595245,0.2119869440793991,0.1860452301673948,0.1617961972951889,188
6003001,chronos,zero_shot,CAMELS-CL,0.9520803989435226,0.9611801100485654,0.41844906383257735,0.19430889053049907,-1.1685413549884947,-0.0007318741911293142,0.9694857311479148,1.2340048711725848,0.6295791925634642,0.16726118326187134,0.16863831877708435,0.15675503778307556,0.13075506687164307,186
6006001,chronos,zero_shot,CAMELS-CL,0.28015278794523946,0.5530909388873446,1.8200132805246196,0.36080344718821505,5.030598724214539,-0.0004832546191731943,0.581268517590908,7.6864583144181315,0.888837758763475,0.2977844476699829,0.39452019333839417,0.31898227785961475,0.13564641773700714,188
6008005,chronos,zero_shot,CAMELS-CL,0.9513728239264099,0.9746777012988116,0.1905154063758506,0.10520647846613869,-0.7153356228409756,7.328444906547216e-05,0.99158112353601,0.3621493451846345,0.3184374426364287,0.41206198930740356,0.39459481835365295,0.08781221668180827,0.04963686317205429,165
6011001,chronos,zero_shot,CAMELS-CL,0.9420698988881756,0.9605554312338538,0.13703799913235407,0.09174569171127372,1.1059787669381416,0.0019970775832057266,0.973424828015143,0.24876676077481444,0.22696443519610124,0.27011802792549133,0.26549020409584045,0.07469475909038684,0.08351793140172958,127
6013001,chronos,zero_shot,CAMELS-CL,0.9458963817719607,0.8713414566323822,2.591801657683208,0.490506099507133,-7.254494910885947,-0.000657501637295603,0.8732526901885092,11.132767376325768,21.042601207927444,0.31817615032196045,0.31748130917549133,0.42102985050434755,0.2660176753997803,187
6015001,chronos,zero_shot,CAMELS-CL,0.749828468357033,0.8680290061505302,0.5323559057102987,0.21709874418915295,0.08959920677217968,-0.0032335659951972075,0.9661145873459708,1.7600237036383104,0.7446918487548828,0.29099252820014954,0.23856522142887115,0.1872651517963251,0.08442313224077225,61
6018001,chronos,zero_shot,CAMELS-CL,0.48745024671960946,0.6585842686094261,0.6687196302841946,0.1458884036621532,-7.310486524245466,-0.0014237692989257332,0.8160169442046621,2.817025482748441,5.48429654228808,0.4769091308116913,0.4050552248954773,0.14109216231905147,0.1741729974746704,148
6019003,chronos,zero_shot,CAMELS-CL,0.6884448767934603,0.7863916350442877,0.6911043660499259,0.14740810781083208,-0.3063402600485466,-0.0013386863593875566,0.7974495247084116,2.963958297339564,6.247757189085741,0.4177728295326233,0.3718731105327606,0.11156711826594383,0.0856611356139183,188
6027001,chronos,zero_shot,CAMELS-CL,0.7154263984018594,0.8213384758787476,1.0200661286814225,0.35382068085860696,-2.426043032255092,-0.0021056768842524845,0.8605490208649559,3.550869469279985,5.4664270580332515,0.38526931405067444,0.3993399143218994,0.28468775140000535,0.3173544704914093,188
6028001,chronos,zero_shot,CAMELS-CL,0.7749690971332136,0.8226872664177753,0.6949613091117287,0.22740398675844234,2.6196229057641105,-0.0011315418058912233,0.8372691295257931,2.7811566667711514,0.3898916054745748,0.23429308831691742,0.2554979920387268,0.16660335169006896,0.2070450782775879,186
6033011,chronos,zero_shot,CAMELS-CL,0.6630648316640924,0.697348843053857,0.477250560325271,0.12168536186218262,-5.160772862117293,-0.00011976257041636414,0.7552518676123947,2.072444203611299,3.17645586086491,0.25009605288505554,0.17181044816970825,0.1071738141661539,0.05660415068268776,175
6034022,chronos,zero_shot,CAMELS-CL,0.8774788458663402,0.9386960029122601,0.9868202939234585,0.4254745818833087,-0.019562304060747687,-0.0001242847758624599,0.99115902563748,1.0160915002912367,0.909379420100284,0.33683159947395325,0.3336959481239319,0.36525223872243917,0.18529729545116425,188
6034023,chronos,zero_shot,CAMELS-CL,0.8322517092561025,0.8853228601697182,0.2556932010772778,0.1308268135556808,4.872385288654059,0.0019464996259201083,0.9118793873629201,0.3476015123416285,0.15577155008370977,0.3613705635070801,0.39257657527923584,0.11243335338719214,0.060204409062862396,130
6035001,chronos,zero_shot,CAMELS-CL,0.9201139669729588,0.9311169317713504,0.3723459667096364,0.16646651728970416,-1.40045106652159,-0.006016048748049431,0.940777899108657,1.3516264795984767,1.475294724283612,0.43469157814979553,0.44523191452026367,0.14053637398461913,0.126860111951828,188
6043001,chronos,zero_shot,CAMELS-CL,0.42613235285473317,0.7020144682122476,0.32428244294814884,0.06575666572153568,-3.830207195791138,-0.0014231147853134285,0.9519832905354154,1.3669654383984382,2.079666958185359,0.5074171423912048,0.4765619933605194,0.06223797280748798,0.0309846680611372,125
6132001,chronos,zero_shot,CAMELS-CL,-1.8399362777500254,-0.8868546884872777,0.35827808336710193,0.0593560881140392,89.24887780006173,-0.0005027765199931977,-0.8868546255711449,1.324359908075019,2.2938318252563477,0.7359535098075867,0.8791131973266602,0.047101547763766606,0.02533612586557865,41
7102005,chronos,zero_shot,CAMELS-CL,0.9000975714209948,0.9440225687003616,0.5500718085237618,0.15383786448212558,-1.7807208560337615,0.0009461699742707511,0.9747221713730184,0.19794988518176396,0.15044021606445312,0.15466246008872986,0.12208663672208786,0.1265103842429225,0.13226290047168732,86
7103001,chronos,zero_shot,CAMELS-CL,0.3363923445091085,0.5425116267581112,2.4130597129845524,0.5799881552086502,-6.715290774861931,-0.0006444581103387942,0.763287598539371,8.990755187110222,15.745365228919091,0.37797728180885315,0.2787485420703888,0.5303047622088024,0.18048237264156342,122
7104002,chronos,zero_shot,CAMELS-CL,0.524288707306096,0.6502249650961751,1.5819762136323938,0.3866041677202133,-7.872207415757302,-0.0003335043823871654,0.762638589168845,6.118410559669742,13.423464143019174,0.3176873028278351,0.22684511542320251,0.3465404666303922,0.15831811726093292,187
7112001,chronos,zero_shot,CAMELS-CL,0.7475196290692795,0.8341564840456802,0.9861940062228786,0.36222796152102066,-0.36450514534490525,-0.0013750105872147658,0.870582156185374,0.6153597832729489,0.6447867337143386,0.2785876393318176,0.29474592208862305,0.2965744291601041,0.24136976897716522,149
7115001,chronos,zero_shot,CAMELS-CL,0.8637998134438629,0.9161381842015277,0.5382216809782132,0.20656673958961,-1.2302750718876407,-0.0004330353211907771,0.9405561112678872,1.4393450018344205,0.43782857320868684,0.16633519530296326,0.1603030562400818,0.17057499169428172,0.13893075287342072,188
7116001,chronos,zero_shot,CAMELS-CL,0.8972961716862347,0.8812394875566616,0.6262633770783506,0.1740714221950469,-9.08668217098028,-0.0009983749373652859,0.8910869047966617,2.4621015041046004,1.4459685284825203,0.6575109958648682,0.5816282033920288,0.15526327185639188,0.18967276811599731,123
7123001,chronos,zero_shot,CAMELS-CL,0.6311756326975172,0.7708424508596519,1.176367513814143,0.2790614454284868,-9.612388460652761,-0.0008671872742046366,0.8677545977589354,5.0114074777917255,7.889291419281749,0.6576435565948486,0.5615333318710327,0.2315227040362786,0.1572728455066681,187
7200002,chronos,zero_shot,CAMELS-CL,0.9380159833998278,0.7809334185296484,0.2076328425644002,0.06221527670554462,8.67898663579379,0.0014046848644610962,0.7810571267362405,0.7670340633717003,1.34468412399292,0.9185677766799927,1.0809215307235718,0.06492886575886185,0.19233426451683044,63
7300001,chronos,zero_shot,CAMELS-CL,0.9475196919410579,0.9495697189505058,1.0345505618682007,0.35426575427994744,3.8346319998286758,0.004321582445734412,0.9563057539509627,0.09009997175809523,0.09826997136067554,0.5518072247505188,0.49287861585617065,0.3164091454007923,0.16030511260032654,171
7303000,chronos,zero_shot,CAMELS-CL,0.9469588845807525,0.9253777562398955,0.6506224127462551,0.31398677618004556,-2.5618326190966454,-0.006624425109026982,0.9298639515645102,1.2121605011830023,1.7751488516226166,0.2642465829849243,0.25407710671424866,0.2672327749648785,0.16432753205299377,172
7306001,chronos,zero_shot,CAMELS-CL,0.26993902955327764,0.12043905039713487,0.18017399547279883,0.0271373359145413,-44.79670002129778,0.0007660994525444663,0.24124870737431614,0.7587316358277596,1.4897146760522322,0.6719468832015991,0.5275220274925232,0.02471986683858299,0.005917087197303772,142
7308001,chronos,zero_shot,CAMELS-CL,0.7120168659070053,0.7454269430732718,1.3000093979882614,0.4042898664070714,-9.19887255133898,-0.005507768358385602,0.7942589432160089,4.803717352872761,8.55861413145916,0.4007783830165863,0.29442307353019714,0.352169402842864,0.16363012790679932,186
7308002,chronos,zero_shot,CAMELS-CL,0.7888108805094413,0.7346099551779901,0.09671981606165683,0.02708478715472125,9.695687879398927,-0.00017486026471901991,0.7408755281897661,0.25177181752254085,0.4364704409727935,0.38307633996009827,0.4638396203517914,0.0222723485599497,0.02551800198853016,185
7317003,chronos,zero_shot,CAMELS-CL,0.6104634403514444,0.6049268102834517,0.24334615858626468,0.042118750827594725,-10.04019433240767,-0.0019056549877301404,0.6649987776034038,1.0524127863318649,1.6088170764426883,1.246546983718872,1.2990803718566895,0.03639196978520494,0.03375275433063507,188
7317005,chronos,zero_shot,CAMELS-CL,0.9641316744375149,0.9687807501727909,0.654255893129011,0.20930650029040407,1.2951132848740572,-0.001967303318867235,0.9707845557289718,2.4409631419651836,0.8902612682624723,0.4725625514984131,0.48329436779022217,0.17270621063192654,0.12625940144062042,180
7320003,chronos,zero_shot,CAMELS-CL,0.6419799589875923,0.6759020579285342,0.9731282201896827,0.2757766732101232,-5.705423339650294,-0.00011284974349505712,0.735909333470844,4.017246659425647,5.269117598378098,0.25899645686149597,0.16797134280204773,0.24836970190565238,0.12069772928953171,183
7321002,chronos,zero_shot,CAMELS-CL,0.5771737574978897,0.7547898971989657,0.3295895301686099,0.10174488835036755,0.38444070230321176,-0.0051516628522023725,0.816627048652607,1.258727008085992,2.308599806629114,0.9278419613838196,1.056688666343689,0.08747313089199579,0.09070148319005966,187
7322001,chronos,zero_shot,CAMELS-CL,0.7547525753969736,0.8543163879620547,0.5869823689593462,0.35385385820622084,-7.796367311891478,-0.0072945456977006745,0.9171552981127876,0.3405284035984117,0.07338965874600391,0.3478166162967682,0.3656269907951355,0.3014415573904568,0.15126115083694458,186
7330001,chronos,zero_shot,CAMELS-CL,0.4289885315830906,0.6676226861437946,3.6130887756999313,0.9227077593965517,-3.4362843391845774,-0.0004636740955698826,0.7196286687603068,14.54871090963578,15.127803421096337,0.57105952501297,0.6424594521522522,0.8354054953916168,0.6824026703834534,182
7332001,chronos,zero_shot,CAMELS-CL,0.7629588062844712,0.665740762851865,2.1572218079198495,0.5659092733679836,7.861388734172409,0.0004894250552886503,0.6683043498812726,9.11953094117574,13.604099837788125,0.7765934467315674,0.8723087906837463,0.4549106056208265,0.6578819751739502,137
7335001,chronos,zero_shot,CAMELS-CL,0.8047843812392366,0.6838921398518585,1.4769740192567962,0.34164080702729765,-10.799304228505388,-0.007013255941644432,0.6860617936220325,6.088972591434398,10.946825708790431,0.6418170928955078,0.5737377405166626,0.307717653035683,0.12072328478097916,124
7335002,chronos,zero_shot,CAMELS-CL,0.5158004231359932,0.610365527137806,0.3221902541011158,0.09412165795848203,1.4225908799945692,0.001767972194554445,0.6250271983022546,1.326785249209351,1.5161211459401402,0.5608867406845093,0.6866145730018616,0.07597906646051115,0.07758904248476028,139
7336001,chronos,zero_shot,CAMELS-CL,0.8318544045475564,0.8157072171496449,0.8806286439340928,0.23080466967076063,12.750154815890678,0.0029782162201121842,0.8232053078181356,3.237920264060247,1.2741898658405244,0.7719395756721497,0.8638896942138672,0.15720822318148808,0.3066090941429138,130
7339001,chronos,zero_shot,CAMELS-CL,0.9158105745563438,0.8983963885087589,0.16870420971166764,0.0395585545269509,-8.746011109867112,-0.0018679496814571137,0.9026763751363304,0.6921857547734442,0.5621585259417857,0.6290110945701599,0.7185714840888977,0.03697852073634402,0.039582230150699615,122
7343001,chronos,zero_shot,CAMELS-CL,0.3458026603427601,0.11292728499696736,1.2400442001090224,0.2607321857415717,-49.22920696687105,0.0019928544879861815,0.14459378024087277,5.212047573296314,7.43461799621582,1.1023304462432861,0.6660124659538269,0.22972208700203187,0.13452541828155518,71
7350001,chronos,zero_shot,CAMELS-CL,-0.06170379547472127,0.47019449048231376,5.287233202352668,1.3357772749472172,0.3016178661017186,-0.0010907953824536645,0.5522431653472109,22.39235451917432,32.796778196090536,0.5233991742134094,0.5530133843421936,1.179962384765951,0.9123252630233765,188
7350002,chronos,zero_shot,CAMELS-CL,0.9604628389415956,0.9517985127226918,0.720065011059698,0.29718284772371684,-4.3632310054272265,-0.0015501588689326717,0.9554532410856165,1.0648632095512096,1.4364878059536597,0.4000493884086609,0.39398959279060364,0.24854407484446583,0.20593051612377167,127
7350003,chronos,zero_shot,CAMELS-CL,0.7608428432488515,0.6233154281725983,6.377634170825173,1.103443461451037,-13.149794789686789,-0.002184059354002517,0.6300510103174438,26.8678030226377,48.53355027597105,0.8063328266143799,0.6802855134010315,0.9507248177056913,1.0144909620285034,145
7354002,chronos,zero_shot,CAMELS-CL,0.239279681809888,0.40943065621822083,2.991089989143883,0.7270913426863387,8.088164648849661,0.0003509451216347839,0.42384948482387674,12.587136997037994,17.689607651985337,0.4781772792339325,0.592821478843689,0.5853150380556846,0.6360857486724854,188
7355002,chronos,zero_shot,CAMELS-CL,0.5606646926839244,0.7762529512902665,2.4458093704452897,0.7377301711351314,-2.908075496093025,-0.00025851432205546004,0.956210674279998,10.272392260519505,10.495530834891422,0.3235373795032501,0.3039780855178833,0.6012975228782889,0.514819860458374,188
7357002,chronos,zero_shot,CAMELS-CL,0.7389835711051636,0.7841128783377986,0.8379448574729449,0.2471073813906584,3.4026045213231972,-0.0007287980074232175,0.8045860603196366,3.223265052613398,4.166077674702702,0.6281418800354004,0.7475417256355286,0.15917313102097455,0.14022931456565857,104
7358001,chronos,zero_shot,CAMELS-CL,0.6136378079190012,0.6462413055573406,1.376598674357946,0.47104309607243194,0.9310420336137346,0.0002563220692823583,0.655196884832645,5.316770956331688,8.637100219726562,0.3257659673690796,0.3729622960090637,0.37378542545162663,0.6381577849388123,69
7359001,chronos,zero_shot,CAMELS-CL,0.8290667520557564,0.8989345225447485,1.1703512005023582,0.335822255013788,-3.3932629760614113,-0.004195512806564973,0.9363399973165847,4.789506966556554,8.795337722571213,0.7569272518157959,0.7051129341125488,0.2936528762783188,0.18541359901428223,188
7372001,chronos,zero_shot,CAMELS-CL,0.5287046071865036,0.5204916741104215,1.4700966233329917,0.28108336477298435,-12.389718521300768,0.001273310799998692,0.5736999408163871,6.164428836661352,11.172862407725574,0.42220568656921387,0.2457173764705658,0.25711472304514327,0.08464833348989487,127
7374001,chronos,zero_shot,CAMELS-CL,0.18068026207064092,0.25092473002561744,4.269369279419706,0.8908623497594487,-21.81068527181065,-1.4873191752966253e-05,0.4956807070695566,17.46172436622992,29.648377275045693,0.9305612444877625,0.6946601271629333,0.7416026519493635,0.5955148339271545,121
7379002,chronos,zero_shot,CAMELS-CL,0.690140255281745,0.6605970261946923,0.9879331638319921,0.25909693000164435,-7.577709649639567,0.00021174220089206774,0.6950157612518297,4.213695758939014,7.7540096631550455,0.31218940019607544,0.25235220789909363,0.24133062437648664,0.1799459457397461,188
7381001,chronos,zero_shot,CAMELS-CL,0.5153584924263528,0.7072242390360675,0.5055446923568573,0.13609345718894317,-3.8056573710120203,0.0007821510211141643,0.7467017177439002,2.140849751258789,1.3724505460543697,0.5956103205680847,0.653497040271759,0.11445617133036055,0.12031031399965286,138
7383001,chronos,zero_shot,CAMELS-CL,0.6416848335574494,0.8191435622229777,0.9156246096712424,0.2631534728556644,-4.657752967168894,0.001013670951233312,0.8897775299536446,3.590609400033779,7.132625611254481,0.34994301199913025,0.3118321895599365,0.22018926767839267,0.15818455815315247,164
8104001,chronos,zero_shot,CAMELS-CL,0.6914645186873298,0.8282765774986824,2.093516311137072,0.5094520701095462,-8.294814628719505,-0.003552771290438572,0.8791000922383296,8.650554978603665,14.883104612718663,0.539718747138977,0.46902206540107727,0.48565434530042706,0.17214027047157288,128
8105001,chronos,zero_shot,CAMELS-CL,0.8456207140909964,0.9146248664457322,1.3809927112855653,0.32903723865747453,-3.5410701295264886,-0.002394305857264651,0.9503073703451164,6.1259871545785884,9.956817777905526,0.43821850419044495,0.3938608169555664,0.30346161207376326,0.37186500430107117,120
8106002,chronos,zero_shot,CAMELS-CL,0.8915109454398626,0.9392885686638327,1.2228475525184002,0.3793405061737101,-1.4817851430265865,-0.0011218091011400769,0.9672946821838851,4.276789946277605,9.173155201908697,0.30778539180755615,0.3128328025341034,0.318198081861744,0.32409465312957764,187
8112001,chronos,zero_shot,CAMELS-CL,0.41477861847048414,0.2512074171504385,6.972226524796986,1.843682668147943,-38.543416413212015,-0.002670157330748265,0.2940432094875074,30.291816803175745,39.372894287109375,1.0343542098999023,0.38633331656455994,1.5712691197564401,0.6947956681251526,39
8114001,chronos,zero_shot,CAMELS-CL,0.7684200149580859,0.861752477208552,1.7966599166790223,0.5047526675172977,-7.405271758582715,-0.0035072505510944235,0.9031577716585089,7.384296497890523,12.529791536457244,0.5631148815155029,0.4668172001838684,0.428753556369092,0.36070868372917175,135
8117005,chronos,zero_shot,CAMELS-CL,0.5569033904278021,0.7754764382935285,1.592779639787476,0.4206615238097207,-6.534894651720164,-0.004322401548887973,0.9204400318458715,6.860079219488048,8.387212098786703,0.5160491466522217,0.4479687809944153,0.3712237692047372,0.27604368329048157,116
8117006,chronos,zero_shot,CAMELS-CL,0.6718980293260881,0.8225991317309972,2.7432299604613797,0.7763318552615794,-6.4096968968208134,0.0007722816039536333,0.9316349804377118,10.743557051036385,21.512805458581887,0.40913107991218567,0.37208911776542664,0.7050662025149771,0.744615375995636,188
8123001,chronos,zero_shot,CAMELS-CL,0.7385047532006577,0.8385580879421289,1.8131824632685565,0.5758776122126086,-8.966466724264738,-0.0013711592963020804,0.8864850386255777,6.903504169006464,7.105708206788125,0.45157647132873535,0.3591088056564331,0.536983062234292,0.4122139513492584,145
8124001,chronos,zero_shot,CAMELS-CL,0.6145120557363439,0.6676646482270949,2.456194328540783,0.5055912448202863,-11.624573441356299,-0.0021092022712603242,0.7449244617751616,10.872807138180287,17.425110348518842,0.6211036443710327,0.4310571253299713,0.44865985850606277,0.2258012294769287,119
8124002,chronos,zero_shot,CAMELS-CL,0.9256383460016699,0.9570927315037182,0.638570508585417,0.21867612445795978,-2.0823975580844096,-0.0024238956249452645,0.9774024262539621,2.5124262111830373,3.9364188402108646,0.5352310538291931,0.5788187980651855,0.17872105018750087,0.19967100024223328,135
8130001,chronos,zero_shot,CAMELS-CL,0.4684982377978526,0.3867899598076483,2.1715218646970267,0.5300313104775601,-21.230748262723708,-0.004889937903438113,0.42898867843636956,9.330653752515982,13.156907081604004,0.7995135188102722,0.5058074593544006,0.45016281654783313,0.27313703298568726,56
8130002,chronos,zero_shot,CAMELS-CL,0.4188005585642085,0.7151295673568656,4.774621046602931,1.1459408315255286,-2.204956994233595,-0.001336291548209266,0.9474170185331418,19.583079779566308,38.729788053756295,0.5488063097000122,0.5676456689834595,0.9948797532356382,1.338249921798706,188
8132001,chronos,zero_shot,CAMELS-CL,0.8791071440800282,0.8554301140995146,0.7028139771680364,0.21719112093834317,-9.356402220453848,-0.003887713504331189,0.8678920180233475,2.2818189986095234,4.189480870780445,0.5508096814155579,0.5354385375976562,0.21096716134351384,0.14451777935028076,136
8134003,chronos,zero_shot,CAMELS-CL,0.5529356948122373,0.7056621965707908,2.845231677825381,0.7890790668488653,-3.9613991343154717,-0.0001788837345467597,0.8052430038681547,11.496813350377346,15.502622989297908,1.0060263872146606,0.8873844146728516,0.59589290345366,0.701492965221405,108
8135002,chronos,zero_shot,CAMELS-CL,0.6482442403810934,0.7454297122846245,1.4777386197032942,0.4169807963233481,-13.894056403512142,-0.005177387812266149,0.8219816855476407,5.927380146635289,10.087671659808558,0.5928229689598083,0.5730674266815186,0.37271326699479085,0.23555973172187805,186
8140002,chronos,zero_shot,CAMELS-CL,0.8084601862033114,0.9046078748028051,0.720677494138282,0.20870853378187104,0.4319823887176402,-0.002076829882679286,0.9878394719782347,2.3746801547910312,4.802807233613285,0.46775415539741516,0.4456140697002411,0.18594413887428068,0.1439468264579773,186
8141001,chronos,zero_shot,CAMELS-CL,0.8329276100941608,0.9083781036252756,1.0411517919577022,0.2897198528296103,-3.7666367350065624,-0.0034065105757128747,0.9521202550386486,4.47897253490649,5.788395328313026,0.49905577301979065,0.5180085301399231,0.26967162906594555,0.15216191112995148,137
8210003,chronos,zero_shot,CAMELS-CL,0.6807737670452358,0.8179674965172223,2.5041003415205147,1.296394054718474,-4.065779655980711,-0.0035951459926529053,0.9263383964956206,6.777736189420667,8.901424037820686,0.5414170026779175,0.4799497425556183,1.1192698928080866,0.50835120677948,188
8220001,chronos,zero_shot,CAMELS-CL,0.8872076987480688,0.9388249970566298,0.35497099603901117,0.1178824873436447,-2.0798657413891664,-0.0013180482809198937,0.9629333513419209,1.2653391476635383,1.160798158375199,0.34532633423805237,0.3244968056678772,0.09806669704561133,0.05989297851920128,182
8220008,chronos,zero_shot,CAMELS-CL,0.6134723559126722,0.7071804478861905,2.038182595005595,0.6778941379274641,-13.446617167957367,0.0004708465238041637,0.7891083284456503,8.29933449684671,9.18078894834835,0.5203270316123962,0.4382287561893463,0.6113648284996875,0.6343889236450195,175
8220009,chronos,zero_shot,CAMELS-CL,0.707153372672177,0.4682666783359054,1.2951611428784733,0.498460378497839,19.617953939736243,,,3.6573657989501953,3.6573657989501953,0.4430336058139801,0.5657103061676025,0.46938082598076797,0.09416975826025009,8
8220010,chronos,zero_shot,CAMELS-CL,0.9538612767445618,0.8253918929671864,0.04126277855372964,0.018792505531261366,-6.824315884443968,0.00371742066829139,0.8255258890186858,0.12673475915027,0.17689627408981323,0.483738511800766,0.38932564854621887,0.01384755205371146,0.018907330930233,24
8304001,chronos,zero_shot,CAMELS-CL,0.9121013310223259,0.9511757159399367,2.269071188948528,0.8883388785142747,-0.13814122539071078,-0.0004149500406138186,0.9738680165859375,7.776222914430361,2.8056182861328125,0.5115336775779724,0.45722198486328125,0.6919427428338876,0.593877375125885,63
8307002,chronos,zero_shot,CAMELS-CL,0.9082252731823157,0.871980037559324,0.818061706597986,0.2273381517811136,-1.1217446957662567,0.0018949714040339197,0.8741682988950223,3.109772893217217,6.699339473459047,0.26912349462509155,0.27468791604042053,0.17452125944813185,0.1636950969696045,182
8308000,chronos,zero_shot,CAMELS-CL,0.9505061523085017,0.9487785604363296,0.4494493875207896,0.18069000524424372,-1.779031748268132,0.002418099625236432,0.9539097274068608,0.24065332954751298,0.10540008544921875,0.3429536521434784,0.3587826192378998,0.15362522757353225,0.07430244982242584,42
8312000,chronos,zero_shot,CAMELS-CL,-0.8150681044524499,0.15132719221030477,0.4429783098026768,0.05223450920683272,5.512971315725471,0.00023268104738950702,0.2210005134255857,1.8993141959080617,4.233649279387281,0.1417522132396698,0.21601752936840057,0.0440435131110488,0.041315678507089615,188
8312001,chronos,zero_shot,CAMELS-CL,0.666917829732809,0.7163451330121866,1.7775072922352364,0.722655854688203,6.101372715975918,0.0014194224996503906,0.7253566578035742,6.4587284374606435,12.030320523898235,0.3310650587081909,0.3388148248195648,0.557391525366861,0.48257413506507874,121
8313000,chronos,zero_shot,CAMELS-CL,0.8997414965078847,0.9384828113136585,1.4471537683206581,0.4809997393414865,-2.351568978723524,-0.0003522515708809168,0.9635163624938984,4.826168760591043,9.450882814428168,0.27849048376083374,0.2689532935619354,0.40937574022021844,0.28316712379455566,153
8313001,chronos,zero_shot,CAMELS-CL,0.8338162529233183,0.8362332818288869,0.971408989120504,0.6734227598347562,-11.32106483695786,-0.0017996543181242712,0.8526213601983937,1.7199453032034648,0.7839425104528879,0.25770673155784607,0.21141541004180908,0.5561358755059854,0.2918851971626282,188
8316002,chronos,zero_shot,CAMELS-CL,0.7400723969857449,0.7315446953196272,2.7096194760513765,1.00633932556957,-13.02816744638003,-0.00025149487507862556,0.7651282042467804,10.093745198036203,16.789638701752427,0.6477192044258118,0.533135712146759,0.9051227625198676,0.6496669054031372,144
8317001,chronos,zero_shot,CAMELS-CL,0.8807365178825098,0.9121277659502681,0.8882452860038135,0.5029378088241493,-2.6684625984694157,0.0035732153518395586,0.9363642524649736,2.741581570287373,5.518305311470579,0.2923942506313324,0.22324082255363464,0.4088042548342006,0.3520652949810028,185
8317002,chronos,zero_shot,CAMELS-CL,0.8076669627664268,0.8684747395307388,2.2052834309274174,0.6506979952637966,-5.491945498624655,-0.003837913782472939,0.8880754493492302,8.815352856649112,12.566869774170902,0.5837773680686951,0.5046564340591431,0.5370109534600801,0.3568733036518097,143
8317004,chronos,zero_shot,CAMELS-CL,0.8765216052594077,0.920898153834355,0.9297185445161417,0.5580434333270704,-1.2191710899745805,-0.005664259483542836,0.9527263017775853,0.6726319447260583,0.38755960245998883,0.25832489132881165,0.19261695444583893,0.4632581554872251,0.2994152307510376,142
8317005,chronos,zero_shot,CAMELS-CL,0.8772182425112997,0.9242361833639241,0.8156272452960025,0.5066977998837322,-2.2228673187419705,-0.0031943826291509006,0.9571075867045621,0.7759885342762906,0.5590654912455184,0.245502769947052,0.19117283821105957,0.4127908788961515,0.2736245393753052,147
8319001,chronos,zero_shot,CAMELS-CL,0.8540093904298166,0.8540180941321398,1.4659844221268603,0.7692610668757606,-5.385471400895607,-0.0009832176432337907,0.8727083825836467,3.5796451646550373,1.5713442265623043,0.2636893391609192,0.21758754551410675,0.6485615413077882,0.378500372171402,126
8323001,chronos,zero_shot,CAMELS-CL,0.8219496373898355,0.8573925227985003,1.5153914696209156,0.4840979929617111,-3.2566478777599053,-0.0018870865648946897,0.8683034633156457,5.954990077972884,11.5264678702148,0.3992122709751129,0.37046098709106445,0.39464837795305474,0.36205214262008667,188
8323002,chronos,zero_shot,CAMELS-CL,0.8747465907931252,0.905180137339549,1.4513350683906805,0.5116820100327613,-2.1213055563622896,0.0003425625692487187,0.9219423407695764,5.46841691311981,10.165131194108712,0.4438718855381012,0.4417625069618225,0.42632849634840836,0.5299369096755981,142
8324002,chronos,zero_shot,CAMELS-CL,0.7409385197657169,0.8575909430583981,0.6692158514191338,0.3479827673606623,-0.30185894867746993,-0.0011098547912501994,0.9516637306018049,1.6957339881284974,3.340882937913558,0.15105335414409637,0.13572241365909576,0.27970176333264724,0.28722262382507324,153
8330001,chronos,zero_shot,CAMELS-CL,0.8732219399304334,0.830898998863513,0.8145743943865223,0.2519512362778187,-9.138714947239592,-0.014036681910656532,0.8420387631067477,3.275001654239636,2.5763702392578125,0.5631818175315857,0.4213353097438812,0.20184873040009266,0.17374877631664276,93
8334001,chronos,zero_shot,CAMELS-CL,0.8425473560551632,0.8909317569275059,0.9997217050446194,0.40045803552493453,-1.8717655801223851,0.0009962342951214329,0.927405226368774,3.294758985562215,6.955939296322994,0.2653830945491791,0.22905395925045013,0.3253379095348857,0.27190500497817993,182
8342001,chronos,zero_shot,CAMELS-CL,0.9103728175840838,0.8734295073577782,1.5397417551068568,0.5361511047569013,1.9073344318277523,-0.0020640873900042017,0.8773079935851021,5.109198930189808,6.072971098411286,0.5021189451217651,0.5198259949684143,0.4109623881140817,0.5070454478263855,124
8343001,chronos,zero_shot,CAMELS-CL,0.9610033855091087,0.9701641739915264,0.4949140543786227,0.1718273845212213,-1.9648454335496395,0.001316324264875178,0.9772924524638427,1.5697522268613482,1.864393218288542,0.32754281163215637,0.30594170093536377,0.14161795245550826,0.10898613929748535,145
8351001,chronos,zero_shot,CAMELS-CL,0.3982599602700191,0.6662148253371221,5.065044874563129,1.1406706028693432,-10.302457913185865,-0.002569877966020963,0.8732072210037891,21.45332072645856,41.63117196343002,0.5558862090110779,0.5006614327430725,0.9977524945896366,0.6576398015022278,185
8356001,chronos,zero_shot,CAMELS-CL,0.949258030671619,0.9396720388308754,0.20655652735492153,0.07914052110734499,-0.9619593621019753,-0.0007776901276233678,0.9435793160747726,0.6948966147198442,0.23868443145736565,0.4578116834163666,0.4738239049911499,0.06758077179720769,0.03402363508939743,144
8358001,chronos,zero_shot,CAMELS-CL,0.8953622774590533,0.944756722713876,0.6019155347491174,0.19907537112836124,-1.8150882010540914,-0.0033127465657483354,0.9809493958134455,1.8369141639254023,1.716450857068186,0.540027379989624,0.4925776720046997,0.16326134403631481,0.1094089150428772,147
8366002,chronos,zero_shot,CAMELS-CL,0.9695385248844165,0.9729433160894562,2.1939988676126574,1.3447388899860098,0.43509869955819325,0.0010482358326758291,0.9776581338126057,3.410325822502526,5.2446054284628225,0.20770207047462463,0.1787959784269333,1.023610519987174,1.1937047243118286,134
8372002,chronos,zero_shot,CAMELS-CL,0.8376076273633037,0.7639381100348681,0.5613920757851484,0.1119811392531095,-5.094734676693393,-0.002746549445984424,0.7690735288550059,2.1652712911862855,4.289505427860678,0.6165660619735718,0.5896874666213989,0.08540096811715699,0.08293230086565018,151
8376001,chronos,zero_shot,CAMELS-CL,-1.0252290455697843,0.018178357333310857,5.528965415341468,1.4283854935807412,15.822816987439992,-0.0004168970556830062,0.059892483501875926,22.530529515339456,21.30176019668579,0.627669095993042,0.8437424898147583,1.1824554256512787,1.65046226978302,99
8380001,chronos,zero_shot,CAMELS-CL,0.9693541721212084,0.9271870897501734,0.019861978032904,0.016129672527313232,4.873085922429829,,,0.012522459030151367,0.012522459030151367,0.10600582510232925,0.15571412444114685,0.01285288939088485,0.03846827894449234,9
8380006,chronos,zero_shot,CAMELS-CL,0.8983280395870072,0.9401048659169984,0.5457821893174124,0.24133288860321045,-3.05632584004879,0.0024074831228144064,0.9678068134065626,1.7596291730802136,3.738654136657715,0.43396496772766113,0.3977453410625458,0.20096592957261242,0.1347971111536026,91
8381003,chronos,zero_shot,CAMELS-CL,0.8665698490334298,0.890536610870498,0.8482700426043611,0.2761717667238096,0.8975728962987329,-0.004053155177831239,0.9004944452664214,3.4207885167499126,6.517022922068786,0.4837294816970825,0.48753002285957336,0.21271106645021048,0.2693678140640259,178
8383001,chronos,zero_shot,CAMELS-CL,0.935213309551757,0.9570161294723599,0.3647657196210773,0.1567183076873306,-2.2595317346963832,0.0005977770984485452,0.9716566801877337,1.2231026306852093,2.08146163852847,0.2699783742427826,0.24640056490898132,0.12500379980577522,0.10891637951135635,129
8393002,chronos,zero_shot,CAMELS-CL,0.8747052845121679,0.7711316986475136,0.27579997280995744,0.10699068256052992,-6.649903323190335,0.00013557366399010243,0.7745072888874962,1.0919280894335326,1.9410852282200521,0.3863639235496521,0.292150616645813,0.09132868846249192,0.044428616762161255,155
8394001,chronos,zero_shot,CAMELS-CL,0.8940666022442956,0.9253260797999695,0.49001585230115163,0.2196343058113734,-2.3299402250336447,-0.0016860183371393452,0.948274270801112,0.868795500642564,1.0018921160263108,0.3463561534881592,0.2903260290622711,0.15364197115103034,0.1923067420721054,174
8700002,chronos,zero_shot,CAMELS-CL,0.8576220215182181,0.8155897080485931,1.8870642625090714,0.7314537941070085,-9.675599996402422,-0.0025120699176887223,0.8270742794093525,7.406531589596607,8.762741265958187,0.4335996210575104,0.35848468542099,0.6312418212787254,0.6846451759338379,178
8700003,chronos,zero_shot,CAMELS-CL,0.8562696134204438,0.9066575513620816,2.756215457218891,0.8104345852969795,-4.194898454821839,-0.0020048045170928536,0.941495285286282,10.468475605500705,14.63031651432523,0.411797434091568,0.3862971067428589,0.6636303377872006,0.6773490309715271,186
8820001,chronos,zero_shot,CAMELS-CL,-1.2116299429900987,-0.899620409096997,39.97378846654026,27.472082217534382,-55.49566603627058,,,67.99273228645325,67.99273228645325,0.5747021436691284,0.9480956196784973,25.620591831446607,6.1239914894104,3
8821002,chronos,zero_shot,CAMELS-CL,0.5800253033366981,0.5188678370163656,3.2929897129476537,1.0483107015942081,-20.886372128577282,-0.0018519108678725308,0.5626833677063259,12.505808771248349,18.94796105526102,0.4704993963241577,0.31531643867492676,0.9338494761583369,0.9440306425094604,132
8821006,chronos,zero_shot,CAMELS-CL,0.8534282509725754,0.9180155259647721,0.8502915714962588,0.3054902287168876,-3.678731407879834,-0.005162357188895832,0.9616999240029498,1.7273932676754586,1.24223066865813,0.2517260015010834,0.22781823575496674,0.2563319678449632,0.17189842462539673,179
8910001,chronos,zero_shot,CAMELS-CL,0.9930918327459787,0.9883811508583626,0.17948707236291556,0.06995798070584575,0.5111639367172127,-0.0004274017852652773,0.9888574996947114,0.2442370476850603,0.027432763792189827,0.17386606335639954,0.18557287752628326,0.05549504458538658,0.057979192584753036,124
9102001,chronos,zero_shot,CAMELS-CL,0.9768451344148238,0.9827581755022066,0.27186494737347217,0.10385872729000498,-0.47000116542756704,-2.3431480680867478e-05,0.9869721617549371,0.5960833832937689,0.5683558607734174,0.3496228754520416,0.39016154408454895,0.08743444663118934,0.054810602217912674,183
9104001,chronos,zero_shot,CAMELS-CL,0.9277964238922041,0.8977461009108272,0.9122808991780227,0.2596116386927091,-5.763666253777703,-0.0010330126859352598,0.9035946317262459,3.574557951086448,5.75458230236114,0.4354958236217499,0.399808794260025,0.22773824865299272,0.10790325701236725,143
9104002,chronos,zero_shot,CAMELS-CL,0.912226600622312,0.9047079047281114,0.1518194119848478,0.04464008132368326,-4.858179774740963,-0.0011643008704195698,0.9153745010947877,0.5966236663895472,1.054644134080464,0.3736187517642975,0.32529476284980774,0.03945751880062659,0.018263522535562515,125
9106001,chronos,zero_shot,CAMELS-CL,0.855927795968591,0.9085203606922625,2.427285829423454,0.5486932265162467,1.0902423461926716,-0.0002135803127152336,0.9352198696604953,10.069853271271606,9.433687339779093,0.6246393322944641,0.6630117893218994,0.45703374229638316,0.25949493050575256,125
9107001,chronos,zero_shot,CAMELS-CL,0.9646282303489705,0.9114049106361792,0.5036409055060124,0.16971413757618484,2.9398031953379213,-0.0006609552955214593,0.91196788156591,1.903373951328644,2.8782873442309302,0.5533549785614014,0.5691027641296387,0.13348702881431335,0.12467221915721893,111
9113001,chronos,zero_shot,CAMELS-CL,0.9398649987667342,0.9215138175804044,0.5371602092048773,0.15074372583744572,-1.47037477772336,-0.0003679563492020761,0.925390763831268,1.988380182845328,3.29665152603152,0.325977087020874,0.3218481242656708,0.1107881607096841,0.14382833242416382,102
9116001,chronos,zero_shot,CAMELS-CL,0.9831940146512511,0.9865383866829002,0.3165663941790665,0.11791965333535709,-0.6945777814180009,-0.0009195735152289011,0.9890845491772028,1.0159964727229243,0.9815247541411702,0.3969278931617737,0.40179336071014404,0.0930625696281374,0.08356256783008575,187
9122002,chronos,zero_shot,CAMELS-CL,0.7034773836571961,0.7188847057020673,1.9674849905602458,0.5889130224261367,-10.673798843619675,-0.002330525410709182,0.7611918602122085,7.522528394191245,12.666948795318604,0.42734643816947937,0.4132117033004761,0.5397321124188501,0.456325888633728,57
9123001,chronos,zero_shot,CAMELS-CL,0.3400869538155543,0.44179320921948007,3.8395053604186695,0.7299190189812209,-10.35224536849556,-0.0003307751871790797,0.6115419583302346,16.124742584917033,34.07361100806197,0.3421580493450165,0.22369949519634247,0.6769817001724273,0.24076950550079346,182
9126001,chronos,zero_shot,CAMELS-CL,0.8973436616557898,0.8862241820547077,1.5854447605843607,0.8273502199546151,1.35120333234215,-0.003667103876388661,0.8920716521817365,1.7882801232118697,2.434764862060547,0.37626779079437256,0.4039102792739868,0.7014750736300625,0.3450757563114166,23
9127001,chronos,zero_shot,CAMELS-CL,0.8788318960605446,0.8949106631865207,1.1975404345133493,0.3520942484372414,-7.6719250594319695,-0.0010518254721510918,0.9130752571735389,3.3274133836991395,0.7165947520736221,0.4319375455379486,0.4650995135307312,0.326150662020202,0.15806233882904053,149
9129002,chronos,zero_shot,CAMELS-CL,0.899760166699249,0.9064543737210031,0.9666662553053869,0.3292566518834297,-5.368070867924436,-0.0004926140774616575,0.9201696701572976,3.816228239654364,3.3294768957809424,0.28144243359565735,0.27787208557128906,0.2829983199191975,0.15865649282932281,188
9131001,chronos,zero_shot,CAMELS-CL,0.9935962747838931,0.9828636774276251,0.16484928687360392,0.09067063728968303,1.3852080838307748,-9.253792077647954e-05,0.982971100832002,0.08591804221682943,0.08591804221682943,0.0901106670498848,0.09392543882131577,0.07121375973103969,0.13951030373573303,30
9134001,chronos,zero_shot,CAMELS-CL,0.8140534016934329,0.8226178597888123,1.1570103303118282,0.3339549951531269,-1.3977446909610638,-0.00414447977129629,0.8294833397324431,4.700318244918351,7.755950170556035,0.5378798246383667,0.5772873163223267,0.27831414201241195,0.32907816767692566,108
9135001,chronos,zero_shot,CAMELS-CL,0.9615780242311546,0.9695997103721781,0.618303662138184,0.25234301446320173,-0.7554692212709736,-0.0007645811351165571,0.9721546747221499,2.2791714496879596,0.38991832733154297,0.2931898534297943,0.3250802755355835,0.21075345053834532,0.16496829688549042,77
9140001,chronos,zero_shot,CAMELS-CL,0.814433569483226,0.7578540231605677,1.097741106239048,0.24537484983423935,2.192043562951038,0.00029133490070881035,0.7584013352191387,4.741734424764197,10.428202629089355,0.39655497670173645,0.4889349043369293,0.1950034437882899,0.15167535841464996,97
9400000,chronos,zero_shot,CAMELS-CL,0.9634003566658194,0.9723561654916876,0.1537459913187709,0.09055613916973736,-0.009366271566900557,-0.0002001346796870443,0.9791787696851343,0.341166212745777,0.04538726806640625,0.03839019685983658,0.03612781688570976,0.06580678841430648,0.1163080483675003,86
9402001,chronos,zero_shot,CAMELS-CL,0.7083333960877822,0.8554379171312552,1.3772293891369332,0.3442340850830078,-1.4301856367972934,-1.1126071056230535e-05,0.9446442220114444,5.667915479857229,4.493589401245117,0.14336438477039337,0.12758076190948486,0.30151391495629587,0.23037637770175934,90
9404001,chronos,zero_shot,CAMELS-CL,0.9480111418180998,0.9097584397795215,0.767842468745785,0.3580570942919019,-3.2351065332429774,-0.0019312430744557706,0.9127270360249192,2.4477214833916214,2.2395472055466237,0.21870087087154388,0.18192283809185028,0.2907670722795443,0.2751995623111725,142
9405001,chronos,zero_shot,CAMELS-CL,0.9592222743168084,0.9104612675748296,1.2642487619921972,0.3327117919921875,-2.4019902433872184,-0.00026129658574402734,0.9117604176312949,5.555399674039587,10.55752182006836,0.2940627634525299,0.3001471161842346,0.28498040212493325,0.20588035881519318,80
9412001,chronos,zero_shot,CAMELS-CL,0.8854087369278252,0.8503364840999771,1.6057223376625671,0.6106457706563961,-6.255802116947304,0.001622916061796164,0.8602037390472266,6.119271546343048,9.629815739361874,0.35966506600379944,0.27211087942123413,0.5194179285479449,0.3172224164009094,161
9414001,chronos,zero_shot,CAMELS-CL,0.8379065098181604,0.838952301998041,1.636498965195399,0.5034416087969081,-1.3465583778660486,0.0015576074992043436,0.8482296637299749,6.066583552364036,11.14157651557591,0.3146255314350128,0.30700305104255676,0.41810056046399674,0.4180322587490082,127
9416001,chronos,zero_shot,CAMELS-CL,0.9527224305427515,0.8876017644460872,1.4088427646896742,0.4559615557010357,-3.9311735673242154,-0.003978260305941502,0.8889911611141564,5.2839058261284,8.145287578435786,0.3647240996360779,0.34421584010124207,0.36927942229369254,0.5402660965919495,130
9420001,chronos,zero_shot,CAMELS-CL,0.9972351017454192,0.9977314533324841,0.16975328626758626,0.07567352574804555,-0.1650747409987612,-0.0003569360914116339,0.9981773732793697,0.14403124785161148,0.07763326798845249,0.11069841682910919,0.11500012874603271,0.0574352689961441,0.08262120932340622,184
9423001,chronos,zero_shot,CAMELS-CL,0.9853130320987744,0.9857765305032128,0.3255733872869301,0.19353964328765869,-0.7411828702127065,0.0011784003916302903,0.9872266233565005,0.48891641035255284,0.6409664154052734,0.11018919199705124,0.1138705238699913,0.14563672259781377,0.17363497614860535,40
9433001,chronos,zero_shot,CAMELS-CL,0.7948679148606995,0.8217154311304036,1.5136882010635846,0.4258097783607595,-11.01208363698151,-0.007235821715783117,0.8556757046572014,5.93836928508507,11.97276258468628,0.6131184697151184,0.5352311730384827,0.3666128586379486,0.19589832425117493,85
9434001,chronos,zero_shot,CAMELS-CL,0.8801226293762046,0.8757734545026081,1.2214191260376102,0.369842695693175,-5.929176874379736,-0.0006445441296984156,0.8904014957719831,5.21634496205743,8.578144073486328,0.4153328239917755,0.4083617329597473,0.3279765786311712,0.16975344717502594,78
9436001,chronos,zero_shot,CAMELS-CL,0.9861240245907156,0.9727060256331896,0.42333588955407037,0.21408762007343526,-1.453954068183855,0.0013460678511410737,0.9733401486756215,1.153688922292207,1.4587468745866579,0.42481574416160583,0.4370584189891815,0.16933086166764563,0.15702413022518158,147
9437002,chronos,zero_shot,CAMELS-CL,0.9680247761161951,0.9370515260925626,0.8266391841818297,0.3066301704485617,-1.9798435528616891,-0.0009548102684775982,0.9387949881861546,1.449751372231977,2.766685703808072,0.25267183780670166,0.2213491052389145,0.2428787584755872,0.2680370807647705,184
