basin_id,model,mode,fraction,dataset,NSE,KGE,RMSE,MAE,PBIAS,FDC_slope_error,FDC_KGE,tail_RMSE_95,tail_RMSE_99,RB_flashiness_obs,RB_flashiness_sim,n_predictions
12240000,chronos,few_shot,0.1,CAMELS-BR,0.928368946198306,0.9634894037929724,308.85752615526513,54.09037299444211,0.4968192661308362,-7.728823590770484e-05,0.991437794302761,19.273387384506293,23.759883994776974,0.09238386,0.07623287,149
12360000,chronos,few_shot,0.1,CAMELS-BR,0.8034716867826137,0.8059997031876397,121.1887056557395,46.330375275141755,-9.998609883057165,-0.014083702878950527,0.8343556298006498,377.86637562461704,457.08793547931083,0.82162833,0.85967785,142
12420000,chronos,few_shot,0.1,CAMELS-BR,0.9418899009646465,0.9628464747350926,21.37065334664183,9.749423298570845,-2.3646709403909454,-0.002128405833434162,0.9762983974497055,11.26927653694662,14.310803119833857,0.34284574,0.37182304,144
12500000,chronos,few_shot,0.1,CAMELS-BR,0.9858443576604645,0.9929113322121029,99.66476658527496,50.3350528669946,0.005794510021988302,-0.0008754623582240897,0.9980248886600867,172.46802870756326,176.81502138406844,0.30377322,0.32555276,162
12510000,chronos,few_shot,0.1,CAMELS-BR,0.6100417787389723,0.6961253735219624,65.70897883996741,31.119190271084125,-18.904282652219013,-0.007953029659344725,0.7717404559212602,164.14584298439416,224.61002483313436,0.69784063,0.7215489,117
12540000,chronos,few_shot,0.1,CAMELS-BR,0.9196194099049435,0.9276404756142382,47.61281881468534,27.87654838562012,-1.2515662969475025,-0.0028996024016688243,0.9401869703314898,81.58514783460978,108.06873372770738,0.45281753,0.43815684,160
12590000,chronos,few_shot,0.1,CAMELS-BR,0.9300967117045342,0.9469750487199501,90.5044196717243,48.14088634649912,-3.912915404372674,-0.004486738188369491,0.9596180361345286,202.16395044552632,69.45454151872782,0.4933532,0.5020098,144
13150000,chronos,few_shot,0.1,CAMELS-BR,0.9997919334106075,0.9986671031897616,383.4695603361261,314.03339120370373,0.06062159626184755,0.00018833182255995583,0.9986691729584293,481.168788207255,300.9242092283488,0.04068087,0.041356362,135
13150003,chronos,few_shot,0.1,CAMELS-BR,0.9997308155810889,0.9986393176270704,461.7179908668427,354.16823630136986,0.06646774017487095,0.00015969119257417362,0.9986433726826375,246.96911896177906,366.7621091834134,0.03747192,0.037951715,146
13490000,chronos,few_shot,0.1,CAMELS-BR,0.5022927106043977,0.6520236522738656,14.258725053882102,6.970426592333563,-9.768997656342902,-0.0010468910900724455,0.7795870827544038,47.81254521448468,66.05838012695312,0.40898708,0.35345083,29
13550000,chronos,few_shot,0.1,CAMELS-BR,0.9189284450923982,0.8481963780883811,74.30239257115686,34.83203467824101,-8.672191509978536,-0.0014990164375436876,0.8523753843145373,248.31383620099476,130.5940106518071,0.6147539,0.62995696,153
13710001,chronos,few_shot,0.1,CAMELS-BR,0.9954595062605318,0.9954582352760345,142.92669825681952,86.10872928116673,-0.39131243896904094,0.0006787419602268391,0.9959373569717999,165.81530355663642,141.01873216286128,0.24556251,0.27183095,129
13730000,chronos,few_shot,0.1,CAMELS-BR,0.9991235396339164,0.9990984514743314,19.381390514452896,13.468758851579093,-0.060127853203311106,0.0010204059682210678,0.9991674621199523,14.664430383085907,14.317213614936549,0.12185405,0.12681305,103
13840000,chronos,few_shot,0.1,CAMELS-BR,0.9918629170257866,0.98925298537799,13.407493159567577,4.285523620306277,0.2505539140416554,-0.0002858693835468395,0.9900073779593673,5.587592751504689,5.613188531948731,0.08900817,0.09028957,102
13950000,chronos,few_shot,0.1,CAMELS-BR,0.9998828975962739,0.9992733092130366,56.617377728556946,43.19102411684783,0.01159729035755128,0.00019983356953691064,0.9992744534501959,95.72761083977532,115.66823622346791,0.053925466,0.05408978,115
13990000,chronos,few_shot,0.1,CAMELS-BR,0.9993321742312594,0.9981996950530844,97.65394416948409,63.01678466796875,0.07990666338549779,-0.001348472777919378,0.9982018916705196,112.96346496629143,85.751953125,0.19391209,0.19582626,25
14325000,chronos,few_shot,0.1,CAMELS-BR,0.9950086013172453,0.9963578345503534,22.954835731349927,15.280160102291383,-0.015612622271886678,0.0005190817442063227,0.997283332608887,15.34363886726629,22.213508328699376,0.1532814,0.15498662,138
14488000,chronos,few_shot,0.1,CAMELS-BR,0.9616622246728983,0.9452451384194979,73.83263936552424,48.0200321490948,-3.069334972217499,-0.0028304072789289737,0.9479847482467346,88.26165398535336,77.1578369140625,0.24259275,0.2683043,52
14489000,chronos,few_shot,0.1,CAMELS-BR,0.9712438257183622,0.9828818257578911,168.89583294937947,110.28110660650792,-0.869835952192527,-0.0002495899650743483,0.9903198103975471,164.79414476349885,117.02226662745615,0.23731048,0.24376498,156
14540000,chronos,few_shot,0.1,CAMELS-BR,0.5674919215204562,0.589706899594904,69.49507463127443,34.44530310559629,-15.286314077673824,-0.003776426408905499,0.6553199651927291,252.21654526465116,352.13697412329424,0.5613305,0.46665305,134
14620000,chronos,few_shot,0.1,CAMELS-BR,0.9950326866556017,0.9936395489948943,190.69405498380942,125.84610501141616,-0.012083584719919783,-0.0017482759925591777,0.9941086100152048,311.12763655390444,180.32495013116917,0.28134784,0.299665,142
14680001,chronos,few_shot,0.1,CAMELS-BR,0.9314702096877668,0.9293385843117332,70.67009929586155,42.40958329188971,-2.4260043352699365,-0.0007641549786349573,0.9377327936386715,144.03230548058082,96.64498654074006,0.22774109,0.22328557,162
14750000,chronos,few_shot,0.1,CAMELS-BR,0.9742314693406766,0.9552240587245686,12.132253718229345,4.971015892028809,0.8921822020689506,-0.003929933584541318,0.9569634588826749,10.025081182565893,13.6378173828125,0.25859693,0.22672068,25
15042000,chronos,few_shot,0.1,CAMELS-BR,0.9822240779433572,0.9884967466345143,2.683931596573737,1.8897370765949117,0.12841042983448722,0.00038988993145577973,0.9924189429284522,4.214241361016079,6.850901963938073,0.1500965,0.15224513,145
15044000,chronos,few_shot,0.1,CAMELS-BR,0.7708425882532861,0.8814246643236593,2.65154314842572,1.7782439714596596,0.8876223390485567,0.0007692543424042079,0.9471462869387902,4.017377671482107,2.923380528281277,0.06975901,0.0818151,162
15190000,chronos,few_shot,0.1,CAMELS-BR,0.9801663013212211,0.9719475472052646,2.3162144739987762,1.2380691671077115,-2.003449898852931,-0.0022935437292604874,0.9736362432374697,6.148536821421379,5.0191276883463045,0.30955848,0.31234625,162
15200010,chronos,few_shot,0.1,CAMELS-BR,0.9998849086647323,0.9980430654296913,17.453304450225417,11.386981822826245,-0.1940926453699168,0.0006175656737469407,0.9980435066627015,14.944023710876847,11.243794727289488,0.09404107,0.09482071,162
15246000,chronos,few_shot,0.1,CAMELS-BR,0.997750819612394,0.9969889808412435,2.271047467409938,1.642654367855617,-0.005711909150467282,0.0006678090713538518,0.9971489341005784,2.6461336460356613,0.0592041015625,0.19122571,0.20345874,28
15400000,chronos,few_shot,0.1,CAMELS-BR,0.9963680888638169,0.992743488137157,592.1579289915428,434.0763135368441,-0.20901313140300667,0.0006909504517547266,0.9929617674593738,497.5865901162598,716.4028332850725,0.1189303,0.13117774,162
15450000,chronos,few_shot,0.1,CAMELS-BR,0.9977283183991649,0.9935681951615112,13.148855370859495,7.858359960862148,-0.5837273502280197,-0.0005936625500022746,0.9936579691814004,16.04672465177359,27.336541761019586,0.1627897,0.1690591,162
15460000,chronos,few_shot,0.1,CAMELS-BR,0.9989036338404775,0.9946427405501448,9.050555137852017,5.807561120869201,-0.44847276066687153,0.0010238396681255466,0.9946633279749022,8.861989815322856,5.5506214612797695,0.14567302,0.15603957,162
15460008,chronos,few_shot,0.1,CAMELS-BR,0.9986699550519282,0.9966117266568796,10.934674510367287,6.607397797819856,0.33209900489379357,-1.028654950550184e-05,0.996667614969955,18.612646955870943,7.210339839155021,0.15236637,0.1555525,154
15490000,chronos,few_shot,0.1,CAMELS-BR,0.9964393123478053,0.9976206619450262,664.4612422774151,416.21852997202933,0.1230389350836386,-0.0012775127511547996,0.9983626926257169,538.8116434996085,514.8000375402358,0.10516279,0.11346172,162
15552600,chronos,few_shot,0.1,CAMELS-BR,0.7915669088740338,0.8105072281243415,23.720432511016103,12.833297898497763,-4.740576547543815,-0.0006898583012306878,0.8409730627478339,68.55606436870545,121.95391771627033,0.21697947,0.17819987,158
15553350,chronos,few_shot,0.1,CAMELS-BR,0.9226461701258114,0.9414687447160737,1.0579540807197825,0.6819586245343089,-2.1595586364747366,-3.090066745387726e-05,0.9562266683462881,0.7954578483071463,0.7148757056342884,0.23232605,0.22371572,160
15565000,chronos,few_shot,0.1,CAMELS-BR,0.9008242081824093,0.9032818125525337,34.692916370459066,17.324187548193212,-7.355010559799008,-0.0038361968657830148,0.916059116045815,88.45720547734012,39.12489187631086,0.40244567,0.4143319,146
15580000,chronos,few_shot,0.1,CAMELS-BR,0.9849154988733146,0.97214673428012,157.0854175679401,67.22653203010559,-0.07057578368824234,0.0012573015899927167,0.9729495951526096,536.761517445569,40.73395587572364,0.23292144,0.23938724,160
15710000,chronos,few_shot,0.1,CAMELS-BR,0.9594426910184166,0.9779112008975114,1.0778325029767877,0.6923082640141617,-0.8991261560451729,0.0007033110426352563,0.9907053235481623,1.0686480463901313,1.2784741048163468,0.163591,0.1691034,162
15800000,chronos,few_shot,0.1,CAMELS-BR,0.9987474799419395,0.9984052224378707,40.161804690604825,24.062953643798828,-0.1008134761051317,-0.00018444390066530564,0.9985130044067645,46.76086520892075,57.340146519583854,0.18080352,0.1826305,125
15930000,chronos,few_shot,0.1,CAMELS-BR,0.9985281441733205,0.9988303904206903,6.080836780306254,3.28086403556492,0.06554453261693684,-0.000247515667311779,0.9989504325486119,18.519921403671674,11.784816162129102,0.14240469,0.15000431,115
16480000,chronos,few_shot,0.1,CAMELS-BR,0.9895488710053393,0.9871713113285121,64.36458449070818,36.17734150827667,-0.46256845733304286,0.00015651055505970513,0.9882519741941178,50.952754986360645,41.89405752629986,0.2275866,0.2414514,162
17050000,chronos,few_shot,0.1,CAMELS-BR,0.9995796394629547,0.9989849872521712,1101.475812508314,844.1449411651234,-0.09928351423927007,5.1679290079481924e-05,0.9990002565364304,1081.352662214379,1245.9483149847274,0.038391467,0.039059587,162
17092800,chronos,few_shot,0.1,CAMELS-BR,0.9300902614766746,0.9187121905902306,7.480658623153412,2.772799201633619,0.7878109297811388,-2.9722533474111495e-07,0.9229780937549124,21.25960214274252,28.036239624023438,0.038329136,0.0470694,92
17094400,chronos,few_shot,0.1,CAMELS-BR,0.9072733920023247,0.9395198393508957,7.317895621855045,4.373441036836601,-1.4411592519905985,-0.0004570206887570469,0.9612997611185299,15.111605402822779,17.244196716670196,0.17035148,0.1454269,162
17095000,chronos,few_shot,0.1,CAMELS-BR,0.990236598316005,0.9907302217375031,15.903645191568417,9.597002896395596,0.26789035578848747,-0.00010487295777435353,0.9918936218888877,22.239649207112908,28.331298828125,0.08306445,0.091324925,88
17100000,chronos,few_shot,0.1,CAMELS-BR,0.9916995999268777,0.9923274873167454,8.775121431772602,6.049088605244955,-0.5894021306808039,-0.0003912330778676216,0.9934336356929969,9.119979474154684,10.244928193796735,0.09299517,0.09959766,120
17123000,chronos,few_shot,0.1,CAMELS-BR,0.9613995135605976,0.9769101175070457,118.31315820724092,42.410162517002654,1.0308937874593334,9.997526163988205e-05,0.9866855826428449,70.02480686759327,101.883897060106,0.10198481,0.13607791,112
17210000,chronos,few_shot,0.1,CAMELS-BR,0.8297455853372756,0.8937361680824663,94.67797821364161,16.531716028849285,-3.7548854850983995,0.0009624736939817385,0.9394307369740759,393.74587454238804,734.2408854877787,0.1816233,0.19222698,126
17270000,chronos,few_shot,0.1,CAMELS-BR,0.9042669205299294,0.9454129479075104,14.983549855308775,8.994284272193909,-0.5604748976698415,-0.0014990338158767484,0.9751275901406591,40.41427234227439,72.40404258744398,0.11898843,0.12529413,160
17300000,chronos,few_shot,0.1,CAMELS-BR,0.9955245472503782,0.9976722244863299,39.77193448687396,21.02259393385899,0.03809865011119692,6.55545712819755e-05,0.9991450937678094,77.39877309705366,6.11487725968669,0.1269608,0.13047902,162
17345000,chronos,few_shot,0.1,CAMELS-BR,0.8030692809566633,0.8187863960967571,6.937971239554767,3.3911849245613004,-4.084218589029599,0.000832148055880496,0.8479355465557201,22.03664658096482,35.13978925547881,0.26191822,0.23900831,162
17395900,chronos,few_shot,0.1,CAMELS-BR,0.9932460560013965,0.9908076861800201,42.403335869078276,24.826579131578143,-0.006241788628522734,-0.000100625986502699,0.9914030929715072,47.86359466750394,45.00905838632334,0.22816248,0.23400836,152
17430000,chronos,few_shot,0.1,CAMELS-BR,0.987109222009757,0.9922739434116459,597.6829244177775,146.85339011608716,0.4223318886511011,0.0002939073684704238,0.9956836398793909,131.1900816831953,44.21058324516984,0.08980341,0.09212995,142
17610000,chronos,few_shot,0.1,CAMELS-BR,0.9814186973987999,0.9839439007018602,27.63876434103572,17.848261893550053,-1.2848962935664183,0.005476460655060092,0.9868222248153069,42.052259907386286,64.18397406178144,0.2632076,0.2597808,158
17660000,chronos,few_shot,0.1,CAMELS-BR,0.9973471913947134,0.9940546646629858,15.031041120547219,8.9932559548992,-0.5799484064660266,0.0021186611923404153,0.994173494077975,9.168590498210458,11.119140625,0.20171246,0.22028525,73
18200000,chronos,few_shot,0.1,CAMELS-BR,0.9845592147766904,0.9909232284186683,27.603335037977015,15.09366614576699,-0.4643731539360535,-0.0023753442870018265,0.9949542789704703,56.02867028674514,52.91692090436676,0.25990286,0.26256606,138
18295000,chronos,few_shot,0.1,CAMELS-BR,0.992247046378653,0.9849240141068454,75.8989822416105,42.31858524806063,-0.6625074207624159,-0.0007950351102878964,0.9853685290935799,89.62569904092189,60.16158365954264,0.17300248,0.19282773,142
18409650,chronos,few_shot,0.1,CAMELS-BR,0.8738542419024239,0.8472363915512433,26.300439437367665,14.878901823067372,-6.780522207058405,-0.00021723261767292099,0.8590011933544612,67.47770781430818,35.73464015682018,0.38778293,0.34465984,162
18423500,chronos,few_shot,0.1,CAMELS-BR,0.9943617885640271,0.9947156332052779,1.23563675887595,0.7174510955810547,0.41317833039659724,1.767770561820342e-05,0.9953949571027154,1.9810816854699724,2.913474051217819,0.1105091,0.1103696,111
18426000,chronos,few_shot,0.1,CAMELS-BR,0.9189654287983711,0.9513705591590187,0.3079729719994836,0.14313826022609588,-1.978249233428676,-0.00022928517558543082,0.9727007343315662,0.7633300674081632,0.8512090731346037,0.18768494,0.15734103,155
18430000,chronos,few_shot,0.1,CAMELS-BR,0.9997825641288538,0.9975683405144248,20.191744018347336,15.817952082707333,-0.0982721302309804,-0.0003638448215620184,0.9975689166894668,31.8386128218509,9.67529296875,0.06923367,0.07069084,52
18600000,chronos,few_shot,0.1,CAMELS-BR,0.9988944326747634,0.9974376143871969,41.27721067240815,23.604594089673913,-0.24457003142345782,-0.0004411113247244289,0.9974810869238667,35.173444448116804,45.77432116684063,0.14082673,0.14657405,115
18640000,chronos,few_shot,0.1,CAMELS-BR,0.9979034340968563,0.9985880167941344,19.784900784305165,11.423351204913596,-0.08464622236852294,0.002225244230245303,0.9987505068167839,56.553628884857524,18.4915771484375,0.1701392,0.16335173,69
18870000,chronos,few_shot,0.1,CAMELS-BR,0.9932111937432897,0.9853086038128115,16.098762496265582,7.496803475087964,0.4215756198310337,-0.0008548986379295076,0.9855716239476198,50.72528415010957,17.2562753179815,0.39380696,0.40080374,143
18960000,chronos,few_shot,0.1,CAMELS-BR,0.997183488194545,0.9970031155695731,0.4079668764605113,0.26536381964715533,-0.1501860911666975,0.0008417156741708544,0.9973346007793698,0.7619627592519082,0.42382918253477725,0.07847183,0.079890706,149
19100000,chronos,few_shot,0.1,CAMELS-BR,0.9908748609257505,0.9920097815893717,6.677158866255523,4.572741399576635,0.6281322504799253,-0.0005357592723830955,0.9933872693333362,7.115646803250255,5.499241846852113,0.19372532,0.19795875,162
19200000,chronos,few_shot,0.1,CAMELS-BR,0.9538192648170939,0.9440076754216886,4.1142079911711535,2.132287184305397,-3.670604458917411,-0.003990092936567373,0.9487800892647839,10.213969542323557,14.145414407645653,0.36524507,0.36457014,162
19400000,chronos,few_shot,0.1,CAMELS-BR,0.9354425949759885,0.9567034089446352,6.113325383732556,4.145808800845079,-2.068920895229666,-0.001265888936964811,0.9706729436496533,14.839048101557816,27.786220160728796,0.21727234,0.2204174,142
20000900,chronos,few_shot,0.1,CAMELS-BR,0.20414934143520025,0.2656265799259424,0.8586447666941479,0.24139093213221607,-14.004385016853405,0.0002359154554229352,0.4355055769245413,3.3796401631859276,6.23593807220459,0.33710188,0.166301,68
20001200,chronos,few_shot,0.1,CAMELS-BR,0.4435218975821982,0.5452130648627527,0.5262369928398353,0.17033480182290078,-10.031310143542086,-0.0011485636513210752,0.6757879416446194,2.1941837557623654,3.5461695790290833,0.35146,0.19706047,80
20100000,chronos,few_shot,0.1,CAMELS-BR,0.6093714509828982,0.7802599372757477,12.420968596887121,4.2149303568933245,-4.616389288502908,-0.0027650665455497825,0.9113926822673599,32.836173331118474,50.39759268665869,0.4059257,0.35673282,133
20100010,chronos,few_shot,0.1,CAMELS-BR,0.821212603945005,0.7985501948589738,9.79870714306355,4.797955262808152,-7.630987957366427,0.0004132590471886931,0.8173492496924514,31.169565922163535,36.85641583245037,0.33261132,0.3025826,162
20200000,chronos,few_shot,0.1,CAMELS-BR,0.7560625894410244,0.7502713407037848,21.817113009228823,7.571180485471895,-8.29536509732726,0.0011522165974960988,0.7827177674236976,88.76429167556374,158.15482187202716,0.45289698,0.37975207,158
20899000,chronos,few_shot,0.1,CAMELS-BR,0.7745453494836511,0.7079465445062092,52.394239689989504,21.299950608500726,-18.31254137261345,-0.00012446938620411588,0.7210606200690837,194.2126963458548,220.80130575807203,0.5773321,0.46340662,108
20900000,chronos,few_shot,0.1,CAMELS-BR,0.7160552248730401,0.7014946747761905,46.521289116754886,16.59472874653192,-10.443433076933784,4.061575783281812e-06,0.7350391860676545,182.14523573709118,207.4616889772614,0.40317774,0.36036208,162
21070000,chronos,few_shot,0.1,CAMELS-BR,0.7874933930563213,0.8935339696240064,121.4700779868653,83.82894256968557,-1.5212003438519803,-0.0002651467069170327,0.9825982527748913,196.3457608495789,221.91652954778598,0.15490955,0.16156292,162
21500000,chronos,few_shot,0.1,CAMELS-BR,0.9414512088506387,0.9281228476050466,57.113546528316654,18.713014040061896,-2.907275876603828,-0.0021377603420354146,0.9341941767917087,170.8172812755839,216.62838561283112,0.30348483,0.3121578,139
21545000,chronos,few_shot,0.1,CAMELS-BR,0.5318138635073357,0.766860773957627,1.1201803047628107,0.6106444576330352,-0.4631657455928163,-0.00026035515840079756,0.9727472662583471,3.461855061696649,4.268283993396409,0.062009655,0.055033185,114
21750000,chronos,few_shot,0.1,CAMELS-BR,0.8821010776616343,0.9393690501204157,4.238550233032446,1.4908664475626021,-0.10440519855028145,-0.0008498633002294908,0.9853329750800273,17.10222748664937,6.824694831219078,0.14860946,0.1516394,134
21890000,chronos,few_shot,0.1,CAMELS-BR,0.49881537179309676,0.6924275538815844,181.93955626581447,46.1265485316147,2.347998209900096,0.00042669165103698115,0.7408657306642266,749.3897158884914,531.8012137202148,0.28271794,0.36766097,162
22040000,chronos,few_shot,0.1,CAMELS-BR,0.9375603616617405,0.9514021440360898,232.4829856678296,129.14067198100844,-2.384582074195016,-0.0008639820506782976,0.9623753216008644,533.6462765608698,623.7617655783497,0.23822121,0.24671502,152
22043000,chronos,few_shot,0.1,CAMELS-BR,0.8573268085827981,0.8549776830096861,290.3004055850364,187.44913548599055,-12.479158522787284,-0.001933124553546382,0.8670689959120359,500.11211898193903,142.57491067111067,0.347168,0.32988787,162
22241000,chronos,few_shot,0.1,CAMELS-BR,0.5962373342411784,0.7819570763109938,12.682998318891336,4.279448282127538,-5.740594006219518,0.001320620713354495,0.9334025477635688,50.07048137170765,56.669882125717706,0.5281109,0.5641702,121
22700000,chronos,few_shot,0.1,CAMELS-BR,0.7730962230099495,0.8767900138675648,64.63398575482171,24.83891674944463,-0.7225838355958505,-0.0005360507513202002,0.9323946810422578,246.02455199108314,291.8264600695882,0.24614045,0.26053008,131
22741000,chronos,few_shot,0.1,CAMELS-BR,0.8402754232985297,0.7311633213574737,41.14269660175172,16.591534782858457,-3.7789808021150284,0.0008145365367716829,0.7354382175341085,154.63230168327914,290.38336181640625,0.19460995,0.14863668,68
23130000,chronos,few_shot,0.1,CAMELS-BR,0.9435082628928483,0.9131333544687245,2.4964983172578386,1.3058804665450696,-5.984044056715718,0.00034230870910751526,0.9173327746159995,4.749921988432024,3.01801474712113,0.40224904,0.35568973,162
23150000,chronos,few_shot,0.1,CAMELS-BR,0.5677497862227392,0.7030710374590008,28.312754836771564,9.764186631387739,-1.1942917282573828,-0.0023621045013059207,0.7292131414163331,106.46545836089112,186.71345721404592,0.38513803,0.44654518,134
23249000,chronos,few_shot,0.1,CAMELS-BR,0.95397078206759,0.9375317115093365,23.8950870174675,11.820142322116428,-2.5510065176270422,0.0005719660297412513,0.9416630382822471,77.61156856264452,87.27698362655664,0.29044837,0.2927541,162
23468000,chronos,few_shot,0.1,CAMELS-BR,0.8690813752845343,0.9317104467097009,16.80033307243827,6.432188858220607,-1.851570588590686,-0.0007439151219483797,0.9763544897680504,62.52620636478473,50.13940216811169,0.23890324,0.2548672,162
23610000,chronos,few_shot,0.1,CAMELS-BR,0.8927975545407216,0.9251779150335612,5.511586700509827,2.4053655576705935,-4.207250950392204,-0.004660758756312035,0.9482272517717238,16.714996247091257,24.01887501688933,0.5419511,0.5765938,150
23710000,chronos,few_shot,0.1,CAMELS-BR,0.9868530139689043,0.978455779677862,271.69350484173316,162.73599506896218,-0.3815017908846307,-0.00029486325397671403,0.9793992713845077,780.7273547849356,904.9409058356135,0.2173166,0.21234901,162
24100000,chronos,few_shot,0.1,CAMELS-BR,0.8324327649522454,0.7937148670896649,20.237996048189842,10.10427150019893,-3.7017532220147538,2.420532391223494e-06,0.8084700686241656,70.2453270968353,59.311725293518315,0.22171304,0.19547337,162
24650000,chronos,few_shot,0.1,CAMELS-BR,0.8687944510663436,0.8446401755899373,10.08515009502435,4.890398973300133,-6.0330127126479365,-0.0036186219635011216,0.8572281708917115,31.23466967704836,57.22708518874772,0.33811817,0.3472766,162
24700000,chronos,few_shot,0.1,CAMELS-BR,0.8755180595952414,0.7620358658510287,128.59727359619174,51.7327882099927,-6.654155001620626,-0.00019844395795571082,0.764892856271641,484.3533732209975,706.7472620326365,0.34249598,0.31283993,123
24780000,chronos,few_shot,0.1,CAMELS-BR,0.7197841103584297,0.8475679040059623,12.75792658647314,3.913185079418521,-6.188161241096995,-0.0036251920271133317,0.9379040954637398,43.849795150538235,69.31743352174641,0.6865564,0.69911337,131
24900000,chronos,few_shot,0.1,CAMELS-BR,0.5217880540478017,0.7098153041023862,10.41320496481902,3.097420010743318,-3.953551869903824,-0.0016374962673581742,0.7369192945900698,43.890586177751246,68.97009093539633,0.40664488,0.4172552,135
25120000,chronos,few_shot,0.1,CAMELS-BR,0.23644597735903494,0.29082496011294157,2.0148390224589035,0.6430049518548688,-24.33440250746699,0.00809562910625241,0.4764081271669459,7.92718349377947,14.995621986237397,0.7130139,0.42495897,162
25130000,chronos,few_shot,0.1,CAMELS-BR,0.5325007494961279,0.7678089811771149,58.69593365160903,16.35341031074854,-1.576250882960086,-0.006171248819116945,0.8917902399080625,246.32883506892034,311.1854880764151,0.5839438,0.52769434,158
25200000,chronos,few_shot,0.1,CAMELS-BR,0.9926926613383015,0.9733976072416506,62.96236031295932,31.2730884086795,0.5509790405609524,-0.001851299997629268,0.9735653404831631,101.83608607479346,179.24422265911628,0.263926,0.27273375,123
25500000,chronos,few_shot,0.1,CAMELS-BR,0.8673236938981375,0.9134263665805854,15.583334137728418,5.802664109009007,1.6125118520297386,-0.0016723143167932525,0.9270932261489735,53.810650907661966,91.67403981495515,0.67801154,0.7574425,150
25850000,chronos,few_shot,0.1,CAMELS-BR,0.9579983891629255,0.896910838304545,0.5724278570450726,0.3005458447668288,-4.670458878184525,0.006358304812385238,0.8973559786701212,0.38471317291259766,0.38471317291259766,0.4575035,0.59454787,18
26100000,chronos,few_shot,0.1,CAMELS-BR,0.9788020583321774,0.9877547057675428,29.84433819030197,14.119876124277836,-0.5379902309802188,-0.001564773306855843,0.9935790376514649,50.75580431093611,20.46176816009579,0.14281029,0.16276173,119
26150000,chronos,few_shot,0.1,CAMELS-BR,0.9885623881282987,0.9646389505638585,6.979212266275386,3.488349515741522,-0.25510472288613323,-0.0019433040613811327,0.9648412461732633,21.972549685486474,35.86034736484983,0.17990965,0.20927212,110
26710000,chronos,few_shot,0.1,CAMELS-BR,0.9980302306377528,0.9860939750100549,2.52986696742032,1.0866526717725007,-0.2279135093867994,0.002886306837358285,0.9861035169658149,8.040989061109334,1.4946303073576772,0.3537278,0.34464782,115
26711000,chronos,few_shot,0.1,CAMELS-BR,0.9996477144423587,0.996629513275037,2.7177353450102864,1.4437057792015795,0.16838619827119083,-0.0006761574186205654,0.9966325062087323,1.4179998227266855,0.5416713916514406,0.15767767,0.16160244,159
26720000,chronos,few_shot,0.1,CAMELS-BR,0.9560420735766105,0.9646743353199748,15.094197760867017,4.140483584093011,-1.7902197350336646,0.0015990330210163967,0.9724559528789205,56.89928565419083,83.7648089935213,0.3781986,0.40202263,115
26730000,chronos,few_shot,0.1,CAMELS-BR,0.9992075266189955,0.9951869853930895,1.9082212213248524,0.8167827011960925,-0.30711156237158477,-0.0012336351742713303,0.995195136856386,4.995388610938353,2.888402713596007,0.301497,0.3069635,132
26795100,chronos,few_shot,0.1,CAMELS-BR,0.9804741017918945,0.9876705684299647,2.0964810806423415,1.0110318855099056,-0.6242413007473928,-0.0001884468836486075,0.992247271726567,4.622733836272487,1.089117022862267,0.20967935,0.24009793,115
26796000,chronos,few_shot,0.1,CAMELS-BR,0.998359536347084,0.9955295144527997,2.568805030157417,1.351985050963215,-0.42457983748801364,-0.00417199067788257,0.9955979142453398,2.5927439106151753,1.890553245606411,0.16945705,0.17866772,162
26798000,chronos,few_shot,0.1,CAMELS-BR,0.9998723093372487,0.9972230028561199,1.8039472525914935,1.1098646799006682,-0.15151097776699923,-0.00679262955738065,0.9972232959078359,3.413419153072469,4.1522720632917265,0.1344243,0.13541335,107
27110000,chronos,few_shot,0.1,CAMELS-BR,0.8671764928042773,0.9119673489272861,25.293077540802898,3.958796929957262,5.214015037649422,0.0050906350880748075,0.9382832916095196,0.5930879453188088,0.2625274658203125,0.201797,0.21028417,67
27500000,chronos,few_shot,0.1,CAMELS-BR,0.999692662096933,0.9973421546661404,70.87911063762142,41.601968278556036,-0.2652236806998301,0.0005582169839782811,0.9973458370669686,87.7532767420353,121.81461221812114,0.12256124,0.12521961,145
28200000,chronos,few_shot,0.1,CAMELS-BR,0.9537929993457384,0.9585600870125309,5.065686886281636,3.044807312535305,-1.701221440130118,0.00233531220673722,0.9653526546814866,10.690489217163208,5.73661903525625,0.31278387,0.29582655,153
28240000,chronos,few_shot,0.1,CAMELS-BR,0.9269948513223181,0.9606289849172002,17.59927417630973,7.107550152710506,0.11514881092337137,-0.0016625105589789316,0.9855457341704608,42.479793043222934,65.85850679284918,0.27417734,0.26595074,112
29100000,chronos,few_shot,0.1,CAMELS-BR,0.9891951758798876,0.9728332931798432,70.70432584619284,36.300543467203774,-2.0346888228997697,0.0002874482145867746,0.9733181472661104,74.22203560317664,88.52751719441768,0.28395772,0.32590035,150
30070000,chronos,few_shot,0.1,CAMELS-BR,0.9409360714066772,0.9573547325269096,5.4840839052346375,2.720238009417379,-1.0445518457870908,3.86859321134872e-05,0.9694044470428315,7.409284856359876,13.462943697177424,0.1996953,0.23326743,148
30080000,chronos,few_shot,0.1,CAMELS-BR,0.9874632614740666,0.9761731113419352,34.95368077343909,23.616147407195854,-1.6149718005975742,0.001187319673560474,0.9769126513614335,39.35911360103386,18.66035470144287,0.20845188,0.21901466,159
30100000,chronos,few_shot,0.1,CAMELS-BR,0.9831273804700775,0.9880011767054917,18.15458181008435,12.552563090249896,-0.6818633218346424,0.0013764160242482407,0.9908289644030682,39.49952793413668,19.58343505859375,0.2854077,0.26510292,80
30400000,chronos,few_shot,0.1,CAMELS-BR,0.9918269271436919,0.9919516292957543,71.71741728953998,41.43239640600888,-0.13858845533086545,0.0008068998705534208,0.9930288391558999,95.71228691500296,37.78050421971834,0.1909925,0.1954637,162
31020000,chronos,few_shot,0.1,CAMELS-BR,0.9987619019539075,0.9967917242531114,4.21811288559978,2.366955062489451,-0.26063368942734855,0.0007544780054534773,0.9968263363975742,9.441599931513776,1.92486572265625,0.123287894,0.13452582,81
32540000,chronos,few_shot,0.1,CAMELS-BR,0.9964437757358549,0.9954507509665576,4.446105343944067,2.294682726447965,0.1467796874538177,0.00040764616911029283,0.9957761956999359,14.623627148234863,6.222640125893742,0.086393274,0.09519753,162
32550000,chronos,few_shot,0.1,CAMELS-BR,0.9926150691965389,0.9934668820383176,6.780625650438987,3.581443044874403,-0.09505564891490582,-0.0004451040010343722,0.9943900213586698,18.603419208283018,21.79360544096574,0.15177979,0.16791357,144
32600000,chronos,few_shot,0.1,CAMELS-BR,0.9536085907304579,0.9412261830335247,58.85812959564764,50.118751525878906,-2.9189848809197003,,,64.9107666015625,64.9107666015625,0.1833108,0.236733,8
33190000,chronos,few_shot,0.1,CAMELS-BR,0.998531048767424,0.995830901545605,11.158725217812684,5.563006299096833,-0.020060083819411104,-0.00033856775876976025,0.9958799000850866,24.69246091326778,43.60570094776261,0.16714466,0.17154741,159
33205000,chronos,few_shot,0.1,CAMELS-BR,0.93900153386784,0.9372541062807406,6.0286352611531,2.4605544879112715,0.6566428648536159,-0.00047356043311946525,0.9424783828403572,20.78598158193201,32.947151053151174,0.25637546,0.26686358,162
33220000,chronos,few_shot,0.1,CAMELS-BR,0.9253132366941569,0.9359726742448873,1.4532343173705113,0.8472318060604143,0.037894411456002704,2.1338364580335625e-06,0.9456906397905844,2.664181476720854,2.3573000640715533,0.080878265,0.09218169,162
33280000,chronos,few_shot,0.1,CAMELS-BR,0.9760788305027227,0.9791160940348904,7.621122627348973,3.218814487698712,-1.0853689790306131,3.956231669592809e-05,0.9826340096900716,5.966493964223953,11.353132569990803,0.15276098,0.15823412,158
33286000,chronos,few_shot,0.1,CAMELS-BR,0.9861767599754379,0.9899882871195113,13.167731061903437,4.622214087957068,-0.7185180466769244,-0.00018266205567541924,0.9926238206603126,14.987123512077813,20.123222832094196,0.20319106,0.20630378,158
33290000,chronos,few_shot,0.1,CAMELS-BR,0.9948218190101666,0.9934759688973485,8.528909121500442,3.796240866938724,-0.5843589864572231,-0.0007379736915815449,0.9939125705552077,23.619397047506805,10.530222991695878,0.17084756,0.1746527,158
33420000,chronos,few_shot,0.1,CAMELS-BR,0.9788311633513372,0.9350387726278986,1.5892705185065066,0.6732803010321283,-0.6383670649989162,-0.00023867433412555136,0.9355385728561215,5.896606319237662,9.113871927470742,0.15147898,0.1396416,154
33450000,chronos,few_shot,0.1,CAMELS-BR,0.9338637603198495,0.8873023625946124,1.298681212462705,0.3743729650238414,-0.3874934279884165,-0.0001825280673677515,0.8882837657635317,4.8991816003067745,10.921650674863221,0.052692547,0.049261644,162
33480000,chronos,few_shot,0.1,CAMELS-BR,0.9678394946431916,0.9239313176152628,4.469826629991615,1.6885337586615496,-1.5727058843362907,5.4258652934017354e-05,0.9251462739165196,11.334650299914157,19.816081062930483,0.12203792,0.12086709,157
33550000,chronos,few_shot,0.1,CAMELS-BR,0.9392211136427142,0.9157231181400806,16.651156637113303,7.038608403273032,-3.6422533167326514,-0.0017975777862596996,0.9206453019280687,47.03507384192165,22.15654952893822,0.22217731,0.22029696,142
33631000,chronos,few_shot,0.1,CAMELS-BR,0.9841536897108355,0.9649278645847833,1.6933539338576855,0.6612851570394856,1.6020197442706894,,0.9656168851551743,4.329706895027382,5.60942220555155,0.4880809,0.511672,162
33638000,chronos,few_shot,0.1,CAMELS-BR,0.877736958605471,0.8548684491822278,5.366454984046063,1.5448019485920668,6.586590658090352,,0.8628873879047154,19.386919297692454,13.962599930598758,0.8115074,0.9016406,162
33680000,chronos,few_shot,0.1,CAMELS-BR,0.9812038522077902,0.9807443223847452,50.227060455372204,23.263771858944256,-0.37601305295663323,0.0034518158433552992,0.9831192850641848,157.7708053610618,79.05058501725784,0.3078782,0.30668518,157
33700000,chronos,few_shot,0.1,CAMELS-BR,0.9810033690416519,0.9891616655422087,1.2425708413832155,0.3867305260670336,-0.4516649054388476,6.642786288064799e-05,0.9945455956945477,0.982448356928245,1.7331504499677295,0.0750545,0.07559312,158
33780000,chronos,few_shot,0.1,CAMELS-BR,0.9915472940385985,0.9858918159295044,23.192608714288223,8.964984695632737,-1.3455184159267015,0.0005368960215012715,0.9863995975185895,71.69964637167384,57.39579445078364,0.30173728,0.32253137,154
34020000,chronos,few_shot,0.1,CAMELS-BR,0.8192782289111004,0.8028611118885196,17.174871757786278,8.159342150144939,-2.37685377753542,-0.0005853115113759431,0.8238401454763826,56.276128987852914,74.4008420301361,0.18086396,0.14386466,158
34218080,chronos,few_shot,0.1,CAMELS-BR,0.7999594968916817,0.8497117661816863,68.08853683241286,41.30192471727913,2.1114507730979724,0.000420442311545699,0.8912474443742605,86.85874128972806,183.8006425876164,0.23018932,0.2025759,162
34311000,chronos,few_shot,0.1,CAMELS-BR,0.8698358296598558,0.9110405741623034,91.18416706669258,51.52037328406225,-4.336571673242016,0.004033895916530163,0.9377368554009873,233.41091486969407,12.440055883175608,0.24023907,0.23560533,158
34470000,chronos,few_shot,0.1,CAMELS-BR,0.33770754826633864,0.6536176485110884,9.781952765697428,2.7223384632602516,-13.964146339075503,-0.01391445764682192,0.8503054775044524,37.108760785914505,56.168290544014226,1.1172916,1.2658585,162
34564000,chronos,few_shot,0.1,CAMELS-BR,0.6105330199740246,0.6848622818415473,2.287270021236648,0.34166094485992266,-5.594136046286659,0.0026234804915069576,0.7564074249605486,9.68951266228948,15.733683945166478,0.7520288,0.5437103,162
34610000,chronos,few_shot,0.1,CAMELS-BR,0.8779619496819883,0.9367100832298236,44.25003030861421,12.96175062969143,-1.0620983658007468,-0.001879251961143663,0.9679078225364619,177.80344488943365,198.8377784456323,0.6678582,0.59452885,162
34760000,chronos,few_shot,0.1,CAMELS-BR,-0.035143974836335135,0.36928479895912125,80.08488050691486,27.5977339195677,25.764827680916547,-0.012855348149494628,0.41785431988680855,242.33535606611258,41.20229778707229,0.8808756,0.7453042,158
34770000,chronos,few_shot,0.1,CAMELS-BR,0.19590054527326484,0.43675273417392235,138.2568426262436,42.50499897535089,15.37087319091526,-0.00618973087413921,0.46434122833387015,563.2130268527205,220.41174198802617,0.74059933,0.74595577,158
34933000,chronos,few_shot,0.1,CAMELS-BR,0.9307202171236755,0.9418818578895969,8.875386828915172,3.199933799977104,-4.656173696570516,,0.9530981646806963,14.777092728945691,15.351116715727937,0.74417746,0.748013,150
34979000,chronos,few_shot,0.1,CAMELS-BR,0.5220249013444778,0.5871149915240244,1.3552825096495869,0.4488791444419343,-25.239167767601856,-0.009123877325626702,0.6329067205200771,5.220124195093815,7.00421540079933,0.67581487,0.53551346,162
35125000,chronos,few_shot,0.1,CAMELS-BR,0.38325357715054165,0.6769701621676208,13.750773340881484,3.798586490175503,5.793621595008134,-0.005586066019098092,0.7774221728829104,41.106164188631965,31.677196759404186,0.83413935,0.951073,157
35255000,chronos,few_shot,0.1,CAMELS-BR,0.6608056613493571,0.7334561790965642,31.62108092585718,6.859363228459902,-8.745432412979667,0.0006924118189377609,0.8024457548719368,136.48980472371508,222.9927223057771,1.0146945,1.0666938,158
36230000,chronos,few_shot,0.1,CAMELS-BR,0.1415659066545364,-0.03338314619445004,9.307947928318537,1.4309675035434832,-56.079254159298685,,0.16763236729744124,39.464599365006606,80.63280502260213,1.6397537,1.3535272,162
36260000,chronos,few_shot,0.1,CAMELS-BR,0.4117230650062068,0.7139391747248094,25.249414467487668,6.771067083658029,-1.4421981075350332,0.02121580033729338,0.8581341848298316,80.35608712322868,113.50978421881662,0.79755616,0.56908137,162
36470000,chronos,few_shot,0.1,CAMELS-BR,0.356540460212062,0.5431443433122439,6.890790814274881,1.3254115326002378,29.951323676297744,,0.6030490007926647,29.01411942157501,27.22560160398303,1.1598727,1.4386207,162
36628000,chronos,few_shot,0.1,CAMELS-BR,0.7441807315265506,0.8417657503412409,13.379963169810326,2.754280186082915,6.984695623698596,0.0051614762188527015,0.8887578545012356,56.70220660757907,67.68796276752333,0.9153412,0.59321433,162
37290000,chronos,few_shot,0.1,CAMELS-BR,0.14337664310218412,0.5648429376762243,8.004484951581595,2.131835894346756,11.736960514264517,,0.6741578230988614,33.870718358128286,23.116282030822077,1.2699702,1.665685,158
37312150,chronos,few_shot,0.1,CAMELS-BR,,,7.460460823004254e-05,5.958286615518423e-05,0.013683090730069656,1.9620223465668182e-05,,7.460460823004254e-05,7.460460823004254e-05,0.0,0.0011641604,13
37412000,chronos,few_shot,0.1,CAMELS-BR,0.3230333574381864,0.49768703541932946,32.88268892723363,7.380416005481909,-20.157214807168742,-0.0024090175226678216,0.6926031655419519,137.53713997981328,231.75162288855023,0.9047963,0.7112728,162
37559000,chronos,few_shot,0.1,CAMELS-BR,0.7243900852755285,0.3166460647644279,0.9809358927339606,0.1680165787102952,-52.24026354991215,,0.3185130121160272,4.159863423045201,7.996613549703426,1.643338,1.4174062,162
37604000,chronos,few_shot,0.1,CAMELS-BR,0.3127713289435913,0.6032835289655265,73.32885359778273,16.077507649779744,-10.535196202023755,-0.006994772724866871,0.8620607818107562,276.24972313139375,436.40831795196243,1.0081751,0.8318712,162
38750000,chronos,few_shot,0.1,CAMELS-BR,0.3921528808885806,0.19357679027435948,10.63801399429595,1.252840047078136,-41.06317652534666,,0.23689411145143202,47.33569964004515,88.12999022043844,1.0958248,0.8524658,139
38771000,chronos,few_shot,0.1,CAMELS-BR,0.3096038891238152,0.6272894546250576,3.543968551404458,1.0440982275215598,-13.383381629021091,-0.003119145507524526,0.8587765956042405,14.382877639715074,20.921459203210613,1.1514932,1.1243544,120
38800500,chronos,few_shot,0.1,CAMELS-BR,0.38434967354857097,0.6217287070399362,2.9403990449220396,0.6433863610319503,-1.2575897665641667,,0.8499430109939021,7.93459992787158,16.383998216288383,0.61005974,0.6295122,154
38841000,chronos,few_shot,0.1,CAMELS-BR,0.2054931687645316,0.34495010419415406,0.17467667227876638,0.03959816973656416,-25.43300501997749,,0.5853331540515645,0.17467667227876638,0.8172338857008088,1.1317852,0.7839864,112
39084020,chronos,few_shot,0.1,CAMELS-BR,0.7920131955741491,0.8117177231911686,5.887998997564161,2.2505494625218314,-11.637282887071102,-0.002414918158613423,0.8451704990773101,21.664615955011282,30.271532878276883,0.82331586,0.9966186,146
39187800,chronos,few_shot,0.1,CAMELS-BR,0.33056499287132335,0.5857557085030496,20.332578174247285,5.188859593905049,-12.533228868115868,0.0023999753154599,0.8195759258388338,79.4945093878799,137.80693054233961,0.791926,0.77222395,162
39189550,chronos,few_shot,0.1,CAMELS-BR,0.26311863396144286,0.32402758822603595,4.138581959414187,1.1920466647020675,-19.933348856628303,0.015986803410558678,0.5195701289042958,16.518529786923732,30.753147682669272,1.0703369,0.98709905,159
39190800,chronos,few_shot,0.1,CAMELS-BR,0.36594650994416633,0.5127505810740756,0.6744610440063138,0.2538343709762965,-10.24493057077891,-0.0022577160253099424,0.6855501758123033,2.4183098162878585,3.272846856846062,0.4492409,0.2913043,107
39192000,chronos,few_shot,0.1,CAMELS-BR,0.054228547926717274,0.449678447648056,2.5018059358416784,0.7751262745371571,-16.644042626295395,-0.003188175130403776,0.7839083370662707,10.260274069425051,14.6307387633333,0.6725039,0.58457595,162
39345000,chronos,few_shot,0.1,CAMELS-BR,0.7527808140088412,0.6891235979801712,2.0896509332079893,0.45815522750218707,-12.992079653742445,,0.7116083076966613,8.779024836921709,15.674328423119011,0.6948042,0.60099185,150
39360000,chronos,few_shot,0.1,CAMELS-BR,-0.15612237594033385,0.493755814965649,14.079484622219109,3.6362183539072674,-3.469057974135435,-0.000408022871997208,0.7136151211863262,37.305054091203196,63.24485328227464,0.7083122,0.6701352,150
39433000,chronos,few_shot,0.1,CAMELS-BR,0.588656694705892,0.5105212940317696,6.993680036367069,2.669151054488288,-16.38891814306505,-0.0016213248194543832,0.5443145034398587,27.25145205787882,41.09183832484153,0.5413828,0.35285187,162
39480000,chronos,few_shot,0.1,CAMELS-BR,0.7757933829348317,0.7029135240181372,16.568235063042025,6.180899876135367,-13.485466843281015,-0.0041162198221378135,0.719330254390373,62.76929828425807,111.79904635648155,0.5316418,0.37663823,162
39540550,chronos,few_shot,0.1,CAMELS-BR,-0.005658552341175849,0.5149732355840622,20.267331192620613,4.117579244761325,3.553715950557067,0.004655376576503667,0.9285445262817519,70.9009342432129,110.49600616411897,0.8389647,1.0000899,162
39550000,chronos,few_shot,0.1,CAMELS-BR,0.3163596386993963,0.6699423332875092,14.875118460485846,4.555419085185866,3.2596579101586682,-0.0029594954274054022,0.8987272772550137,50.75454274743417,68.07745460772287,0.66169536,0.5932405,162
39571000,chronos,few_shot,0.1,CAMELS-BR,0.822035509404738,0.7859668401240059,1.696348625727737,0.6648469166255292,-10.7578196417684,-0.0007869739010208905,0.8038015593452522,6.573550873310614,8.9356269804927,0.51591843,0.39399785,162
39575000,chronos,few_shot,0.1,CAMELS-BR,0.46386891008700226,0.61181663848698,4.423975500156302,0.9807397128588715,-10.97853065763712,,0.7595668449240363,18.536241224113894,29.550423270954276,0.8288349,0.8150038,162
39580000,chronos,few_shot,0.1,CAMELS-BR,0.7376282802998264,0.8393634554764385,18.843519222602538,5.947286691194699,-8.24451218052268,-0.004218106270423646,0.8902493311364705,77.25291241235668,124.9782020133261,0.71955925,0.70833033,162
39689000,chronos,few_shot,0.1,CAMELS-BR,0.4347704404972188,0.6119019970809948,4.082457881961525,0.9948707307447437,-16.73081974449169,0.011015344382570277,0.7736966926312455,15.203671834134893,30.66140511562113,0.8143551,0.7438489,162
39700000,chronos,few_shot,0.1,CAMELS-BR,0.4540480773825266,0.6786573131095678,10.96795251914985,3.269795072483428,-10.866283110926027,0.000132393137833281,0.8617310866639791,43.6130746855325,57.11043561317214,0.7183236,0.54841083,162
39852000,chronos,few_shot,0.1,CAMELS-BR,0.6589470672504599,0.717693347828909,14.95686103122668,3.5494462173938017,-12.181607032006786,0.00535742793587473,0.7885059132398538,61.593695056676616,118.49216264029448,0.9165956,0.8477696,162
39970000,chronos,few_shot,0.1,CAMELS-BR,0.2009760002763349,0.38947804057387636,22.27567161888787,5.023479413773332,-16.99245929367846,0.05845960928226564,0.6554450767294058,91.64373084168946,168.25925443793443,1.1479497,0.7866483,161
40034000,chronos,few_shot,0.1,CAMELS-BR,0.5172242537323889,0.5164285482516202,6.530598264517443,2.501908281314298,-12.220792890395911,1.4596316866087589e-05,0.5850913644107709,26.775522895994087,47.2985912440193,0.37001503,0.2475176,159
40050000,chronos,few_shot,0.1,CAMELS-BR,0.9852144212574205,0.9810140384201838,14.777873083175532,6.7124669110333475,1.2682493909641266,-0.0003675003254292736,0.9822816465080425,16.05981211385055,5.854602697823176,0.30147332,0.32503742,162
40190002,chronos,few_shot,0.1,CAMELS-BR,0.7894280226736375,0.8385294129958434,2.4341832802359624,1.0546071529388428,1.1524324962843902,0.001006749467335157,0.8606219382255689,5.338035244502679,7.531282424926758,0.18424632,0.21089928,24
40330000,chronos,few_shot,0.1,CAMELS-BR,0.9306473431286011,0.9614036362612772,33.03645296431771,11.32344479500493,-1.451928951489973,0.0026857995416501614,0.9781712907567605,131.85130833893837,119.49786159946407,0.38026434,0.4058147,158
40450000,chronos,few_shot,0.1,CAMELS-BR,0.8283261605323515,0.7867661783280022,61.405930125259765,23.040534472465517,-8.19842916291717,-0.0003587300745853325,0.8025610959412699,232.50324861415172,367.71451445711074,0.3553064,0.29279488,160
40450001,chronos,few_shot,0.1,CAMELS-BR,0.9419837933234354,0.9251400879690218,10.269142464469496,5.404206835193398,-3.0665479693198234,0.003649800694031112,0.9305521350112829,24.164622061258246,28.471295830903973,0.322961,0.32614794,162
40579995,chronos,few_shot,0.1,CAMELS-BR,-2.4078641692698173,-0.2053549499219025,15.827569947313838,3.9057446817557016,11.086193999564374,-0.0011675357832663866,-0.08875694651316834,20.167203939742652,36.12273406982422,0.4486636,0.6994278,72
40579998,chronos,few_shot,0.1,CAMELS-BR,0.7362179599977817,0.7157065174223185,4.643382646104025,2.028898398607772,-9.19452783806903,-0.004763886032309702,0.7452836724475919,16.6467737290443,30.49565503061966,0.44829595,0.34149757,151
40665000,chronos,few_shot,0.1,CAMELS-BR,0.8356733422063708,0.8761663327189024,2.649784595077502,1.1598690856586804,-6.133231973238538,-0.001006813615781279,0.9082222848252266,7.87155335387466,7.479183323320925,0.55081075,0.53286046,132
40700002,chronos,few_shot,0.1,CAMELS-BR,0.7823681229110604,0.7658514877683236,14.306737031875828,5.754381803818691,-9.327797675591226,-0.002592089753442545,0.7917004905807246,53.551057462942325,60.385017581739454,0.45077214,0.37143892,162
40718000,chronos,few_shot,0.1,CAMELS-BR,0.5866487042682893,0.7317884720239523,13.5924172538862,4.831727319834184,-6.695169332501964,-0.0031353894829230945,0.8434005175375692,46.907042843947096,79.66353416442871,0.19808905,0.19356231,49
40770000,chronos,few_shot,0.1,CAMELS-BR,0.9058405412922418,0.9369311026863828,2.4702836439862255,1.1499716426119393,1.8742444806256704,0.0011761526202291612,0.9548752120976,7.274865351251495,8.213005427240835,0.31330454,0.34668767,162
40810350,chronos,few_shot,0.1,CAMELS-BR,0.5969654804385932,0.6282995214798914,0.1837051002504221,0.03759393299588506,-11.133070458312508,0.0012175242452763854,0.7033556722935581,0.7736896371515974,1.4252100471938958,0.6443625,0.5372483,161
40811000,chronos,few_shot,0.1,CAMELS-BR,0.6167506858099409,0.6289961992049466,0.18065635917293313,0.079922534242461,-4.822343880590678,0.001095857020924372,0.6881410974533464,0.6627766086828312,1.1262627840042114,0.31775558,0.25163478,79
40817000,chronos,few_shot,0.1,CAMELS-BR,0.8050313879847166,0.7584428985789526,1.732315868200107,0.6292742048540423,-8.93466365629556,-0.0006748080584402481,0.7760399176318512,6.522613478900857,9.465668366137225,0.35198763,0.28376493,155
40822995,chronos,few_shot,0.1,CAMELS-BR,0.24778242440671217,0.5059975359888957,0.7630302941230739,0.18984450478635637,-9.733034694484365,-0.003304493925429145,0.7705506165167813,3.1958062510216627,5.539610342803421,0.9726573,0.9091486,162
40822998,chronos,few_shot,0.1,CAMELS-BR,0.13060830911086874,0.15997204426525202,2.2190407267812637,0.7008937175075213,-23.091985552724545,-0.0011399448149153647,0.36891637338664973,9.305020113680014,18.367120504379272,0.43798515,0.20565398,96
40975000,chronos,few_shot,0.1,CAMELS-BR,-0.28511376249155496,0.40199427494977513,24.498767482236033,7.400127812376562,-5.385542567587148,-0.008002153170583112,0.8958076388556475,72.21375011481207,127.3204177824367,0.978342,1.0446197,159
40990080,chronos,few_shot,0.1,CAMELS-BR,0.9897071251536048,0.9800828008911201,48.90257405698552,29.72505643556444,-0.9099205537725282,-0.0009600206307549819,0.9806955836771655,76.130793193882,66.45178598404337,0.27196696,0.28604135,139
41020002,chronos,few_shot,0.1,CAMELS-BR,0.8950123294141134,0.9412110109173697,92.28063434935872,51.3552837490295,1.4785336468239105,-4.8239970857361786e-05,0.9726319892127443,251.40617941935474,372.22894285344455,0.1519012,0.15562737,161
41075001,chronos,few_shot,0.1,CAMELS-BR,0.5619267050362722,0.6737628888142395,58.19179955337439,20.993073297135624,-20.036900706310977,-0.0013663987578952479,0.7613085769301082,227.36535619372341,356.3431224475034,0.77389014,0.67760926,162
41090002,chronos,few_shot,0.1,CAMELS-BR,0.44502942686096825,0.6660783460936079,77.69624791713922,28.787106973153573,-18.426470780165328,0.002440458335365041,0.7732240842826672,221.9430152482721,222.66576452196153,0.68748033,0.6282234,162
41150000,chronos,few_shot,0.1,CAMELS-BR,-0.07113367401915349,0.49468097347540274,3.998002511074262,0.902241071065267,-3.4560131304909327,-0.0008317411563445228,0.596950167788399,16.794387899273396,17.149297092442996,0.4008623,0.40424725,162
41170000,chronos,few_shot,0.1,CAMELS-BR,0.3768569765414054,0.47259965220195455,2.1417149843610948,0.7817738637512113,-7.594828652475544,9.248663206190381e-05,0.6294212718211869,8.07578883933632,14.783198936835083,0.3203291,0.26798955,162
41200000,chronos,few_shot,0.1,CAMELS-BR,-2.2543194784514298,-0.07388589522362454,39.116595719244536,9.993861781226265,3.5518550614711017,-0.0010170166022931068,0.24949823289061035,70.90369791915515,132.89046743578618,0.43669733,0.5022497,162
41200430,chronos,few_shot,0.1,CAMELS-BR,0.41805703149741624,0.6919307457107664,23.356031085009505,7.642209931656167,-7.949829626606458,-0.002919137548564609,0.7784793681001116,95.28236490006144,112.8266539672319,0.53401136,0.5040866,162
41410000,chronos,few_shot,0.1,CAMELS-BR,0.17731702779675806,0.5046063980198778,68.89376709435591,17.48697805700835,-3.8728894175939095,-0.0014132882772019024,0.5179749275638281,276.1976926445693,558.937448695458,0.43688306,0.4980658,161
41440005,chronos,few_shot,0.1,CAMELS-BR,0.9169546036870824,0.8440592168449128,1.1985981874821432,0.536259855864183,-11.448452251190966,-0.0004854893933409106,0.8483179648608214,3.6772431967236106,2.2134293119438158,0.529804,0.46400395,159
41708000,chronos,few_shot,0.1,CAMELS-BR,0.2784320116822664,0.06880025301527881,2.4498820958425167,0.6495529521955177,-58.24878276205014,-0.005424671299457451,0.1380495529187712,10.566240185587567,16.189596703251254,1.199521,0.78061604,160
41780002,chronos,few_shot,0.1,CAMELS-BR,0.5581377708282351,0.6816926348619938,72.00835513580876,21.761997741063436,0.18941197767925605,0.0006826009842024819,0.7034469583819803,290.2175093459445,482.155126079765,0.5974711,0.78316087,150
41880000,chronos,few_shot,0.1,CAMELS-BR,0.22768123266327434,0.2613543276510538,5.3988755164001,1.2086917703488358,-23.929933607614867,-0.0009068673571936345,0.46313660518469846,20.30478309414436,45.44183997725146,1.0559285,0.8880865,162
42089998,chronos,few_shot,0.1,CAMELS-BR,0.8726092234899792,0.8568342270190992,22.19394506088812,4.877997180194031,-3.9642325096992486,-0.002258851261187779,0.862371668068256,93.16763786127234,165.1841151219997,0.7177037,0.63846767,162
42145000,chronos,few_shot,0.1,CAMELS-BR,0.5590841926161983,0.6093205069198419,39.708997422789466,12.960325168974606,-16.16220245007553,0.0001752763408541802,0.6933217912419376,149.45130769693301,254.61848202572284,0.8025264,0.63900936,162
42145500,chronos,few_shot,0.1,CAMELS-BR,0.5403869561495208,0.656936670208323,44.276517161808215,12.399961709976196,4.107408772363424,-0.002126583572939364,0.6845815779188047,162.5164582518189,3.485595703125,0.5958369,0.75018877,88
42210000,chronos,few_shot,0.1,CAMELS-BR,0.9889804834350169,0.9723688368581205,100.52693548469084,50.624986479553996,-1.0007795511959852,-0.0009404762453153678,0.9727500871002588,208.78197420581242,133.00421327939057,0.21444269,0.22146954,158
42435000,chronos,few_shot,0.1,CAMELS-BR,0.8169568371500967,0.8222329180150725,1.4103506966704538,0.5547533028293401,1.8405274302595378,0.0007998341962777676,0.8343308568312565,3.8757676549871483,0.37892627716064453,0.5863636,0.69969785,64
42440000,chronos,few_shot,0.1,CAMELS-BR,0.18030197709249207,0.5718294285984873,9.468886709016733,2.70716523079129,-10.30206900717685,0.00020756493631465117,0.8886075228938889,32.697931521581516,47.72538392038539,0.61891025,0.6793513,154
42450160,chronos,few_shot,0.1,CAMELS-BR,0.7739519062569588,0.7785317280252088,0.12825985831579545,0.0625119220246287,-1.344887036328857,0.001169812226968733,0.8004891623763254,0.4397613717999335,0.8128445148468018,0.22688863,0.20181906,68
42450360,chronos,few_shot,0.1,CAMELS-BR,0.9145968922526915,0.9441345444481714,0.8869555664917976,0.4384527669141167,-1.9830062588992161,0.003601594332157565,0.9645373219011082,1.6014128797850438,1.3564109802246094,0.42915496,0.3710755,76
42450390,chronos,few_shot,0.1,CAMELS-BR,0.18057297724983956,0.21960495218924458,1.0893989118555063,0.21962379720062017,-16.157545474955068,-2.527477615282478e-05,0.3954473685333023,4.821252990968052,9.594994008541107,0.53203577,0.30071408,80
42450600,chronos,few_shot,0.1,CAMELS-BR,0.9367270401099024,0.9415102343619947,1.375708701379327,0.5955717644821374,-2.580020097233379,-0.0029166528792388124,0.9504554033045112,5.252014872847195,0.6194324493408203,0.4175677,0.39276683,78
42450720,chronos,few_shot,0.1,CAMELS-BR,0.9164102933731115,0.9296415590385152,0.0851102275377393,0.04619269596878439,-1.491985083566194,-0.0003902688871983209,0.9436702646928644,0.2604880494907751,0.5091558694839478,0.22947793,0.1970447,80
42450750,chronos,few_shot,0.1,CAMELS-BR,0.9759093488424818,0.9502418583622009,0.12742692132864034,0.055745086034402154,1.3590181905087952,-0.0014369092742795783,0.9508343334849083,0.449065774557641,0.8841706366621077,0.15074632,0.17472032,151
42454000,chronos,few_shot,0.1,CAMELS-BR,0.8872081947738177,0.9356095543672398,0.2467722455769378,0.11112493492270771,-0.9266302799131577,0.0007752262852724207,0.9709210937338226,0.889812948899561,1.5311622657247885,0.18061061,0.19847997,152
42980000,chronos,few_shot,0.1,CAMELS-BR,0.9583893919779937,0.9786817789231463,77.43508118159265,25.982554826980984,-0.027645678319884633,-0.0011839713258863307,0.9950216174093434,243.0006297642805,152.8363722418099,0.34984407,0.38865378,156
43010000,chronos,few_shot,0.1,CAMELS-BR,0.7445130958304212,0.872551195872376,0.019841300308642833,0.007529638335108757,1.7023755779809988,7.66717172406492e-06,0.9521317857921863,0.014869055299117428,0.014869055299117428,0.038172353,0.10323332,20
43300000,chronos,few_shot,0.1,CAMELS-BR,0.188241967504706,0.6081825341736923,52.692439646207724,17.569064155868862,-12.682280930267547,-0.0034172568601020595,0.7638018110233042,144.90483128215783,178.99073428451194,0.5648685,0.5047365,161
43675000,chronos,few_shot,0.1,CAMELS-BR,-0.34018819874122985,0.401796975452118,42.4691171969847,13.60035971119816,-5.051421521504913,-0.011157588039098783,0.8370872027304008,136.12278614198266,219.86924831665598,1.1490107,1.2532618,162
43920000,chronos,few_shot,0.1,CAMELS-BR,0.8847104959845946,0.8907327256394918,71.41926207069422,29.173795413970947,-5.448883260465408,-0.0026116384889593447,0.9061710137161698,253.9572825878754,375.8970419711183,0.4226093,0.38227087,160
44200000,chronos,few_shot,0.1,CAMELS-BR,0.9936088113197205,0.9892779522075449,115.20022958964495,68.54470919385369,-0.7498232740802045,-0.0009546559019478519,0.9896924308502835,234.64011289892034,259.02050200300295,0.21659786,0.23993401,162
44300000,chronos,few_shot,0.1,CAMELS-BR,0.9828307448191541,0.9803951548485158,183.1935489096016,97.53392198350694,-0.7306944545143761,-0.000505133009451441,0.982290057866879,183.01490908533134,200.58083633310304,0.24268585,0.26195017,162
44600000,chronos,few_shot,0.1,CAMELS-BR,-0.2154854402992712,-0.11529493265935153,9.159313037353687,2.3593056116391113,-42.93861443998455,-0.010307866159879282,0.3612182012036409,32.52966305266712,68.71139065943936,1.1516098,1.0450886,162
44760000,chronos,few_shot,0.1,CAMELS-BR,0.12109533290634278,0.5017988225770638,0.006389972450597314,0.0011716752545908094,-5.815506059507966,-1.3682685217192986e-05,0.8775438662837683,0.025732419106126052,0.03720977055624129,0.32074612,0.27169535,130
45131000,chronos,few_shot,0.1,CAMELS-BR,0.9415846551824669,0.96172190278105,6.952011918257091,2.803703283961815,-2.126877990165302,-0.0009945645049883496,0.9743513052756059,24.34247608722781,9.419347785269213,0.18032552,0.156676,158
45210000,chronos,few_shot,0.1,CAMELS-BR,0.9868362085325718,0.9919390659574708,5.829030232930146,2.7481550627116915,0.1385579525425589,-0.00026496135505727283,0.9950647211507408,9.376857376451216,6.11724036551368,0.14352377,0.14910877,158
45220000,chronos,few_shot,0.1,CAMELS-BR,0.8262697234018163,0.7679718788313757,2.6259141776073704,0.6531317278190896,2.2901281910803726,0.0011695688405416096,0.7701421390266936,10.75438924214761,21.02162885280941,0.20860055,0.24471574,162
45298000,chronos,few_shot,0.1,CAMELS-BR,0.9945264940388748,0.988627384825654,108.00431815922303,42.30001981758777,0.7082695296364031,-0.00026930388763336116,0.9888870710425837,387.4074473942617,86.42695522256709,0.15919948,0.16982622,162
45590000,chronos,few_shot,0.1,CAMELS-BR,0.9456534237962866,0.9724752589339819,1.337657571540711,0.6621596195079662,0.5120490124398566,-2.0980170774252682e-05,0.992889130997026,1.7926046071399426,1.5131723296515405,0.06573824,0.073520444,162
45710000,chronos,few_shot,0.1,CAMELS-BR,0.9434426932765997,0.9704409700973611,1.6839260090196102,0.884704578069993,-0.7187149192229882,-0.0009090515298101915,0.9894411286321623,5.208585706958166,2.6943558250488633,0.13701674,0.1573788,162
45880000,chronos,few_shot,0.1,CAMELS-BR,0.9593109734463898,0.9576228236612663,5.299543095891285,2.2734608826813876,-0.4600389495591822,0.0007938447339232791,0.9625671309858823,18.499161370643208,7.614623036663761,0.17087543,0.17608666,162
46150000,chronos,few_shot,0.1,CAMELS-BR,0.9988822455966202,0.9977805213133735,47.22110233048891,28.98156549901138,0.18391660970946117,-0.0002444551348895381,0.9978305959602387,66.18948671002642,53.03956205835431,0.12465746,0.12991323,162
46200000,chronos,few_shot,0.1,CAMELS-BR,0.18880719808513258,0.5502821014745023,1.2499387721251747,0.3248739477338982,15.228835335475516,,0.6344483966356756,5.093383022913732,2.9189847188695937,1.2680016,1.2924278,162
46460000,chronos,few_shot,0.1,CAMELS-BR,0.9415714481169571,0.9630494745177783,2.524072536241205,1.1074208278282016,0.37198365156215285,-0.00023559037739965226,0.9759967646003088,7.8197149713769,2.6305548577007007,0.07614612,0.082478896,153
46520000,chronos,few_shot,0.1,CAMELS-BR,0.9644733133631355,0.9798832556803737,1.0228542772971758,0.5676919943020667,0.1818698728721845,-0.0005625053228401691,0.9905892539723987,1.5066488408773253,1.4859612287301145,0.121646084,0.1242218,162
46675000,chronos,few_shot,0.1,CAMELS-BR,0.9984893900935323,0.9975923906068694,2.4485613685367524,1.528699333285108,0.22133024020753952,-0.0006649442327907682,0.9976858498941803,4.54229473027886,4.681417483067572,0.08668104,0.08897016,162
46784000,chronos,few_shot,0.1,CAMELS-BR,0.9453400795909526,0.9669924860185867,0.7857768575583167,0.43463728251873246,0.07289188698103323,0.00029317656137140685,0.9802094836088342,1.423567167547374,0.01045436292898724,0.1442251,0.1544056,149
46830000,chronos,few_shot,0.1,CAMELS-BR,0.9827807534742498,0.9757165739944399,1.6065171033257757,0.8210241972510495,-0.3694973937567553,0.0001325467709297726,0.9768199137673999,4.260293925298566,1.4847259521484375,0.055496667,0.06016188,67
47960000,chronos,few_shot,0.1,CAMELS-BR,0.8015971445319722,0.7739342344581427,0.27309212357675916,0.0983552411198616,-5.604573210970675,0.0005804154647769625,0.7950245488464815,0.8689082006352431,1.2595338821411133,0.33500493,0.26649213,80
48400000,chronos,few_shot,0.1,CAMELS-BR,0.9213494354055024,0.870804413039515,0.20399495333391549,0.02574755121397492,10.535713911927054,,0.8716337224470014,0.21261335434722894,0.329628483875191,0.6742911,0.6610703,149
48880000,chronos,few_shot,0.1,CAMELS-BR,0.33596087988360146,0.6629629040734417,6.2449818545295335,1.5928444702833615,-7.5681583966765,,0.9230770543665477,17.079481439011502,18.282899008093832,1.7805915,1.9216404,162
49100000,chronos,few_shot,0.1,CAMELS-BR,-0.024260924842322673,0.315412865262257,0.7208142264398989,0.09255206183189098,-19.733737017647186,,0.7095011195002165,0.7208142264398989,5.611031539880574,1.2454529,1.9739323,161
49340080,chronos,few_shot,0.1,CAMELS-BR,0.785973400849094,0.8814792658425088,173.3035617272193,106.9458896966628,-3.628863345705248,-0.00026888658525710957,0.9436960089836048,252.18535760560778,79.93407951385969,0.10277283,0.114984125,162
50169500,chronos,few_shot,0.1,CAMELS-BR,0.29065611208119846,0.21967392440070255,12.377176653870924,1.9357262762263416,-32.23089338834156,-0.006297133994249169,0.3444212373829958,55.09717140654979,104.49555237727343,1.254781,1.0730587,160
50330000,chronos,few_shot,0.1,CAMELS-BR,0.6767455795630734,0.8363136474659447,0.9874372371843719,0.384310122815114,-3.6674755311281815,0.001076435381597591,0.9331407383304076,3.85917812957843,5.584323113744143,0.49081573,0.46198806,158
50340000,chronos,few_shot,0.1,CAMELS-BR,0.4531575952386556,0.5275802899191218,2.2021746044878996,0.6215142114441606,-18.525645225901332,-0.002784679555673887,0.6510781273108452,7.9188829152613565,13.642806946660775,1.0286633,0.88899165,158
50590000,chronos,few_shot,0.1,CAMELS-BR,0.9575903505069654,0.9083935194880327,17.443688140549906,5.391218782287755,-3.421152820879387,-4.207305336707476e-05,0.9100651535706424,71.99036043309027,101.3005314385629,0.51469326,0.5650978,146
50720000,chronos,few_shot,0.1,CAMELS-BR,0.3797805520109159,0.6038873266930167,0.16567898873236367,0.05251330550024171,-5.841532475071895,-0.00015057212620885226,0.8214116866104904,0.6152232460432407,1.1972205832089948,0.515952,0.4818829,162
50740000,chronos,few_shot,0.1,CAMELS-BR,0.5204657139681539,0.49197764923053755,0.5973360408166157,0.13200403948854886,-24.2246003765461,,0.5690970780233584,2.384351754869659,4.840728487458356,1.1595899,1.1101593,162
51158100,chronos,few_shot,0.1,CAMELS-BR,0.7680066272934659,0.6565731228234437,0.8320917001269661,0.1863619997913455,-8.381462620415618,0.001341489958937847,0.6653706835285234,3.498070132973903,7.059377558440788,0.39549005,0.31231955,162
51166000,chronos,few_shot,0.1,CAMELS-BR,0.7739347073237504,0.8759751541769797,0.6183581856199081,0.09609226910052476,-4.736548222913696,-0.001802575946400143,0.9382786854109897,2.4838101351758115,1.572463311669609,0.46628365,0.48126644,162
51230000,chronos,few_shot,0.1,CAMELS-BR,0.7395596557952039,0.7915692669862663,23.634183652190234,8.279017420267904,-12.962503427455067,-0.005907459336868454,0.829978636575454,84.28760082516509,116.48418708269028,0.9981488,1.0180883,154
51310000,chronos,few_shot,0.1,CAMELS-BR,-0.024870454817437215,0.4587786880155932,1.270814762709602,0.24583050844340046,5.958880738995263,0.0002597352104711098,0.5320243056204814,0.8557249165623204,1.6207927682447447,0.465588,0.51588005,162
51795000,chronos,few_shot,0.1,CAMELS-BR,0.8520758092924423,0.9074521808621632,4.348486262394096,2.68431363545411,-1.8902415578945588,-0.0008506383062623479,0.9463016996713254,12.422174810658827,10.516250623677816,0.30857894,0.3160199,141
51840000,chronos,few_shot,0.1,CAMELS-BR,0.9792214071501366,0.9622404123493318,0.05912067304096838,0.028110081762142615,0.8253173431242968,,0.9633728317734662,0.14907321352141537,0.2636253120546616,0.5042123,0.5293738,162
51870000,chronos,few_shot,0.1,CAMELS-BR,0.9462452315414743,0.9422278945167933,1.330001509531891,0.8054151225973059,-2.4419772350453366,-0.00267816164741827,0.94852621660151,3.0528109370385432,0.9198399574332429,0.39726576,0.41438317,162
52090000,chronos,few_shot,0.1,CAMELS-BR,0.814910507859034,0.9003602336748422,9.933718114570471,3.4137857757757106,-1.5404251476265627,,0.9686964109740464,27.55096853245554,42.064420610205715,0.50145644,0.37001562,150
52264000,chronos,few_shot,0.1,CAMELS-BR,-0.1695119458581038,0.4228116405528951,63.56434254720246,12.594383909502103,5.794199081844918,,0.9138254408921147,212.17341729891814,390.9377519349547,0.7455382,0.540594,131
52270000,chronos,few_shot,0.1,CAMELS-BR,0.8398850053070008,0.7897434739006473,55.969606554623695,12.328947471875336,-7.938088252348394,-0.005824278787538384,0.8025401976337232,230.81843928968127,436.7562516398645,0.6262015,0.49062666,155
52360100,chronos,few_shot,0.1,CAMELS-BR,0.7353333886014013,0.4960571592152121,4.799907514166523,1.0405275602551067,-36.015322837090665,0.006295209825342811,0.49620691345987133,19.74562369009121,19.74562369009121,0.23293878,0.34885222,85
52404100,chronos,few_shot,0.1,CAMELS-BR,0.5816223157077943,0.6310212173907126,9.781071660360363,2.289289500512597,-19.25282816929235,0.002793041606435516,0.7125782919055733,41.17950867142975,50.26244873884881,0.9637054,0.9009076,162
52405000,chronos,few_shot,0.1,CAMELS-BR,0.545772705962537,0.28392818717648116,98.7720515176154,17.245362837161,-41.0772855054978,0.007490832760120365,0.2865362441855399,418.128911798663,824.3915604508946,1.2897681,1.02202,146
52570000,chronos,few_shot,0.1,CAMELS-BR,0.5834943111262609,0.2845033430340591,87.53769448639456,14.706194248531133,-44.343862714352845,0.0004428986287862077,0.2927920871394343,385.0647492536845,713.3686082520462,1.4506283,1.2797699,155
52695000,chronos,few_shot,0.1,CAMELS-BR,0.9542612249725415,0.9521964525990334,57.156572279748765,15.535376442145116,0.5911169923372495,0.0021846082680605627,0.9531928085902459,235.88935335622463,389.99253433526536,0.5036284,0.46504965,161
52720000,chronos,few_shot,0.1,CAMELS-BR,-37.29225803756969,-4.8186509878505515,3.639932226787918,0.8634553768418052,45.572135288910445,0.00012155327278766566,-4.818597828160781,8.532121312758319,17.058202505111694,0.23247649,0.8537529,22
53070000,chronos,few_shot,0.1,CAMELS-BR,0.0041682028680325445,0.1415219480264871,3.2502343834719225,0.7819538514577705,-17.6266906871781,0.00022493203036728047,0.5196426270672082,13.145584105868164,23.63931734935078,1.0771722,0.9883604,131
53125000,chronos,few_shot,0.1,CAMELS-BR,0.21862723640026627,0.24717148851724502,13.43730830284576,2.2292877159042623,-12.328458500366335,-0.0032596860648871906,0.3805859316465229,55.678564793727624,107.65456607756397,1.2503612,1.2904646,158
53460500,chronos,few_shot,0.1,CAMELS-BR,0.9488928433277763,0.9721398666102723,4.171819004841333,1.2278110272083316,-1.0737828525155397,-0.00104413489761105,0.9857942568908019,16.468298986861942,26.39220713354446,0.49438655,0.5320666,161
53650000,chronos,few_shot,0.1,CAMELS-BR,0.6525477326901074,0.6428681092626662,49.85104460038056,8.45386283251704,-10.214650796709853,-0.0006606246137749634,0.6910374051479391,208.62948144013652,412.1536560573863,0.59300417,0.5388398,147
54001000,chronos,few_shot,0.1,CAMELS-BR,0.5929739042749531,0.7344370788211485,23.105822540274634,5.2201421876196505,-10.784497925225535,-0.004066838098358144,0.8496162662506308,84.30336391698513,158.38464576325427,0.8580299,0.91311216,162
54200000,chronos,few_shot,0.1,CAMELS-BR,0.8119978868396609,0.772611281307193,78.22847974978542,28.063150111539866,-8.70184146590312,-0.004214545180857156,0.7912531677334378,286.98659793323606,440.6643075175636,0.6441632,0.5328515,162
54225000,chronos,few_shot,0.1,CAMELS-BR,0.5639387656714225,0.7796825120622032,5.368667865061067,1.938123734691475,-3.1545962334400786,-0.002231315520818452,0.8900710741921977,21.273018732742138,29.06641852493007,0.69073135,0.6990691,158
54230000,chronos,few_shot,0.1,CAMELS-BR,0.4720724262485222,0.6867710131141515,25.29613092981161,7.11364647406566,-14.386787416736382,-0.0012760985388165814,0.8327907158863563,106.39866760350063,91.30644965921239,0.7229494,0.70112246,158
54260000,chronos,few_shot,0.1,CAMELS-BR,0.5955164309674821,0.7658668420278933,33.70056377053636,8.912193978181133,-7.926689621082449,-0.0006374180062345206,0.8838248599618498,140.7274220063965,267.2424302698843,0.7140484,0.68855244,154
54270000,chronos,few_shot,0.1,CAMELS-BR,0.8618856782856285,0.7122779954860563,27.700168521461816,9.074773105574243,-8.317510693274501,-0.0002857602001537802,0.7150870445503922,104.35937979408354,181.0936402437694,0.58409774,0.51086056,162
54300000,chronos,few_shot,0.1,CAMELS-BR,0.5491773666167818,0.6263227501692638,4.3529636137338565,1.4124372285089375,-18.05624289218379,-0.0011231458491828428,0.7130636677817314,16.303528289186296,29.175414472805816,0.607251,0.4816296,162
54485000,chronos,few_shot,0.1,CAMELS-BR,0.6952715532434648,0.8208086133910963,6.177882019026441,1.4608159547404953,5.379178363713362,-0.0008772675875175079,0.8767262730538018,26.990916711246008,25.352871014334458,1.0694591,1.1434507,158
54502000,chronos,few_shot,0.1,CAMELS-BR,0.42482955523353516,0.6674159521953236,91.24951391998533,23.476940017938613,0.8665604408902567,-0.0009437652394130476,0.7308363380564715,394.65693150862444,377.13821981382677,0.6486316,0.8960024,160
54540000,chronos,few_shot,0.1,CAMELS-BR,0.5378476835917227,0.4462824272802486,6.209561005475878,1.3841313731084626,-26.06719058091799,0.004158713617573452,0.49779917520971184,23.86604550801105,44.33026849642516,1.6898693,1.5248843,152
54548500,chronos,few_shot,0.1,CAMELS-BR,0.8123919687401754,0.8764290746735298,0.06897904875629803,0.015637481135540997,-5.479388631283335,,0.876549154194971,0.3014582878167743,0.33641743659973145,1.2372649,1.3227519,58
54550000,chronos,few_shot,0.1,CAMELS-BR,0.8586961809780361,0.8954461688963182,172.2852402769303,61.234616138316966,-0.10055096461159678,-0.0005198352060606301,0.9077534016816788,651.1880372260013,925.5380154491469,0.5460329,0.4983266,162
54560000,chronos,few_shot,0.1,CAMELS-BR,0.5171659371713611,0.6949605709196292,7.757948304663752,2.4423528318603833,12.129397304306824,,0.7518531770173049,14.802837964185525,22.367247262064986,0.75505435,0.7450055,120
54580000,chronos,few_shot,0.1,CAMELS-BR,-0.43443911461005724,0.22150282915612507,334.7090033712937,80.12257189681564,9.786745578424195,-2.515748612299043e-05,0.25075283767921064,1466.3878956056183,83.6735684213677,0.5473396,0.7124609,138
54780000,chronos,few_shot,0.1,CAMELS-BR,0.8304952483792313,0.861776792863251,243.85222694036185,68.72538613712086,0.5471167236898369,0.0014096359167628698,0.8813627730921911,536.5990844413371,1063.870361328125,0.61305434,0.77289057,85
54810000,chronos,few_shot,0.1,CAMELS-BR,0.844501561007413,0.6703402979887613,372.77898607076304,76.73859747427481,-12.234934338405013,-0.0020553121257581436,0.6729022677939198,1605.22279670397,2967.5816896512947,0.65015966,0.5886702,135
55241000,chronos,few_shot,0.1,CAMELS-BR,0.8518268848779164,0.821246525061954,0.6881642405707934,0.3946297535529503,1.2674027441884161,-0.002196050878521252,0.8212834730354043,2.1283187866210938,2.1283187866210938,0.28456053,0.36339417,13
55330000,chronos,few_shot,0.1,CAMELS-BR,0.7852202867095797,0.8668092098715263,3.9044035641522226,1.3379143930616832,-5.094026303510332,-0.0020503533776242595,0.9062709162445326,15.15082578351364,15.547347204940413,0.6223443,0.64408684,126
55340000,chronos,few_shot,0.1,CAMELS-BR,0.9082518846301734,0.9532739742666331,10.764979820041845,3.1005778328164832,-0.7815073131229848,0.0008240109235935957,0.9818539987744797,45.20262305691056,76.45434253073269,0.52145123,0.5554636,154
55370000,chronos,few_shot,0.1,CAMELS-BR,0.9124756384997572,0.8813464355547871,4.994950917881448,1.9029569692081876,-2.2109120605924266,-0.0035009583358460716,0.8840663392614596,18.226580668229293,35.80562362888729,0.5693771,0.5923461,162
55490000,chronos,few_shot,0.1,CAMELS-BR,0.8705865327873774,0.915586710336169,19.17607461670981,5.1324607157239726,-3.9483274981187573,0.0005800987610113176,0.9306751265444783,81.89496769929522,135.60925896585292,0.6024181,0.62692004,153
55550000,chronos,few_shot,0.1,CAMELS-BR,0.946351027340109,0.9570971206493153,6.817565921726323,3.6831753459977516,-2.3567218145443714,-0.0015847383815207443,0.9663501008498688,15.657492238518033,5.238845171014795,0.37008947,0.36411285,162
55559000,chronos,few_shot,0.1,CAMELS-BR,0.9212499873748727,0.8466941537325086,2.7959897842700303,1.080994582329041,0.9284902061372399,0.00010859229386208855,0.8484065507633715,9.059209673732884,16.916135818338145,0.61801875,0.6686203,156
55610000,chronos,few_shot,0.1,CAMELS-BR,0.8900102813221203,0.8367240045940686,6.746729609535563,1.7164246888854835,-6.937480167975649,0.001177194112433378,0.8439839658794354,29.00877054566878,47.68929685555952,0.5235309,0.46983922,158
55664000,chronos,few_shot,0.1,CAMELS-BR,0.8575560491962755,0.7924873229158308,2.934082438391896,0.7974560791626573,2.4836839148691623,0.0010116678997055782,0.7945477678839767,12.141504947034162,23.193405641367374,0.557493,0.6322451,160
55699998,chronos,few_shot,0.1,CAMELS-BR,0.9236907661425849,0.9235216452362439,23.78082884140483,10.043339834937566,-4.683115953280279,0.0036104222343251793,0.933214434980582,88.87815129015834,39.518386730288995,0.570948,0.580916,158
55779000,chronos,few_shot,0.1,CAMELS-BR,0.5259813494251961,0.391958361899976,4.715251272340101,0.9366211242985303,-32.86363827834256,-0.002991141997960328,0.4376857032313243,19.801962774272603,33.68857719185195,1.0032303,0.9163066,162
55920000,chronos,few_shot,0.1,CAMELS-BR,0.8089263657217366,0.7362783587779445,23.393249884614605,7.748915159894574,10.230136665190733,-0.011023552830095526,0.7409140481454504,84.4356875366194,16.4580078125,0.6547866,0.7424855,62
56050000,chronos,few_shot,0.1,CAMELS-BR,0.58250825240555,0.627065039953549,2.4695066998563115,1.0312905620645594,-7.303828315127933,-0.0015705873429049232,0.6987968628465058,9.018802559811894,16.64823195283893,0.2712174,0.20149398,162
56090000,chronos,few_shot,0.1,CAMELS-BR,0.806393545915159,0.8070000334210137,1.7140736408692367,0.6766525827605149,-7.347062292082944,-0.00019265805321575652,0.8322161785382528,6.008423675916849,3.0730588944036974,0.4006907,0.31538326,145
56093000,chronos,few_shot,0.1,CAMELS-BR,0.6005677780175892,0.6981885169931551,29.395867832416652,9.607017993927002,-0.078805420827621,-0.0017379615782599778,0.7124377407028294,116.15805090976554,227.73460133087062,0.41419497,0.48154628,162
56337000,chronos,few_shot,0.1,CAMELS-BR,0.523436180591655,0.4672031350332134,7.012212799923568,2.354275587238843,-14.723041754389811,6.392455808888753e-05,0.509662845069468,28.726149569889447,51.50084220865844,0.3702194,0.27463582,158
56340000,chronos,few_shot,0.1,CAMELS-BR,0.08536045741847553,0.048125135474293645,5.610517251079501,1.4812000511605063,-21.94555205652703,-0.002331553061299214,0.31125927569663026,23.100306822496893,46.577686549364635,0.50179535,0.29230317,162
56415000,chronos,few_shot,0.1,CAMELS-BR,0.2906137076565335,0.6552069114935142,25.080581924900038,6.80534450857489,-5.592438336114989,-0.003137716735494773,0.7895124861615352,105.72929692495418,82.79611792759849,0.54665834,0.5588317,111
56470000,chronos,few_shot,0.1,CAMELS-BR,0.8040338666544539,0.8274608463446492,1.1645516406617367,0.4202119089938976,-5.291131086359603,-0.001705938440424333,0.8592462791923032,3.8464947629340376,5.917869134028135,0.343054,0.29783663,162
56539000,chronos,few_shot,0.1,CAMELS-BR,0.8440697978845452,0.7026947711124234,95.71186826133136,28.43745615575221,-6.662417901351367,-0.0020199739109271093,0.7045461443370369,394.32795664057153,773.6075518149934,0.35834906,0.27208123,154
56631500,chronos,few_shot,0.1,CAMELS-BR,0.3225274986852543,0.38476445475473964,8.26728033992588,2.50193922607987,-11.122714365421267,-0.00024039062634422653,0.5378179153516376,32.55393499535373,58.72122141531274,0.35780993,0.31577498,162
56631900,chronos,few_shot,0.1,CAMELS-BR,-1.6263689775066763,-0.12183731387184582,9.13218846740063,2.0964929807333297,11.085416160482266,-0.0011675844396871627,-0.06493804976317463,34.76848277935977,25.505275054006187,0.4842812,0.71655726,162
56632000,chronos,few_shot,0.1,CAMELS-BR,-0.43056099357345357,0.02858599848083032,5.5842277760787455,1.8974993775288265,-42.083419629047036,-0.005544741639318229,0.5082745564173504,18.476875468514322,28.03582809095354,1.2211744,1.2588322,162
56651000,chronos,few_shot,0.1,CAMELS-BR,-0.49494984125655184,0.2552754825049366,24.231510950872345,6.360745692554908,0.47657054687156813,-0.0016444539103940784,0.3014577591914508,104.38315411680071,134.08175085409016,0.6024047,0.68646735,158
56652000,chronos,few_shot,0.1,CAMELS-BR,0.955649651043162,0.9685403608085658,1.5765569044697236,1.1273396422223347,-0.3166528684752929,-0.004497385440154775,0.9746397202074825,3.1212625748210248,4.908115386962891,0.29096043,0.29843435,41
56659998,chronos,few_shot,0.1,CAMELS-BR,0.06325614197627383,0.5042145939356919,50.813869872333,14.141554684038983,-5.752661281762705,-0.0018184177345824306,0.5583135878762486,209.21170891423122,182.91398533966253,0.4273344,0.5140026,151
56665000,chronos,few_shot,0.1,CAMELS-BR,0.831573790020151,0.9022511334991464,0.4194104817178446,0.23703275084495545,-0.824191966435585,-0.0016509161385852324,0.9545939039279451,0.7506622285154422,1.0391039848327637,0.18103375,0.17269555,100
56667000,chronos,few_shot,0.1,CAMELS-BR,0.6255064788571846,0.6224714173572694,2.9056168579608928,1.416210616718639,-4.202062176239676,-0.0013399861718415198,0.6572914069367568,9.10178763834418,17.40843391418457,0.25464854,0.23563126,55
56685000,chronos,few_shot,0.1,CAMELS-BR,0.31301568886752373,0.6745660280091481,0.9387507358038826,0.49595601441430265,0.9657623675791841,0.001696014840243479,0.9213003560058077,2.7250453080362336,2.8586948387640967,0.20306334,0.21955986,61
56688080,chronos,few_shot,0.1,CAMELS-BR,0.17854836301925736,0.5947348486377764,38.569189479707234,12.32869968885257,-3.331206168578336,-0.0016242963199393223,0.6986922477968964,154.82167687408185,312.36349343993277,0.47013012,0.46723953,162
56695000,chronos,few_shot,0.1,CAMELS-BR,0.8402702652687385,0.9105281272262513,35.72796554631806,19.95046615600586,-1.4452931301743246,-0.003211674213385994,0.9487970147513212,97.06403069148816,93.26247030099991,0.29208636,0.32395315,145
56696000,chronos,few_shot,0.1,CAMELS-BR,0.6230426487542131,0.812142265255371,81.74915512523103,20.732544502116138,-2.830473978743528,-0.0025319771704818243,0.8811338404139948,335.30099506272927,212.17518081615546,0.4867925,0.53750706,161
56780001,chronos,few_shot,0.1,CAMELS-BR,0.2239195921593341,0.3509146895677965,9.61714093676889,3.4104342460632324,-19.036886812644063,0.000950363319981164,0.5520720853933533,29.28678841586622,49.9494743347168,0.45707583,0.25941995,33
56780005,chronos,few_shot,0.1,CAMELS-BR,-0.9251343206393909,-0.36546941197357463,24.283796030623535,7.017809249736644,43.36571070524744,0.0021610385762475415,-0.36536296280294733,102.22044927539453,115.3130874633789,0.51942456,0.66395396,54
56800000,chronos,few_shot,0.1,CAMELS-BR,0.5620067671811588,0.6490844093427592,15.739432123500393,4.243179791768392,-12.6231006799507,-0.004622814457381132,0.7470664354419352,66.35206500657051,90.66343579464066,0.6328648,0.5519408,150
56820080,chronos,few_shot,0.1,CAMELS-BR,0.8184067430602917,0.8990611202489143,39.00242415057486,15.802007934193552,-1.210512353944569,0.0016761103008512707,0.936252158369576,148.8242971780503,234.13725792046412,0.4479537,0.40956295,162
56891900,chronos,few_shot,0.1,CAMELS-BR,0.8907327637529474,0.9439292721652911,20.470134550657257,6.192235820087386,-1.0695627049507324,-0.0007892954157438306,0.9826278214960029,36.269355286033296,53.26329285415205,0.42023686,0.46944213,162
56928000,chronos,few_shot,0.1,CAMELS-BR,0.0008206356904520984,0.42391287203691497,8.077998917904896,1.7750643692726706,-3.693706632841397,-0.00030259351053694983,0.86264143410629,34.14466727923237,49.60440027536955,1.0796369,1.0871661,162
56935000,chronos,few_shot,0.1,CAMELS-BR,-0.07979412801616759,0.0505858898133863,17.734242947931996,4.0349979628751305,-26.446607274045192,-0.0009019852397485553,0.4278637080939137,67.01453658854462,116.09933142473105,0.771328,0.44822028,162
56989000,chronos,few_shot,0.1,CAMELS-BR,0.6942166163281072,0.7254770594461337,4.712704425458723,1.9953672753440008,-7.484250700825079,0.00041443185748380254,0.7764005176490874,17.749671738078117,28.21644693872689,0.36423504,0.31679663,162
56990500,chronos,few_shot,0.1,CAMELS-BR,0.8657486114599071,0.7191834992607469,3.3372277235955896,0.9773544242798156,-13.756584026557704,0.0006330561203317375,0.7232145940898069,13.622302677698904,25.060254409915505,0.7780685,0.5915451,162
56991380,chronos,few_shot,0.1,CAMELS-BR,0.2174345311207876,0.6355862480459482,11.202266849963634,3.438746303739026,3.436827535208201,-0.0021965995676437033,0.84208823367442,23.64735718988996,16.73601531982422,1.2086446,1.3512887,80
56992000,chronos,few_shot,0.1,CAMELS-BR,-0.07786031704214746,0.48205038468270045,23.533295849833586,6.3471685199980525,-13.622210566755754,-0.0029392018096911464,0.7988298746514948,62.00713576656087,91.95841001780987,0.57449883,0.5058543,157
56992500,chronos,few_shot,0.1,CAMELS-BR,0.4207828250348242,0.5279696631683325,0.8806905490256479,0.23354993411052374,-0.9569556978864547,0.0003762358377611755,0.5353561428907628,3.562573333105355,7.2559535764614065,0.44810066,0.4746386,162
56994000,chronos,few_shot,0.1,CAMELS-BR,0.882035419449536,0.8975311044086195,2.647868229722687,0.9072858071655477,-0.014448119521216418,-0.005563710436308971,0.910034197983964,7.840987755850626,0.909458552305052,0.3341414,0.34720927,101
56994502,chronos,few_shot,0.1,CAMELS-BR,0.9480893227914355,0.9703990663072384,178.34658111335185,96.09247970581055,-1.065191752383354,-0.00043671158777476224,0.9839745143167103,431.23939764008645,230.5838825822501,0.24086183,0.25650853,160
57117000,chronos,few_shot,0.1,CAMELS-BR,0.5464705171335327,0.43117845239751584,1.9670590370646273,0.3893594345724096,-17.797088300428527,0.0007159483837004734,0.4560099736700579,8.380041724120717,16.02498432664914,0.80350345,0.612372,147
57230000,chronos,few_shot,0.1,CAMELS-BR,0.8899064605683308,0.8718506282741307,7.0616785933096855,3.2016943832496545,-3.2957981701145473,0.0004933984838690099,0.8810473101297809,26.719686679914258,44.9975363237682,0.35454464,0.31678152,154
57300000,chronos,few_shot,0.1,CAMELS-BR,0.5900725892429936,0.5513156153059899,1.6122280968647562,0.7490765443488733,-9.9335792434937,-0.003217932725503263,0.5899412009356382,5.168434910988094,8.293914794921875,0.3633629,0.27254117,67
57440000,chronos,few_shot,0.1,CAMELS-BR,0.20602469806013224,0.6029319894978112,2.6715197448562473,0.9330672873473316,-15.891877117761366,-0.0023916450239410327,0.7043317474259218,9.834398645769982,9.363192820635145,0.5768672,0.51927197,161
57476500,chronos,few_shot,0.1,CAMELS-BR,0.5489009585072739,0.5006006069430043,5.291275523807787,1.7495054700706578,-13.45689960729047,-0.0023727018558874838,0.5485598127871836,22.231294736424935,39.14906361735247,0.52301157,0.37368184,158
57552000,chronos,few_shot,0.1,CAMELS-BR,0.7439425468796789,0.7810372186425452,1.3489478787148927,0.47534580105616725,-9.544028840991,-0.0015762088373358352,0.8235841623497132,5.161537675824056,6.522950135785678,0.3251666,0.27343693,162
57555000,chronos,few_shot,0.1,CAMELS-BR,0.4225262526641157,0.722072568961413,69.68077456316126,23.737013781512225,-2.909363986642931,-0.002485079252300834,0.8759156723147052,279.9556785159486,339.53723746735534,0.46158916,0.46977887,162
57630000,chronos,few_shot,0.1,CAMELS-BR,-1.081100390821987,0.13962222276591185,6.241970199069601,1.8184055579297336,0.019832457813433322,-0.0023242244620692194,0.7697801574788172,16.416234075903944,30.52138576551904,0.656287,0.6629535,162
57750000,chronos,few_shot,0.1,CAMELS-BR,0.8873848415920245,0.9121536667238043,10.714544450613943,4.403514484306434,-4.0660591404544775,-0.0005526342356406318,0.9329424199699605,39.24845922220121,52.87718740117687,0.41329253,0.3910987,154
57770000,chronos,few_shot,0.1,CAMELS-BR,0.8396907473644286,0.8473088878102625,1.045805735049111,0.36318465650377685,-6.917233930758632,-0.0011791607478020341,0.8705326084039913,3.9473043153537435,3.5261743928261042,0.4671897,0.45389166,151
57830000,chronos,few_shot,0.1,CAMELS-BR,0.6757823009708087,0.679965224009178,36.07831653245697,14.155477399279357,-13.438611329667046,-0.002095911830685953,0.7271472449562104,144.64395891760685,201.03262615917188,0.5858101,0.43105724,157
58033000,chronos,few_shot,0.1,CAMELS-BR,0.5430337018691482,0.5396545583027506,0.9876315270157099,0.392556310435872,-7.4011552387573145,-0.0007459909337464762,0.5953924931790656,3.8990786541501103,6.754134269470707,0.27018803,0.18867967,162
58060000,chronos,few_shot,0.1,CAMELS-BR,0.18911118722974696,0.16862825030962203,9.101448367659005,2.56778634707133,-18.74995268445401,-2.7072047057982024e-05,0.3272791368060465,38.67473826554783,70.58968337843886,0.46031687,0.20614535,150
58065000,chronos,few_shot,0.1,CAMELS-BR,-0.38905987837477096,0.3516981299983468,1.8212767387874633,0.5278919265174226,-7.4090242648486155,-0.006658441161896678,0.854022813288928,4.811207382601199,8.099594862366928,0.58149236,0.53661525,149
58075000,chronos,few_shot,0.1,CAMELS-BR,0.2262684330759902,0.33649811139212393,0.9647272405800997,0.48420873946613735,-15.02916419779803,-0.0016872134008087047,0.5088387727233832,3.1812407648049645,4.0954214571865055,0.40062377,0.22979377,162
58087000,chronos,few_shot,0.1,CAMELS-BR,0.6867573906465404,0.6973417335567133,9.625544511399644,4.822026258633461,-6.288518735154941,-0.000768221086246617,0.7406071833215578,34.269362668142136,48.221164403414846,0.35891607,0.30968916,162
58099000,chronos,few_shot,0.1,CAMELS-BR,0.9157133714698342,0.9531240286853311,9.423618569068237,3.3099865354340654,-0.6608870797806626,-0.0007998694273514597,0.9803219433408482,26.571939574148434,59.41268553785384,0.13239177,0.12142341,145
58105000,chronos,few_shot,0.1,CAMELS-BR,0.9484503154620147,0.9713993699578672,5.490076331813541,2.730277520638925,-0.15997666761754176,-0.00029954307800150043,0.9864836868817214,5.55650321467419,9.792464966679688,0.10375607,0.109160095,162
58116900,chronos,few_shot,0.1,CAMELS-BR,0.19099980371372272,0.6223021958798948,1.1541196870231194,0.4397261678068726,-3.616066482951904,-0.000826431447691095,0.7575066711633056,4.545172598992673,4.527933138911792,0.45173204,0.43249783,162
58128000,chronos,few_shot,0.1,CAMELS-BR,0.79774596577529,0.8003857408828805,8.449795877702446,4.17516549428304,-6.157756576689754,-2.742044061680715e-05,0.827024059956789,28.80719858882175,48.12650850992496,0.29546607,0.24419881,162
58132000,chronos,few_shot,0.1,CAMELS-BR,-0.07629728661715207,0.5211161261212793,1.5041665641319082,0.46604382473489514,-6.2646675875959055,-0.0002316098647660511,0.7378016763466545,6.196739032532156,10.527201032256723,0.6454713,0.66622686,115
58141000,chronos,few_shot,0.1,CAMELS-BR,0.6300589558072378,0.6640753468359739,1.1194064979997798,0.5252431646569983,-6.234073870730364,-0.0016413402316769934,0.7255088919659674,3.980831280179493,5.901366894197995,0.26778126,0.19170935,154
58142200,chronos,few_shot,0.1,CAMELS-BR,0.6254313198445294,0.6568503063515521,3.902810887226316,1.8685344604798306,-13.327338211956977,0.0010326990544182943,0.713588169866974,12.328969216853032,14.68796134267207,0.39682904,0.31816828,162
58147000,chronos,few_shot,0.1,CAMELS-BR,-0.7817096579509626,0.19762583766431785,1.582724978622703,0.4380916102708858,-22.405393839436417,-0.006647321530097151,0.6664229632827314,4.503002812425093,6.954614666742776,0.8474684,0.8461871,162
58156000,chronos,few_shot,0.1,CAMELS-BR,0.33700145712012486,0.5849432772836906,0.5777245899603827,0.24740256921484552,-13.829043445511305,3.627250459083131e-05,0.8013738028963707,1.9699112504943384,2.55814382140772,0.68007416,0.6752444,116
58157000,chronos,few_shot,0.1,CAMELS-BR,0.190337031803946,0.21640817805060564,0.24248689194738665,0.08372986060264823,-22.41042618728372,0.003198057653971381,0.3997129319778667,1.0158441740101052,1.8667674027383327,0.6727935,0.37054923,77
58165000,chronos,few_shot,0.1,CAMELS-BR,-0.2885667231999214,0.3480606293591786,2.1514310945476494,0.5982707775669334,0.04833595202309607,-0.0007346059900944588,0.37941222943720054,8.187059483375169,17.29884025513702,0.34916392,0.40613696,162
58183000,chronos,few_shot,0.1,CAMELS-BR,0.9103535800602403,0.9460097715120143,15.26613297264475,9.664316050211589,0.7366080268723799,-0.0008662642286100756,0.9709411310909737,31.598211754748096,4.673141129509435,0.20500527,0.1932896,150
58190500,chronos,few_shot,0.1,CAMELS-BR,0.16783028876797979,0.37170015210522656,0.3016794494948832,0.13246354137043484,-18.20478813463901,-0.003754122022862535,0.6298499126207289,1.0421201235272552,1.5323777794837952,0.6507328,0.58382374,61
58200000,chronos,few_shot,0.1,CAMELS-BR,0.6524127020880579,0.7185508676413883,0.4009190278911964,0.1966557128607859,-10.317210922579942,-0.0021682261812955086,0.7844533414324993,1.2399232727879104,2.0993375179339213,0.3693793,0.319602,162
58206000,chronos,few_shot,0.1,CAMELS-BR,0.9105165769414296,0.9318084379270981,12.363609915111526,8.097878726912134,-1.258797853804343,-0.0008108831374589644,0.9484234944966962,17.83702136225465,23.353983506126774,0.19406407,0.18607503,162
58218100,chronos,few_shot,0.1,CAMELS-BR,0.9558680717494,0.9765309562981945,13.99936702850276,9.283710291356217,0.06935910478861189,9.056482490031777e-06,0.991021513896808,11.983993031357906,13.146488253897209,0.22107312,0.22255726,162
58235000,chronos,few_shot,0.1,CAMELS-BR,0.8457375787318857,0.8547130375950559,26.503528151228245,15.34390421266909,-4.6578688401390504,0.001548708438652074,0.8754793987685048,77.89406060402136,75.67053642793672,0.28936574,0.2927574,162
58250000,chronos,few_shot,0.1,CAMELS-BR,0.8677320922642477,0.9226095905546843,22.71823070129472,13.226082224904754,-0.895798315203365,-5.83059279643406e-05,0.9615599699081285,43.093458511118904,60.682870987274214,0.17146717,0.1612064,162
58300001,chronos,few_shot,0.1,CAMELS-BR,0.8575209819119956,0.9249096570998051,46.19084682712362,28.69120082725473,-2.842217961223717,-0.001092781292189926,0.9680702861716584,93.30230252634992,127.2269633670195,0.14528495,0.14509626,147
58318080,chronos,few_shot,0.1,CAMELS-BR,0.7367035023598101,0.7820493614669664,45.432809082605445,15.204850185064622,-7.4560684886690005,-0.0015742087491264676,0.828373511974164,182.13919391417892,214.614868945843,0.27265346,0.22497271,162
58385000,chronos,few_shot,0.1,CAMELS-BR,0.8515487072747865,0.8644683293444912,49.3886720174254,28.622912769586268,-2.5307927069107823,-0.001321028148281618,0.8876419519161725,98.6288112849856,90.03837874193253,0.28333518,0.2610441,142
58400000,chronos,few_shot,0.1,CAMELS-BR,0.10209510964873603,0.024878240438749755,2.537865363014306,0.8222107668466205,-25.000064221220356,-0.003958293864861158,0.2244726975442336,10.771904933438806,16.479406803587995,0.6988426,0.33931231,158
58440000,chronos,few_shot,0.1,CAMELS-BR,-0.9127417165187315,0.25604439082750896,53.640218427166886,13.965718820820683,2.8966618261598165,0.0009160416678652573,0.5114192384748572,231.43967740781443,225.76621432909994,0.5864353,0.6777695,115
58512080,chronos,few_shot,0.1,CAMELS-BR,0.6468000398215352,0.7217725430104454,12.201799635979647,5.217429116645955,0.5779346041038804,0.0017178261742507653,0.7401071467019505,45.419550715733564,82.60339665911482,0.43734822,0.40325662,161
58519030,chronos,few_shot,0.1,CAMELS-BR,0.861450776775827,0.8819090065442656,13.296953174774476,7.075260389719578,-2.7679930934368344,-0.0007081491297438649,0.9029406056735608,41.706386750365766,69.19385848268088,0.3781212,0.36017975,151
58560000,chronos,few_shot,0.1,CAMELS-BR,-0.3905946781202938,0.4159521224275865,2.243771009223277,0.6899141816445339,-3.2368239428561947,0.0008808834991822327,0.6736443142070805,7.638039204950351,7.247825102051853,0.7568376,0.7885931,162
58670002,chronos,few_shot,0.1,CAMELS-BR,0.49156987771219307,0.398030436848803,18.80332225167555,3.7468344625437036,-23.89564601989328,0.0010600788427562943,0.4456839320660776,83.39857182152927,140.78499057500238,0.9645198,0.87239593,159
58725000,chronos,few_shot,0.1,CAMELS-BR,0.8766062334053812,0.8648646743504207,1.7878681173925066,0.8617805275652144,-2.009184651511571,-0.0017064112759923459,0.8795485232585388,5.608659191097204,6.215091845705346,0.2826861,0.27342734,144
58736000,chronos,few_shot,0.1,CAMELS-BR,0.13778385818672556,0.43988399601104144,24.62934616261068,7.481070377208568,-19.64366786958715,-0.0010175093803362519,0.7220664881642627,90.32514577360298,127.56745770956252,0.7219934,0.64110285,162
58737180,chronos,few_shot,0.1,CAMELS-BR,-0.18758133189723236,-0.23699512960222413,1.561711730179733,0.7856770413262504,-24.939805492450343,-0.001628762722087524,0.15572091738302218,5.295923829078674,5.295923829078674,0.4054341,0.16150382,14
58788050,chronos,few_shot,0.1,CAMELS-BR,-0.19667863179722955,0.34876168499162186,61.696291460241234,15.977663063708647,3.281027950082929,-0.001515478604261893,0.37798336394990717,247.32454221688732,488.1013400363275,0.4469782,0.49019825,162
58790000,chronos,few_shot,0.1,CAMELS-BR,0.73902645521035,0.7083205746664842,44.55485139098938,14.670068746731605,-6.839585503629437,-0.003492077839379961,0.7301010849078275,172.73151749770616,338.2018754559009,0.49416888,0.41522864,162
58790002,chronos,few_shot,0.1,CAMELS-BR,0.8344901088041119,0.6918100268985632,59.40116931872429,29.585972442626954,-12.38125814240863,-0.006127854595841123,0.6958487071273307,206.18083166815674,312.51512437458797,0.4211321,0.34356046,150
58829400,chronos,few_shot,0.1,CAMELS-BR,-0.0705710829899211,0.509405165016319,17.90861213873695,5.3060416138017334,-1.6496006498768159,-0.0009508541789302744,0.6608705900769057,70.97358339329769,67.77182593898313,0.4382502,0.50603026,154
58846000,chronos,few_shot,0.1,CAMELS-BR,0.755835001558822,0.747837770099194,8.265524359342924,4.092904297510783,-5.466900654867423,-0.001004742246903851,0.7780674880291044,28.55305689271147,45.34349237588022,0.27642754,0.23429947,150
58856000,chronos,few_shot,0.1,CAMELS-BR,0.059369947355838004,-0.09884669864727691,0.5214881252150197,0.07798506200990894,-18.845232010028646,0.0038634795627243094,0.15647983161838175,2.1638663345684304,4.824766844511032,0.5219349,0.21079703,88
58857000,chronos,few_shot,0.1,CAMELS-BR,0.852426573489395,0.8437326560704747,0.6634159249847561,0.25992180241478813,-1.7082310984230316,-0.0006386158238599771,0.860480762214983,2.406200441454985,3.709196803029595,0.18510352,0.17995664,162
58868000,chronos,few_shot,0.1,CAMELS-BR,0.8467456422076405,0.7406033297910116,3.7448967433490234,2.016432334395016,-9.014613770420736,0.0001392309090700837,0.7464864143450847,10.778472268539122,9.510475158691406,0.44137254,0.42166385,68
58880001,chronos,few_shot,0.1,CAMELS-BR,0.792023079849509,0.7159077528445823,217.32253527212103,118.35634857177735,-9.076680527772202,-0.002099498375105653,0.7295656080645182,725.2617728872073,1003.9557969437572,0.35839212,0.27160752,150
58912080,chronos,few_shot,0.1,CAMELS-BR,0.7112723429279486,0.8380311461322935,2.7440001157078044,1.1305521536564482,-7.742073900450746,0.002453241872785488,0.914798457854553,9.92593231868041,6.162654876708984,0.4772821,0.42949292,69
58916000,chronos,few_shot,0.1,CAMELS-BR,0.8463824697049418,0.8245819476269269,3.0983719066336497,1.3962064186731975,-10.302616012914058,-0.0018644772504805389,0.8409243249349483,10.354672862495526,11.18508478239931,0.5145183,0.56127167,162
58930000,chronos,few_shot,0.1,CAMELS-BR,0.9048404859549914,0.8892090925764988,4.9727865755722025,2.2534296305974326,-1.7484441120226644,-0.001568928859629181,0.8949629155105335,17.843189606157004,28.99138678313014,0.4045655,0.41231078,150
59125000,chronos,few_shot,0.1,CAMELS-BR,-0.3617747879732127,0.29372373292209053,6.650771125576353,1.4943779501125967,-10.380697246704058,-0.002792447661267655,0.8623864222732474,29.438912026185953,38.81363556414691,0.52648467,0.4189109,139
60012100,chronos,few_shot,0.1,CAMELS-BR,0.9625715873839747,0.9633973277167515,21.0738502977716,11.140702227110504,-3.106809706247799,-0.006070559191955271,0.9678614587461218,28.66306918766837,45.7569580078125,0.33772135,0.34525564,93
60030000,chronos,few_shot,0.1,CAMELS-BR,0.9867643381375685,0.9647048916597214,18.11633772781302,8.027179188198513,-1.358275900107323,-0.0011305503533846177,0.9652007095307609,62.49555866582911,117.70715243727929,0.24623865,0.26020926,162
60100000,chronos,few_shot,0.1,CAMELS-BR,0.4522919901159773,0.7313842140178564,1.22826082975499,0.29333541519296025,-5.255862404215084,0.003607896498613185,0.859318163156112,5.128199845208954,7.248332502104563,0.60594285,0.66809016,162
60130000,chronos,few_shot,0.1,CAMELS-BR,0.791599172759112,0.807672467645192,0.6433481809350172,0.20334523874852392,-5.46099900542435,0.0013207139154492523,0.8382932484283467,2.378764179574403,4.801495660067409,0.26903227,0.27062854,162
60190000,chronos,few_shot,0.1,CAMELS-BR,0.00047402769089055496,0.2681642128323387,21.703480589510693,6.774873724170759,-18.883578671092703,-0.0021312029237186125,0.6249106409326683,78.45582723176187,123.50618381271104,0.5073163,0.36756894,153
60265000,chronos,few_shot,0.1,CAMELS-BR,0.8466652296605228,0.8850618903932534,10.914116970097297,4.389486219368729,-7.415254959115204,-0.0001543901616813427,0.9015405790165093,42.03491355134665,74.52744822417898,0.3830311,0.3650272,153
60351080,chronos,few_shot,0.1,CAMELS-BR,0.6961304746759269,0.8323612491131666,61.91930328142217,43.15359666612413,-0.8675010476746765,-0.002155316420441115,0.9460904682075659,70.18674938549402,88.21348179144861,0.20412183,0.18990491,162
60381005,chronos,few_shot,0.1,CAMELS-BR,0.9673806544544719,0.9637988041431864,1.8140697942593895,0.9974663691087202,1.8864570596068562,0.0012044067257743624,0.9671633569526211,1.9349984300033831,2.00311348850992,0.28891027,0.32286972,143
60436145,chronos,few_shot,0.1,CAMELS-BR,0.0004902876849476323,0.3793770794965351,0.5141510697046513,0.344919285603932,-4.636278302272604,0.0016983288598309658,0.8029850637006919,1.3341193199157715,1.3341193199157715,0.47740686,0.41443482,14
60436190,chronos,few_shot,0.1,CAMELS-BR,0.15826674253028516,0.12123706055476413,11.34004213552193,2.4906599823857696,-18.704890126367665,-0.0024682434928737316,0.2742241638559153,46.80974384979925,92.81678071904605,0.49963212,0.31023335,142
60436195,chronos,few_shot,0.1,CAMELS-BR,-0.06921075888625872,0.2406844587889797,0.4451406375353646,0.2794228969141841,-47.67194672713468,-0.008631226620543178,0.356317837621855,1.149279624223709,1.149279624223709,0.5468662,0.57729053,13
60443850,chronos,few_shot,0.1,CAMELS-BR,0.45323696225982046,0.6651709146083693,1.5158384712347746,0.6460998720592923,-5.125744491775504,-0.004160564479300875,0.8547507513371819,4.662101422457108,8.711323533778735,0.32061404,0.28583908,162
60448000,chronos,few_shot,0.1,CAMELS-BR,0.7722270542811248,0.7651894062611055,1.0142995741511283,0.5147835006316502,-12.424308471175964,-0.003829303804870239,0.7926624944880888,3.4035484833885308,3.081594467163086,0.41742203,0.35117584,60
60453500,chronos,few_shot,0.1,CAMELS-BR,0.6006749947247085,0.7225097756868459,53.14486943856787,27.566279635017302,-4.8031524737315445,-0.0015562067531177358,0.8025171518734702,157.85527498909292,332.0960709066466,0.24722402,0.22666958,162
60472100,chronos,few_shot,0.1,CAMELS-BR,0.7365359205000568,0.8411874850858768,0.02299470026715199,0.012862500487541666,-0.09192688128558144,0.0010830610333696028,0.9229523285914474,0.0757434337858895,0.14151358654597745,0.10209368,0.08872508,147
60472300,chronos,few_shot,0.1,CAMELS-BR,0.6498113856524432,0.8242964116961626,0.9704053684696896,0.38763626259339007,0.18928418911853484,-0.0059821678097277155,0.926435883613994,3.736631560183413,4.321764566520023,0.32222834,0.32086915,158
60476100,chronos,few_shot,0.1,CAMELS-BR,0.7279033845238909,0.7403880806798657,2.0609576188177563,1.0587013989319036,-8.422350429967175,-0.0021013514438649617,0.7742151070096907,5.628391581611706,7.424309625933039,0.28621587,0.2206257,162
60476155,chronos,few_shot,0.1,CAMELS-BR,0.35754675505125644,0.5682439858443382,2.894663683365182,1.32653566300869,-8.25262707012095,-0.0011858529614650788,0.7745406397478627,10.146010526252216,8.785555839538574,0.36204988,0.3140264,80
60476170,chronos,few_shot,0.1,CAMELS-BR,0.5129264871636163,0.7562746049791864,11.998184764011913,5.511748537813363,-4.989053562386813,-0.0005961844901785224,0.8518399395751861,44.11583865730323,50.39318084716797,0.5401067,0.48805895,76
60477200,chronos,few_shot,0.1,CAMELS-BR,0.9714825706800092,0.9717347846076086,0.6598326710410592,0.25970019071789113,-2.3444231989247863,0.0021765987891978547,0.9746644481217775,2.1336499581170467,0.2847862243652344,0.29976913,0.3532084,59
60477300,chronos,few_shot,0.1,CAMELS-BR,0.9147998986066709,0.8588941932269969,0.12306878319025481,0.08683287245886666,2.6120436595023144,,,0.10655856132507324,0.10655856132507324,0.12764621,0.093909055,7
60477400,chronos,few_shot,0.1,CAMELS-BR,0.604425211164936,0.7972892092857254,0.434824135661089,0.2072614985224497,0.5313753254122752,0.0010412502053580575,0.978721324384991,1.4066818297126114,1.638084173802246,0.5715103,0.65315956,111
60478150,chronos,few_shot,0.1,CAMELS-BR,0.24012616066935077,0.38190565745776495,0.6738734276996767,0.2611381349740205,-16.024539758324437,7.732608455421341e-07,0.5924333731289766,2.592443589717622,3.8148266404199087,0.44797286,0.26962963,135
60478400,chronos,few_shot,0.1,CAMELS-BR,0.26687874994269456,0.3258666994113638,2.671738155479305,1.045290583372116,-17.350702120013576,-0.0008680222541291166,0.4726093569875216,10.923756819630444,19.97899627685547,0.41126123,0.19510897,100
60478493,chronos,few_shot,0.1,CAMELS-BR,0.14742167774692816,0.0997075446311112,0.24302408195169176,0.06969683408737183,-18.547366096889764,0.0017347503790861637,0.21168592566242916,0.8549729123363995,1.2035176157951355,0.43871084,0.16350482,25
60478600,chronos,few_shot,0.1,CAMELS-BR,0.30992682305669506,0.6157139238607834,0.271946541272473,0.10767622573826557,4.337728486139491,-0.0011581515059591457,0.6838724974070943,0.34622099794291206,0.2736424555857357,0.4355071,0.4169019,156
60480200,chronos,few_shot,0.1,CAMELS-BR,-0.1797326821904175,0.4636209730835332,0.2789002872630946,0.07905402093535603,-8.833578423334169,0.00033251068965314996,0.5558338930980177,1.119418668573189,1.1055250370194893,0.41991213,0.41183496,101
60490000,chronos,few_shot,0.1,CAMELS-BR,0.8300739656141934,0.8093052188275853,8.898319630127705,4.231559048860501,-4.050693147900023,-0.000513781595131331,0.827423654202854,33.575200107131636,43.66030201347284,0.29119894,0.23817693,156
60492200,chronos,few_shot,0.1,CAMELS-BR,0.6984465069857098,0.839766882530976,12.266037777909473,5.880257329823058,2.809340465777168,0.0018640335898722458,0.9345615695286067,33.16023016323042,12.456375122070312,0.4028766,0.49516353,81
60510000,chronos,few_shot,0.1,CAMELS-BR,0.8524734189172538,0.851734508313943,97.25125337638029,41.90150131342065,-6.117995354551953,-0.0006811853895644579,0.8702250415109697,349.1905516626584,620.9067003639244,0.2825749,0.2523255,131
60540000,chronos,few_shot,0.1,CAMELS-BR,0.8555384189219376,0.856891243884982,10.2527795059857,4.411183975361012,-4.5546315018824775,0.0018609745336149314,0.875990043676299,33.80850703352597,52.24841466751029,0.2963229,0.25568092,162
60544000,chronos,few_shot,0.1,CAMELS-BR,0.8392027361058123,0.82890774316409,0.44606912733498155,0.17079745511305922,-8.357268708339365,-0.0025408752061126354,0.8471120565854048,1.5491980665010852,1.4526595040489736,0.2606166,0.19700305,162
60544990,chronos,few_shot,0.1,CAMELS-BR,0.7739883917587758,0.8110924506281796,57.87062063936815,40.549115687240786,-2.4922346630558616,0.00012757098792631587,0.852750271529027,145.44087111856774,233.90303987710118,0.23857236,0.24490286,162
60590000,chronos,few_shot,0.1,CAMELS-BR,0.9822421656936218,0.9800904079662751,4.396387013410419,1.8840440349814334,0.9779475705993166,0.00020051372717662733,0.9811998390650989,15.841586388593296,22.224341334593493,0.23617183,0.24446097,162
60600000,chronos,few_shot,0.1,CAMELS-BR,0.9747210313208569,0.9627575686583981,66.92993037378636,38.538854508172896,-2.372384732273004,-0.0006943340054638841,0.9647588835322342,157.79141457227882,196.03756606844286,0.26187575,0.27581,126
60610080,chronos,few_shot,0.1,CAMELS-BR,0.5713780596582108,0.7687730996621932,435.5216228698042,312.41836302957415,2.1181643720394274,-0.0032297808707988512,0.9424765974728778,229.38938081145506,199.73079478201862,0.31279847,0.25665113,162
60635000,chronos,few_shot,0.1,CAMELS-BR,0.6906413762520605,0.764712243291491,2.626709770475644,0.9516390069753309,-9.15829435983031,-0.0010375542165078806,0.831243645956477,9.94568463075563,18.164044235971666,0.4235695,0.35906577,158
60700000,chronos,few_shot,0.1,CAMELS-BR,0.6013560176934154,0.7729916546952799,4.35375917062831,1.6862713538917007,-7.97494465288989,0.0011107941882837688,0.881830550082906,12.12696358093954,1.2254066036424205,0.32241294,0.22339283,157
60781000,chronos,few_shot,0.1,CAMELS-BR,0.957979283863757,0.9440568920449167,15.146993779031956,6.023064507378472,-1.073157113747635,0.0005883018923510709,0.9480260048954479,55.81201235848393,34.729327026902105,0.3475043,0.34653267,162
60785005,chronos,few_shot,0.1,CAMELS-BR,0.943529714325206,0.9267301016391558,2.766055866831871,1.257113806809051,-1.438555758492797,0.00011992719928708741,0.9317429360666698,9.989625718034699,15.74048573493352,0.20172007,0.19792384,158
60884000,chronos,few_shot,0.1,CAMELS-BR,0.8959632230000718,0.9347349699881858,13.906195397508487,6.555286484956741,-2.9769921872094582,0.00026000981301575396,0.9604068914851466,42.31086891303061,75.70858746401541,0.2520058,0.27761582,160
60891000,chronos,few_shot,0.1,CAMELS-BR,0.8931187551505756,0.9460205344143029,22.43307318567191,14.0309834656892,-0.8750155055181383,-0.0030628880900834196,0.989573000739016,49.99042144270373,74.13847485900351,0.226768,0.24861994,162
60895000,chronos,few_shot,0.1,CAMELS-BR,0.857872065798084,0.877921268841467,3.163644941285977,1.7795249237411324,-1.0012854636711428,0.00108106915081955,0.9005039221849461,8.96001930194879,11.264835357666016,0.1568723,0.14002886,87
60904000,chronos,few_shot,0.1,CAMELS-BR,0.8573571031138001,0.9262055662673813,59.69316758871471,35.73064223579738,-1.885850463347901,-0.0007940823225351737,0.9736485648431298,121.09442373859387,22.69415859762286,0.3199323,0.32888868,161
60905000,chronos,few_shot,0.1,CAMELS-BR,0.8678011847099666,0.8829558388811554,47.89503544352136,22.12713031768799,-3.4249763342605424,-0.0008850166266388716,0.9035447922772422,162.2915214709459,66.04334493095783,0.25065282,0.24620813,130
60907000,chronos,few_shot,0.1,CAMELS-BR,0.9156322063524609,0.9562525851574193,37.253207677261706,22.140138319980952,-0.9691282025424961,0.0008383645783263463,0.985840535870885,91.37280138384749,118.09535871737211,0.19935371,0.20712373,162
60920700,chronos,few_shot,0.1,CAMELS-BR,0.8451552710162147,0.8888318120864906,29.176366625430138,15.475099160637654,-1.8637770272676428,-0.0011617596085545766,0.9206264563104946,62.7951894657961,113.82925415039062,0.2330737,0.26283714,71
60921500,chronos,few_shot,0.1,CAMELS-BR,0.7998228739406399,0.8537309053950257,31.57316479425264,18.30484159493152,-2.1792266787682832,-0.0004462033997604479,0.8970492244170432,86.61170821580279,130.06651699492815,0.21465725,0.23454629,162
60925001,chronos,few_shot,0.1,CAMELS-BR,0.9764265478026276,0.9626643893929726,3.3249352911048375,1.661726223958003,1.449566221619424,-0.0009818427337250323,0.9641673813782019,9.927190656049788,12.5234341129333,0.30483738,0.31763464,154
60970000,chronos,few_shot,0.1,CAMELS-BR,0.8320204000008533,0.8835655229953288,11.29384699474841,7.706521191174471,-1.4433320437557382,0.0001558754779027796,0.9220418981890244,24.251772902628872,34.83757393199159,0.15514293,0.16151848,158
61012000,chronos,few_shot,0.1,CAMELS-BR,0.9497278787512788,0.935417404251601,8.242825611206563,3.8684434766893263,-3.6803289387748173,-0.0009123314942415493,0.9400337693332415,25.986568040227723,28.07335598795211,0.2754631,0.25831038,154
61014000,chronos,few_shot,0.1,CAMELS-BR,0.3018201317316128,0.6079827935615945,3.874597201412072,1.0760013078222213,-0.3636856579613942,-0.0010637614362683893,0.6642742037814686,16.137484558819615,30.217428741583287,0.3044846,0.3491119,151
61031000,chronos,few_shot,0.1,CAMELS-BR,0.6571395501083956,0.592540539770569,1.5252884168197314,0.39756459598060995,-9.38433566236909,-0.002194379480651716,0.6147049170916908,6.50720563568367,11.933118824685593,0.37305385,0.2591981,139
61043000,chronos,few_shot,0.1,CAMELS-BR,-0.1293621684163837,0.5045262281569718,1.2728332960982351,0.2879931557437648,-2.6067945217574158,0.00225041317865525,0.7154667928394522,2.4531841012279707,3.4286509536591607,0.531887,0.5165608,161
61061080,chronos,few_shot,0.1,CAMELS-BR,0.9183909489022862,0.9405662080339383,19.68692603462969,10.6588605362692,-1.7556561582955432,-0.0023618596542788195,0.9570506228673198,49.50402483594826,70.91122012444062,0.27442056,0.28707165,162
61065080,chronos,few_shot,0.1,CAMELS-BR,0.9147495529335008,0.9456060744525184,21.43741978907768,11.517449131718388,-1.975414917173323,-0.0007941417056437049,0.9660864038538068,51.52405191561455,76.15772528913702,0.25503895,0.26071453,162
61078600,chronos,few_shot,0.1,CAMELS-BR,0.8791270494092188,0.8052573562106936,8.644079766567579,3.8157021005948386,-1.9490095247875663,0.0029389048417321068,0.8078893476210243,31.32107870443433,52.141845703125,0.45279664,0.5101369,72
61081000,chronos,few_shot,0.1,CAMELS-BR,0.7851126276923349,0.8208026071248252,0.9223864044076744,0.45952696638342777,-4.401924380339184,-0.0006184897473869994,0.8594626068164313,2.58083165698297,1.4328839997897727,0.31727645,0.28236803,162
61093000,chronos,few_shot,0.1,CAMELS-BR,0.7473044589749136,0.8048236964763388,0.5520628286892578,0.24504499670899946,-2.3116156974251494,5.8571348897320206e-05,0.8583738340598677,1.9295490029883124,3.645806822502185,0.28192046,0.23649497,162
61100000,chronos,few_shot,0.1,CAMELS-BR,0.8158937665328434,0.9057998071008622,1.136437087547043,0.530930689995802,-2.0846054859388374,-0.0006794731858590624,0.9702765006049467,3.358752862733777,4.121111007093379,0.3602067,0.39662907,158
61195000,chronos,few_shot,0.1,CAMELS-BR,-0.003338094972914929,0.27457693486900214,5.9071588231680625,2.566756788595223,-16.829924812590143,-0.0002331441939000395,0.6412014302667502,19.601262525305174,25.48670919109464,0.62352604,0.4195653,162
61196000,chronos,few_shot,0.1,CAMELS-BR,0.8393853135741947,0.7580671058811275,1.7587921718557709,0.8402863961678965,-12.241531296267233,-0.001078438852655239,0.7667595321657472,6.449463679776446,5.209878696274781,0.47902054,0.39921802,162
61250000,chronos,few_shot,0.1,CAMELS-BR,0.20530083060716187,0.2039694243696344,3.0999099018791823,0.6931712310035507,-12.287313476943599,-0.0023127560135437746,0.3647368518725925,13.216832302537927,26.15328113238412,0.3757068,0.24663635,154
61323000,chronos,few_shot,0.1,CAMELS-BR,0.8740938646098412,0.8721823362539336,0.07516691993878799,0.03545621782541275,0.04920984946128812,0.0007038418181709678,0.8877652596700899,0.18866020534514014,0.3014650344848633,0.12635753,0.13776061,60
61343000,chronos,few_shot,0.1,CAMELS-BR,0.413597201043565,0.6514042685901711,3.62926159762671,0.8499268992447558,-1.1304754681815155,-0.005754480111533195,0.6865661266616643,14.600143968609824,11.788154310091068,0.27441117,0.33444107,162
61370000,chronos,few_shot,0.1,CAMELS-BR,0.8860677881145591,0.8187054909095087,7.609884405901874,3.3646179716798326,-13.473498753570231,-0.003998437073258008,0.8261308793576505,16.64780588530314,23.67902700031016,0.539532,0.51089376,158
61390000,chronos,few_shot,0.1,CAMELS-BR,0.7575426290382036,0.8716657580108248,5.428748231912466,1.7216422242044613,-4.449506844901284,-0.003004271923513737,0.9464107751482774,21.312628520550923,18.519015518471896,0.5264901,0.50242954,151
61415000,chronos,few_shot,0.1,CAMELS-BR,0.991774591554596,0.9922514865028174,10.207684389632758,6.4961141656946255,-0.5523663523362554,-0.0005351218645248158,0.9933287317374985,11.497341747010912,15.555575038822333,0.24074483,0.26061735,162
61425000,chronos,few_shot,0.1,CAMELS-BR,0.9709005029539789,0.9684063861812559,14.784934131587816,7.617480837268594,-2.5942138202019787,-0.0015040858030775268,0.971640096118835,18.93438076903367,24.545523238677116,0.31890568,0.33893085,162
61440000,chronos,few_shot,0.1,CAMELS-BR,0.8006584137704925,0.8412511771236488,2.059440756211328,0.8619549770391625,-5.66876268720938,-0.0026061320093335102,0.8789413657344232,7.002952220921497,11.005169114050394,0.4633726,0.43999526,131
61450000,chronos,few_shot,0.1,CAMELS-BR,0.9285345541609942,0.9463002245514162,5.6600557845871,2.9277593235910673,-0.8452288637831193,-0.0013762789958001766,0.9576915081675879,14.203313637956112,19.079211422702706,0.23412207,0.26935792,162
61484000,chronos,few_shot,0.1,CAMELS-BR,0.7857240792580009,0.7085061261752081,4.8856868840479315,1.2047781977445295,-20.171548130656408,-0.0017128689753508307,0.7289003295953365,19.022497216241884,32.39468130588066,0.644351,0.53190184,146
61487080,chronos,few_shot,0.1,CAMELS-BR,0.4453375572481848,0.5212299830082519,1.162686759711592,0.5515572267351672,-9.919250989087127,-0.0024782704238171457,0.6406618469074917,4.638608519328715,7.312106817289079,0.45239905,0.37477794,160
61520000,chronos,few_shot,0.1,CAMELS-BR,0.6581808241935977,0.8158727290030803,7.541907252851448,2.0405220096896155,-1.178551050030055,0.0022793272555891655,0.8832599545073069,29.942371654173254,62.33334530830931,0.3565805,0.44537902,161
61525000,chronos,few_shot,0.1,CAMELS-BR,0.7811222546088854,0.8400536926065942,0.0411926942797649,0.01958083830497883,-2.520182117807003,-7.2987525611478e-05,0.8855732127693017,0.14451309142201732,0.1254525344617007,0.14462201,0.14744124,162
61526000,chronos,few_shot,0.1,CAMELS-BR,0.4568121394827547,0.3846490713559486,0.4994160821561994,0.2033826850709461,-13.39881654465354,-0.002958179840808116,0.4114238988904584,1.5945729384996024,1.3138065338134766,0.37321115,0.13314861,21
61526080,chronos,few_shot,0.1,CAMELS-BR,0.8823976453342656,0.7457995910007629,0.16175488691501452,0.07413476333022118,-7.250217959502217,,0.7458008572727887,0.4783881902694702,0.4783881902694702,1.1776316,1.1973526,10
61565000,chronos,few_shot,0.1,CAMELS-BR,0.7789011275766564,0.79577066107296,3.8088038043120385,1.6446227355871672,-5.167777774432094,-0.003656933438118161,0.8301775281993005,13.087127918143423,20.33431420118367,0.44818792,0.37695414,162
61585000,chronos,few_shot,0.1,CAMELS-BR,0.9766831862262855,0.9849398785832207,0.7317171216883408,0.41964479434637375,-0.2988325459229393,0.0005287036601742123,0.9904474840157572,1.3754060557037313,0.1548294898632094,0.11387531,0.11553297,162
61684000,chronos,few_shot,0.1,CAMELS-BR,0.5989649489089325,0.5875955149978367,6.635293561775596,2.5174993129424106,-10.484946787797861,-0.0018509060807946238,0.6410937673619741,26.37305421185157,40.06168859896343,0.47466695,0.34810692,162
61685000,chronos,few_shot,0.1,CAMELS-BR,0.6633095778963243,0.7357442767826814,6.371478071513432,2.793124456583343,-8.972377477434742,-0.0015094480969615465,0.8056278839853528,22.2188759079615,42.2516572695746,0.41860732,0.37652978,161
61690000,chronos,few_shot,0.1,CAMELS-BR,0.7842789158652975,0.8158826585890726,7.477751609548063,3.0352108125333435,-5.578920769190214,-0.0014580323927322544,0.8503672359518866,28.34053721403325,45.78340783554901,0.26097065,0.28897858,162
61695000,chronos,few_shot,0.1,CAMELS-BR,0.18361170643927893,0.5789620147448723,11.529033712557931,3.964258556780608,-2.1976424026027974,-0.001413447389285151,0.6533867182838856,47.89800061420059,20.896898486917024,0.4498758,0.5236693,115
61730080,chronos,few_shot,0.1,CAMELS-BR,0.17626165112437076,0.25524468087274643,483.9136274058589,106.20760515001085,11.10296221213114,-0.00052383577171051,0.2558885762631984,2030.9363294083366,4287.069561449807,0.36127996,0.38477856,162
61795100,chronos,few_shot,0.1,CAMELS-BR,0.6692551114530045,0.6602908755506978,16.347650886765894,6.196271430842484,-15.29605717430999,-0.001996453992083199,0.6967821595042499,63.95840466709221,81.05414639625702,0.44798216,0.27762157,158
61812000,chronos,few_shot,0.1,CAMELS-BR,0.8803117870791155,0.9302359396071894,5.0994815296283535,2.841995086198972,0.3616824769149937,-0.000610269262458215,0.9591202066093898,8.003957967524007,6.651001942406005,0.109709345,0.13863795,162
61813000,chronos,few_shot,0.1,CAMELS-BR,0.8754454383465233,0.9329155994644802,5.076497427265739,2.489937419622717,1.1884815180982826,0.0006007114820756124,0.9760063466949473,5.996961212976999,1.8444902939316041,0.10926784,0.11686588,142
61817000,chronos,few_shot,0.1,CAMELS-BR,0.5319399511128391,0.6041342188477634,46.316018933740985,15.48164478349097,-6.082791260953047,-0.0011524023101342658,0.6982034454627417,184.61527628442806,377.193296218109,0.28189492,0.23202483,162
61820000,chronos,few_shot,0.1,CAMELS-BR,0.7687594520354422,0.7898216889349075,20.054702306730682,11.617824495574574,-5.62445543765898,-0.002215544248708899,0.8251456355279091,62.60652095815745,41.990388561412935,0.3095235,0.29496247,162
61822000,chronos,few_shot,0.1,CAMELS-BR,0.39233484504279326,0.5708190595488614,0.7194674783460803,0.25374331166043534,-19.467446470010728,0.00029919497746746723,0.6921263209608046,2.965490936699397,4.039055240689883,0.5695785,0.5683762,131
61826000,chronos,few_shot,0.1,CAMELS-BR,0.7921843820122321,0.7468851293132027,3.7485371305135544,1.4595750228563944,-10.7426847496142,-0.002010959544895538,0.766762155394662,14.726368305198218,13.209195245558764,0.46400377,0.38902918,150
61871000,chronos,few_shot,0.1,CAMELS-BR,0.8199094646344294,0.9085981549583768,5.540176772530193,3.3296572543956615,-0.5427331649510992,0.0011396924000040068,0.9886263191919035,12.13344781363188,15.497741106568077,0.31927025,0.34517086,162
61875000,chronos,few_shot,0.1,CAMELS-BR,0.7481238025363589,0.8017143711046079,2.586575747604181,1.110201349918857,-6.2134843999932725,-0.0034728370435550826,0.8526428362882158,9.291866065781836,16.125750956152284,0.47081926,0.4254225,162
61887000,chronos,few_shot,0.1,CAMELS-BR,0.6829902715913508,0.8122623998713498,1.526378701202726,0.6640652804254735,1.517584472752954,-1.9323128980900522e-05,0.857810739401876,5.891925338855919,8.979068238564892,0.4875148,0.5225745,159
61890000,chronos,few_shot,0.1,CAMELS-BR,0.9132979985785616,0.9021511223144153,25.07750670085683,13.021740941109357,1.3962704231434684,-0.0014144759066777556,0.9086293559707685,83.9126446400737,114.18869977755722,0.41579658,0.47057,143
61898500,chronos,few_shot,0.1,CAMELS-BR,0.9463994032407667,0.939478225035385,23.253899809198415,13.410957549669728,-2.9662455524840876,0.000969792684139513,0.9453805674034643,54.944398193333974,40.6453634977259,0.38053963,0.39097333,161
61916000,chronos,few_shot,0.1,CAMELS-BR,0.5618833979730133,0.44374649151033607,1.459814099118199,0.3258070637891581,-8.342464011822091,-0.0019575484665925336,0.44910307064463895,5.597896328704572,13.551279067993164,0.43935502,0.3205845,91
61924300,chronos,few_shot,0.1,CAMELS-BR,0.43984307195893946,0.7053714008490048,0.09961980577720955,0.04195717771194483,-0.8798251243622169,-0.0018909304157338266,0.7977308104410914,0.21655627798090266,0.29827725887298584,0.25891614,0.33088785,76
61924950,chronos,few_shot,0.1,CAMELS-BR,0.9820200354874576,0.9602257347316253,38.57430310170769,25.33937782711453,-1.0823359799694205,0.0010347516130573952,0.9609830380652209,108.0132230388724,190.61474609375,0.24738315,0.23994403,72
61935000,chronos,few_shot,0.1,CAMELS-BR,0.8395877684910468,0.9178182856613057,0.6117566457580349,0.3555372753019991,-1.9980765856055351,0.0017331287530351364,0.9798029042544086,0.6282512615399723,0.15472241528200165,0.34707248,0.3801762,116
61953001,chronos,few_shot,0.1,CAMELS-BR,0.34734077131120344,0.6347073370153726,2.6749578942197836,0.8020158419103334,-2.808710745859185,0.0010520359422044982,0.692459747748941,10.753933519991422,19.837831922365627,0.61170536,0.6903643,132
61960000,chronos,few_shot,0.1,CAMELS-BR,0.050935071842320934,0.07646401518132784,12.631111377337197,4.14836340600794,19.750935381698,-0.005587390162731195,0.07660519459729986,41.20120664990949,57.92327117919922,0.6737247,1.0166274,22
61964000,chronos,few_shot,0.1,CAMELS-BR,0.6274295510982402,0.6989351972141414,2.7731199719249813,0.8990213290045533,-4.282366170216129,0.0007439173575169121,0.7084502747728845,11.245416130870593,21.192135219113805,0.545041,0.50792164,158
61974000,chronos,few_shot,0.1,CAMELS-BR,0.943304535784472,0.9211495679005756,5.612726612715402,2.7629268646240233,-4.292088834960149,-0.0020513410026220605,0.9258804589913503,15.727651560405633,1.8477974362032534,0.4065095,0.40975583,145
61977000,chronos,few_shot,0.1,CAMELS-BR,0.9791079422327921,0.9511034831521832,4.856481483244608,2.503538555569119,0.2653832990832984,-0.0006778110986412466,0.9516629101370517,14.852860822356366,15.886394137010896,0.25345582,0.27511975,153
62015400,chronos,few_shot,0.1,CAMELS-BR,-0.6037948108000202,0.23424618732713487,0.7610436043599359,0.19279549165088453,-10.647492601838795,0.00037155060914390026,0.823101676293313,2.9649804741262047,4.028259949023797,0.65200686,0.5996895,162
62016500,chronos,few_shot,0.1,CAMELS-BR,0.9109601477239406,0.8613336533976084,10.658462438573197,4.2805171152100945,-4.876374170534894,-0.004352081065757506,0.867364594687335,34.796681271013746,64.81151129409272,0.39557862,0.42635542,137
62095000,chronos,few_shot,0.1,CAMELS-BR,0.6818037217107049,0.7390850843860314,0.47312531009967473,0.19588783125818512,-3.312884723182121,-0.0009071127449659794,0.7966189146305795,1.7009279237633184,3.4676489992830013,0.29765508,0.2871481,162
62127000,chronos,few_shot,0.1,CAMELS-BR,0.8356239807229108,0.8739431545391454,0.5685208263082853,0.304979564415084,-3.8951153203685465,-0.0007951658873844528,0.9059788039991692,1.751926514148951,3.326229769718384,0.44256586,0.41084924,162
62128000,chronos,few_shot,0.1,CAMELS-BR,0.4113664198668233,0.44452585659131383,0.5175398965955553,0.13028244821377744,-10.73740752386721,-0.0007102181916945408,0.533484683798406,2.0147966709335834,3.6589795537887118,0.493202,0.3764333,162
62130000,chronos,few_shot,0.1,CAMELS-BR,0.04478094581734715,0.37399402649937274,1.3584637183226917,0.3668607512006053,-10.678311096695008,-0.001059158469187806,0.7570491112606129,5.585892619919068,10.419084977319105,0.7445605,0.64969075,162
62148400,chronos,few_shot,0.1,CAMELS-BR,0.11489086960347139,0.4855415781473361,1.366635495305357,0.41144143384468707,3.1847902073087093,0.00022618524815748095,0.5278868183306034,5.821437132656636,4.337490147260655,0.696477,0.73236066,158
62239000,chronos,few_shot,0.1,CAMELS-BR,0.009763294713584392,-0.12172703657332096,15.654182332949308,5.024849247049402,-30.697289391153802,-0.0012523723305323895,0.07494904487074028,64.39415829579293,96.67848229627785,0.60861677,0.18280202,162
62255000,chronos,few_shot,0.1,CAMELS-BR,0.06147429725192244,0.03572717768098921,3.103534303015182,0.8652983145623268,-21.18364760351964,-4.882107534951753e-05,0.2895068778107198,13.414706920964473,23.440107458514618,0.5216686,0.18314682,158
62292300,chronos,few_shot,0.1,CAMELS-BR,0.800495998222076,0.900010640910668,1.430319531637768,0.9637264209789235,-1.306610802399148,-0.0019296345278813978,0.9783887881741519,2.8819664032265515,3.9398298263549805,0.8140252,0.7540634,91
62320000,chronos,few_shot,0.1,CAMELS-BR,0.8697201232297729,0.779421474493045,1.4239989827402597,0.6224589351518655,-10.585630377438283,-0.002368983539549098,0.7856274440953898,5.1171412971413615,8.735691114079938,0.5026013,0.40069786,162
62326000,chronos,few_shot,0.1,CAMELS-BR,0.4703694214209443,0.45714978550760654,2.080686142397567,0.9727638333530749,-11.652798343184797,-0.002728282202280082,0.530900315003195,8.190916260425194,12.758052349090576,0.5023393,0.3146574,59
62350000,chronos,few_shot,0.1,CAMELS-BR,0.7615205892685474,0.7837013444067595,1.6443090933053508,0.7009653213583393,-5.0343533124583555,-0.0012787196666703086,0.8212122595569383,5.519468430765382,10.727133392263127,0.37735608,0.32997265,162
62365000,chronos,few_shot,0.1,CAMELS-BR,0.7071050642761365,0.8423741133359197,2.275439040348291,1.2186436483889451,-5.95408070243435,-0.003392177424458513,0.9345366479183778,4.5064674495165,5.6525617926460665,0.36893445,0.35997534,162
62390000,chronos,few_shot,0.1,CAMELS-BR,0.33640751514883416,0.4959028842012241,2.225015969998141,1.0997079339894382,-11.57362932421637,-0.004422064374741363,0.6358895651410992,6.567222603299088,10.57665205001831,0.2814548,0.17817965,44
62428000,chronos,few_shot,0.1,CAMELS-BR,0.6607206098725257,0.8001299762592983,11.599774790208565,4.794433892152871,-9.208484895807253,-0.0009533491032041597,0.8757231428479535,43.94440006783415,49.85105504444854,0.60339516,0.5751053,157
62477000,chronos,few_shot,0.1,CAMELS-BR,0.5382473188035328,0.7552141192514774,1.3768171922754513,0.8042895348091436,-2.9241843382798867,-0.0011551828293410917,0.9312866017069106,3.005822835644826,0.8070983176847165,0.14459226,0.12750821,123
62496001,chronos,few_shot,0.1,CAMELS-BR,0.9563052098802134,0.9680211356573133,1.6203474567964755,0.7827618545582218,-1.8121383039772858,0.006143394628691814,0.9755696105848946,5.147650091472316,5.648634519214887,0.69144386,0.72386587,155
62512092,chronos,few_shot,0.1,CAMELS-BR,0.8306075561905318,0.9079831157128369,4.216831474627664,2.343072418473725,-0.9213206024640933,0.0010213134572330442,0.9688819226161711,6.122287818624915,4.842252883720075,0.41905308,0.43258858,117
62543000,chronos,few_shot,0.1,CAMELS-BR,0.3147104214164541,0.3354773466069252,3.9875977033636008,1.4164045668662864,-30.750176163358184,-0.002928313758060533,0.47023529835851396,13.706496111123366,21.28820538520813,0.9879476,0.70141935,47
62557000,chronos,few_shot,0.1,CAMELS-BR,0.979672215255031,0.8864350117562267,8.965934833106123,3.164364404808939,3.3162813784943306,-0.003846311905549106,0.8864719895876312,35.87417796070127,58.72528076171875,0.9329292,0.9739568,89
62610000,chronos,few_shot,0.1,CAMELS-BR,0.6822190461649495,0.7508829126704367,3.918432555425554,2.002468208471934,-5.338965640177619,-0.005092843388831151,0.8171126201803406,12.572688430841422,17.728431701660156,0.52564377,0.44910362,36
62628000,chronos,few_shot,0.1,CAMELS-BR,0.18579988562479843,0.4811852753010881,11.536336818103507,3.144812462506471,-20.773771099044165,-0.00511232885321496,0.7445925363422413,47.736640735641835,63.54875813963986,0.68247145,0.6065759,162
62662000,chronos,few_shot,0.1,CAMELS-BR,0.866150378460086,0.9299642500549277,0.4913116449640842,0.2807375781284356,1.011682865840808,-0.0012583928534964529,0.97325038728247,0.7836545123638254,0.15336290802004293,0.29349744,0.3246935,161
62665000,chronos,few_shot,0.1,CAMELS-BR,0.7108220521101518,0.8266459430811873,1.0790675612504355,0.5964327832926875,-1.8432695066126068,0.001371368367193258,0.9150716063454762,2.790676306253886,4.480903379783293,0.31065267,0.2838532,115
62680000,chronos,few_shot,0.1,CAMELS-BR,0.6850296673384937,0.6240344142358849,8.32685854899143,3.3646816383173435,-10.760189679488773,-0.000482747642224432,0.6518611032824991,31.480260181528138,42.19506912897728,0.5185309,0.41274112,162
62714000,chronos,few_shot,0.1,CAMELS-BR,0.8161825714743995,0.823658549418701,36.031461806601996,18.86991176249818,-7.108016866385889,0.0012377504944293162,0.8493650920851308,93.5148546654393,82.68625473140102,0.45967877,0.44022116,161
62725000,chronos,few_shot,0.1,CAMELS-BR,0.8749045462507654,0.9349847594788566,99.62469358714975,55.068390528361,1.3310977617221988,0.00021104293416108338,0.9767767321823955,223.05116147041815,108.8042472454991,0.3848248,0.37759197,162
62729080,chronos,few_shot,0.1,CAMELS-BR,0.7789801151053282,0.7788466786615644,100.5613726526803,62.89503707414792,-5.705381447520085,-0.002252366335793742,0.8076146112352975,277.55366739328525,356.7985609279751,0.31349975,0.2623102,162
62741000,chronos,few_shot,0.1,CAMELS-BR,-0.04244545097278052,0.203118153893608,2.9635043318441494,1.402188357553984,-13.313493158466489,-0.003244594006571187,0.5608245217758959,10.308604669366476,16.310892543974475,0.30188006,0.17406093,114
62750500,chronos,few_shot,0.1,CAMELS-BR,0.5135353806384705,0.5664142734623809,0.6277650328351984,0.20617573938252012,-8.192094218094622,-0.0007106788359407881,0.6609829466235906,2.539509276620863,4.489499757586381,0.2885274,0.24014881,162
62751100,chronos,few_shot,0.1,CAMELS-BR,0.8761028287783376,0.8732147642377638,1.1933631206264286,0.5916631704519603,-1.477518760654019,0.0012538770783288421,0.8886113753072508,3.666188784461686,4.298172625768394,0.30788147,0.2886465,121
62752000,chronos,few_shot,0.1,CAMELS-BR,0.9863757205332028,0.9764732022507984,1.8097454886070514,1.0204920827606578,-0.19117603805135458,-0.00043477778590073415,0.9773458736822079,4.921114025213354,1.2732900200841857,0.13820423,0.14841484,162
62760005,chronos,few_shot,0.1,CAMELS-BR,0.38152398396765064,0.45888921680307904,1.2587358213129785,0.5766854602613567,-9.5616360241665,-0.0019820629205850038,0.5924888924390235,4.225015989087789,6.474000415873255,0.32138538,0.2600996,162
62761800,chronos,few_shot,0.1,CAMELS-BR,0.817184356760585,0.8913631068874616,0.14540538033887254,0.07528482800099387,-0.733301449188325,-0.0005330695959459616,0.9449840076335686,0.2133520458102938,0.3687974468060663,0.060771305,0.053350445,134
62776580,chronos,few_shot,0.1,CAMELS-BR,0.9291300747441503,0.8352746475730622,5.099325329802574,1.8417677420156973,-0.9468127844481187,-0.0007445878443006829,0.8364417517390723,19.724206423882006,36.789820403194156,0.2260638,0.24085794,135
62776800,chronos,few_shot,0.1,CAMELS-BR,0.9326219349616489,0.9658306111370636,3.122458427359104,2.2045999103122287,0.6395557998725837,-0.001125144320550919,0.9923677932771748,5.011830001039713,7.221484012790783,0.23079722,0.24516882,162
62776900,chronos,few_shot,0.1,CAMELS-BR,0.7588174014898201,0.8667296218665064,0.3070174431681846,0.1256114501037345,-0.9493320602322364,-3.0972220990723755e-05,0.9188417984948678,1.1869469370102648,2.248457730240722,0.16803372,0.15887468,151
62777500,chronos,few_shot,0.1,CAMELS-BR,0.616708177231863,0.8005209339568893,1.0795358091403424,0.44131784565080473,-6.925495646481323,0.00026842436214217016,0.8965270673836778,4.11586558016942,5.654607161146286,0.58761555,0.56134564,123
62780700,chronos,few_shot,0.1,CAMELS-BR,0.9275348693506206,0.934368573947388,4.854404725282364,3.2621620991190925,-0.8666187756200425,-0.0007612807025155141,0.9453123624141325,11.772221041953367,3.1545722635316276,0.1984719,0.22007091,122
62805000,chronos,few_shot,0.1,CAMELS-BR,0.9674790956837688,0.9835651156869318,47.11437366072369,31.810218811035156,0.05928723709749279,-0.0004888176592020947,0.9971937718632177,80.89714051899576,107.46671776463326,0.28268865,0.30408204,162
62885600,chronos,few_shot,0.1,CAMELS-BR,0.993381834888683,0.9892515817678328,10.450817582524161,7.819843786734122,0.25042779964149364,0.0014205469432129192,0.9896936197688823,15.35482230801689,8.250596032141996,0.20836376,0.22276244,162
63001560,chronos,few_shot,0.1,CAMELS-BR,0.8180254295206281,0.9076421831272119,18.337908938460526,13.322272406684029,-0.21749722040819405,-0.0005120853439306034,0.9875519731426041,34.679072098762155,22.903752257254155,0.14027306,0.1611483,126
63001605,chronos,few_shot,0.1,CAMELS-BR,0.715532256236798,0.8580994734437069,3.5865973706663343,2.514848080387822,0.45443770077375134,0.001231041843394974,0.9577642162155123,7.599113290432851,1.8750989990580254,0.20101249,0.19484179,135
63001638,chronos,few_shot,0.1,CAMELS-BR,0.7554875424365091,0.8549866566631361,10.366115304871121,8.03725415688974,-2.0858781539212856,-0.0004898966901783677,0.929523376828965,12.915140554257771,22.713042230846096,0.2913671,0.26057273,162
63001642,chronos,few_shot,0.1,CAMELS-BR,0.847675512188526,0.9236887124317034,2.026332992924006,1.4019839645277523,-1.033981575107951,-0.0004132019035430123,0.9884317102530831,2.731763657108514,3.885661068812103,0.17735544,0.19180708,141
63010000,chronos,few_shot,0.1,CAMELS-BR,0.9644570590533817,0.9516830993064969,895.4152395930755,632.2435242452739,3.9430517826528737,-2.8173778315572842e-05,0.9541594253477899,660.990992924841,784.6899705964165,0.18731673,0.17563938,162
63050000,chronos,few_shot,0.1,CAMELS-BR,0.373380978125858,0.5438793521759443,0.8372383102161872,0.24664034195167503,-11.561021515802656,0.0003866730503156116,0.7175237317947254,3.488605724624452,0.29859018325805664,0.5815903,0.3538915,97
63270000,chronos,few_shot,0.1,CAMELS-BR,0.647068025874202,0.81731520672594,18.310222621421968,11.604527538607579,-2.342585068405972,-0.0007146889869521804,0.9570323139333778,40.74479384718129,74.67731218341044,0.16082844,0.16541606,161
63670000,chronos,few_shot,0.1,CAMELS-BR,0.2679948782480782,0.41439532207070584,12.582863982823252,5.60108478716862,-18.341236763213587,-0.001048352390723489,0.6094838541271198,40.90298871907519,56.66204189872117,0.6622866,0.5211853,162
63950150,chronos,few_shot,0.1,CAMELS-BR,0.6259309310956411,0.7215275409399107,2.8749638624893556,1.3779173103379614,-5.523021182381361,2.6689077544640727e-05,0.8070126710765404,9.437291142162572,15.82439388325136,0.41843456,0.3928029,162
63950300,chronos,few_shot,0.1,CAMELS-BR,0.7719833693263358,0.8684458754722042,4.230351662565943,1.9876283814635458,0.3649464829797104,-0.00030090840102895734,0.9163314422533643,14.129253411609605,8.630119152420287,0.21015215,0.22290802,158
63970000,chronos,few_shot,0.1,CAMELS-BR,0.8727588729764357,0.9362520283274094,32.6532040126485,23.376130695584454,-0.4143060652764004,-0.0008699254555554776,0.9952975144502443,32.22818234371584,42.38888754880099,0.18885241,0.1916557,158
63995080,chronos,few_shot,0.1,CAMELS-BR,0.7117351132267534,0.8521778186238541,694.8964957463216,533.1278965326003,0.27471785472454435,1.9246420714129006e-06,0.9806085748287998,377.9530318968506,33.144548780069115,0.09697161,0.0982214,162
64082000,chronos,few_shot,0.1,CAMELS-BR,0.9477604233468592,0.9696247840579967,9.275233744293724,6.260958165298273,-0.7632223597669422,-0.0019157367291011019,0.9846475295441381,9.878267322570903,4.294289092247287,0.30394328,0.337275,162
64113000,chronos,few_shot,0.1,CAMELS-BR,0.9005519481322114,0.9242938516112454,2.0932655308099464,1.2012082706263036,-3.778711305092308,-0.0007187209217058704,0.9417365590106209,3.1707516014252564,3.0829711872118324,0.30080548,0.2768795,162
64219200,chronos,few_shot,0.1,CAMELS-BR,0.3974480132552729,0.7045983307831956,97.72496698474939,67.77585591634114,-1.5113564740520427,-0.00046682661150953403,0.9735496528523657,52.36682579375063,49.839111328125,0.21015115,0.26238993,75
64242000,chronos,few_shot,0.1,CAMELS-BR,0.5074921278497765,0.5212468390220304,15.779363653276494,6.336570109850094,-8.989797154504185,-0.0016878859618693568,0.601179651809621,61.84323622268831,95.6734293469738,0.48758647,0.355986,162
64247000,chronos,few_shot,0.1,CAMELS-BR,-1.5485915681102798,-0.1662084869378515,38.954955606626775,9.45604276357207,4.7817362302002016,0.000978699882282207,-0.1455532466217535,170.71787903246815,239.4020578429891,0.40332067,0.5199537,159
64273000,chronos,few_shot,0.1,CAMELS-BR,0.8394586264590851,0.8932034592147089,62.3843509563933,39.926051669650604,-3.2409721682902433,0.0011230530714826485,0.9302438260669839,174.52977803041955,56.309890855797185,0.21011943,0.23612696,162
64290000,chronos,few_shot,0.1,CAMELS-BR,0.7001277189661379,0.7706107993690944,1.252606839385451,0.6124504355974095,-9.137001798559664,-0.003865618617100889,0.8196519568334398,3.8938698596976846,5.967611312866211,0.3881456,0.2810456,93
64336000,chronos,few_shot,0.1,CAMELS-BR,-0.8743579003280308,0.22189656281095915,2.772528537950161,0.8948574371413508,19.862542793399125,-0.004442570552302065,0.3952461015260915,5.903996684561554,5.724569320678711,1.306476,1.6588295,67
64365000,chronos,few_shot,0.1,CAMELS-BR,0.9134766183668918,0.9437059367264368,0.018422660611946345,0.0066011191332993446,-2.056739749943615,,0.9608969649870673,0.0409556502153925,0.07500258088111877,0.26190478,0.28025937,73
64430200,chronos,few_shot,0.1,CAMELS-BR,0.07896257444903054,0.5273273471565518,7.516783776055811,2.746470532061891,-0.08512306707028365,-0.008621645931230864,0.6028938436743294,28.236719796386478,17.02846812375581,0.6386769,0.7218644,161
64442300,chronos,few_shot,0.1,CAMELS-BR,0.6896374625318877,0.5959523980510064,1.3028632809954381,0.6645232836405436,9.276645255479375,,,3.1649045944213867,3.1649045944213867,0.30792597,0.46200678,6
64477600,chronos,few_shot,0.1,CAMELS-BR,0.9747274511219236,0.978775061993203,6.287542340381508,3.874308927559558,-1.090150728701074,0.00012731520847265865,0.9820709135267084,14.597812882571343,27.847333193200523,0.46879613,0.49172866,162
64480000,chronos,few_shot,0.1,CAMELS-BR,0.9744191625974538,0.9724519830978664,3.137272547165126,1.9778105403170174,-2.420271554267439,0.000533948720356326,0.9749672122470486,7.7632554772502855,9.699694847748408,0.41068485,0.4359972,162
64482000,chronos,few_shot,0.1,CAMELS-BR,0.9539381357203138,0.9660719687114147,47.4966304117078,23.661619766898777,-0.923467708605765,0.0013666330191430785,0.9730718277863055,169.85207169967458,275.54562013527,0.36397147,0.39535043,115
64494000,chronos,few_shot,0.1,CAMELS-BR,0.5267375716617059,0.5557408847713512,3.433602483637412,1.0808172225952148,-7.582807213654498,-0.0004491580990165604,0.6353709975427198,14.211430819188353,22.56701595838987,0.36549988,0.24521448,146
64494950,chronos,few_shot,0.1,CAMELS-BR,0.7863298493050425,0.7303424912313163,10.700730951819255,3.1328873531318004,-17.279951758852295,0.0001538948726109591,0.7499008838814261,43.56350788036649,70.85026900577515,0.6296768,0.45964313,162
64502000,chronos,few_shot,0.1,CAMELS-BR,0.8845295621942814,0.9365828965430362,2.1153464876988184,1.073418224180067,2.012350669177291,0.0005431548611464724,0.9727938347523016,5.539550588099933,10.899808883666992,0.24807915,0.28680423,74
64504587,chronos,few_shot,0.1,CAMELS-BR,0.4840618981944058,0.6000717598126484,0.06232379295951446,0.04317857918082452,-9.682780371945174,-0.0009351823699602132,0.6907781624305592,0.18068675349155694,0.26431694626808167,0.2800971,0.24090526,49
64508020,chronos,few_shot,0.1,CAMELS-BR,0.6378845024459455,0.7330407182432246,17.20968884980395,5.827389999672219,-9.962808130973157,-0.000630020878635635,0.8180775741928057,67.26002087707451,107.02971895064165,0.5386478,0.50010663,162
64508500,chronos,few_shot,0.1,CAMELS-BR,0.5504512060315665,0.5422534717723768,7.938670245359595,3.047882353951191,-14.25114001710635,0.0014560441977577807,0.5951249584891642,31.923160989515228,48.06390639317119,0.44952118,0.3212103,116
64535080,chronos,few_shot,0.1,CAMELS-BR,0.6970245388888192,0.820411654641675,171.74671123028708,102.7802823463582,-3.7880699568717375,-0.0021781866794229835,0.9139780744375681,196.83277574304984,177.07730698579596,0.18272877,0.17484188,161
64545000,chronos,few_shot,0.1,CAMELS-BR,0.8901290622720568,0.7794891101209201,4.08661015202666,3.9723358154296875,0.6381239209856305,,,2.8839569091796875,2.8839569091796875,0.04464286,0.054264385,3
64550000,chronos,few_shot,0.1,CAMELS-BR,0.7557028405053162,0.7874022238754316,20.31622655802303,8.68236731244372,-5.331463054245197,0.00015302254336211664,0.8219470046011741,78.53411212729306,77.38877166636685,0.20597504,0.1797355,154
64562000,chronos,few_shot,0.1,CAMELS-BR,0.8577963132600153,0.916934501100682,1.4959487484489686,0.9710040396186197,-1.298578351604958,0.0009175351262574972,0.9588499501261516,2.1498777944172973,2.6699554911720442,0.23561029,0.23596391,157
64575000,chronos,few_shot,0.1,CAMELS-BR,0.8205785613262668,0.8943471246134204,609.445581570151,466.14903767903644,0.06969211521956288,0.00015215736528716856,0.9330935093105829,529.9691639829292,365.921875,0.091548,0.107718855,96
64630500,chronos,few_shot,0.1,CAMELS-BR,0.6089698903173769,0.7318107256799014,256.81358383115065,91.74499025653786,-12.897241029650333,0.0016738880264799208,0.8310646779091158,1004.4916343463885,1259.0589477480578,0.7851459,0.7843023,157
64637000,chronos,few_shot,0.1,CAMELS-BR,0.6559515695814104,0.6678349410391237,2.4457846515791424,0.8926891797705542,-8.048523170173869,0.00029541829966542657,0.7151321172010371,9.990241733817475,18.444829709504724,0.4005243,0.28685388,158
64652000,chronos,few_shot,0.1,CAMELS-BR,0.4860622529459828,0.6571784691974111,86.8608408853657,23.89462322118331,0.31877639703594063,-0.008016622091339035,0.6965783100837163,346.6057954465826,285.0998920045321,0.9107777,1.0864576,147
64659000,chronos,few_shot,0.1,CAMELS-BR,0.7223651262379982,0.8588161585910016,98.80648531716577,26.808087295101537,0.8976115806884086,0.0001579902583257603,0.9298452539526239,373.8553933496505,207.66144918474944,1.0577925,1.0745887,155
64660500,chronos,few_shot,0.1,CAMELS-BR,-0.05387130345088398,0.23893774821435287,459.38766311461535,117.59067060917984,21.062850802642476,-0.003238580835377161,0.2533048194409582,1455.1507829165166,1443.5098407511275,0.7163467,0.98316693,162
64670005,chronos,few_shot,0.1,CAMELS-BR,0.5531895332473715,0.5214140937867306,0.895345596365671,0.31858397368341684,-7.8991233932288845,-0.0018137110595189115,0.5737121921200155,3.8008169588397624,5.665728796349695,0.36758372,0.26176214,160
64671000,chronos,few_shot,0.1,CAMELS-BR,0.8884326146396286,0.8933661803206908,5.6605008020448455,2.3688531333594014,1.5095519984070167,-0.00019029650571447676,0.9032953937612768,20.524872662887798,32.15651179098037,0.3022538,0.3408666,139
64691050,chronos,few_shot,0.1,CAMELS-BR,0.6245173095314585,0.7903761759826724,0.998960763353751,0.5898915088082862,-0.5872308358416771,-0.0009627687059260799,0.9322069346961174,2.9803983989997125,2.7635756506653673,0.16535236,0.19592026,127
64691150,chronos,few_shot,0.1,CAMELS-BR,0.8916982182611253,0.9410978281359557,1.8973804854453107,0.9863282139621564,-2.0892217556333565,0.0008253141186671184,0.9753229282128874,3.651896350181242,3.944161678959784,0.16563208,0.15277936,134
64700000,chronos,few_shot,0.1,CAMELS-BR,0.8477473497465019,0.9114516064284625,5.263956401531279,2.449356989817576,-2.2644414302058453,0.00017905417555335278,0.9527515856194857,18.712762415433744,12.971508927102132,0.20927444,0.19339722,111
64720000,chronos,few_shot,0.1,CAMELS-BR,0.7566393255909308,0.7953901756469771,2.7565539476535927,1.2694571595754682,-1.8929121924327748,0.00036667488016007416,0.8353338758316318,10.03436574347373,16.235077860952398,0.22693038,0.20999789,161
64764000,chronos,few_shot,0.1,CAMELS-BR,0.5100917376241156,0.6718684188276899,42.08315785246075,10.96923710681774,2.8858458865625183,-0.0038044827161047637,0.7108732353013847,176.41871528474888,88.78211271826487,0.81663066,0.9867584,162
64771500,chronos,few_shot,0.1,CAMELS-BR,0.8248729881198483,0.8764223678926514,63.91418126816795,18.94800000131866,-4.180168925921023,-0.004665777898140697,0.9018020263468384,253.71505131777454,407.67559531687397,0.8285335,0.8805413,162
64773000,chronos,few_shot,0.1,CAMELS-BR,-1.2028144273433017,-0.06995024272331052,54.27800331246885,15.774856146608974,19.80003097998657,-0.005567390619901864,-0.04075974820950745,147.60062627552702,220.58256049664763,1.0450399,1.3813909,162
64785000,chronos,few_shot,0.1,CAMELS-BR,-0.7553501688128457,0.2055226602010356,17.94891385823741,3.508327864266776,3.760084055892261,0.0010156362715214324,0.2721391714654269,74.6715333545783,44.2783876716314,0.25181705,0.36537576,143
64790000,chronos,few_shot,0.1,CAMELS-BR,0.797710654137724,0.8117026720816546,6.570430457970938,2.1680006568814503,-6.844331204511244,0.00023403923466479987,0.8424264205403521,23.324585752115297,46.241657428208356,0.32780883,0.2964784,162
64800000,chronos,few_shot,0.1,CAMELS-BR,0.5196273003744631,0.7666228406691583,208.70912575573774,54.95876333448622,0.7752072464177965,-0.0012389063150130587,0.9226857103231624,862.8672999552476,1344.0716212892094,0.54578686,0.6299449,162
64833000,chronos,few_shot,0.1,CAMELS-BR,0.95515128584544,0.9720620165719848,3.043657326878899,1.6461228264702692,-0.3572368987634484,-0.00010602204554857868,0.9807681103035624,7.687081889096138,8.933120727539062,0.24217722,0.24168067,99
64854000,chronos,few_shot,0.1,CAMELS-BR,0.7781714937918278,0.7730884436229992,17.880306989645007,9.302969190052577,-11.221904944551978,-8.993142989661279e-05,0.7983351017696991,54.896939264813064,42.243560791015625,0.4884161,0.45658657,70
64863040,chronos,few_shot,0.1,CAMELS-BR,0.9568104039298079,0.9694602503750116,0.07947561094216034,0.04319110419601202,-1.3693336221161028,-0.0003448430604351387,0.9765582258592874,0.14085621786071856,0.19918560981750488,0.16957605,0.12990277,32
64890000,chronos,few_shot,0.1,CAMELS-BR,0.01462953291542135,0.3550835645868905,227.49657297901143,49.3452608909136,3.7867547103032093,-0.0019346912111068842,0.6321027309910028,894.3541980651374,1572.1886011405277,1.1610327,1.2548263,162
64898000,chronos,few_shot,0.1,CAMELS-BR,0.41973121655601164,0.5997194456441519,13.050978288521568,5.638776595775898,-8.466448358238585,0.0015073038567696307,0.7681723778521126,46.49863558787733,55.748741149902344,0.4433302,0.34616953,78
65001980,chronos,few_shot,0.1,CAMELS-BR,-0.9460882244400186,0.010726249205024407,0.04185067109643452,0.02976159006357193,-12.939821951205369,,,0.05918481945991516,0.05918481945991516,0.13043477,0.0028803882,2
65005000,chronos,few_shot,0.1,CAMELS-BR,0.8029296099217585,0.8996179506883366,3.67102444982773,1.693403895944357,2.20495491142725,0.0005253600841872222,0.973114699019918,4.723682349922395,0.0060672760009765625,0.74549526,0.6789709,88
65006040,chronos,few_shot,0.1,CAMELS-BR,0.6099942226498911,0.7558217503433475,0.258268773659063,0.17269050764112637,-12.107902180199423,0.0014763748942737617,0.8543035502071705,0.659512559225473,0.9826934737669855,0.57066596,0.5967326,145
65007046,chronos,few_shot,0.1,CAMELS-BR,-0.08853685979752468,0.41616978822860484,96.44210204951808,32.10135497217593,-31.967065556437653,-0.00915738086832383,0.6373900106796659,281.8926784072791,353.85282652690796,1.2360559,1.2001396,161
65011400,chronos,few_shot,0.1,CAMELS-BR,-0.014550985898800661,-0.19922270810869702,2.9968466788522887,0.9230845129048383,-31.235075846820195,-0.0018679531502041411,0.05131969898336031,12.508006479727818,19.502065844866873,0.72963893,0.23566136,162
65015400,chronos,few_shot,0.1,CAMELS-BR,0.8280189488175609,0.7940522524963161,3.5240504540013977,1.4213061836766607,-9.942883571614056,-0.0021197847768989267,0.810319203872889,13.298686412640103,24.843358096516244,0.77242064,0.7148691,162
65017006,chronos,few_shot,0.1,CAMELS-BR,0.2208061680200497,0.5922540427707348,286.6414658188723,118.22405142154334,-19.348778857694327,-0.012191767285789738,0.717374854632374,922.6862211560593,1104.9449778842206,1.06435,1.2207752,159
65020500,chronos,few_shot,0.1,CAMELS-BR,0.4339951225313061,0.6100196790805035,1.1376467552812604,0.6229468566813955,-14.687919004204137,-0.006488431741058931,0.7633859716043023,3.349528923604549,2.115659565729871,0.548174,0.44936612,162
65020995,chronos,few_shot,0.1,CAMELS-BR,-0.3402434450887801,0.2702098820485137,0.23101888617324912,0.06478100688553151,2.1753198388646617,-0.0012392094178952963,0.2930266281330485,0.8519799082949233,1.8271167818908653,0.3377161,0.42919454,162
65021250,chronos,few_shot,0.1,CAMELS-BR,0.764034677487669,0.8700949818463314,0.31253657303465227,0.14850117082213177,-4.365305301288628,-0.0027793085976621015,0.9463984485976603,0.9338218107535812,1.5448698087163042,0.37810794,0.40489808,162
65021750,chronos,few_shot,0.1,CAMELS-BR,0.4841597973347668,0.6748258207214892,0.2539471221163794,0.1300742766671927,-10.90411184654192,,0.8362761191265817,0.7578430049066526,1.2374223644416222,0.74904454,0.75525004,107
65021770,chronos,few_shot,0.1,CAMELS-BR,0.3153730879422404,0.6119780700389965,0.46364316295837404,0.14616491337433274,-10.989182684889204,0.001983180211344469,0.6555426634336428,1.7518518492673725,3.452067352465209,0.5118648,0.4385427,162
65024100,chronos,few_shot,0.1,CAMELS-BR,0.5471092682158605,0.6718044048797372,0.2328682325211532,0.13398178451909468,-12.326603654499202,-0.0021687775257677767,0.7704200094958513,0.5467362338489316,0.6876499876621985,0.5146952,0.45646873,156
65028000,chronos,few_shot,0.1,CAMELS-BR,0.953996152322495,0.9575281689284517,6.880382690313183,4.061883624595932,-0.7302364813263661,0.0006737718361930385,0.9643078042328069,17.387432307138855,34.25487657784416,0.49312866,0.53082454,158
65100001,chronos,few_shot,0.1,CAMELS-BR,0.9570381351844679,0.9750582379454585,9.784348005300291,5.0383611078615544,0.7343097576646113,0.0016091093901996097,0.9873215342192951,25.229564034601697,15.909795022874002,0.43259764,0.43744504,162
65130000,chronos,few_shot,0.1,CAMELS-BR,0.8420416869829866,0.8145031207622593,35.79142045429941,10.915060774892824,-0.6749843270156486,-0.0038558078641042354,0.8217231130794693,144.94104883381138,197.56761376604283,0.77972275,0.857757,117
65135000,chronos,few_shot,0.1,CAMELS-BR,0.9121086001797327,0.8807914081223439,2.691461696383979,1.3006002415310254,-6.098029128671894,-0.0006894582353257177,0.8878115116563962,8.129510576659237,5.489181123808255,0.4894553,0.47324944,154
65136500,chronos,few_shot,0.1,CAMELS-BR,0.9901108566100377,0.990882454373736,7.840588318326903,4.952472137499459,-0.731475018902585,-0.0010362515443990694,0.9923005239227994,8.860580938295097,13.37418253994788,0.4117401,0.43162137,158
65136550,chronos,few_shot,0.1,CAMELS-BR,0.8140607239638566,0.8487593038446095,3.7599865461537028,1.536690815171199,-5.58036028945759,-0.0004566448452199192,0.8815550023476424,13.203563820185027,2.389187619605269,0.4181652,0.37805715,134
65155001,chronos,few_shot,0.1,CAMELS-BR,0.9360716534973259,0.9356298596676329,4.185470146353956,2.6381799208151326,4.7692766751715885,-0.003163742320481777,0.9428767185846807,2.314234433376338,3.25494384765625,0.2889097,0.2996152,37
65187950,chronos,few_shot,0.1,CAMELS-BR,0.9054590100191401,0.930576963421953,2.589425322678558,1.177829791300045,-2.614734907999296,0.003643489540849504,0.9494842586846205,7.308512923179385,9.280672170444413,0.49517143,0.49979594,161
65220001,chronos,few_shot,0.1,CAMELS-BR,0.9887431198521388,0.9939642863430804,24.07197353314015,13.724678039550781,0.18032381712648457,-0.0007315230442215444,0.9977270657669057,23.228621329298317,8.278437278022949,0.37257385,0.37783054,162
65259000,chronos,few_shot,0.1,CAMELS-BR,0.3624790596390688,0.3750696068785644,15.554935447873053,5.539939812671991,-28.618857319251273,0.0008095856892482781,0.49123577324636525,60.69369652840972,92.42061843774358,0.811607,0.57804626,162
65808500,chronos,few_shot,0.1,CAMELS-BR,0.5396853618639084,0.707916814026053,6.575323683803684,2.4389968901485592,-13.964838097115342,-0.004776424529605017,0.7458978922712861,25.96325861322794,40.582649035695866,0.72252387,0.71634513,154
65825497,chronos,few_shot,0.1,CAMELS-BR,0.878621404648213,0.9268181574935976,45.98167024030043,20.57123851776123,-4.192480823152904,0.004479079125022581,0.9549368616669133,168.09193317814842,50.508189465343335,0.47343737,0.49030843,162
65835000,chronos,few_shot,0.1,CAMELS-BR,0.6777617781474352,0.7282853771104024,291.9688996947828,79.60513211474006,2.1032711809441804,-0.0011383518997995674,0.7449689962822635,1170.649482295652,2441.623925259207,0.39982474,0.4492191,162
65889000,chronos,few_shot,0.1,CAMELS-BR,-0.05786087493022718,0.3291460144934403,4.76433743785292,1.4578325412212274,10.231845497744045,-0.003651068357993066,0.355013010866567,8.359256556607145,8.327184677124023,0.546386,0.781677,78
65894991,chronos,few_shot,0.1,CAMELS-BR,0.5327071945918631,0.7492223095256477,235.48866113901346,163.75219156016473,0.8174841258545656,0.0012354159392991074,0.9439250420283202,280.8133314733443,326.0797603600466,0.21658103,0.18211642,115
65925765,chronos,few_shot,0.1,CAMELS-BR,0.3459719471994058,0.5420430769941911,0.5244197663841943,0.2475173096313621,-7.747842509279323,0.008781384021984041,0.7552860347056389,1.6645768192185857,1.6645768192185857,0.7040498,0.7840913,33
65925775,chronos,few_shot,0.1,CAMELS-BR,0.27564386451436673,0.6519767748454547,0.17866024857520238,0.11959073290927336,3.034034020516371,0.00016690979816691431,0.8018265571575014,0.20248800546532358,0.30090057849884033,0.730051,0.85346377,64
65926000,chronos,few_shot,0.1,CAMELS-BR,0.9857333784710498,0.898716667284411,20.418791991616995,12.092048110961914,5.404652306892747,-0.0008172176089623132,0.898725910393862,34.66874246472669,33.05413818359375,0.53062767,0.50968206,25
65960001,chronos,few_shot,0.1,CAMELS-BR,0.870671216744165,0.8490109463137641,54.72046391218225,23.084905665597798,-2.0386750063897003,-0.003612973497561473,0.855034873373296,197.65840718634948,370.40410997044677,0.5189798,0.58942556,162
65962000,chronos,few_shot,0.1,CAMELS-BR,0.8453336834076504,0.645616503086242,93.56448080224202,35.04371468680245,-10.892429007134758,0.00045470839835780145,0.6458968271408743,377.0084373545962,521.4999389648438,0.6460941,0.54101545,35
65980500,chronos,few_shot,0.1,CAMELS-BR,-0.29143428033924224,0.42184912491735826,202.2588997067744,51.63462747294327,-10.598759533012338,-0.005239356000688412,0.8051673625045102,555.801037568842,969.1564017093606,1.3876388,1.3843542,145
65981500,chronos,few_shot,0.1,CAMELS-BR,-0.7616981460425973,0.10502632490573272,276.8533469118744,67.82082828935587,11.912269772654335,-0.006967413222772487,0.8032859677814842,1041.6245506987366,1496.6686363220215,1.4385105,1.5816305,53
65984000,chronos,few_shot,0.1,CAMELS-BR,0.5887725350053594,0.7821111941297165,242.73815931132896,154.4476827301594,6.189918929109869,-3.860076315581086e-05,0.8638835352656432,672.5763733436062,1071.9831360455187,0.30528626,0.38668144,161
65993000,chronos,few_shot,0.1,CAMELS-BR,0.6410650982101838,0.8059255181675701,329.40618832494283,238.53879123263889,0.7510320305968745,-0.0018469291291038376,0.9471565189788504,613.4365578376895,358.0699521278657,0.24582526,0.21598805,162
65996000,chronos,few_shot,0.1,CAMELS-BR,0.3682962773327444,0.5569624845458085,2.40798730831046,0.7847071004410585,-14.346875444854497,0.0039057540204504426,0.7379084030667908,9.888203582672226,16.2457093000412,0.39986235,0.3180954,96
66005000,chronos,few_shot,0.1,CAMELS-BR,0.7021777910178714,0.5997886488530589,10.050873393394916,4.316451169826366,-15.346012405557417,-0.0034512858493636386,0.615630673297163,33.96980183663209,41.591568108126246,0.36905015,0.23836704,162
66071382,chronos,few_shot,0.1,CAMELS-BR,0.9480821111064272,0.9726357749592252,12.577371504390813,7.535747440716692,-0.22793882576293276,-0.0006009339022194781,0.9827493466922014,42.09327039831146,54.953569038963415,0.19217378,0.2285649,131
66071392,chronos,few_shot,0.1,CAMELS-BR,0.4751538112538959,0.6859494657153339,13.034602971908885,8.182090138280115,-0.6213687625457018,-0.0005343976275169675,0.8785555501861865,35.05591540368614,58.19491217889063,0.11076945,0.1134693,129
66110000,chronos,few_shot,0.1,CAMELS-BR,0.9784526317797142,0.9842448878270602,4.395923367799732,1.6284391286518471,-1.0657408824256211,0.002369800823193116,0.9884589610868694,9.793430405071122,2.291473344891788,0.44342384,0.4527157,162
66126000,chronos,few_shot,0.1,CAMELS-BR,0.9727227097236327,0.9847798293132973,3.829836787046154,2.905373043484158,-0.07523529456506471,-0.00029244071945464054,0.9931923291466261,3.823446259126878,1.9724383038845117,0.044046137,0.049816404,126
66140000,chronos,few_shot,0.1,CAMELS-BR,0.9048331838188932,0.9353198107884861,22.782041776716095,7.745285978504255,0.21466125249079457,-0.0009855937627804498,0.9513002317221458,78.39771161917061,123.13832184978787,0.4572657,0.47414815,153
66163000,chronos,few_shot,0.1,CAMELS-BR,0.8606135986909231,0.8322313730356207,35.41353830448115,19.6859679074935,-7.6109467575871355,-0.0016481774142783692,0.8460406143614192,108.09025796671808,152.76071245526288,0.46365386,0.40092987,162
66173000,chronos,few_shot,0.1,CAMELS-BR,0.6925052296759365,0.7814460353971714,16.867839249300484,7.384294156674986,-3.760317730250983,-0.0006673981945038623,0.8538464973038322,64.18525814286,111.69897928096871,0.15134357,0.12876473,162
66201000,chronos,few_shot,0.1,CAMELS-BR,0.7512283113393992,0.8357264031478738,20.72001440503413,11.133661623354312,-2.962737369971527,-0.0016673797313769122,0.8983373043870718,56.97148553314074,73.15864774520712,0.1954403,0.19293666,162
66210000,chronos,few_shot,0.1,CAMELS-BR,0.8920753073618332,0.8613691085676857,48.46527505215233,26.378437324806495,-4.199295819434042,0.0003583855488836288,0.8708669797631525,129.46042675756385,195.37235538366474,0.32150906,0.2903175,162
66231000,chronos,few_shot,0.1,CAMELS-BR,0.6067256859618615,0.805007929049194,6.433897456483241,1.9346026667842158,-0.23384097590302755,0.00010678991438514782,0.9242456868910216,12.730407382067535,4.016140324000067,0.020016711,0.030591078,162
66240000,chronos,few_shot,0.1,CAMELS-BR,0.809121743315979,0.739519725955547,64.61660985095779,27.143353992038303,-7.760475914654136,-0.0007483569652851213,0.7509864576771289,230.45607095493168,421.64599358507525,0.33402616,0.29662064,144
66250001,chronos,few_shot,0.1,CAMELS-BR,0.9016846383260982,0.9317340288688469,61.74139297245649,29.841686955204718,-2.841500344218196,-0.001257742498153011,0.9527396436658114,184.47031126458418,73.14646038658945,0.25723594,0.27475357,162
66390000,chronos,few_shot,0.1,CAMELS-BR,0.8510654246695086,0.9135364441105539,1.8053378571027707,1.1886530275698062,-0.8323040337487281,-0.00017311834407760743,0.9591837992980685,3.9214971667463643,4.510399946617648,0.13847284,0.12749927,162
66400390,chronos,few_shot,0.1,CAMELS-BR,0.7863500985269933,0.82339898539576,19.29716549611523,7.946155782403617,-3.3922244559859394,0.00026512079937444314,0.859995776431222,72.71879152693707,120.65675642941027,0.1784694,0.17100663,116
66440000,chronos,few_shot,0.1,CAMELS-BR,0.712312759926426,0.7287787143751558,14.360649223323659,4.19947804050681,-9.960281722618623,0.0005326707236589651,0.7739055482376483,56.110947290710335,96.20432225168878,0.4998434,0.3983333,162
66475000,chronos,few_shot,0.1,CAMELS-BR,0.8323261040268648,0.8475695600309107,1.6716430622500953,0.7797871324586572,-7.5425800432628165,-0.0013018000460975968,0.8706790691843925,4.513896773907971,1.6470305014469488,0.3093901,0.24446309,161
66493900,chronos,few_shot,0.1,CAMELS-BR,0.8642886054276779,0.9187905459091941,2.8097192275181286,1.4765682220458984,0.07621974035749546,0.00022649965941340562,0.9579498907432801,4.731606489122513,7.245562641866742,0.24180572,0.23380081,162
66525100,chronos,few_shot,0.1,CAMELS-BR,0.8611788312020195,0.8944580904387617,6.656133332138904,3.7533857172185723,-0.40423840247380594,0.0010728597420705949,0.9199208024547377,14.240039753298841,6.003105163574219,0.16060501,0.16710639,33
66710000,chronos,few_shot,0.1,CAMELS-BR,0.999206873390935,0.9968384929752832,5.904823194068374,4.341486677338805,0.07859483640411463,-0.00018172597732819297,0.9968598585933879,5.295638197072929,2.129328458373673,0.047935218,0.05014601,158
66830000,chronos,few_shot,0.1,CAMELS-BR,0.7681355648912751,0.827227867428946,0.3256793762177445,0.17814911975536818,-5.672865271888865,-0.0011932799475798395,0.8737415608629739,0.8762171476388076,0.9978080507239494,0.23902981,0.24892654,162
66855000,chronos,few_shot,0.1,CAMELS-BR,0.8867944217959263,0.9424549156754741,8.304848982185835,5.105543683665667,-1.2296844139156342,-0.0003007599268960385,0.9857532701274767,14.412486697054128,3.7137506147994155,0.22066419,0.24000566,129
66865000,chronos,few_shot,0.1,CAMELS-BR,-1.1044807732919213,0.011715775500134251,7.186235130746811,1.5471890548731657,5.727049871438595,-7.904308325988336e-05,0.05985312754502814,30.552246925847633,3.742035586135334,0.28145754,0.37990263,149
66910000,chronos,few_shot,0.1,CAMELS-BR,0.9495782956242881,0.9710053810893037,4.373322511677252,2.4014404841831754,-0.38644811659367195,-3.7710560875812635e-05,0.983648908564683,9.225527253292297,2.3956832885742188,0.30101442,0.32075793,56
66926000,chronos,few_shot,0.1,CAMELS-BR,0.6643456046950857,0.8251788829468636,17.03266355122781,7.255141761567858,-4.041359004951198,0.00044868506852663824,0.9493531564001543,63.4454727330266,59.77836234549342,0.2966956,0.2865069,144
66950000,chronos,few_shot,0.1,CAMELS-BR,0.9767495141992502,0.9876742294200245,5.328804340504287,3.300763599908174,0.425984443956467,-0.0017595737678815348,0.9956821217683909,0.8763964395967667,1.5491444177109566,0.16829152,0.1728806,134
67006000,chronos,few_shot,0.1,CAMELS-BR,0.9991544925592879,0.9980618792333976,13.175021569958886,9.605154598460478,0.05957868325166402,-0.00012980738141384583,0.9980791415651054,4.020865692080936,1.0341796875,0.034503307,0.036164016,68
67050000,chronos,few_shot,0.1,CAMELS-BR,0.9995737739984512,0.9978574136715876,21.034030437438737,16.64192289464614,-0.025910244389457,0.00016001802796115558,0.9978632551396877,28.415170018131995,0.44580078125,0.038159005,0.039750744,68
70200000,chronos,few_shot,0.1,CAMELS-BR,-0.23679776284027998,0.42575488695801644,171.2837976183821,57.78428551591473,-15.932918103495535,-0.0036833659555062168,0.7783512807115954,693.0754981954877,727.6528522334465,0.9491373,0.9402443,162
71380000,chronos,few_shot,0.1,CAMELS-BR,0.9803504353696744,0.9755128880207158,16.91581687991489,11.391914208730062,0.8691574623023592,0.003925743430378409,0.977357886993737,23.00044312385791,11.938843211217131,0.5087581,0.5177436,162
71550000,chronos,few_shot,0.1,CAMELS-BR,0.9427488952358286,0.9433068072933823,87.21399386943176,44.55228263949171,-3.5630928244469398,-0.0010575721752820316,0.9489642438432956,282.15591954661085,450.58132014937655,0.5251723,0.5444537,162
71630000,chronos,few_shot,0.1,CAMELS-BR,0.8696709010627639,0.8245689167042143,13.88285308186244,4.909570599411741,-9.293154113024453,0.0018518789912812562,0.8365215900888125,53.47149770001882,67.99643190811946,0.91561997,0.80946153,162
71800000,chronos,few_shot,0.1,CAMELS-BR,0.8470944772148838,0.7689496208636774,244.51384133588712,81.23208711147308,-9.276391640746285,-0.0002092332485937841,0.7781022208202877,979.051250442924,1628.30306839092,0.6307194,0.5480963,160
72700000,chronos,few_shot,0.1,CAMELS-BR,0.16659549976504417,0.31272238226142846,560.1253601120403,151.542495633349,7.3546484216470756,-0.0006448685290816672,0.31679091425880745,2151.0910273842733,4738.435605189198,0.32354453,0.43862128,162
72849000,chronos,few_shot,0.1,CAMELS-BR,0.16565896246796152,0.5424469118637227,230.67975939015233,61.931677994904696,-14.61258932269765,0.0008561811588980936,0.8473267372614406,740.3534058598683,928.8418973944788,1.0322262,1.0199733,162
72850000,chronos,few_shot,0.1,CAMELS-BR,0.6411693583373903,0.596414377267086,106.54525773408508,33.98074389465393,-20.07892983968473,-0.002624849074471431,0.6365027691505014,403.0920003711499,607.0433527027251,0.8561805,0.73717374,124
72880000,chronos,few_shot,0.1,CAMELS-BR,-0.6311665844386447,0.33884817422260616,359.66702872157344,85.66654826240774,5.295894075013473,-0.005118816724116335,0.604087831771811,1010.2317342061014,2022.2479399029173,0.8923405,0.93014115,162
73150000,chronos,few_shot,0.1,CAMELS-BR,0.6401435371204671,0.7733158303926477,7.7092746988004235,3.387247982479277,-11.21677038758703,-0.0006229671087566169,0.8483721435523979,4.9549540613220815,7.007133483886719,0.5181799,0.5550498,21
73204000,chronos,few_shot,0.1,CAMELS-BR,0.334144247177679,0.6266463396549158,30.238543445425645,8.951351975608203,12.018772325764418,-0.0021007643518277525,0.7089468476127441,62.93196707265492,58.66422727378876,1.1354511,1.0846843,144
73330000,chronos,few_shot,0.1,CAMELS-BR,0.58821576928875,0.42753765015695433,33.667392043855884,11.560911145291211,-26.784123749269853,-0.008447883676733207,0.44587385698178716,136.0783473767268,259.0463460026086,1.0097271,0.87975806,162
73389000,chronos,few_shot,0.1,CAMELS-BR,0.8996636450403747,0.9289993320727349,2.8537748569422745,1.5904977454079523,-3.3752916229991863,-0.00110706243449369,0.949639031954659,5.8784471912671705,5.425866070129193,0.4527273,0.4447183,126
73390000,chronos,few_shot,0.1,CAMELS-BR,0.9614930047519433,0.9640985362317306,8.977867791828249,3.9516846162301524,0.8505158023954843,-0.0030255036373014674,0.968915854084441,33.02723838475958,58.54994424140889,0.45099145,0.45137072,162
73420080,chronos,few_shot,0.1,CAMELS-BR,-0.12433156748849039,0.2985929944402166,57.68117735868906,22.309952997499042,5.034158810962394,-0.005692092797776558,0.32323782485474806,228.36945554359104,446.0184684055514,0.42289042,0.4658393,162
73600600,chronos,few_shot,0.1,CAMELS-BR,0.815373750065423,0.8756807904162867,41.201613009823646,22.516972348277953,-8.747757982867988,0.0027643975613769814,0.9103067804785665,146.05380592636925,262.22965678404375,0.54598445,0.5988931,162
73820000,chronos,few_shot,0.1,CAMELS-BR,0.20320225922178914,0.5724571799718463,17.01155380252103,4.485644572471947,16.854358334463445,0.0023792339287606948,0.6776635393150638,33.04425676670169,26.58502392471859,1.4611112,1.5187787,162
73850000,chronos,few_shot,0.1,CAMELS-BR,0.4640471157434677,0.6299026112000052,400.4894837028939,97.8475610061928,-15.657016514111225,-0.004735217131589094,0.7806858673845248,1687.5590909602581,2075.162805962949,0.87931293,0.91719353,162
74270000,chronos,few_shot,0.1,CAMELS-BR,0.6079188943027866,0.7835987828586133,270.7829753632336,84.81001430676307,-9.056378047669998,-0.003615104884767635,0.8756858682144395,1018.1208351975206,1103.6473310517279,0.9299721,0.98937976,162
74300000,chronos,few_shot,0.1,CAMELS-BR,-0.07579013604504237,0.48709618025252477,85.03290524429418,22.95266543439141,11.339400697864878,-0.002182592223929694,0.8551366262936251,271.1608134558712,425.8108395500659,1.6318563,1.8392625,162
74345000,chronos,few_shot,0.1,CAMELS-BR,0.8548677589097367,0.8439997534696532,10.165920637535024,3.479941763995606,-6.896350098793386,0.0016345056050614537,0.8608942049122577,40.82094924574688,28.20624174639221,0.48152012,0.42176014,162
74460000,chronos,few_shot,0.1,CAMELS-BR,0.9601516931740762,0.9729329777811786,3.3082431872751266,1.523074291922428,-1.4714596644982405,-0.0011151521327858495,0.98164010102198,3.3097707244680863,3.1397916997424473,0.2945148,0.31515068,162
74463000,chronos,few_shot,0.1,CAMELS-BR,0.8803072907399695,0.8655336888176215,9.990283439950367,3.2011873309994923,-3.448738449169364,-0.0004483647199730566,0.8792128124071562,38.81933944218628,80.61851664848803,0.38455054,0.38401407,162
74467000,chronos,few_shot,0.1,CAMELS-BR,0.2990744594631334,0.5469822316354167,47.83286847722759,13.209912505745887,10.747265694319418,0.005021215640701751,0.5886442876922191,129.8495808262628,253.17626065287058,0.49785146,0.6299172,160
75320000,chronos,few_shot,0.1,CAMELS-BR,0.9261966736656627,0.9538132771216692,69.80212516858694,29.566630834414635,-2.819941876512755,-0.0004541635276553036,0.9713910903394011,251.72846100653598,128.41809915992874,0.61199147,0.6506569,162
75830000,chronos,few_shot,0.1,CAMELS-BR,0.4717484314272232,0.5750306092116868,4.372536696935357,1.8036132816133308,-29.351247169679162,-0.0009562194560433501,0.6637760359502275,16.005965844710534,22.589809254140704,1.1416734,0.9883742,162
75881900,chronos,few_shot,0.1,CAMELS-BR,0.8046293175648065,0.8352604388434934,32.96524288810359,13.987688729792465,-7.983517571791397,-0.0015702457509374247,0.8683641476922063,105.27653730381653,33.45497664060477,0.7412559,0.71143156,162
76360001,chronos,few_shot,0.1,CAMELS-BR,0.8693175083469917,0.9054573722965524,20.404680765958116,9.381380184864005,-6.968043562065114,-0.00457661459923786,0.9300467271773385,52.008555684954,77.60953986847605,0.89889807,0.9851388,144
76560000,chronos,few_shot,0.1,CAMELS-BR,0.9928040561334852,0.9903826325724934,71.96696997641035,41.60759865796125,0.22418581317985894,0.002460229455260171,0.9909988898143582,142.8375303007177,172.90752044128612,0.57702255,0.59906995,162
76600000,chronos,few_shot,0.1,CAMELS-BR,0.9876103260740604,0.9934740091593515,77.60773250939448,45.755381250077754,0.014254949068419393,-0.0033498449609871,0.9977669835384658,85.19935161350575,109.21448212390483,0.46049976,0.48168844,157
76750000,chronos,few_shot,0.1,CAMELS-BR,0.9529266194205441,0.9122725844154307,47.45939079941114,19.471889675399403,2.940376443363957,-0.0031558257641077225,0.9142420682834096,120.44015686974474,85.50011454946285,1.065951,1.062421,162
76800000,chronos,few_shot,0.1,CAMELS-BR,0.988060320198131,0.9736805627960327,132.2355426490503,57.15728269977334,-0.04671870306987823,-0.004778634357746454,0.9742361389722105,225.50189849665688,224.520336297351,0.5821682,0.60418874,162
80130000,chronos,few_shot,0.1,CAMELS-BR,0.06962047952063555,0.22620483642878342,1.9524641894095962,0.8849747341070602,-15.047627163069446,-0.002545097909278411,0.5120019214907794,7.4698492491542465,10.16827298237835,0.36344907,0.1794818,134
80410000,chronos,few_shot,0.1,CAMELS-BR,0.12588029075559426,0.00500583249685449,4.769547427421767,1.3839476543759544,-28.64556016596622,0.0018224103840891372,0.12297400047655782,19.464811095692568,35.27574356520451,0.842488,0.41134927,126
80870000,chronos,few_shot,0.1,CAMELS-BR,0.9392316462223671,0.8945083109382291,1.3889691351605304,0.7190239828299073,-4.312985183666925,0.00041373674627261797,0.8978060113395151,4.81101829125176,6.7784281274353715,0.47095317,0.44431832,136
81021000,chronos,few_shot,0.1,CAMELS-BR,0.5513336763687648,0.49494206602352153,0.15745721099478285,0.10123849441023434,-5.172194783704192,0.0005541801003529148,0.5408802703194154,0.38042712211608887,0.38042712211608887,0.60114783,0.33854914,17
81125000,chronos,few_shot,0.1,CAMELS-BR,0.40211061641794776,0.4539819663279403,3.952571941626276,1.3601143757502239,-10.768144146326344,-0.0020043662890277293,0.5593694796932218,14.818247807894448,30.097413337901628,0.3125215,0.20127812,162
81167000,chronos,few_shot,0.1,CAMELS-BR,0.5476424813734068,0.7154872651678086,0.9933457430175852,0.5535161074470071,-1.8862850256759378,-8.324990763261021e-05,0.8536810549226641,2.9691325823049297,5.450365053326815,0.32753557,0.31401402,102
81170000,chronos,few_shot,0.1,CAMELS-BR,0.66441840903094,0.5437981809730739,72.21317384917612,23.550806681315105,-12.56429102927543,-0.0008060813735733582,0.5574458035470409,289.8523503640538,560.789126825737,0.40938234,0.25691658,162
81291000,chronos,few_shot,0.1,CAMELS-BR,0.4305053297281971,0.6160369787899129,12.43385889460721,5.386668859014086,-19.61269835071032,-0.02453531425812546,0.7698131794444957,35.471334902071455,21.288416436359906,1.0596015,1.0733758,157
81298000,chronos,few_shot,0.1,CAMELS-BR,0.49989714417812026,0.4407225787553304,8.120625355739227,3.981559697462588,-19.090996989554505,-0.0015038444654501895,0.47924477906495344,27.92050367951821,44.05168342590332,0.60725266,0.42518285,49
81300000,chronos,few_shot,0.1,CAMELS-BR,0.6257795457849414,0.5908138617104423,6.91670432953755,2.9690677177758866,-11.945712515036675,-0.0038620551958067646,0.6261222750674373,24.970009663633913,45.52083850149224,0.4676572,0.39638397,162
81303001,chronos,few_shot,0.1,CAMELS-BR,0.9275590998822726,0.8699952321380581,0.2279763162708848,0.13031968474388123,10.89819242244487,,0.8722220909616777,0.23000097274780273,0.23000097274780273,0.35039508,0.42411116,10
81312000,chronos,few_shot,0.1,CAMELS-BR,0.6653682987593452,0.5067766073202391,7.329202856670124,2.6911639833089076,-15.26358782660193,-0.0009488250636638367,0.5164843776118898,30.328313617476233,47.97015239441913,0.5297481,0.42674226,132
81400000,chronos,few_shot,0.1,CAMELS-BR,0.7678959756533379,0.8181988593324404,6.042661420355781,3.2704307223543707,-11.826436452794754,-0.004209866705981644,0.8565757420304598,8.560357016365899,10.441158673399134,0.5731311,0.50062,162
81420000,chronos,few_shot,0.1,CAMELS-BR,0.8221919994972581,0.894693550206454,52.7657681805493,26.825634179525817,-1.4690957118113337,-0.0012939204584295327,0.9481489090169835,145.56051924143605,35.54293288749368,0.2657115,0.2523301,151
81450000,chronos,few_shot,0.1,CAMELS-BR,0.7548763585817299,0.8774996385025287,0.810363136832265,0.41475799642963174,-2.8716061180297943,0.0008556430321316789,0.9670584366059779,2.419066858877212,2.1854340715089178,0.28989577,0.316447,162
81510000,chronos,few_shot,0.1,CAMELS-BR,0.6372215252953153,0.6438333549787973,4.555466456975449,1.463081583564664,-3.7257241512306147,-0.00032926982675987506,0.6934880475700003,18.39796833824977,35.88587263242776,0.14470147,0.11311632,162
81531000,chronos,few_shot,0.1,CAMELS-BR,0.3936739912168188,0.44182888479886584,25.28901414708449,6.854459230591651,-3.1441290351798172,-0.0007800437555140092,0.5564730173474612,102.25297838166016,198.8651564278744,0.16772734,0.1383489,147
81575000,chronos,few_shot,0.1,CAMELS-BR,-0.004250840412078238,-8.925897192502141e-05,2.767756600366114,0.82849232668494,-37.62374328637671,-0.0025798712291240367,0.32710917894374403,11.466527384332979,21.011656767983887,1.0036744,0.62444717,162
81580000,chronos,few_shot,0.1,CAMELS-BR,-0.7386136666755054,0.2628808636795965,7.993827328530339,2.651592296706576,-9.101961585757362,-0.004417601176211962,0.7540973147961787,24.055902749237458,41.17710220830449,1.1560308,1.2017022,147
81597000,chronos,few_shot,0.1,CAMELS-BR,0.490117684551289,0.6065281133239585,1.691427994176303,0.9362488359212875,-6.629437351587806,-0.0006285202616358454,0.724843819239785,5.443920652391775,7.469100857642542,0.2842319,0.2327222,160
81620000,chronos,few_shot,0.1,CAMELS-BR,0.4698806556364209,0.6481031437570559,25.067414052714746,11.313559135381322,-9.060845867464439,-0.0030213791891342146,0.8015082199295265,91.41273936446763,130.95334400559898,0.40264335,0.3601491,137
81630000,chronos,few_shot,0.1,CAMELS-BR,0.5886740520335985,0.6867782507883906,11.84158116961053,6.448957748413086,-5.494603914396754,-0.001964589160391916,0.7809699286731442,39.560718907754136,54.442218281413304,0.37074566,0.27004248,150
81679000,chronos,few_shot,0.1,CAMELS-BR,0.8776924312234482,0.9372547001786221,13.346115284740737,7.606823665994994,0.2680017161876786,-5.095565894574789e-05,0.9806947570693858,37.26106940638956,14.537139554234583,0.23076534,0.25503483,142
81682000,chronos,few_shot,0.1,CAMELS-BR,0.9713485670948998,0.9712167812207224,19.561627480260523,13.447315470377605,-1.184900877130554,1.4074534170989764e-05,0.9739217416988496,36.2729115569202,13.00299072265625,0.34085655,0.37315434,60
81683000,chronos,few_shot,0.1,CAMELS-BR,0.8957788560905355,0.9360518282737209,65.94560817899433,35.871690669529876,-3.3946170817282355,-0.0005207590990819258,0.9599514923941049,128.5369871359891,167.85712474362913,0.29461503,0.278856,142
81790001,chronos,few_shot,0.1,CAMELS-BR,-0.3052733802518077,0.058808453507476655,9.47142287751096,2.2093457394922282,-17.982902768907156,-0.003942090459082526,0.6365638011345451,33.7925182631008,65.09491947797338,0.54090655,0.40801758,142
82111000,chronos,few_shot,0.1,CAMELS-BR,0.3877110224688832,0.48738899483116516,11.926131402437294,5.549362153182795,-17.34642498036549,-0.0004479573737388165,0.6098716101348064,40.9119380526493,63.948725367858316,0.50926024,0.31458196,162
82190000,chronos,few_shot,0.1,CAMELS-BR,-0.7644087558667401,0.25561686771688796,5.272357982977331,2.2318666159060965,-14.802124221187423,-0.004245232244808647,0.6373437972918348,11.64313079846298,14.734565714695595,0.6300958,0.6959866,114
82198300,chronos,few_shot,0.1,CAMELS-BR,-0.07039576905976452,0.3307331255702717,3.6414890843512637,1.1062377407962893,-16.56656243467803,-0.006178306183827784,0.7429523202137074,12.61829811644991,22.027369970095673,0.64817214,0.55257016,162
82230805,chronos,few_shot,0.1,CAMELS-BR,0.3290401190501452,0.340334196997517,19.86659935863229,9.302873537864214,-25.75601788246941,-0.0007875477674772514,0.4517305689515244,69.47188130059959,103.19646846224036,0.6343563,0.4603,162
82300000,chronos,few_shot,0.1,CAMELS-BR,0.68053573563074,0.7551949059770102,0.9069234908907883,0.45032546844011473,-8.487613165270298,-0.0022669231950828567,0.8216171689289895,2.8296349425317424,2.5363741078846425,0.58504647,0.5094113,162
82420000,chronos,few_shot,0.1,CAMELS-BR,-0.055779134860290736,0.28405988600540755,0.3669037140763304,0.1420172157732746,-13.350982124703332,0.00010712937726459372,0.6914640118959,1.1643661606397264,1.3850058937366498,0.40162995,0.26307133,158
83040000,chronos,few_shot,0.1,CAMELS-BR,-0.24814936493959272,0.21365113691558035,27.22215725319732,8.265034821666317,-31.272312249262317,-0.002779278120838072,0.6361747779103928,101.37170615586204,165.87799563236118,1.0853995,0.7392921,162
83101000,chronos,few_shot,0.1,CAMELS-BR,-0.3844735413198095,0.06891520955303154,16.55777453484842,4.505404035766404,-19.052812342656345,0.0007236447106191389,0.6826495153899292,56.74669730436924,108.68084987504837,1.0604161,0.9986417,154
83500000,chronos,few_shot,0.1,CAMELS-BR,0.9313989616876535,0.960615775757731,46.07542800761717,24.989794831217072,-1.4557076477410695,0.0023302173614840084,0.9791779790034479,130.63391726265783,95.14283480723248,0.71872365,0.7272491,162
83675000,chronos,few_shot,0.1,CAMELS-BR,0.24265335903124619,0.5611295006258327,15.221484174723347,5.285861209954745,-3.8495587245420353,0.0005006077757887736,0.6096874244968273,61.758787862381425,40.987437469200096,0.6149659,0.6629241,162
83800002,chronos,few_shot,0.1,CAMELS-BR,0.8135188697008983,0.8215761304932168,54.5520609480062,32.4113323601493,-8.531211566624629,0.0005579187167662515,0.8469928231985735,192.11890006598907,155.21356635994306,0.59986585,0.5540715,137
83870000,chronos,few_shot,0.1,CAMELS-BR,0.8346993195796728,0.8857198525448173,56.64683861009224,34.47463602833933,-1.7349870301117476,-0.00032208980993961387,0.923569591094944,170.83645507885316,226.9855416825752,0.26028156,0.2562574,154
83880000,chronos,few_shot,0.1,CAMELS-BR,0.12000872561738529,0.014708127573294094,7.795359088330304,2.332703306705137,-33.48477228801443,-0.0017399195285385926,0.12874138732923956,33.79793281014406,52.17865253050436,0.82815826,0.35540655,158
83900000,chronos,few_shot,0.1,CAMELS-BR,-0.3010118156591701,0.38043987836738924,21.00433589109817,6.405181820009962,0.5389345140772933,0.00013186355369518635,0.4697343924799068,59.13009891843957,106.78021303671935,0.52440715,0.5572335,162
84074000,chronos,few_shot,0.1,CAMELS-BR,0.32294084480407537,0.22121511693861884,8.486949238313336,3.2150176948971216,-31.931361549991617,-0.006018369508292702,0.24990863177375067,29.18651434951891,41.675065994262695,0.6306338,0.29292053,45
84095500,chronos,few_shot,0.1,CAMELS-BR,-0.9623018583831207,0.24319664673450736,87.33916630131297,25.867058907026127,-5.968392532656315,-0.0010457114739301707,0.5387099104619018,258.3041409453832,284.96146657888033,0.61704665,0.6301224,162
84100000,chronos,few_shot,0.1,CAMELS-BR,0.09069496213072814,0.004169583368369589,19.604298871209778,4.504860397865032,-21.368288907217696,-5.692384697821365e-05,0.22763626964180006,82.4559907081458,154.24540317809925,0.5947913,0.3004636,145
84250000,chronos,few_shot,0.1,CAMELS-BR,0.26480652134492044,0.26786658496921933,75.51977388530236,17.89835100326066,-32.707599413077496,-0.00816601288073843,0.4355416446103031,279.2594824549292,465.56431368228914,1.511506,1.3508179,111
84250008,chronos,few_shot,0.1,CAMELS-BR,0.39302740499800715,0.3726844306015449,14.515706312178226,6.260292198382268,-22.248137052193943,-0.004764662917193654,0.4632223104171419,54.15735581425014,77.67563808876504,0.74775535,0.62834454,147
84500000,chronos,few_shot,0.1,CAMELS-BR,-2.500319996027779,-0.18530270901518642,7.354555790188764,1.8702072663071714,0.753773346287027,-0.0014808713940862722,-0.05057286272138395,10.776306558316106,16.908108246083106,0.5707488,0.633018,162
84580000,chronos,few_shot,0.1,CAMELS-BR,-0.35261087228639276,0.42319107809610834,94.98063952888906,31.269200268544648,-10.866575124677674,-0.0033433972942286967,0.647506963977959,393.37884265636075,410.2653343973119,0.62552303,0.5942003,152
84597300,chronos,few_shot,0.1,CAMELS-BR,0.3014803678885064,0.35820476683217883,7.7920758275586515,3.8310459469571527,-17.48629898755088,-0.0026206968105217405,0.4985406318493111,28.04028456437006,46.98973558436053,0.49799922,0.30538768,162
84598002,chronos,few_shot,0.1,CAMELS-BR,-1.0373426841518794,0.16709668734840133,23.352529440412894,6.721400581760171,-4.141657582149678,0.0007081000199562482,0.23369280156754013,96.71529345499843,75.02000959865387,0.4368307,0.48249647,162
84950000,chronos,few_shot,0.1,CAMELS-BR,-0.21671251251022583,0.4148889003116242,94.25083144211182,34.398677186465555,-27.638154498735137,-0.020431592917609445,0.5901586490844275,372.8773337673841,314.71069195627604,1.084655,1.1730379,162
85400000,chronos,few_shot,0.1,CAMELS-BR,0.8622098233573352,0.8611284879814536,203.0484717868595,93.61273207487883,-7.997309000116455,-0.001183289157300791,0.8793117190333457,634.7876602291718,323.8548490447574,0.52103513,0.4751027,162
85470000,chronos,few_shot,0.1,CAMELS-BR,0.7229356978020948,0.7791396651107764,17.505667893974135,5.272512655655543,6.393507436354905,-0.0062330210739339545,0.8039137713151181,45.00813849893808,50.23225579010733,1.1765513,1.2554233,150
85580000,chronos,few_shot,0.1,CAMELS-BR,0.9170450804521861,0.9102013071608045,37.14372798823064,11.488750118179386,1.0865718046374537,0.0032984343886423503,0.916264157781519,107.77358021883646,161.99578298877674,0.7547061,0.8271196,147
85670000,chronos,few_shot,0.1,CAMELS-BR,0.9651231153895721,0.9785539018730979,8.60977742917181,4.538308498371078,0.16810362678256224,-0.0020170425271521172,0.9874611853874865,17.565654020211525,4.9666748046875,0.54376763,0.5765589,83
85830000,chronos,few_shot,0.1,CAMELS-BR,0.5737022365961686,0.7537181186728216,17.058632616154412,4.671115727474292,-1.9071926882177213,-0.00624754215295803,0.9061003326723271,57.76900645315825,110.0437461775134,1.0522028,1.0127448,162
86298000,chronos,few_shot,0.1,CAMELS-BR,-0.16485185936194546,0.1259325097991737,211.5454858634242,52.35247204429225,1.2188286644205355,-0.002814509126324513,0.12891400148890875,905.3544939802478,1942.1937255859375,0.720067,0.8550727,95
86401000,chronos,few_shot,0.1,CAMELS-BR,0.3699418892891657,0.47710024689189867,26.680666992442852,9.42524109652013,3.839692313008516,-0.004114440636323151,0.48683021931924264,102.26674953615556,170.384723784485,0.637043,0.77660304,162
86406000,chronos,few_shot,0.1,CAMELS-BR,0.7790941863131445,0.8186267403430221,10.837548147047245,4.759831548647116,-1.896513157902767,-0.002439804633586111,0.8348765178282078,40.651288941221665,54.49046557212553,0.53698707,0.59925014,131
86420000,chronos,few_shot,0.1,CAMELS-BR,0.3087181849558077,0.6209694097496531,13.877151560580241,4.262419659230444,-4.991039632165405,-0.000511184177202615,0.6783409533376575,56.83168859496806,43.23061292089203,0.7030067,0.8222919,162
86460000,chronos,few_shot,0.1,CAMELS-BR,0.5305079209184301,0.6031944301633883,384.6043814430487,108.28950227337118,6.022345722295422,-0.0002696491678874473,0.6170923294287516,1602.0521449752778,674.731238253798,0.9044031,1.0841197,162
86471000,chronos,few_shot,0.1,CAMELS-BR,-0.3409549089939614,0.2804517369619447,716.0674857126749,189.3882681239735,-14.706451768521156,-0.013175527877227415,0.8444125776017362,2729.8383559785893,3762.514892578125,0.99813324,1.1767737,44
86700000,chronos,few_shot,0.1,CAMELS-BR,0.5004984511769863,0.7551960941522331,20.05970457910097,5.900400463462934,0.15090689068070215,-0.001241998414558458,0.9694711338375599,82.68207990790071,121.58637350583133,1.203877,1.2981626,162
87170000,chronos,few_shot,0.1,CAMELS-BR,0.512731176508469,0.6917627086687599,124.04963685832894,37.74893357294687,-18.245364790205574,-0.0026275901397871393,0.8104647852817046,468.13258016564976,520.7504557769405,0.9499442,1.0163035,161
87309000,chronos,few_shot,0.1,CAMELS-BR,0.21624649241774674,0.3371773662578378,63.35228282482727,13.406465811794307,-22.382251653634658,-0.0027675302707799096,0.5533787191748302,240.9911073552313,468.80077913518807,1.2205064,1.0359012,147
87374000,chronos,few_shot,0.1,CAMELS-BR,0.8973743735312039,0.924484250488762,21.25569510440126,8.849612769889243,-5.393449411207208,-0.003469277071420321,0.9424005548545844,76.1165087490158,122.67996689985189,0.7907724,0.85739505,162
87865000,chronos,few_shot,0.1,CAMELS-BR,0.6694247288297738,0.5918717493493051,7.823970513716907,2.3085688838252314,-11.584642491877611,-0.002122704405091857,0.6184343575310942,32.301319583157536,53.60126537777694,0.48848224,0.3288273,162
