basin_id,model,mode,dataset,NSE,KGE,RMSE,MAE,PBIAS,FDC_slope_error,FDC_KGE,tail_RMSE_95,tail_RMSE_99,RB_flashiness_obs,RB_flashiness_sim,n_predictions
10100000,lstm_global,supervised,CAMELS-BR,0.9988920032652739,0.9892942068130502,511.16233035339275,369.4630200489458,0.5317684731860282,4.295889629812519e-05,0.9893016724786728,125.9815060466832,70.35782767468093,0.06045951321721077,0.059019725769758224,166
10200000,lstm_global,supervised,CAMELS-BR,0.97620085311066,0.9758132971278779,64.21019191328436,32.52502365770011,0.7862397482610719,-0.00534812798826783,0.9789092809900514,21.718088267481235,33.08518388750122,0.2129225730895996,0.21004122495651245,174
10300000,lstm_global,supervised,CAMELS-BR,0.9983602809056871,0.9873153187126054,27.875733562480814,21.18598739414999,0.5917404107973105,-0.0027627999379414535,0.9873332359985868,8.103252911394836,9.624506714801031,0.12315208464860916,0.12216708064079285,146
10500000,lstm_global,supervised,CAMELS-BR,0.996883579932103,0.9873854718145174,84.90309724976902,47.23714085629112,0.8548726549626326,-0.0016560254990922486,0.9874641080690046,22.936267988892148,12.706802084656688,0.10419902205467224,0.10478376597166061,171
10800000,lstm_global,supervised,CAMELS-BR,0.9935586889194392,0.9822576508162267,38.307883496056704,19.67425348618451,1.2056557751344779,-0.000841406501579111,0.9825106048425729,7.016875797824504,12.591565534591641,0.1424703299999237,0.13734474778175354,170
10900000,lstm_global,supervised,CAMELS-BR,0.9981482441419612,0.9884638809957081,18.78958295348344,13.384914286652503,0.4641971280184055,0.0008851024473774532,0.9884901871206873,10.387729822795448,6.7363178300654445,0.10579442232847214,0.10262676328420639,171
10910000,lstm_global,supervised,CAMELS-BR,0.9966877012910278,0.9870963498012414,59.85526937439489,42.46310514084836,0.7690431090348812,-0.0014285907436814224,0.9871873564667202,29.776556922438466,25.221533427916796,0.16823461651802063,0.1701389104127884,188
11200000,lstm_global,supervised,CAMELS-BR,0.9981349299764828,0.9850802215132212,719.9444914363424,489.37985996893275,0.7534770577977843,0.0003454529906997319,0.9850959851037141,253.38659500250597,434.85033586938033,0.06712280958890915,0.06385704129934311,171
11400000,lstm_global,supervised,CAMELS-BR,0.9988577552472294,0.9875355829303173,591.3709652329441,406.13352933843083,0.4563882865924777,-0.0001252356271626079,0.9875425810164525,232.58450910525497,446.35141399779616,0.05453423783183098,0.05254949629306793,188
11444900,lstm_global,supervised,CAMELS-BR,0.9970883641192924,0.9856305645244297,116.204416182755,83.27999015476392,0.5437332655591224,0.00032251735667764014,0.9856807403654617,24.690018124177815,8.070203575440582,0.09018146991729736,0.08764873445034027,184
11450000,lstm_global,supervised,CAMELS-BR,0.9970606444624114,0.9836157923941389,138.45420523379332,102.85914334383878,0.6154464839207765,-0.0005664504284128846,0.9836581947894465,26.811520109769063,42.781549696503006,0.09995640814304352,0.0956186056137085,176
11500000,lstm_global,supervised,CAMELS-BR,0.9989730253523288,0.9873095040507864,694.550686776815,518.7879924368351,0.4093747869306942,-0.00026869050376260827,0.9873148077291791,404.40365449818125,388.4759101223155,0.05578179657459259,0.05471482872962952,188
12100000,lstm_global,supervised,CAMELS-BR,0.997586442221808,0.9776907529196626,24.618344108088003,19.273941386829723,-0.27161279703381513,0.0010560917677616098,0.977708074193831,34.67581268626138,50.33532902139483,0.11998767405748367,0.11731957644224167,132
12150000,lstm_global,supervised,CAMELS-BR,0.983169614306631,0.984631964774689,74.27287475338794,23.841566176641557,0.5468752443366951,-0.002070652101337278,0.9871278823983662,8.606565058230194,7.5631184369407,0.12472207099199295,0.12587346136569977,147
12180000,lstm_global,supervised,CAMELS-BR,0.9979243680491934,0.9848197187796622,9.21451059618606,6.213352385021391,0.6134149709091729,-0.0006588001021747975,0.9848386676568522,2.9033701640668164,4.716745906262232,0.06860531866550446,0.06468906998634338,126
12200000,lstm_global,supervised,CAMELS-BR,0.9814694795705455,0.9875256544188504,124.88703194380959,41.80722210858319,-0.13212531772601727,-0.001038500311192743,0.9916871535762187,11.989691678690562,18.22958972267432,0.0989777147769928,0.09547186642885208,148
12210000,lstm_global,supervised,CAMELS-BR,0.9976221308990069,0.9874658641123125,41.795611571601455,27.007253413577732,0.6355467476404983,-0.000429418101888273,0.9875076546504219,10.631007130841727,12.344426328906335,0.09291651099920273,0.09001831710338593,139
12240000,lstm_global,supervised,CAMELS-BR,0.998625770923011,0.9854057663426932,43.17884427773615,29.725757753228866,0.5815997563843711,9.698986111649627e-06,0.9854147714003543,13.887255798914476,12.295069274745966,0.06595023721456528,0.06511936336755753,173
12360000,lstm_global,supervised,CAMELS-BR,0.86156247637067,0.872976418430851,108.34765760239489,49.31156141643064,1.2195201509748534,0.001208329719848772,0.8937300137615992,320.85957047645877,454.0936676481873,0.8229181170463562,0.7363520264625549,166
12370000,lstm_global,supervised,CAMELS-BR,0.8896932939717066,0.9425145581418891,155.76924999451057,78.51402214801672,0.8350162470289944,-0.00169961686235523,0.9856296916891435,257.00415582382396,155.75346937417984,0.5735995769500732,0.5414907932281494,165
12390000,lstm_global,supervised,CAMELS-BR,0.9562670862777664,0.9497096906260476,153.84323035015413,86.38470366733526,-0.4691295017124827,-0.006970269755533276,0.9546444212677635,377.78058244854157,335.79519886339415,0.549694299697876,0.5028442144393921,153
12400000,lstm_global,supervised,CAMELS-BR,0.8920153395185976,0.8453900528158478,9.804194043608266,4.876719853372284,-0.9532576738324572,-0.0020575357348580486,0.8536044595495103,35.795914004718846,47.708333741546284,0.6092085838317871,0.5258481502532959,165
12420000,lstm_global,supervised,CAMELS-BR,0.9829967009029662,0.9741295900653181,11.6825314023673,7.898110054788136,1.692936777538926,-0.0038949617910446002,0.9754660298116705,4.619269850240333,6.5211496202969075,0.30965861678123474,0.31915482878685,168
12500000,lstm_global,supervised,CAMELS-BR,0.9901532179899522,0.9716994375008206,92.99153890177713,56.55256583842825,0.9002206977262502,-0.0006641902905833025,0.972061522182237,145.5682116292242,208.43655470014627,0.3045796751976013,0.2951788604259491,188
12510000,lstm_global,supervised,CAMELS-BR,0.7526897896122754,0.7794094366356337,55.92611377115261,30.34648695717687,-5.396734722214855,-0.014030680124363547,0.8220027027735006,153.03345107848455,233.1759803841524,0.6612074971199036,0.5486170649528503,138
12510500,lstm_global,supervised,CAMELS-BR,0.7444355738136041,0.7439970148398604,59.87851650135683,31.422998249896466,-1.4145529942556143,-0.007114743355709708,0.7808013000678015,197.2109394420584,107.69222143953232,0.8834013938903809,0.6505758762359619,163
12520000,lstm_global,supervised,CAMELS-BR,0.9983893234894576,0.9854801591274382,47.540716116736924,36.91713681428329,0.9518985144076337,-0.0020683143718364175,0.9854941786069558,26.380853038917092,24.858003975341003,0.15412798523902893,0.14922676980495453,161
12530000,lstm_global,supervised,CAMELS-BR,0.8354093741513566,0.8543290893317586,27.751088890539613,11.623849662423831,-2.946588107467501,-0.002634703421983395,0.881713217915375,91.36194637220653,135.87820038773202,0.6203800439834595,0.5538208484649658,171
12540000,lstm_global,supervised,CAMELS-BR,0.9352757704581834,0.9408783776289436,49.47756183122681,29.884610001758862,-0.4610759183729412,-0.003985285888029818,0.9507241649595601,97.87578954644819,62.01488475316916,0.4314956068992615,0.4127674698829651,186
12550000,lstm_global,supervised,CAMELS-BR,0.9978637164708847,0.9784038084460213,58.78725619797892,38.035797119140625,1.3477126178438825,-0.002427802618949093,0.978404220244762,34.04441081684336,45.377197265625,0.07024793326854706,0.06747394800186157,31
12560000,lstm_global,supervised,CAMELS-BR,0.9010165853848432,0.925577643406472,41.709557342809354,25.100568495366883,5.630956540710413,-0.0037099756793517596,0.942534517886788,111.03874136288441,68.2977678900421,0.4967259466648102,0.4715593457221985,184
12590000,lstm_global,supervised,CAMELS-BR,0.9060032801073272,0.9285321729114488,120.17422068010686,67.29207746187846,1.5463787933897117,0.0010047389218286983,0.9469982058900512,302.0928785493503,121.47707749193258,0.5128127336502075,0.44573789834976196,168
12600001,lstm_global,supervised,CAMELS-BR,0.8479785171398997,0.87933305166804,164.102687804702,81.37474852341872,1.2038619182596872,-0.0015043311486569663,0.9086947981698793,469.7134137087659,391.56852480737405,0.6034134030342102,0.5485053658485413,169
12640000,lstm_global,supervised,CAMELS-BR,0.9388918358790384,0.9485696050126329,99.45081262674373,56.9969513717739,4.071833802595348,-0.007303249256939849,0.9578085874459115,258.649493159037,152.72301765706186,0.6463346481323242,0.6359429359436035,174
12650000,lstm_global,supervised,CAMELS-BR,0.9733103089930861,0.9556734477553949,87.2989632643551,47.12267436981201,0.7933623985610988,-0.005445868868176544,0.9575776970513298,167.6493603609522,279.28995434041553,0.4835613965988159,0.43854740262031555,175
12680000,lstm_global,supervised,CAMELS-BR,0.9856960964936026,0.9753532972603246,157.9714929357276,91.80839298432132,1.3020107303297839,-0.0025700279041714763,0.9763615194462375,171.5809963927172,117.37847135161688,0.3268013000488281,0.3180740773677826,166
12700000,lstm_global,supervised,CAMELS-BR,0.9990373608840026,0.9820342410896773,101.05296158469002,82.0634734887871,1.349404332134445,-0.0016831336151228032,0.982036048484573,85.73732415709341,127.47259590685925,0.10910153388977051,0.10642453283071518,139
12840000,lstm_global,supervised,CAMELS-BR,0.9978676939967054,0.9820955684632899,151.33600618665812,87.18326314290364,1.2270676432745486,-0.0022168811077998285,0.9821137560410499,172.61095169044196,58.35633656713008,0.07591094821691513,0.07297677546739578,144
12845000,lstm_global,supervised,CAMELS-BR,0.9960287480202483,0.9830372185058803,393.89083585157704,283.3226830267137,0.48347595678929045,-0.0006431740018801209,0.9831317272714951,371.59140644946524,360.6173825654452,0.11608726531267166,0.11172624677419662,186
12850000,lstm_global,supervised,CAMELS-BR,0.9987473887574841,0.9882240287914116,153.53156638152808,116.66622600149601,0.40644422664464513,-0.0003615226182578906,0.988231933711621,102.77411859905024,72.47073931346792,0.06356135755777359,0.06181618571281433,188
12870000,lstm_global,supervised,CAMELS-BR,0.9983822885493229,0.9885998075421161,57.42636673800302,33.57110815865653,0.40882719095644465,-0.0006436442531102884,0.9886237256867237,43.125277276614334,55.451517814332945,0.0905383750796318,0.08976476639509201,175
12875000,lstm_global,supervised,CAMELS-BR,0.9912034724446366,0.9725163408177607,14.41908586278151,8.337987286111582,0.7569824124555034,-0.0005258968148676574,0.9728052443661778,32.10789878419505,51.65748116585819,0.2401159703731537,0.2261289358139038,115
12880000,lstm_global,supervised,CAMELS-BR,0.9978273032599594,0.9863400212819878,13.467518117427607,9.53265366464291,0.45241211112465113,-0.0003516496383034161,0.986369565882682,23.664042922109385,45.43302222335106,0.11438220739364624,0.11344342678785324,159
13100000,lstm_global,supervised,CAMELS-BR,0.9970350440940754,0.9862075936359819,8.438847126566891,5.026088140097009,0.6706254430119759,5.206382261028347e-05,0.9862711672498757,4.691728731630951,4.655099280548487,0.09288907796144485,0.0910060927271843,166
13150000,lstm_global,supervised,CAMELS-BR,0.9992693193464427,0.9879856178299445,743.3587676951524,496.7259691455696,0.3849062998102746,-0.00032515831779520755,0.9879872962984946,211.00527179152638,248.40457138548211,0.041418854147195816,0.040552206337451935,158
13150003,lstm_global,supervised,CAMELS-BR,0.9993142191818306,0.9872303744873541,746.2349256151638,504.68162920321635,0.3935023691430683,-0.00016364325028421674,0.987231595658709,207.52742583431183,215.41698327794472,0.03963160514831543,0.038783665746450424,171
13175000,lstm_global,supervised,CAMELS-BR,0.8900965432306531,0.9301263943945325,63.98176970734626,39.62759257251432,4.427377044136956,-0.0021207100044669525,0.9556636675397443,163.4286846572819,185.60409821130548,0.6119022369384766,0.5637868046760559,161
13180000,lstm_global,supervised,CAMELS-BR,0.9681669550566954,0.9633614192661415,172.6471757809057,103.81752181362796,2.081575757552237,0.0008838784481816075,0.9667991159718158,388.0613091702321,155.1472505032015,0.5119766592979431,0.47047001123428345,154
13200000,lstm_global,supervised,CAMELS-BR,0.9804521030867667,0.9804783187595187,102.07200982621583,64.60573999271837,0.8649590185126518,-0.0019124234460745348,0.9830582203121423,145.8056428424204,26.752743083472254,0.38158082962036133,0.3570190966129303,172
13300000,lstm_global,supervised,CAMELS-BR,0.9754799644996852,0.9690998687459538,40.36696288321774,22.72752013560888,1.2590315896163318,-0.0011214050911268897,0.9715676638700381,48.101211287825976,55.99344089319269,0.4433607757091522,0.41021472215652466,148
13310000,lstm_global,supervised,CAMELS-BR,0.9890082942950177,0.9764646882606932,59.684080573434784,39.23139496507316,0.9333528436590864,-0.013011630411471742,0.977048820565082,81.64763002136567,59.996710157105866,0.47388187050819397,0.4666430950164795,174
13405000,lstm_global,supervised,CAMELS-BR,0.9407872545129914,0.9398027964056259,47.868151687821914,14.564453762939234,5.223449014088672,-0.058091792535253504,0.9474061572153403,35.67488536588495,37.07702088555749,0.49925845861434937,0.4762113094329834,167
13410000,lstm_global,supervised,CAMELS-BR,0.9888324916528467,0.9763946828559467,169.45650909481589,102.57382181072762,0.5919475540284755,-0.005885740936904138,0.9770144705784859,279.24235242998793,269.10923712112856,0.40626034140586853,0.3886973261833191,181
13450000,lstm_global,supervised,CAMELS-BR,0.5433713901282967,0.48286597233892903,126.67095085014299,40.06907258900729,-14.432262916988407,-0.012545293456384388,0.5359398902348176,515.6039447392073,858.3075278479677,1.0662258863449097,0.8028814196586609,165
13470000,lstm_global,supervised,CAMELS-BR,0.7955424572165145,0.8533890622945843,95.0025612825654,44.45425983534919,-4.784330575207349,-0.0025370139692735966,0.89545898636718,320.81782523950255,258.25012504244,0.8068305253982544,0.7212121486663818,180
13540000,lstm_global,supervised,CAMELS-BR,0.8774640916096365,0.8867186084297094,29.246094705909584,15.114217348215057,3.567724972676838,-0.009950087867288002,0.9053418348646647,96.73732765722794,57.011464634221504,0.8752100467681885,0.7555640935897827,123
13550000,lstm_global,supervised,CAMELS-BR,0.9208579774595997,0.9024476178076538,77.93321251742611,40.72819373312961,-1.7883453408800158,-0.002136304436264898,0.9105099991340415,227.39757584322356,243.41301315628533,0.596561849117279,0.6008960008621216,178
13568000,lstm_global,supervised,CAMELS-BR,0.9184279004627053,0.7589611749537502,133.45093670984915,53.28364174182598,-7.006616856112871,-0.008725078741134297,0.7591724510695596,528.2027294022805,434.451904296875,0.8095407485961914,0.7044312953948975,52
13572000,lstm_global,supervised,CAMELS-BR,0.9924822346071586,0.9849218276462627,3.723756922289673,2.4110511529164396,1.346652197541364,-0.008175711305585018,0.985352372483323,2.7803788373593403,4.8073587421022115,0.3611038029193878,0.3401617407798767,163
13578000,lstm_global,supervised,CAMELS-BR,0.9910290706889222,0.9602499226937207,15.711095394613762,8.964414517368589,1.1046782493501546,-0.0134880232178448,0.9604110996538179,45.877138835046004,66.3505606765444,0.4448849558830261,0.42458927631378174,175
13580000,lstm_global,supervised,CAMELS-BR,0.9866580838845826,0.9742255074335322,20.69271533935569,11.672800928551629,2.302747333610649,-0.01394152555890417,0.975040569831929,44.46240166906985,26.65270283234344,0.34416091442108154,0.3331553637981415,151
13600002,lstm_global,supervised,CAMELS-BR,0.9908619403989589,0.9685508741591174,50.54649104511501,33.476349998922906,2.3547276875342207,-0.00020844256193724292,0.9688204934715855,105.16103130376081,147.3895706124688,0.4068053364753723,0.4059551954269409,170
13650000,lstm_global,supervised,CAMELS-BR,0.9955983745139805,0.9754807118404977,47.26300609494865,31.704276399116296,2.140924459348838,-0.0022613435495799014,0.9755561279108085,57.882466488973044,49.21702781116539,0.2771812975406647,0.26687583327293396,173
13710000,lstm_global,supervised,CAMELS-BR,0.997834297880568,0.9817801018100116,96.5146974644038,74.32196109852892,1.31365972256821,-0.002760485266428893,0.9818020952518202,73.4618405549584,68.32837816440554,0.1928296983242035,0.18477685749530792,188
13710001,lstm_global,supervised,CAMELS-BR,0.9697642354849574,0.980015252696404,368.23326932195295,123.42509149250232,0.5014478975304587,-0.0065420626232520415,0.9869994263951057,137.88657037852417,110.82549951278565,0.2516230642795563,0.2379891276359558,152
13740000,lstm_global,supervised,CAMELS-BR,0.9867897768455418,0.9863551043370345,71.56344029854904,22.35850419753637,0.8992073424403897,-0.0006363455363664686,0.9880336815199054,3.2114121206374957,2.024933260315306,0.11115006357431412,0.11172295361757278,156
13750000,lstm_global,supervised,CAMELS-BR,0.9819838024088497,0.9839520866812261,446.64665268698593,132.3741666495082,0.751639914989733,-0.000874541904144481,0.9867207356277067,61.57089175600821,57.50632195341246,0.1468261480331421,0.14442385733127594,166
13840001,lstm_global,supervised,CAMELS-BR,0.998081562311384,0.9705843083397583,8.74497974311849,6.621376024710165,2.135860415449631,-0.004574212542374778,0.9705887534256383,6.671723497929739,8.93359375,0.19230350852012634,0.18733389675617218,74
13845000,lstm_global,supervised,CAMELS-BR,0.9970441263633931,0.9865370614898183,5.790954309105806,4.247385856953073,1.0462559136766802,-0.00044974192595207546,0.9865955781617313,14.58805598026591,11.943259383291444,0.12516900897026062,0.1243906170129776,188
13848000,lstm_global,supervised,CAMELS-BR,0.9988041743348829,0.9828983182874577,12.296797277007638,9.287713598697744,0.8814200502385623,-0.001718840864418536,0.9829032370630344,20.330192774745207,41.976500788990656,0.11175332218408585,0.10985401272773743,188
13849000,lstm_global,supervised,CAMELS-BR,0.9970128475583413,0.9845868245023103,25.29486631298044,13.0177766048547,-0.060874042881708425,-0.0007989912728520107,0.9846453960359578,16.443367345581226,11.12451171875,0.1225900873541832,0.13009950518608093,66
13850000,lstm_global,supervised,CAMELS-BR,0.9994063521095397,0.9864509500950962,9.59453996610966,8.03610813871343,0.31544173702341255,-0.0006965949780369032,0.9864520093710901,13.093149244916162,15.019966999011405,0.07120884209871292,0.07007703185081482,188
13870000,lstm_global,supervised,CAMELS-BR,0.9993695016170441,0.9840813685334509,104.00874691934168,89.20337336114112,1.1514497263253483,-0.00172310856228243,0.9840818749531832,35.696215650770384,55.06479840888678,0.0839114636182785,0.0822421982884407,188
13880000,lstm_global,supervised,CAMELS-BR,0.9992918349522381,0.9832934141512853,108.44875089578844,88.13329044196124,1.3648340314350713,-0.0012378547483485741,0.9832937948152556,20.836940395390254,3.848047103006668,0.07492375373840332,0.07318280637264252,183
13885000,lstm_global,supervised,CAMELS-BR,0.9977719927799292,0.9802130219479334,9.173096058981702,6.353783282827823,1.6711474471447973,-0.0015941853914634013,0.9802325120486722,4.627865232834636,4.2986808159740075,0.1157786026597023,0.11957128345966339,188
13886000,lstm_global,supervised,CAMELS-BR,0.9994415856915071,0.9859385862156995,22.64571263891488,18.4983238869525,0.8536906209136071,-0.0010548609851344162,0.9859391213098949,15.899026123510017,11.180159943339456,0.07635704427957535,0.0746973380446434,188
14100000,lstm_global,supervised,CAMELS-BR,0.9993217968093265,0.988695374552039,927.435450796409,606.7819196428571,0.37577284996304927,-0.00038404090189828044,0.988697276779354,421.4655516276121,432.809197020339,0.03705284744501114,0.03660237416625023,175
14110000,lstm_global,supervised,CAMELS-BR,0.9989394697867819,0.9852575286671278,89.96657793917393,69.95024787055121,0.8108047837010304,-0.002249192405415802,0.9852604376253133,43.56962987565568,59.28735481805818,0.10085947066545486,0.0965190902352333,108
14215000,lstm_global,supervised,CAMELS-BR,0.9401283099031514,0.9333565647712183,27.832197439687,10.085111709741446,3.078476808632088,-0.0001971890397866015,0.9394319838231877,4.758082955533439,7.9736328125,0.1878974586725235,0.18213044106960297,78
14220000,lstm_global,supervised,CAMELS-BR,0.9812938402177402,0.9831694114408656,13.239949193538928,6.929550255669488,0.2728596932812417,0.00025285767976273264,0.9859883210980135,48.72742036342805,4.554430456253133,0.12058364599943161,0.11928336322307587,180
14230000,lstm_global,supervised,CAMELS-BR,0.9852894085459243,0.9829561499463305,101.93632620139735,69.15518391927084,1.4338463997380642,0.00043073456851446326,0.9844261260760807,65.72127838288857,78.22900390625,0.21057382225990295,0.2051486372947693,75
14250000,lstm_global,supervised,CAMELS-BR,0.9986140481587042,0.9830943447604507,168.14367236131716,127.10585102282073,1.0867820294576906,-0.0011948380498889577,0.9830971777200729,53.10284693013279,16.923828125,0.12059340626001358,0.11687839776277542,38
14260000,lstm_global,supervised,CAMELS-BR,0.9960562484840456,0.9857032151449328,75.07171244613313,65.29895335230334,0.9660086350977978,-0.0001270008626986681,0.9858038069473495,46.75165606742714,72.87744140625,0.18978559970855713,0.18368926644325256,87
14280001,lstm_global,supervised,CAMELS-BR,0.9964487782624718,0.9794658339845334,80.46336324504557,65.00464489995217,1.1354105190768229,0.0005193772729764241,0.9794926248562266,15.749212442114192,14.7265625,0.18677523732185364,0.18610116839408875,49
14300000,lstm_global,supervised,CAMELS-BR,0.9508078702529669,0.9568451182602167,10.80399961866043,7.771417989963439,1.2916737513184278,-0.001191622739166372,0.9642636465420272,13.986522827616398,23.478439331054688,0.32874298095703125,0.29990097880363464,82
14310000,lstm_global,supervised,CAMELS-BR,0.9786140773258253,0.9759484869442075,26.265714419251964,18.565352576119558,0.07228264459202582,-0.0009106786292166855,0.9783350093572167,26.52554651764679,6.49200439453125,0.3101034164428711,0.3084242641925812,84
14325000,lstm_global,supervised,CAMELS-BR,0.9960106792946033,0.9812041560137412,22.113509609322605,16.540303077226802,0.6024083571108355,-0.0005606594542275304,0.981279312334793,13.777517270945097,17.54628582191996,0.16404643654823303,0.1627447009086609,162
14330000,lstm_global,supervised,CAMELS-BR,0.9982542912317676,0.9844940000106932,255.9136923935938,198.13924002941744,0.44539540143066325,-0.00022121946525848445,0.9845092287204456,174.70099160540693,278.13130633458906,0.11394843459129333,0.11130773276090622,162
14350000,lstm_global,supervised,CAMELS-BR,0.9945810754210618,0.9834596045845226,30.26196437482753,20.74125737319758,0.42411347528997323,0.00017748825097282928,0.983653182360889,32.135764963358454,36.82416128963602,0.1409999579191208,0.14009271562099457,162
14380000,lstm_global,supervised,CAMELS-BR,0.6739528480178694,0.8364506284120925,10.689689129987066,7.312419509887695,4.398061901782443,-0.004451093039167936,0.9550346982281676,3.529910974329574,3.7353973388671875,0.33924591541290283,0.3289165496826172,40
14420000,lstm_global,supervised,CAMELS-BR,0.9988575618395367,0.9855309109312461,256.68367494610123,200.148136091821,0.4621920015346084,-0.00026318688014026134,0.985535723518719,194.9953608947329,227.25378055596246,0.08170211315155029,0.0806373879313469,162
14428000,lstm_global,supervised,CAMELS-BR,0.9979329925353744,0.9836917530491128,5.206472003796742,4.013749660329616,0.5940334182447767,-0.000627890008753032,0.9837128219497471,6.010908483281855,1.3578608578344333,0.13347499072551727,0.12879228591918945,188
14430000,lstm_global,supervised,CAMELS-BR,0.9974883774057821,0.9844557334976715,4.145186043376867,2.771619845839108,0.6143479848282554,-0.0011791106063429695,0.9844921411190131,11.51106945304587,0.5769660495312522,0.1331699788570404,0.12878641486167908,170
14440000,lstm_global,supervised,CAMELS-BR,0.9880120088883652,0.9794847133630957,51.61450072747597,23.010362579161864,1.1528725281823218,0.0005339681335347693,0.9803279043920465,36.24663841278768,42.05818487602626,0.18657256662845612,0.18450191617012024,166
14450000,lstm_global,supervised,CAMELS-BR,0.9983527800429229,0.9880062416705773,15.28128434734172,11.681562484578883,0.6027432901151071,8.095448811282907e-05,0.9880263808178199,10.530512273047444,16.957155377035406,0.13506612181663513,0.13171632587909698,188
14485000,lstm_global,supervised,CAMELS-BR,0.9305111742463735,0.9550400081673831,3.4361626538409284,2.4115943964461835,1.5537891534143653,-0.001378537949313875,0.9712879147204868,4.2758902826801215,6.795909343070627,0.22929732501506805,0.2094154953956604,171
14485010,lstm_global,supervised,CAMELS-BR,0.9644789204127434,0.9766758082291288,3.0606375865259974,1.7358201344807942,-0.560785155813806,-0.0008202338739702261,0.9843911264522914,4.034282193907938,6.563148498535156,0.12251237779855728,0.1336059868335724,57
14488000,lstm_global,supervised,CAMELS-BR,0.9690522193177067,0.9630527444850808,60.56451377889915,38.951347119880445,0.2430903150377158,2.751276918240564e-05,0.9659521284426096,132.7448976237795,215.9324951171875,0.21374624967575073,0.20868106186389923,66
14489000,lstm_global,supervised,CAMELS-BR,0.9825719759240119,0.9831817601971722,132.06334025506777,90.23044025568672,-0.10529438638375976,0.0024631363868621095,0.9855764731927815,159.58537553367174,231.86273934712477,0.21764367818832397,0.21446314454078674,181
14495000,lstm_global,supervised,CAMELS-BR,0.9799222165174208,0.981488786021121,140.8857395392764,89.4191659395812,0.5583174778814057,0.0013462347281162287,0.9844219912171142,129.63032637967325,180.37390312216877,0.20982618629932404,0.21806858479976654,183
14500000,lstm_global,supervised,CAMELS-BR,0.9812401225337073,0.9708964065925065,155.32091485427298,100.25454430063819,0.0828294822351721,-0.001574878038287611,0.9723918985567072,190.35599204952362,90.35134114899262,0.23618340492248535,0.23518255352973938,157
14515000,lstm_global,supervised,CAMELS-BR,0.9928976194434694,0.9806007439862734,115.19320507818313,81.30417568125624,0.23147876580249582,0.0005403315942003779,0.9808973693294765,146.2281953900132,164.55094273916407,0.21926471590995789,0.22284157574176788,188
14526000,lstm_global,supervised,CAMELS-BR,0.9673413546989282,0.9612813794032538,69.27388312817092,33.063623139858244,3.037303439596604,-0.0032826266421485534,0.9645371207745388,112.77798492262414,37.529361091034055,0.43119561672210693,0.4037994146347046,175
14526500,lstm_global,supervised,CAMELS-BR,0.96550124319896,0.9773897881720532,47.27457929465084,27.723525844819363,1.4517106011555443,-0.0013660472150235463,0.9850950333886554,122.36669297343576,103.76980010905547,0.3712846636772156,0.36902326345443726,171
14527000,lstm_global,supervised,CAMELS-BR,0.9834796959235693,0.9707723104137531,95.06375753759264,60.45081427290633,1.055641507983372,-0.003516873756314841,0.9719038051426936,112.57670426811084,165.90888491995733,0.4012865424156189,0.3762572407722473,185
14530000,lstm_global,supervised,CAMELS-BR,0.5159309722742669,0.5532968671940004,98.99101326807788,46.55329358892411,-3.6040531247821623,0.000445957460255577,0.6468749039494028,370.43498275366466,666.9489759199075,0.7733573317527771,0.49457210302352905,161
14540000,lstm_global,supervised,CAMELS-BR,0.6032686685048513,0.7501377427911411,62.763648035128156,35.687977402073564,0.6479543248814882,-0.001643434711704552,0.8765890971484664,172.08844527309765,253.40608862978144,0.559525728225708,0.4400256276130676,157
14550000,lstm_global,supervised,CAMELS-BR,0.738304330011837,0.7951692363630665,174.4030345672472,75.07517473176978,-6.0064009585882605,-0.002326544090835818,0.8490232235204739,477.3058440436382,333.9075948375294,0.6088570356369019,0.5391324162483215,174
14558000,lstm_global,supervised,CAMELS-BR,0.9873729789747525,0.971087837455607,125.35935185313737,76.92302883032596,-0.8852940657023771,0.0012222940459617332,0.9717002323763636,163.7078836460674,169.7697512256423,0.4387410581111908,0.4215991795063019,165
14560000,lstm_global,supervised,CAMELS-BR,0.8364297630660893,0.9057253025608097,10.765886629178674,5.87113345454553,4.994254260880083,0.00048346673281726704,0.9496876818173907,27.068949612837027,5.473025883081906,0.5181491374969482,0.46634915471076965,167
14620000,lstm_global,supervised,CAMELS-BR,0.9947391069760916,0.9792415674058393,186.28165116849902,136.0051201510142,0.32489899689535434,-0.0018710829124806774,0.979368589518205,270.3301772371608,255.6984893527814,0.263658344745636,0.2714462876319885,166
14680001,lstm_global,supervised,CAMELS-BR,0.947083173527737,0.9516543628336551,59.83482751640244,33.88631427034419,-0.5140744540755486,-0.001373261893509857,0.9595787769221045,122.4872924453601,112.28566747195029,0.2227666825056076,0.2112564742565155,188
14690000,lstm_global,supervised,CAMELS-BR,0.9933095585197282,0.9834931561608611,38.299529950481414,23.270358308832694,-0.06038889785822144,-0.0007672865421947464,0.9838164849507478,29.407267874959565,53.786372083879094,0.1998034566640854,0.19323858618736267,188
14710000,lstm_global,supervised,CAMELS-BR,0.9962643674220492,0.982971927241742,202.43143663386115,139.30730460804594,0.1764679163572177,0.0006205670249336166,0.9830582364059645,178.13154387858955,223.12229436948968,0.22855861485004425,0.2201557457447052,169
14740000,lstm_global,supervised,CAMELS-BR,0.9606329686576236,0.9578349767192633,56.730215144914034,33.33732573607483,-0.5013370321576321,0.006241072808055616,0.9626752042004559,54.451457301314015,77.922119140625,0.31856003403663635,0.3097228407859802,74
14750000,lstm_global,supervised,CAMELS-BR,0.9481796406180514,0.934933850594608,24.248800620876693,10.329032950931126,6.069634369175041,-0.004021597382152346,0.9390941658492352,16.15022399001045,0.499114990234375,0.35194507241249084,0.33347365260124207,36
14845000,lstm_global,supervised,CAMELS-BR,0.9671757554262557,0.9755681963443464,46.482004518871555,17.85698083064539,-0.740458165299241,-0.00016431807381035377,0.9819404330674578,44.102690010954134,67.1041872162222,0.3375513553619385,0.34883227944374084,139
14850000,lstm_global,supervised,CAMELS-BR,0.9957474296382127,0.9821704890664067,15.26620440427574,11.107638575579669,0.5154562625350875,0.0005580358687491786,0.9822783185726758,17.430639884039813,23.584901367193773,0.20467998087406158,0.20003150403499603,185
14980000,lstm_global,supervised,CAMELS-BR,-0.05511812488355061,-0.17943476357245758,2.5759925635783163,0.8724985848715965,-10.878538403728413,0.00024298267806996746,0.26654415300762624,10.666795490477128,20.74007836846842,0.645597517490387,0.27829787135124207,188
15030000,lstm_global,supervised,CAMELS-BR,0.9993704594589494,0.9885728824389817,1116.4248290181881,825.182776756536,0.4835852094526576,-0.0005570177011051669,0.9885738316413082,763.3149120367976,1033.3706349324161,0.047553304582834244,0.04650512710213661,153
15040000,lstm_global,supervised,CAMELS-BR,0.9993370351587153,0.9849733239456885,232.5087129962763,159.00810339095744,0.16434745990035662,-0.00016237782223640224,0.9849745961784799,369.62186372708067,462.09918942342205,0.05899818614125252,0.058922186493873596,188
15042000,lstm_global,supervised,CAMELS-BR,0.986980400280828,0.98070324503162,2.284127667681083,1.4128619312534672,-0.11739191835647839,0.0007138732833214794,0.9816667109023987,5.408935438791192,10.59549728820019,0.14362291991710663,0.14632529020309448,169
15044000,lstm_global,supervised,CAMELS-BR,0.8504992212800997,0.8976617313104882,2.081138198258619,1.5224005617993943,1.066202395026444,-0.0007121559470339186,0.9304028027393701,3.7990714111619512,5.0545288685099585,0.06842850148677826,0.05859282240271568,188
15050000,lstm_global,supervised,CAMELS-BR,0.9754880027022407,0.9713430604570421,3.899226587851792,2.1384516525268555,1.0545669046711483,-0.0005676411458623316,0.9739590721452119,13.344350317208463,6.1549072265625,0.13528892397880554,0.12491166591644287,100
15120001,lstm_global,supervised,CAMELS-BR,0.9968953343507939,0.9774088690826355,5.418198014757834,3.244394302368164,1.670208660291999,-0.001873998121483745,0.9774427891502196,5.377439361846557,5.2097746448405875,0.12877559661865234,0.1265377402305603,162
15124009,lstm_global,supervised,CAMELS-BR,0.9704725773540513,0.9754221846495109,7.157744928898564,4.0342905161767035,1.0590146490967791,-0.0006708678326330965,0.9803254229423998,10.467759084212739,0.7264951892182093,0.22126486897468567,0.2098940908908844,179
15130000,lstm_global,supervised,CAMELS-BR,0.9983153759826818,0.9865357486962264,11.696233749405582,8.428236912318638,0.8507386353134805,-0.0010367087953319608,0.986553459788669,6.482485894003311,5.269830502417837,0.09516572952270508,0.09417504072189331,175
15150000,lstm_global,supervised,CAMELS-BR,0.9991695547854176,0.9833574891146374,16.363584951909417,14.338028481666077,1.3560232938124306,-0.0011257599760803316,0.9833583487255257,12.474796339276129,11.650280910848279,0.08514676243066788,0.08348125219345093,188
15160000,lstm_global,supervised,CAMELS-BR,0.9350702226918792,0.9633796049510454,5.601139930058427,3.195028809940114,1.0684446026474486,-0.0027178043989448813,0.9792865809400937,11.460113570284744,13.690971374511719,0.35028383135795593,0.3243526816368103,85
15170000,lstm_global,supervised,CAMELS-BR,0.8948469816844125,0.9317767219963086,10.00348558709348,4.726935615752662,4.373249609671418,-0.0036657096641517645,0.9556181453637599,23.95720182663675,16.632624723721047,0.36744874715805054,0.34362563490867615,179
15170200,lstm_global,supervised,CAMELS-BR,0.8726581425985832,0.8610551946564537,10.900973816373112,5.674174490635113,-4.947814956729633,-0.004579437868106367,0.8755987947592656,27.10821349622901,39.29796946970309,0.3001483380794525,0.29479193687438965,186
15170700,lstm_global,supervised,CAMELS-BR,0.864252144545223,0.839248333081777,19.962147399208234,8.61194433410311,-1.1243828230290884,-0.0015766775708369006,0.8528415667005648,73.0588190303087,104.56292986651634,0.46976613998413086,0.36937570571899414,183
15180000,lstm_global,supervised,CAMELS-BR,0.9639946148998929,0.9499349925328271,5.626369371103517,2.6632546712743475,-0.2567578595492131,-0.0019331786668553563,0.9531471832291253,20.09490585825218,28.619329943313573,0.29030025005340576,0.2714102864265442,188
15190000,lstm_global,supervised,CAMELS-BR,0.9838878379188929,0.9732174001400592,2.005685490892995,1.1650448704653598,0.7605531891195876,-0.002042847892566778,0.9743600170583041,5.623823396161626,6.718821448489671,0.3202221095561981,0.31666186451911926,188
15200000,lstm_global,supervised,CAMELS-BR,0.9989840632789403,0.9778037834443406,52.27250957157313,43.18069515126274,1.9626162119435788,-0.0014099473062452045,0.9778045691971501,10.447007297838667,3.7068408881010217,0.09819059818983078,0.09513387084007263,187
15200010,lstm_global,supervised,CAMELS-BR,0.9991405097100098,0.9769357721291467,46.50668895487282,40.80454611270986,2.04689980611313,-0.00368200024488783,0.9769361264445684,14.853258509470292,10.0611302468264,0.09765148162841797,0.09471765905618668,188
15245000,lstm_global,supervised,CAMELS-BR,0.9548050691679025,0.9509789568675375,4.667255343455062,2.681411162335822,-0.23066062802669118,-0.0013829315135479234,0.9564896728581864,12.809980612598212,7.3752733845957925,0.33434754610061646,0.30348753929138184,188
15246000,lstm_global,supervised,CAMELS-BR,0.9975270069372628,0.9684405374752991,2.1051165369131715,1.7934355368980994,2.511903410175064,-0.0005145236934145231,0.9684447059353709,1.071585827532793,1.320220947265625,0.1958923488855362,0.18603110313415527,39
15248010,lstm_global,supervised,CAMELS-BR,0.9975970654193546,0.9816947989812272,5.804179177748643,4.084815298604687,1.1485224965378809,-0.004393077251990077,0.9817229859169313,11.74587009043918,13.655010110515235,0.21537327766418457,0.21038700640201569,171
15250000,lstm_global,supervised,CAMELS-BR,0.9987300066344464,0.9788864373821657,163.03397448430653,128.66538039497706,1.8541412678702291,-0.0023140976665905963,0.97888813587948,38.24153348431672,42.92390040509461,0.08552274852991104,0.0831625759601593,184
15250001,lstm_global,supervised,CAMELS-BR,0.9988933882699834,0.9777559076463829,154.94637072162936,136.99733230915476,1.9748349369965637,-0.002372750026139639,0.9777567899079507,54.769793241290635,85.1817757541416,0.09286904335021973,0.09051559120416641,188
15318000,lstm_global,supervised,CAMELS-BR,0.9972651430081602,0.9815544689489247,504.1575624241637,427.352922155502,1.3746973220560705,-0.0003424735364568679,0.9815862763294477,309.1077493724837,373.47862357129554,0.1357385814189911,0.13226521015167236,188
15320002,lstm_global,supervised,CAMELS-BR,0.9937607939975692,0.9696502048420865,627.2073563822295,445.60070452008927,1.603523870066226,-0.0005318441872915677,0.9696941806960659,1157.4827003595112,439.1796875,0.1060914546251297,0.10893978923559189,70
15323000,lstm_global,supervised,CAMELS-BR,0.997672453676993,0.9765064598499675,6.706387022330981,5.265021798360413,1.844332178055727,-0.003654359062378369,0.9765211278932028,12.562913989419307,19.54249386269527,0.2001403272151947,0.19196389615535736,181
15324000,lstm_global,supervised,CAMELS-BR,0.9835392294908046,0.9821372952830417,13.015375310788352,5.3934169812391035,0.9558162480207392,-0.0019818154129510462,0.9841207860045169,6.35221056959931,5.118501712846483,0.18556667864322662,0.16771894693374634,177
15324500,lstm_global,supervised,CAMELS-BR,0.9967250488713022,0.9826565636549134,9.65469384438338,5.870370661958735,1.0082558290881798,-0.000733013996298014,0.9827184728312199,3.6619467249672093,0.7360213839859662,0.1477990448474884,0.14979608356952667,188
15326000,lstm_global,supervised,CAMELS-BR,0.9959561825880932,0.9726662377574983,41.906037360259646,23.936343835324656,1.0187026231649097,-0.002292077799336191,0.9726729635836625,131.34254234022578,6.821044921875,0.21661385893821716,0.21370907127857208,49
15326010,lstm_global,supervised,CAMELS-BR,0.9986082930529819,0.9740302984653625,23.508585007392295,19.150806447292897,2.068697509712286,-0.002620163379397307,0.9740322823188644,53.99681500419069,55.10150990766911,0.14231818914413452,0.1349642127752304,188
15340000,lstm_global,supervised,CAMELS-BR,0.9880938816536423,0.9816551837122517,1350.1613794489274,425.87928602430554,0.31674335845652923,0.0005043330050833739,0.9826257474513332,386.7023377922556,426.23695900396444,0.0903237909078598,0.08805468678474426,180
15344000,lstm_global,supervised,CAMELS-BR,0.9980337297905151,0.9841635554483436,6.7059003642041715,5.364453201708586,1.1297065617223454,-0.00293214790876984,0.9841823942096196,9.935351264611052,7.9260023476579855,0.14986193180084229,0.14784875512123108,184
15360000,lstm_global,supervised,CAMELS-BR,0.99688654226788,0.98307566718008,696.2680846289506,557.0398312832447,1.4726188344652713,-0.001512576402480502,0.983122460856689,725.6431350331761,478.17206468501416,0.11502504348754883,0.11272485554218292,188
15390000,lstm_global,supervised,CAMELS-BR,0.9981316248810406,0.9834775740196828,537.3139049326048,417.9440073865525,1.0061706595134472,0.00013072558195570405,0.9834933069200108,235.56583674520226,234.91765804381546,0.09671221673488617,0.09291894733905792,188
15400000,lstm_global,supervised,CAMELS-BR,0.9977396359695705,0.9814237591416696,511.65736161883547,422.58087677651264,1.413669409050767,-0.0016275927848060368,0.981442531338801,367.1126191807402,83.64947949764571,0.11444473266601562,0.1133171021938324,188
15430000,lstm_global,supervised,CAMELS-BR,0.9623014262086428,0.9532778834254546,55.15013667677274,33.54646034686886,0.46758345549972613,-0.0037365383396560092,0.9571738313029643,116.09029052661568,74.1062082912588,0.4125901162624359,0.3968566954135895,171
15431000,lstm_global,supervised,CAMELS-BR,0.9481514962991671,0.957671420304314,5.485467870199263,3.217942323949602,3.3422989644877013,-0.006334327318548889,0.9659168512685077,8.674822999011752,6.1362044085119,0.3687093257904053,0.3453436493873596,171
15432000,lstm_global,supervised,CAMELS-BR,0.9150432083652658,0.9347962330494825,7.847454870353561,2.7553270516625368,-0.40964740030664376,0.00044166602257361687,0.9512831030748159,30.48773988657536,63.24211671700245,0.32637208700180054,0.3109310269355774,166
15440000,lstm_global,supervised,CAMELS-BR,0.9947088916482446,0.9761375671237614,16.680292509062472,9.50411495295438,2.097612340601467,-0.0019313831374866766,0.9762280675085662,48.98100974028967,90.82029046499333,0.18711769580841064,0.19614997506141663,132
15445000,lstm_global,supervised,CAMELS-BR,0.960663036906702,0.9706732217960372,9.091606015067027,3.7943121480662922,1.7933127956854864,-0.001660482809829479,0.9781944934545048,29.821570027844015,8.464386974307166,0.25968360900878906,0.24952347576618195,171
15450000,lstm_global,supervised,CAMELS-BR,0.9980713588093134,0.9804322494571631,11.77800738312114,9.09013711645248,1.18611217802492,-0.00015255102554539296,0.980446446644156,24.508014122018377,11.052948482668867,0.16283293068408966,0.15515337884426117,188
15460000,lstm_global,supervised,CAMELS-BR,0.998856749765787,0.9815711490284943,11.42979107765985,9.185395707475378,0.8535550422992089,-0.00307743654344466,0.9815745833798277,22.202650632327696,32.01547624298396,0.13220608234405518,0.13070768117904663,188
15460008,lstm_global,supervised,CAMELS-BR,0.9987240707875027,0.9788024573623418,10.387151308303517,8.483823936078801,1.1966419001359216,-0.0008124714030011068,0.9788054900505972,20.914395229356547,20.866512067889904,0.1470508724451065,0.14144682884216309,179
15460012,lstm_global,supervised,CAMELS-BR,0.9570315209718944,0.9722729157901279,67.7040417718292,17.609702781394677,0.15890679242419803,-0.002928798171041025,0.9827392036766756,277.5632037829336,17.766851624598488,0.17869678139686584,0.18286168575286865,162
15470000,lstm_global,supervised,CAMELS-BR,0.9691760832507575,0.9627893627071357,2.679360012093314,1.2629613125112635,1.1594307426185417,-0.0011475541164527314,0.9658587497241907,6.743447656023956,13.143123694481929,0.23973119258880615,0.21416233479976654,169
15490400,lstm_global,supervised,CAMELS-BR,0.9985480676883826,0.9865504987706938,546.5095288120785,418.96174524185506,0.8021347662548358,-0.0017428653556446766,0.9865635010656781,230.7223671350724,238.14872699583924,0.09197215735912323,0.08834322541952133,188
15490500,lstm_global,supervised,CAMELS-BR,0.9207399165562093,0.9059064800209873,27.238903590655497,10.591320714889429,-2.078524556827057,-0.0032010761378602204,0.913658546315919,92.40715771304146,77.49674975347725,0.36784157156944275,0.3442191779613495,156
15550000,lstm_global,supervised,CAMELS-BR,0.9991217068435635,0.9824487542775324,9.968856387341528,8.754816542280482,1.0902280392735066,-0.002937774463176286,0.9824504718940058,11.948229128039682,10.507648034209051,0.12966711819171906,0.1258612722158432,188
15552600,lstm_global,supervised,CAMELS-BR,0.7961901706988894,0.847934913505599,23.307681975179523,11.87702458837758,0.8446246632594806,0.0005930553537045608,0.8918018601903519,80.60380478354173,136.2277275914324,0.20966991782188416,0.15578973293304443,184
15552700,lstm_global,supervised,CAMELS-BR,0.9280657020350092,0.9631922647935901,29.730169946344418,14.481978389195033,-0.13529040855686908,-0.0008866396521962951,0.9901965214948693,95.30719381557067,58.07159468604795,0.23676732182502747,0.2572087049484253,175
15553500,lstm_global,supervised,CAMELS-BR,0.9905907726720476,0.9848743186756799,4.482147333881805,3.156512067497121,1.0677899124591868,0.0003053277437239585,0.9855524244151769,4.861158104959552,6.916050677963428,0.1489790380001068,0.14450480043888092,173
15556010,lstm_global,supervised,CAMELS-BR,0.9665061836649744,0.9570453971243396,37.98788250086939,17.900828697161966,-0.2603172898890502,-0.0025995538355371543,0.9602479507690588,120.49037295990716,168.67471023483446,0.2763225734233856,0.2703217566013336,179
15558000,lstm_global,supervised,CAMELS-BR,0.9812951355070808,0.984838138434475,21.885916457915098,10.721722420225753,0.8833692944585204,-0.00043565237133842,0.9880151925948546,16.599580677984793,13.775668728726984,0.1934177726507187,0.200906440615654,188
15558200,lstm_global,supervised,CAMELS-BR,0.6567698989478116,0.7766614916424341,6.190175236503386,2.2294742113835104,12.995067460557152,-0.005455315661818963,0.8480555155850062,23.51953426183993,45.12219093529879,0.8041276335716248,0.6397994160652161,185
15558500,lstm_global,supervised,CAMELS-BR,0.9987250663139017,0.9752181177957553,4.048089331233972,3.002759124852915,1.2093469617836217,-0.005476370249968991,0.975220069977312,10.414250330926981,11.049836453637832,0.1935884952545166,0.18340334296226501,113
15558700,lstm_global,supervised,CAMELS-BR,0.5918824560881677,0.703667563840187,6.490075737954232,2.837697222194773,5.0473357532301435,-0.004011582541013477,0.8045891170761961,23.748351881614244,49.64434313143804,0.6206454038619995,0.4180332124233246,188
15559000,lstm_global,supervised,CAMELS-BR,0.9503964802222097,0.9507292310982272,57.425095439257355,28.73568607898469,-0.09836647300078193,-0.0013891835331775217,0.9574844209300553,175.40076042689685,39.62750895806637,0.2462671995162964,0.22678276896476746,188
15560000,lstm_global,supervised,CAMELS-BR,0.9844930225327088,0.9788292226744479,83.5609851091161,50.29155240160354,1.5615485280645067,-0.0005240181516133618,0.980199440189384,193.82699078876493,106.59257537683321,0.28039655089378357,0.28677433729171753,188
15562000,lstm_global,supervised,CAMELS-BR,0.7301033024858876,0.7561624938012217,4.024108846328058,1.80495892116364,-0.008390429511154358,-0.008455286125641823,0.7979318404718535,14.340312523923654,26.781195923323516,0.6748645901679993,0.4575670063495636,188
15564000,lstm_global,supervised,CAMELS-BR,0.8180734145911988,0.8125988790675482,8.883146866195252,3.689993721830566,-6.583205106037861,-0.007642525492130438,0.8366643971508155,30.73555281546818,46.103960508746816,0.4613606333732605,0.35186946392059326,171
15565000,lstm_global,supervised,CAMELS-BR,0.9421719984375416,0.9375466430479155,28.878372548006062,15.647850031044051,2.1002945876758927,0.002109483316652297,0.9445237123614494,83.53745576493368,59.825460798068306,0.4056309461593628,0.3777011036872864,171
15575000,lstm_global,supervised,CAMELS-BR,0.9954783919451657,0.9894932810400543,9.036183782019933,5.045396575927734,-0.6864268260128248,0.004826209583545005,0.9896591345406395,3.3248511300812233,0.347259521484375,0.1297249048948288,0.14265474677085876,25
15580000,lstm_global,supervised,CAMELS-BR,0.9971079618986217,0.9793047388660048,71.97967462775654,54.95536767282793,1.3774252457878498,-0.003169260148892322,0.9793339569216646,131.41376962199922,55.030998381039986,0.20646095275878906,0.20741945505142212,186
15590000,lstm_global,supervised,CAMELS-BR,0.9952065225084876,0.9766832289411956,1.9034945132765333,1.248149238685344,1.9276922237052259,-0.004865548410393973,0.9767836317420054,2.3104344289453946,1.5841808414520429,0.20931605994701385,0.20773187279701233,188
15629000,lstm_global,supervised,CAMELS-BR,0.9990886477744295,0.9856672536465556,428.8232682747422,363.7078558739195,0.9617576085396466,0.00016059686656934302,0.9856696940935172,220.924815377036,188.43275065597115,0.0816744714975357,0.07958423346281052,188
15630000,lstm_global,supervised,CAMELS-BR,0.9985021721116765,0.9824453495096341,484.72412865249277,395.39185412176727,1.4518349786895917,-0.0012626436228779826,0.9824512321479518,666.2037785506185,128.3212193472998,0.10510312765836716,0.10322113335132599,174
15650000,lstm_global,supervised,CAMELS-BR,0.9957785435005299,0.9780051908618664,9.252954921396633,6.537711796487213,1.5813691235516951,-0.007381115473442862,0.9780846954435805,16.62188141433765,25.132747014772374,0.22823283076286316,0.2235167920589447,157
15660000,lstm_global,supervised,CAMELS-BR,0.9942490202208883,0.9790080099041298,2.6106157938953234,1.421534943130781,1.7014200882779507,-0.004187951135215598,0.9791777099270172,2.5716086226555634,0.6142489322202765,0.22283686697483063,0.21410538256168365,159
15680000,lstm_global,supervised,CAMELS-BR,0.9973792289260703,0.9821275339296897,2.418024506585441,1.5599288080312028,1.1424338625574009,-0.004571169080487693,0.982162622764396,1.3045192794939375,1.1195083409034,0.14173434674739838,0.13673396408557892,158
15700000,lstm_global,supervised,CAMELS-BR,0.9989063286942742,0.9823059915637672,464.1232027873397,349.647080078125,1.4755865011450369,-0.0013904786724838122,0.9823082513983055,107.16267715076168,80.69980858989265,0.08880601078271866,0.08632824569940567,175
15750000,lstm_global,supervised,CAMELS-BR,0.9937806109055118,0.9762651570289399,16.036871187446778,10.589476754930285,1.5651414550278115,-0.000912051005628068,0.9764222291923097,28.082736312811598,36.38327779875785,0.15445028245449066,0.15099482238292694,180
15750550,lstm_global,supervised,CAMELS-BR,0.9946824507937968,0.9792131073996572,19.331206044191536,12.385187149047852,1.106693400804854,-0.0012997667336095628,0.9793517771839475,33.721450618293865,47.16856738766978,0.15624114871025085,0.14839230477809906,188
15790000,lstm_global,supervised,CAMELS-BR,0.9987983019976558,0.9825947925839628,32.155350154628785,25.708402219025984,1.1402852358472089,-0.0015529509090113358,0.9825995542527252,40.58419704236197,51.84478704261482,0.14129579067230225,0.13588334619998932,161
15795000,lstm_global,supervised,CAMELS-BR,0.9979993706134554,0.9816416842147548,16.84164766355886,11.940737982054014,1.6311975485310515,-0.00233354444428234,0.9816581611250338,5.370835709047248,2.788829978097822,0.14672718942165375,0.14572474360466003,148
15800000,lstm_global,supervised,CAMELS-BR,0.9981723309954195,0.9785657439417416,55.23515638162432,43.20533640855024,1.9071311454096658,-0.004449837238442174,0.9785755612168379,18.675814613610893,4.5606430795067325,0.1567150056362152,0.1514614373445511,147
15820000,lstm_global,supervised,CAMELS-BR,0.9974173044963341,0.9766332374379592,17.320865111464812,14.272894805332399,2.153821779911629,-0.0006009200875513598,0.9766510844452089,30.108464994496483,11.537842473945606,0.17336735129356384,0.17171403765678406,159
15828000,lstm_global,supervised,CAMELS-BR,0.9992242852538347,0.9831614876155944,40.522909517900494,34.468558696990314,0.8256899727010489,-0.0016129444588503586,0.9831630260845796,48.218717326600036,44.92287085051278,0.11049242317676544,0.10860709100961685,188
15830000,lstm_global,supervised,CAMELS-BR,0.9990942110974179,0.98378406230464,99.12516846036523,84.48483032875873,0.7381778531683769,-0.001871531484830366,0.9837867906786082,107.66734046493914,137.76570305222305,0.12710624933242798,0.12471011281013489,188
15910000,lstm_global,supervised,CAMELS-BR,0.9953173234417916,0.9692359825506569,27.131023683361196,19.639091723674053,3.0527667022435616,-0.007603446731034337,0.9692955298936698,34.62435045533043,27.77463439127585,0.24614274501800537,0.24020525813102722,148
15930000,lstm_global,supervised,CAMELS-BR,0.9957576128541258,0.9751687298896293,10.839463832330214,6.278399520060596,2.0143263225381705,7.776020446943754e-06,0.9752318643048129,7.299735378878635,4.717529621034432,0.1529226005077362,0.14652714133262634,136
16010000,lstm_global,supervised,CAMELS-BR,0.9985346441908218,0.9825777517050881,3.9508804332801932,3.043527614048549,0.8295129166184553,-0.0004010665758781319,0.982584360199426,6.782909163953138,7.426508618455942,0.08755787461996078,0.08654069155454636,175
16030000,lstm_global,supervised,CAMELS-BR,0.9992663813106734,0.9884593968674117,1464.8068148467128,928.3305560172872,0.31448999891444007,-3.470000766477889e-05,0.9884620071567056,453.0291099778299,512.7158907179751,0.036089204251766205,0.03644570708274841,188
16080000,lstm_global,supervised,CAMELS-BR,0.6743845798441737,0.7344397101431754,156.40189910658577,112.56068454318576,-4.8027108140270185,-0.002203327739131405,0.7917398341830997,381.47473265902323,274.79640355123684,0.17466680705547333,0.16430072486400604,180
16100000,lstm_global,supervised,CAMELS-BR,0.8802364399895278,0.9165063914990534,155.48542657775806,108.73663693382626,-2.3257285579078895,-0.0022814508333833996,0.9424353640391222,67.30153059975987,86.9283388238382,0.18353605270385742,0.15026482939720154,168
16150000,lstm_global,supervised,CAMELS-BR,0.9939821296246362,0.9645778624415349,33.74423328204988,24.35630400945623,2.9583852911405173,-0.0014182869372431628,0.9646680410693195,61.483410675385585,39.04007672222823,0.3712902069091797,0.3467887043952942,166
16205000,lstm_global,supervised,CAMELS-BR,0.9920745034528903,0.9636520868086543,37.07559557813255,24.225482559204103,3.462031561427469,-0.0002809035606947119,0.9636956045251031,6.462290400222571,8.7176513671875,0.2539454400539398,0.2600477933883667,40
16368000,lstm_global,supervised,CAMELS-BR,0.9963712157617642,0.9736073395570458,10.809283208745752,8.241417706012726,1.4674382573680322,-0.0008181259548291978,0.9736410901089146,29.800008872503206,19.388671875,0.15499688684940338,0.1552993655204773,64
16430000,lstm_global,supervised,CAMELS-BR,0.9948805623958059,0.9777745581484576,120.92409357245589,83.69864440917969,-0.05038100382452049,-0.001651610957619426,0.9778951183093906,222.52879009694595,268.6010601824223,0.20747818052768707,0.21277070045471191,175
16440000,lstm_global,supervised,CAMELS-BR,0.9853020123768153,0.9508027052763541,69.40287328561053,31.14206045552304,-0.571752825453545,-0.001421364849233192,0.951211161286288,255.8560154651417,362.8750222127389,0.1818053424358368,0.18059486150741577,152
16460000,lstm_global,supervised,CAMELS-BR,0.9977458916120033,0.9799235083531358,100.75992641343328,79.7150043971102,0.46534202922714424,-0.001583621603193891,0.9799410343784595,180.88723934722356,191.78313252801058,0.17868293821811676,0.17681430280208588,142
16480000,lstm_global,supervised,CAMELS-BR,0.9917364877856933,0.9815574372613407,56.59478803725226,33.03765389259825,0.5381760922505697,-0.0020167309125436565,0.9819911935554037,40.2617413803604,24.88620607778812,0.22581112384796143,0.22566933929920197,188
16500000,lstm_global,supervised,CAMELS-BR,0.9915827782067398,0.9655021526653241,93.38844377181215,51.519569658551895,-1.2102838409469667,0.00015185382915262544,0.9656967959726721,129.12399889296944,187.95453490003484,0.21453391015529633,0.21764913201332092,175
16661000,lstm_global,supervised,CAMELS-BR,0.8681246430224304,0.9166774575862192,33.76568781700364,32.72357177734375,1.9192879393525015,,,19.73974609375,19.73974609375,0.036733463406562805,0.032729074358940125,4
16700000,lstm_global,supervised,CAMELS-BR,0.9599062867645213,0.9305153029719976,4.756278402355697,2.474230985692207,0.0028887132561099312,-0.001610925569930973,0.932978345851592,13.789711504107135,19.17166504401593,0.42497336864471436,0.39944660663604736,188
17050000,lstm_global,supervised,CAMELS-BR,0.9992783077292356,0.9880978008920782,1366.9019765812109,1030.053440824468,0.38278435853375364,0.0002129744395434393,0.9880995088270234,1209.7606744227896,1456.2761339192016,0.03684800863265991,0.03637489303946495,188
17050001,lstm_global,supervised,CAMELS-BR,0.999059060196783,0.9824152923270524,1946.6177174151408,1163.472554125817,0.3465893207747334,0.00028898747163974906,0.9824170358428621,1505.719036271122,2259.334869219154,0.0380297526717186,0.036768581718206406,153
17090000,lstm_global,supervised,CAMELS-BR,0.9795514443638316,0.9456855652271363,57.37278294633533,24.332098101392205,-1.6821557194403496,-0.0008231029618877422,0.9464628064409355,67.71148141113089,81.30164508085433,0.22309638559818268,0.20559486746788025,162
17091000,lstm_global,supervised,CAMELS-BR,0.948381018680361,0.9724437773272944,2.261402527285719,1.3416788039668914,0.3464684264864454,-0.00031551658831351125,0.9877607070418896,5.433096073497471,4.419292634531594,0.024465415626764297,0.023841923102736473,124
17091560,lstm_global,supervised,CAMELS-BR,0.9152509569698111,0.9104691281273687,1.8943069344387127,1.3576070345365083,0.00447129947152579,-0.0001218733476408434,0.9212211900870967,2.892706795105917,4.894092339564048,0.037204187363386154,0.03046841360628605,169
17091580,lstm_global,supervised,CAMELS-BR,0.9575322987206576,0.9596092474789946,3.289342591445664,2.25903687110314,0.33682698223886937,-0.0006143872287915704,0.9653206062727363,2.8656853180215003,1.0237100837426085,0.041829463094472885,0.04315061494708061,104
17091600,lstm_global,supervised,CAMELS-BR,0.913475298926687,0.9542754504986737,6.145875966487442,4.0120597096671045,1.0919796256118528,-0.0001609195586378797,0.9760784296267513,8.799787753224903,13.940132248213944,0.05301195755600929,0.05713127553462982,113
17092800,lstm_global,supervised,CAMELS-BR,0.9398975291374003,0.964854736820913,6.730149489367003,2.7957778930664063,0.6415431232634257,-0.00030647653535623067,0.9811563710762539,5.783066555610046,10.132372742513448,0.03790009394288063,0.038602136075496674,110
17092850,lstm_global,supervised,CAMELS-BR,0.8681150020782314,0.9181595130448893,10.883564183937743,4.431020187119306,0.31371302822924674,8.306556118557306e-05,0.9536585992417065,3.4164447440715437,5.707693183989816,0.0655410885810852,0.052383292466402054,118
17092950,lstm_global,supervised,CAMELS-BR,0.9226149537856113,0.9548421294101768,5.651383363713294,3.899415651957194,0.7789346776362317,0.00022628064163014282,0.9740257001166598,11.986131985001226,11.038055460653322,0.054167285561561584,0.04599906504154205,144
17093000,lstm_global,supervised,CAMELS-BR,0.9934127546987718,0.9891963112011113,19.30069751999383,13.165989519601846,0.6683647026757298,0.00020012507171445794,0.9895288420451559,27.290820441582486,44.455844731087836,0.047843631356954575,0.04752399027347565,166
17094400,lstm_global,supervised,CAMELS-BR,0.9441484899034523,0.923679902985704,5.853061430422927,3.5644176462863353,-0.6099430865175318,-0.0010937319146245156,0.9286764804006212,13.068582166861765,15.82758247308675,0.16234897077083588,0.138119176030159,188
17094550,lstm_global,supervised,CAMELS-BR,0.8700285822729643,0.9254989256831513,8.481897480575956,4.567496130807059,0.660362868021546,-0.000497720060471777,0.9662035348505369,25.261218097257004,1.5588419133032123,0.15939970314502716,0.16110220551490784,175
17095000,lstm_global,supervised,CAMELS-BR,0.9931330442501068,0.981614499957693,13.44417972274038,9.140344295861587,0.5515100013411538,-0.0006058641129648313,0.9818852648363071,9.216607626402668,5.3212465553035075,0.08885325491428375,0.0897311419248581,106
17120000,lstm_global,supervised,CAMELS-BR,0.9951644673526614,0.986413137051143,20.98778838270718,14.529101480573615,0.9715013585751283,-0.0006416974164422263,0.9865743947455897,24.737201239240175,9.44377211385747,0.11164034157991409,0.10730456560850143,149
17121000,lstm_global,supervised,CAMELS-BR,0.998167458237303,0.9867290368177056,6.580488675440559,4.962540727980594,0.6119272270438734,-0.000346016282323041,0.9867505710132192,9.06709866766182,6.747659887018269,0.09361767768859863,0.08925342559814453,188
17122000,lstm_global,supervised,CAMELS-BR,0.9964517553496571,0.9788601969504532,15.50551135666003,10.33199343585328,1.6210154351222819,-0.000617704382326778,0.9789121484391214,11.937788783234392,13.661043017588101,0.13261252641677856,0.12594351172447205,149
17123000,lstm_global,supervised,CAMELS-BR,0.9851445728687125,0.9783501049099964,74.16400754843113,39.23270571142211,1.558051541900631,-0.0014956409989121365,0.9795044178983432,64.20728414006956,26.353873798127715,0.10629846155643463,0.10492987930774689,133
17130000,lstm_global,supervised,CAMELS-BR,0.9966299845161009,0.9765801428894263,95.64293699607732,77.60018157958984,1.7616790479741502,-0.0004929498807155572,0.9765958448262334,185.90336414872266,312.3451089658652,0.10898412019014359,0.1035979688167572,128
17200000,lstm_global,supervised,CAMELS-BR,0.9909623159341389,0.9530265875679699,14.221494057387028,10.473415066497495,4.652901601274851,-0.0020220790619004635,0.9531316533227259,33.719166333191545,20.38128662109375,0.2130359411239624,0.20726130902767181,99
17210000,lstm_global,supervised,CAMELS-BR,0.9910544240348849,0.9694325099827409,21.76860421215181,12.99383325834532,2.9402523679375285,-0.0018432023562714693,0.9696725632254483,60.80151911084317,98.10726191659784,0.19027940928936005,0.18118058145046234,148
17228000,lstm_global,supervised,CAMELS-BR,0.9745095756255695,0.9770010588014729,0.7787370014774065,0.4723286324359001,1.3292930934197122,-0.00035117869616851233,0.9802051284978885,1.5149672200392574,1.1833377640861646,0.1083160862326622,0.1156022697687149,188
17229000,lstm_global,supervised,CAMELS-BR,0.9728536075724545,0.9758074290850953,1.696108071105718,1.0099666372258613,1.4267036403223254,-0.00034491701167600926,0.9791897416237716,2.8558880405607594,5.300340381902352,0.11487504839897156,0.12289939820766449,188
17230000,lstm_global,supervised,CAMELS-BR,0.9880505696013404,0.984054881598291,4.220577119784085,2.751250591683895,1.49441136653906,0.0002063052953381779,0.9849485521748428,6.374317954457654,9.683442063941339,0.10684219002723694,0.10619759559631348,188
17270000,lstm_global,supervised,CAMELS-BR,0.9498720025612214,0.9645391570953468,10.130849350588559,6.369904286152607,2.6056768323316457,-0.00039848806992101755,0.972965770590415,13.98273110988494,22.979267017947215,0.1143980547785759,0.10195276141166687,185
17280000,lstm_global,supervised,CAMELS-BR,0.9963126230350259,0.9855096617307872,25.790336990864482,19.172856919308927,0.7768057672905544,-0.00020637929211431844,0.985603900595972,27.63105181104376,15.330067219404079,0.14007890224456787,0.1397131085395813,188
17300000,lstm_global,supervised,CAMELS-BR,0.9971125596116258,0.977410062760225,30.476040302566524,20.84345391456117,0.591191103939879,-0.00038718674121857727,0.977437421507743,90.22337993498896,72.80224101686797,0.1227598488330841,0.12012576311826706,188
17340000,lstm_global,supervised,CAMELS-BR,0.9768125275666137,0.9675232072053535,55.93157313001667,42.224114172237435,1.6516372680765812,-0.002837449532496013,0.969280210269086,64.20878083619321,30.7220458984375,0.1621956080198288,0.173187255859375,97
17343000,lstm_global,supervised,CAMELS-BR,0.9967759270702968,0.9778710301786676,15.035342968197483,9.195631852073054,1.929909506043629,-0.005765358078539375,0.9779091408568222,11.06019528911502,10.531536959557481,0.14182673394680023,0.13752682507038116,124
17345000,lstm_global,supervised,CAMELS-BR,0.85436952082948,0.8894281839469493,5.774427764964161,3.050028877055391,1.106474601034966,-8.321843673902984e-05,0.9175183578534895,16.201424856100132,28.804401828853106,0.25585347414016724,0.22557136416435242,188
17350000,lstm_global,supervised,CAMELS-BR,0.9729592606879623,0.9751559400819911,3.845660992816417,1.3995191789653203,0.9906546510106135,-0.007046233654318522,0.9791619818185449,2.2504487299196914,4.3252716064453125,0.23693303763866425,0.21750931441783905,73
17355000,lstm_global,supervised,CAMELS-BR,0.978469593565388,0.9784655001107955,15.438167836021316,7.703158682965218,0.3480853343500807,-0.0004669140998785973,0.9809825181286391,47.549286713625506,58.29721096183434,0.23544396460056305,0.25321435928344727,188
17360000,lstm_global,supervised,CAMELS-BR,0.9952120569660095,0.9618783213396352,8.537454830227167,7.225369759968349,3.5767469239969483,-0.001519056510609091,0.9618783213396352,6.102783203125,6.102783203125,0.14852385222911835,0.15708839893341064,14
17380000,lstm_global,supervised,CAMELS-BR,0.9926807319788363,0.9680394465860553,91.1906561090382,69.23774719238281,2.86504916150253,-0.0019110540275632075,0.9681578500752278,83.45125412845226,69.35258541833201,0.1624729484319687,0.15290355682373047,102
17385000,lstm_global,supervised,CAMELS-BR,0.9806120740807428,0.9626446644485555,1.6095051708272468,0.8082679410866322,3.2760641618721413,-0.002776453049402605,0.9638390242718201,3.0058721760647074,2.070151270555725,0.35471484065055847,0.3339536190032959,188
17387000,lstm_global,supervised,CAMELS-BR,0.9909378936871874,0.9755750400771113,7.043228888839415,4.3708044861225375,1.7635940218593633,-0.005686325234644893,0.9759538412653759,15.420338296192853,16.033244688980677,0.23058991134166718,0.22885826230049133,188
17388000,lstm_global,supervised,CAMELS-BR,0.9804505817230851,0.9542340673556888,3.229304459430007,1.6682050149650016,1.3031641853098748,-0.004155275682939781,0.9550059129225693,10.92231995055751,16.675029167330084,0.32740524411201477,0.28967389464378357,188
17389000,lstm_global,supervised,CAMELS-BR,0.9924570756233545,0.9668379063773529,2.1009506961594746,1.2724065286047914,3.1795662798442423,-0.007657170515429815,0.9670118575126396,4.352925595536115,5.515940904963027,0.24545323848724365,0.23535370826721191,188
17410000,lstm_global,supervised,CAMELS-BR,0.9986535171076962,0.9769245279967983,120.00314753276598,89.82337188720703,-0.13842842010951073,-0.0016525212769149741,0.9769274228347625,267.761563358153,319.6652550140758,0.11856310069561005,0.11600545793771744,160
17420000,lstm_global,supervised,CAMELS-BR,0.9950466472839777,0.9764543795972682,146.58647796590714,87.50740752349029,2.065328348142857,-0.0024252098283789394,0.9765451298317129,42.1720057383345,53.520501149360456,0.11912401765584946,0.11610215157270432,148
17430000,lstm_global,supervised,CAMELS-BR,0.9966696540360686,0.9800917318941031,294.6177228551505,162.42149996470255,1.5091123553588697,-0.0013534990445029545,0.9801387006503995,208.7263134338307,376.1634347103841,0.09646058827638626,0.0923374742269516,166
17450000,lstm_global,supervised,CAMELS-BR,0.9806306281843794,0.9751075239979441,25.246762933220328,8.252154760520552,-0.35348487165824316,-0.0003371386834123691,0.9770400565431852,39.71094745276402,2.6290222024782213,0.18982075154781342,0.1774110496044159,179
17500000,lstm_global,supervised,CAMELS-BR,0.999263281454487,0.9852662657227966,184.14904070188624,158.31063128532247,0.630035993387104,-0.0014719353642741288,0.9852675880461571,263.8472940946315,308.8329277639785,0.08406296372413635,0.0833442360162735,188
17610000,lstm_global,supervised,CAMELS-BR,0.980772319233214,0.972209967672012,28.142371662112268,17.306535497955654,-0.03788974643950076,-0.004955612771456591,0.9738708691712621,46.326883843125344,55.20207590301884,0.26265937089920044,0.25267624855041504,184
17650002,lstm_global,supervised,CAMELS-BR,0.999089514287934,0.9865125657292166,207.55445661107441,168.50675920758928,0.6553482679789095,-0.0016373433662519726,0.9865166168020091,187.84298924604587,171.52752390167902,0.08180451393127441,0.08042788505554199,175
17675000,lstm_global,supervised,CAMELS-BR,0.998556155450461,0.977333697695076,39.44639195962045,32.238473047380865,1.7298333507512678,-0.004264785721792105,0.9773383059855805,60.21007925579872,31.47367518095249,0.17980211973190308,0.17254158854484558,184
17680000,lstm_global,supervised,CAMELS-BR,0.9980071950741245,0.9818370697438455,48.84124306832331,36.29956870243467,1.265989408936126,-0.00012486617248792103,0.981853125986064,61.59948578395811,62.507677646420454,0.15621179342269897,0.1478598266839981,145
17710000,lstm_global,supervised,CAMELS-BR,0.9658191261318677,0.9609386019386967,887.6031402670983,341.6824951171875,3.443107918229661,0.0006088687721212752,0.9640628219462306,228.33609946401546,70.90625,0.1588139683008194,0.1520870327949524,52
18119000,lstm_global,supervised,CAMELS-BR,0.9800196363723702,0.975163564396788,25.6578107615675,17.23300852674119,0.1786689654130926,0.002153200687175845,0.9771997468565189,37.25100848402205,26.598411987012113,0.24818921089172363,0.24875299632549286,188
18121006,lstm_global,supervised,CAMELS-BR,0.9663180894031794,0.9545543065696241,21.50021400964517,12.266050929911653,-0.02955403504358248,0.0013101339613917802,0.9576884091893973,17.61911371275516,20.026847607021516,0.14430570602416992,0.16236145794391632,171
18200000,lstm_global,supervised,CAMELS-BR,0.9905061753369143,0.9885368489548136,21.220629221595285,12.286302943288543,0.45222382578548864,-0.00032663668231935894,0.9895445186632712,28.53898994054144,13.882123859289718,0.2713712155818939,0.26957035064697266,162
18250000,lstm_global,supervised,CAMELS-BR,0.9520260652019938,0.9652367684735345,13.382258636722781,6.8740500459254115,0.9909327761559733,-0.00246044586469589,0.9750193222167172,36.50042156641635,15.367953731862617,0.4843180477619171,0.4740372598171234,183
18280000,lstm_global,supervised,CAMELS-BR,0.9961428436768998,0.9831846227179956,8.691243823316244,6.45050821405776,0.9361041305442013,-0.0010847483428157723,0.9832715581371858,12.005291600314091,8.57390329882075,0.1927352398633957,0.19293679296970367,188
18295000,lstm_global,supervised,CAMELS-BR,0.9902133963202743,0.9781248024454814,82.59165307567093,44.34718883468444,1.0140595715453997,3.753277368585828e-05,0.9786325796553893,132.6942213062579,66.82724707737864,0.17439565062522888,0.16776089370250702,166
18300000,lstm_global,supervised,CAMELS-BR,0.9937829266012236,0.9778824869071543,31.215749633535523,19.128353737770244,1.6568174785096184,-0.0022761656890114453,0.9780701141156297,26.01305096249935,28.159849957617908,0.20458391308784485,0.19164493680000305,188
18408900,lstm_global,supervised,CAMELS-BR,0.9019671334551791,0.9472079772795728,1.8980143090362676,0.850085813787919,0.2762294483227352,0.0004028189871076327,0.975430260469121,7.217749608606997,4.313007354736328,0.17740197479724884,0.19958730041980743,79
18409000,lstm_global,supervised,CAMELS-BR,0.7977001535616877,0.8835991687252102,2.2950922870580435,0.973530723693523,2.167200372053232,0.0005684692415474594,0.9441122567894696,8.841916320910109,1.3987179997686323,0.17175084352493286,0.16320079565048218,188
18409650,lstm_global,supervised,CAMELS-BR,0.8803807176484602,0.917641968142304,24.527768793067064,14.859211241945307,3.2772228147703233,8.900248569826755e-05,0.9440451157683444,61.70086546929606,51.57833402545033,0.3668630123138428,0.30125892162323,188
18415000,lstm_global,supervised,CAMELS-BR,0.9755813957273882,0.9673439872860519,28.336216629011872,15.823818767772002,0.42209301806245797,-0.0017341810940984595,0.9696356395103477,67.04702105949882,79.41478224545213,0.29160669445991516,0.2828177511692047,170
18420000,lstm_global,supervised,CAMELS-BR,0.989900175729025,0.9673421213550538,2.9908820654766455,2.0673013674985072,0.4610257182646705,0.00022321155621104517,0.9676512127923793,5.7369735625593465,7.658620567445619,0.12362120300531387,0.11805050075054169,157
18421000,lstm_global,supervised,CAMELS-BR,0.9983742640247164,0.9851145639097173,2.6924395254089784,2.206252034505208,0.7053883295223791,-0.00037150990954254275,0.9851261968783186,2.2952528248680655,2.553659241629005,0.07637340575456619,0.07326248288154602,165
18422000,lstm_global,supervised,CAMELS-BR,0.9984393436708047,0.9864311036853295,3.3862836224060953,2.625213623046875,0.7003441863325139,-0.000249225263773592,0.9864420721865734,1.9684050616807818,3.1289144599523477,0.06434467434883118,0.06382358819246292,157
18423000,lstm_global,supervised,CAMELS-BR,0.9980347299964769,0.9874448896373464,2.02525154840518,1.3963773199852476,0.2908017177050153,0.0004937512273276799,0.9874732720949936,2.0831150371045983,3.4946822227601855,0.053489986807107925,0.05291316658258438,188
18428000,lstm_global,supervised,CAMELS-BR,0.9983468775197331,0.9797755046571629,1.1546925975446882,0.8913368409679782,0.9567384133348521,-0.0009078101793369639,0.9797824181643744,2.281745994668558,2.361860254911149,0.07952122390270233,0.08013765513896942,186
18435000,lstm_global,supervised,CAMELS-BR,0.9984845171389111,0.9846004902416694,2.3833780625357024,1.9519541327328604,1.1202921200842917,-0.0011382878826038459,0.9846095762637301,3.7052101878503154,1.5703733003794,0.10095608234405518,0.09988522529602051,187
18436000,lstm_global,supervised,CAMELS-BR,0.9989201541333091,0.9836920697391976,5.671944774102072,4.5227955554394015,1.013157154985631,-0.000777856501961105,0.9836958299546535,6.500736560921217,8.435558373844605,0.0954156443476677,0.09387459605932236,188
18460000,lstm_global,supervised,CAMELS-BR,0.9982975894881506,0.976496782059663,75.18034000395166,68.97697318868434,2.0348740327609756,-0.0013118674500516014,0.9764991876874817,65.11088349691472,119.07524397923352,0.09444501250982285,0.09301893413066864,188
18470000,lstm_global,supervised,CAMELS-BR,0.9794867226352912,0.9764062989845701,383.63407852723935,129.631295062126,1.255272040324676,0.0012198261985909634,0.9785000549068116,972.5846792994156,688.090344171919,0.09211011976003647,0.0980258658528328,188
18480000,lstm_global,supervised,CAMELS-BR,0.9968704519590541,0.9781928099567685,7.30408756615862,5.576766033967336,2.0721659585924526,-0.0036213581971364303,0.9782289681569017,9.957530748466132,11.42296132510056,0.27731963992118835,0.26676812767982483,132
18500000,lstm_global,supervised,CAMELS-BR,0.9673634550570515,0.9700577337154813,181.70163162571953,51.35060942512524,-0.06611939906636377,-0.004449548966818442,0.9749560259905251,93.52175628294034,47.102630368072006,0.21942450106143951,0.220155730843544,158
18510000,lstm_global,supervised,CAMELS-BR,0.9987216577764662,0.9836598396899158,122.09749490864988,101.50648265165441,1.2175693165120045,-0.0014725101492414142,0.9836651132905299,154.21773376026948,220.45690380905006,0.11137618124485016,0.1081363707780838,170
18514000,lstm_global,supervised,CAMELS-BR,0.9793111366811066,0.9756661324947401,563.3297445265163,189.09282797955453,1.3394568358829282,-0.0009049864861252685,0.9777336622922576,1388.0337143655415,989.1600566275079,0.09960755705833435,0.10602016746997833,188
18520000,lstm_global,supervised,CAMELS-BR,0.9990400171357109,0.9811781075195248,123.95868676067474,107.1022923246343,1.270753525153165,-0.000622882991625634,0.9811795571303937,123.36237993133048,144.92360049472381,0.10543458163738251,0.10138257592916489,188
18590000,lstm_global,supervised,CAMELS-BR,0.9989295484761789,0.9771666497584229,47.9275633653009,34.93919010502952,0.8860664941742388,-0.004978318944370105,0.9771676164979494,149.63995725552462,195.82316975300142,0.16513128578662872,0.1590101271867752,140
18600000,lstm_global,supervised,CAMELS-BR,0.9988265603213684,0.978587538599749,41.373697348720356,33.98576137598823,1.6959309306201389,-0.0059033181993811,0.9785895378462901,39.42276140560714,19.02083207369282,0.14774928987026215,0.14294447004795074,136
18640000,lstm_global,supervised,CAMELS-BR,0.9977555047111756,0.9765159540779268,19.183736284608404,14.38503242674328,1.777616991703481,-0.0023252145458230664,0.9765284250315245,19.141304497315826,29.0303955078125,0.18463212251663208,0.17775513231754303,84
18650000,lstm_global,supervised,CAMELS-BR,0.9989385086263735,0.9838995542623187,28.68386130674124,24.31614106418165,0.729349922940219,0.00040490504619193624,0.9839038054558803,32.98836518748704,39.6800316628381,0.1464701145887375,0.13976404070854187,163
18849100,lstm_global,supervised,CAMELS-BR,0.9785176284273923,0.9748025561386042,1103.0802191298333,369.37632199551194,1.676958807076134,0.00016481131943611033,0.9770274909461358,1166.242552322559,1865.988802802047,0.115569569170475,0.12279876321554184,188
18850000,lstm_global,supervised,CAMELS-BR,0.9990922219927643,0.9808606330278149,214.50851703572926,184.64043864798037,1.4643699049678813,-0.0005721080814801924,0.9808619543577286,277.0308893215803,458.1837066464224,0.1103716716170311,0.10714302211999893,188
18870000,lstm_global,supervised,CAMELS-BR,0.991261954734262,0.9725443981134272,19.88662194475948,11.113706155551855,1.509321395647956,-0.0049984674344869875,0.9728489937614211,33.27333473609074,13.063197347815734,0.3571930229663849,0.34299638867378235,167
18880000,lstm_global,supervised,CAMELS-BR,0.9950327854029695,0.9752964765346162,27.716191428529502,18.178683567792177,1.8588462002788675,-0.003866245160011078,0.9753927808499412,25.669444876926196,8.427995402779256,0.25574687123298645,0.23971910774707794,128
18901080,lstm_global,supervised,CAMELS-BR,0.9785180748049492,0.9748029479124158,1099.7461540795775,368.2598773063497,1.6769713052014483,0.0001684327278977868,0.9770278479002966,1162.7568274970201,1860.4102793965437,0.11556308716535568,0.12279190868139267,188
18960000,lstm_global,supervised,CAMELS-BR,0.9980321504500945,0.9897518425863524,0.34107438562907455,0.21549762117451635,0.4555089205909317,-0.0011786051174809305,0.989790375761336,0.5570233547112148,0.37701579564017945,0.08129183948040009,0.0826934203505516,174
19100000,lstm_global,supervised,CAMELS-BR,0.9932892788320574,0.9739167814853296,5.820748071813256,3.897005712732356,0.9987934569898966,-0.00025079967668996395,0.9740933557178346,8.242488466644708,11.461120144830115,0.18839339911937714,0.1845320463180542,188
19150000,lstm_global,supervised,CAMELS-BR,0.9950419708900571,0.9762386546774324,77.53664487192886,48.552464627205055,0.4367204494470804,-0.0015990730892602271,0.9763380525352247,141.69325103076258,209.4611624006914,0.16893987357616425,0.165448397397995,188
19200000,lstm_global,supervised,CAMELS-BR,0.9643174737392595,0.9503025021667828,3.4851309996102264,2.03781590634521,4.5621187209096,-0.008503549724227982,0.9533432689270402,8.818519326839567,10.862623224729901,0.3596651554107666,0.3414774239063263,188
19300000,lstm_global,supervised,CAMELS-BR,0.9616615359258671,0.9486577598396815,6.7193050394267475,4.134219747908572,0.05587962564701632,-0.0010018840642736816,0.952224873158031,8.849801088816792,10.686328244607568,0.23658913373947144,0.22841611504554749,188
19400000,lstm_global,supervised,CAMELS-BR,0.9585086531417769,0.9538991665585519,5.108804538496533,3.3999785946076173,0.9364342904476096,-0.0004596025487256447,0.9587651915464876,6.3085624974399535,4.563618475987057,0.23273040354251862,0.21563339233398438,166
19985000,lstm_global,supervised,CAMELS-BR,0.9645409204830203,0.9745072320111503,31.9632605026695,16.04771017242264,-0.6948302212621169,-0.001869788574385696,0.9817299083064968,61.376554804524574,102.38780938441904,0.4061879515647888,0.39930394291877747,182
20000900,lstm_global,supervised,CAMELS-BR,0.5634638921909674,0.6473482519195367,0.7684002835155356,0.26848163913531475,0.6452885308166567,-0.004105537937374375,0.7490124453563258,2.9131055968207717,6.371315002441406,0.3933703601360321,0.26961907744407654,83
20000950,lstm_global,supervised,CAMELS-BR,-13.216235972292699,-0.8212312379308415,0.4565779370665308,0.38778423724022315,103.7484826843174,-0.00485058886496529,-0.7835976348551017,0.33461486069921004,0.5751030445098877,0.13500897586345673,0.05455894023180008,94
20001050,lstm_global,supervised,CAMELS-BR,-1.1585047145452885,-1.1574327984714325,0.10615277696227791,0.044255069456994534,189.11152576753275,,-1.1497523604059632,0.3907097310193117,0.030463874340057373,1.401822566986084,0.8531906604766846,75
20001130,lstm_global,supervised,CAMELS-BR,0.8698171189540003,0.8803173186171451,0.11702058894063705,0.0787540738071714,11.00392466763624,0.0049098619042551046,0.8882609628878537,0.0966822063074515,0.17822051048278809,0.1574818193912506,0.15880818665027618,84
20001200,lstm_global,supervised,CAMELS-BR,0.001626027839381372,-0.2716319475377966,4.493199471395542,0.7530597675706923,-21.94771410905754,0.0008580498867903751,0.001900436661553151,19.718524187181888,43.9411723613739,0.845042884349823,0.23087257146835327,97
20001400,lstm_global,supervised,CAMELS-BR,0.7237891106070944,0.7540866740421039,0.5016626628383188,0.3588581876602115,23.21704339694163,-0.008937962052796657,0.766237581109258,0.6734801624678396,0.9626781514871549,0.27211031317710876,0.2613084316253662,82
20008000,lstm_global,supervised,CAMELS-BR,-38.430458817650816,-5.108774631400117,5.867907575493114,0.9714524437274251,150.07923174043648,0.001454249087785943,-5.108540812940506,20.795169361914713,46.4912109375,0.6709914207458496,1.2523244619369507,63
20009000,lstm_global,supervised,CAMELS-BR,0.5429899859470726,0.5380436537406855,2.548491866135426,0.8969994657918027,-0.5009324811745556,-0.0008936306982283079,0.6021464162621957,10.48449300598717,20.634953312379967,0.5331697463989258,0.32967376708984375,171
20017000,lstm_global,supervised,CAMELS-BR,0.9110295330651582,0.9421991426516203,0.19464309841596084,0.07477175309295543,3.469378132506664,-0.0008295770953865196,0.9624683843463576,0.6973695389430071,1.3899132664170388,0.2706209719181061,0.2596439719200134,171
20050000,lstm_global,supervised,CAMELS-BR,0.7909068878518298,0.8087116368190178,57.28203715558074,26.45000829087927,-0.5835164221630688,-0.00025885108089437545,0.8419673072316922,214.15804605513887,392.549136827571,0.3608763813972473,0.2905505299568176,188
20090010,lstm_global,supervised,CAMELS-BR,0.9378815218752148,0.9471528097080268,18.53138936336432,10.585265741115663,4.361642693509854,0.0005065395590791895,0.9558241003780498,49.75820363960635,76.35325325052366,0.216730535030365,0.20204918086528778,123
20100000,lstm_global,supervised,CAMELS-BR,0.8811344348656738,0.8889199475774565,7.262826177157149,4.04512276328527,2.180694393747531,-0.004513826828685605,0.9068633159025843,20.81154167239021,13.102371951822915,0.39136192202568054,0.2821475565433502,156
20150000,lstm_global,supervised,CAMELS-BR,0.8077141486533888,0.8136410195256831,1.2946481380839119,0.7904827445745468,15.992735453421112,-0.0038852921203361528,0.8329398538615915,3.9226541407524085,4.693979716334095,0.391186386346817,0.31483355164527893,120
20200000,lstm_global,supervised,CAMELS-BR,0.793985451601204,0.8166901995454505,23.694855376657767,9.478826826033385,-0.06599938388263568,0.0008703722604620177,0.8497429029768029,93.02810393913535,131.68455377677327,0.480286568403244,0.40704336762428284,184
20250000,lstm_global,supervised,CAMELS-BR,0.976597403287379,0.9555321069686113,27.276487455837263,12.534109906947359,0.4455211635866005,-0.000857331008487873,0.9568860533583556,96.63872313951212,110.98184812585039,0.28703776001930237,0.2899320125579834,188
20490000,lstm_global,supervised,CAMELS-BR,0.9151176966778892,0.9154710304278769,76.72789072877069,39.85678116818692,-0.3845378936779866,-0.00013184668598067648,0.9259329199396903,238.51587454205207,412.94874455388157,0.40103578567504883,0.3333156406879425,188
20500000,lstm_global,supervised,CAMELS-BR,0.9688043147448782,0.967808203217433,57.934795480011594,35.54510534570572,2.631518096939855,0.00040783328855384035,0.9713229253741044,132.80076185887498,116.2402311612385,0.23711222410202026,0.23212352395057678,188
20699000,lstm_global,supervised,CAMELS-BR,0.5483354183381011,0.71074775328798,16.738376594311895,7.661171101754712,6.570263341167399,-0.0035872495435309085,0.851031412090147,52.14037256219788,74.0921291062724,0.48204028606414795,0.3849436938762665,186
20700000,lstm_global,supervised,CAMELS-BR,0.5757526997272556,0.575313877402905,42.52299778476125,14.878182969194777,5.6439796990693845,-0.004600374336267053,0.6272989498031809,168.15810009875494,365.5951793562078,0.5622758865356445,0.39785531163215637,188
20899000,lstm_global,supervised,CAMELS-BR,0.7409087713588762,0.617033700316272,52.74649628648835,22.114946328103542,-4.149857623445319,-0.00233341170226372,0.6281123634994952,209.63912213848957,330.7440813454703,0.5515140295028687,0.3762362599372864,128
20900000,lstm_global,supervised,CAMELS-BR,0.7615966989686813,0.7200911020541605,40.37372758833231,15.95859135465419,-2.650457717127533,-0.002135617390478413,0.7410115384308933,156.27349316800024,207.27164359231526,0.407889723777771,0.30776944756507874,188
20950000,lstm_global,supervised,CAMELS-BR,0.4351141148782963,0.4960160813225031,24.76311090100796,7.889989086288087,-3.547543159836234,-0.005690058421419376,0.6213270267029685,101.40761182650458,210.2540214916912,0.7157362103462219,0.42109215259552,188
21050000,lstm_global,supervised,CAMELS-BR,0.9726850400742932,0.9693189782366453,84.01899053695766,51.252899251085644,2.271426908463405,-0.0017738499260408457,0.9717813546101284,223.8967851697487,383.79954599896854,0.2336779683828354,0.22929321229457855,188
21050020,lstm_global,supervised,CAMELS-BR,0.6927278299817281,0.8331611041038239,134.23020670134466,97.60004951642907,7.270495876499737,-0.0016465774265860978,0.906714890995612,195.12338572523564,93.06757273728533,0.20290030539035797,0.1632157266139984,184
21070000,lstm_global,supervised,CAMELS-BR,0.8933374090515065,0.9351422285248109,101.85101676940737,69.845229412647,1.3270482980604787,-0.00020150674050902536,0.9637328225902025,170.0476034557706,171.94451816012588,0.15957322716712952,0.146514430642128,188
21080000,lstm_global,supervised,CAMELS-BR,0.6084632743894047,0.7076434873171855,175.292324992934,121.73837150411403,-6.978620078052243,-0.0067122030385526835,0.7927286570676394,347.2515776323501,521.0325643171379,0.2658052146434784,0.19445116817951202,188
21210000,lstm_global,supervised,CAMELS-BR,0.46851872120294724,0.6621753960452155,2.4770057255598394,1.3119552585813734,21.93198010129,-0.0006389309537428202,0.7334300782210631,7.6714484988334135,5.300842592143985,0.552026629447937,0.3617522418498993,135
21220000,lstm_global,supervised,CAMELS-BR,0.9878620800989749,0.958811218543053,9.225050392068002,4.849174864498186,3.545393087017359,-0.0009883806289662338,0.9591396236411605,28.80192891819582,37.78813355954634,0.36647164821624756,0.3456193804740906,162
21300000,lstm_global,supervised,CAMELS-BR,0.7532910193175107,0.8006491726279404,9.380948236107832,5.006218583243234,10.880101254611226,0.0018187993352926134,0.818090485950824,29.223071808776403,13.100228368231743,0.22810770571231842,0.22400270402431488,140
21500000,lstm_global,supervised,CAMELS-BR,0.9756801429409703,0.9569307371589587,35.696309762136686,16.16692027339229,0.713165232635219,-0.002483099879299934,0.9583541841283421,96.63798741992753,74.94537020641998,0.31161993741989136,0.32389721274375916,162
21510000,lstm_global,supervised,CAMELS-BR,0.4703832374632264,0.6876583144946755,10.427513066366618,2.128948191378979,1.7776221958035197,-0.0011398664986962386,0.8841524125644272,44.295672999772734,93.84475720519751,0.3211580216884613,0.28519800305366516,188
21560000,lstm_global,supervised,CAMELS-BR,0.9595465998553605,0.9737606404634466,8.142505330980976,4.188497629430559,1.667686373658855,-0.0018931511584112468,0.9823860217555187,22.862596944734758,25.859815295042313,0.3986736536026001,0.3918665647506714,144
21580000,lstm_global,supervised,CAMELS-BR,0.5309401566261462,0.6403765041808267,1.2961216848212072,0.5475367149420544,1.1754569304541125,-0.001197657053680131,0.761093459859318,4.846250728872108,7.481056574055362,0.13777472078800201,0.10936371982097626,113
21600000,lstm_global,supervised,CAMELS-BR,0.9479330916422706,0.9671319814093569,38.13229186579892,20.368787157213365,1.9851579286978354,-0.0018430142069146872,0.978564232058421,118.09366406413893,118.87981452156362,0.3656240701675415,0.33204516768455505,185
21650000,lstm_global,supervised,CAMELS-BR,0.9566708109068467,0.9204801267871303,110.87745285620088,47.37398979511667,-1.389606387660134,-0.004149318272751355,0.9228793620720604,413.28822629493936,607.596047539206,0.3419739603996277,0.2968180179595947,188
21660000,lstm_global,supervised,CAMELS-BR,0.9123254844934889,0.9313454349195138,78.44339464538653,30.266617662163192,0.5607136588311582,-0.0016851852440687293,0.9478813651307588,273.8859052051741,248.8919690998872,0.41751623153686523,0.4210682809352875,186
21750000,lstm_global,supervised,CAMELS-BR,0.8418064034113801,0.8390386482425702,4.896414346675101,2.13411044467027,0.82337284165215,0.0009975986580791586,0.8598703022935448,19.71712997376521,13.575141052682145,0.16072005033493042,0.12204955518245697,157
21850000,lstm_global,supervised,CAMELS-BR,0.7435599513024436,0.7505535271592116,52.25262535909818,28.63999529087797,2.209372026841533,0.0008331046486093497,0.7869740463163692,188.7456874256477,226.98195927020564,0.3085443675518036,0.24042128026485443,188
21860000,lstm_global,supervised,CAMELS-BR,0.739046358411676,0.6573235769204138,77.64030136615301,31.636603201589278,-0.6433203386530916,0.0006575230160880841,0.6710591948870286,304.98966413457646,632.129937404438,0.33896777033805847,0.25937458872795105,186
21890000,lstm_global,supervised,CAMELS-BR,0.869455619623194,0.9187403674591617,88.29237707271614,37.108622530673415,4.40905578978607,8.050049958794117e-05,0.9470370526036783,338.3809691381296,501.4917734349537,0.2743748128414154,0.28832438588142395,188
21891000,lstm_global,supervised,CAMELS-BR,0.8976321017918294,0.7895857386064911,40.35403414172786,16.287895162054834,-2.6850791590957956,0.0012521042318071624,0.7927653903885069,140.5396155704623,215.57680778553487,0.2185903638601303,0.19047871232032776,188
21900000,lstm_global,supervised,CAMELS-BR,0.9487049136525317,0.9180721836842385,176.94469401088068,73.6331755455504,-1.0596026280994648,-0.0021834501891893655,0.9216721504548375,656.3085197404778,948.2138033630899,0.2942596971988678,0.2521195113658905,188
22040000,lstm_global,supervised,CAMELS-BR,0.8629201036122298,0.9065545274315411,315.17807499308685,148.70848678330245,5.5617732316469635,0.0004837525139054222,0.9289535756175257,753.5426784602716,1547.103848442197,0.21936708688735962,0.21456339955329895,177
22043000,lstm_global,supervised,CAMELS-BR,0.8639722648328872,0.78168164903951,269.0677136271951,169.38400333485706,-9.0167053691118,-0.0052640603135617435,0.7878772062760815,679.7389806466899,1076.7830125590199,0.32671332359313965,0.24579544365406036,188
22045000,lstm_global,supervised,CAMELS-BR,0.763717379067678,0.8367060041215812,268.425812338787,187.72784082849597,11.751713722201636,0.0016523545516894337,0.8718156753101123,394.39164281674323,404.88454814448704,0.3497125804424286,0.25372740626335144,179
22050001,lstm_global,supervised,CAMELS-BR,0.8921081530775226,0.9110884766947549,317.91310652562885,184.85060119628906,6.884808318389975,-0.000256637333134295,0.9248392199089042,926.3147020960502,439.1154514473685,0.2735525071620941,0.30272236466407776,184
22100000,lstm_global,supervised,CAMELS-BR,0.9572898654783817,0.966647965003207,34.70568431718396,10.137231061164337,-0.37433443422351664,-0.013697076366545866,0.9745501867193921,20.508281161212576,17.233382302470858,0.3640095293521881,0.33957451581954956,158
22150000,lstm_global,supervised,CAMELS-BR,0.9953257365715824,0.9774001152987529,13.791360204441323,8.07492251402658,2.0723295887188957,-0.009328154174455552,0.9775050840122581,16.17231450679191,19.66211205868311,0.23570574820041656,0.23845303058624268,184
22160000,lstm_global,supervised,CAMELS-BR,0.9955207623041779,0.9850541079364138,1.734700401901369,0.922636452831071,0.7542431950512497,-0.0035078164380774463,0.9851939148295379,4.006593415925653,4.969364167350567,0.18412424623966217,0.18036937713623047,145
22190000,lstm_global,supervised,CAMELS-BR,0.9331305076921471,0.9211510985503899,6.6097966618448565,3.7770394437453327,0.07105398791421311,-0.0019314476567242125,0.928397644549102,16.322054875849396,27.921442750107698,0.3480042815208435,0.3025757670402527,170
22220000,lstm_global,supervised,CAMELS-BR,0.8064920560257542,0.8692657531573456,55.4756982206457,30.346895521337334,3.243390622142941,-0.016352926946888155,0.916324420381869,153.59494969601775,130.12188720703125,0.4702886641025543,0.43604516983032227,66
22250000,lstm_global,supervised,CAMELS-BR,0.9347402296494048,0.924253495818924,62.46350427637536,31.105278870333795,4.402149669605635,-0.002354615204616793,0.9309836670208176,209.8961805667677,281.15865955171444,0.42622676491737366,0.42736878991127014,184
22280000,lstm_global,supervised,CAMELS-BR,0.9027278409579764,0.9166768644191794,271.3549092385756,180.99716543644033,3.977576064017615,0.0008437340039710584,0.9304790985391067,662.8543162625048,1264.2943221337473,0.21894019842147827,0.19856005907058716,188
22350000,lstm_global,supervised,CAMELS-BR,0.9709570368118101,0.9304204482745543,241.12898171656178,142.43996900193235,1.7501170134646498,-0.0037816742635629168,0.9315944964805256,634.8547833879887,484.8659951248359,0.232323557138443,0.20872722566127777,188
22490500,lstm_global,supervised,CAMELS-BR,0.7978796333267393,0.6892265218164432,693.5944239253874,296.4691253012799,-10.491843867270694,-0.00316058481354343,0.6975106307988697,2644.9832642267324,5232.813787052364,0.37918874621391296,0.3138294219970703,188
22500000,lstm_global,supervised,CAMELS-BR,0.9394309548827674,0.9424574938503666,295.4588291108302,181.82267907325257,4.969230026276414,-0.0002489117682639326,0.9492123912474325,631.5776521322489,930.9538171768528,0.2577662765979767,0.25499334931373596,188
22680000,lstm_global,supervised,CAMELS-BR,0.7166102141074078,0.7663358738508244,82.3365159002701,31.539392139600672,0.6488371149296139,0.0014944781305482428,0.8220158033800238,320.90656994380316,671.682571102514,0.27043014764785767,0.21339276432991028,184
22700000,lstm_global,supervised,CAMELS-BR,0.856752462352401,0.9066011469377294,62.53221044933967,31.234061496709685,2.1974664093402403,-0.0010175837891189636,0.9410066153111851,199.76628994018446,230.09013019550284,0.26905831694602966,0.24984486401081085,153
22730000,lstm_global,supervised,CAMELS-BR,0.9488483668674599,0.9600904915505973,20.69579716951738,9.600941850783977,0.5070869591795341,-0.0028914489206364954,0.9671428316554944,57.96998985891225,113.18915804508937,0.28956881165504456,0.30349597334861755,188
22750000,lstm_global,supervised,CAMELS-BR,0.8750646637021093,0.8626665666265492,92.51548308148327,51.728159854286595,-2.343763554114919,-0.005743823829256468,0.8775728286554214,191.45626982370152,304.5674065352444,0.31623297929763794,0.2993486523628235,114
22850000,lstm_global,supervised,CAMELS-BR,0.9225229927066472,0.9370117476552902,29.717430220540933,16.831824850528797,5.096578710332622,-0.000880024004082821,0.9485823199896826,51.080918537457066,12.954937297392629,0.28071823716163635,0.283446729183197,188
22900000,lstm_global,supervised,CAMELS-BR,0.9412026226985261,0.9624961779141639,117.56447446687822,66.25746512812609,0.7724643288863445,-0.0008236374284356397,0.9748848873544123,342.2974124881189,445.18069048147754,0.267036110162735,0.259342759847641,179
23100000,lstm_global,supervised,CAMELS-BR,0.9822467503384514,0.9613595210903471,332.7619072386664,215.86744088837594,1.8554758035935268,-0.001030579903647827,0.9622613449963248,470.7890179524951,438.3998926229154,0.23391740024089813,0.22153612971305847,165
23130000,lstm_global,supervised,CAMELS-BR,0.9550163373335159,0.9630454087149698,2.1423845074163057,1.2202496576182387,2.7933440960306295,-0.004937015529859888,0.9705346164945512,3.7374283457018396,0.6312744704636548,0.3995668888092041,0.37114283442497253,188
23150000,lstm_global,supervised,CAMELS-BR,0.8586271222989925,0.9076498757825736,15.699170871708407,8.02122280703988,0.8085389012227274,-0.0017156279343170343,0.9430444748698322,48.23193938041894,57.37701567568037,0.40973830223083496,0.3440922200679779,157
23220000,lstm_global,supervised,CAMELS-BR,0.9617393261885838,0.9763579760147485,3.216224251628985,1.6452892942631498,1.434431625558777,-0.0012749436964569344,0.9854564975513534,8.140526844862174,6.560279010778468,0.15742148458957672,0.16195307672023773,188
23230000,lstm_global,supervised,CAMELS-BR,0.7614218214895113,0.8521848806906656,31.81584703327058,13.576023715281346,-0.9026444253297102,0.0018214696610924196,0.9224418205304156,107.7711565184706,40.021197572635465,0.4022475481033325,0.34906110167503357,171
23250000,lstm_global,supervised,CAMELS-BR,0.9537176994065407,0.9305550489373762,26.067514075532046,13.579518643171427,-0.29817730878013365,-0.0011277218357887975,0.9341543497641875,72.48417422628138,47.74986290047986,0.3323436379432678,0.2865583002567291,179
23251000,lstm_global,supervised,CAMELS-BR,0.5774529065163125,0.4828215536521677,39.85889108358462,10.77363587788173,-6.635727007401251,0.0033988754903675478,0.5126389047151888,170.29911914898054,298.0528803399095,0.8429334759712219,0.5655099153518677,175
23300000,lstm_global,supervised,CAMELS-BR,0.9863794883115217,0.9752815466163994,213.10524143705976,148.79063188268782,1.9871910490931248,-5.205244064261649e-05,0.9760482918492998,560.3674590789581,356.6237699625842,0.18841958045959473,0.17981496453285217,188
23468000,lstm_global,supervised,CAMELS-BR,0.8929697581867467,0.9450629534163105,14.425488432380721,5.496182441711426,0.9428523817158918,-0.0006689367806765496,0.9848813256761548,55.08934964342155,60.361551104895014,0.2240479737520218,0.21499033272266388,188
23490000,lstm_global,supervised,CAMELS-BR,0.9125146265992579,0.8500169888960897,623.0899791531476,396.20139328976893,-8.562984287737503,-0.00426539165420641,0.8539656559877651,1615.1718066100502,2797.2937831025342,0.2740402817726135,0.24460510909557343,188
23600000,lstm_global,supervised,CAMELS-BR,0.9380469749897486,0.9560333681810091,516.6466586017299,353.5685307928856,2.578089907407838,-0.003811149809741069,0.9682164277072302,748.9421104114793,619.4044887651828,0.22675925493240356,0.1898455172777176,188
23610000,lstm_global,supervised,CAMELS-BR,0.8686755746448779,0.8615622014065755,6.283229896921275,2.5713605213165285,-3.323975980368767,-0.004206476828340907,0.8782672388467018,21.397267991517054,8.449832189594188,0.5627350807189941,0.4924977421760559,175
23650000,lstm_global,supervised,CAMELS-BR,0.6785402134858636,0.5804184067206721,28.658294717021427,8.384592081045176,-6.113272919209895,-0.001486815025706821,0.6019996465093114,123.41966457701156,223.51166777933858,0.7513779997825623,0.5228745937347412,154
23700000,lstm_global,supervised,CAMELS-BR,0.9641268508424733,0.9256736115088189,565.597846872793,383.5743023907697,4.656620957881706,-0.0012704078045352347,0.9272817612625224,1037.479258156992,931.0320185977379,0.2783268094062805,0.23199722170829773,162
23710000,lstm_global,supervised,CAMELS-BR,0.9885247682295882,0.972501733098905,240.40393393741147,160.44757859250333,2.133955814760442,6.407467355117741e-05,0.9729388585931389,736.8263172225929,928.0016208464448,0.2057022750377655,0.18991290032863617,188
24050000,lstm_global,supervised,CAMELS-BR,0.9498091431343829,0.9733648597546338,2.4977200348760884,1.454467590819014,0.7798584878121625,-0.0007274926045721395,0.9890227703162342,1.5009199033095597,1.3062838658400024,0.10180998593568802,0.10459022969007492,188
24070000,lstm_global,supervised,CAMELS-BR,0.9319049897688603,0.9354035310465071,2.679841291561184,1.9313182300991483,3.559744180646745,-0.0016394002586335634,0.9440906818568247,4.633052203702996,1.4847725104041827,0.26022136211395264,0.23018072545528412,117
24100000,lstm_global,supervised,CAMELS-BR,0.878101679774025,0.8634881148195943,16.470611625534744,7.903221455026181,0.04867142652403117,0.0007665818590199599,0.8771410559132088,57.671587013597964,34.181758104173625,0.20463146269321442,0.18347592651844025,188
24180000,lstm_global,supervised,CAMELS-BR,0.8363250633720571,0.8460442664464847,103.19608134184128,47.79417983521807,7.220769994013442,-0.0030632528532058313,0.8596115285144916,318.6216983202017,536.2756363442876,0.3762063682079315,0.38717344403266907,188
24196000,lstm_global,supervised,CAMELS-BR,0.8853300912070241,0.864711550928953,10.00265757383714,4.98422233850667,11.894534468563851,-0.008666680832864398,0.8750608420794898,16.49065702534598,15.62018451135084,0.6388483047485352,0.5914307832717896,132
24200000,lstm_global,supervised,CAMELS-BR,0.9806104977839004,0.9634422256586809,26.832973452784415,16.046545068422954,2.9731730395445135,-0.00643636805180519,0.9645093514548991,37.310651590849034,37.4786376953125,0.317598432302475,0.32153189182281494,96
24500000,lstm_global,supervised,CAMELS-BR,0.5274967616246027,0.699784456412323,57.60825771554174,28.41612927443316,12.354230007635971,0.005838011315273544,0.8360798910523644,177.95421503675445,273.31399021567483,0.5348371267318726,0.387752503156662,147
24650000,lstm_global,supervised,CAMELS-BR,0.8861137819441731,0.8877120877958767,9.013819134250548,5.502409460696768,9.841226955173026,-0.002913453034464001,0.9000701613970944,22.36893114972582,37.53659287819461,0.33610397577285767,0.31338977813720703,188
24700000,lstm_global,supervised,CAMELS-BR,0.9123584614036051,0.9030884446722816,104.9622305095478,50.2017833315093,6.966796626359512,0.00019454759250474296,0.9102808221102181,384.0051648430057,510.80690460713726,0.3173293173313141,0.3317877948284149,145
24750000,lstm_global,supervised,CAMELS-BR,0.8466716466578579,0.8432494792419648,32.250445459970564,18.466540702125606,3.2943485986359726,0.0013088975011003624,0.8635578351907139,111.93739699868905,110.63729207033738,0.540888249874115,0.44326668977737427,136
24780000,lstm_global,supervised,CAMELS-BR,0.7715011804443234,0.7628335039755133,10.95102354534277,3.808966007692362,3.2671723637647143,-0.0038801658839533702,0.7930130085893495,45.27105949419512,65.02091682765021,0.6240491271018982,0.4688427150249481,153
24800000,lstm_global,supervised,CAMELS-BR,0.969859682216583,0.9338070706856718,23.85485041530288,15.426309407990555,5.13802607401954,-0.00025371133750804603,0.9351616772292426,69.41645381941649,82.96168811158613,0.4199875593185425,0.3840618133544922,145
24850000,lstm_global,supervised,CAMELS-BR,0.9139007929700967,0.9311582515173389,149.77250345890673,79.0288514235924,4.861368194980512,-0.0017411246331588172,0.9438330863625143,420.5526032272176,415.13215275448624,0.30803704261779785,0.3343842923641205,145
24900000,lstm_global,supervised,CAMELS-BR,0.7099784455715188,0.7752380112299365,9.509666238114365,4.45881300334689,11.891704821337486,-0.0020896039296081827,0.8012841663565723,35.666923740575314,56.78270213251875,0.39601701498031616,0.3601766526699066,158
24950000,lstm_global,supervised,CAMELS-BR,0.9162450579977405,0.9207223598629249,32.16451629757932,18.114456531128596,5.926333600332035,-0.0017457068151099826,0.9325009337136941,91.73023567551155,47.53412047862503,0.45985719561576843,0.3947334587574005,183
25090000,lstm_global,supervised,CAMELS-BR,0.35013308216709604,0.4653569511561072,0.9214511907194927,0.32196453322816376,16.271253689631013,-0.0045263225301704,0.6215390124556345,3.9329909966466388,8.496171474456787,0.4988289475440979,0.254151850938797,99
25100000,lstm_global,supervised,CAMELS-BR,0.15418600918420722,0.07803330836778444,8.677829672871946,2.046409195651544,-16.093482437723654,-0.010936129292843093,0.25917840479693366,37.05072467208595,71.18079088138246,0.9989691972732544,0.38612350821495056,149
25120000,lstm_global,supervised,CAMELS-BR,0.12580251148724086,0.47331630527841084,2.022868690946015,0.9244435746222734,22.828528168550765,-0.0051577419825601725,0.7518545712787942,7.422686665688608,13.970670785094814,0.6556681990623474,0.4198837876319885,188
25130000,lstm_global,supervised,CAMELS-BR,0.814507312032599,0.7903013366190286,47.66940758002418,19.2289966592798,-3.5365490655704335,-0.015602029540163667,0.8107097029986544,185.33160149159005,239.14141492003304,0.7319806814193726,0.6196261644363403,184
25140000,lstm_global,supervised,CAMELS-BR,0.9332848744409322,0.9433640678752718,6.691509753350729,2.1562857769037547,4.259747394401674,7.979205599553327e-05,0.9535834054353072,8.909158625645807,16.953337778899844,0.23219941556453705,0.21429726481437683,152
25200000,lstm_global,supervised,CAMELS-BR,0.9918458830130098,0.9738315274201207,69.70171414563059,48.686818405677535,2.52911101969836,-0.0038470490911640225,0.9740907758750498,82.52221585415629,119.13422983609644,0.24230772256851196,0.2371310144662857,145
25500000,lstm_global,supervised,CAMELS-BR,0.9217475258939816,0.9315035763545869,10.51224510101704,4.597295152140515,4.773143807314698,-0.020527596070153795,0.9438206173138886,22.621824551350723,33.93865894649454,0.6492387056350708,0.6156818866729736,175
25700000,lstm_global,supervised,CAMELS-BR,0.9963396451497326,0.9693298802953063,49.489145253622326,39.506583077566965,2.242769207022574,-0.001380593229699082,0.9693585153407148,66.59972259236594,75.88313170717115,0.18067164719104767,0.1696595400571823,140
25750000,lstm_global,supervised,CAMELS-BR,0.9637502664456572,0.9240674192040841,27.268955743363875,10.305945687363913,-0.7235342466779741,-0.005768645559482526,0.9258887564417885,109.60793607914019,106.50709400910158,0.5304774045944214,0.487759530544281,162
25800000,lstm_global,supervised,CAMELS-BR,0.9948099887130208,0.980032326355523,14.304234746371678,9.525970985557858,1.721466264558388,-0.00014238626432503537,0.9801754533452233,17.732349444461583,12.59681678340711,0.2768748998641968,0.26736003160476685,151
25950000,lstm_global,supervised,CAMELS-BR,0.997660154695014,0.9792345225341231,54.19827878358379,42.11988871148292,1.5836794155403144,-0.0010362005930952198,0.9792509214766788,46.38942901409747,20.51591344486787,0.16298986971378326,0.1577865183353424,188
26015000,lstm_global,supervised,CAMELS-BR,0.9969870696340078,0.9761011572234488,5.753421944042951,3.465823032305791,1.2267694804539029,-0.0028493120415665554,0.9761306298681046,15.936914839807853,2.421217423909567,0.175974041223526,0.17240718007087708,130
26030000,lstm_global,supervised,CAMELS-BR,0.9991149706417108,0.9830976007407648,34.5522816454286,30.511158314786215,0.9011582292597691,-0.001964884697800779,0.9830991295520332,33.07147760409302,40.822698052163176,0.12018488347530365,0.11805117875337601,129
26040000,lstm_global,supervised,CAMELS-BR,0.9901504565166294,0.9778115248284627,2.845469873573232,1.79982524222516,0.5554441133537472,0.0002825655700123327,0.9782853454041349,8.16222245353438,15.886097750531471,0.06492891907691956,0.06472910940647125,188
26045000,lstm_global,supervised,CAMELS-BR,0.7500095099473559,0.8386299625304794,3.556989088952335,1.7632778540570686,2.0765602274471875,0.0009728475054627851,0.907760331024721,11.931648410718289,14.514700693358105,0.4274979531764984,0.30386412143707275,188
26050000,lstm_global,supervised,CAMELS-BR,0.9922659725444811,0.9826574355665568,12.893116132661477,8.379108565194267,1.6288420352828887,-0.001070796385904937,0.982967399540271,36.04578891177465,27.67921094786322,0.14994783699512482,0.14165639877319336,112
26100000,lstm_global,supervised,CAMELS-BR,0.98500999860427,0.983334894627542,26.37585240814746,15.844258117675782,1.0980815481882724,-0.0003361350917028619,0.9850281080199542,59.005784112823164,81.88177443868301,0.15062040090560913,0.1543484330177307,140
26150000,lstm_global,supervised,CAMELS-BR,0.9963240647334595,0.9708473076263052,3.8275534307088916,3.145696529975304,2.6292908852664767,0.00030764562532880485,0.9708637935712385,7.232705419898694,8.37908354973997,0.18149448931217194,0.17329388856887817,130
26200000,lstm_global,supervised,CAMELS-BR,0.995840989242386,0.9793158438475237,26.788478592629502,20.01034662279032,1.8368343946862493,-0.0007898863508525554,0.9793817626019781,52.98845523213237,42.192243731172034,0.17908388376235962,0.17869868874549866,118
26300000,lstm_global,supervised,CAMELS-BR,0.9544100431855158,0.9717877448861216,109.51494311631905,31.936177368164063,0.8335469790315241,-0.0018882178442647599,0.9835500264935528,32.349245645129244,27.3450927734375,0.12753593921661377,0.1263693869113922,100
26350000,lstm_global,supervised,CAMELS-BR,0.9988188803846262,0.9753854711062457,66.65897101506616,61.14879897953004,2.077815523532325,-0.0019767687035786158,0.9753867722236437,74.07480150330169,26.669932361155137,0.134062722325325,0.1300930678844452,129
26700000,lstm_global,supervised,CAMELS-BR,0.9883309521767808,0.9265145776727571,59.96651283022697,57.86826985677083,3.476031189037694,0.00018161879867673036,0.9265147471014235,77.5801919093236,96.50439453125,0.10067413002252579,0.09219551831483841,30
26710000,lstm_global,supervised,CAMELS-BR,0.9935063123238304,0.9015163399906997,6.434304264250734,5.8750294420649025,9.599218352154011,-0.01801305327587035,0.9015236941242655,7.951949151170277,2.1130143323581967,0.3039565682411194,0.26327913999557495,136
26711000,lstm_global,supervised,CAMELS-BR,0.9898827641967904,0.980995753888173,14.205699229291064,4.882840576379196,0.8775595163886127,-0.010542186885948088,0.9816595167450516,3.2327921055403306,3.4069370981133655,0.16888143122196198,0.16452501714229584,184
26720000,lstm_global,supervised,CAMELS-BR,0.9847292858520261,0.9460048881634301,8.920896700029688,3.9993591601138605,3.294480308918965,-0.02297843785257643,0.9461046613829569,35.575883059929275,63.60786646705941,0.39920416474342346,0.36303672194480896,136
26721000,lstm_global,supervised,CAMELS-BR,0.9978909689974281,0.9770529123762183,5.74189197403193,3.682749786235868,0.44202612702763194,-0.018922759265901326,0.9770632181140456,13.914653017401582,28.665883570050994,0.2681146264076233,0.26035985350608826,188
26730000,lstm_global,supervised,CAMELS-BR,0.9969661651597335,0.9378440020434031,3.663038212138668,3.2589475893205213,6.044351625507749,-0.019737203114268097,0.937846858884623,3.83260000721208,6.189582516735769,0.28594550490379333,0.26764681935310364,155
26750000,lstm_global,supervised,CAMELS-BR,0.9968905388043093,0.9792180297593214,6.1256036112727985,4.525152210225451,1.3724821951414972,-0.004463527365076492,0.9792615422994029,5.347656989942197,2.943782514385113,0.26583656668663025,0.2542225420475006,188
26790000,lstm_global,supervised,CAMELS-BR,0.9708173208720972,0.9212044311072792,4.779349576414068,2.5573109388924564,-3.1774367206643124,-0.01624201262363513,0.9221884456992455,13.654546623871877,18.085250989828353,0.384035587310791,0.4001178443431854,130
26792000,lstm_global,supervised,CAMELS-BR,0.9936602523335636,0.9691384472782782,2.582612314738296,1.275869671018959,0.9971189862621618,-0.015312749231555553,0.9692528022320599,6.166260165824973,7.817934791575746,0.2305871993303299,0.2155279666185379,188
26796000,lstm_global,supervised,CAMELS-BR,0.9942421149389897,0.98307735999511,4.860917532683086,2.596202494834173,1.4475481064288251,-0.02399617178318894,0.9832426051688726,13.746156182734074,28.34339180471024,0.18389815092086792,0.19214701652526855,188
26798000,lstm_global,supervised,CAMELS-BR,0.9993895955704217,0.9778614719615017,3.7578969137733,3.279275073024525,1.634589665959782,-0.02351274290950975,0.9778617100271575,3.8183323641091014,3.347908320028445,0.13683146238327026,0.1323191374540329,127
26799000,lstm_global,supervised,CAMELS-BR,0.9978511337246487,0.9792577999370408,11.64810486852059,6.915664299688441,0.9977196145430496,-0.030530467303086437,0.9792743384803453,9.068112152832796,9.83574981951631,0.14054769277572632,0.12842467427253723,188
26800000,lstm_global,supervised,CAMELS-BR,0.995964623958711,0.9409073625512786,23.965444949013477,18.806651044774938,5.765996155371432,-0.020221505054121493,0.9409181065712534,15.322283898094081,12.340299149309704,0.23085010051727295,0.2185031622648239,162
27110000,lstm_global,supervised,CAMELS-BR,0.9982122510751832,0.972004697259785,3.584742695338477,2.9540796708769914,2.2118257718242806,-0.014405921831634805,0.9720087654624775,0.735121623060121,0.599365234375,0.1715497225522995,0.16395525634288788,82
27370000,lstm_global,supervised,CAMELS-BR,0.8174953470884838,0.8748802592919844,1.456104305521556,0.6656776361286323,8.608517702171891,-0.009640508176315059,0.912410290391003,3.8220346369742497,3.6890334338466557,0.49251899123191833,0.3773879110813141,188
27380000,lstm_global,supervised,CAMELS-BR,0.9950373354246865,0.9664673852271447,1.1785742504869514,0.8077778680118051,2.8178670849313763,-0.004593825656310523,0.9665149856774069,3.128652460577767,2.3571789410631623,0.17509937286376953,0.16970182955265045,127
27500000,lstm_global,supervised,CAMELS-BR,0.9976987484245822,0.9770417446118835,190.66886768010122,116.16415297564338,1.885958230211475,-0.00376267369694875,0.9770603217487092,123.21027588390683,74.90058047371447,0.12166948616504669,0.12425082921981812,170
27530000,lstm_global,supervised,CAMELS-BR,0.9683305719416402,0.9239311645219025,6.288500265817655,3.3782828313873168,1.8959058967698916,-0.002466051127911713,0.924864822910502,21.082883920567657,40.60673810444923,0.3423795700073242,0.31223350763320923,188
27540000,lstm_global,supervised,CAMELS-BR,0.9252621758672637,0.9235942801242486,13.112378799966562,5.10440253133283,0.4224362001728333,-0.004505090411622073,0.9327648741084589,32.795505099664005,56.903431246132605,0.5805414319038391,0.5367222428321838,170
27550000,lstm_global,supervised,CAMELS-BR,0.9377524348585152,0.9080399829890281,7.9180858637831975,3.0167059720673177,-1.1142508281423085,-0.0005889031438484141,0.9126095872435976,27.086674158453263,55.826405669673896,0.4289701581001282,0.3720080256462097,161
27660000,lstm_global,supervised,CAMELS-BR,0.9886732099405499,0.9603918427680467,2.786114742217633,1.8109504214400867,1.0782365539373973,-0.015472487560826531,0.960681901242055,3.9618115632542867,5.755785457729895,0.3709043562412262,0.3586765229701996,139
28150000,lstm_global,supervised,CAMELS-BR,0.9329237238989562,0.9471448074069213,7.28004986803282,2.8711736150856675,3.1203672227990493,-0.0010130039424044654,0.9590364643398726,30.099414241396644,42.81412962849776,0.4518526792526245,0.39821016788482666,116
28200000,lstm_global,supervised,CAMELS-BR,0.9617951952381624,0.968542270101549,4.436306174456781,2.7206549644470215,1.955869159462177,-0.001799361478927678,0.9747002385385306,11.497772820277675,5.05110050457218,0.305240273475647,0.2836248278617859,178
28240000,lstm_global,supervised,CAMELS-BR,0.9739080256527882,0.9602684009627116,13.297925968123199,6.710658281369317,1.5323843503111603,-0.0009184648553846111,0.9619364614134092,46.34955832956587,80.32783492796243,0.23228144645690918,0.2103322297334671,133
28280000,lstm_global,supervised,CAMELS-BR,0.9407143228230983,0.9292741335596075,29.011469566566113,9.849120941567929,-0.5017307859172635,-0.0018717267869719882,0.9353371143725779,73.20007057908975,140.96604510801714,0.2871822416782379,0.25676217675209045,188
28300000,lstm_global,supervised,CAMELS-BR,0.9984962265749651,0.9775902902163015,184.05691959092383,153.2035884241904,1.4437417306652118,-0.0026720249697852402,0.9775956940722534,316.4378993310968,124.6863378121654,0.1375540941953659,0.1299179196357727,124
28840000,lstm_global,supervised,CAMELS-BR,0.9979051649506038,0.9833112039024972,1.3392256544890009,0.844974584357683,1.333883885479903,-0.00038713452873356466,0.9833244993822087,1.4604818517311438,2.15032958984375,0.12357480078935623,0.12201661616563797,86
28850000,lstm_global,supervised,CAMELS-BR,0.9953531691137671,0.9698603755179294,340.88410322031723,175.37933639333218,2.5372488569603813,-0.0032442740548798907,0.9699232881186415,164.88011323173944,36.9050330495176,0.12840422987937927,0.1232805848121643,158
29020000,lstm_global,supervised,CAMELS-BR,0.9512013466415392,0.9321903149737136,3.4479707047711248,1.5824656200820002,-2.9004145509686845,-0.00198577150263278,0.936479482241633,9.409888934191606,14.661932319401819,0.5160692930221558,0.4403942823410034,145
29070100,lstm_global,supervised,CAMELS-BR,0.9775907837840451,0.966021623597746,17.094976983362947,9.972885109008626,-0.8468860023402347,-0.007899824325845045,0.9678082520820944,48.652841506860646,55.18935048164781,0.4633018374443054,0.4697139859199524,188
29080000,lstm_global,supervised,CAMELS-BR,0.9896912778419639,0.9729627869212709,14.480227438458527,10.182116811415728,0.759924246727651,-0.0015375420795443948,0.9733563359253572,33.081965573191944,14.5018310546875,0.324703186750412,0.31254857778549194,85
29100000,lstm_global,supervised,CAMELS-BR,0.9944099181681874,0.9823682846122241,49.93423634163245,34.4340183871916,1.6352226710395041,-0.0010114555260559988,0.9825665740198469,73.64900406289217,16.20009068887546,0.27374258637428284,0.26934728026390076,174
29680080,lstm_global,supervised,CAMELS-BR,0.9658807780979516,0.9571800370018272,1190.5797945289328,849.610073657746,-0.003033431405618445,-0.0005207471011435226,0.9606158051317994,937.1096338456096,1457.7369131973783,0.14703811705112457,0.14716723561286926,188
29700000,lstm_global,supervised,CAMELS-BR,0.9704420974149095,0.9630417627049557,1165.1785750401227,813.5354349772135,1.6928863103020695,0.0003046111464432115,0.9655170677204413,753.7805723303386,952.9481637833043,0.1424316167831421,0.1334134191274643,180
30050000,lstm_global,supervised,CAMELS-BR,0.9733439332900901,0.9836872283062967,82.87483324835627,55.40073174090425,0.1324854885840154,-0.0012452557386341719,0.9905936672463079,126.71554782879953,88.01966768838344,0.23915652930736542,0.24549151957035065,121
30055000,lstm_global,supervised,CAMELS-BR,0.9438523867513872,0.9263358869028958,44.80540570576647,28.227064208781467,-0.8069331103739088,-0.002266574330826294,0.9315793328821329,90.72166170697548,72.92462645018193,0.31608250737190247,0.2894030809402466,188
30058000,lstm_global,supervised,CAMELS-BR,0.8850176621733177,0.8345562919466543,16.119784749189833,8.281707258905683,-3.7621739182499905,-0.0034245924681806372,0.8429443752090795,54.19481662826447,72.70186231078401,0.45084571838378906,0.3548790514469147,175
30060000,lstm_global,supervised,CAMELS-BR,0.9773082391745528,0.9780523230365245,27.716669637069188,19.48539596557617,1.3328550249462239,-0.0009239024189578622,0.9807578823510305,32.96247411594615,35.5985107421875,0.3255927562713623,0.29814937710762024,25
30070000,lstm_global,supervised,CAMELS-BR,0.9481084314619106,0.9263765955579872,5.619388902171994,2.515507801500864,-0.015130811735646331,0.0010411664574343608,0.93058823512792,17.807794035367866,21.85073824138746,0.27359768748283386,0.25323641300201416,172
30075000,lstm_global,supervised,CAMELS-BR,0.9653573564186338,0.9808895466918226,19.11388179970397,9.225243907348782,0.7235367744017512,-0.0007919827957497509,0.9919332074036155,10.065828950538302,16.724670742877446,0.23613661527633667,0.23148605227470398,153
30080000,lstm_global,supervised,CAMELS-BR,0.9900297290561522,0.9842620511685529,31.25374738324827,19.641796230625463,0.4218277659773857,0.002825038087290878,0.985019938005731,41.4614580557875,30.633182836301554,0.24207663536071777,0.24133463203907013,185
30200000,lstm_global,supervised,CAMELS-BR,0.9772683312988942,0.9626192215832019,39.8124933189985,27.046140474743314,3.577378997679987,-0.005393991329349604,0.9641514190534778,81.13922144051276,5.43695068359375,0.3523992598056793,0.3274608552455902,90
30300000,lstm_global,supervised,CAMELS-BR,0.9900003250796223,0.9855077820288699,27.77806008164893,19.840658075669232,0.6588650695430321,-0.000807530924033819,0.9863493066825124,25.404095415004928,11.22956393370154,0.17964553833007812,0.18011000752449036,170
30400000,lstm_global,supervised,CAMELS-BR,0.9921874742862391,0.9784960473868258,70.15628723633647,37.898306339345076,0.8358297184453488,0.0007069816011602351,0.978807482024512,191.14771960120515,51.672047915542805,0.19322597980499268,0.1816439926624298,188
31020000,lstm_global,supervised,CAMELS-BR,0.998594531247883,0.9720709425173859,4.24172187935507,3.84089757958237,2.5892356479145096,-0.00021371515790202106,0.972072008727355,5.278040867853318,5.0753173828125,0.11740335077047348,0.11451958864927292,98
31490000,lstm_global,supervised,CAMELS-BR,0.9949629391477658,0.9734144878423393,6.017329537891363,4.089558725771696,0.13896717512895645,5.308692434266571e-05,0.9735039532226646,6.841716808406796,9.727596921210644,0.17128220200538635,0.16823357343673706,184
31520000,lstm_global,supervised,CAMELS-BR,0.9919680744434447,0.9857656590897632,12.12349651434761,7.962107492778116,1.255493809870343,0.00019681553631185206,0.9862763546591958,19.540031571064848,28.718745089361633,0.18120884895324707,0.183113694190979,167
31600000,lstm_global,supervised,CAMELS-BR,0.6446686858357101,0.6880171543982965,0.5165655799972999,0.23190842505465162,-2.8219689531492356,-0.0032781574947432605,0.7543295002205218,1.7178609612040245,3.4201930017948445,0.3227149248123169,0.2458145022392273,188
31650000,lstm_global,supervised,CAMELS-BR,0.9984815413564622,0.97458275615031,10.967221348466824,7.764084755106175,-0.41933975958243214,-0.00015958105994950955,0.974585848493583,23.630319575488,32.41994057365286,0.09168434143066406,0.08942675590515137,188
31680000,lstm_global,supervised,CAMELS-BR,0.9983585626711953,0.9874193202833708,10.015978341530559,7.4139907424514355,0.4485126027227021,-0.0005278088295775606,0.9874378806639214,10.95237709987,9.106193059132549,0.0770302340388298,0.07628557085990906,185
31700000,lstm_global,supervised,CAMELS-BR,0.9979290733188775,0.9892697302792167,13.11481162596062,8.49631467778632,0.4541921098084829,-0.00021332048709593772,0.9893080508722014,15.216952303950812,7.546651953408287,0.06068011745810509,0.05916472151875496,188
32300000,lstm_global,supervised,CAMELS-BR,0.9428280228085539,0.9595893907288964,0.48167700181454354,0.2815737851122592,1.7537885740153538,-0.0003635220620690875,0.9713070053078007,1.2584273009487463,2.516997224522651,0.17763519287109375,0.18340975046157837,188
32350000,lstm_global,supervised,CAMELS-BR,0.9586602245401163,0.940705341751027,7.328145446142285,3.9044920458112444,-0.7131539841164342,-0.00040834639533401246,0.9441840586606529,26.850913246293892,38.319797799537476,0.2653445303440094,0.2542988657951355,175
32400000,lstm_global,supervised,CAMELS-BR,0.9362934966920095,0.9434920901477571,19.850868158050098,9.950025234466944,-2.0338762173881157,-0.005702693959825832,0.9534641359815265,53.80422148360415,94.94673188511378,0.4280281960964203,0.395378440618515,156
32450000,lstm_global,supervised,CAMELS-BR,0.9724540493557509,0.9575217402599674,12.67005185755625,7.6106216882137545,4.038038078895007,-0.005183758366672148,0.9595848684362952,10.963249040622253,14.018483995507184,0.4366166591644287,0.42357107996940613,188
32450002,lstm_global,supervised,CAMELS-BR,0.9740278831747406,0.9700093193635997,18.258866191974377,10.483881902173568,0.45805493999581914,-0.005247265467332521,0.9729274900914358,40.493904542570576,9.4090411927038,0.42531296610832214,0.4146079421043396,183
32540000,lstm_global,supervised,CAMELS-BR,0.9970286343827327,0.9719434974767401,3.9209839521535326,2.354565478385763,0.047547085401082684,0.00023190625185464178,0.9719604772932073,11.733463776835528,15.43143394515519,0.08617749065160751,0.08532768487930298,188
32550000,lstm_global,supervised,CAMELS-BR,0.9967798460490053,0.9819571692759996,4.265166163813661,2.7230526833307174,-0.024110092123841676,-0.0003571831638693665,0.9820107726478712,6.963514419147254,7.81164602586331,0.14646853506565094,0.14675270020961761,168
32620000,lstm_global,supervised,CAMELS-BR,0.9960086677624834,0.9774285105163465,34.55256043947857,24.27247603396152,0.3013556772431468,-0.0006118427072644324,0.9774957946858314,44.07218187724431,37.220741259142045,0.16125857830047607,0.16181913018226624,188
32740000,lstm_global,supervised,CAMELS-BR,0.9541118811234367,0.9738823000014432,21.647523154139183,10.42107575970727,1.1542095274991229,-0.0056201366951376674,0.9874151030952765,68.67603959883894,32.14944999101771,0.4830716848373413,0.5041468739509583,185
32830000,lstm_global,supervised,CAMELS-BR,0.9927047779431378,0.9845017055103829,9.275862126353202,5.073213908259429,1.4163780305504712,-0.001627106995974445,0.984891436162309,14.713081698384075,25.93879451541038,0.2524662911891937,0.2596992254257202,179
32850000,lstm_global,supervised,CAMELS-BR,0.8596705976246104,0.9053102522411565,12.459695088282952,5.9936938557935795,4.415663347592417,-0.006024226245665391,0.936944421905605,36.38181779886816,74.34408748400271,0.6699044108390808,0.6549261212348938,184
33025000,lstm_global,supervised,CAMELS-BR,0.9818090717597066,0.9576110609303272,2.8075266880891965,1.3117506725843562,0.13225004182003072,0.00035414867196007643,0.9584534799010536,9.893262550228481,18.39659672271165,0.14932693541049957,0.14381814002990723,172
33070000,lstm_global,supervised,CAMELS-BR,0.9695176211261729,0.9602914678634937,5.283538642913936,1.6279948143985685,-0.5024251813171916,-0.00045123049190766776,0.9632544020973667,10.92178881581355,18.609830736678884,0.11193951964378357,0.11294770240783691,179
33075000,lstm_global,supervised,CAMELS-BR,0.9680363177802876,0.9577492570661563,1.0586279635390528,0.4151952765558077,-0.5577898496563009,-0.0005120578943815443,0.9608034246975533,2.6887518881379333,1.2736528669070164,0.1397121399641037,0.14398932456970215,184
33080000,lstm_global,supervised,CAMELS-BR,0.9936357867019563,0.9689736734479704,10.642926931370825,6.234067108320153,-0.19101592250404248,-6.481540215087442e-05,0.969097382577064,12.748022180385467,11.303985791829824,0.1995423585176468,0.18882876634597778,184
33170000,lstm_global,supervised,CAMELS-BR,0.9044383202766328,0.8856236866261538,13.783886852370015,4.4123553209763795,-0.1018414000785588,-0.0027799058747233346,0.895110173989387,53.754917118797415,109.29760329603252,0.5713924765586853,0.47280555963516235,187
33190000,lstm_global,supervised,CAMELS-BR,0.9986032434805725,0.9804319553720673,10.816765335676747,7.546843843202333,0.5164093341310483,-0.0009862101790836936,0.9804350185270949,29.643670284069103,50.69885077814329,0.16052040457725525,0.1557534784078598,185
33205000,lstm_global,supervised,CAMELS-BR,0.9570615565960431,0.9591769091641188,4.833365690497872,2.008809840425532,1.6160876249943328,-0.0014167490912920626,0.9636147839538625,17.773724933040565,32.74135543758752,0.244083970785141,0.24212908744812012,188
33212000,lstm_global,supervised,CAMELS-BR,0.9461127579372682,0.9455982133301597,0.07096324282818908,0.042320349749098436,1.1730828919526854,2.760649199632509e-05,0.951984121273467,0.17465336877947743,0.21036832320789123,0.09306260943412781,0.08729463815689087,188
33214000,lstm_global,supervised,CAMELS-BR,0.9803526084106264,0.975647176799178,0.09776850347783139,0.06620105276716516,1.4824310544629762,-2.5043797181385774e-05,0.9767772505156502,0.26933494054179524,0.47215375030396234,0.059603117406368256,0.059641726315021515,188
33215000,lstm_global,supervised,CAMELS-BR,0.9176685049347397,0.9145944070736245,1.758370263056228,0.4838386833667755,-0.07183559370214246,-0.00064183047851471,0.9253023544325649,7.565222897167909,14.766349650172002,0.07885874062776566,0.07191399484872818,160
33220000,lstm_global,supervised,CAMELS-BR,0.9494051822356218,0.9553615392571723,1.2020082647581738,0.5970095066314048,0.4699746278774564,0.0002627920207189131,0.9618927743185994,2.0460256201114735,2.9346316629517997,0.07635956257581711,0.08353433012962341,188
33222000,lstm_global,supervised,CAMELS-BR,0.9143431906543033,0.9470682327011326,0.262428334921016,0.13230266850045386,1.102038313369554,0.0005192202521035654,0.9690122481759297,0.7976559239439577,0.08431295989102876,0.11329501122236252,0.10886045545339584,188
33250000,lstm_global,supervised,CAMELS-BR,0.9582329732079946,0.9546038867994162,6.147017572336126,3.2764168394372817,1.2411221262541816,0.00039041551872754515,0.9593473282522855,17.695006096742837,18.610275454800806,0.18633972108364105,0.17800095677375793,188
33260000,lstm_global,supervised,CAMELS-BR,0.9819564942230037,0.9394019808451335,4.438158446493279,2.433563014735346,-0.01583092714593573,-0.000538641726970622,0.9398554899188707,12.259770316768936,9.799776618453551,0.18110676109790802,0.16676372289657593,184
33270000,lstm_global,supervised,CAMELS-BR,,,0.06896761427587161,0.0689676142575448,,,,0.06896761427587161,0.06896761427587161,,3.5782613849733025e-06,57
33273000,lstm_global,supervised,CAMELS-BR,0.8955878914207902,0.9195673628227176,4.180931376679411,1.6913697227187778,0.05424616634737357,-0.0005554384201977847,0.9399707975902364,12.938475608672702,10.198238054368948,0.24601100385189056,0.19668632745742798,184
33280000,lstm_global,supervised,CAMELS-BR,0.9901236358167157,0.9720332294257376,4.717590342222936,2.8131166333737583,0.7542798912199234,-0.00020465310376887019,0.9723981579822039,7.777335256249658,11.978923095227941,0.1426490843296051,0.1394050270318985,184
33281000,lstm_global,supervised,CAMELS-BR,0.9756721473465277,0.9843948966138738,14.536198794675832,5.87623225318061,-0.19444009668565157,-0.00017934997678397454,0.9902415240251915,8.416690535545191,9.916435203706827,0.24705404043197632,0.25416895747184753,180
33286000,lstm_global,supervised,CAMELS-BR,0.9968843477522745,0.9841903576436708,6.0586419151062625,3.755468409994374,0.7864517743956951,0.0006826232672110383,0.9842491327315801,9.465827653349368,11.485701824601682,0.2094532549381256,0.20804764330387115,184
33290000,lstm_global,supervised,CAMELS-BR,0.9935991452244312,0.975726381898222,9.481869994246342,4.336168517237124,-0.1607625927250219,0.00011764925766023088,0.9759070270303281,12.390615018803603,21.98197037908077,0.17832347750663757,0.1809726357460022,184
33320000,lstm_global,supervised,CAMELS-BR,0.7154374090870679,0.7386689516666933,20.245918914527746,7.380910092627096,14.903996270635558,-0.004209633135301535,0.7580395062352863,77.94975523626876,68.2947652438165,0.5246044993400574,0.5152756571769714,171
33321000,lstm_global,supervised,CAMELS-BR,0.8547354398987845,0.8927966679731207,16.408037614327903,6.127311812794727,1.1715686052404446,-0.0029332481926998798,0.9231129066512129,62.37876619117536,86.28785958557386,0.5750377178192139,0.5192574262619019,184
33330000,lstm_global,supervised,CAMELS-BR,0.9621459673609529,0.9390349641730713,6.892942443287428,2.4149227836629845,-1.4083940255852654,-0.00542322010816168,0.9417758817866861,25.61714033242466,4.597208270670159,0.6120363473892212,0.6183610558509827,182
33333000,lstm_global,supervised,CAMELS-BR,0.9893988254268106,0.9630832233781761,4.162678694477382,1.8531772998663096,0.4741069118730287,-0.0019455464225417649,0.9632201023481043,15.535174385907194,31.16505824787384,0.3263145387172699,0.31168028712272644,182
33340000,lstm_global,supervised,CAMELS-BR,0.9783134406094323,0.9755509583141719,1.6459128856363716,0.8820965581751884,0.820238714039486,-0.0012081618371437772,0.9780526317099838,3.8418327655906097,1.2011610141638456,0.3755222260951996,0.38191741704940796,188
33380000,lstm_global,supervised,CAMELS-BR,0.9842888881210129,0.9742761924091188,24.899464563244937,9.146868890751906,-0.6336716734440675,-0.009153994012899298,0.975467497869433,27.42173233118738,21.675778963948535,0.26173135638237,0.2640577256679535,183
33410000,lstm_global,supervised,CAMELS-BR,0.9907366117019403,0.9841337116578841,0.6124598760090296,0.3580997067949046,0.5010608061332673,-0.0010171262384982456,0.9847166581236969,2.1911300316252547,1.676770529288896,0.11930768191814423,0.11625895649194717,184
33420000,lstm_global,supervised,CAMELS-BR,0.9810082436702,0.9347098203672916,1.368424416972619,0.611295457658821,-0.5927357123320421,-0.0001800099646111792,0.9350977512901079,5.178572162352325,4.879208200554595,0.1346721202135086,0.11960326880216599,179
33430000,lstm_global,supervised,CAMELS-BR,0.9595567259011565,0.9656470949457041,0.6038782236417257,0.3632450871083928,0.26356085148642994,-0.00013061700390447047,0.9720685595029437,1.6821084967272895,1.0178118025827427,0.04089709743857384,0.03867088258266449,174
33450000,lstm_global,supervised,CAMELS-BR,0.921152453018674,0.8714675492324665,1.3799222213128755,0.3808214005003584,0.2729725003056848,-5.951751606653654e-05,0.8720093798558108,5.772541910074439,12.890532798628414,0.05037891864776611,0.04143105447292328,188
33460000,lstm_global,supervised,CAMELS-BR,0.9949330762441021,0.9661740040775839,0.7811045812011088,0.4374627325269911,0.5337315922051398,4.548376106244638e-05,0.9662022616710726,2.5852385475121844,3.874827242187963,0.09709455817937851,0.09242730587720871,180
33480000,lstm_global,supervised,CAMELS-BR,0.9879551936474137,0.9705883656560281,2.3751760964239894,1.3278277994512202,0.9354691514784638,-0.00042246967596719885,0.9710687993213459,6.420085314148247,11.31957143658078,0.11547113209962845,0.11130327731370926,182
33490000,lstm_global,supervised,CAMELS-BR,0.985361182466513,0.8912474319854856,2.0689419843495784,0.5661578002059228,-4.158044438171945,-0.004816688149689725,0.8912521491030593,8.913946687425758,13.989982721128612,0.43858009576797485,0.40037593245506287,154
33520000,lstm_global,supervised,CAMELS-BR,0.9127707268002418,0.9366979079919391,7.165488999865978,1.858435621557955,3.6771029826729356,0.0009383247034818604,0.9521156956276378,29.287658647511417,6.689452106867751,0.6497815847396851,0.605583906173706,179
33530000,lstm_global,supervised,CAMELS-BR,0.9691086402409012,0.9432186072601265,8.257874219354928,2.330238840315077,-0.5100088822834242,-0.00041062455392624174,0.9451230847844978,32.00171841004511,66.98335972475823,0.16187776625156403,0.15041546523571014,180
33550000,lstm_global,supervised,CAMELS-BR,0.9363504481583514,0.9632513754883322,15.804476550939675,6.778223842023367,1.089631415918351,-0.0005972251138771818,0.9818127367961889,48.4234399402777,15.839078655474111,0.22868941724300385,0.20666132867336273,166
33590000,lstm_global,supervised,CAMELS-BR,0.8978452398045751,0.8633912948732264,44.48098888480657,16.443721781778073,-1.1058665876645883,0.00042148124246962904,0.8724158197185278,173.9621418189406,163.52207315834173,0.3222525119781494,0.2972456216812134,181
33620000,lstm_global,supervised,CAMELS-BR,0.9731407616819907,0.9448195463090313,12.292398901725848,5.25583730040297,0.9182094180203781,-0.009454631886984581,0.9462561161964079,28.537614569411645,40.58736654704449,0.42017483711242676,0.37897807359695435,177
33630000,lstm_global,supervised,CAMELS-BR,0.9526455678760772,0.9661439563557862,53.01465688181461,25.715546149992,1.3408834243450414,-0.002882696289335532,0.9755625171397493,127.52084089048017,48.6659828875164,0.37128040194511414,0.3421252369880676,177
33631000,lstm_global,supervised,CAMELS-BR,0.9893012351091225,0.957516638255597,1.3124493972112032,0.6765152678943853,4.203405601107067,,0.9578033844376892,2.613262544101971,2.9937825147723824,0.48743337392807007,0.471439003944397,188
33638000,lstm_global,supervised,CAMELS-BR,0.965949714432115,0.9119924669548124,2.651167029943724,1.2739374982391267,8.625836808877386,,0.9128927505214041,10.275859437120726,12.567011914575057,0.811507523059845,0.6934968829154968,188
33640000,lstm_global,supervised,CAMELS-BR,0.9302300435645564,0.8913190626142387,4.760474881681387,1.9394858147790457,10.3053402080842,-0.06473903423470077,0.8967983283277886,17.318946430778038,9.597866644308874,0.7821804285049438,0.734993040561676,188
33660000,lstm_global,supervised,CAMELS-BR,0.990276531680507,0.9355085790575275,10.107072132610982,4.4361153345238025,-1.0779162997692033,-0.017065885768693306,0.935549957907196,34.539469211407685,58.13856328107072,0.3535001575946808,0.34132707118988037,188
33661000,lstm_global,supervised,CAMELS-BR,0.9918331334574896,0.966303603594011,9.443788325609955,5.1799855688852565,1.7157933556767873,-0.047104252213028386,0.9665024132170738,16.971423847337405,24.50544339945631,0.3777484595775604,0.37398311495780945,184
33680000,lstm_global,supervised,CAMELS-BR,0.9909694434048726,0.9637234944408252,34.45597695852597,19.03833117851844,3.0318911418007,-0.0019387591937119197,0.9639068035757465,103.19592518778721,145.14158443767167,0.31939923763275146,0.3053124248981476,182
33700000,lstm_global,supervised,CAMELS-BR,0.9979980192570995,0.9823796964677686,0.4203756044801432,0.2542337697485219,-0.0738350693170192,8.15210320473693e-05,0.9823932663730951,1.1269076776480147,0.6333123964263012,0.08224289119243622,0.07949208468198776,184
33720000,lstm_global,supervised,CAMELS-BR,0.9380288211825385,0.9655716795359701,1.6964305625099703,0.656145777489418,-0.9178253076134758,-0.00037726265101167833,0.9849880127334755,4.055450456462577,5.931843163643229,0.5093740224838257,0.522286593914032,184
33730000,lstm_global,supervised,CAMELS-BR,0.9841100683109517,0.9467869366493037,9.775442915129819,4.2476688825367575,-1.4365723256954677,-0.0052484515528350845,0.9472365138442613,29.947962614618216,44.17000523498082,0.3837113082408905,0.35413822531700134,183
33750000,lstm_global,supervised,CAMELS-BR,0.9859877395191854,0.9584733622379926,1.712851934158364,0.6862326886918809,-0.8745674781656071,-0.0009478407613515982,0.9589284053784556,6.4781745160229205,13.170128879663594,0.16726548969745636,0.16011101007461548,180
33760000,lstm_global,supervised,CAMELS-BR,0.9844933909400362,0.9831855519743478,4.780820133873222,1.8157896063181276,-0.656598684721851,-0.001684521876984972,0.9850398157915956,5.5276963918922455,5.350005570584271,0.2015778124332428,0.20351822674274445,179
33770000,lstm_global,supervised,CAMELS-BR,0.9965719665415824,0.9752219218222025,3.440407116259625,2.0122024375192127,1.8136577893120318,-0.03441777098596885,0.9752615997833686,10.38302325668714,13.02749378264148,0.3092992603778839,0.2972649335861206,183
33780000,lstm_global,supervised,CAMELS-BR,0.9934482620346016,0.9870005270564426,19.908363687929935,8.433731809008721,1.11940799962256,2.9375755877161097e-05,0.987404408985657,28.243789062967224,22.49265356216981,0.3089022636413574,0.30160772800445557,179
33790000,lstm_global,supervised,CAMELS-BR,0.977409272596218,0.9415238297843412,0.9399762119588216,0.4155997950980004,0.07906984398553149,-0.0027839766151885707,0.9422657284680271,3.4125505090622315,1.4134796281933124,0.28107377886772156,0.2524316608905792,188
34010000,lstm_global,supervised,CAMELS-BR,0.905259145792418,0.9163379073714331,11.340257654688667,5.7353040031764815,0.48338290958706304,-3.596369763802024e-05,0.931414552720218,29.748576621700675,32.75783049727851,0.17062300443649292,0.1435544639825821,184
34020000,lstm_global,supervised,CAMELS-BR,0.8533030680587557,0.9224912463246805,13.54435553797335,6.950770502505095,3.020479624655464,0.0006907277287435953,0.9582600601104352,47.89634882072464,68.20254474115738,0.1809927225112915,0.146508127450943,184
34030000,lstm_global,supervised,CAMELS-BR,0.8795521254159077,0.8505931849673714,5.344647435018296,2.5745629020359204,1.3860227538332641,0.0010777659020734468,0.8622991228606625,17.874392519224703,23.59118930863684,0.26404985785484314,0.19897472858428955,184
34040000,lstm_global,supervised,CAMELS-BR,0.9259389330069943,0.9389928886026007,21.92365879640577,11.073646058427526,-0.26376690541887565,-0.0003121742649109284,0.9510713345070023,62.54214186667982,44.885309934749706,0.17497357726097107,0.1482136994600296,188
34040500,lstm_global,supervised,CAMELS-BR,0.9052333521458749,0.9165554531912913,19.821316075882564,9.662467334581459,1.3795748221385993,9.68402829647861e-05,0.9308236784173478,63.23377209085501,88.21462826649609,0.1622302383184433,0.15048947930335999,184
34060000,lstm_global,supervised,CAMELS-BR,0.8766783566059627,0.89312087889225,25.126630879392746,11.698122105699904,0.6504329408381022,-4.642252295609592e-05,0.91306845432024,91.63923824260652,170.47426987307364,0.1561834216117859,0.13093797862529755,188
34070000,lstm_global,supervised,CAMELS-BR,0.9407719375427241,0.9677257134407063,17.662686631245585,9.3300392475534,1.2888748647731543,-0.0005065885552593928,0.984140084063324,54.12202338860244,86.27830452950381,0.13112379610538483,0.13461285829544067,188
34080000,lstm_global,supervised,CAMELS-BR,0.9182991413311781,0.8899903381833159,1.0521623244087954,0.29804203043813293,-0.4424228784901033,-0.00021508816657339787,0.8955549513052173,4.329559605830502,9.25704976453325,0.0780700072646141,0.0657951757311821,184
34090000,lstm_global,supervised,CAMELS-BR,0.9745703310361985,0.9304484091870947,1.944488033458344,0.8959856758946958,0.4363904276996371,-0.00037408922190104027,0.9311832574062956,7.163725931132358,14.800534672994756,0.0957801416516304,0.08869413286447525,184
34130000,lstm_global,supervised,CAMELS-BR,0.9503069521790807,0.950250600109393,9.625985648637437,4.730769965959632,0.671481989865779,0.00015701271008333913,0.9561431203179382,34.97453091065394,25.41587073722442,0.1572207510471344,0.14479245245456696,184
34140000,lstm_global,supervised,CAMELS-BR,0.9605211019171935,0.9533334291423419,4.345249093253957,1.8140863413396089,1.6902903125684396,-0.0005932911341582428,0.9574412289320982,12.922132370555508,11.297906748256054,0.5002409219741821,0.46711891889572144,184
34142000,lstm_global,supervised,CAMELS-BR,0.9137083703386661,0.8705589541693408,3.4740855466742344,1.2602055637126273,3.4876443003874673,5.195707991601656e-05,0.8756856001518062,12.053496381811266,17.74930724743258,0.5411406755447388,0.4546879231929779,188
34145000,lstm_global,supervised,CAMELS-BR,0.9338852009726273,0.9390273407341555,4.941431197681684,1.7519993782043457,-1.2535275070640128,-0.001185220815108655,0.948267456401635,19.297125457775724,3.3415619640938115,0.3524738550186157,0.3385089039802551,184
34160000,lstm_global,supervised,CAMELS-BR,0.9689286197732199,0.9815844196008282,22.43444604163548,10.720185735951299,0.21276540213069556,-0.00039283484971153887,0.9900917667933801,67.85331328460396,17.142680500931338,0.2483139932155609,0.24962615966796875,184
34170000,lstm_global,supervised,CAMELS-BR,0.9735470458441121,0.9535056263973601,23.49798187836807,11.297453009563943,-0.4198830705785008,-0.000725986706876857,0.9550390540432577,65.95118703065171,37.09412820598828,0.2512813210487366,0.24502110481262207,184
34218080,lstm_global,supervised,CAMELS-BR,0.7997666212741744,0.8350468806686135,64.72353628668942,42.1481496121021,6.262472976366478,-0.0011111022752351204,0.8624373987946313,83.65546950992868,182.46281121887884,0.2185426503419876,0.16310644149780273,188
34230000,lstm_global,supervised,CAMELS-BR,0.8163940386762667,0.7913045292746059,1.6662274767216512,0.399010414910386,-4.012380035216742,-0.02112026393320688,0.8121925130582984,6.91008131732953,15.053249623332338,0.8300238847732544,0.7538272738456726,184
34233000,lstm_global,supervised,CAMELS-BR,0.8787565613028541,0.8440416992155693,5.491883251490403,2.0503049696683937,-6.718104524330327,-0.007138399654834711,0.8557102503525718,18.2307725757874,7.061505409132675,0.5778759121894836,0.45643502473831177,173
34243500,lstm_global,supervised,CAMELS-BR,0.8056022792298974,0.6330670273029841,1.0592582518128357,0.1597301209454283,-14.826001825901052,,0.6372898616558121,4.539108521352686,10.066884211885451,0.9416395425796509,0.7460582256317139,184
34250000,lstm_global,supervised,CAMELS-BR,0.9784617977564255,0.968929075390794,4.225500958966302,2.3940675873705684,0.8490038370437417,-0.0022058634099356364,0.970791236713343,2.1459914828422906,3.1649131146807896,0.32982340455055237,0.310774564743042,188
34251000,lstm_global,supervised,CAMELS-BR,0.9939174462922871,0.9425495550444397,0.7276361130039527,0.6358698538464048,5.364050381512252,-0.0055061903452212554,0.9425657128858812,1.2659872652564566,2.3363472375207106,0.18501336872577667,0.17327876389026642,184
34261000,lstm_global,supervised,CAMELS-BR,0.9866977319842513,0.9615010156375983,0.43325151585667815,0.27641427295005067,3.7981152344791442,-0.001709889382730305,0.9618751600097716,1.1506522972215216,0.7097881455280642,0.13215312361717224,0.1303650438785553,188
34270000,lstm_global,supervised,CAMELS-BR,0.8743502092308375,0.8380446393089792,9.91199343217463,5.386868663334652,7.0100518673465535,-0.013423629900458714,0.8490879473734114,33.659980675426816,42.65652487137296,0.482310950756073,0.3341616690158844,184
34311000,lstm_global,supervised,CAMELS-BR,0.9204382361174783,0.8697364015987905,68.75336108435022,48.75971686321756,4.8484994473227285,0.00044008995316510875,0.8739167696563079,144.17033601072706,185.37655834764342,0.22186791896820068,0.1816721111536026,184
34340000,lstm_global,supervised,CAMELS-BR,0.5515865341117057,0.552015772956731,3.854351675582815,1.3868610065250244,9.19822688342694,,0.623143336305642,15.558962108113693,28.58908703748144,1.2277792692184448,0.7430298328399658,184
34410000,lstm_global,supervised,CAMELS-BR,0.9413555947493712,0.8921271846626961,1.9139613596896972,0.8519355967893438,-0.23497306001190504,0.0003089223268538699,0.8940711875371954,6.127167653045458,10.598651885986328,0.053626932203769684,0.05576825514435768,59
34420000,lstm_global,supervised,CAMELS-BR,0.7515477716734262,0.5835175300306432,5.302019962374121,1.2700612018618018,-13.401916275413443,0.0012547050177868155,0.5902425679670735,22.500183876862973,48.604543971089925,1.1805739402770996,0.9073895812034607,188
34450000,lstm_global,supervised,CAMELS-BR,0.4191541816292105,0.5153270176989725,9.557638218158,2.064605948736046,27.22586403520165,-0.04297884418905158,0.6504396590641668,40.747738127718584,87.44614250148335,0.9691712260246277,0.7508371472358704,184
34465000,lstm_global,supervised,CAMELS-BR,0.43562778184296225,0.3436382695318604,1.4321047307199277,0.4951216638070511,59.35705448588283,,0.3799798582128,5.923556461055717,7.659725043971271,1.0419200658798218,0.8329843878746033,184
34470000,lstm_global,supervised,CAMELS-BR,0.6364352212855147,0.6763251321790453,6.774051768013533,3.0107777748019138,24.680634621863373,-0.020262306663041428,0.7383671955128794,26.97631626763586,48.55650473336687,1.1051642894744873,0.7716182470321655,188
34471000,lstm_global,supervised,CAMELS-BR,0.9466141913851863,0.931511054565025,6.043820882822989,1.8721043163576447,2.721420724447887,,0.9360504599685777,25.452618479409292,14.547939594144827,0.8542299270629883,0.8855581879615784,184
34479000,lstm_global,supervised,CAMELS-BR,0.9283410622381942,0.8095782953660816,7.913263229005361,1.7479736176926806,-6.202346274218795,-0.003959668745984676,0.8105727794021371,33.31905356208833,71.833783113804,0.7772586345672607,0.7396705746650696,184
34480000,lstm_global,supervised,CAMELS-BR,0.2226842067364121,0.12074144749824578,3.2398444371595345,1.7130646171603114,82.07715748648116,-0.022497262796662892,0.16432469507194958,11.827204101092711,11.771252975274134,0.9560205340385437,0.6244293451309204,188
34564000,lstm_global,supervised,CAMELS-BR,0.9747639633795488,0.9041861490610068,1.2307250542752968,0.3597050501786648,8.64869078028775,-0.003948638185543342,0.9047637323938172,5.227659787149085,6.479880822135308,0.9514940977096558,0.9196091890335083,188
34571000,lstm_global,supervised,CAMELS-BR,0.9543837599524887,0.8126079503296161,0.9890505339217448,0.5112167427900915,17.91643857090414,,0.8132983637130528,2.4761514885127256,2.0370077779179225,0.6778099536895752,0.6134157180786133,184
34600000,lstm_global,supervised,CAMELS-BR,0.8299348266403247,0.8861895958725734,25.282540228049736,10.42805175424513,7.34969138461769,-0.013907835176534905,0.9245989674210915,86.61771998767051,48.5080090150166,0.6807225346565247,0.6076281666755676,184
34610000,lstm_global,supervised,CAMELS-BR,0.8985707836120342,0.8663643027360011,37.67497413260646,12.967134871856963,-0.7974063623059434,-0.012268567579529061,0.8752554097406949,152.67266415273,234.9035427859149,0.6615374088287354,0.6261120438575745,188
34620000,lstm_global,supervised,CAMELS-BR,0.8798792163142453,0.864678345691817,3.458474657848524,1.3944071073732947,0.0013022187071054306,-0.022694633869879258,0.8776779928729529,12.198638968718432,25.103030047616144,0.6161519885063171,0.4841115474700928,184
34660000,lstm_global,supervised,CAMELS-BR,0.9562096063243873,0.9578695464226299,70.79750601136723,41.420202539322226,1.826727925112308,-0.0017267585991923746,0.9634605132996222,219.80288765287847,220.78597742197505,0.23094850778579712,0.24062718451023102,188
34690000,lstm_global,supervised,CAMELS-BR,0.9460688843029709,0.9622689102108024,77.52073549981102,42.32528483072917,1.8554861700174579,-0.0009314321438224395,0.9723696384169362,232.48491238801583,181.93507024654238,0.23980562388896942,0.24716761708259583,180
34730000,lstm_global,supervised,CAMELS-BR,0.5977447361773183,0.7143922303829882,1.9920564780060641,0.6780781067221703,18.784870590535814,,0.7508013028852291,8.034110202710027,17.921652636256383,0.5177547931671143,0.4368189871311188,188
34740000,lstm_global,supervised,CAMELS-BR,0.9574669489126332,0.9400070327799723,1.1222637783185492,0.42959171832301357,3.6704705981768666,,0.9426885024283596,3.354058422165147,4.060865490499564,0.49736204743385315,0.5231545567512512,188
34742000,lstm_global,supervised,CAMELS-BR,0.9309693255126739,0.8449848884915356,5.13732429662517,1.4733083012239496,-0.18165800813989907,,0.8473136313220487,21.297193669401217,24.878393961626216,1.0438698530197144,1.0925973653793335,188
34750000,lstm_global,supervised,CAMELS-BR,0.7966948420654217,0.7846996894051453,17.33308032461082,7.14395943776878,14.756829645875815,-0.26646084599453623,0.812412762947214,63.83443923181141,118.98677218009776,0.873268187046051,0.6690681576728821,184
34751000,lstm_global,supervised,CAMELS-BR,0.31945443423838515,0.4104507461518928,19.991760108036015,5.347205645202295,15.27960347882915,-0.015324039912438494,0.5919715865674633,83.41610041547067,178.44543587714352,1.2372514009475708,0.7526479363441467,184
34760000,lstm_global,supervised,CAMELS-BR,0.6324760058213479,0.6479383234254014,52.04603952593386,20.700223606079817,-8.411903606671187,-0.018517012977233786,0.7096579995326424,203.9791987438045,372.63121931186816,0.9834498763084412,0.745188295841217,184
34770000,lstm_global,supervised,CAMELS-BR,0.6491425969189182,0.6549880205399468,114.11538561873874,41.93657873295572,-2.8873356047469136,-0.045544737050051444,0.7099028357507808,455.132601785207,884.0587982122663,0.9615815877914429,0.6542749404907227,184
34789000,lstm_global,supervised,CAMELS-BR,0.6829590379230277,0.7282957521914746,115.68382936214856,38.33445460381715,-2.827476033411475,-0.022335489813870027,0.789149025739592,430.2557632591595,746.8735941850481,0.8036865592002869,0.5627396702766418,184
34790000,lstm_global,supervised,CAMELS-BR,0.9202042259481598,0.876302022727194,106.25012176676897,38.33943306131566,-0.5717741549343637,-0.009028723207043413,0.8814954611420345,384.7269910602795,695.8819227966368,0.5919325351715088,0.538377583026886,188
34820000,lstm_global,supervised,CAMELS-BR,0.9542052323637426,0.9472065041896366,120.55015607698364,56.50966030618419,-1.1445808195357663,-0.0005044448565214368,0.9523583115397101,288.8301433016733,238.87163266959266,0.2911332845687866,0.25658202171325684,184
34879500,lstm_global,supervised,CAMELS-BR,0.9934810980883679,0.9930629106172286,39.94993335603875,28.74274444580078,0.5154022270064751,-0.0005765330865117255,0.9937940215244209,51.05971746901565,50.450202577267405,0.18124186992645264,0.18149150907993317,184
34880000,lstm_global,supervised,CAMELS-BR,0.9919729769293725,0.9612471802260494,67.22141017230817,39.62319232047872,0.03518257297164135,-0.0005741444694064603,0.9613812452154653,154.9331790645282,191.16532770503875,0.2301776260137558,0.23298144340515137,188
34930000,lstm_global,supervised,CAMELS-BR,0.961664024288273,0.9153671344372789,15.805573882340521,6.76646261517991,7.281705257979947,,0.9170818188317238,53.32031898212241,101.83074695603766,0.6501073837280273,0.6264898180961609,184
34933000,lstm_global,supervised,CAMELS-BR,0.9570289322958743,0.9694004111055379,5.947670102190881,2.584083183208245,1.5428158741082552,,0.9779848129102324,13.945874027258489,3.8449645552492284,0.6772189140319824,0.6812941431999207,174
34936000,lstm_global,supervised,CAMELS-BR,0.9770336716538099,0.9564059774690471,7.684054027610507,3.4670735654299674,-1.286876968963839,,0.9577554567045459,22.554386151661596,30.21152712360155,0.5623165965080261,0.5419797301292419,184
34940000,lstm_global,supervised,CAMELS-BR,0.9750748429119395,0.9667358804882742,34.37257739521263,15.143771120063636,2.1499138790461685,,0.9690256556932919,114.85483948976322,181.7181963325081,0.5452061891555786,0.5050170421600342,184
34948000,lstm_global,supervised,CAMELS-BR,0.822595645666226,0.9115649288678014,10.74861045461041,3.021082676030979,0.43787368411477284,,0.9880550772567795,43.02175794514169,84.45665404572104,0.6350512504577637,0.6686269044876099,184
34976000,lstm_global,supervised,CAMELS-BR,0.92140627092303,0.9384904853313617,9.501563031866676,2.9815460041813227,0.7528114233990326,,0.9526688257461143,37.27029930069564,21.013310131194714,0.7335333824157715,0.7322078943252563,184
34979000,lstm_global,supervised,CAMELS-BR,0.6853725606144281,0.7347277156807188,1.0515139222145058,0.4526713584807325,-0.4114093850867102,-0.008307155208618473,0.797362659916979,3.593167396812038,5.868194311673645,0.6443033814430237,0.414431631565094,188
34980000,lstm_global,supervised,CAMELS-BR,0.9767401046590574,0.9537920889229938,47.03600644170599,22.885750586247962,2.8116313423152026,,0.9551225853868806,115.29722521891964,102.12807578797721,0.5919933915138245,0.5528601408004761,184
34988000,lstm_global,supervised,CAMELS-BR,0.9921522043947539,0.9770488469695935,0.4542306371123883,0.2854998701430382,2.131525533495657,-0.0033510046721944055,0.9773243438493812,1.340256008334346,1.2385655214617008,0.24980254471302032,0.24962972104549408,188
35050000,lstm_global,supervised,CAMELS-BR,0.596223860956995,0.6374855666171748,10.523778606961645,3.4711529393680394,-5.279583443625245,,0.7152188371144895,40.23981192971399,67.00841749311223,0.7149755954742432,0.521683931350708,188
35125000,lstm_global,supervised,CAMELS-BR,0.814119832935358,0.8086834694938648,6.41337107300684,2.7500713607805265,15.02793541594684,-0.03079030070491167,0.8329187720288032,19.81009647225351,21.938286004297108,0.9006158709526062,0.7062461972236633,183
35156000,lstm_global,supervised,CAMELS-BR,0.9679199812454148,0.9603517553645691,2.47873928474779,0.8173157846400327,3.6101167938185807,-0.04786252584087772,0.9636217499837957,3.474128643412847,0.9732926955625067,0.4026089608669281,0.4299495220184326,179
35170000,lstm_global,supervised,CAMELS-BR,0.7201054783593179,0.8313578100359578,24.74290650702752,8.367986825424866,2.9344634645545713,,0.9193731790976385,99.62114145299047,163.22190181785646,0.7508946061134338,0.5954054594039917,179
35205000,lstm_global,supervised,CAMELS-BR,0.866041953941124,0.8886153371353487,4.991145217038823,1.781905952850098,7.062206984853392,,0.9117654767338996,17.135639441609065,27.768941242371,0.6822095513343811,0.606926441192627,180
35210000,lstm_global,supervised,CAMELS-BR,0.6913326578253669,0.6534593288877262,7.785827930556142,2.715442108395307,16.14438078210151,,0.6907753269229673,31.477358470537496,61.027700097384916,0.7498663663864136,0.6337993741035461,184
35223000,lstm_global,supervised,CAMELS-BR,0.7298490843606992,0.7105931207238061,3.946469419823549,1.35243904447936,19.797879464223705,,0.7485971452217788,15.902272169104007,34.33553794842136,0.9836570024490356,0.5557013154029846,188
35235000,lstm_global,supervised,CAMELS-BR,0.18472254128270804,0.5598374662851098,11.415076424153147,2.75863472364195,23.64468090469244,-0.0017997511657040603,0.7204202177235763,19.320149039045056,15.789698724366115,0.5168954133987427,0.5788189172744751,184
35240000,lstm_global,supervised,CAMELS-BR,0.4859095659519562,0.27558639377805916,7.854904361713876,3.474720014251627,68.42943655157525,,0.3037228288966094,22.519245595606883,21.3360017564446,0.8705777525901794,0.5221186876296997,184
35251000,lstm_global,supervised,CAMELS-BR,0.7898761571728883,0.5703078425524323,3.39395631520916,1.5420117331074272,36.20108531022517,,0.5818959010604721,13.67826636012924,24.602519706397548,1.2127004861831665,0.6762552857398987,188
35255000,lstm_global,supervised,CAMELS-BR,0.8358588981193855,0.824333459880878,14.785740061670923,3.4248794356118077,-6.074133702062431,-0.0016307038180867137,0.8454622445985174,60.589324025010235,115.47487591132466,0.7467094659805298,0.6363796591758728,184
35257000,lstm_global,supervised,CAMELS-BR,0.518749107935292,0.440574117309555,7.429775134630436,1.3509227267486301,-3.846408408650869,,0.45248241155335767,32.00171547060531,69.53857336102178,1.2408678531646729,0.6655842661857605,188
35258000,lstm_global,supervised,CAMELS-BR,0.18467991585943688,0.1498959295431147,24.18569388046741,3.4521205327447566,-11.071704529136298,0.0024547896120753927,0.33904705468924856,107.74954554190242,222.18863181934603,1.5036628246307373,0.6860158443450928,179
35260000,lstm_global,supervised,CAMELS-BR,0.728102763225064,0.6855138236237674,8.261653124358151,2.4666058265239648,4.086974739044322,-0.018857632268653363,0.7122258055584001,34.72580662376367,51.25521496695559,0.9226431846618652,0.7008889317512512,184
35263000,lstm_global,supervised,CAMELS-BR,-0.32533253591094224,-0.572333380242178,0.24770126379079332,0.23568139500554375,156.95672602763432,-0.0533256592986582,-0.569735637851309,0.27228727172732303,0.3945918702216991,0.3064163029193878,0.12706147134304047,188
35270000,lstm_global,supervised,CAMELS-BR,0.8887689345028249,0.9407833224171037,11.07214621298555,3.6218209769973098,0.6996355598787657,-0.01204172282360648,0.9815607547748738,41.57999667085467,74.2226393194471,0.5120200514793396,0.4842798709869385,188
35275000,lstm_global,supervised,CAMELS-BR,0.7921191459397514,0.692078367199187,25.572612097844416,6.834381682717281,3.8190055446923985,-0.0007341446548859674,0.6960517625872369,105.54128531018779,229.85417557964936,0.6690411567687988,0.4566093981266022,184
35279000,lstm_global,supervised,CAMELS-BR,0.042603218163505874,-0.5398538555108998,0.36977073648582887,0.18456768143446523,148.2284224505923,,-0.4834723966277614,1.4725053900258793,1.927739559319086,1.2371859550476074,0.4513363838195801,188
35283000,lstm_global,supervised,CAMELS-BR,0.8645995509761157,0.815278680436417,29.394218933149883,8.932618680855501,12.745455880234069,-0.005497698035384449,0.8198745056742185,118.06202732074225,225.28585330835188,0.7141909003257751,0.6773209571838379,184
35301000,lstm_global,supervised,CAMELS-BR,0.9162294715217291,0.8321841515373127,3.420628326469855,1.4256419347013747,9.118124727969898,-0.03363018560508164,0.835417829236696,11.522187308553953,17.351385575958165,0.913665771484375,0.8066597580909729,175
35350000,lstm_global,supervised,CAMELS-BR,0.610496149596436,0.3999427616095248,8.040553558961786,1.2354185286372819,-27.6121655748337,,0.40228859110250237,34.24093301076639,74.22971513913606,1.0613486766815186,0.8447073698043823,184
35370000,lstm_global,supervised,CAMELS-BR,0.9439637719773852,0.8126001205677531,6.429746415189228,2.5948371456116033,18.541084438620633,,0.8142816745115747,23.711971201864667,13.629828587535249,0.937402069568634,0.761100172996521,184
35370600,lstm_global,supervised,CAMELS-BR,0.7383004125244582,0.6375852221372784,7.849879673609622,2.094757714391048,-20.493050923627287,,0.6588018127365276,32.67262646108592,47.22619811954943,0.7135608196258545,0.5738627314567566,184
35390000,lstm_global,supervised,CAMELS-BR,0.995554106498072,0.9812705657511931,1.1631715609916604,0.5159275029834948,0.411763498896756,,0.9813310470501067,3.6298340107238216,4.223360193652048,0.354326993227005,0.3622722923755646,171
35551000,lstm_global,supervised,CAMELS-BR,0.6664580900231927,0.4830203852121949,5.21041525366741,1.9606489812994892,43.675015278191495,,0.5143070689099101,21.480156610000073,14.742557003500652,1.5486739873886108,0.7312030792236328,188
35570000,lstm_global,supervised,CAMELS-BR,0.857228050356329,0.7451332741192467,4.080126103672701,2.0102952997827823,19.695791648265764,,0.7537551607419688,15.301454935789838,23.60692529309687,0.5605446696281433,0.4866488575935364,184
35571000,lstm_global,supervised,CAMELS-BR,-0.3483420692340158,0.3661839091668999,2.9709365799046643,0.5928988848482409,14.557804818669808,-0.019183747507844136,0.4675405624691402,12.075415269530977,28.314104993462358,0.3516058027744293,0.38053151965141296,186
35640000,lstm_global,supervised,CAMELS-BR,0.8700365945732049,0.8467610638471852,0.97020874672872,0.23045257754386106,-7.888940023422227,,0.8612803225367807,3.7702020665351705,1.1548909868729342,0.35221827030181885,0.36702796816825867,188
35650000,lstm_global,supervised,CAMELS-BR,0.6441516261939354,0.40619983178857355,3.0624588917982534,0.7702669530909168,53.481777390961874,,0.433226584634272,13.028045782581325,28.4275886625744,1.0792524814605713,0.5299583673477173,186
35668000,lstm_global,supervised,CAMELS-BR,0.32210621334968725,0.29400340827173677,2.0239945931301984,0.5396377951771644,62.717230575014774,,0.34017214566974496,2.657341675828114,3.531976050559615,1.2581770420074463,0.7583438754081726,184
35669100,lstm_global,supervised,CAMELS-BR,0.7264960083365661,0.7950810262928804,3.888734183194245,1.2883030693729127,15.184014488876999,,0.838109650041497,8.0949709872712,4.92532253153765,0.621093213558197,0.61563640832901,177
35740000,lstm_global,supervised,CAMELS-BR,0.4362470063044265,0.5872792582163651,2.3545339570177424,0.894437474349524,12.512543728030254,0.002793257943180902,0.7460713587414682,9.263439612554983,17.780693236459346,0.8576107621192932,0.4728381931781769,179
35830000,lstm_global,supervised,CAMELS-BR,0.6046748564790103,0.0045997418229748455,3.095761058717157,1.7324760240562103,98.0097965629188,,0.014428333385977599,10.263208790590726,14.912559121299699,1.0572099685668945,0.6541163325309753,188
35871000,lstm_global,supervised,CAMELS-BR,0.5553464397597431,0.7796427037047137,3.9846726031891393,1.0588565737622992,4.024142267293489,-0.010806702490382764,0.9151571167115804,16.46649183180808,19.186990492425153,0.6511810421943665,0.643610954284668,179
35875500,lstm_global,supervised,CAMELS-BR,0.5956968132681796,0.5183513591137633,9.398384608130957,3.5471807681020824,44.112072449626446,,0.5580739786722164,38.053282535950544,72.0864492919905,1.0220268964767456,0.6913506388664246,179
35880000,lstm_global,supervised,CAMELS-BR,0.7353800417799339,0.7124709185612,8.09444851835154,3.1109248327934726,22.55229827402661,,0.7479965672534732,31.634434017687312,21.82186648174538,1.028022289276123,0.7063618302345276,188
35900000,lstm_global,supervised,CAMELS-BR,0.919335200099468,0.9055468486354887,2.4212126279312653,0.8975910394837087,8.563589873342421,,0.9141344224539063,4.848283360284881,4.80040070672345,0.8651989698410034,0.7922501564025879,173
35950000,lstm_global,supervised,CAMELS-BR,0.7437850420804998,0.863778931120752,8.56337773523358,2.6118220862142905,-3.667394510878956,,0.9221073661981383,34.95464267659794,56.818610983801335,0.828424334526062,0.8660784959793091,184
36020000,lstm_global,supervised,CAMELS-BR,-39.82829104837682,-13.930273843610811,1.5912633827333678,1.369142637706976,1470.6536916068485,,-13.917139774467879,2.1358521777905106,0.8693479893185909,1.0415451526641846,0.1548284888267517,188
36045000,lstm_global,supervised,CAMELS-BR,-1.337838524859341,-2.432517970124568,0.5039247329758955,0.2649851669359239,328.88629429603236,,-2.42793005715231,1.9579387286242342,1.3717574112255624,0.9679652452468872,0.43434032797813416,188
36070000,lstm_global,supervised,CAMELS-BR,0.8393827739410986,0.6694843840405008,7.772207786408701,3.235142425730567,30.976788411342703,,0.6756845645959959,30.166382430112062,48.27502613391229,1.035392165184021,0.6666723489761353,188
36110000,lstm_global,supervised,CAMELS-BR,0.9394123928170188,0.6177760381056332,2.7042063607904177,1.382611430824063,37.982047876641715,,0.6186074386083684,9.534953519021187,13.109987424840728,1.1139140129089355,0.896761417388916,172
36125000,lstm_global,supervised,CAMELS-BR,0.8133073111238086,0.8376080450730132,3.3797590132647026,1.349169236627665,13.342915086306967,,0.8640271966803468,12.909204416654344,18.916533233236613,0.8448256850242615,0.8140508532524109,188
36130000,lstm_global,supervised,CAMELS-BR,0.4626526116599833,0.4285290248296467,24.980597166139397,6.444673872361779,-15.656973323842792,,0.5090765763815863,106.20965625887705,207.7516097650107,0.8618848323822021,0.5989193916320801,188
36160000,lstm_global,supervised,CAMELS-BR,0.7266241434494877,0.7890475712675442,22.645698265992184,8.075169075094736,15.592793049213867,,0.8293118025492658,90.61480268612686,173.85791515116347,0.7386261224746704,0.8163366317749023,188
36210000,lstm_global,supervised,CAMELS-BR,0.8331457214344682,0.8737839942470828,3.593554394013552,1.463474508701496,1.7216187499203481,-0.020625166120325195,0.9075516140361682,12.5578419086446,10.897674515397268,0.6291683912277222,0.5119182467460632,188
36220000,lstm_global,supervised,CAMELS-BR,0.2188071057671599,-0.03940683199568196,6.022528885668709,0.9311939620182532,-57.456738283402586,,-0.003912742598516816,24.86634932955344,56.62848181404006,1.6411445140838623,1.0447936058044434,188
36230000,lstm_global,supervised,CAMELS-BR,0.4935351442211938,0.37703815838634724,6.64824242498983,1.67794573274342,15.427425326210955,,0.41047947640266147,28.504854486612206,61.90796306566148,1.639892816543579,0.5613082647323608,188
36250000,lstm_global,supervised,CAMELS-BR,0.8820040240592938,0.8307260057413858,2.2574942878415123,0.8519319089547858,4.229393156995032,,0.8391326112572763,8.932586580057972,9.903405327180636,1.1694309711456299,0.8907601833343506,188
36260000,lstm_global,supervised,CAMELS-BR,0.8305502301652575,0.8060278120555935,12.698697592306338,4.065704251763391,-4.1604960453720565,-0.017491332411472035,0.8248142182703189,48.49539535894851,83.07466479821804,0.7842491865158081,0.5998037457466125,188
36270000,lstm_global,supervised,CAMELS-BR,0.8674056980156617,0.826411609306681,13.07117941301733,5.326176444464859,14.762106294414243,-0.02813066619683066,0.8360170728875209,49.71036031482229,51.32358954742438,0.6875033378601074,0.6769701838493347,188
36290000,lstm_global,supervised,CAMELS-BR,0.7730467730611484,0.8631178170384003,32.23316003769576,8.875840213278586,0.6090198261387794,-0.07331621705253377,0.9325386261458706,134.63000205402102,123.0319648934833,0.7776495814323425,0.7932676076889038,188
36320000,lstm_global,supervised,CAMELS-BR,0.7298297418847381,0.6826363855171884,60.397625789968274,14.35297272793213,0.5068776543769659,-0.03830813521027678,0.7080925698007314,258.3736816394337,520.658549507906,0.9368848204612732,0.7970067262649536,188
36370000,lstm_global,supervised,CAMELS-BR,0.9273344335510528,0.7515738183779241,37.95023535322597,13.523021681801133,-13.832626279999998,-0.011824509896324706,0.7518687100075576,149.00990378438115,199.56757955372234,0.5221071243286133,0.3781519830226898,161
36386000,lstm_global,supervised,CAMELS-BR,-0.42816544283039115,-1.7922539880408617,3.024141152568084,1.1399623399037262,260.0358400256148,,-1.7921997677999402,12.686058825452653,25.036322779407552,0.9981923699378967,0.6865078806877136,172
36390000,lstm_global,supervised,CAMELS-BR,0.6230320660080577,0.15857131127201884,7.440319473050022,5.751008364629556,76.30973661736135,-0.011364105586712199,0.15864116331504174,22.694365518546363,47.66330155160814,0.4680017828941345,0.33069145679473877,188
36470000,lstm_global,supervised,CAMELS-BR,0.4857848092176251,-0.261872622082848,5.741053548670978,2.229969351834796,119.37339194321477,,-0.25723567678097425,24.019568988501735,45.108453090240886,1.188145399093628,0.8426333069801331,188
36515000,lstm_global,supervised,CAMELS-BR,0.8957683475211703,0.5559944803639109,1.7791100397842972,0.8504617399546902,42.84001214243573,,0.5571625711339985,6.774948736407688,10.24115860701147,0.8270402550697327,0.6884948015213013,172
36517500,lstm_global,supervised,CAMELS-BR,,,0.21872258186340332,0.21872258186340332,,,,0.21872258186340332,0.21872258186340332,,0.0,188
36520000,lstm_global,supervised,CAMELS-BR,0.7499455068824118,0.15815331029321922,5.592867762477861,2.5423655452652114,81.05860965949671,-0.047558002497251096,0.15943552579907072,20.874957114324772,45.24955524891138,0.6296446323394775,0.4986841380596161,188
36580000,lstm_global,supervised,CAMELS-BR,0.9422432949345747,0.4657808132244917,5.868948130831944,2.790434075858781,53.3090770212922,,0.46580492906430304,24.16008762127175,39.55264604073098,1.1604574918746948,0.7010210156440735,188
36586000,lstm_global,supervised,CAMELS-BR,0.5977198679622895,0.6654142980739641,3.9043540338772376,0.8539742909042423,-4.5322499834111785,,0.7470367237452222,16.546918364153857,35.404389050676485,0.8696069717407227,0.713932454586029,188
36615000,lstm_global,supervised,CAMELS-BR,0.9075181117144111,0.6349735376903493,1.7751266864526591,1.2180836382024782,33.066988592562886,-0.0028236201946203587,0.6351757659578042,5.286499020803542,8.735539123261868,0.5084991455078125,0.4537510573863983,188
36628000,lstm_global,supervised,CAMELS-BR,0.9353118710880377,0.7957441932071047,6.271368081930179,1.2280459535689627,-3.832397187697753,0.0004569954504938488,0.7957815858187537,27.084719625628765,58.14375000368317,0.9078653454780579,0.7371323704719543,188
36630000,lstm_global,supervised,CAMELS-BR,0.9496069121192745,0.8929890379370445,0.17779291659806393,0.06303645949810743,0.7207387767573739,,0.8949389895364877,0.6504579523256142,1.1602241510188662,0.5850539207458496,0.5926965475082397,188
37030000,lstm_global,supervised,CAMELS-BR,-0.12483196556066312,-3.78695442574222,0.6653463638548749,0.5787039399002442,477.901160944292,,-3.7814249323712064,1.5483751701414135,2.928990679469642,1.522934079170227,0.19018258154392242,157
37050000,lstm_global,supervised,CAMELS-BR,0.3322449566352359,0.3789544805525601,7.439674719099657,2.4688546083114566,3.457634571301461,,0.5418122164181487,30.030373200436536,58.529463398967316,1.2430766820907593,0.5201144218444824,188
37080000,lstm_global,supervised,CAMELS-BR,0.8208837032586631,0.37695739022694086,2.105653632425313,1.3029572211733544,61.9203601021151,-0.08693515013202983,0.38059443863708065,6.86507091666351,5.114823295536536,0.8121539354324341,0.4879920482635498,188
37084000,lstm_global,supervised,CAMELS-BR,0.9786306115405001,0.761025069958593,1.4128376649915688,0.7555268902221502,22.68932127467765,-0.012424938715882242,0.761073261146952,5.541679977268945,5.604919468292972,0.6663713455200195,0.6102911233901978,184
37090000,lstm_global,supervised,CAMELS-BR,0.8320409292295561,0.4231557817351097,2.6060371113192122,1.2168154198517824,48.1131781634558,-0.028325683205426146,0.42322335887373086,10.504121045784478,21.122318919348228,0.4963482916355133,0.4560772478580475,188
37150000,lstm_global,supervised,CAMELS-BR,0.6708310649620153,0.5448102434081477,8.774877293105273,1.9987304686330893,-9.586665242799079,,0.5559113466248606,37.63979648984264,79.69510537122747,1.3040636777877808,0.822237491607666,188
37185000,lstm_global,supervised,CAMELS-BR,0.9409257040024179,0.7584219486742048,0.6499155319386343,0.3855767141688954,22.961129493717596,-0.007215423733578127,0.7588528699274758,1.840608596991251,3.2981532610559356,0.38085946440696716,0.3465074300765991,187
37190000,lstm_global,supervised,CAMELS-BR,-0.15777516598697172,0.07573044911517768,7.434271224031691,1.6347748618176643,55.93496895374413,,0.38828798813992316,31.854528980757525,63.36502687288424,1.1190335750579834,0.6301137804985046,188
37220000,lstm_global,supervised,CAMELS-BR,0.8866975988161352,0.9287112641650676,1.8438719951790719,0.5442453152202287,2.5073911760674474,-0.002409874630323723,0.9554188002428559,4.126445826915074,7.596697413919543,0.5025303363800049,0.5067757368087769,172
37260000,lstm_global,supervised,CAMELS-BR,-0.06317783976826563,-0.12388967501892334,3.3508559792988697,0.828412195748609,94.07392802524168,,-0.10778586718327521,14.102459229784749,31.197795630210805,1.5184988975524902,0.9588772058486938,184
37290000,lstm_global,supervised,CAMELS-BR,0.8444748059903999,0.7763980922985871,6.619956184975362,2.3512509282053267,20.99788319464479,,0.787862378348904,23.0788341230555,13.472779436209866,1.2688210010528564,0.8646451830863953,184
37297000,lstm_global,supervised,CAMELS-BR,0.859251060539347,0.741720575392236,10.340492803749438,3.173807094284758,-4.787312020462215,-0.02745855179122776,0.7465077080353146,42.7780845510325,81.59849443926873,0.8922616243362427,0.7178135514259338,158
37320000,lstm_global,supervised,CAMELS-BR,0.022429441189505517,-0.13913242026676187,9.383789983711011,1.1720095322481499,-28.452763464381526,,0.20096910538178991,38.07909379085016,84.73307768262326,1.2521942853927612,0.6240755319595337,165
37340000,lstm_global,supervised,CAMELS-BR,0.07345944378566927,0.05522024949079696,41.262949834887955,7.730189450773747,10.551387610636885,,0.33841868855971746,177.63084506849953,387.70382592895356,1.5667247772216797,0.8192490935325623,188
37360000,lstm_global,supervised,CAMELS-BR,-9.55480270722577,-4.122491836058884,1.4638744282126217,0.7586967308236937,443.3211363616468,,-4.1201526543958495,5.682569645821648,9.699731790399431,1.157647728919983,0.6056313514709473,166
37369100,lstm_global,supervised,CAMELS-BR,0.9630468920828901,0.9684319544636059,0.2728792103309441,0.10259473323822021,1.0099861243711172,-0.0003738749686057752,0.974311880415235,0.3361659539387875,0.2931716412254394,0.07090497761964798,0.08136262744665146,170
37380000,lstm_global,supervised,CAMELS-BR,-0.12966047577668727,0.03556339888016469,5.191572468680531,2.3967122273876313,34.27264870175796,-0.006554511366112398,0.42108551122729954,19.217324097865546,41.69175781687162,0.4134767949581146,0.19413450360298157,188
37410000,lstm_global,supervised,CAMELS-BR,0.4844387182806331,0.5363208080870574,22.711666761084548,7.4582540323125555,20.561690870614015,-0.010030697709812353,0.6356637411640993,87.96814886595263,189.2563585453955,0.7869041562080383,0.4951399266719818,188
37412000,lstm_global,supervised,CAMELS-BR,0.6571511535915877,0.6795665135316817,23.356596928986235,8.313169237781079,9.815921414921695,-0.012713326420712604,0.7374477716087126,95.75620733793265,181.90375148073142,0.8889445066452026,0.5930643677711487,188
37413000,lstm_global,supervised,CAMELS-BR,0.5173923911505456,0.5257081937059778,43.194333316603334,11.828333205048073,-7.890104762776698,-0.01356731685479148,0.6078119905497399,183.28342294895597,342.895546478552,0.9870635867118835,0.8209307789802551,188
37430000,lstm_global,supervised,CAMELS-BR,0.3420614716651298,0.2756867916166116,5.511731423554792,1.6740981740557355,33.06789174629905,,0.3915720288619563,23.002931438293714,51.11966481826201,1.5391472578048706,0.4945927858352661,188
37440000,lstm_global,supervised,CAMELS-BR,0.5637237369110283,-0.5187118334080552,2.632964379799614,1.8605843193670253,150.96606746315774,-0.06296347423337093,-0.5151579820518333,7.988337518741122,0.8477248048824764,1.0865163803100586,0.5194709300994873,184
37450000,lstm_global,supervised,CAMELS-BR,0.7098917165133285,0.6965598379829472,2.7304239973202216,0.7252994580974792,-2.284662669699157,,0.7352670869644892,11.748859815318955,17.478002189939875,1.3396483659744263,1.104430079460144,179
37470000,lstm_global,supervised,CAMELS-BR,0.7216704872466624,0.5740964740588981,3.589949644224818,3.347751439727367,42.39048564599812,-0.006010327560606918,0.5752134368018983,6.6363476791726015,5.117462657775396,0.3250479996204376,0.22925135493278503,188
37490000,lstm_global,supervised,CAMELS-BR,-75.88782757730264,-84.47843543888716,0.10922270995560263,0.1091667833896552,8547.836630702772,,-84.47843543888716,0.10922270995560263,0.13313321556567026,1.3319449424743652,0.014973761513829231,188
37515000,lstm_global,supervised,CAMELS-BR,0.06300948860868216,-4.883510884205914,0.34766488833367093,0.2586887777446115,584.7560833811623,,-4.881030986697594,0.34766488833367093,2.274833439029161,1.203777551651001,0.08381667733192444,188
37526000,lstm_global,supervised,CAMELS-BR,0.5672001254385911,0.27727504862524655,1.7686065698140565,0.6515246040009438,56.19142659600473,,0.30990430022875215,1.7686065698140565,14.703376989232636,1.7084351778030396,0.6159005165100098,188
37559000,lstm_global,supervised,CAMELS-BR,0.7261031960385976,-0.580281227166092,0.909435973510737,0.47096960557176687,153.18451509665425,,-0.5801298532500201,3.6073119785191166,7.427293536232623,1.6433374881744385,0.7379162311553955,188
37570000,lstm_global,supervised,CAMELS-BR,0.22486896462989592,0.2044465894330869,9.668236711872714,3.086009402541404,65.16748763895094,,0.3307314986322254,40.641026470098346,89.97104588323225,1.2046009302139282,0.5178039073944092,188
37580000,lstm_global,supervised,CAMELS-BR,0.961279192758038,0.956101517198136,20.157460583153135,8.086664038259428,0.33958037322061174,-0.09114204779757787,0.960516369332528,69.67400123279118,119.02469846683019,0.3958990275859833,0.4158070981502533,181
37604000,lstm_global,supervised,CAMELS-BR,0.5237453337915703,0.5795660163180247,59.7291095713975,15.120218013075151,-12.114809927740989,-0.022799461492769915,0.6810504971088202,252.14041100281793,420.4687194126993,1.058703899383545,0.6922330260276794,188
37610500,lstm_global,supervised,CAMELS-BR,0.9825512363661705,0.9659327065196164,0.33323050424741635,0.1550875895801075,-0.07240138701879714,-0.00030444374892693755,0.9669865102940786,0.36625451926070046,0.36400035686911547,0.052800215780735016,0.051295287907123566,187
37710100,lstm_global,supervised,CAMELS-BR,0.9557007670674499,0.8476410214888066,57.57660548399459,23.530391367191964,14.357803324803712,-0.013953365426769513,0.8485247752436316,232.94032498671933,402.18664624017777,0.8991197943687439,0.7819862365722656,188
37710150,lstm_global,supervised,CAMELS-BR,0.6140909770323597,0.31827509726251335,5.943239770882933,3.928572396965737,59.658562448993344,-0.014578578837941988,0.3190566192231904,20.509511865876643,45.32614439344054,0.42625266313552856,0.32940673828125,188
37711000,lstm_global,supervised,CAMELS-BR,0.6516184222586178,0.4354555520613932,10.427037718438353,1.3207143466681877,-32.24041422167952,-0.023008111952784783,0.45069633090321126,45.20587886196545,100.4401486069689,1.2044217586517334,0.827495276927948,188
37730000,lstm_global,supervised,CAMELS-BR,0.7415684135059941,0.6721881025982359,5.411491240011278,2.6659851194696222,30.03623846194304,-0.0015941872733348942,0.6858544822031393,21.826957850798504,15.774953606194325,0.350264310836792,0.3125931918621063,188
37750000,lstm_global,supervised,CAMELS-BR,0.9625989509742708,0.7637265987465349,6.770549481231078,3.553599001879388,21.26401747614632,-0.009780855334249838,0.7637908188356719,25.98464241983318,53.26079441418785,0.6360019445419312,0.5882086753845215,188
37761000,lstm_global,supervised,CAMELS-BR,0.873129519755094,0.48737599786765073,5.142724076769177,3.276536131158788,45.23805466202325,-0.007165053031522958,0.487724649532561,17.367288030358793,37.93076759678039,0.6952936053276062,0.388317734003067,188
38129000,lstm_global,supervised,CAMELS-BR,0.9064060864879255,0.9397680061768661,0.5137474492573629,0.2370205207708034,3.6041126197037126,-5.5543394529658854e-05,0.95961186879673,1.190435612247523,0.7560368497735982,0.3468431532382965,0.3540872037410736,188
38170000,lstm_global,supervised,CAMELS-BR,0.9834935640930287,0.8327497005564759,0.3957897071859537,0.27152929347861743,16.691789795619414,-0.011437213634852556,0.8328402586367427,1.2548523602712602,1.4755962993536529,0.5076044201850891,0.4626280665397644,179
38340000,lstm_global,supervised,CAMELS-BR,,,0.2287149429321289,0.2287149429321289,,,,0.2287149429321289,0.2287149429321289,,0.0,135
38380000,lstm_global,supervised,CAMELS-BR,0.7525821971799804,0.3975636904554063,67.31020329161989,11.566292537606499,-40.161888784850035,,0.3987453887070306,299.15571862242564,556.8412773148934,0.5310338735580444,0.47374826669692993,178
38460000,lstm_global,supervised,CAMELS-BR,0.9770028927123952,0.0690851318732989,0.1819171289542087,0.16250902755762747,92.8673316980578,,0.06908513303168518,0.47091146988920096,0.8861586408548372,1.2099051475524902,0.585502564907074,176
38485000,lstm_global,supervised,CAMELS-BR,0.684939601751269,0.45220867948948096,5.138054941671678,0.6665116451767972,-14.179271732761306,-0.04536909783178688,0.4524184440860536,21.94732745981742,40.019135185321886,1.0337166786193848,0.6570287346839905,184
38500000,lstm_global,supervised,CAMELS-BR,-178.1106710023654,-65.4379292343895,0.3589008950058455,0.3094590505731859,6611.674293214196,,-65.43379971866392,0.4368313334351967,0.37016333616552,0.8607810139656067,0.09328874945640564,184
38580000,lstm_global,supervised,CAMELS-BR,0.09813724112230793,-0.1411072471671233,17.106574749442352,2.047716364507846,-48.42567947334164,,0.045976540783962516,74.08477300048946,164.58807221766298,1.818101406097412,0.8144093155860901,188
38650000,lstm_global,supervised,CAMELS-BR,-0.8332366820403132,-6.1410549471594305,1.0965637194229854,0.6342661859727134,709.0466174249015,,-6.094181753648558,4.02937191046943,8.256646738967067,1.7117327451705933,0.1885453760623932,180
38680000,lstm_global,supervised,CAMELS-BR,0.29900501653731426,0.19869461569742108,10.449223311855233,1.5043822846933639,-31.03329178013857,,0.3178221068843896,44.8366273163436,93.56213782365384,1.6288647651672363,0.8679848313331604,166
38690000,lstm_global,supervised,CAMELS-BR,0.6749530603157525,0.8091743945421455,0.09967490520743853,0.05678086978866455,3.817885830466575,-0.00040219909560743495,0.8941887939187803,0.27956643729358854,0.5394494009439941,0.13558107614517212,0.12285348027944565,187
38750000,lstm_global,supervised,CAMELS-BR,0.607167253249679,0.6843754607716909,5.586478136768185,0.8359576198180784,-7.13500737922247,,0.7578963128545093,23.668172903020356,48.799706743444915,0.8270529508590698,0.8974481225013733,162
38771000,lstm_global,supervised,CAMELS-BR,0.3421936156877641,0.6106170874406256,4.152084822100711,1.1942789196799706,-3.970176899472613,-0.007507580262580062,0.8154150606348081,17.173802834695213,25.290388888813954,1.2523813247680664,0.8587586283683777,142
38790000,lstm_global,supervised,CAMELS-BR,0.9420045135700545,0.8991555913090612,4.432789749848065,1.334069792770565,6.17475630125149,-0.04597013197208563,0.902998181780851,19.193455344161443,26.059409380738153,0.8805185556411743,0.7825212478637695,177
38800500,lstm_global,supervised,CAMELS-BR,0.5580540150933211,0.5350720783550823,2.3496033628437263,0.5268583826346105,-6.0537360227045935,,0.5903618537298707,9.348808038783053,19.992256315355927,0.6162912249565125,0.4810141921043396,179
38830000,lstm_global,supervised,CAMELS-BR,0.44821707210521655,0.33225987555073044,7.828536004192646,2.962446226361901,48.710035892232476,,0.40957297883477894,31.421736428334622,66.2023943173304,1.4131947755813599,0.682525634765625,188
38849000,lstm_global,supervised,CAMELS-BR,0.11552074718836036,-0.12397779117748775,3.183411374641912,0.43494080598263635,-51.84232990760851,,0.03140309001713648,13.623565718498782,30.15947712146972,1.6745173931121826,0.9166955351829529,184
38850000,lstm_global,supervised,CAMELS-BR,0.11048060234056722,-0.04043572147244334,6.936621707540758,2.033521893474719,38.310555991672565,,0.19459031152097528,27.7280576256535,61.18991968761424,1.8929288387298584,0.40694043040275574,184
38860000,lstm_global,supervised,CAMELS-BR,0.555229832560882,0.38770006232690823,1.371094539580969,1.0026408510836395,59.022799579317414,-0.026291633637088422,0.3977587589402911,4.44060258753702,7.7505983258637885,0.5493030548095703,0.3930177688598633,185
38880000,lstm_global,supervised,CAMELS-BR,0.9747234083136244,0.3415796439928068,3.039575750844441,1.7359832822979289,65.64030263238035,,0.34159006060073327,10.839002850911518,24.360984650792226,1.3656128644943237,0.7747112512588501,188
38887000,lstm_global,supervised,CAMELS-BR,0.5170622952361046,0.4473170701544492,4.944266651135487,1.2191668242971236,-14.847011770437728,,0.5043749867995388,21.1029077888173,36.25169930145791,1.108383297920227,0.8670854568481445,185
38888000,lstm_global,supervised,CAMELS-BR,-0.4487393835962723,-0.7097854769340084,9.872892199262433,3.4538880954566227,139.71062963079873,,-0.7088310204250692,41.31804829960601,89.86144549959896,1.017814040184021,0.7510319352149963,188
38895000,lstm_global,supervised,CAMELS-BR,0.49860753001656655,0.5938551188812424,23.49405546435124,5.573353667174741,22.26967148575068,-0.08575988325067437,0.7072910287372226,100.59812524195152,206.77749355961836,1.0168683528900146,0.7617654204368591,188
39081250,lstm_global,supervised,CAMELS-BR,0.6280516845932409,0.741900328815313,1.4033606101232927,0.5231140479247304,12.526463391921478,-0.005949911771140889,0.8340049073120742,5.595259740898709,11.459413773309242,0.7450500130653381,0.5499300956726074,188
39082000,lstm_global,supervised,CAMELS-BR,0.35637076596430384,0.07968680243699156,32.028682396317464,4.538847478091756,-51.93704061531821,-0.017660920177354596,0.09538663138237935,138.81584723999143,308.1786857791814,1.1108366250991821,0.9511901140213013,188
39082800,lstm_global,supervised,CAMELS-BR,0.7310547022740916,0.6844944335366232,0.7322361107036666,0.24519325201795933,-0.06735849961031837,0.0023123754406561142,0.7097372553200657,2.9933404355482636,5.95027565389427,0.5999954342842102,0.3862258791923523,188
39083000,lstm_global,supervised,CAMELS-BR,0.41289095796477193,0.44933634808020406,4.618458735426219,1.4939833597783099,0.5273140052469865,-0.00838751227108845,0.5744610287689591,19.08466472355551,38.632662286128884,0.7962958812713623,0.4763713479042053,187
39084000,lstm_global,supervised,CAMELS-BR,0.722943016373195,0.7854490758443138,9.812516678814426,4.176933065216171,12.23070643877023,-0.006978212613244512,0.8427469796816076,35.11730066356887,44.886337844607354,1.0072369575500488,0.8118917346000671,187
39084010,lstm_global,supervised,CAMELS-BR,0.5576970415036593,0.4150772405912603,15.769138736323034,2.6816868624643764,-21.48637112153711,,0.43502032052056283,70.09315972150621,142.82887952613856,1.2507981061935425,1.0988495349884033,179
39084020,lstm_global,supervised,CAMELS-BR,0.883438884883758,0.8361090711005317,5.382575782131347,2.2410991861000222,-2.993175956145005,-0.001135694418886269,0.844397034559538,19.310549078601277,28.673762387270074,0.9819249510765076,0.8669179081916809,171
39084200,lstm_global,supervised,CAMELS-BR,0.7479115739362492,0.7408149421233143,0.6562475558519213,0.2037135378647876,-0.9348695557286372,-0.0010821177779562798,0.7753562079211892,2.6639077457022635,5.520976956418426,0.443623811006546,0.3599088490009308,186
39100000,lstm_global,supervised,CAMELS-BR,-1.0790334589630541,-7.516643364295346,0.28091817927416923,0.19946254749491715,846.473097562551,,-7.486593780396847,0.8937195359438208,1.5983443942214908,1.8075134754180908,0.11222213506698608,157
39130000,lstm_global,supervised,CAMELS-BR,0.039247432296918294,-1.1806440064538677,0.6365326542478678,0.42492039054632186,212.32750757252197,,-1.136011026152897,2.0297268148771987,3.7136071201716363,1.4939626455307007,0.35264647006988525,175
39140000,lstm_global,supervised,CAMELS-BR,0.2975181864582265,0.416306507411621,3.6069251708278784,0.9752215359711702,41.73637515607831,,0.4533799224029348,14.968331692374383,32.35360191128324,0.9756006598472595,0.8292552828788757,188
39145000,lstm_global,supervised,CAMELS-BR,0.14806159151084441,-0.0157092549810518,6.216648410940515,2.272527335964619,81.68638875140586,,-0.008510247626194012,25.668154338736162,49.14399404840999,0.7956296801567078,0.688193142414093,188
39150000,lstm_global,supervised,CAMELS-BR,-0.35405910321279,0.17259773267631928,7.111393625779061,2.1618884910877814,55.67802880430123,,0.43689785982502893,23.35103231907282,41.74700865249303,0.9633093476295471,0.5471400022506714,173
39154000,lstm_global,supervised,CAMELS-BR,0.5899065888019251,0.6159845978998009,1.498680235249674,0.37964277761580234,-12.484141093496756,0.00042416455290769997,0.6904718408118795,6.423715519880598,11.825667501051509,0.9855223894119263,0.8213951587677002,178
39155000,lstm_global,supervised,CAMELS-BR,0.947771416790435,0.9006121603842628,5.012911475873321,1.1098548845698437,0.6867634554701968,-0.007686897054252434,0.9033187638602728,13.126303679808847,16.675276153379542,0.32270365953445435,0.2996591329574585,135
39170000,lstm_global,supervised,CAMELS-BR,0.8233545731913523,0.707468363973109,2.7542881103937793,0.8178669003023696,27.76355861698825,,0.7144651739359849,11.466867337963453,16.941758361393365,1.4193906784057617,1.0157029628753662,186
39180000,lstm_global,supervised,CAMELS-BR,0.029617289827723825,-0.12399528158841044,5.359606232954878,1.426678328709231,17.75913405484445,-0.019765124338550336,0.18757068047612901,21.692065147846527,49.526380050897984,1.3370025157928467,0.4633405804634094,188
39185000,lstm_global,supervised,CAMELS-BR,0.9352719493238463,0.9026707242753738,9.631124441515198,2.8150500965879317,-1.9221754821987327,0.00048769810076833287,0.907289448119265,38.731028909327925,21.83621050835072,0.45881932973861694,0.43716347217559814,188
39187800,lstm_global,supervised,CAMELS-BR,0.5301612009251133,0.5882613955429868,16.22885095816638,4.535707180870033,-3.985902186052052,-0.041822000206161454,0.6879170437357867,67.45282009785872,141.63857493543063,0.831303060054779,0.5315409898757935,188
39188000,lstm_global,supervised,CAMELS-BR,0.5719219041416379,0.562495054098779,30.446843640326634,7.764600502732008,-3.9417560016841513,-0.002267216699674862,0.6208125089189527,127.28979553466637,273.5022849906999,0.8012270927429199,0.551725447177887,184
39189550,lstm_global,supervised,CAMELS-BR,0.3738765012128409,0.37773883319714474,2.695820775606638,0.9037936369309554,-8.724383834638179,-0.00787304630673168,0.5031953463012588,10.53096499304598,20.433560908931714,1.0927143096923828,0.587975263595581,185
39190000,lstm_global,supervised,CAMELS-BR,0.748939939383205,0.8085815958871316,1.0426518887035736,0.4624832324642953,0.8443835399348212,-0.0009981993474504208,0.8632417109860123,3.3998005882786746,3.8250633227094624,0.46717455983161926,0.3677232265472412,183
39190800,lstm_global,supervised,CAMELS-BR,0.46666057835003183,0.6323769541126263,0.5561153886209682,0.2613296684787029,3.2189253727829823,0.0002898519429138102,0.7952401073531897,1.858711246858884,2.828579154516117,0.3560829758644104,0.3051181435585022,127
39191000,lstm_global,supervised,CAMELS-BR,0.4131537749029711,0.509646475864427,1.3099786663084276,0.5236310943010005,4.628409883395092,-0.004047152873202474,0.6589007442800889,5.151844596008816,9.063791444910006,0.4347851276397705,0.22592711448669434,188
39192000,lstm_global,supervised,CAMELS-BR,0.38767068054473863,0.5473344215126479,2.025898183301194,0.8049124694092477,-1.3929259734546116,-0.003351912102278899,0.7361400194583432,7.860715306254172,13.888657673839004,0.6372405290603638,0.4372074007987976,188
39195000,lstm_global,supervised,CAMELS-BR,0.11562283145842189,0.41095091202410616,11.436648972263585,3.297429144715464,0.5465430641946474,0.0004307128151678115,0.7662315422179875,41.03267401693211,82.32166275011677,0.5069210529327393,0.532947301864624,179
39200000,lstm_global,supervised,CAMELS-BR,0.7600388322335231,0.6182604661785436,14.675933238513435,2.989573644739094,-12.118541177059548,-0.002806594015526187,0.6230532879558489,64.25407844895045,128.85220219085804,0.7615011930465698,0.5720576643943787,174
39220000,lstm_global,supervised,CAMELS-BR,0.6168621673915509,0.6984941907510185,3.127458147851917,1.4445318406366783,24.067882267217268,-0.016460899126500513,0.7485292646525101,9.19689652037407,13.10462008532384,0.6434547305107117,0.5623995065689087,184
39310000,lstm_global,supervised,CAMELS-BR,0.435355532044454,0.6133600584473217,0.952907919978939,0.20030429465899782,12.010081218543487,-0.024846695844309027,0.7867968132466421,3.681371808396352,8.4366814417127,0.9965469837188721,0.8744091987609863,183
39340000,lstm_global,supervised,CAMELS-BR,0.9868513599345824,0.8589273639211182,0.5157944219899901,0.28492708209902046,13.873379919715662,,0.8589960614005454,1.474129135014172,2.369461920079517,0.6995689868927002,0.5937234163284302,175
39345000,lstm_global,supervised,CAMELS-BR,0.5954999051742779,0.6572977206037308,3.601177630212448,0.9161408983809607,-2.3373744842967077,,0.7419939655242793,13.40148497174859,25.566788661190685,0.7586491703987122,0.6580951809883118,175
39360000,lstm_global,supervised,CAMELS-BR,0.7253193645302151,0.8134319112149733,4.80477399265989,2.3247569206782748,9.03665616329628,-0.0036123587588604116,0.8520781404864273,14.476813465431864,9.876908626333297,0.5975783467292786,0.47548720240592957,175
39370100,lstm_global,supervised,CAMELS-BR,0.42215671440959546,0.5271024034768925,20.13605027090987,7.071273837218413,-7.331693470001305,0.0010632541204500991,0.6781887855704661,77.00107675892721,133.67919871804557,0.6376187205314636,0.4033670127391815,185
39431000,lstm_global,supervised,CAMELS-BR,0.5237541087191862,0.557243796670378,3.441709723556512,1.5965253400041701,-0.36838190844340574,-0.004361919977609164,0.6471899318893508,13.420393231237686,19.214162607277792,0.5653044581413269,0.32749316096305847,188
39433000,lstm_global,supervised,CAMELS-BR,0.6876703555661354,0.6636872659227735,5.7221078011204,2.553077025616423,-1.9264792854657233,-0.0004593804849241413,0.7018910250505839,20.7613972229139,37.78139870620878,0.5270299315452576,0.3697434067726135,188
39450000,lstm_global,supervised,CAMELS-BR,0.8706495446760456,0.8739525862470139,3.721021717643329,1.8580149424836991,-0.12763152577915118,-0.0019098101788039903,0.8922498191064,11.670237448146107,20.654610238169838,0.4235648512840271,0.3324829936027527,188
39480000,lstm_global,supervised,CAMELS-BR,0.7777565989282762,0.7642419188090435,15.570604510373835,6.839339712832836,-3.40712058478842,-0.003634296703926919,0.7926326402784301,53.229494148291366,96.15612824832189,0.5213920474052429,0.38830092549324036,188
39530000,lstm_global,supervised,CAMELS-BR,0.5384374744815772,0.28999536335447096,2.3851912660093624,0.45424165753951107,29.425035092256913,,0.29036326025283954,10.225372367729783,22.805161976293313,1.7948706150054932,0.6900420784950256,188
39535000,lstm_global,supervised,CAMELS-BR,-27.561862803985072,-37.673664049010036,0.19552094078003335,0.17043658580098833,3862.6590516558463,,-37.66958873499054,0.19552094078003335,0.21690502979491083,2.0,0.0810336172580719,140
39540000,lstm_global,supervised,CAMELS-BR,0.9299707552644695,0.8417185141666996,3.745543344360241,1.282254402775892,7.16271641733139,-0.03713979904250344,0.8443752180547712,15.21740897619188,25.29083891669753,0.921751081943512,0.857626736164093,188
39540550,lstm_global,supervised,CAMELS-BR,0.8279864124288259,0.8146080146111265,7.812937262920021,2.865201884500609,11.875020701289442,-0.04781799747120499,0.8361682958410139,31.924919127010735,44.09930681781023,0.8273437023162842,0.6832600831985474,188
39540750,lstm_global,supervised,CAMELS-BR,0.5863979360315441,0.5473029971835288,5.329823650196421,1.5981327461752486,-14.072484676194858,-0.0050245183762616,0.5922167509384516,21.19348938638879,43.46663423363749,0.6430487632751465,0.4853263199329376,188
39541000,lstm_global,supervised,CAMELS-BR,0.7366046229907828,0.8528097067009003,3.0819716564375206,1.016576335210591,6.807632453784144,-0.0200668976439446,0.9030320170465445,12.753367549824423,21.317266782864397,0.8530843257904053,0.7317292094230652,188
39550000,lstm_global,supervised,CAMELS-BR,0.6631883073410313,0.7423864929951964,9.769856111809103,3.3718569123110624,1.7938216162359413,-0.004846909034665198,0.8062316421921008,39.28924149963928,64.35417003276719,0.6560195088386536,0.4940441846847534,188
39560000,lstm_global,supervised,CAMELS-BR,0.6472660533007857,0.6158707153699629,34.33439106197549,9.255827847947465,-2.1664068037388597,0.00010611147848147567,0.6487624509152188,141.8716964426992,297.69976825485764,0.5161183476448059,0.35344183444976807,188
39570000,lstm_global,supervised,CAMELS-BR,0.5755376969050139,0.6424519858051208,3.3451555957386216,0.9340397734591301,-10.527756688965535,0.0007093561303384149,0.7289482619581635,14.095136020741666,21.244696340454254,0.6540446281433105,0.48173415660858154,188
39571000,lstm_global,supervised,CAMELS-BR,0.7922277756453897,0.7995633950320294,1.7122642890482245,0.6824798346199887,-1.5364762078277288,3.626133814649615e-05,0.830892852521164,6.277861959652531,10.186230591320891,0.5058180689811707,0.36467865109443665,188
39575000,lstm_global,supervised,CAMELS-BR,0.8196284949304933,0.6023088420576203,2.392461550489204,0.5771507359000835,-16.09724352302378,,0.6037165898688992,10.12762887086462,21.234983892466406,0.8389338254928589,0.7301784157752991,188
39580000,lstm_global,supervised,CAMELS-BR,0.686336186585089,0.5787622364554375,19.320075882818415,5.506171852984327,-8.875465379516132,-0.0012980372563657517,0.597142091033998,79.92250916245642,163.57863233823647,0.7086962461471558,0.5331853628158569,188
39590000,lstm_global,supervised,CAMELS-BR,0.7401583188889596,0.6423571994117456,58.927654012595575,16.491225399869553,-7.237246485065932,-0.0013267199728030053,0.6583677024863895,246.41375177893184,481.8551639241978,0.5744130611419678,0.43102747201919556,188
39620000,lstm_global,supervised,CAMELS-BR,0.7186480569969085,0.6796676616297211,9.28938636852072,2.1637001005203826,-4.0752339732486496,0.001772878358559913,0.7015092390210034,38.936958314986974,85.33591675241505,0.6887177228927612,0.5630093216896057,184
39640000,lstm_global,supervised,CAMELS-BR,0.8611576360154318,0.8815871131587786,7.565726926122615,3.00309960586203,-0.8070384143859208,-0.0025259308479447865,0.9052037079286754,29.015876838486058,49.368247931848465,0.5902499556541443,0.5474774241447449,177
39650000,lstm_global,supervised,CAMELS-BR,0.8581638145895435,0.9239805978915666,8.474744431339143,2.824841169600791,-1.2043939203663137,-0.0009347190306943434,0.963931607245672,32.00081767252015,37.7179107627481,0.3827429711818695,0.3775518536567688,188
39689000,lstm_global,supervised,CAMELS-BR,0.48466398973398894,0.7085276674067813,3.6586449277416593,0.84116527841902,-6.9175694636664105,-0.02269320556755871,0.8947545509110062,15.519874738759158,33.34582532475074,0.8523870706558228,0.6820453405380249,188
39690000,lstm_global,supervised,CAMELS-BR,0.5050949790375199,0.631091226278266,5.397188274868541,1.730597142209398,7.99644579793498,-0.00020468002768892282,0.6512718196574712,22.444156387372626,40.03336382072714,0.6648921966552734,0.6528295874595642,188
39700000,lstm_global,supervised,CAMELS-BR,0.8490938299475307,0.9117233796354021,5.434096356487996,2.1999109382642077,-4.305406618641398,-0.0029056304014853235,0.9520803259158594,20.880831077317808,14.979067268381437,0.7208086252212524,0.6285989284515381,188
39715000,lstm_global,supervised,CAMELS-BR,0.8484901415859935,0.9168123868017335,0.8133150903590022,0.3128726102332485,-1.6606896663497586,-0.010460498273574106,0.9546620607148119,3.0610667663366025,1.6892267532207712,0.8035961985588074,0.7999761700630188,188
39720000,lstm_global,supervised,CAMELS-BR,0.7819664481395097,0.6650332547617472,6.042737177801724,1.9068177818199215,-9.048002458029996,-0.002217719760275131,0.6762286506150343,24.414484376258557,50.71121087036128,0.7053321599960327,0.538252592086792,184
39740000,lstm_global,supervised,CAMELS-BR,0.8170822487320166,0.786540417356291,20.071434840833742,8.330063137602298,-6.780443029467476,-0.0023416553866846754,0.8042011939089534,78.71635551349777,89.43856028834225,0.6335663795471191,0.5268345475196838,188
39745000,lstm_global,supervised,CAMELS-BR,0.7706016358949435,0.7863409137087077,12.321462973620067,4.031325962067522,-4.274650308646052,0.0002699474359295073,0.8225330420078039,50.384491356481824,81.82160869861951,0.4913467466831207,0.5317713022232056,188
39760000,lstm_global,supervised,CAMELS-BR,0.6979680441444178,0.6293206794807058,44.91884015466961,12.799911458441551,-7.610867290317648,-0.000639919929775374,0.649869899708026,186.2023158313524,385.4980660157377,0.7261574864387512,0.5497424006462097,188
39770000,lstm_global,supervised,CAMELS-BR,0.71839502407991,0.5616981219780586,52.72227990434553,15.171762679485564,-11.63251460018317,-0.0010127305618496223,0.5693190491643854,216.35474299667985,449.19994328494437,0.7366044521331787,0.4916931688785553,188
39800000,lstm_global,supervised,CAMELS-BR,0.9581782372054988,0.9124385325217244,0.4290283749364504,0.1821486539841491,5.572728963234591,,0.9143770319647889,1.5338640440108176,2.5613677687441987,0.8057879209518433,0.7125464677810669,188
39850000,lstm_global,supervised,CAMELS-BR,0.6919945494959694,0.747416764842538,6.826777124678575,2.668748546454866,-3.80816062523342,-0.0005334268081072097,0.8105460396469943,22.210145596373216,32.19200158083197,0.667639970779419,0.5339682698249817,177
39852000,lstm_global,supervised,CAMELS-BR,0.8570840422072193,0.6839883009854683,9.023494593567776,2.0610801966741996,-12.173442431872006,-0.0004980895521598458,0.6854445296626803,37.99915598384379,79.69207101980261,0.905769407749176,0.7026247382164001,188
39860000,lstm_global,supervised,CAMELS-BR,0.8148407889994926,0.8998799598682917,16.612498068562168,5.052035725180139,-1.2957942864740495,0.0005723639900415967,0.9457677626304061,63.76572756762161,101.40818250917754,0.7712084650993347,0.7061578035354614,188
39870000,lstm_global,supervised,CAMELS-BR,0.6613099725965248,0.8032006674266783,31.381480508808007,10.26510382839974,0.8597942093727915,-0.0023106965040733188,0.8423164543544911,126.66625195770138,180.82400897077542,0.6898083090782166,0.6819663643836975,188
39880000,lstm_global,supervised,CAMELS-BR,0.6391994628356813,0.6404971156620559,6.659445907750415,2.385276593175935,-14.57257334613458,-0.006636886194372582,0.6951240792960998,26.667599913817,35.695798302391864,1.0959304571151733,0.7808457612991333,162
39890000,lstm_global,supervised,CAMELS-BR,0.6494866164857831,0.6424625255222818,13.238112670044634,4.721511941509442,-10.022806716081886,-0.005485534503638936,0.693448342465607,52.91017842139168,81.77457124046636,0.8501562476158142,0.6034080982208252,184
39950000,lstm_global,supervised,CAMELS-BR,0.8268126147905984,0.7905634023886458,3.370519572849895,1.1845066519553198,-3.0631958812579443,-0.007166474787538374,0.8071409815480026,13.370024175949371,15.207502461552638,0.8095781803131104,0.622695803642273,188
39970000,lstm_global,supervised,CAMELS-BR,0.4181656257352858,0.37288065945474136,22.424628708855984,3.7990202068645047,-27.085123095714962,-0.03787550685885462,0.47213831481430635,96.61724732889442,202.7935242804906,1.1736948490142822,0.9715320467948914,187
39980000,lstm_global,supervised,CAMELS-BR,0.532820584693917,0.5887519607915048,9.035686638477028,2.0118459245053733,10.332027121904638,-0.0020306812695859537,0.6019057655445701,37.96250085475446,27.106243381996002,0.45489686727523804,0.49475744366645813,164
40025000,lstm_global,supervised,CAMELS-BR,0.7242034696666354,0.7665476358605792,3.315250941767938,1.6175384920962312,16.56015944360836,0.0003940541261100057,0.7953495420385392,9.948443094923604,19.983926705814948,0.3678772449493408,0.2772262394428253,188
40030000,lstm_global,supervised,CAMELS-BR,0.5792062194912388,0.6081565772885675,4.47308293125205,1.9175478465973386,11.617869770948404,-0.0010801566223938791,0.6139491043424343,16.69886127928464,0.01972198486328125,0.12304694205522537,0.16340725123882294,63
40032000,lstm_global,supervised,CAMELS-BR,0.893550243042113,0.9034680275478362,4.805621179064104,1.9458718882666695,0.5641559920298209,-4.7816655821836945e-05,0.9194177134451511,17.396581197034173,11.913291768115766,0.30698516964912415,0.2758815288543701,180
40035000,lstm_global,supervised,CAMELS-BR,0.6838009252232841,0.6905692943009325,10.277718709246678,4.479997604124008,0.3349233426374255,0.00171480549264132,0.7362571468323347,37.34966068064596,57.481254219718046,0.44675442576408386,0.3587782084941864,186
40037000,lstm_global,supervised,CAMELS-BR,0.789172884683174,0.7634519163170386,12.832176567564252,4.3213600833365255,-4.5705886239429665,-0.00011105956274681458,0.7877655717839986,51.9739381643699,51.78756069453119,0.49999329447746277,0.38454756140708923,188
40040000,lstm_global,supervised,CAMELS-BR,0.993945787530121,0.9737763188111296,0.28579920594491226,0.19253337042672294,2.55881802824724,-0.000178571587945809,0.9738794183291115,0.7638830707957366,0.22791228133309588,0.20613090693950653,0.1946103721857071,175
40043001,lstm_global,supervised,CAMELS-BR,0.8752166047997921,0.7409613630380139,9.473596707936958,1.9819615946171132,-1.5728957171076556,-0.0010207873929959956,0.7415902991911412,40.2657317440131,88.47782329643165,0.5772926807403564,0.49015527963638306,188
40046000,lstm_global,supervised,CAMELS-BR,0.9218361839098171,0.885387402780611,14.617644387216346,6.896882955064165,4.157265889449251,0.0016183148706906906,0.8905265559155907,45.782175544029904,88.61346896601829,0.39252185821533203,0.3648339509963989,188
40050000,lstm_global,supervised,CAMELS-BR,0.9880743316828968,0.9693911295080174,12.634551456085745,6.217464193384698,2.210366627551309,-0.0012289326788022595,0.9698479368194023,17.753839372743936,30.468854488444283,0.28880763053894043,0.29025009274482727,188
40053000,lstm_global,supervised,CAMELS-BR,0.8183343603681845,0.8639413115430634,1.1551711154412065,0.3591000807887696,7.73930185236231,-4.690495940322566e-05,0.9011810303385277,4.198930304470606,8.725144714244493,0.40876662731170654,0.4056275188922882,188
40056002,lstm_global,supervised,CAMELS-BR,0.9466918540275617,0.9724972750920176,2.238945697968344,1.0912880897521973,0.4717469353551118,0.003185074811635904,0.9924592016323373,0.8159513287181392,0.9415435791015625,0.3484570384025574,0.33809566497802734,51
40056200,lstm_global,supervised,CAMELS-BR,0.8110663933032289,0.7615095047571063,4.453235393859269,1.7840228608982291,-5.882361534672191,-0.003383594888747496,0.7792130844077654,16.082442493699933,9.852586320975925,0.703431248664856,0.5459731817245483,167
40056500,lstm_global,supervised,CAMELS-BR,0.9740512981978586,0.9582821743044413,1.2246823414441503,0.5764247719446818,3.9823558852071512,-0.002103193366952671,0.9589193988109755,4.501874270383085,2.291290283203125,0.3312857449054718,0.30006828904151917,75
40060000,lstm_global,supervised,CAMELS-BR,0.8103083928029576,0.8915380698243701,3.1580809385566853,1.810925062666548,5.749167779068378,-0.00033370038394524987,0.9408185501024757,7.749619084140424,5.700921118090313,0.2742481827735901,0.23735730350017548,188
40060001,lstm_global,supervised,CAMELS-BR,0.9638789488197805,0.9522163435142105,1.9731967055531368,0.7993874031564464,1.950081570609208,-0.0004253508555375901,0.9542322160445148,6.7639160162625975,10.74671956394287,0.3183004856109619,0.2836874723434448,184
40063000,lstm_global,supervised,CAMELS-BR,0.8948873636670529,0.8787771922600272,9.691839190116758,4.101963792023835,-3.71089076081201,-0.0020953709356255346,0.89036612516738,34.74906598473371,48.03306177491964,0.48170819878578186,0.45552048087120056,135
40066000,lstm_global,supervised,CAMELS-BR,0.7502160715797207,0.7857617202869247,2.2534324531895655,1.1120363816301873,1.0610768928703413,-0.003994855063473777,0.8296859851476102,7.154924881752566,10.761471112254974,0.3420489728450775,0.22988900542259216,188
40067000,lstm_global,supervised,CAMELS-BR,0.9920792210036387,0.9705502069145294,18.66260357263216,9.928249387180104,0.9105060901997011,-0.0005839271990007756,0.9707418893138652,34.82750717581701,46.60188383991267,0.25493335723876953,0.2594401240348816,136
40070000,lstm_global,supervised,CAMELS-BR,0.9888545340955517,0.9761282700454095,18.07513601034555,9.482364435864103,1.6569605183660736,-0.0010383960905412104,0.9767096516346692,33.580964574745074,52.229331972625985,0.2656483054161072,0.24558353424072266,157
40080000,lstm_global,supervised,CAMELS-BR,0.609014520389795,0.31233431228512987,61.20103422672797,15.39478450268507,-39.52614763198591,-0.0011484499451589261,0.31491139208527374,252.66671967696342,338.43036258444283,0.6782023310661316,0.5017936825752258,104
40100000,lstm_global,supervised,CAMELS-BR,0.9940851051204469,0.9679014748406648,17.95406871572292,11.255111734917824,2.0122909764309562,-0.0021849310837212983,0.967987784267993,42.971302503679844,54.51867863772212,0.27555352449417114,0.25839993357658386,188
40102000,lstm_global,supervised,CAMELS-BR,0.996354396122541,0.9759944240550311,17.911519811481813,11.54913792711623,0.34490300824472675,-0.00021686367414073746,0.97604142439872,23.900049458573754,16.58194881279429,0.22948165237903595,0.22224365174770355,188
40105000,lstm_global,supervised,CAMELS-BR,0.8676313553683634,0.9054390296946075,2.7955431423514674,1.4045568009748817,0.55680228780885,-0.0028781592075989657,0.9328015629012648,9.858651773201576,7.932083757001478,0.4207617938518524,0.42516109347343445,187
40130000,lstm_global,supervised,CAMELS-BR,0.8944111582838622,0.9450550431877458,7.9590548038846,4.008931644419406,1.5253329261038113,0.0003686014708255015,0.9827060340496969,14.246427548469972,7.5765789319502055,0.33082184195518494,0.34327206015586853,188
40150000,lstm_global,supervised,CAMELS-BR,0.9691694101287688,0.9648756592635902,5.034854339886303,2.2024498340931347,2.308877953812482,-0.0006300904437161626,0.9681650173818741,16.182757916438774,20.19558269566818,0.3087070882320404,0.29696083068847656,188
40154080,lstm_global,supervised,CAMELS-BR,0.9257379665836647,0.9533612501796394,3.3725272830518014,1.9484466669407297,2.886597918242239,-0.0019843202138774794,0.9708591894159749,6.3802603164304745,12.385212097816702,0.2753361761569977,0.2733079195022583,188
40160000,lstm_global,supervised,CAMELS-BR,0.6046832605252437,0.6978733326350163,1.611314413869641,0.7318268584948714,0.5847642284135278,9.438359684659295e-05,0.7932445477417537,5.504048257970887,10.071991171354307,0.5007716417312622,0.31044089794158936,186
40170000,lstm_global,supervised,CAMELS-BR,0.9318078552169463,0.8941418640999059,4.228868155682385,1.7017513837730676,-0.5548421455186615,-0.0008705906382982138,0.8987195417694341,14.466259059055968,22.35314025624325,0.3550315201282501,0.3263092339038849,171
40180000,lstm_global,supervised,CAMELS-BR,0.4968868258595931,0.558227260063753,1.8547325773615382,0.8720436238862098,1.0794551276254079,-0.004082261368414332,0.6685950597114777,6.935429441809614,12.037053730307024,0.5808032751083374,0.4043883979320526,188
40185000,lstm_global,supervised,CAMELS-BR,0.8072401195358946,0.7051511245275733,18.12059300192889,3.117846488318545,-4.417123403429905,-0.0014166529403060214,0.7139673854929697,78.07086820867491,172.44453951943302,0.5561862587928772,0.4197836220264435,188
40190002,lstm_global,supervised,CAMELS-BR,0.978976705565289,0.9106690528077348,3.2523653801737895,1.9110877173287528,4.322377339271967,0.0008314703145854236,0.9108409625278497,8.291217187459555,10.189849853515625,0.33665311336517334,0.311295747756958,35
40269900,lstm_global,supervised,CAMELS-BR,0.7457617537218437,0.7024596099701268,1.7882177838553006,0.5458898945185153,2.566989411654366,-0.0008305145134893631,0.7133787156996438,7.383912692116432,15.294403144983141,0.2768684923648834,0.1889815330505371,184
40270000,lstm_global,supervised,CAMELS-BR,-1.7413150175570147,0.4384785351019055,0.38880121916265636,0.31937001645565033,5.47563562868865,0.0002073823653978837,0.638326760361279,0.7557097009536037,0.3560338020324707,0.029097968712449074,0.030062373727560043,32
40300000,lstm_global,supervised,CAMELS-BR,0.8269901957132557,0.9128721590217115,3.9894025756113116,1.9405563877474876,0.5040202940066045,-0.0006065447321268996,0.9881507957681127,13.940135441464603,24.736609916881886,0.301873117685318,0.3054902255535126,186
40300001,lstm_global,supervised,CAMELS-BR,0.4671928460622953,0.3524039590351129,48.06527120313571,6.206733628459599,-14.220445751514593,-0.0014405609308004476,0.3642557609348135,205.79494374610016,455.6342205630286,0.7547537088394165,0.4039366543292999,184
40330000,lstm_global,supervised,CAMELS-BR,0.9195409426671786,0.8788155482686096,36.657377675467814,11.459994321284087,0.3686788677520952,-0.001195334391327291,0.8829916742087142,148.60311469260313,263.71669854725945,0.44707027077674866,0.385673463344574,184
40350000,lstm_global,supervised,CAMELS-BR,0.746967311060982,0.8296928856998954,1.7758667559987944,0.8256777060382506,1.8637932567612574,-0.00020597175592651853,0.876986105032534,7.102473078929377,10.511523174931567,0.4685765206813812,0.37024104595184326,136
40380000,lstm_global,supervised,CAMELS-BR,0.9805955634888823,0.9554933971548945,2.880544659222322,1.6237203161767189,0.21449150432140784,0.0004103162742082195,0.9563415219486853,7.587278079379421,8.79491763040172,0.39292246103286743,0.36318451166152954,188
40400000,lstm_global,supervised,CAMELS-BR,0.9531334578758897,0.9471986067238238,7.5735375345559675,2.6916179644300584,2.0716269222035986,0.0007224666401465657,0.9526267987946128,26.750986382036956,23.982450796598872,0.4328591525554657,0.4334052503108978,188
40410080,lstm_global,supervised,CAMELS-BR,0.9806927800790693,0.9442129991284918,3.8955240057294205,1.9901750286420186,-1.7012183385201591,-0.004551054096737547,0.9448314953253605,12.324521095478504,9.697686301934677,0.4301130771636963,0.41866788268089294,132
40410180,lstm_global,supervised,CAMELS-BR,0.9535061030080524,0.9539577580468205,5.718145361763804,2.302177897700063,-2.3525302447929084,-0.00018514048167504044,0.9595054295688097,21.294811693645304,23.741440506576588,0.34388601779937744,0.3503362536430359,143
40410200,lstm_global,supervised,CAMELS-BR,0.9343867221370401,0.8601493015931608,8.297018988793381,2.781859621508368,-2.6016453186757915,-0.0007554878556373414,0.8626901810527379,33.43140956718341,54.811009431039,0.5323858857154846,0.5217531323432922,145
40450000,lstm_global,supervised,CAMELS-BR,0.8458426368106134,0.8341357957828668,59.96438206341193,16.60942805710659,-2.290251496709016,-0.0016632872610187616,0.8530814549697339,243.19073885638258,536.480085170712,0.3838091194629669,0.3173515796661377,186
40450001,lstm_global,supervised,CAMELS-BR,0.934629833601019,0.9125433597758758,10.406018935005076,6.264881717397811,4.509057845028026,-0.00048626432441486664,0.9180706510205212,29.910659720163,50.05026000803291,0.31728386878967285,0.26996394991874695,188
40500000,lstm_global,supervised,CAMELS-BR,0.9417893657291854,0.8773046228286535,0.673715100409548,0.41002014690432054,10.800929942226716,-0.009040745619205447,0.8803106292314034,2.046107020586747,1.1679632068358665,0.4641706347465515,0.38724377751350403,174
40505000,lstm_global,supervised,CAMELS-BR,0.9435272084057305,0.9065466403258124,11.103503270917551,3.7533067036816417,7.930273125618182,-0.008983802905457867,0.9103492697292956,34.64414451346523,67.23841063635776,0.6745004057884216,0.6301373839378357,188
40530000,lstm_global,supervised,CAMELS-BR,0.9173923070511645,0.8678887655655929,2.6018659107249795,1.1826152215292165,-5.441744211948873,-0.008784636962534956,0.8734971661946372,7.209174683483182,8.708519198746378,0.732681155204773,0.6670997142791748,182
40535000,lstm_global,supervised,CAMELS-BR,0.9331634037054248,0.9176841167245199,92.42892937521529,48.839118915599784,1.2252567006712234,0.0005739834358434621,0.9243617391249566,286.7658021553811,477.47119971651256,0.4083927869796753,0.3662755787372589,182
40540000,lstm_global,supervised,CAMELS-BR,0.6903810394324064,0.6938482890270135,2.9083013290384794,1.3113702249157337,1.748205007806002,-0.003266787866317032,0.7359554571616418,10.910180562228868,14.712849033405949,0.4510864019393921,0.2764623463153839,129
40549998,lstm_global,supervised,CAMELS-BR,0.8897142970058755,0.7882428499877889,3.9709685567668056,1.4174195705576147,-3.2995046171333997,0.0009474759710146712,0.791702209409306,15.547345849558305,30.63340367275752,0.5460597276687622,0.4537569582462311,188
40550002,lstm_global,supervised,CAMELS-BR,0.22825284732663198,0.11340312550483889,21.636507670350984,5.871292004218469,-26.594684675747754,0.0038475224386052675,0.1261909701000452,94.1891110483689,131.8002586364746,0.7925968170166016,0.25191524624824524,39
40570000,lstm_global,supervised,CAMELS-BR,0.3294825104642558,0.5203709907620493,1.2918104658750884,0.5334106474405244,5.474760937442313,-0.0009620242866792833,0.7418077709592616,4.2303523332990025,7.9403157234191895,0.7673845291137695,0.4252307415008545,84
40573000,lstm_global,supervised,CAMELS-BR,0.7869447319918108,0.8751941646389487,1.616881051619068,0.8219879472509344,6.706162235636137,-0.0005984458491420132,0.9313214241852892,5.157101458876127,3.811998143945729,0.41969946026802063,0.36558401584625244,188
40577000,lstm_global,supervised,CAMELS-BR,0.8496390827836323,0.8667165025275123,1.0761877310513759,0.6170382179478382,10.065831492438855,-0.002114883305388778,0.882347806518578,2.8559420182011994,1.7772687963821276,0.3133709728717804,0.33058738708496094,188
40579995,lstm_global,supervised,CAMELS-BR,0.5413062170097753,0.7664585017708876,5.3771278937114735,2.251705586910248,7.7401876607808875,-0.0017774484580917252,0.8931388621566383,16.550371636160325,34.42831993103027,0.4044642150402069,0.41125917434692383,88
40579998,lstm_global,supervised,CAMELS-BR,0.6872838493107579,0.6688741751196235,5.730169032357051,2.6816803501410917,-1.0601166359894914,-0.001696313993771098,0.7098999216951439,21.54496238209017,38.329152445297325,0.49041548371315,0.3377225697040558,176
40580000,lstm_global,supervised,CAMELS-BR,0.727919065925455,0.7778716103784463,3.4379020043750335,1.9869082050120577,4.342119390689925,0.0019853528068969617,0.8306549514299946,11.68273372044486,5.6503418618199515,0.35761070251464844,0.30027487874031067,188
40585000,lstm_global,supervised,CAMELS-BR,0.9661432575073735,0.9365964632947787,0.08055165238135462,0.05296190553642017,5.894439701526565,-0.005036536304309863,0.9384146262949632,0.15289703042944716,0.17973988985743616,0.3420076072216034,0.30640262365341187,188
40665000,lstm_global,supervised,CAMELS-BR,0.8043202367542178,0.8703042215104548,2.1622416987250617,1.0534656071043633,-2.2157625928266445,-0.0016459717897996246,0.9188552062204586,6.193407290662491,0.7025210339004223,0.4802793860435486,0.38036441802978516,154
40675000,lstm_global,supervised,CAMELS-BR,0.7177215561973218,0.7414920148693378,0.9033031962696157,0.3517125354287374,-2.6208177235982286,-0.0009878761982628388,0.788745923979209,3.238592183857868,6.145157622933524,0.33330023288726807,0.26161983609199524,181
40680000,lstm_global,supervised,CAMELS-BR,0.9460406810724908,0.8597764891572801,2.5586179474711304,0.6580674960169681,-0.6936802656179358,-0.0019908808988684107,0.8604358950202919,10.907170777370125,21.95941369634315,0.35232916474342346,0.2977578341960907,172
40700002,lstm_global,supervised,CAMELS-BR,0.8058140623952937,0.8206623303235435,12.677608672062556,5.724623708014793,1.359090694250602,-0.0018683083478153693,0.8509003591336629,48.24121587702775,65.05077787756818,0.4253985583782196,0.33188557624816895,188
40710000,lstm_global,supervised,CAMELS-BR,0.6948457321028731,0.5478342471382724,43.515828036527765,8.206068060071456,-1.7019950233732286,0.0011029570161662228,0.5492089300814116,190.63581008602023,402.9999725600157,0.48523837327957153,0.34714075922966003,177
40718000,lstm_global,supervised,CAMELS-BR,0.8522684684784889,0.7788132206852562,6.515352694923646,3.8623251453522713,10.22570841802326,-0.0014423763865190394,0.7801804096130422,20.694526914578574,29.659690856933594,0.1421792209148407,0.1885366290807724,62
40720002,lstm_global,supervised,CAMELS-BR,0.8874479224151507,0.8684189747069466,16.94218092258814,8.143295594077697,-0.44517229755601956,-0.0006227029430921731,0.8794097193964255,51.11768164098275,93.43161726397348,0.41075122356414795,0.37183699011802673,187
40730000,lstm_global,supervised,CAMELS-BR,0.7131390416277363,0.7347461234379458,0.20172511120136863,0.106471634133065,6.500461459512712,-0.0019704654994234273,0.7791434084261508,0.7263154663625994,1.100389083133841,0.5008081197738647,0.3397757112979889,188
40740000,lstm_global,supervised,CAMELS-BR,0.8869692519445411,0.86564809209021,22.50775847852089,9.039237057909052,5.342242276275151,-0.0005498858418280447,0.8717661143092098,88.7045281079803,142.17581014285446,0.4467453956604004,0.39599406719207764,188
40770000,lstm_global,supervised,CAMELS-BR,0.9184222964084563,0.9439693751116294,2.1935888217407835,0.9421279912299299,3.3844286290039762,-0.0004859277520023811,0.9607644684905597,7.365329946386822,9.733111884786496,0.2791893184185028,0.2627137005329132,188
40790000,lstm_global,supervised,CAMELS-BR,0.6543492134911615,0.6918787098399282,2.898200495705933,1.0167573940880754,-3.8859762889807277,-0.00033709721045361435,0.7557992455103182,10.88604458522375,16.651484331600294,0.7536441683769226,0.6000311374664307,188
40800001,lstm_global,supervised,CAMELS-BR,0.9338281372232407,0.8936823788897789,23.362509519750876,12.468804514926413,1.7156515635784106,-0.0018096384038610025,0.8982648142613392,79.17722248059205,102.44728560308,0.4191809594631195,0.3378278315067291,184
40810350,lstm_global,supervised,CAMELS-BR,0.6632736756155668,0.505002223094527,0.1561946711639244,0.03326507912759475,-4.396631594825636,0.0033563307330629847,0.5124613426961984,0.6679104732168246,1.4775506448540277,0.5914133787155151,0.3533448576927185,187
40810400,lstm_global,supervised,CAMELS-BR,0.7387673919015453,0.7741632470593623,0.09992730847001718,0.03095298554708666,5.3091344967404455,-0.0008086503564350301,0.8221097495741303,0.41366623341552394,0.7623350867009197,0.3673849105834961,0.24320226907730103,188
40810800,lstm_global,supervised,CAMELS-BR,0.578553936782283,0.6457955058663531,0.6705222637034068,0.2271348229979956,-1.0666793341394756,-0.0002488905850534899,0.7378708216230172,2.7706136755425685,5.038456152908482,0.4585613012313843,0.300020694732666,186
40811100,lstm_global,supervised,CAMELS-BR,0.47358041560401,0.5052120289447939,2.210843931543578,0.5184420771659055,0.055029266481152805,-0.0008194067271332234,0.6027620176226484,8.956532666098875,18.64821845658547,0.5745835900306702,0.39920809864997864,188
40811500,lstm_global,supervised,CAMELS-BR,0.6332341485067632,0.5880943865924619,1.2720040043051013,0.4404474898606916,-6.521899117209446,-0.0025593504744880185,0.6255569312888419,5.202681070010361,9.263689824918336,0.4678255617618561,0.2800638973712921,158
40815500,lstm_global,supervised,CAMELS-BR,0.7482645378244474,0.6937676661132021,0.9273885496822992,0.3160239079116303,-3.01956255877113,-0.002545623522314716,0.7148493938475804,3.7738472329561596,5.925010438753835,0.4315609335899353,0.29363518953323364,162
40816000,lstm_global,supervised,CAMELS-BR,0.5266312784451379,0.7005244839051359,0.034934015214578173,0.018717398146226843,19.55325684654767,-0.008167274411907354,0.8035104806916091,0.1135501207964788,0.16522384425396627,0.6255013942718506,0.4662787616252899,188
40817000,lstm_global,supervised,CAMELS-BR,0.8456920115608285,0.9126630320563005,1.5834570072085443,0.6878290050559573,-0.32505917298671,-0.0014382739170434276,0.9596101385144484,5.7687610204046464,3.5134322042012367,0.3576631546020508,0.34296053647994995,180
40818000,lstm_global,supervised,CAMELS-BR,0.8157834296174631,0.8994815364288472,1.4858812157290355,0.5706036902488546,4.3220393787332005,0.0032099800787762124,0.9539177838944313,5.6745232005434145,2.7756721847672985,0.3248833119869232,0.30269670486450195,188
40819500,lstm_global,supervised,CAMELS-BR,0.6167206291741343,0.5887472745340194,0.30848032509631385,0.10591051358967385,-1.6846606150994847,-0.000732656023372056,0.6330865802863886,1.250088087483732,2.5846732247887196,0.35665494203567505,0.2163751721382141,188
40820000,lstm_global,supervised,CAMELS-BR,0.5220835037640873,0.715378889919275,0.31641725479174276,0.12092249659711823,0.49167244508349145,0.0021518206315650906,0.8693167988800838,1.3123174449877621,1.9175218664918825,0.46101129055023193,0.3392259478569031,136
40821900,lstm_global,supervised,CAMELS-BR,0.5203183608528452,0.6351783538164287,0.15701147070152294,0.06823890084504253,14.946871327932593,0.003266845681336533,0.747251663061397,0.5053321921100581,0.9386745095252991,0.6398993730545044,0.49500077962875366,72
40821998,lstm_global,supervised,CAMELS-BR,0.04450597706062487,0.25232090425643683,0.5094994706233438,0.17898458268176368,6.488710129170072,0.0023343215005470225,0.6221790804302554,2.065872020004905,3.8603634114005647,0.5956302285194397,0.3770756125450134,188
40822000,lstm_global,supervised,CAMELS-BR,0.7548207839722433,0.8698098977661344,0.21257125234765567,0.08683133612979542,4.698637217103418,-0.00116865727830987,0.9367102508495714,0.7547677719431367,0.6343841284547573,0.30537959933280945,0.295786589384079,110
40822995,lstm_global,supervised,CAMELS-BR,0.3659357700760816,0.43184795550776023,0.6535058752925945,0.2264444348006014,21.831172724064057,-0.0012295542663622733,0.5773598082496467,2.6081147139612924,5.265299617912396,0.9386532306671143,0.6188128590583801,188
40823500,lstm_global,supervised,CAMELS-BR,0.3200167517835354,0.1781521005769794,9.782181933783972,1.8824807086047974,-30.31156881021102,-0.0026184061014021993,0.2295378485296543,42.248012540945545,81.96245749815688,1.1729382276535034,0.5090969800949097,188
40824000,lstm_global,supervised,CAMELS-BR,0.6423499733817427,0.7919842519451293,1.6061966899969329,0.5100022451357639,7.408390154091357,-0.000986355371104787,0.854725374368163,6.501051371421527,3.1879821719700407,0.4551760256290436,0.48117685317993164,188
40830000,lstm_global,supervised,CAMELS-BR,0.7072974599251907,0.7840283679513773,0.6088277082092232,0.3133282603381516,2.9843707126868035,-0.0007017314551131873,0.8528391706305726,2.0422379858578994,3.1481811947177873,0.3859490156173706,0.29932811856269836,154
40850000,lstm_global,supervised,CAMELS-BR,0.9711523582665089,0.9382343362998575,25.557546047864268,13.078251849838168,2.7037237701296792,0.002512143058470695,0.9397046942208345,66.69260382500262,61.93501030238189,0.4363262951374054,0.4407292902469635,171
40865002,lstm_global,supervised,CAMELS-BR,0.9532824190719915,0.9645635475996733,25.845550536707673,13.26760559893669,0.18298232100671533,-0.00022667235326302368,0.9726478547304048,68.24685197669183,108.57341088977272,0.3037552535533905,0.28969332575798035,188
40870001,lstm_global,supervised,CAMELS-BR,0.9660284671311905,0.9534539404106807,94.30583041586605,52.752343437888406,0.6186249709185638,-0.0016708633871343366,0.9564979385983341,221.6758483251712,147.17878844778662,0.3174125850200653,0.27073240280151367,176
40930000,lstm_global,supervised,CAMELS-BR,0.6299946205693396,0.6541704248701481,23.332218434529313,6.9434729839893095,18.70715547390146,0.00027702665270739474,0.6731192591948324,76.27562596052094,116.57488909219695,0.5732659697532654,0.6155815124511719,188
40960000,lstm_global,supervised,CAMELS-BR,0.6668221124336002,0.6191241880381466,37.294060784459624,13.056343531354944,-3.031935366239507,-0.0005179627218829252,0.6540245831929308,146.1409495405988,270.85034252201046,0.7148776054382324,0.47629326581954956,188
40963000,lstm_global,supervised,CAMELS-BR,0.6359586402859253,0.7088703331359331,26.072562560308427,11.550824968104667,8.155662056328627,-0.001997814278257678,0.7807239452134966,101.65253022836822,177.21860942608527,0.6534237861633301,0.4862387478351593,188
40975000,lstm_global,supervised,CAMELS-BR,0.5181219069117061,0.5768690448961158,19.991980300342032,6.669298597606453,8.237424072894395,-0.004496793671497433,0.6763496647298699,78.47150262334291,170.00214734701765,0.8285983204841614,0.5219048261642456,185
40990080,lstm_global,supervised,CAMELS-BR,0.987159435810773,0.9849640543442448,50.910975235688355,32.05845844598464,0.13567990415149014,-0.0024145732035856862,0.986270769237508,124.71488159847468,213.31421041291907,0.28260722756385803,0.2767111361026764,162
41020002,lstm_global,supervised,CAMELS-BR,0.8655689894494922,0.9294577914374645,93.00279414227515,54.35081071751092,2.818297680317809,-0.0010260761622280512,0.9702177857308563,308.65390197532986,255.70383026569883,0.13764649629592896,0.13239260017871857,186
41050000,lstm_global,supervised,CAMELS-BR,0.6551297665359526,0.8199211870855396,24.659074447742896,9.790030863461078,5.507362260680378,-0.002989451951212089,0.9067000026830518,94.14671648179971,119.38338260698694,0.713083028793335,0.6015276312828064,149
41075001,lstm_global,supervised,CAMELS-BR,0.6646127887119491,0.7399438746231912,47.971770807692224,20.495576738043034,11.250581595852255,-0.0002930702316089398,0.8120413170637886,171.89640828218288,345.98766459288476,0.7789660096168518,0.5590577125549316,188
41090000,lstm_global,supervised,CAMELS-BR,0.5451164043829169,0.6568347173553357,55.5243260158363,28.9372246924867,6.284373861524752,0.0012229875601475274,0.7728921029387734,176.34483015460586,296.5123206521897,0.5618705153465271,0.43374985456466675,188
41090002,lstm_global,supervised,CAMELS-BR,0.7805049527264615,0.7754711830431592,46.45052404936975,23.72011561850284,3.7150932728650847,-0.0009994095894082684,0.8045084433009627,162.7673153220378,226.59093753818064,0.6664988994598389,0.47057944536209106,188
41135000,lstm_global,supervised,CAMELS-BR,0.9584693461272406,0.9347345392168173,110.92528166480514,53.53985928474589,0.22370326437833765,-0.0027433410233823428,0.9378859926217519,338.9911052380309,533.7884333763504,0.1738167703151703,0.15077373385429382,188
41135003,lstm_global,supervised,CAMELS-BR,0.874169286515999,0.8364311482548819,136.78218906101978,74.61506784373316,-5.1006693607311355,-0.001588632153764112,0.8448746102438038,415.8511683786357,623.2575625480106,0.19718143343925476,0.16227686405181885,116
41150000,lstm_global,supervised,CAMELS-BR,0.719276093316485,0.7735520037002033,2.1776093134699313,0.7756116161955163,0.011600600149294201,-0.001428356483230319,0.828137199279642,9.049894468905466,14.882355044839146,0.444180965423584,0.3253374695777893,188
41151000,lstm_global,supervised,CAMELS-BR,0.5305591239882261,0.3752688744213566,4.082054496439782,0.8165744005338006,-7.813010361455568,-0.0016699027902144798,0.3787164671876928,17.32851343634963,38.43933544974548,0.5858584642410278,0.289043128490448,184
41160000,lstm_global,supervised,CAMELS-BR,0.5428331162371696,0.686967955601505,3.5321071613205124,1.2841946894818164,8.066184707887347,0.00023555051889547277,0.8009475998623713,12.510126138652655,27.865399602417053,0.47738751769065857,0.40830501914024353,188
41162000,lstm_global,supervised,CAMELS-BR,0.8411823936221514,0.83568455008397,1.1224886312887545,0.6904770582914352,-11.505035959548803,,,1.5811710225136673,1.5811710225136673,0.2937047779560089,0.31050994992256165,4
41165000,lstm_global,supervised,CAMELS-BR,0.5011674553722005,0.7375530780814565,0.34126424676222306,0.17307829848453823,12.873707619416944,0.000145890633046087,0.8616662943739365,0.8735930838886157,0.805835433167309,0.37046921253204346,0.3535703122615814,177
41170000,lstm_global,supervised,CAMELS-BR,0.6537262093593841,0.7128168184429051,1.8059657383315086,0.8845909313952669,4.046700358387729,-0.000975339901186506,0.7817634439788613,6.083604562573223,9.110979481680928,0.31760847568511963,0.20500227808952332,188
41180000,lstm_global,supervised,CAMELS-BR,0.5592452994285142,0.4048545072085403,10.663382793226615,1.9020337056606373,-8.793897256342893,-0.00041120492739533596,0.40792850292245575,45.86322482937522,101.4882231139614,0.5236965417861938,0.2878129780292511,188
41190000,lstm_global,supervised,CAMELS-BR,0.7082224359835225,0.6513179708404191,3.6920816803333403,1.6622468141409068,1.1886452070159377,0.002494507117375455,0.6747807625906466,14.601138905900022,27.264753321553524,0.25600317120552063,0.16716423630714417,156
41195000,lstm_global,supervised,CAMELS-BR,0.8232238502401412,0.8798686503140736,8.212523085905586,5.157835879224412,6.908889838540276,0.0002181945865321177,0.9070895791883617,22.651757918847405,12.962855639302903,0.28227755427360535,0.23073101043701172,188
41195050,lstm_global,supervised,CAMELS-BR,0.8183607003554372,0.8504750373960468,8.050088479249718,3.1705848859704058,-2.5025884371472307,0.0017388004174179773,0.882382567260791,28.122413656497205,50.423575474704265,0.32136476039886475,0.29040515422821045,184
41199998,lstm_global,supervised,CAMELS-BR,0.7082818245521618,0.5610543339091978,23.329367101790137,4.837471566301711,-4.286568048703636,-0.0004113504613452376,0.5630767807885935,99.46437199957609,220.57382542926126,0.43864530324935913,0.2857059836387634,188
41200000,lstm_global,supervised,CAMELS-BR,0.43606746543035424,0.6541912222173054,15.251905039202859,8.327875000365237,19.627136808865828,-0.0005635356739052168,0.7833140709416518,43.19026316087673,72.83849229562409,0.40631136298179626,0.3008520305156708,188
41200430,lstm_global,supervised,CAMELS-BR,0.6275978271900868,0.6607247391892375,18.753925625159354,6.214266854397794,-10.199163172670374,-0.002154807284422855,0.7244843166489612,77.52678054920563,108.29718604488582,0.5619470477104187,0.3502873480319977,188
41205000,lstm_global,supervised,CAMELS-BR,-0.5720302384592799,0.20039517061508938,0.4280034910275151,0.1926568303891319,55.05489985084087,-0.004750604408158643,0.3390121179563318,0.6873580178913574,1.3468845165828982,0.4066820442676544,0.3966677486896515,188
41210000,lstm_global,supervised,CAMELS-BR,0.8174421351888176,0.813393881901592,0.1574665504190319,0.06814880950495283,3.4885870698550567,-0.001508190529284057,0.8379456619967094,0.62743496104988,0.7425777095676758,0.64699387550354,0.44428038597106934,188
41220000,lstm_global,supervised,CAMELS-BR,0.704102056585632,0.7099649287893974,1.9164611529745483,0.7744986000988219,-2.691955767467498,-0.0033110594306940116,0.7482602060740278,7.2567896350501275,14.407444545637697,0.40162193775177,0.2747204005718231,180
41230000,lstm_global,supervised,CAMELS-BR,0.4398910906594554,0.5962866371755904,18.045489623539417,8.27399289969242,0.6401704295841215,-0.001654441288042846,0.7667140993070589,67.38565061766275,110.85604974195624,0.413613498210907,0.22064152359962463,132
41242100,lstm_global,supervised,CAMELS-BR,0.3938987377675006,0.38635332571785563,2.6530999836562956,0.9508076506726285,-6.527518116264957,0.00029984823580005496,0.48740236228570377,10.219251410034065,19.248979899435454,0.49987003207206726,0.27338874340057373,188
41250000,lstm_global,supervised,CAMELS-BR,0.4557458191733885,0.4273140290364915,15.530211195811573,3.568542123620027,-6.932244063006783,-0.0010409055198615756,0.4991940884045917,66.64891737740476,130.03147897705807,0.6988949775695801,0.3583131730556488,153
41260000,lstm_global,supervised,CAMELS-BR,0.7964333503177511,0.8430389103098259,25.620103159045875,12.6026832340845,0.8459451957529998,0.00141308393676934,0.8823480892117832,82.22715776015711,75.63952382887737,0.4168262779712677,0.34583979845046997,183
41295000,lstm_global,supervised,CAMELS-BR,0.713581937164329,0.7371403877261311,2.063272107712749,0.9543960474907084,4.947872374717132,0.000545417471473561,0.7769357403205032,7.203910145236979,14.022357014038194,0.43273642659187317,0.278102308511734,188
41300000,lstm_global,supervised,CAMELS-BR,0.22783990883465355,0.09698225040280817,37.514362876432415,4.447270602938977,-26.54818611494128,-0.001952337542281947,0.0992431816956042,162.5296600736887,362.50258444468363,1.0427916049957275,0.377731055021286,188
41340000,lstm_global,supervised,CAMELS-BR,0.5816987275599788,0.4754055203343138,78.31850497867667,19.96992582970477,-3.3158984778468112,0.0003164479126574436,0.4891490424016409,330.682427962947,705.8423524433174,0.5713754296302795,0.3246758282184601,188
41340005,lstm_global,supervised,CAMELS-BR,0.7281197079327211,0.8499355496478017,0.492866639311255,0.22184853082479433,-0.2471550380453588,-0.0027516220945321274,0.9494781186706731,1.7941885516144378,2.7916631148279842,0.2509843707084656,0.21084073185920715,172
41380000,lstm_global,supervised,CAMELS-BR,-0.3728681977916011,0.3317084231239451,7.137915985326983,2.4184217687653398,32.73250988249436,0.0004928072129460476,0.47210915280337673,15.38748645301698,22.041052041719567,0.6866804361343384,0.626748263835907,174
41410000,lstm_global,supervised,CAMELS-BR,0.8032447207609026,0.823660969634042,32.45586087519663,15.529620440885983,6.208054230255736,-1.0896894924845857e-05,0.852809626857813,112.63200101192331,187.24016679188824,0.35396358370780945,0.31790828704833984,187
41440000,lstm_global,supervised,CAMELS-BR,0.7586203639145588,0.5816380785638136,2.4962897875147014,0.6696114007462847,-12.666811796795027,-0.0014072620502532177,0.5859131313125268,10.676040074137541,13.258494097697495,0.5172296762466431,0.35152241587638855,188
41440005,lstm_global,supervised,CAMELS-BR,0.5361385707128195,0.7014847143050826,1.8414091947392879,0.6888180171018061,1.3406088263030815,0.00043142633317709046,0.8512506459432707,7.229542769134545,14.260884039090346,0.42947790026664734,0.3063294589519501,184
41500000,lstm_global,supervised,CAMELS-BR,0.5514244570810016,0.5835178157256733,2.485732537445597,0.8207295993640227,-5.310548340067761,-0.005609029906226071,0.6695679561551271,10.011620250606798,20.386353424298793,1.1262383460998535,0.7744674682617188,188
41539998,lstm_global,supervised,CAMELS-BR,0.7128836654756359,0.834973879203257,2.536468843952429,1.334492454710214,5.828561169695544,0.0001748060919337241,0.9232353185113089,6.847435577861338,7.955791123896906,0.4580356478691101,0.36393028497695923,184
41540000,lstm_global,supervised,CAMELS-BR,0.7986201784428437,0.7808984528273181,2.524051520541316,1.0982408439335616,-4.230856410425402,0.0010163099357272526,0.8046872587995373,7.841403162090481,8.000690426898277,0.34978532791137695,0.2726266384124756,184
41600000,lstm_global,supervised,CAMELS-BR,0.8531563842274505,0.7976241022248247,35.20267396454259,15.305019554884538,1.0100376918330018,0.00020427688714597624,0.8076480622079304,125.70467272444394,268.76014152157995,0.357157826423645,0.28711429238319397,184
41600020,lstm_global,supervised,CAMELS-BR,0.5968167779932623,0.6163432037864576,2.2236358265457845,0.7508152521591871,9.79387894666948,-0.00023909947444084034,0.687541032629347,9.106549832671305,16.283270099142225,1.0802725553512573,0.7162175178527832,188
41650000,lstm_global,supervised,CAMELS-BR,0.859006591454887,0.8623084782833965,29.06478624748909,13.573890899090056,1.9079496981519937,-0.0014938757111667388,0.8782959962082099,101.9727980798139,184.12453199320953,0.3720420002937317,0.3067447245121002,188
41650002,lstm_global,supervised,CAMELS-BR,0.8529697413739914,0.8658684694275434,47.27556976524658,21.20438772566775,1.2091342454050797,0.00102700589255722,0.8852687825697799,165.65384149420584,238.3579558864448,0.4330076575279236,0.35522210597991943,188
41685000,lstm_global,supervised,CAMELS-BR,0.9439904385377955,0.9097259557800966,0.786829578391464,0.3251381191631986,3.8535995075213183,-0.008376062222002767,0.9126983951710216,2.5256211370765733,4.525477779079997,0.5820032358169556,0.5367878079414368,180
41700001,lstm_global,supervised,CAMELS-BR,0.7317165866919628,0.806387938616536,17.92659133876717,9.252615834391394,12.168127451399213,-0.002473566084944128,0.8585509809155736,60.6156838131481,111.89929023198708,0.5043929219245911,0.4182708263397217,172
41708000,lstm_global,supervised,CAMELS-BR,-0.10420273560282234,0.3559881607047509,1.453931289846451,0.6458023708934585,43.53826978532088,0.0007990726915237806,0.5377711648450656,4.555005997431666,8.018737298352134,0.9797384738922119,0.7079474329948425,186
41715000,lstm_global,supervised,CAMELS-BR,0.4644454420497186,0.5772829259650989,2.2950810876129695,1.2332699982459936,26.694241584562498,-0.004088743485470876,0.6069386203398459,4.8948278541372,5.795439568225809,0.5448751449584961,0.4258024990558624,177
41718000,lstm_global,supervised,CAMELS-BR,0.5105669595028863,0.4802823153185256,24.07056068582853,5.494506265390365,-0.974349301043603,-0.00268081612453578,0.5019810212697062,102.02312553255307,221.46853630035002,0.7441142201423645,0.5715208053588867,187
41720000,lstm_global,supervised,CAMELS-BR,0.7323093295137055,0.5580482956952055,36.97443979979343,10.390111819352255,-27.589925434202982,-0.005153155888600037,0.5712665362200715,145.1424818882266,243.3447940165238,0.43034628033638,0.27000340819358826,101
41780000,lstm_global,supervised,CAMELS-BR,0.7956069859415061,0.731898987404122,42.05114733239443,17.07480532057742,-8.798119153134765,-0.00031150377096615667,0.7492586394013045,151.62131443504867,221.2409006187664,0.7149198055267334,0.5995991230010986,188
41780002,lstm_global,supervised,CAMELS-BR,0.7995755944997036,0.7750631293233912,55.1018999328468,17.493134065355573,-4.987160971023709,-0.003769547444758034,0.7986152293601197,234.7775564626415,404.0302481259008,0.5998547077178955,0.42084255814552307,175
41818000,lstm_global,supervised,CAMELS-BR,0.9170222195499841,0.8955255473894006,69.90482644009478,31.20466046747954,-1.780081028041671,-0.003314716077448352,0.9037673347400379,239.71618386035024,229.8822717821508,0.49031829833984375,0.46926113963127136,184
41880000,lstm_global,supervised,CAMELS-BR,0.24830950240213423,0.1633634696762496,4.970755546804466,1.0056932965253895,-26.32265206861381,-0.006944587512748089,0.28219590859756616,20.385810313621892,46.76209305044485,1.044538974761963,0.6235548257827759,188
41890000,lstm_global,supervised,CAMELS-BR,0.8018810309265488,0.8749177989382414,16.200804379465712,6.229601754153029,1.5252979888111686,-0.006243734122192431,0.9296381862123846,63.50383151452602,90.67917988063732,0.7474129796028137,0.7406166791915894,188
41940000,lstm_global,supervised,CAMELS-BR,0.780371405541748,0.8756236641958283,14.426350453289373,4.527645429992613,1.75988767982786,-0.01756106955837204,0.9458084428599739,60.1276265267751,88.34983765117028,0.7802892327308655,0.6512414813041687,188
41990000,lstm_global,supervised,CAMELS-BR,0.9638531356150922,0.9577159585969759,54.89397326064412,28.059983253479004,3.8384118999382433,-0.002191730911542785,0.9615200895267135,137.4760778434379,63.415555212255235,0.44728749990463257,0.45429274439811707,188
42030000,lstm_global,supervised,CAMELS-BR,0.9325307634859394,0.9606271599805914,128.3424108683933,75.65978102250533,1.7176680216498055,0.00045528957818952165,0.9788748719934096,395.84485916615245,465.28629392688003,0.26312142610549927,0.26083239912986755,132
42089998,lstm_global,supervised,CAMELS-BR,0.969503656638586,0.9112237816129961,10.160646724407613,3.293147855933676,-1.010778773970008,-0.006691257371633234,0.9121007267898245,42.11379906880397,49.70053087374696,0.7006434798240662,0.6199301481246948,188
42090000,lstm_global,supervised,CAMELS-BR,0.9493448354941127,0.9552859246004971,14.15325028517813,5.03862341967496,2.9333505909445465,-0.0003951412679178874,0.9620132891244992,54.102632795570074,5.969735848765777,0.5875370502471924,0.6043204069137573,187
42100000,lstm_global,supervised,CAMELS-BR,0.3066751047991084,0.36572745656701755,12.497338232747175,3.5983046453366887,-0.5283124709536516,-0.006436618387489407,0.5376256817708043,51.76803647442937,111.5486327211797,0.9193924069404602,0.5911761522293091,188
42145000,lstm_global,supervised,CAMELS-BR,0.5200535622353184,0.6551337394357972,42.67098484422351,17.445047373467304,2.1840021789633974,-0.004418010815525432,0.7917996528514603,159.76645562371186,304.22877756294486,0.8085161447525024,0.5733880996704102,188
42145498,lstm_global,supervised,CAMELS-BR,0.9683960714213935,0.9100925534287491,14.78936120926858,5.468257947460465,-0.20106705021539104,-0.0040437266964553804,0.9109011709138227,56.5276406449149,89.77385027697183,0.6335503458976746,0.5883628129959106,184
42187000,lstm_global,supervised,CAMELS-BR,0.8392478529700031,0.7419978822613886,1.3059780467884783,0.5003405722214821,17.00430931845952,-0.001011220606440313,0.7446098309375158,5.366785579778133,10.18610334928061,0.5898972153663635,0.5780453085899353,188
42210000,lstm_global,supervised,CAMELS-BR,0.9868781528493493,0.9715742490269997,101.59101872596788,55.99370823735776,1.9676949928518777,0.000358282505376728,0.9722495084945522,219.71169110168137,276.07410389290936,0.20464962720870972,0.19555436074733734,184
42250000,lstm_global,supervised,CAMELS-BR,0.9166462638690326,0.9166164826152172,1.9521978800287807,0.8021559052644892,0.876015589237393,-0.004173162069315565,0.9279069820114261,7.356505739573747,1.0128733496504667,0.36047008633613586,0.288402795791626,188
42251000,lstm_global,supervised,CAMELS-BR,0.9729642666791496,0.9470637243697986,3.900439236913283,1.909949173361568,4.276104869252552,-0.0016523659523846566,0.9486245674985755,11.767906429633458,7.58214079678793,0.3352954387664795,0.32947948575019836,177
42255000,lstm_global,supervised,CAMELS-BR,0.8536169620671425,0.8989500375654409,1.4169487706062345,0.5770522323462481,6.3657627919315845,-0.00044177108374779395,0.9280229014936459,4.666468897204258,8.261095843226427,0.34810343384742737,0.3274195194244385,183
42257000,lstm_global,supervised,CAMELS-BR,0.9386916501366691,0.9005357835416488,3.0430771371581957,1.7016217359837065,7.52800802398247,-0.003955169273084935,0.9048127408592088,9.141075947355843,7.828755931237742,0.4580391049385071,0.37725168466567993,188
42290000,lstm_global,supervised,CAMELS-BR,0.9871657688980496,0.951727843478187,12.25851859840479,5.893968362074632,1.3199545727872355,-0.0013936042325075025,0.9519369266462739,46.116002397487996,41.61304217850167,0.3251522481441498,0.31280261278152466,169
42350000,lstm_global,supervised,CAMELS-BR,0.3795731523833452,0.3716052442244161,93.71250566339562,26.87995382824784,-18.79340141651169,0.00011594870992497064,0.4856747682554108,379.695784994709,709.6662863997545,0.7531547546386719,0.43144500255584717,159
42365000,lstm_global,supervised,CAMELS-BR,0.8154004578724188,0.6837481566478616,27.186653744617278,15.310689163208007,-2.5271474875028814,-0.011791760541204864,0.687716339344663,85.41677856445312,85.41677856445312,1.1942259073257446,1.0560280084609985,15
42395000,lstm_global,supervised,CAMELS-BR,0.9676046299271999,0.9533262958415825,28.673901746329502,13.052116703479848,1.0147263132278157,-0.002820194060157731,0.9559601146836948,92.4302834289392,46.559772678561714,0.4179345369338989,0.36954545974731445,188
42430000,lstm_global,supervised,CAMELS-BR,0.9197204386077161,0.8289322848333198,0.3021049052257343,0.12923688983375375,6.267329025281208,-0.0017231547024534194,0.8292648060887626,1.0525181314260288,1.6803851127624512,0.22300998866558075,0.3252562880516052,44
42435000,lstm_global,supervised,CAMELS-BR,0.8938487059556757,0.8314206130186667,1.1167588808517193,0.7379559689684759,15.357015491042434,-0.006586654069913978,0.8371257270787258,3.5684466139435997,2.2014331817626953,0.6030457615852356,0.49549177289009094,79
42440000,lstm_global,supervised,CAMELS-BR,0.7330846305917682,0.7878194248164627,4.792225168353844,2.0364351156037612,0.8332111374836311,-0.00022343904718861302,0.8435708737227872,14.530979631782998,19.95914281338192,0.624140739440918,0.4427303969860077,179
42450100,lstm_global,supervised,CAMELS-BR,0.958920587827185,0.9164104218766083,0.12746626569720887,0.06279006063245064,1.487371307106846,0.00046978377560871754,0.9181579752578586,0.3874622718532757,0.6032054424285889,0.2620949447154999,0.22838294506072998,86
42450130,lstm_global,supervised,CAMELS-BR,0.7995694354862142,0.8711338668579095,0.1450741153744032,0.08215233714956986,1.8543306951656382,-0.00044670049045394435,0.900823522629735,0.4206755780117517,0.804172158241272,0.1498917192220688,0.18302661180496216,95
42450160,lstm_global,supervised,CAMELS-BR,0.7620963596166144,0.8664910280530969,0.12789706543167018,0.06251854023763112,3.778479509005595,-0.003168719057749559,0.9417493868495829,0.4338381947745628,0.31068241596221924,0.2214404046535492,0.1712903082370758,84
42450300,lstm_global,supervised,CAMELS-BR,0.9060753701839903,0.9309234632277011,0.2140542430021447,0.12363676818389466,3.5529320692306405,-0.0010921624127247752,0.9441538955099372,0.4757188229801582,0.8585545372295899,0.18084920942783356,0.16428756713867188,179
42450330,lstm_global,supervised,CAMELS-BR,0.8570731040595884,0.8907342261900705,0.05554454950262806,0.025511473335032148,6.326070880134789,-0.00523619918541799,0.9141918991946081,0.15788413821093697,0.24727725982666016,0.3447302579879761,0.3160304129123688,92
42450350,lstm_global,supervised,CAMELS-BR,0.9906710370081272,0.9816473752248915,0.3203618508063095,0.1959433175998027,1.5466614422303386,-0.0012679361335272803,0.9821614746178378,0.6213401980548734,0.7188395484418955,0.18997390568256378,0.18470701575279236,179
42450360,lstm_global,supervised,CAMELS-BR,-4.919200110522921,-1.0068489256000812,8.021492793675096,7.580213056777113,198.22916828300245,-0.020729846649589174,-0.9908942225976662,7.024269876591165,7.265514373779297,0.396462082862854,0.18184098601341248,93
42450370,lstm_global,supervised,CAMELS-BR,-84.20119077209688,-5.647646739860975,1.0759721265871345,0.9487100187689066,529.0253696778901,0.000528752753133653,-5.641933379155084,1.2213044895312306,1.3829412758350372,0.21030859649181366,0.048675939440727234,60
42450380,lstm_global,supervised,CAMELS-BR,0.8156776356904253,0.8995581775320498,0.2539395259794253,0.1265670155422597,4.228727028603778,0.0013104820447838762,0.9545947123355447,0.7401241424206101,0.9629406929016113,0.29425597190856934,0.30569159984588623,79
42450390,lstm_global,supervised,CAMELS-BR,0.5383549368788334,0.7440600374320534,0.4253115631991888,0.18321196176111698,4.310083534703691,-0.008550523335853055,0.9202834195485041,1.2423531322037682,1.39255690574646,0.38859400153160095,0.34606558084487915,96
42450400,lstm_global,supervised,CAMELS-BR,0.9717585083555866,0.969851352244599,0.22611261944658764,0.13237677838491357,2.534701854500927,-0.0005258704589333613,0.9726575843877068,0.314939517983271,0.20726299285888672,0.34049364924430847,0.35008978843688965,92
42450510,lstm_global,supervised,CAMELS-BR,0.5622501603103348,0.6698217994441396,0.8778160343558947,0.3844252865715527,4.830395470645978,-0.001547912959324705,0.7792795606951219,3.1052092716607125,6.712012529373169,0.5381279587745667,0.3851519525051117,81
42450600,lstm_global,supervised,CAMELS-BR,-0.130609734019123,0.11463212625014785,5.001901592687404,4.916735439865213,87.2763246639045,-0.01482580935151304,0.11770489767642744,4.4527584087897685,5.850324630737305,0.41285163164138794,0.19948513805866241,95
42450710,lstm_global,supervised,CAMELS-BR,0.9162500620315521,0.9462660016228722,0.10370057933705672,0.04818684447470099,1.300521723463702,-0.0028634977468328868,0.9630139594288879,0.14819066620598143,0.007545948028564453,0.36311081051826477,0.4295058250427246,86
42450720,lstm_global,supervised,CAMELS-BR,0.9331175504131685,0.9148920984324771,0.07462770309446633,0.04974639920207361,2.4135572610578975,-0.0016394789291348938,0.9209488682393655,0.19667269902157417,0.38864606618881226,0.2912152409553528,0.21200864017009735,96
42450730,lstm_global,supervised,CAMELS-BR,0.8743323748174319,0.9271421201714256,0.2880140268595994,0.17377471731802852,3.919843644876879,-0.004356020521515028,0.9603047430882901,0.702023414531965,0.2043306827545166,0.2311602383852005,0.1885690838098526,97
42450750,lstm_global,supervised,CAMELS-BR,0.9761118137420901,0.9647349333042605,0.15748539587921342,0.08044304724105379,3.3390312288339676,-0.0004254108335171973,0.9664038732009121,0.14163788402800168,0.22892881455796554,0.16368021070957184,0.1791282296180725,176
42450760,lstm_global,supervised,CAMELS-BR,0.7448764083587676,0.7767882145881266,0.31580432092377586,0.1262085382097765,-1.7576681469675703,-0.005384050715608192,0.8214673759902005,1.2395051649214865,2.472880184650421,0.36286696791648865,0.22201550006866455,92
42450770,lstm_global,supervised,CAMELS-BR,0.9661877865031381,0.9282796608251384,0.39165480414218384,0.2901836298406124,6.596625997016466,-0.006465015602058279,0.9297014201876437,0.563326870718874,0.2961902618408203,0.21175037324428558,0.16077351570129395,36
42450780,lstm_global,supervised,CAMELS-BR,0.8827198167901044,0.8642890943459556,0.1149299659552713,0.07430039732122516,9.166741147332807,-0.00012823312090818467,0.8712472727708327,0.2956591494102657,0.25020897805730946,0.23032598197460175,0.2519281506538391,188
42454000,lstm_global,supervised,CAMELS-BR,0.9481364626165801,0.9388387118992075,0.17317391723748765,0.11023111937736924,0.6436981931939364,-0.0009790188157615572,0.9444853501748337,0.5625947524712488,0.2776456284605693,0.1767934411764145,0.15840044617652893,176
42460000,lstm_global,supervised,CAMELS-BR,0.6435750450183484,0.7419267699622993,7.786756024323362,4.478846057601597,3.770763501572092,-0.0014504035692177331,0.8261057914925601,22.253888032130458,44.7725866727685,0.21162861585617065,0.16210734844207764,184
42490000,lstm_global,supervised,CAMELS-BR,0.780767794602161,0.8313073172201724,18.265914091936303,7.098810246650209,4.00852694672461,0.001166217947934433,0.8739427926879675,62.957147511740565,113.16207595011318,0.3787710666656494,0.31819671392440796,188
42540000,lstm_global,supervised,CAMELS-BR,0.5837453383393891,0.5962385732460729,46.22774826203453,18.161674222280812,-0.9641516911763705,0.0004697007465385237,0.6658550073908935,177.05840727478918,282.01988187539786,0.3982393443584442,0.2898363769054413,172
42545002,lstm_global,supervised,CAMELS-BR,0.07096623878438879,0.20389208991748875,6.881126865651958,2.647661439866327,9.92640830397676,0.0019883881585740053,0.5348907597978971,27.536729123437198,47.16411574590877,0.9366651177406311,0.47434595227241516,179
42545500,lstm_global,supervised,CAMELS-BR,-0.0160543560399784,0.42711775985844824,11.67040780996822,4.0013654849075895,18.49460001534565,-0.0009092285114560561,0.8036111566910029,45.244122352090784,79.49879346096867,1.089073896408081,0.8777589797973633,188
42546000,lstm_global,supervised,CAMELS-BR,0.028629679974883526,0.45319021266420034,6.7784420255126445,2.5541668108531406,14.308049606594658,-0.005604665572571176,0.8291855276941814,28.33405683644715,40.35009996703418,0.5371735095977783,0.3710457980632782,119
42600000,lstm_global,supervised,CAMELS-BR,0.8624283211046981,0.9214655944103767,20.825228102453366,9.221018265232896,3.9804778638109566,-0.0010422231161606472,0.9598442203543044,81.47260337955018,129.512858919121,0.4405084550380707,0.4014047086238861,165
42645000,lstm_global,supervised,CAMELS-BR,0.9092839064197945,0.8886840304265675,3.109133833120162,1.1203467522529846,-1.7894900394999493,-0.0008426200396500147,0.8979613086373849,11.224918697063245,8.159764541217623,0.40475931763648987,0.35706019401550293,188
42690001,lstm_global,supervised,CAMELS-BR,0.986169688703648,0.9497477393219182,30.556495345129775,16.834207368933637,1.794648536994526,-0.0016728100252417187,0.9500142530658406,90.27425010339557,144.95629987110956,0.29027074575424194,0.2702132761478424,184
42750000,lstm_global,supervised,CAMELS-BR,0.9887663182117417,0.9770946256196149,40.81996814485348,22.17848236664482,1.2961766163765085,-0.001605195979208121,0.9777274072240599,68.25147936931788,42.62156161440533,0.25661104917526245,0.2481842339038849,184
42840000,lstm_global,supervised,CAMELS-BR,0.45433832250477346,0.4545099643045528,4.63768151668419,0.9965103319350709,-6.309813180164796,-0.0032430911357132428,0.5510520021507166,19.569528884918437,41.90591433419074,0.8068667650222778,0.5115469098091125,188
42850000,lstm_global,supervised,CAMELS-BR,0.6950388008627282,0.6413509052556644,40.192240692854945,14.952871685740591,-9.906178832327008,-0.0011740402548163081,0.673602646784313,156.73098002316402,263.02861946996666,0.7997816801071167,0.47403484582901,174
42860000,lstm_global,supervised,CAMELS-BR,0.7052895906288318,0.6739579132640185,42.218996942326584,15.6367792022821,-2.732601546477412,-0.0006634393881126202,0.7091089192805395,163.39894681711104,292.35720352099105,0.733634352684021,0.480893611907959,181
42930000,lstm_global,supervised,CAMELS-BR,0.9502450215721071,0.9542895092516622,63.979428604883886,35.55828872013613,3.1492322402588018,-0.0016981192287894645,0.9606252744623459,189.32430645282685,132.6126227435112,0.3181540369987488,0.31835097074508667,183
42940000,lstm_global,supervised,CAMELS-BR,0.9734005511967029,0.9680719779310536,55.41317913387191,26.74199692746426,1.4339014505753915,-0.0022108126507829895,0.9707827581130775,135.50435365660587,167.39443178273848,0.3039582073688507,0.31010133028030396,188
42980000,lstm_global,supervised,CAMELS-BR,0.9402186255474052,0.8990214154252082,86.40572096436627,31.456926995581323,7.565549598141485,-0.0014158406608653813,0.902039912034251,317.73726740349747,271.3623918799133,0.3989940285682678,0.34634527564048767,182
43010001,lstm_global,supervised,CAMELS-BR,0.5212979343139501,0.5075565960644586,0.3850754654443178,0.12994122169911862,-0.6115638226153985,-0.0044909255128478195,0.5812157006559847,1.5685706866126974,3.1790613622144357,0.6606676578521729,0.43948519229888916,185
43200000,lstm_global,supervised,CAMELS-BR,0.9911046045223783,0.9736040212479712,108.68313034783137,62.853367681088656,2.381624721693734,-9.310182614974752e-05,0.973881193576917,217.99245373658673,57.6768538145689,0.20373180508613586,0.19803492724895477,184
43250002,lstm_global,supervised,CAMELS-BR,0.6552285558284162,0.6998460995488074,30.77772106694551,12.454664313111987,-3.8137695073499644,-0.002846122636808203,0.7665458959549002,117.1151004354788,149.58798567899007,0.6525735259056091,0.4724152088165283,175
43300000,lstm_global,supervised,CAMELS-BR,0.7654143323158262,0.7860962172736706,26.85859363583203,11.541787350241513,-3.402553952964995,-6.90848421281351e-05,0.8240125929775308,89.15021437068947,140.24877977663076,0.5497686266899109,0.36344173550605774,187
43360000,lstm_global,supervised,CAMELS-BR,0.34743813896800113,0.4105843504006006,5.461701724473943,1.6920255336395287,5.482516259011086,-0.007071295303918219,0.5512362009404755,23.02946524197473,47.8395724705434,0.9005656242370605,0.48137569427490234,188
43429998,lstm_global,supervised,CAMELS-BR,0.9650569547641831,0.9627321543250452,29.45265594352102,15.760219441807788,2.178515891790528,0.00011965351816106695,0.9669590593045148,40.84257632750853,33.85110562774118,0.3928459584712982,0.38989290595054626,184
43430000,lstm_global,supervised,CAMELS-BR,0.9368950800456683,0.9616878203907466,36.55248274911327,19.140057807273053,1.3567511780613892,3.183773770295065e-05,0.9785916919781682,60.75927607636139,47.87557122144045,0.4937146008014679,0.4579228162765503,188
43670000,lstm_global,supervised,CAMELS-BR,0.9897556898986093,0.9573789574413015,20.499028154384458,12.984936970698682,2.480830329956252,0.00024617281775115435,0.9575949381125826,44.499008617156505,84.0819567919057,0.3734727203845978,0.35097765922546387,158
43675000,lstm_global,supervised,CAMELS-BR,0.3097086743430504,0.4363070221852534,28.579252320496657,11.06578612026382,10.16655926780302,-0.004656764822366797,0.629102511935191,112.86910103056128,224.52623824661623,1.1378766298294067,0.6829181909561157,188
43880000,lstm_global,supervised,CAMELS-BR,0.9845115137287022,0.9555747177491907,29.724437204030327,17.017985343933105,4.297107646760715,-0.0015678083913331364,0.9561507671238813,46.7936051502415,40.3191683824392,0.3314926028251648,0.31288790702819824,183
43920000,lstm_global,supervised,CAMELS-BR,0.9622612258894808,0.9549361808018327,38.708902378532166,24.442522048950195,3.6541913787440214,-0.0008901890250516686,0.9582284211473221,76.27485410598904,23.851933548581087,0.36117100715637207,0.3803069591522217,186
43980000,lstm_global,supervised,CAMELS-BR,0.976619848107544,0.9594637946149003,36.35161554796669,19.852097977983192,1.777937878852246,-0.0013549471769515459,0.9610527682044098,100.20781192906682,9.332115101507412,0.31388092041015625,0.32364824414253235,188
43980002,lstm_global,supervised,CAMELS-BR,0.9876506439174528,0.9685838209781117,22.22794579873812,13.645144889089796,1.7063679268705811,-0.0016302594293054265,0.9691332826015022,30.42915353406514,15.318103435821827,0.34641849994659424,0.333131343126297,180
44200000,lstm_global,supervised,CAMELS-BR,0.9964408273837445,0.9756232882447531,81.52199460129064,59.450379067278924,1.7736158032181188,-0.0002918571191008468,0.9756567182647113,181.29588364936097,123.93224219155358,0.20657359063625336,0.2043081521987915,188
44250000,lstm_global,supervised,CAMELS-BR,0.9645980941391636,0.9367233556228898,2.5437890757887107,1.1825707797897596,1.3915163122774232,-0.00031662507733882204,0.9387687048315108,7.593251448864868,11.83571384688108,0.3051990270614624,0.30253979563713074,179
44260000,lstm_global,supervised,CAMELS-BR,0.8909755631437859,0.7930796264068375,36.90271929542252,11.608501888970112,-4.317291867855866,-0.003610415530493752,0.7971218033296819,136.83265071801682,248.31630049147662,0.5253089666366577,0.4349708557128906,188
44260001,lstm_global,supervised,CAMELS-BR,0.9300940631672284,0.9600634124848407,3.874821359040461,1.4934472327536725,0.11941125084687496,-0.000553230458585856,0.9814372573698695,8.34671723453409,5.064433928934924,0.16772690415382385,0.17775318026542664,188
44290002,lstm_global,supervised,CAMELS-BR,0.9977445999182758,0.9730571860017583,71.32561081985996,53.20383572048611,1.1993873350802833,-0.0020388820263174973,0.9730641873364614,134.92858853948033,106.66565123567696,0.19008345901966095,0.18583959341049194,135
44300000,lstm_global,supervised,CAMELS-BR,0.983970852662947,0.9756690080694681,169.77253963999738,91.60597196538397,0.8356859252513898,-0.000810633753387727,0.9769691027236463,156.20157784415719,295.34287876238386,0.23193345963954926,0.23470689356327057,188
44350000,lstm_global,supervised,CAMELS-BR,0.17114225019294205,0.1321744302635507,2.232305269759584,0.3883671764144923,-4.320713002490618,-0.001208013255924078,0.27106588765799056,9.558386335028212,17.382263858754914,0.7809886336326599,0.41189703345298767,187
44400000,lstm_global,supervised,CAMELS-BR,0.9811537947046581,0.9551567115911889,173.11494104579657,90.89425550961326,-0.6591991434905993,4.996951913561164e-05,0.9559991705860165,317.88681474677026,260.609967200716,0.2233581840991974,0.2109333723783493,141
44500000,lstm_global,supervised,CAMELS-BR,0.9966140478051926,0.974938239197058,75.40135711751401,56.6403286146081,1.5615308733587563,-0.0009264888488247237,0.9749748318855822,97.54473431199904,96.46752382530389,0.1634666919708252,0.16027617454528809,184
44540000,lstm_global,supervised,CAMELS-BR,0.8976565619824838,0.816497442788418,0.45949539723421706,0.1700904905161959,0.028800823685484058,-0.00027984640136774486,0.8192557433076375,1.7894068202912117,2.9386555010466537,0.2933904230594635,0.21912315487861633,188
44600000,lstm_global,supervised,CAMELS-BR,0.12672002903606805,0.06804646080073595,7.5863040349579665,2.1423882857123586,-19.08524697049139,-0.0020459955979401125,0.31455490203311964,32.0514184357944,67.5649408720454,1.1336091756820679,0.6803536415100098,188
44630000,lstm_global,supervised,CAMELS-BR,0.9525536670455357,0.8290469272922473,2.227452548697037,0.6596739185141757,11.577740806120906,-0.006046730081043339,0.8291724962636984,9.155667817865973,20.3487619417394,0.9121864438056946,0.9227398037910461,188
44630500,lstm_global,supervised,CAMELS-BR,0.9401619030831443,0.8104190073743108,5.518558618190641,1.1955004036426544,-2.1120950569152805,-0.006070913384974362,0.8105181727243211,23.723003663672902,50.06595027690436,0.7500126957893372,0.6559375524520874,175
44640000,lstm_global,supervised,CAMELS-BR,0.990301199214883,0.9618508316221626,4.446931203953899,1.5432093204494486,1.5881037226041508,-0.009542207043281958,0.9620920574253559,17.626075913234875,36.29107861103819,0.6506153345108032,0.6352728605270386,188
44670000,lstm_global,supervised,CAMELS-BR,0.9957270058813878,0.9394311494334019,2.0617212063407613,1.1089112759014979,5.664529779406156,-0.020559852401074254,0.9394538430129354,7.635735370006839,5.571623922719117,0.6446956992149353,0.5995398163795471,188
44740000,lstm_global,supervised,CAMELS-BR,0.529143332955684,0.7329561007931336,0.23304217861713722,0.17663211609915572,15.96980347650385,-0.014726470566938023,0.8314217122552036,0.49744564190439644,0.4655529287422615,0.5852508544921875,0.5193753838539124,188
44750000,lstm_global,supervised,CAMELS-BR,0.9821198224249984,0.9380041196522474,1.6279444951243882,0.5698960520578235,4.841435530655976,-0.0004984461901106352,0.9384354915480864,6.4845733463874575,12.73849812101217,0.4363660514354706,0.38052257895469666,178
44760000,lstm_global,supervised,CAMELS-BR,0.6428655723644829,0.5678862236588362,0.006300123469873245,0.0016446014671696741,-3.362104030188623,-0.00011709173664049659,0.5983970976112338,0.026407577630835306,0.046965570228305636,0.5188477039337158,0.3273695409297943,152
44770000,lstm_global,supervised,CAMELS-BR,0.8927940183766099,0.7223768724452249,1.25535875028442,0.22520411721801847,-11.617183371779435,-0.00039462056413163554,0.7225728049659987,4.806247298830324,9.673846381357267,0.745943009853363,0.5638251900672913,133
44850100,lstm_global,supervised,CAMELS-BR,0.757675896361939,0.5933110191047783,6.470128650424965,1.737439016404503,-26.7565266501765,,0.6058759765511299,26.320941952261283,14.831234052047137,0.7797877192497253,0.5872517824172974,143
44890000,lstm_global,supervised,CAMELS-BR,0.43227200495323115,0.42725176587515623,0.7781734294313535,0.2262680243676438,-13.478830616176488,-0.02891390716519094,0.5306161044487536,3.2499258820357855,6.505468617551106,1.211643099784851,0.5806910991668701,188
44900000,lstm_global,supervised,CAMELS-BR,-0.022784257984626466,-0.1961386571434447,22.174115534629912,3.7109216504210893,-26.595974839340414,,0.19442366345422624,94.07985683717052,205.49704886810824,1.7501392364501953,0.8766899108886719,182
44909000,lstm_global,supervised,CAMELS-BR,0.41391374587509855,0.43694801684959683,0.5274599048698168,0.27745008662056464,-10.797217178158757,-0.023665220095453972,0.5477192432379235,1.801796590757847,3.741786265049618,0.45502975583076477,0.3187442123889923,182
44940000,lstm_global,supervised,CAMELS-BR,0.9881666300521479,0.9374145727359228,5.163582954964824,1.874341640432851,-0.9832969596808355,-0.023353812420301143,0.9374627271448214,19.55740244289632,38.751209006297984,0.45225897431373596,0.41473403573036194,145
44950000,lstm_global,supervised,CAMELS-BR,0.996904584636395,0.9587243741105644,1.8091615283200244,1.3331083000954638,3.8964249004329576,-0.008853095640942131,0.9587382369950833,3.039474367259354,0.45947995278871734,0.2986956834793091,0.2865937352180481,188
44960000,lstm_global,supervised,CAMELS-BR,,,0.10780662298202515,0.10780662298202515,,,,0.10780662298202515,0.10780662298202515,,0.0,188
45131000,lstm_global,supervised,CAMELS-BR,0.93924192974914,0.8906284563914739,6.921478508560215,2.7883921706158183,0.851983619634839,-0.00022059482132913595,0.8938213687554899,25.677228584778128,44.473149079771105,0.15444661676883698,0.13984309136867523,184
45155000,lstm_global,supervised,CAMELS-BR,0.9180319827105605,0.9408129078608839,4.518547190381125,2.4959630248367146,-0.03158572817761606,0.0009908950565504244,0.9579626320985314,12.033734707115698,8.356822337281477,0.12634974718093872,0.12234984338283539,186
45170000,lstm_global,supervised,CAMELS-BR,0.9361375351355936,0.9540021578923524,3.905589233624538,1.9982898387503116,0.2055632017082777,-0.0003816190359349882,0.9672992096672981,11.123118045830655,6.328265811456298,0.10652998089790344,0.09864649176597595,188
45170001,lstm_global,supervised,CAMELS-BR,0.9386252476260722,0.9370004139640061,3.0902887046515612,1.5755748230478037,0.7298248028929545,0.0001573490231534594,0.9448683023290391,9.730322513839129,13.778303628086709,0.10642411559820175,0.09824018180370331,184
45210000,lstm_global,supervised,CAMELS-BR,0.9761600297102856,0.9693361798583537,7.2938974450116945,3.5880831220875615,0.9831562009152139,-0.0006635250749599218,0.9716242282787217,20.252163523510163,19.80935818811541,0.12188324332237244,0.12709587812423706,184
45220000,lstm_global,supervised,CAMELS-BR,0.9461706717862916,0.8916562306083017,1.378239380197839,0.49075741463519157,0.6736500787402044,-0.000909391278568779,0.8942092890287775,5.45649978796915,7.46936662158587,0.19521725177764893,0.1686295121908188,188
45239998,lstm_global,supervised,CAMELS-BR,0.7948874989077087,0.7085167825671612,5.996139428100862,1.6491867278484589,-6.092990555313204,0.0008101447476206829,0.7205831719371916,25.18100124186128,47.502653361444416,0.2811616063117981,0.21753285825252533,188
45240000,lstm_global,supervised,CAMELS-BR,0.9417586147134774,0.9601456471552665,1.280291319383105,0.64916090255088,0.8174246998338202,2.3655375276511285e-05,0.9713135146533419,4.282557334062309,6.957764980197902,0.17258118093013763,0.1608247309923172,188
45260000,lstm_global,supervised,CAMELS-BR,0.9770440698522382,0.9662664302576333,8.046441878907634,4.017685048064293,1.3358707055362333,-0.00010350335524607433,0.9679561844384605,23.413451817297474,24.576439228225954,0.12206237018108368,0.11207785457372665,171
45280000,lstm_global,supervised,CAMELS-BR,0.9898557785578317,0.9649392257132259,6.380776153578878,3.5304895766237947,-0.29684420111485343,0.000504381941946689,0.9651871334325399,16.666295509747094,25.047074059653763,0.13450689613819122,0.1290702223777771,188
45298000,lstm_global,supervised,CAMELS-BR,0.9931760494756303,0.973623376593771,113.7164608160623,64.7882271624626,2.5828526445995648,-5.8821085605760895e-05,0.9737692945192316,403.30452394902807,82.62266895985165,0.16357135772705078,0.15972258150577545,188
45480000,lstm_global,supervised,CAMELS-BR,0.9951185714792579,0.9771298550173738,87.86275771144791,61.07229761133857,1.8247166985963679,-3.808080500940052e-05,0.9772267008567922,107.21564613795607,89.30094946896358,0.15090401470661163,0.14124631881713867,187
45580000,lstm_global,supervised,CAMELS-BR,0.9568448958665333,0.9442783119361369,0.5725469980803296,0.31252547020607807,0.5218834190990832,-0.00010510791877893153,0.9480936828524651,1.6896880789958268,2.5636779288497986,0.07896877080202103,0.07415104657411575,188
45586000,lstm_global,supervised,CAMELS-BR,0.9589847233528279,0.9391623376692536,1.1515992549078888,0.573435097771722,-0.15133387150478206,9.605490393733073e-05,0.9422911618128262,3.2076769612323908,2.7136585586301574,0.10668442398309708,0.10237125307321548,185
45588000,lstm_global,supervised,CAMELS-BR,0.9264296787365828,0.9321211982566902,1.3643708813258937,0.7555603017198279,1.3681737401957692,-0.0007491208789453148,0.9422629729753703,4.210205206050283,8.635770876871428,0.1075211614370346,0.09991977363824844,188
45590000,lstm_global,supervised,CAMELS-BR,0.95727523602968,0.9745381511902194,1.1218048273696635,0.655108908389477,1.3023099838191987,-0.0008813787084209971,0.9837281018416258,1.2271398296920246,1.3036080079799313,0.06656519323587418,0.06696899980306625,188
45600000,lstm_global,supervised,CAMELS-BR,0.9204898477231344,0.9155542233046927,1.3262257802235469,0.6595802662220407,0.7869823829952453,0.0002385205773120869,0.9245998720367788,4.154642174331665,9.214816073769786,0.10003095120191574,0.09034138917922974,188
45700000,lstm_global,supervised,CAMELS-BR,0.988899764055938,0.9527356703510128,0.7940485945740295,0.3693201795537421,-0.3460381080199594,0.0002829260078299582,0.9529507166932772,2.562809387918113,3.805580025204099,0.18831118941307068,0.17611946165561676,188
45710000,lstm_global,supervised,CAMELS-BR,0.969132585332196,0.9774654620735653,1.1868481048249468,0.6727786622148879,0.8621184261910941,-0.0019671362948674703,0.9834925186987542,3.404358869402718,2.004760226973638,0.14101627469062805,0.13706479966640472,188
45725000,lstm_global,supervised,CAMELS-BR,0.8900552894431657,0.86969445733367,0.7059375812865846,0.2649862861379664,-0.8391731674171802,0.0009088601092946628,0.8811782894150757,2.870799132397377,2.544548216189241,0.2355596274137497,0.2352876216173172,188
45726000,lstm_global,supervised,CAMELS-BR,0.9736749427077785,0.9355586155622198,0.3004674141445799,0.1115429510085031,0.856161300042108,-0.0008855631172415973,0.9365354570321966,1.1494749848186718,2.2955318377015903,0.3615209460258484,0.31838852167129517,188
45740000,lstm_global,supervised,CAMELS-BR,0.9339958108319579,0.9335947341339427,3.4301700956819348,1.4804160206030446,1.1445377519965003,-0.0001901311990489523,0.9418697377059356,12.00951051114054,19.77495616650541,0.11359554529190063,0.10872124880552292,141
45740001,lstm_global,supervised,CAMELS-BR,0.9550689403775611,0.93277105629191,3.497042671388541,1.2145443216283272,1.1572236009804602,0.0006413333029582167,0.9359478432727047,13.970570634337358,30.0365416101873,0.14234040677547455,0.1252310425043106,188
45760000,lstm_global,supervised,CAMELS-BR,0.976261312425319,0.9796846750170946,0.6509748312693762,0.36159927287000293,0.7357819631290421,-0.0005946864088289651,0.9830350956603799,0.6694093081803436,0.2149597580437117,0.05742549151182175,0.05456919968128204,188
45770000,lstm_global,supervised,CAMELS-BR,0.8550123916828914,0.8941791500621157,4.12874652545498,1.6205628171880195,1.4963383827695482,5.6827485102373815e-05,0.9201059051211952,15.528561622810999,28.812109296197992,0.08767785131931305,0.07402850687503815,188
45780000,lstm_global,supervised,CAMELS-BR,0.8937093772990278,0.9471857069512812,2.828880671852465,1.5198900420090249,0.7030313757375465,0.00035777205622771835,0.9892244954990737,9.510860581949519,5.680652477835687,0.07288895547389984,0.07045016437768936,145
45810000,lstm_global,supervised,CAMELS-BR,0.923138847901966,0.8964981663606104,0.13777760687705123,0.04897057397806264,3.4925153948417664,-0.004413904734544581,0.9022191173920208,0.5435470453786051,0.9458560901821603,0.5663734078407288,0.4750625491142273,188
45840000,lstm_global,supervised,CAMELS-BR,0.9814923500623063,0.9624109864849182,2.210743024282199,1.4207225556069232,0.9325486353823398,-0.00025139441418096584,0.9632374631991748,6.407533991305426,7.55067125796704,0.1131102666258812,0.1021314188838005,188
45880000,lstm_global,supervised,CAMELS-BR,0.9684709583594457,0.9399380076369753,4.383864575766146,1.9112439257033327,1.4709242309287351,0.0004012964906927796,0.9415151592599025,16.466469700841298,15.45937270447429,0.16371719539165497,0.14992232620716095,188
45910000,lstm_global,supervised,CAMELS-BR,0.916670728871381,0.8907254276435143,11.612826444558449,4.719529659190076,0.9259432760013787,0.0001601591485979213,0.8932572211839606,43.94785229357717,92.01287526433441,0.08775246888399124,0.09163521230220795,188
45910001,lstm_global,supervised,CAMELS-BR,0.9570337638275097,0.9751172333272028,15.087019216529745,6.185525772419382,0.843513473981997,2.594672199558029e-05,0.9869718387719448,46.303806579572374,27.778312384211507,0.14973720908164978,0.13709434866905212,188
45960001,lstm_global,supervised,CAMELS-BR,0.9772285151590829,0.9519083303769618,9.730666322297514,5.314791659091381,2.470572872911893,0.0002723178061117869,0.9526659327978417,24.563039489189332,11.28202655676124,0.11164243519306183,0.12526187300682068,188
46035000,lstm_global,supervised,CAMELS-BR,0.9977436529285851,0.9750907789503612,61.12178666281378,52.091088802256486,1.9320454222088845,-0.0003573652613256175,0.9750999606640016,50.28715876848253,62.59953733191734,0.1370384693145752,0.13164815306663513,188
46105000,lstm_global,supervised,CAMELS-BR,0.9973591399560008,0.9758192951804452,67.74173074688434,53.352000459711604,1.8015078635247554,-0.0009831917755175439,0.9758336165999729,105.54699069114912,55.965379216229934,0.14561334252357483,0.14064531028270721,188
46110000,lstm_global,supervised,CAMELS-BR,0.9145304346625377,0.8986221946635957,1.3020820965970104,0.4225664522498846,-6.855073976041459,,0.9075997041540107,1.8096524866415071,0.14664363861083984,0.1990889459848404,0.17378820478916168,60
46150000,lstm_global,supervised,CAMELS-BR,0.9978234553485211,0.975569722766111,62.711872086718984,52.47616479751912,1.931682216135278,-0.00035006778583261504,0.9755777931743466,104.20028903949924,100.77005801488507,0.13751180469989777,0.12962909042835236,188
46200000,lstm_global,supervised,CAMELS-BR,-0.3863857759873903,0.17919154827804817,1.5351410827578111,0.4361557052173513,46.16441969483966,,0.21480497375365548,6.550243756517151,13.335111599606753,1.2315549850463867,0.9747931957244873,188
46295000,lstm_global,supervised,CAMELS-BR,0.9826309622067685,0.9033914608450128,2.4096380131547104,0.9642288323369,7.902646207567732,,0.9035815212770653,7.761179745358677,14.467215152599993,0.8361669778823853,0.7974090576171875,182
46360000,lstm_global,supervised,CAMELS-BR,0.9976193695196762,0.9738057327018593,64.54205543906637,55.371665142952125,2.2982385278113933,-0.0014656749524128362,0.9738134683421367,59.29612608988274,35.93721795178733,0.12432744354009628,0.11840279400348663,188
46400000,lstm_global,supervised,CAMELS-BR,0.9119314283412671,0.9388346116983255,0.6680177686488873,0.30717631350172325,0.8496455045494711,-0.000916414964448861,0.9579769926642708,2.2598274368042155,1.7315353906735167,0.0986209362745285,0.09525556862354279,188
46415000,lstm_global,supervised,CAMELS-BR,0.9837597738307817,0.9822843075330882,1.130755713389728,0.7210302707996774,1.6041071813285062,0.0004824033399668196,0.983770436250478,2.5352484753318234,3.006782850357271,0.11437956243753433,0.12226974964141846,188
46420000,lstm_global,supervised,CAMELS-BR,0.9224887427019575,0.9571733383058063,0.2977640833356251,0.16477152944981366,1.0172832124881521,9.594885608103006e-05,0.9780450957948459,1.0042987976577975,1.7966365641063773,0.07701797038316727,0.0736282616853714,174
46450500,lstm_global,supervised,CAMELS-BR,0.9813718557308116,0.9884706443706716,0.6485763241319024,0.4275382290715757,0.7499542107060939,-6.942903517845149e-05,0.9922450135594049,1.3794928867490053,1.940879446912955,0.060864973813295364,0.05955404415726662,184
46453500,lstm_global,supervised,CAMELS-BR,0.9588784640143893,0.9655716578902446,1.0218723131859198,0.737715813421434,1.0386368703376394,-0.0006955964670289647,0.9710873432930447,1.5686814600596413,1.3092860981827201,0.04953133687376976,0.04926583170890808,186
46455000,lstm_global,supervised,CAMELS-BR,0.9820062258629967,0.964207643168852,1.8004354074553393,1.2644147061287088,1.0718492286891612,-0.0008087789594694462,0.9651147484325125,4.050548906551722,7.397538938095373,0.0932769849896431,0.0905187577009201,188
46490000,lstm_global,supervised,CAMELS-BR,0.899303093853133,0.8892687028013321,0.9723798376625878,0.4020920038223267,2.887011889266496,-0.0004211869543866032,0.9007239070427849,3.642431164889299,6.855490117180069,0.21677307784557343,0.1987539380788803,175
46520000,lstm_global,supervised,CAMELS-BR,0.9736430101414831,0.9526361127836642,0.8626056860348116,0.4895186018436513,0.05959002052606123,-0.0007512827506901548,0.9543629345629961,1.6687909999918018,2.43882238800329,0.12812504172325134,0.12230978161096573,188
46530000,lstm_global,supervised,CAMELS-BR,0.9962176714421997,0.9839399324504713,0.3218688316440018,0.24480425464650973,0.6804698848945818,-0.0003318258343896676,0.9840181513191325,0.28867482698924934,0.39068639692303325,0.07880616188049316,0.07503321021795273,183
46543000,lstm_global,supervised,CAMELS-BR,0.968518269294758,0.9252932780634007,2.7076323055577682,1.689746156651923,0.8928173749969693,-0.00010058597334792682,0.926516086774902,8.746235698782101,12.456683748459596,0.13473033905029297,0.12123525887727737,188
46550000,lstm_global,supervised,CAMELS-BR,0.9105054548740336,0.9289601069337513,8.138992816801368,4.037295118291327,2.2092484864982787,0.0006830036820640838,0.9431779894011956,28.690725111755864,59.28130422904203,0.11861544847488403,0.10221268981695175,188
46555000,lstm_global,supervised,CAMELS-BR,0.616545315813586,0.5974512556450027,1.4617934026042219,0.4899283709475756,-7.39314258380862,-0.033809566776654525,0.6488115626267493,5.93053465517448,11.344939424775518,0.7936097979545593,0.5685479640960693,188
46570000,lstm_global,supervised,CAMELS-BR,0.9656511183120002,0.9521853193049785,1.0756261947683745,0.7226828831307431,0.8288778121139705,-0.0003433213931315765,0.9552243094811945,2.869877446382252,1.9762323036158191,0.23485104739665985,0.22866088151931763,188
46585000,lstm_global,supervised,CAMELS-BR,0.7826837815861997,0.8437536587266669,3.174235482521418,1.3536067126709739,0.29070428615907007,0.0008598907400894761,0.8937575969045181,10.809156628543562,17.080727959164545,0.16089488565921783,0.14376874268054962,162
46590000,lstm_global,supervised,CAMELS-BR,0.820234287276485,0.8209926708800432,6.656173304817433,2.441515252945271,-0.43757551885862034,-0.0009018455489511051,0.845405658556641,26.498746952061875,43.04564522368913,0.15175573527812958,0.13084128499031067,188
46593000,lstm_global,supervised,CAMELS-BR,0.9215079861633553,0.8848006003020927,3.318872747247863,1.7386203826741968,-0.1538303169082639,0.00014726113073864656,0.8908163526305996,10.706599492106914,13.346265295621658,0.12282490730285645,0.10225371271371841,188
46595000,lstm_global,supervised,CAMELS-BR,0.8997224692846264,0.9115019840631021,3.1364747132353687,1.5929342514975777,-0.029813601474787513,-0.0005471637233300797,0.927479498409665,9.110266232423058,8.466770906421258,0.09956702589988708,0.09513862431049347,179
46610000,lstm_global,supervised,CAMELS-BR,0.9607590448161145,0.9627963604733747,11.036208412563592,4.752017668861757,1.139733894275303,-1.5307383605811173e-05,0.968079441453035,36.982148094832844,78.65773998038532,0.10655348747968674,0.09777751564979553,187
46620000,lstm_global,supervised,CAMELS-BR,0.9869034179699097,0.9805085089894351,4.439181436304855,2.723844974598986,0.4683993546462604,-0.0003507300188846877,0.9815453515698283,4.9281972429702545,7.829856907643661,0.08094832301139832,0.08114825189113617,188
46650000,lstm_global,supervised,CAMELS-BR,0.9964127609359591,0.9702805837251208,3.7760370593855153,2.6508056965280087,0.6630638932156893,-0.00032098424894319404,0.9703062080557998,9.134678886534013,18.639618094573418,0.10692707449197769,0.10415887087583542,188
46675000,lstm_global,supervised,CAMELS-BR,0.9977615131549722,0.980768027255777,2.825068931940527,2.1378539876734957,0.663254298966937,-0.0006818367607332593,0.98078086253051,7.498058368204419,14.053639854306121,0.08664204925298691,0.08384209126234055,188
46750000,lstm_global,supervised,CAMELS-BR,0.8453576265409746,0.9199324597916578,0.5969744459677806,0.19005617309123912,1.2121798738185758,-0.00024809204685214553,0.9736944342307192,2.4998859041444863,1.4224764469348343,0.13051578402519226,0.11614575982093811,188
46770000,lstm_global,supervised,CAMELS-BR,0.9808888938257753,0.9737809642269536,0.9586823509128118,0.5964745765036725,0.5070347673106461,-0.00039139652953349476,0.9753990783643391,1.3934976071291625,1.0887667289428942,0.09132523834705353,0.08871118724346161,188
46780000,lstm_global,supervised,CAMELS-BR,0.9925113507452389,0.9677445547543115,0.8249237904289164,0.5537107954633996,0.4256533468727695,-0.0004752292513497793,0.9678953956467014,2.224021005177692,3.122155741291714,0.09508049488067627,0.09062039852142334,188
46781000,lstm_global,supervised,CAMELS-BR,0.9764994020266796,0.9614130802697658,0.35268251501492065,0.16663317627959198,0.3427781169263876,0.0005473722288917983,0.9630445782843339,0.6468526777214649,1.4561427213044336,0.059226419776678085,0.05609206110239029,182
46784000,lstm_global,supervised,CAMELS-BR,0.9604330517246615,0.9730151205945512,0.6028013786432019,0.32593970874260214,1.1120863110013568,-0.00041349725546648355,0.981346401511434,1.355275656323001,1.7610769133012807,0.1271606832742691,0.13203564286231995,174
46790000,lstm_global,supervised,CAMELS-BR,0.9762359097459401,0.9678561412541498,3.689743282361617,2.049752580358627,0.41548073538139785,-3.088167003090399e-05,0.9699448878212985,10.723384051333557,5.776383341142297,0.09549945592880249,0.09107989072799683,188
46830000,lstm_global,supervised,CAMELS-BR,0.9633713169460429,0.9514006407484731,2.397942369396048,1.306143013827772,1.2811777603788883,2.3133644115450047e-05,0.9529085415068502,6.187475635302307,12.570121765136719,0.0477452427148819,0.048886071890592575,83
46870000,lstm_global,supervised,CAMELS-BR,0.9908772897136584,0.9598288923408491,2.968370164030405,1.732672224653528,0.25816249495711074,-0.000309616392231607,0.9600026195507685,7.234712776597616,8.256045586656253,0.1001511886715889,0.09559424221515656,188
46902000,lstm_global,supervised,CAMELS-BR,0.9977950969635494,0.9793619431795586,4.144486761654212,2.9785764166649353,0.390195459145072,-0.00028559463072419175,0.9793724667148386,12.404336536646188,16.183986396927075,0.06537657976150513,0.0645589828491211,188
46998000,lstm_global,supervised,CAMELS-BR,0.9979161695020348,0.9772046191540622,58.86598335242176,50.69665624740276,1.9157532764137264,-0.0005076728207437653,0.9772114882448156,35.920345283781074,47.30358795223741,0.10448994487524033,0.10146855562925339,188
47236000,lstm_global,supervised,CAMELS-BR,0.985052776394761,0.9791603034571503,0.6170495221234049,0.3568176737774098,1.7817138739458174,-0.023126396569729604,0.9803706884531208,0.9702500751005032,0.49735450744628906,0.4194701910018921,0.419843465089798,57
47249000,lstm_global,supervised,CAMELS-BR,0.9978921268865477,0.8702969221035155,0.23482370589208798,0.1641662437320152,12.932391770112382,,0.8702988091094482,0.8106715601382517,0.6430813080984328,0.8198710083961487,0.7070350646972656,188
47302000,lstm_global,supervised,CAMELS-BR,0.9969661519304703,0.9792000544013144,69.03452107094922,58.565684217087764,1.4854870076406395,-0.0009531047343922655,0.9792273505094211,31.57250112505325,31.98968019080563,0.14305303990840912,0.13540580868721008,188
47441000,lstm_global,supervised,CAMELS-BR,0.22936713108174267,0.016555808123302374,1.6525179295437888,0.2145997455666185,-47.3509271059416,,0.0318582516670457,7.364785271643693,15.601922397538244,1.7660388946533203,0.44595396518707275,179
47480000,lstm_global,supervised,CAMELS-BR,0.9729202739731068,0.9562455316587846,0.13593989698517994,0.05582681284653043,4.055509942006909,-0.002434705763372569,0.9580928497303817,0.5020995959905797,0.22238013605504736,0.24263453483581543,0.22744257748126984,184
47750080,lstm_global,supervised,CAMELS-BR,0.990656454895709,0.9842983526961163,41.150562658630484,25.506909309549535,1.1940917548201146,5.133379484041113e-05,0.9847972412606081,88.15493869082586,34.02982765260674,0.081792451441288,0.08148446679115295,188
47900000,lstm_global,supervised,CAMELS-BR,0.9546898855151172,0.7807877637916079,0.961390541334937,0.39615437270497245,-12.829302349284005,-0.0014459350965243603,0.7808161032782526,2.8557831598340915,4.062690210205927,0.2430572509765625,0.25799262523651123,139
48017000,lstm_global,supervised,CAMELS-BR,0.9306211947142146,0.9538282907286219,137.1546666377763,91.76534709524601,3.2682863598231826,-0.0011194120424191864,0.9645865093366747,177.5804559051016,189.15339740122303,0.0879436805844307,0.07344047725200653,188
48020000,lstm_global,supervised,CAMELS-BR,0.9927824089187849,0.9729699987128869,57.47455523022773,47.73936007885223,2.4875517408338097,-0.00048756092014320095,0.9730394051425004,105.32702645290732,93.77504695933999,0.11027403175830841,0.11034097522497177,188
48070000,lstm_global,supervised,CAMELS-BR,,,0.11031043529510498,0.11031043529510498,,,,0.11031043529510498,0.11031043529510498,,0.0,187
48280000,lstm_global,supervised,CAMELS-BR,-0.006442659490044633,-0.0020763751914667505,2.2407300787653157,0.4491259920945827,30.435798353558106,,0.36001401627133334,2.2407300787653157,20.6269795778045,1.6973549127578735,0.8580359816551208,188
48290000,lstm_global,supervised,CAMELS-BR,0.9910215100799047,0.968990790575226,67.63068157550744,49.12326634183843,2.3684279666272428,-4.602648705879196e-05,0.9691453107479454,37.03016388237928,18.94918707564016,0.11500692367553711,0.11351071298122406,188
48395500,lstm_global,supervised,CAMELS-BR,0.8224414811384192,0.636106552480858,334.6285530138451,120.33098099079538,-7.446599581120877,-0.00021729004990215638,0.6362863074670073,1352.60542049852,1571.6755715673457,0.12745968997478485,0.10885763168334961,188
48400000,lstm_global,supervised,CAMELS-BR,-1.3039659913149038,-3.4433013503130248,1.0503213023285927,0.6667497907415291,436.6023236342736,,-3.4428418030129624,3.208507964144829,6.550895102097423,1.079010009765625,0.4095875024795532,173
48420000,lstm_global,supervised,CAMELS-BR,0.0011844597028933812,-0.5825039386603776,3.070208220224069,0.2705606309860509,-89.68332682745455,,-0.324544919203581,13.311105144506241,29.7330181983342,1.9354898929595947,1.082175612449646,188
48430000,lstm_global,supervised,CAMELS-BR,0.39134897814341607,-2.0051273099112406,0.8355274465559316,0.5037914452717659,299.1795340777756,,-1.99928106767026,0.8355274465559316,4.342406577701589,2.0,0.5358063578605652,188
48460000,lstm_global,supervised,CAMELS-BR,0.9814512301831447,0.8733659193950709,4.9912753167760515,1.2446160194943252,-7.150632960214169,,0.8734096401330493,20.384997124127697,32.79668557845647,0.32734763622283936,0.2830204963684082,103
48590000,lstm_global,supervised,CAMELS-BR,0.9905766626920283,0.9693395665118387,77.81493530504379,48.97053820021609,1.337605806108422,-0.00020732001735411162,0.969589064889295,123.3118411118566,49.70814416984747,0.1271502822637558,0.12598370015621185,188
48820000,lstm_global,supervised,CAMELS-BR,-2.101684307195585,-16.090780960892022,1.190198906311293,0.9353427049961496,1705.6063790421379,,-16.074458655719482,1.190198906311293,1.190198906311293,2.0,0.046983715146780014,188
48830000,lstm_global,supervised,CAMELS-BR,0.40856316305635454,-0.7585075969975894,1.7049867163214567,0.9273152169407695,173.1458808686711,,-0.7371190051401506,6.519378659569816,12.553689282786573,1.7446527481079102,0.5334612727165222,188
48840000,lstm_global,supervised,CAMELS-BR,0.17017691919849887,-1.0483932628487422,1.8063048504249517,0.8003475496104542,188.3817111690301,,-1.0366758756336183,7.217130174141266,16.028875126524078,0.9002885222434998,0.221412792801857,188
48841000,lstm_global,supervised,CAMELS-BR,0.41900680382797106,0.5724412584084415,0.9639678829796712,0.2803188988798729,16.876532336174822,,0.7356154640974408,3.8683545731129554,6.397958450375788,1.2810814380645752,0.8316884636878967,186
48850000,lstm_global,supervised,CAMELS-BR,-4.568812305904495,-0.1970992173134365,1.01494705031461,0.9215426447490851,108.3318146825606,-0.005332283991808159,-0.14863151658938722,0.9880644091250296,1.6030361716341972,0.23447129130363464,0.12441010028123856,180
48860000,lstm_global,supervised,CAMELS-BR,-2.4947368055341768,-4.752499714238974,2.7386870065784312,1.684391622929747,565.5126583238705,,-4.741614085239295,10.343228482259862,14.853796455213137,1.9367399215698242,0.5189869999885559,188
48880000,lstm_global,supervised,CAMELS-BR,0.5280275388807028,0.6706283065633394,4.921801910373601,1.755240541501367,19.850661518235512,,0.7860578094666058,12.658097797136037,10.595442114492952,1.7791950702667236,1.4234949350357056,188
49030000,lstm_global,supervised,CAMELS-BR,0.9791415349931377,0.965662013795041,164.45772401622682,110.44249319522939,3.0296316631522036,0.0002667117312298963,0.9666261994026581,239.76473383260895,407.7453257370579,0.1141696646809578,0.11775416135787964,188
49042580,lstm_global,supervised,CAMELS-BR,0.7260836397499573,0.7849109642228905,204.7563951834493,147.5144474760015,-7.275814642297129,-0.0016240199764975495,0.8260513611333306,361.2283492589577,525.645963078269,0.162687286734581,0.12682968378067017,188
49100000,lstm_global,supervised,CAMELS-BR,0.023986123078004296,-0.3326778660082905,33.27424767091707,3.0703468186890377,-74.40569782588057,,-0.25533709364541224,33.27424767091707,321.6512885570685,1.9739142656326294,0.2536286413669586,187
49130000,lstm_global,supervised,CAMELS-BR,0.03853568036363153,-0.20615740721025055,0.7110976216219478,0.16614450456544677,66.01933323374807,,0.03908421559825326,3.004091130102901,6.6787477334750305,1.5886881351470947,0.3867584466934204,187
49160000,lstm_global,supervised,CAMELS-BR,0.10975152311801506,-1.5244319776141326,0.9200122703286819,0.41696789799297745,247.7239854123181,,-1.483259652464652,3.659500007796814,8.028353293481722,1.114044427871704,0.3418445289134979,188
49330000,lstm_global,supervised,CAMELS-BR,0.9492834748826691,0.9092106789922672,183.34181318649576,128.6598900328291,8.326265883705275,0.0014981205405744978,0.9107817612474659,223.42706705790465,55.45759566862818,0.1747974306344986,0.16578498482704163,188
49340080,lstm_global,supervised,CAMELS-BR,0.8767491348754377,0.874137537060565,133.02559487691846,85.52591299503408,-4.451963643100073,-0.00394520084577231,0.8859154387891609,179.4883762709132,150.56730310596288,0.09612409770488739,0.08272680640220642,188
49370000,lstm_global,supervised,CAMELS-BR,0.9517286846989591,0.9241186655692998,161.55293938777342,112.7525491917387,7.1002914638321455,0.0026373809627068226,0.9257955976309007,130.62773447179364,15.445795131739356,0.1574980914592743,0.1489466279745102,188
49380000,lstm_global,supervised,CAMELS-BR,0.7221224371080673,0.8401562544735969,1.6174870161755874,0.4028878296537206,6.01890468395356,,0.9286162818637811,6.656704882948093,8.800039503730018,0.6415977478027344,0.675683319568634,188
49480000,lstm_global,supervised,CAMELS-BR,0.9493113521482265,0.8788076780788766,1.6300849796128856,0.6070129206050332,8.342878385693878,,0.8807053514565792,6.081398512025425,9.333232280126165,1.02762770652771,0.8097875118255615,129
49490000,lstm_global,supervised,CAMELS-BR,0.853398851123235,0.676021079368831,15.425545344506899,3.4190338768291846,3.193815187155513,-0.11783539869884627,0.6771849172618355,66.4787904531005,136.53635532522495,1.090437889099121,0.8188495635986328,188
49510000,lstm_global,supervised,CAMELS-BR,0.5255779293641647,0.310363751136172,30.267834322683917,4.142735424603876,-38.09425292972639,,0.32208784386858,128.32499945751692,271.99144550134775,1.5012738704681396,0.8866974115371704,162
49525000,lstm_global,supervised,CAMELS-BR,0.30075420295388866,0.08662228716408249,110.94896325349914,12.60046777216361,-44.9749307031171,-0.0381614108326433,0.09756573787142597,480.8063366761957,1068.3935723946859,1.2268606424331665,0.679980456829071,188
49600000,lstm_global,supervised,CAMELS-BR,0.5255013966060815,0.2876648793423585,20.792982829220655,3.6439370447255413,-39.10466464529299,-0.13455159885103382,0.2971546022118676,89.93479041991577,190.74863873108532,0.8405632972717285,0.5186055898666382,188
49660000,lstm_global,supervised,CAMELS-BR,0.9577091048309238,0.9473402253873939,146.25500731449011,97.90476567694482,4.958353530348448,0.0008399790242566343,0.9495391937212041,97.74532388620935,41.451395783086774,0.1472289264202118,0.14310018718242645,188
49705000,lstm_global,supervised,CAMELS-BR,0.9657637212687944,0.9641105060574872,131.90658472684729,83.69291329891124,3.1487074876616172,-0.000504378553063952,0.9671751656298146,295.34357268501975,38.740495748674306,0.1575608104467392,0.14351989328861237,188
50040000,lstm_global,supervised,CAMELS-BR,0.8267577752512127,0.9135288440725959,2.0470286823432953,0.7120607131024977,-0.15427089559313722,-0.01586899717667513,0.9788704602004861,7.549186916270052,3.098918353443223,0.8539419770240784,0.9616467952728271,150
50042000,lstm_global,supervised,CAMELS-BR,0.7414416301050871,0.8371844286526049,0.9759417650225393,0.3873785501819546,7.8007785006318935,-0.0038200630464188326,0.8758797565212559,3.339779962338192,2.5502281661160113,0.2630658745765686,0.2719830572605133,177
50043000,lstm_global,supervised,CAMELS-BR,0.442199637999247,0.31262430770012783,2.72813380742708,0.5991662246363356,-15.921764147975589,-0.005646848031310894,0.32948050768078696,11.74206706070926,24.951617486433204,1.1810777187347412,0.5522161722183228,188
50046000,lstm_global,supervised,CAMELS-BR,0.41675235578104886,0.47691504157874043,0.7829062590383883,0.2940022595400034,-2.070502474225646,-0.0004591028407250463,0.6097526476563037,3.0508529403416285,5.922071695327759,0.3383614122867584,0.21699258685112,86
50046100,lstm_global,supervised,CAMELS-BR,0.3433499984988605,0.24461269084516823,2.937836285040837,0.7350167377204027,-22.92554121658545,-0.0015740261940741032,0.3183989440149214,12.352273866913242,25.207865182654984,1.1246243715286255,0.3676964044570923,184
50047000,lstm_global,supervised,CAMELS-BR,0.8826842306999301,0.9198559155295186,1.5060505295197266,0.5903763488420973,2.055079577249472,-0.010717895008245354,0.9467456450104371,4.659820006225478,7.056266919922478,0.7592626810073853,0.6801198124885559,184
50080000,lstm_global,supervised,CAMELS-BR,0.6474040056417689,0.5919767503761086,9.072814081910082,2.5456595411592158,-6.279676339796742,-0.007137612365167963,0.6278435957642121,38.23580033932743,64.75801234605483,0.7787819504737854,0.5986724495887756,137
50146000,lstm_global,supervised,CAMELS-BR,0.8160597832134395,0.7321291626604745,2.881339285688211,0.5089303828765922,-8.794401446270344,,0.74276571732247,12.281131621635572,26.73837049133216,0.8158832788467407,0.6364154815673828,187
50150000,lstm_global,supervised,CAMELS-BR,0.656719444114743,0.7463732293358423,3.692184543808597,0.6979880033249266,-2.249545435428388,-0.002973726911239767,0.8304774383778363,16.377218136951843,29.128158630798374,0.858063280582428,0.7412596940994263,178
50169000,lstm_global,supervised,CAMELS-BR,0.5161570493454855,0.7140908017903483,9.350298533881084,2.8162476658298257,6.537544275658901,-0.009909556128175973,0.7506535284319704,38.75685101977386,71.39711007674863,1.1658333539962769,1.0222891569137573,171
50169500,lstm_global,supervised,CAMELS-BR,0.2629406093996379,0.11533082925960425,14.664860184873433,2.3925511826190258,-33.360329083951285,-0.006006248877784105,0.192212229986225,62.83735314586672,139.75685700319195,1.4765044450759888,0.6054652333259583,186
50191000,lstm_global,supervised,CAMELS-BR,0.7790465002551735,0.7342367691970695,6.436327168002744,3.1094211019734117,16.306623932474523,-0.0059949320076888996,0.7576938904501206,23.597443698690576,31.294240840878132,0.948625922203064,0.6209721565246582,188
50230000,lstm_global,supervised,CAMELS-BR,0.7357093512872974,0.7063831911911894,2.5491639308929854,1.1591300346115803,9.526496009888264,-0.0010993604042162375,0.7368306828689619,10.117649520806003,19.13514336309632,0.6698417663574219,0.4467112720012665,188
50250000,lstm_global,supervised,CAMELS-BR,0.6522706581690472,0.6323415222994604,1.7646894009322605,0.7473767634493287,30.96562790388189,-0.0192332197291048,0.6577349494999025,6.756262562855663,5.4510986873741505,1.2630820274353027,1.106730580329895,154
50290000,lstm_global,supervised,CAMELS-BR,0.8980612664304082,0.9103162351790272,5.911291387825555,2.6443466460904594,1.9277441691072912,-0.0056059958141316014,0.9240562648324588,24.339374266092573,29.81804802113755,0.8237128853797913,0.7375933527946472,179
50330000,lstm_global,supervised,CAMELS-BR,0.7108644712070924,0.7130218684678853,1.1535969958327343,0.41585880428876565,7.892620014221132,-0.0004751272834218785,0.7491266151620827,4.696226676252363,10.142006933238692,0.49243247509002686,0.3652029037475586,184
50340000,lstm_global,supervised,CAMELS-BR,0.6912776828832696,0.7241460676921178,0.8364897338758353,0.36842937969967077,4.114925813676463,-0.005152475654815181,0.7787408533036817,3.1329332063408795,4.794069231227643,0.8203766942024231,0.5924208760261536,184
50360000,lstm_global,supervised,CAMELS-BR,0.10212354898216547,0.07891589876471061,3.156149213089347,0.5593791608005128,-12.619623141764741,-0.0020309061474890894,0.3466191695750366,12.999913327648327,29.84646243784582,0.7463592290878296,0.4321587383747101,188
50380000,lstm_global,supervised,CAMELS-BR,0.5412911317937812,0.6809998224169342,8.838912357964693,2.450789365362614,-8.785900410188608,-0.006440584301396823,0.8100290950044393,37.4105827073135,69.42712357307641,1.0485103130340576,0.8986072540283203,188
50420000,lstm_global,supervised,CAMELS-BR,0.8005057007068022,0.6210814253027548,0.677954754158583,0.3203862858412976,36.79022034934609,-0.004966376896496979,0.6316539152329632,1.842839696208023,3.387986309225469,0.9383367896080017,0.7519518136978149,178
50430000,lstm_global,supervised,CAMELS-BR,0.5998278636635759,0.46990163842048405,2.8577495378522277,0.3629795461459908,-8.67129551726078,-0.0065419694229169705,0.4699674971419958,12.481213725641883,26.35304456389523,0.9441425204277039,0.6183685064315796,172
50465000,lstm_global,supervised,CAMELS-BR,0.8559693994497417,0.7861810469920767,6.761826621221132,3.2241036484801704,15.026322228653067,8.537749584110535e-05,0.7959173734456959,24.517525430218715,38.263067845404706,0.9621447920799255,0.7542538642883301,183
50494000,lstm_global,supervised,CAMELS-BR,0.8626577910142184,0.866778468380849,11.668138181802696,3.900729499470729,11.302690220882564,-0.027682488621238302,0.885314182452417,27.997974144436835,56.07271686215009,0.7661986351013184,0.6271105408668518,169
50520000,lstm_global,supervised,CAMELS-BR,0.1309336748665031,0.2623128713200801,45.17157362442764,10.59849088652934,-8.675483389383245,-0.019062721388479857,0.5621531819457057,188.95525080606927,369.5807295559719,0.9076948761940002,0.6755096912384033,164
50540000,lstm_global,supervised,CAMELS-BR,0.9754947908002639,0.9075666528394242,4.3756314736098005,2.103363459414624,8.641693533528947,-0.0043592705259390754,0.9081976171681058,15.418745849195172,19.744974751182532,0.8931741714477539,0.8263654112815857,188
50590000,lstm_global,supervised,CAMELS-BR,0.9803401286575046,0.9445856212156513,10.931387232985493,4.738232178994787,-0.7183161112515082,-0.0028813119676924653,0.9452010884694402,37.8940047407325,44.000448193235044,0.5811695456504822,0.5300500392913818,171
50591000,lstm_global,supervised,CAMELS-BR,0.7949362556771538,0.8938431832519265,31.61566969408631,7.594377073835819,0.03172980879176786,-0.0007958545182807676,0.9439389438605724,135.50774819718296,158.11123373352254,0.6916542649269104,0.7814924120903015,188
50595000,lstm_global,supervised,CAMELS-BR,0.4270018797139058,0.708297815251836,19.07814512058558,6.253506618188628,-0.20637138943882571,-0.0011491307729833422,0.9707294435799804,76.46650787075039,128.68204808433939,0.6183015704154968,0.5458266139030457,141
50620000,lstm_global,supervised,CAMELS-BR,0.6878624480776204,0.7518049324883107,0.1933301994138086,0.13940618012813813,15.55902846081056,-0.0008995974861108541,0.7559282403606649,0.5904764683505404,0.9757968810663278,0.1442377120256424,0.1553020179271698,188
50660000,lstm_global,supervised,CAMELS-BR,0.7910479268523409,0.7014700219720057,6.281482886970128,1.5368519926324804,-2.2580052623969435,-0.001303169229893049,0.7070553942889473,26.469009926634808,58.29238178836856,0.7318476438522339,0.616543710231781,188
50690000,lstm_global,supervised,CAMELS-BR,0.9380529801875863,0.9409111028686483,0.6848354602049129,0.32881872416936864,4.727814873847559,-0.0002541692611930709,0.947548130307437,2.171988948171807,0.740494825593224,0.31777581572532654,0.32008856534957886,171
50700000,lstm_global,supervised,CAMELS-BR,0.9342117741088339,0.8555665012151102,0.23101415612878298,0.17812344233723396,14.112089518772173,-0.006167690845557697,0.8570107079594005,0.47099497001248924,0.24166182486421528,0.2832048237323761,0.27554553747177124,188
50705000,lstm_global,supervised,CAMELS-BR,0.4975179127089948,0.6665512954930115,2.1467792742067315,0.6595436622273554,4.621822176077101,,0.8258301720739802,8.474304594023359,11.542992386830798,1.3072552680969238,1.085026741027832,178
50715000,lstm_global,supervised,CAMELS-BR,0.5477118335997375,0.6968555889985433,0.3377984358034153,0.1709191390337088,21.474678352389507,-0.004266922641705025,0.7847981224206683,1.0716380501276621,1.7426922031851426,0.6407551765441895,0.47749727964401245,156
50720000,lstm_global,supervised,CAMELS-BR,0.09431000678703716,-0.16512062732566535,0.8966774819954824,0.26817284589831497,76.04174470682999,-0.00840941136448304,-0.16504565082081557,3.5936278178579295,8.335364512162622,0.8452313542366028,0.7364686727523804,188
50730000,lstm_global,supervised,CAMELS-BR,0.09657898368817364,-1.3196305936765667,0.04513247500440738,0.03986419801862831,231.61799929231748,-0.032191571918552445,-1.3173416278944012,0.06412342438755461,0.03678393191435543,0.8019096255302429,0.2466120570898056,188
50740000,lstm_global,supervised,CAMELS-BR,0.7702606143199489,0.5768565270143419,0.6016402227767058,0.22264922734231074,36.472404177831436,,0.581187950183306,2.525488308464893,3.9459754306125596,1.0768601894378662,0.8745737075805664,188
50750000,lstm_global,supervised,CAMELS-BR,0.9293906516185487,0.8706125281741197,9.244096545550835,3.8528556852455598,-6.1777918200535025,0.0019714819312441727,0.87458291529116,27.91965855868396,13.797632696811503,0.8476191759109497,0.8230546712875366,166
50755000,lstm_global,supervised,CAMELS-BR,0.9082941528626194,0.8173027883083079,6.0083172804990035,2.362025415833621,-2.745739391883482,-0.0016797859023851905,0.8208312581471244,23.356815690189265,29.978275798888678,0.9546331167221069,0.8486537933349609,187
50775000,lstm_global,supervised,CAMELS-BR,0.9291357754848237,0.9509570856954017,1.8326987604294158,0.8258514183010169,3.233822377740398,-0.0007772500429749918,0.9654976361423201,6.481404196211028,5.013534041132422,0.48311808705329895,0.47357046604156494,167
50785000,lstm_global,supervised,CAMELS-BR,0.9226757802822768,0.9198525007721373,5.15526790579322,2.5118741190179867,4.394745104502887,-0.003412008684525566,0.9294375656972576,13.973642052971291,15.69309372772775,0.6669878363609314,0.580242931842804,188
50795000,lstm_global,supervised,CAMELS-BR,0.8906871652253081,0.915098688573708,7.571273445368056,3.290370607629735,2.5533555956890615,-0.002230757236063464,0.9355900607725318,16.8166975660919,29.38108471413528,0.6093995571136475,0.5645565986633301,188
50820000,lstm_global,supervised,CAMELS-BR,0.9693030471027496,0.7443681142295677,0.30694760417449785,0.21684250859741835,24.878326830242205,-0.015509253180039094,0.7445550662243663,0.9827722402432039,1.0050698190450469,0.6862305998802185,0.5398188829421997,188
50840000,lstm_global,supervised,CAMELS-BR,0.8657724818462351,0.7645577173051848,3.3797893363531792,1.2215072508663574,9.728537635794044,-0.004635177112926339,0.766929129322138,13.334372638049457,28.18166052350111,1.0409128665924072,1.0754657983779907,188
50850000,lstm_global,supervised,CAMELS-BR,0.9137776879043673,0.9255673688950175,3.9532260891111006,1.4986114965544806,2.492641535835657,-0.004490606961127186,0.9343804804155541,12.701433789675031,17.59582037068831,0.7253928184509277,0.7141501903533936,144
50870000,lstm_global,supervised,CAMELS-BR,0.6687926221626995,0.6800498955882854,2.746218890152958,0.9845147525871193,-5.455750821814563,-0.004065684155626501,0.7297219425548862,10.836123006390672,22.08961784960705,0.7119655609130859,0.5906347632408142,182
50890000,lstm_global,supervised,CAMELS-BR,0.9641957182838583,0.9462081115334355,2.808701069505325,1.70819476310243,0.45234151046450055,-0.000849927720350311,0.9490725229691551,5.731772408032565,9.812619190660314,0.6320680379867554,0.5806072950363159,188
51060000,lstm_global,supervised,CAMELS-BR,-0.14004640264784074,0.4919164942087112,4.827019785164485,1.7602857184666458,3.7891454808188163,0.001738852696220778,0.8091066508894865,16.303521758696903,21.034142742430113,0.6106545329093933,0.45856425166130066,186
51060100,lstm_global,supervised,CAMELS-BR,0.5995717752419034,0.7080897778258854,1.1249289354553258,0.4988536696527257,11.762807429695227,-0.0032896741855520384,0.8028963584298286,4.567526366334083,7.910626989876875,0.5818466544151306,0.3970836102962494,179
51120000,lstm_global,supervised,CAMELS-BR,0.6565345589273732,0.4884919983564956,31.383959167127152,9.332027067728168,-16.83889204200973,-0.019110106017803302,0.49916540350958116,132.20164196696788,261.9488981304059,1.151749610900879,0.8952641487121582,188
51135000,lstm_global,supervised,CAMELS-BR,0.7936985272640183,0.7558658873936206,1.8587768413718317,0.3121306232667418,22.080348054166013,,0.7685219247329169,8.00539442509463,14.133031186353788,0.9533958435058594,0.9007200598716736,186
51140000,lstm_global,supervised,CAMELS-BR,0.8265622329586846,0.8287969487837132,5.929592485908141,3.027380684685188,0.6380042115452154,-0.007032670758158242,0.8536354064575621,22.428903889105456,22.630543646177593,0.6886236071586609,0.5665014386177063,167
51158100,lstm_global,supervised,CAMELS-BR,0.7788585575268293,0.6505022509767976,0.7622771675301246,0.1525208149501618,-6.3600888169925325,-0.0014392312385651043,0.6542063528015516,3.2771374120053776,6.921898867042705,0.3863966763019562,0.28583824634552,188
51166000,lstm_global,supervised,CAMELS-BR,0.7898545425739905,0.8469862835291184,0.5568426385180779,0.10670309188835164,0.15863324009036595,-0.0026068385245073405,0.8890258429199556,2.1935989011220554,0.7448304698809581,0.47554606199264526,0.41265028715133667,188
51170000,lstm_global,supervised,CAMELS-BR,0.8079449258419673,0.8084392665488598,1.233826095764027,0.33111228425818756,-1.3961275349981783,-0.0014845352315128735,0.8356041946908375,5.2026579912616455,9.318487912018465,0.4036683738231659,0.39195847511291504,166
51190000,lstm_global,supervised,CAMELS-BR,0.96891949930936,0.9680737874504882,8.436984720311553,3.5133158020932784,2.793543319187743,-0.0010712990916346941,0.969587783169743,31.190251338289528,50.806721107617285,0.6817067861557007,0.6910492181777954,188
51230000,lstm_global,supervised,CAMELS-BR,0.8646671948436204,0.9258709834464446,15.199763012371132,5.575754874828141,2.2624210889833605,-0.010223688213734011,0.9638568359134027,59.44034575007233,101.22323939493862,0.9696812033653259,0.9749125838279724,179
51240000,lstm_global,supervised,CAMELS-BR,0.9499532660671433,0.9629752869178252,16.94175648135428,8.355617425543196,0.4387183398018017,-0.003238663017596871,0.9720644264224328,58.793136590999815,86.38558094642421,0.5814654231071472,0.5647294521331787,188
51280000,lstm_global,supervised,CAMELS-BR,0.8795554303800515,0.8915894204842577,34.28441274234922,10.415393544004319,3.712256884290375,-0.00939891038201418,0.9034562102166319,141.14116692799558,265.40077752511485,0.644457995891571,0.6306823492050171,188
51310000,lstm_global,supervised,CAMELS-BR,0.8773400161260136,0.9331365989274858,0.41915472057889724,0.1578243070410842,2.785050842335936,-0.001731410891285496,0.9637731474611614,0.9193538573875517,1.995798564228632,0.4562619924545288,0.42126157879829407,188
51330000,lstm_global,supervised,CAMELS-BR,0.9234002389261743,0.8980511448067355,24.36502868132128,13.423893683297294,1.4427610999090874,-0.0037527030717824685,0.905060916836663,60.53138306085221,68.8005536883015,0.6502312421798706,0.6076798439025879,105
51345000,lstm_global,supervised,CAMELS-BR,0.31637615481047643,0.3506119158778793,12.127419721874745,3.5945089392800584,19.967915237271903,,0.5182350780531148,53.525206224741176,93.4601775833437,1.6047791242599487,0.6608779430389404,160
51350000,lstm_global,supervised,CAMELS-BR,0.9604110620650255,0.9270071060771172,23.376471944518983,10.85850602197137,1.9017464473124812,-0.012971138974820426,0.9289971340667311,76.5078800614814,40.61768051271709,0.6010367274284363,0.6428450345993042,187
51410000,lstm_global,supervised,CAMELS-BR,0.8625450891117329,0.8133684341395002,0.7135305222047682,0.19531996784314432,-0.7337048614110496,-0.0002488149609106065,0.8233136621056238,2.857007815644807,5.832827303327823,0.02937137521803379,0.022764230147004128,183
51430000,lstm_global,supervised,CAMELS-BR,-0.10077625534632362,-1.5197175854729585,2.0847960723138788,0.7795425221569315,219.65480093970027,,-1.3435875415947094,8.281574187822834,18.80695351954307,1.9441593885421753,0.23010875284671783,186
51440000,lstm_global,supervised,CAMELS-BR,0.3250288927617574,0.031773044297463304,3.819465160139519,1.5546329544139141,73.19852550942225,-0.012778824851653934,0.11204777839278368,16.01877286832167,31.660339290458996,1.5723203420639038,0.5860947370529175,179
51460000,lstm_global,supervised,CAMELS-BR,0.38157694894709904,0.39410087482476663,13.592606270371705,4.226179877338218,29.50714681074092,-0.07786728974029537,0.523715560565003,56.167315789443826,115.9432430059692,1.5774931907653809,0.7071948647499084,181
51490000,lstm_global,supervised,CAMELS-BR,0.8835750701856502,0.8638528241998292,68.78873148512692,23.675692369860986,-2.5580335925469098,-0.0037564824236438997,0.8761336646046084,255.0101851681091,404.10811711441426,0.636536717414856,0.6161680221557617,186
51490080,lstm_global,supervised,CAMELS-BR,0.8633225674141831,0.843679669310796,7.678176011815319,4.384440307921552,11.014938726103923,0.001225674058187581,0.8562535010147225,15.940301114439547,38.66197114332259,0.24871450662612915,0.1736200600862503,188
51560000,lstm_global,supervised,CAMELS-BR,0.5020026572967915,0.6319819319608619,9.420225552054433,3.540952115299854,-6.989320560218392,-0.0017187468122864362,0.7687783227932443,32.988216740984875,40.17811126335777,1.0265737771987915,0.7912327647209167,188
51640000,lstm_global,supervised,CAMELS-BR,0.8979062223167104,0.9445115452924726,0.6345396728246991,0.26682380040486653,0.5104301414678196,-0.0008144689684198604,0.971624124103243,2.476999568637041,4.505176640199108,0.35221490263938904,0.3293510973453522,180
51650000,lstm_global,supervised,CAMELS-BR,0.24709127090830107,0.14895117652049739,21.697472298682147,4.17617349602558,-23.94531363693705,0.00036818020123227657,0.2577006928972617,89.34394315540182,154.40684551756019,0.9989590644836426,0.5187300443649292,108
51660000,lstm_global,supervised,CAMELS-BR,0.578031709349292,0.763003436027896,2.7031936418616405,0.6937679056326548,5.685462933409408,-0.0017303070707722322,0.9146318322814135,11.5035218454176,21.85134734656482,0.6532811522483826,0.6192054748535156,150
51685000,lstm_global,supervised,CAMELS-BR,0.39410678948750477,0.28735011820208267,24.466738775540247,4.612258501231351,-23.71909211478215,-0.005293589895795817,0.34336755351927384,105.03714312330915,229.79140014184642,0.865626335144043,0.5666857361793518,187
51750000,lstm_global,supervised,CAMELS-BR,0.9269891014232888,0.9553959295225921,0.4264859627266584,0.25860445486738326,2.6711329115682645,-0.004378390000951825,0.9727685741798245,0.7553535717213805,0.7920959202588903,0.33638107776641846,0.346096932888031,188
51795000,lstm_global,supervised,CAMELS-BR,0.8352235286534044,0.7527620291446947,7.9108308530134845,2.9809049982013125,-3.081690497462802,-0.0005707956270221849,0.7628314575754229,31.6636963483951,53.66139423557245,0.454032301902771,0.38491547107696533,165
51820000,lstm_global,supervised,CAMELS-BR,0.9229444551796979,0.9130233801778977,2.3312023910957107,1.1028153364376356,-0.8271372379812603,-0.00024079917191385455,0.9218757524752426,7.868066981901945,10.557036072638985,0.46738433837890625,0.44100019335746765,186
51840000,lstm_global,supervised,CAMELS-BR,0.9733878838167346,0.8543027141910764,0.06398006201035814,0.05126884002508651,14.547583909357643,,0.8545149435800988,0.09571116394647283,0.17255908497897188,0.5130582451820374,0.42900970578193665,188
51870000,lstm_global,supervised,CAMELS-BR,0.9505455579499823,0.9484733442381968,1.2259324219986047,0.7893491152753221,2.020999547837374,0.0004258718884635193,0.9545767467326465,2.4752280724974316,1.1509342133285794,0.3903212547302246,0.3636561930179596,188
51890000,lstm_global,supervised,CAMELS-BR,0.7548377497871236,0.7549194300108049,13.222014474482291,7.670031690312003,-3.0765533328116828,-0.0006067559859637348,0.7883182263872569,40.170862772358426,73.16328399399444,0.5829572677612305,0.5213282704353333,167
51940000,lstm_global,supervised,CAMELS-BR,0.8258231334659804,0.8443686115255135,0.9774211894593464,0.709691412422968,7.699119752078057,-0.0058890090687620765,0.8691654970400072,1.54909159326821,2.9937130629880553,0.4084469974040985,0.3099689781665802,184
52020000,lstm_global,supervised,CAMELS-BR,0.8407129648529684,0.7380527131570886,5.440431381400078,1.5901428313589976,-14.217730574747948,0.00012785128085656544,0.7476349026172473,19.12737057280538,32.2655467925906,0.32709625363349915,0.22982683777809143,183
52050000,lstm_global,supervised,CAMELS-BR,0.7340821991241997,0.8154195170923437,5.290722546922858,1.4800122340625905,3.403335082578329,,0.8770889158823507,22.474676347696423,46.58299982282264,0.8447748422622681,0.6430060267448425,188
52090000,lstm_global,supervised,CAMELS-BR,0.8273199440692204,0.8693765814112209,8.654136025180614,3.09706387895791,-4.937573968490391,,0.9046617384158886,30.01115454347661,61.49836581240941,0.45823290944099426,0.4906030595302582,174
52200000,lstm_global,supervised,CAMELS-BR,,,0.06619583225616539,0.060115181881448494,,,,0.06619583225616539,0.06619583225616539,,0.009129233658313751,161
52264000,lstm_global,supervised,CAMELS-BR,0.9037260780643869,0.9362515123915067,10.783332121849428,3.018352500753465,1.5230402927873612,,0.9513411425133752,39.97515685420754,46.30925328336416,0.5046292543411255,0.5698332786560059,153
52265000,lstm_global,supervised,CAMELS-BR,0.7654108750718444,0.6565407175556436,12.447216282562735,3.5471915845845303,-10.038962228505044,,0.6699196818886995,53.64884764028389,92.03352282734132,0.893405556678772,0.6331885457038879,119
52270000,lstm_global,supervised,CAMELS-BR,0.901611506570083,0.8325238317512289,32.46072806382634,9.19384620996813,-8.56909535523145,-0.025966846188681628,0.8387313820455911,137.18548359531545,235.7367124314595,0.5599128007888794,0.5098839998245239,180
52370000,lstm_global,supervised,CAMELS-BR,0.8021477516293678,0.7480338536194115,5.49854441328053,1.546669461838703,22.862370054859642,-0.008793629350711391,0.7625612965220564,23.35152297505327,50.53307005151011,0.7862311005592346,0.5693988800048828,188
52391000,lstm_global,supervised,CAMELS-BR,0.35768221282650514,-0.02745276642518668,60.44204634538873,9.206415820704311,-67.7103107573304,-0.028059405229941176,-0.02342734740440866,260.78374767282946,470.90913339191167,1.5266263484954834,1.318386435508728,149
52404000,lstm_global,supervised,CAMELS-BR,0.9194135571780683,0.9554441362776568,31.2173386020482,7.957764270705612,0.6882776565675094,,0.9639818612667388,129.80655311198768,235.38131713867188,0.6009840965270996,0.5737137198448181,95
52404100,lstm_global,supervised,CAMELS-BR,0.5330141773462272,0.36443192967045546,9.634395035272654,2.2211796302952744,-17.56282175717673,-0.0045950699886670755,0.37188814926927616,41.334006603139926,84.17825048398838,0.9510546326637268,0.5429234504699707,188
52405000,lstm_global,supervised,CAMELS-BR,0.7771464652866322,0.6985166116855428,32.066629840589705,8.552446068867164,-11.550883631663417,-0.018715018920632806,0.7169756243003771,135.46984951584417,241.3467594600617,1.010954737663269,0.813714861869812,170
52406000,lstm_global,supervised,CAMELS-BR,0.7327812292161551,0.7646825813679307,0.9353362168311131,0.20733605250081216,-3.5245174120876603,,0.8091864125305357,4.059513248587217,7.309978855181476,1.6409504413604736,1.1774544715881348,176
52570000,lstm_global,supervised,CAMELS-BR,-0.2438691347156099,0.27558698151564787,61.171072653375376,10.141687974685595,43.00462446809706,-0.017822129314032306,0.36110086696300203,123.48624155644465,72.98082924546978,1.0588288307189941,1.0679349899291992,180
52680000,lstm_global,supervised,CAMELS-BR,0.47318861978711846,0.6795625294199238,108.08611756327186,18.727190083199805,-5.476412995878618,-0.0021228123948558164,0.8639105858026745,460.23924661630014,568.1023447906755,0.77040034532547,0.5869080424308777,182
52695000,lstm_global,supervised,CAMELS-BR,0.7510943115805995,0.5376553501701529,155.04143965341586,25.743668122725055,-18.32178192325981,-0.001399770962061413,0.5402711059732996,669.5176020899308,1411.7108635758884,0.5299890041351318,0.41489484906196594,187
52740000,lstm_global,supervised,CAMELS-BR,0.8209812654790231,0.8147065433227634,1.4471932807206613,0.4158838681272558,9.06103321602892,-0.003126668798529242,0.8250508227619552,5.97356998218621,13.009803292927572,0.6039462089538574,0.6035658717155457,185
52760000,lstm_global,supervised,CAMELS-BR,0.6311617689725285,0.4689124311692915,34.78346620286795,4.943899645027539,-16.804737082058054,-0.0014134738975914996,0.4810802535728633,145.7689467467482,290.53359367805797,0.9148889780044556,0.5978951454162598,141
52790000,lstm_global,supervised,CAMELS-BR,0.4843468253930264,0.4754767766036532,81.80668838330075,15.643484158164009,-14.096819163838157,-1.4446856516064227e-05,0.5627206015002066,352.54072627172457,748.472123663796,0.9887834787368774,0.729127049446106,188
52830000,lstm_global,supervised,CAMELS-BR,0.9207160780053594,0.9089393443056898,46.09311345790326,15.559066203046353,2.7591823961199458,-0.000593594949227073,0.9136093059292778,191.49947233911803,366.71944115976487,0.5022338032722473,0.5133247971534729,188
52831000,lstm_global,supervised,CAMELS-BR,0.7035109235468318,0.6710619993809404,80.07788777697945,26.058930031631302,-6.311092168894495,-0.010164498011790875,0.7034025770383503,326.0440725749941,582.5074361880866,0.8650189638137817,0.7664877772331238,138
53050000,lstm_global,supervised,CAMELS-BR,0.5706733882948865,0.5631763341434066,6.326895932911257,1.8245492458158399,-9.067312078801077,-0.004117355043335394,0.6265372904029967,25.69392920233879,50.56253692847292,0.9286075830459595,0.781703531742096,161
53070000,lstm_global,supervised,CAMELS-BR,0.6857965913286432,0.5212350848453421,1.8386394915171314,0.44675993280751364,-3.92973210008965,-0.0011126637936901863,0.5276279079198118,7.689178115176869,14.767868193268445,0.9971322417259216,0.7633302211761475,154
53090000,lstm_global,supervised,CAMELS-BR,0.2872465522248122,0.2767059541746869,97.99107124521899,19.845733078389333,-26.70583439227419,-0.007311933258207323,0.4369474318087949,411.4599671525371,811.1325022186799,1.3805917501449585,1.0644804239273071,145
53090800,lstm_global,supervised,CAMELS-BR,0.772702047466756,0.8709346107093436,5.0601552904537686,1.8182060845751078,4.604425045115179,-0.007276087007217935,0.9438091390647314,20.524141768890427,27.767541237268485,0.8468247652053833,0.775847315788269,188
53091000,lstm_global,supervised,CAMELS-BR,-683.567895741635,-128.48179201356388,0.6152111524170041,0.6150377122400096,12948.16275232363,,-128.4817736421677,0.6131307890086759,0.6075147837400436,0.9145262241363525,0.00962054543197155,50
53125000,lstm_global,supervised,CAMELS-BR,-2.9495036794647698,-0.8051938796925078,9.741827343601727,2.4779590979618975,101.2446909189259,-0.020090020073589485,-0.7805646599987277,40.917727512003935,90.64809297947423,0.889146625995636,0.7689813375473022,184
53130000,lstm_global,supervised,CAMELS-BR,0.33396578510563113,0.3022686013330491,10.803040247428365,2.7003491824485657,43.885500784390125,-0.07598977711862094,0.4356651015048235,45.24748738230886,94.78396628540776,1.7290960550308228,0.9645646810531616,181
53140000,lstm_global,supervised,CAMELS-BR,0.8720767921210608,0.732556991244043,4.015717724962487,1.7985398939151136,25.93000714426772,-0.020193360477732868,0.7361038849031469,15.479814799988496,13.912592521539956,1.2101751565933228,1.0311520099639893,188
53150000,lstm_global,supervised,CAMELS-BR,0.6149658498130262,0.7838772503897022,0.24535380717312624,0.08133948290617102,10.979459293670219,-0.0024549916043104143,0.8707746961389202,0.8612179093178987,1.2205149663952375,0.5725953578948975,0.5825217366218567,180
53160000,lstm_global,supervised,CAMELS-BR,0.8618956799051667,0.5147947044950847,1.5597431319330661,1.1404179352412782,48.28636320675038,,0.5165105284899831,3.440860552783902,2.7621122329851957,1.0280416011810303,0.6322881579399109,169
53170000,lstm_global,supervised,CAMELS-BR,0.4090113558575389,0.5051288481522769,30.22001047100853,7.39081419688528,-2.0427201765272827,-0.03304506056551661,0.6588043996639491,125.1354212029917,242.77609959472323,0.9952224493026733,0.6581116318702698,184
53180000,lstm_global,supervised,CAMELS-BR,0.09724177610517404,0.21045712738612266,68.0981456942851,11.729617954491347,-7.776267650535864,,0.535518463750394,290.6759884045753,600.5614259573795,1.3516604900360107,1.064327359199524,183
53460000,lstm_global,supervised,CAMELS-BR,0.9703501456624827,0.9786297793297114,1.6028129054766274,0.8511777631145843,0.1756267337341547,-0.0027886024923747324,0.9846616287686099,1.5709885351099737,1.3509279634061566,0.27742236852645874,0.2611904442310333,188
53460500,lstm_global,supervised,CAMELS-BR,0.9594397971957296,0.9349336453872237,3.5054386343617594,1.0538655173800446,-2.461792947494871,-0.0030686319496824183,0.9378033570987412,14.133492791746656,26.882197122482598,0.49880871176719666,0.4919643998146057,187
53470000,lstm_global,supervised,CAMELS-BR,0.9679942361663836,0.8883692209508193,2.044220312715184,0.7548251013875336,-5.781270290872765,0.0006268660220745265,0.8889890356502234,7.726891813608717,9.014818532599035,0.5262476801872253,0.5057032108306885,182
53490000,lstm_global,supervised,CAMELS-BR,0.9797695395885515,0.9434647740772866,2.4148273491549124,0.8870633691549301,0.031244543282380497,0.00017644872108713017,0.9438853200466658,8.469828835256203,18.90529522646986,0.13900582492351532,0.13426005840301514,184
53500000,lstm_global,supervised,CAMELS-BR,0.9967551679131227,0.9743041788347772,0.3430053492353525,0.13237434859369315,1.6089313159640233,,0.9743041788347773,1.3717082258943551,2.0920173649735125,0.27979761362075806,0.2697518765926361,102
53540001,lstm_global,supervised,CAMELS-BR,0.9003810718926536,0.7846753720616625,5.914250229334384,2.183354660075092,6.44915790446796,-0.005699504959921943,0.7870837263543611,20.173505079649075,43.482848548717875,0.5569090247154236,0.4048590660095215,169
53620000,lstm_global,supervised,CAMELS-BR,0.8836143479139718,0.7107402849342601,27.144341267836865,5.071464733252387,-7.425639870540638,-0.012289619295453753,0.7112169380879765,116.49610609823493,243.69285052067877,0.8102837204933167,0.6821020245552063,176
53630000,lstm_global,supervised,CAMELS-BR,0.05320412828122634,0.40309878072653804,20.445035432691366,3.7232685867283077,20.432297467662355,-0.005067078279642995,0.4306597203496274,89.82105640033058,154.70453576696374,0.48347944021224976,0.6026524305343628,180
53650000,lstm_global,supervised,CAMELS-BR,0.8210224151568939,0.7259172094899571,32.18341130106257,7.773795667802915,-8.21628323029346,-0.0031139585043445488,0.7364269228938936,134.86241598610067,233.27352513685304,0.7332485914230347,0.646694540977478,172
53730000,lstm_global,supervised,CAMELS-BR,0.9388734749755552,0.8454719360901122,0.8493918142426734,0.3318360064257967,-0.044654253419037455,-0.0006948708487358839,0.8466747886590036,3.059327225006705,6.6854674360819795,0.40119776129722595,0.37406158447265625,188
53732000,lstm_global,supervised,CAMELS-BR,0.6382136189372487,0.6772288645075482,1.0876819603703887,0.24812536417169773,0.5306880913711499,-0.0009265694087318109,0.7427918454080182,4.621869714230916,10.26419922532506,0.3331754207611084,0.2641201615333557,188
53780000,lstm_global,supervised,CAMELS-BR,0.4659963606128361,0.31727795421967664,39.44703182045784,6.070381479060396,-26.56526118040428,-0.0012229270800645908,0.3476338433634767,170.78727353734178,372.5131415751703,1.0577610731124878,0.6671000719070435,188
53790000,lstm_global,supervised,CAMELS-BR,0.7347596482143184,0.6291593973121842,73.51309081151881,16.299071808224138,-19.194062363506703,0.00017986399713096173,0.6428393688695211,313.2289452086343,358.9275030671389,0.8192266225814819,0.7042579650878906,184
53860000,lstm_global,supervised,CAMELS-BR,0.6953683891587649,0.8496273839360668,10.064818719535216,7.425252914428711,-2.053079142551501,,,17.096633911132812,17.096633911132812,0.2725728452205658,0.2700471580028534,6
53880000,lstm_global,supervised,CAMELS-BR,0.6130108755537642,0.4651310761598769,149.7113212993123,32.3203032422573,-21.300731746327795,-0.0006318170864623406,0.48569243828480646,639.8151446846392,973.060295323708,0.7875354886054993,0.5650702118873596,188
53950000,lstm_global,supervised,CAMELS-BR,0.6793640890005349,0.5443952670468378,130.37886657029784,24.122615380984982,-21.243858225880757,-0.0012051576188741968,0.5645920159590119,554.923780182291,1137.4244202013642,0.9094904661178589,0.7834819555282593,164
53980000,lstm_global,supervised,CAMELS-BR,0.972183290852855,0.9022680793756075,0.8849896214301934,0.3493293607936186,-1.9272525569241596,0.0005511868205909654,0.9027695179711008,3.102331782635384,1.7674873475760853,0.2374783605337143,0.22160395979881287,170
54001000,lstm_global,supervised,CAMELS-BR,0.4730657398774377,0.47362558401678456,24.65086008007727,4.646649878789136,-15.132601846312392,0.001597876337874296,0.5621918487798477,104.19116957405102,229.26443772092924,0.8511489033699036,0.6813890933990479,188
54002990,lstm_global,supervised,CAMELS-BR,0.6235224667506727,0.8039446709795752,15.63035939506962,5.119390365055629,4.566697989216512,-0.002360734487697436,0.8981829884063783,60.69748747795326,97.79096701298079,0.4949190318584442,0.4575871229171753,140
54003000,lstm_global,supervised,CAMELS-BR,0.2781896327883937,0.44271747010102747,60.66784151873744,19.387948945244364,-4.886821798808796,0.0001459691521304811,0.6767587363260024,252.75718669282878,434.15183544195247,0.950291097164154,0.5904477834701538,187
54010000,lstm_global,supervised,CAMELS-BR,0.8689636646343486,0.8675659528116156,76.11663292403367,26.92608177980637,-1.5925148167341827,-0.0015015853996031697,0.8848108129103026,282.9573590804618,492.6592270209868,0.5872613787651062,0.5821341872215271,187
54010005,lstm_global,supervised,CAMELS-BR,0.9245435294436087,0.8970745303851617,32.27679482623716,12.99703670066336,7.544940566808999,-0.0015903532626163862,0.902367510198517,78.11321226392805,65.23318667014729,0.6335264444351196,0.6427240371704102,184
54060000,lstm_global,supervised,CAMELS-BR,0.8684035637386862,0.9129360261938477,56.08566006948541,22.08320504046501,3.21530069783331,-0.002669451490649788,0.9368603411390052,208.12974579531016,209.0123271913855,0.48629042506217957,0.44803205132484436,188
54110002,lstm_global,supervised,CAMELS-BR,0.8903751681733822,0.9005427126738835,11.449533046171025,4.287189576408781,1.7657733668694608,-0.01073327702779188,0.9164682578932257,44.342390971495114,74.76752078607346,0.7835933566093445,0.6156216263771057,187
54140000,lstm_global,supervised,CAMELS-BR,0.8836602036952635,0.879978807340022,27.90000115091344,17.96657497324842,-0.6199436204315372,-0.0059548398720281285,0.895320696903486,54.33745407282407,52.882854796069495,0.30499565601348877,0.2533525824546814,188
54150000,lstm_global,supervised,CAMELS-BR,0.4484428408155908,0.6563491050601138,105.76800366330438,35.51935278851053,11.02268288302783,-0.0005500902902253399,0.8261695092751229,320.567423944998,748.829818241127,0.5225781798362732,0.3807637393474579,184
54165000,lstm_global,supervised,CAMELS-BR,0.658824835607429,0.544653544975553,10.77433329190098,2.773024523200897,-11.222723924514307,-0.0032856105392056034,0.5656364758370244,44.26054594889699,62.99556551947578,1.2915438413619995,0.765099823474884,104
54193000,lstm_global,supervised,CAMELS-BR,0.8601212871753489,0.8926441319099296,23.557676125206047,6.347330893543432,2.103395946352226,-0.016108203658814615,0.9205898176716268,77.785382031027,40.69056440615086,0.902749240398407,0.7599335312843323,154
54195000,lstm_global,supervised,CAMELS-BR,0.3826859929628862,0.5961759035752402,76.06315181235362,44.68587989392488,21.337956823873355,-0.003966440277861255,0.7447703406836975,218.7635554832739,435.8298078242915,0.5411754846572876,0.39830371737480164,184
54200000,lstm_global,supervised,CAMELS-BR,0.8592241519801656,0.8589574696243035,67.03089479715246,27.85944338047758,1.3745008833671126,-0.0020532173754405046,0.8781820659747337,236.42079116518073,320.3618980615096,0.6506294012069702,0.5239196419715881,188
54200500,lstm_global,supervised,CAMELS-BR,0.7002738920402453,0.5471161141260035,78.78663188196323,31.89322785408266,-15.610750798474784,-0.003908591969854439,0.5530324865016834,294.44490392334467,616.6621985810224,0.4287324845790863,0.30581581592559814,186
54220000,lstm_global,supervised,CAMELS-BR,0.48723242945868495,0.5881168687306506,2.8876909386184155,1.2605677964363962,20.37362034823675,-0.003964829477059208,0.705975740718521,10.761188620359205,20.60332634221951,0.9621853828430176,0.6565239429473877,188
54225000,lstm_global,supervised,CAMELS-BR,0.5487644247593808,0.5260075455756477,6.926534400899517,2.334682552062947,-12.191997283123822,-0.001971872649624151,0.5908546137703892,26.66806570869186,45.05381805934246,0.6234182119369507,0.468950092792511,184
54230000,lstm_global,supervised,CAMELS-BR,0.8371199723664284,0.8778713832802479,10.619787267208974,5.142729038777559,9.246651028824797,-0.001926959649743737,0.9073223416113553,31.92887188473778,8.298953244727123,0.514701247215271,0.4953155517578125,184
54234000,lstm_global,supervised,CAMELS-BR,0.8787311210728628,0.920555014503676,0.3492616602720902,0.14927249251210944,0.9714718342208791,4.7970398887677707e-05,0.9507286721282444,1.2648851691310492,0.9104854538866043,0.2906106412410736,0.2923734486103058,188
54235000,lstm_global,supervised,CAMELS-BR,0.8437573516840355,0.7948849792279127,4.849870071995346,1.5585868593226089,-3.2593458481384734,-0.0020678794048994663,0.8077576549178267,19.661352012967647,33.835034083746685,0.438162624835968,0.3629670739173889,188
54250000,lstm_global,supervised,CAMELS-BR,0.6383468281738007,0.7170109580113002,0.5871453021481899,0.20436872607097029,-3.219737605186551,-0.00012951250483346152,0.7992324626244128,2.152563675776296,2.9821400991165143,0.6359008550643921,0.51457679271698,80
54260000,lstm_global,supervised,CAMELS-BR,0.6625966333692503,0.7156268323303887,27.348303164748643,9.997732797430622,3.921521067785099,-0.0035118842098401885,0.7830011760914204,99.87544895672352,175.28209247762166,0.678671658039093,0.529778242111206,180
54270000,lstm_global,supervised,CAMELS-BR,0.8831554535005238,0.774268082387472,23.850348016028494,9.047182625912605,0.7008317820114995,0.0007402810599601035,0.7778234587992918,95.60175822889373,171.15950358886897,0.5469089150428772,0.47702881693840027,188
54300000,lstm_global,supervised,CAMELS-BR,0.7151816054037081,0.6520627270545876,3.2400357623573246,1.3822460626351072,1.2434503733781186,-0.0013713516138771434,0.6765159705083607,12.68165906736219,23.44701289965545,0.5704906582832336,0.30975401401519775,188
54360000,lstm_global,supervised,CAMELS-BR,0.680592298912454,0.7308589786911888,32.35304132587466,12.83104577470333,9.606936917059826,-0.00020235536284658392,0.7482001072643736,124.59104032541038,224.52708687719726,0.43135201930999756,0.4128934442996979,188
54390000,lstm_global,supervised,CAMELS-BR,0.6209915120563131,0.7032128189754787,55.22615966026186,18.14038824516794,-0.8235539470148847,-0.002810390117590475,0.7908365092960614,219.36243053116507,439.9565398411521,0.7504850625991821,0.5664681792259216,184
54430000,lstm_global,supervised,CAMELS-BR,0.696144476783144,0.6460335819750772,2.0049268476841586,0.6295792635228182,-8.67204661164337,0.00024481362703543397,0.6741426022745782,8.318732076984466,10.49599790601517,0.6045066118240356,0.38750600814819336,185
54480000,lstm_global,supervised,CAMELS-BR,0.6668120483905382,0.5430356998260493,7.966958972491983,1.127491585346831,-11.385812959585067,-0.0003450624186431897,0.5577708062060092,32.80231848204575,61.180707209459555,0.48488473892211914,0.3053896427154541,119
54485000,lstm_global,supervised,CAMELS-BR,0.3902842373360079,0.37894814171563285,9.883381702394205,2.311258379051097,-28.165162938207967,-0.007576729751842575,0.49420779921745916,42.05731175975868,72.9395664747425,1.0218149423599243,0.7001064419746399,184
54500000,lstm_global,supervised,CAMELS-BR,0.6152350705719638,0.6137883862117461,66.72658856186655,21.63726217315552,-9.065496773723051,-0.000882608862903209,0.6736561567053616,261.65257616920684,532.9920379258492,0.643527626991272,0.4463082253932953,188
54502000,lstm_global,supervised,CAMELS-BR,0.7860996482668878,0.7412939367574629,51.28558055417818,17.726546624655363,-7.973571882796541,-0.0005649952795166481,0.7630227786970795,201.24184098856068,383.1296793510472,0.6383166909217834,0.5305433869361877,186
54530000,lstm_global,supervised,CAMELS-BR,0.7491555031627812,0.739770832158865,93.85788135280639,37.95509861022469,-1.911397436429357,-1.3920548956403503e-05,0.7727350215469894,363.0791690717254,618.8793683395897,0.34345677495002747,0.26570165157318115,127
54530800,lstm_global,supervised,CAMELS-BR,0.8133293585149389,0.8342182699584748,72.90379598684666,43.81508824149555,4.416671959826937,-0.002746784912228982,0.8649307028601543,214.78260737463648,408.23092412255,0.4491874873638153,0.3486734628677368,187
54540000,lstm_global,supervised,CAMELS-BR,0.5492738754907107,0.5037294455630752,5.706168176788987,1.3534546565411791,-5.993591365056353,-0.022659494984629987,0.5587093595373989,23.641902639976106,47.7681751034303,1.6873257160186768,1.0319308042526245,177
54547000,lstm_global,supervised,CAMELS-BR,0.8094629852934314,0.8549320467447896,0.6816295952689941,0.130730932743489,-4.294456973634952,,0.8946215243570743,2.328652859376854,5.184807305539851,0.4011933207511902,0.2449537217617035,158
54548000,lstm_global,supervised,CAMELS-BR,-37.34598280726539,-73.05228073574344,0.00545014753281749,0.004786318584166943,7402.073816781602,,-73.05209289304604,0.00545014753281749,0.00545014753281749,2.0,0.0084476787596941,188
54548500,lstm_global,supervised,CAMELS-BR,0.8772067735649487,0.670777303920707,0.0837671982612679,0.02437668551422962,10.848893104301386,,0.6711749528188037,0.3293469077315431,0.6461679935455322,1.7436635494232178,1.1279152631759644,73
54550000,lstm_global,supervised,CAMELS-BR,0.813944219978475,0.8992759449589381,187.6884216121832,62.04667789378065,1.883897542761631,-0.002507550359820636,0.9656209833313608,747.2315828766128,1510.5703208175485,0.5392782688140869,0.48414346575737,188
54560000,lstm_global,supervised,CAMELS-BR,0.5746649036278833,0.5695511973265512,11.193531651270353,2.8291062977112515,-17.93516768384918,,0.6375260725450493,41.80810465290793,67.60931477507644,0.8607392907142639,0.7983493804931641,142
54580000,lstm_global,supervised,CAMELS-BR,0.848650142986756,0.9011108870515335,133.0961749428462,57.68971898820665,0.7501201080218614,-0.006298361506160657,0.9389784482115389,466.86069619135566,892.0897496671256,0.6095411777496338,0.5817966461181641,162
54590000,lstm_global,supervised,CAMELS-BR,0.7044805593723902,0.674202569337547,3.316301438703645,1.0349810066053997,4.562784782238649,-0.002397820809508504,0.6888384185252197,13.361772977095573,24.944741148868474,0.7643885016441345,0.46846717596054077,148
54660000,lstm_global,supervised,CAMELS-BR,0.8320884849224964,0.7658837001630543,0.7103797439084021,0.2833960936107534,9.658291451648617,-0.0013608906765419926,0.769406255246967,2.6980120042214253,5.544634337707321,0.2976412773132324,0.2996334731578827,188
54710000,lstm_global,supervised,CAMELS-BR,0.8348657669526427,0.8563921155248998,136.66073147988217,50.80733818641076,5.339964391724183,-0.002518303402087911,0.883204222988224,553.9263278255629,705.4705738125267,0.5881631374359131,0.5082707405090332,130
54710500,lstm_global,supervised,CAMELS-BR,0.8061473936732293,0.693283104961767,120.63638162376212,46.54700467941609,2.695488800026129,-0.00295430349173462,0.6980129295171534,481.2984512739863,1013.9641103492023,0.4994829595088959,0.3896545469760895,188
54730000,lstm_global,supervised,CAMELS-BR,0.7607410110344347,0.8711458825807776,6.308884038108228,2.69562533053946,-0.18758805278666543,-0.001663448869655455,0.9477415404869596,23.99284288734663,30.3683070456291,0.37317293882369995,0.37255772948265076,188
54730005,lstm_global,supervised,CAMELS-BR,0.9023809873784143,0.8818571212929853,5.683099273990303,1.683097802193557,-1.695300686283208,-0.0030240393178917677,0.8897730993963173,19.964324258823705,33.4127540048759,0.798263669013977,0.6343706250190735,174
54760000,lstm_global,supervised,CAMELS-BR,0.859384606607911,0.9140436766588422,105.02342919071569,40.95703764522777,2.7721503672861654,-0.0011517529552922887,0.9522775766826551,415.2084440178175,586.4845959493189,0.512933075428009,0.5066606402397156,136
54770000,lstm_global,supervised,CAMELS-BR,0.8671004189447713,0.9197165031525412,3.1777942998887827,0.9656764033637689,4.54981413370313,-0.010496769478307844,0.9519748519017429,13.513860454661991,2.1680482453531593,0.7358550429344177,0.631952702999115,178
54780000,lstm_global,supervised,CAMELS-BR,0.8074261188735457,0.7369255532286216,206.42930118827348,66.20472582648782,-12.857022511542459,-0.0021212311192833136,0.7452583661482759,809.0231600913663,376.017292510567,0.7202230095863342,0.45818185806274414,102
54790000,lstm_global,supervised,CAMELS-BR,0.9306408197621829,0.8232485204290462,116.18210641911607,41.436997806324676,-1.2945366621694414,-0.0006795177647703279,0.8242407439112098,468.0052899291734,842.4555194104954,0.6045423746109009,0.5395947098731995,187
54810000,lstm_global,supervised,CAMELS-BR,0.8696397660104757,0.7413799298160876,318.73468035869007,76.19786139379573,-6.089854260695829,0.0004258908088369609,0.7422337172183768,1387.8044808725547,2729.2510614189537,0.6344559788703918,0.6269065737724304,158
54940000,lstm_global,supervised,CAMELS-BR,0.8063671062478003,0.8223321015860183,90.61383409742592,48.97860845640385,10.138240021917454,-0.004791308947386452,0.8526407899029096,320.4468280899305,629.9183178933356,0.5135815739631653,0.43816566467285156,179
54945000,lstm_global,supervised,CAMELS-BR,0.8845899470487655,0.7845749898172041,148.56093290472822,69.2136761262455,2.468594448919907,-0.002422140497633148,0.7884797567408581,552.3741553425222,956.6148053779593,0.6541318893432617,0.45862919092178345,187
54950000,lstm_global,supervised,CAMELS-BR,0.9665442602173342,0.9423537316230123,118.94405581035183,60.08747249306319,0.33643465062276734,-0.006256228583538387,0.9445463543147087,261.6808681205977,467.44887896282705,0.4910527765750885,0.4263278543949127,167
55130000,lstm_global,supervised,CAMELS-BR,0.6503923794484465,0.759521535837425,32.57131083192863,8.432588151794798,-0.7024081205049187,-0.0015456863047086412,0.8492605586828232,137.61462503237456,260.0199397135594,0.7498520016670227,0.7325869202613831,188
55150000,lstm_global,supervised,CAMELS-BR,0.9029711754446439,0.9054013791985996,4.707437080394326,2.7894263039243983,1.6285596960605973,0.0012073818972799539,0.9181365048714327,14.511528376580511,22.450855526317326,0.5154671669006348,0.48910531401634216,188
55170000,lstm_global,supervised,CAMELS-BR,0.8523545414671128,0.8902470259845757,5.292167738770072,2.6591377753263328,3.0221852693873794,-0.002205166337288589,0.9210214355120938,14.551057946319137,7.954147909621349,0.6441612839698792,0.5644065141677856,171
55240000,lstm_global,supervised,CAMELS-BR,0.6925443446026788,0.8373490557570704,0.8943670472694984,0.5272829514393147,2.1812727609898075,-0.004105111370439576,0.9607357062377433,2.4764769269634757,1.2052975052308326,0.6188268661499023,0.49065709114074707,188
55241000,lstm_global,supervised,CAMELS-BR,0.9609406216375274,0.8820261895802038,0.4289193390734286,0.3737610060235728,3.7998178808220517,-0.0014910729581562327,0.8825173908200709,0.6958770606039861,0.6812582015991211,0.3753413259983063,0.30973878502845764,23
55330000,lstm_global,supervised,CAMELS-BR,0.868032270855462,0.9292580261691983,2.8683958176506414,1.1373474158950754,-0.805838795096793,-0.0026161867160427975,0.9739844881388839,11.192184910049463,5.780857131966808,0.5949891209602356,0.5450869798660278,148
55340000,lstm_global,supervised,CAMELS-BR,0.9520314288869436,0.9207859023755622,7.016953286512674,2.285262641960016,-2.215466206911711,-0.0011223417848771275,0.9237295752784803,29.697379542672937,2.9295007220373845,0.5096328854560852,0.45869120955467224,179
55360000,lstm_global,supervised,CAMELS-BR,0.9320491071336373,0.936712149827323,3.7168138281756344,1.6719024687505968,3.1031011188405464,-0.003188374698194725,0.9457946035750465,14.53533145433326,24.73126903383853,0.5396726131439209,0.5054664015769958,179
55370000,lstm_global,supervised,CAMELS-BR,0.9624763689128789,0.9598098920104391,3.08672699328014,1.669758401018508,2.9886470645171546,-0.004000557864555228,0.963479030957876,9.885407766220489,14.546820079667054,0.5401149988174438,0.5200684070587158,188
55380000,lstm_global,supervised,CAMELS-BR,0.9859773289175525,0.9220330954072584,3.0862562481249864,1.6176222175951824,0.44729957076765964,-0.00015176774568708383,0.9221270550185938,11.572177573442985,18.704225802802664,0.48880356550216675,0.4522453844547272,151
55430000,lstm_global,supervised,CAMELS-BR,0.9295829217872815,0.909519700043385,2.649850103843046,1.087703857650148,5.75817911501839,-0.00020737228806605446,0.9145038474289958,10.036571904611188,7.86852889315141,0.4181736409664154,0.40890827775001526,188
55460000,lstm_global,supervised,CAMELS-BR,0.7372819629021343,0.6160948065076227,11.17780301205226,2.549716421673375,-5.489605905714222,0.0006592432910466281,0.6240252537912541,46.556823580576754,84.05590591393391,0.5267364382743835,0.40614062547683716,124
55470000,lstm_global,supervised,CAMELS-BR,0.9335408805548971,0.9575399429930007,6.845773108150926,3.4680801296826473,0.5275853927617067,0.000927352995429823,0.9738577950704566,21.66706425145621,10.024762223210288,0.47731828689575195,0.4661373198032379,161
55490000,lstm_global,supervised,CAMELS-BR,0.9285136004912873,0.9150550191412906,13.39748720365352,3.744351565168145,-1.9571525771402452,-0.0024530586972175902,0.9176633678983818,57.93576563304817,40.55139232179119,0.5912723541259766,0.5609491467475891,178
55520001,lstm_global,supervised,CAMELS-BR,0.953125406271142,0.9523182822439844,2.057220899644731,0.9304266333580017,3.876791976518369,-0.0026933130391623844,0.9576242746516216,7.016023530506974,6.048832264825161,0.4253157079219818,0.4268941283226013,175
55550000,lstm_global,supervised,CAMELS-BR,0.9393968500537908,0.9056581247286355,7.358754510833615,3.308305512083338,-2.32682051548301,-0.00015583455743540045,0.9100765621480813,25.111780153330766,45.0901120505386,0.40275904536247253,0.3681076467037201,188
55560000,lstm_global,supervised,CAMELS-BR,0.9740815977137307,0.9412789084111367,8.589279175885762,3.630051015991054,0.8680820149899268,-0.0028997221703806197,0.942148741546404,33.663154547830416,21.862433951341163,0.6426888704299927,0.59006667137146,146
55590000,lstm_global,supervised,CAMELS-BR,0.8806918975686023,0.8956886988822768,1.438201841365189,0.5803232624433762,4.28200489090448,-0.0008038376775923294,0.9073620149301783,4.885110735808225,0.7495854472645449,0.5121322274208069,0.5097158551216125,172
55610000,lstm_global,supervised,CAMELS-BR,0.9580395041104304,0.9581098641768625,3.8951257893523423,1.099022570511569,3.423482744609723,-0.002011597633189123,0.9589646925035665,15.991726536574959,15.17591652822925,0.5387083888053894,0.5317668318748474,184
55611000,lstm_global,supervised,CAMELS-BR,0.9056605367836628,0.8814144221778168,2.725753985501334,0.9029183122987413,-0.7217034562258736,-0.0030137349587848958,0.8893153359833859,10.761877329601095,19.974985564587275,0.8457695841789246,0.7163716554641724,184
55630000,lstm_global,supervised,CAMELS-BR,0.9300120752858982,0.8903933791862777,16.959204027804713,8.218158107390378,1.7292556517449025,0.00043479461325234003,0.8952226110846943,58.79985263980022,29.85598353611606,0.585848331451416,0.5217434167861938,187
55631000,lstm_global,supervised,CAMELS-BR,0.9136022083890878,0.9186178197559852,10.14541223297409,5.617338718251979,0.8921838463185511,-0.003331139406596465,0.9310656886516995,28.3153468081299,37.68634453870668,0.6631029844284058,0.6103459596633911,188
55660000,lstm_global,supervised,CAMELS-BR,0.3813117354429413,0.6097699991869318,13.30241023722149,2.233710210264465,18.80770854177963,-0.0023997468913757505,0.672296868732928,11.793574622920078,5.212093696283734,0.6476926803588867,0.7713147401809692,162
55664000,lstm_global,supervised,CAMELS-BR,0.9414234564527927,0.9281786087353042,1.8760929227512035,0.6886493614924851,0.1489462040853338,-0.0007263767641419866,0.9324755079304583,7.460667824201865,15.04828711545077,0.5569466352462769,0.5211392045021057,186
55699998,lstm_global,supervised,CAMELS-BR,0.9434541626185883,0.8767154150801371,23.818562115882667,10.263505054556806,-1.4306160186252073,-0.0006597544918696928,0.879001234460148,86.4379810290002,82.76891179408598,0.5883325338363647,0.5751352310180664,184
55700000,lstm_global,supervised,CAMELS-BR,0.9747480080892301,0.9772262030416957,16.896205899777012,8.052945400806184,-0.4951542725818303,-0.0009416197156809532,0.9803410857935907,43.47078456387812,34.61012034994063,0.29276376962661743,0.3139355778694153,188
55720000,lstm_global,supervised,CAMELS-BR,0.6531143247572839,0.21015004364296785,36.297814388135066,34.32063628773001,78.94992015025193,-0.02099615925027805,0.21048848582417135,38.9346963203977,51.34381458317462,0.6602605581283569,0.3583168685436249,187
55740000,lstm_global,supervised,CAMELS-BR,0.9486606808662779,0.9382480123052434,25.463514464271817,15.22381520404496,-0.9465621478974924,0.0010589827233970887,0.943548372361305,70.49820040907541,110.66553733422259,0.3846591114997864,0.3854721784591675,179
55744000,lstm_global,supervised,CAMELS-BR,0.8966211891922902,0.8236292780328064,1.95512030918595,0.5714693506498162,-0.9083331635527295,-0.00117572094241759,0.8258774209227869,7.983623529300816,16.80101017500056,0.38331979513168335,0.3294699490070343,164
55746000,lstm_global,supervised,CAMELS-BR,0.9689215026192493,0.8688671227104126,0.7951925818120004,0.43629806053960757,11.5234105953195,-0.009861355744029,0.8693331207239686,2.9657583942673442,0.44033241271972656,0.5210195183753967,0.44796350598335266,89
55747000,lstm_global,supervised,CAMELS-BR,0.9941215966802007,0.9688849709604705,0.34856416448889666,0.19728733558235143,2.3989241296454833,-0.021969413005750046,0.9689941228051597,0.5328057566842834,0.9437307217848037,0.2802484631538391,0.2631019651889801,170
55779000,lstm_global,supervised,CAMELS-BR,0.6022978657453113,0.6338300414940177,4.036505943994952,0.8884154900195117,-12.615782664236203,-0.029055279303343305,0.7031309849013624,17.389169105042917,30.216276381137234,0.9973561763763428,0.868402898311615,188
55780000,lstm_global,supervised,CAMELS-BR,0.8260172488372854,0.8386839438884974,4.113054113587511,1.2544963436019152,-1.474956523762841,-0.0010827022694635396,0.865605890303219,10.870215054014816,14.776449011981304,0.7389674782752991,0.5837565064430237,133
55780002,lstm_global,supervised,CAMELS-BR,0.9879824875566852,0.9577112887158912,1.0912324810244287,0.4665789970375122,-0.5145900273484622,-0.0038243694086615414,0.9580053998247752,3.7058297794901622,4.572856833848193,0.5899609923362732,0.5601192116737366,188
55790000,lstm_global,supervised,CAMELS-BR,0.32269076824478604,0.2768602291861667,8.77986119620957,1.4329671410682265,-14.10888347839345,-0.009615881565603956,0.36275849667975035,37.93871076830484,83.66663443110839,1.1340364217758179,0.7786898612976074,188
55795000,lstm_global,supervised,CAMELS-BR,0.9205420090094596,0.9299149490921013,0.7409537748800399,0.3006710787614187,-0.6864304052108307,0.0003434002337213485,0.94166410854441,2.642763639291961,5.101926749564427,0.24115437269210815,0.22780947387218475,165
55800005,lstm_global,supervised,CAMELS-BR,0.969517463598421,0.9384839546103985,4.9568751303913485,2.107533519947401,5.045656635547505,-0.00358444183481477,0.9400430195936342,17.807551686163453,18.522986347266986,0.5315150618553162,0.5121475458145142,186
55850000,lstm_global,supervised,CAMELS-BR,0.802121899775038,0.8684144707668082,26.053393878776347,6.76038911541303,2.7199345338087086,-0.002427186253986361,0.9142023694190982,110.99881009132926,203.14820831986486,0.6441073417663574,0.5824235677719116,180
55884990,lstm_global,supervised,CAMELS-BR,0.8794232081613089,0.8590999281024692,7.95003652261727,2.3920885232534816,1.5439094157289426,-0.007204021091159436,0.8694025599573321,31.676121591600992,57.80101949736999,0.5607749819755554,0.4146867096424103,188
55884998,lstm_global,supervised,CAMELS-BR,0.5973409633826312,0.5310634429821688,14.438787710775246,3.0415823446943406,-4.3594219474605405,0.0004690911431850589,0.5599365590279741,62.019792367520054,133.53173340375858,0.6675586104393005,0.44744834303855896,188
55895000,lstm_global,supervised,CAMELS-BR,0.7728237168525218,0.7005002119672809,13.966092062128688,4.67738715765324,-1.279558315220337,-0.0012847975286772902,0.7124373670370472,55.754465666682,109.3317975118489,0.5943190455436707,0.493052214384079,188
55900000,lstm_global,supervised,CAMELS-BR,0.7201415472935736,0.8116025897968028,0.7472697915902955,0.36411135588373456,6.6789894830020815,-0.0024985207649596986,0.8789120346308346,2.676405207319985,3.748188476731465,0.4433513581752777,0.2841506600379944,175
55920000,lstm_global,supervised,CAMELS-BR,0.8090094306837301,0.898266104060073,20.470848796236833,6.57301068770421,-1.840324533005896,-0.0208389622696655,0.9644689573817924,84.80275875128768,13.678146362304688,0.6015307307243347,0.6097605228424072,77
55960000,lstm_global,supervised,CAMELS-BR,0.9819134304167468,0.9583739277482188,14.39357193424212,7.7151034297169865,2.686652979055554,-0.0023514656141358226,0.9591020993415026,38.5279957249893,57.56393703142559,0.5698769092559814,0.5132883787155151,148
55970000,lstm_global,supervised,CAMELS-BR,0.972105923637246,0.9752150150252599,2.9135005766761117,1.462408611114989,1.2664305830913973,-0.000575817455121929,0.9794186739259103,9.653380687499629,2.9657288894641907,0.28948789834976196,0.29415857791900635,188
55990200,lstm_global,supervised,CAMELS-BR,0.8842782514262333,0.8813258491137855,0.8457976830316688,0.3204458391422683,9.415659891273277,,0.8964698868230162,3.350940611274541,0.9093749122489766,0.8868007659912109,0.7594146132469177,188
56005000,lstm_global,supervised,CAMELS-BR,0.9651664652300562,0.9632905165324187,0.07671930700346943,0.05322244538451141,1.7245366691976496,-0.0003323486914052253,0.9661955223171333,0.16378188969606625,0.18099066674353403,0.14921678602695465,0.1595834195613861,106
56010000,lstm_global,supervised,CAMELS-BR,0.8128503322173757,0.7617989309667895,5.179195399674797,2.6399121747088077,-5.414722710033966,-0.0031245299660183044,0.7782059424413469,17.91402368414949,24.225811004638672,0.3846134841442108,0.3590089976787567,67
56012000,lstm_global,supervised,CAMELS-BR,0.8170347806860103,0.8804253375965216,0.6251976551975417,0.32910546476458324,1.4485598526244696,0.00011257956143591666,0.9279451382115504,1.4049102261885524,0.769436560121614,0.297752320766449,0.2688275873661041,162
56028000,lstm_global,supervised,CAMELS-BR,0.8657160863492062,0.8532461167242367,9.260939763609755,4.104190294909629,-2.52279828600576,-0.0015093396600471022,0.868753593137916,35.283162029381,51.57882540775153,0.5217737555503845,0.4334944784641266,157
56040000,lstm_global,supervised,CAMELS-BR,0.7736222704076959,0.8723051732316751,0.29899716619417976,0.17487201170653713,1.06340305940873,-0.0010717334914393112,0.9499430245760682,0.522557158817039,0.4720378485659476,0.2997332215309143,0.23423996567726135,147
56050000,lstm_global,supervised,CAMELS-BR,0.7316338474052114,0.769960179927732,1.8806318476494273,0.9140812069811719,2.723415721022623,-0.0014693430884722605,0.8075292423986216,6.6506435388803835,13.514052774924783,0.2611154019832611,0.19314196705818176,188
56055000,lstm_global,supervised,CAMELS-BR,0.864355706223709,0.8246126162680075,9.99427819274556,4.166653541808433,-1.766700064854098,-0.000334125887825755,0.8371120007587576,37.364224845328536,43.494831358460125,0.476508229970932,0.41425931453704834,188
56065000,lstm_global,supervised,CAMELS-BR,0.8159096003430117,0.8490813682450364,1.8290047860840066,0.5472564301070045,-0.5803574373957445,0.0006892458639749278,0.8836710826244989,7.664834259684351,13.154372743269127,0.3249455392360687,0.2945568263530731,170
56075000,lstm_global,supervised,CAMELS-BR,0.9263074126267616,0.9175457678621017,17.260809117345627,8.373042892902456,0.021371488910005548,-0.0009032352746831222,0.9260218567085502,57.53057671301154,69.5562413940658,0.415316104888916,0.3516552150249481,188
56085000,lstm_global,supervised,CAMELS-BR,0.8291395833703873,0.7712506263402297,2.0221347153515477,0.9102397278034488,1.855816629934784,0.0031844620374321796,0.7838721533718097,7.709883895351192,12.648519888945387,0.43110817670822144,0.314541220664978,179
56090000,lstm_global,supervised,CAMELS-BR,0.7367263681232525,0.7361864861491654,1.771245819926737,0.5954568322593644,-4.814354584057099,-0.0011648815809635095,0.772788320073998,7.295927185377102,12.839411338518671,0.30197763442993164,0.22295446693897247,169
56092000,lstm_global,supervised,CAMELS-BR,0.6853533683869095,0.8084904196157633,9.361328322675543,3.4858864165366965,-1.509281094363555,-0.0028112410876952945,0.8937524060765817,36.91478430731932,49.633382740202684,0.49304184317588806,0.4432187080383301,188
56093000,lstm_global,supervised,CAMELS-BR,0.6918873842979754,0.7319771512895556,24.610681967670672,9.523105580756004,7.011824997811338,-0.002590022278331501,0.7440740248168787,93.60048156678168,190.805058777497,0.405672162771225,0.4397638738155365,188
56094000,lstm_global,supervised,CAMELS-BR,0.6905444784344923,0.7318520498944399,27.091258156194712,10.454363127972217,6.949763265753825,-0.0027874963505022873,0.7440962673785331,103.00833717733356,209.89987838197678,0.40619388222694397,0.4396835267543793,188
56097000,lstm_global,supervised,CAMELS-BR,0.6906039903942105,0.7324679559043603,33.1704486573144,12.812684860635311,6.963594764369864,-0.0025852202360026055,0.7447222388770643,126.26811340253268,257.6459748329528,0.4057295620441437,0.4391224980354309,188
56105000,lstm_global,supervised,CAMELS-BR,0.7467271819530992,0.8236795953844941,0.6976566834159224,0.3069405383398744,-0.19249207451425515,-0.0079218454869521,0.8867995328720678,2.5928027584194573,2.8954721508802,0.5406861901283264,0.45017585158348083,147
56110000,lstm_global,supervised,CAMELS-BR,0.8753128818205254,0.9225376008749266,24.35524584123178,13.02118199936887,0.28209859701472473,0.0005886589517536001,0.9556980957497827,74.80681199250988,44.75332055911839,0.3361265957355499,0.32027819752693176,188
56110005,lstm_global,supervised,CAMELS-BR,0.898787044165773,0.9169039550382307,27.03330526161266,12.648050121639086,-1.0381146402499428,-0.0005599462523783669,0.9344890064017144,92.72772491405074,74.28344491706581,0.4106236398220062,0.38719990849494934,184
56130000,lstm_global,supervised,CAMELS-BR,0.19897164414116564,0.4297894960071116,4.032010349799528,1.4073478688902044,-4.759008672173524,-0.0028175638922998195,0.7191334574787889,16.540646378916424,25.947385494734732,0.84381103515625,0.5960546731948853,188
56145000,lstm_global,supervised,CAMELS-BR,0.7855251890623746,0.8131511279247348,2.292904187701968,0.8156207990139088,7.8460307949679216,0.00764013158830586,0.8499823260123518,8.77872476583736,18.681935992395854,0.558319628238678,0.4539989233016968,188
56148000,lstm_global,supervised,CAMELS-BR,0.4316702669522742,0.38002494172652757,12.001652344374493,3.993040312661065,1.2123710716673342,0.002260164746342207,0.4225420609872127,48.55269766883137,102.97631452983444,0.7162027955055237,0.3776100277900696,180
56150000,lstm_global,supervised,CAMELS-BR,0.6726574281778201,0.8310667918822352,0.35999541006783176,0.1955227598193146,6.490535882283684,-0.0019741489264300527,0.9349737209018919,1.0076083627654069,1.547403945190912,0.21910904347896576,0.20366297662258148,168
56152000,lstm_global,supervised,CAMELS-BR,-0.19259141921736855,0.4219088202805471,0.2715772172272632,0.10887759657545462,16.487482259383476,0.0022369951233052526,0.8198365980896426,1.0231047693267394,1.6378528023495593,0.3241603970527649,0.2891121506690979,179
56155000,lstm_global,supervised,CAMELS-BR,-0.18987217301305215,0.3169710200170932,1.8712122786851142,0.5209267170088632,18.768812034477058,0.008006924135723233,0.7853774837557068,5.628151609872557,12.442095541404113,0.6468029022216797,0.499126136302948,175
56158000,lstm_global,supervised,CAMELS-BR,0.2430942182880126,0.2204620874345079,0.821786625274451,0.22252617328385121,-14.604379078011359,-0.0007429632497094069,0.38302994316884287,3.5150141008723006,6.2928306448749325,0.5486948490142822,0.24953915178775787,153
56160000,lstm_global,supervised,CAMELS-BR,0.36492055667584733,0.334940986745927,1.9612737742937048,0.6079840593515559,-8.240682062363474,-0.001557611640365858,0.4276730443122366,7.760394494889349,15.739523198118295,0.5398591756820679,0.31657811999320984,188
56170000,lstm_global,supervised,CAMELS-BR,0.3435216005762992,0.5205035398057101,3.612809431636892,1.1123258649034704,1.2862839547662603,-0.0013164441516386703,0.7275494989312341,14.407342858811505,29.543302384246193,0.4914313852787018,0.32193589210510254,188
56182000,lstm_global,supervised,CAMELS-BR,0.3814963739342253,0.68664866713,0.4919926401600238,0.23873634798371274,14.658544009857936,0.004003129287447537,0.8107156456833322,0.8990876928807935,1.2784294250689372,0.29030752182006836,0.28805968165397644,184
56240000,lstm_global,supervised,CAMELS-BR,0.5361168996386074,0.4388764759172705,18.69217594422264,5.166825646227533,-0.9608022994025669,-0.002514187420518411,0.4549086918357782,77.43104534702603,168.30930790056118,0.4673464894294739,0.2702634930610657,182
56335000,lstm_global,supervised,CAMELS-BR,0.2689064388097059,0.5674172183295179,13.105961007794809,5.86961719330321,7.106252730298647,0.0028353946556488284,0.8417137173801307,50.64220782867281,92.6063560596152,0.2736169397830963,0.21464958786964417,188
56335001,lstm_global,supervised,CAMELS-BR,0.4652414186134194,0.35077983771673427,41.02703894970187,11.006139772380898,-12.494279887222882,0.00024109444817625898,0.37948832414594613,173.17786554619374,338.8704218956229,0.6245460510253906,0.31015893816947937,167
56337000,lstm_global,supervised,CAMELS-BR,0.6832762904621592,0.6365429886906219,6.678870751592135,2.3300146691786137,3.7965812911040664,-0.0007128970834604648,0.6540414846998821,26.561261799970648,56.93959707624982,0.3832877278327942,0.2748447060585022,183
56340000,lstm_global,supervised,CAMELS-BR,0.2252006585308839,0.23568937995154526,4.836701040164322,1.1697446748297264,-9.015634584388083,0.0009959336077321052,0.4165008274649399,19.50305071725658,44.207069704605686,0.4795014560222626,0.25832071900367737,188
56385000,lstm_global,supervised,CAMELS-BR,0.8014573366128399,0.8387440065744933,3.482839261258395,1.6416396777267042,4.227368084928721,0.0007546476234500006,0.8742419073930128,11.207023639132633,16.411438889518482,0.3632141351699829,0.30649176239967346,184
56400000,lstm_global,supervised,CAMELS-BR,0.8732502337272305,0.9101981836200096,6.459582970144205,3.207713487300467,-0.4244054795651005,-0.0005004587810783848,0.938484795834858,16.18679156063102,16.744107077760845,0.4306100606918335,0.38673919439315796,188
56415000,lstm_global,supervised,CAMELS-BR,0.8691831649316837,0.8570912908126792,6.715846651101401,3.0680899186567827,3.5218808695393826,0.0011579004603185991,0.8700312719011863,24.322230989211675,40.55088477357051,0.2915371358394623,0.2315521538257599,132
56425000,lstm_global,supervised,CAMELS-BR,0.8012835482380863,0.7315530506868966,72.24803882958612,21.15696803383205,-0.7711049959823321,-0.000398466890645658,0.7361643181560854,295.1361551246608,646.0694846580276,0.3615289032459259,0.2961829602718353,184
56430000,lstm_global,supervised,CAMELS-BR,0.945835007329657,0.9442240604058275,21.510422360854616,11.490405102993579,0.29235265537637006,-0.00014256221792841375,0.9510259684838609,64.04651201598968,32.89380010708043,0.2693552076816559,0.24174068868160248,188
56450180,lstm_global,supervised,CAMELS-BR,0.9092188430040679,0.9446826486821858,4.9044800990710815,2.7492461101614314,1.0154981676428911,-0.0023351665530933277,0.9647153447980038,10.382203625562187,2.992408819987693,0.365066260099411,0.36383959650993347,139
56460000,lstm_global,supervised,CAMELS-BR,0.8616336117405571,0.8882970015989464,1.864328724246572,0.9991111517586606,6.162533273236377,-0.000679467599661334,0.9122621810028178,6.333299351941408,9.120205554788072,0.4498535692691803,0.4087401032447815,188
56470000,lstm_global,supervised,CAMELS-BR,0.7946815309168039,0.8359594001732346,1.1855916114948115,0.4518700749316114,-0.7927612889673892,-0.00047465904857624946,0.8765581755537422,4.068086182556453,7.5199517181469755,0.36392074823379517,0.28956300020217896,188
56484998,lstm_global,supervised,CAMELS-BR,0.9444381214655938,0.9306198001897031,3.7550318080757545,2.148624583085378,3.2927354775441424,-0.001697278358652899,0.9360775971660902,11.597719047600854,6.796851255566199,0.33984315395355225,0.28244709968566895,180
56485000,lstm_global,supervised,CAMELS-BR,0.7792081342660085,0.7967778998880646,6.22421850551159,2.304410627547731,-1.694859378609952,-0.0002278778003169564,0.832180198993272,25.126666341667946,52.30037760337099,0.4330868124961853,0.3581606149673462,188
56500000,lstm_global,supervised,CAMELS-BR,0.3125163012112101,0.6727657686993542,3.689756003462311,1.1797262312884027,5.251236903173122,0.0019734390089294306,0.8829090272013597,15.101006860603563,22.36277908068411,0.4200454354286194,0.35378655791282654,188
56510000,lstm_global,supervised,CAMELS-BR,0.7074434799426949,0.7003353668759302,12.926570092504983,5.0901949304215455,-3.614851939650119,-0.000709979737180573,0.7411111637190002,48.86038514323619,57.756809335797705,0.4831652343273163,0.35372069478034973,188
56520000,lstm_global,supervised,CAMELS-BR,0.2832202289218477,0.27018350351113507,2.4838364887182216,0.6927619022235536,-6.7275364809117155,3.663789316330022e-05,0.39944836118586735,10.530694682157534,17.358705527718968,0.23297543823719025,0.14147113263607025,114
56539000,lstm_global,supervised,CAMELS-BR,0.9132377762696038,0.9168739000533505,53.7093959881889,19.246927113003203,0.622666478075096,-0.0018070357860295871,0.9291885828365709,218.44264937463137,422.2297116907171,0.2775031328201294,0.2660355567932129,180
56565000,lstm_global,supervised,CAMELS-BR,0.865729131934859,0.8511417321945018,1.2709155982737228,0.555591359220702,-3.0211840724557257,0.0009582980510396463,0.8665913491180757,4.536445001797268,4.858971274479618,0.28620898723602295,0.2157692313194275,174
56570000,lstm_global,supervised,CAMELS-BR,0.5007527032659017,0.6333913812479406,3.8173976229492705,1.4158637057651173,15.167633394123285,0.0003002792224834922,0.663775083055624,13.393543931501332,0.7028225874372871,0.3780069351196289,0.4208739995956421,110
56610000,lstm_global,supervised,CAMELS-BR,0.7400722399829638,0.8310485277459468,11.389708136998948,5.185676523617336,7.5672485437821155,-5.686903244294522e-05,0.8713167312448411,36.676397319749015,42.33176227717708,0.4169188439846039,0.41338038444519043,182
56610100,lstm_global,supervised,CAMELS-BR,0.8748850957059029,0.869572778535148,10.667781483778393,5.289936695409858,10.314078057811521,-0.0005376087909111336,0.8810935529900111,33.71733378798359,18.035998390883858,0.38701358437538147,0.35667017102241516,184
56620100,lstm_global,supervised,CAMELS-BR,0.8397444416882095,0.6783241823504347,63.3414866046884,13.481072094198316,-11.881224917537068,-0.001423030403075242,0.678796045497251,276.95201677899837,533.697150707941,0.5268057584762573,0.3545167148113251,160
56631000,lstm_global,supervised,CAMELS-BR,0.6882799766514385,0.813380414198728,2.8347314252983487,1.4023036088632501,8.525227238109919,-0.002224897378780035,0.9007744182346831,9.403552220608114,14.127922872313004,0.41400253772735596,0.37264272570610046,184
56631500,lstm_global,supervised,CAMELS-BR,0.46874391589333264,0.5143357450137912,8.209053048095353,3.146759346444556,1.1237213959874721,0.0024180985694186325,0.621223060277211,32.95082286333123,64.20840330387276,0.3847549259662628,0.27754825353622437,188
56631900,lstm_global,supervised,CAMELS-BR,0.4651388579098704,0.6808679634845705,3.8648204809588904,1.7773730640715741,19.844948198474682,7.91046476237723e-05,0.800075127457178,14.087613863026396,23.29998328883342,0.4555342197418213,0.3262947201728821,188
56632000,lstm_global,supervised,CAMELS-BR,0.43019143962996687,0.43716723680583125,3.354772070715587,1.5076054165020902,-11.403715632774114,0.003779862592208992,0.5461629919627223,12.661624776816463,16.362464084271124,1.2255815267562866,0.7052111625671387,188
56633000,lstm_global,supervised,CAMELS-BR,0.32137761342496174,0.5076512081024116,11.296314081542134,4.136080252363326,1.8663198003393002,-0.0038243917323749,0.7317022370883848,44.3891295264925,82.5629582551447,0.8179950714111328,0.6460350751876831,188
56635000,lstm_global,supervised,CAMELS-BR,0.5769040872339144,0.5282698951141774,3.3805895602026865,1.0760717576040941,-9.329482433648321,-0.002097987369848002,0.5755905774831216,14.084117148733007,22.962347469876683,0.5212200284004211,0.3714101314544678,136
56640000,lstm_global,supervised,CAMELS-BR,0.5577300953223754,0.7575373083664656,8.544044361515093,3.475357725658519,7.042415418749544,0.003051156322818032,0.8196976416783942,32.875232622831504,64.31776231200972,0.6381719708442688,0.48662468791007996,187
56650500,lstm_global,supervised,CAMELS-BR,0.1681192823501685,0.5817037456162102,15.157495133802188,3.9022487451338908,4.183188829939502,-0.0012009910371072498,0.6745155071695779,63.81298616455661,45.33479906146228,0.6072186827659607,0.5881331562995911,169
56651000,lstm_global,supervised,CAMELS-BR,0.6945841764185325,0.5522264535595729,13.38568763809895,3.955491428166791,-8.966640914272967,0.0007529967598734113,0.5618494701356955,52.10322017456256,106.24687962765353,0.5972753167152405,0.39231160283088684,183
56652000,lstm_global,supervised,CAMELS-BR,0.920205140713344,0.8092545494594799,6.7679687383603335,2.917941376014992,1.3102692247233998,0.0035495725788010704,0.8101076652604624,26.356824931473373,41.74671173095703,0.4187953770160675,0.3300526738166809,54
56659998,lstm_global,supervised,CAMELS-BR,0.7822646422938545,0.8118627038793315,23.260879584328308,9.773445421999151,1.5867503779604222,-0.0019988253866464224,0.8497477306949875,80.82150981714241,115.71472757748809,0.4322435259819031,0.30916646122932434,176
56660000,lstm_global,supervised,CAMELS-BR,0.8213881362651205,0.8258299095058893,16.52632468648899,9.07835145706826,4.355761681240536,-0.00184704301457728,0.8505058073316125,56.153224848099214,61.745879002395625,0.38004249334335327,0.3050023913383484,188
56665000,lstm_global,supervised,CAMELS-BR,0.8766634771434885,0.9363746786629006,0.38312651476175386,0.21783372033543946,1.8486365907573115,-0.0021834438464257075,0.9804157020119059,0.5557680289778207,1.0106560873032906,0.16533900797367096,0.1501196026802063,119
56667000,lstm_global,supervised,CAMELS-BR,0.659899887163709,0.8056017512494662,1.9930746320752333,1.028063138326009,-1.1191085842700845,-0.000617896403393825,0.926400965715697,4.139780928072988,6.183635711669922,0.227853462100029,0.18143592774868011,69
56670000,lstm_global,supervised,CAMELS-BR,0.7730014509636576,0.739581909334821,5.92006520183021,2.167168581739385,-0.6282554495607516,0.0015487907318690562,0.7624489052365485,21.93823747729574,38.827271512748524,0.418562114238739,0.31805238127708435,188
56681000,lstm_global,supervised,CAMELS-BR,0.7809619671599415,0.7706116746901485,63.46782780473876,24.4783616776162,-1.486154419941756,0.00028070592192232235,0.7974406784911678,239.2395479811733,456.11392538675284,0.4231641888618469,0.3366314172744751,188
56688080,lstm_global,supervised,CAMELS-BR,0.8287832121723031,0.9121228508810448,29.796258347428516,13.721629183343117,0.8424291567119158,-0.004295583302527793,0.9705759320274485,114.62152375713539,109.6497791665586,0.42835482954978943,0.42097774147987366,188
56690000,lstm_global,supervised,CAMELS-BR,0.793813960062455,0.7816602227634092,32.85520835844224,13.079679783354415,-2.4921025284314746,-0.00017378912150524221,0.8078271081924062,123.11004480485506,211.76137020896627,0.2797997295856476,0.2479040026664734,188
56695000,lstm_global,supervised,CAMELS-BR,0.8230942343327595,0.9072891879011673,40.12186504984691,18.89735083043928,1.3397838133957485,-0.001865431336805997,0.9618199708237709,131.46110607132434,234.61115047663662,0.31944042444229126,0.3255980610847473,169
56696000,lstm_global,supervised,CAMELS-BR,0.9282503527960164,0.9049332162796009,24.92150253729052,13.216611923380968,7.111887880890306,0.0005723003946157476,0.909925181553164,78.56166698940753,40.85801300328584,0.405756413936615,0.3898473083972931,187
56719998,lstm_global,supervised,CAMELS-BR,0.8883672908088512,0.8766556600002517,91.36035001955781,29.41220019726043,0.30834622953215035,-0.0017385203574380066,0.8896963782822594,372.22074392935883,802.878139462104,0.2965860068798065,0.250354528427124,188
56720000,lstm_global,supervised,CAMELS-BR,0.8593605934632162,0.9105984438028335,122.23716192334457,49.43860626220703,1.4387713362336272,-0.0002644147463807013,0.9361860174583017,475.21141435220704,474.44107298149635,0.26643314957618713,0.278447687625885,188
56750000,lstm_global,supervised,CAMELS-BR,0.601876512607864,0.5986612680661907,4.759946272808084,1.5700564039573865,1.9955900170492258,-0.0006721302976908164,0.6517801427280683,17.96493992107557,33.373854436274044,0.7728509902954102,0.6524404883384705,188
56765000,lstm_global,supervised,CAMELS-BR,0.5240864986681779,0.44055739911445524,15.561415755884626,3.1869925371509917,-2.089124456582374,-0.008032972406784102,0.4528443113099009,66.09213942521367,145.4019766113667,0.8568827509880066,0.6663057208061218,188
56775000,lstm_global,supervised,CAMELS-BR,0.6453508411638931,0.6078756450487208,12.342567331389539,5.856891136903029,1.5036772113990071,-0.0006654061690360372,0.6476180461563062,44.23418028840402,68.16143798828125,0.35272204875946045,0.24593621492385864,52
56780000,lstm_global,supervised,CAMELS-BR,0.9935530560498346,0.987997818089644,0.6109306260378938,0.442491661418568,1.1229558101667678,-0.001845186222238204,0.9883103161597403,0.7810501130008849,1.177473236844088,0.08800661563873291,0.09147053211927414,110
56787000,lstm_global,supervised,CAMELS-BR,0.5229603571759565,0.7071552334359736,8.890037805944194,4.099418229744082,10.05628849237214,-0.0024846727376496187,0.8564813944302859,29.375561231539148,47.396478247631926,0.5693336129188538,0.4379337430000305,183
56800000,lstm_global,supervised,CAMELS-BR,0.7590855158235957,0.8797263264107846,9.367224882811906,3.353822786467416,1.1787387031992707,2.1462482706353925e-05,0.9574640203156665,38.143633328192095,59.98421648030158,0.5454044342041016,0.4942980110645294,175
56820080,lstm_global,supervised,CAMELS-BR,0.8862991782783565,0.8775772427584068,45.569044262517735,22.089669816037443,7.180808397582533,-0.0005760891477732816,0.8857347428572833,175.0718176920713,120.77613424435604,0.4820270538330078,0.4667024314403534,188
56825000,lstm_global,supervised,CAMELS-BR,0.8181508912475279,0.7921602863194714,52.605105442589924,21.606672286987305,0.054281084505891135,-0.0005761462025960576,0.811019977081205,206.85612713744445,362.21865304641926,0.4139809310436249,0.3161858916282654,184
56830800,lstm_global,supervised,CAMELS-BR,0.7811571468848046,0.753539120122265,124.38576936440218,32.87783521286985,-5.475359207680922,-0.003325538440437127,0.7768046905101255,509.4236088753313,1100.6589402283735,0.43975383043289185,0.3950846195220947,188
56831000,lstm_global,supervised,CAMELS-BR,0.8774769936274324,0.8315958909177666,104.15792967741473,42.89804015621062,-3.4998042949545622,0.0006586147053871776,0.8416370292537423,388.7746991030556,351.5049111577701,0.41306737065315247,0.35508742928504944,186
56845000,lstm_global,supervised,CAMELS-BR,0.9294412421572255,0.8859957199369177,1.3318080670929813,0.7372469586577821,6.105470635299732,-0.002512644978372957,0.890208243524104,4.168121612347746,7.738536102347216,0.5905424952507019,0.4918484389781952,188
56846000,lstm_global,supervised,CAMELS-BR,0.5892757865504883,0.5404992659530339,36.201804328265226,9.57473742702733,-10.383862699541018,-0.004362609778134362,0.5893748072668681,152.8443426102815,291.21088267148866,0.652983546257019,0.3738555312156677,184
56846200,lstm_global,supervised,CAMELS-BR,0.8928241093970889,0.905935217558598,105.02808493087085,48.5358985452091,-0.9851182487126053,0.00019880322745336604,0.9221421659785844,351.47591978010985,585.2313398172822,0.4613550007343292,0.4325113594532013,187
56846890,lstm_global,supervised,CAMELS-BR,0.9631990796278125,0.9385116177160786,3.0312219261529707,1.427435152566255,0.5569603402134296,-0.0014684014422407382,0.9405304743531403,10.076119866581628,13.263497879441807,0.4164194166660309,0.38879501819610596,134
56850000,lstm_global,supervised,CAMELS-BR,0.9476547596513627,0.9533089861044652,103.16869831157555,54.71633754185268,3.6927919729230196,-0.0013081323220874817,0.9604227473944493,369.4091338086047,142.00756794027595,0.3081560432910919,0.3224540650844574,175
56851000,lstm_global,supervised,CAMELS-BR,0.9494365009132619,0.8727245351897654,0.9781649219134552,0.4856153391502999,11.154431821621325,-0.003885540230606093,0.8742409052822852,3.143969838704298,4.8655743726058045,0.5928221344947815,0.5718477964401245,185
56860000,lstm_global,supervised,CAMELS-BR,0.8261220236034468,0.8008739829782038,11.073985326734375,3.0264123496801956,-1.071025539456544,-0.0018140992902113198,0.8179056977780056,43.65483474093345,93.85225300559674,0.4123062789440155,0.31723928451538086,184
56870000,lstm_global,supervised,CAMELS-BR,0.7389024414636666,0.8512601363370196,2.8438227117139103,0.9162329347885173,7.560359154799466,-0.002404933833598754,0.9216624383751925,11.082253616440452,19.32854404918792,0.4599229395389557,0.4796723425388336,184
56880000,lstm_global,supervised,CAMELS-BR,0.882030076078876,0.895321211561309,6.8568062146928055,1.9855936253630875,-0.3386041447036041,-0.004164876164435099,0.9145376813188454,28.00259175263842,55.029886666134146,0.510663628578186,0.3941801190376282,149
56891900,lstm_global,supervised,CAMELS-BR,0.9654460613766168,0.9165664567863425,10.973442995986062,5.08588489065779,-0.18935479737637445,-0.0009527792773571242,0.9177519308622752,36.244668803612356,56.4684649839418,0.40589991211891174,0.3696034252643585,188
56892000,lstm_global,supervised,CAMELS-BR,0.9387293352251538,0.9645874926573483,9.449090842532213,4.875261773454382,1.2810841974363933,-0.0009219953436798572,0.9810264795924726,34.397717092128225,18.46032658188456,0.25352150201797485,0.23046857118606567,188
56915500,lstm_global,supervised,CAMELS-BR,0.9168251740117586,0.9578089742941572,2.480910455974754,1.0006421603798088,0.44670985155770093,-0.0011496473318597447,0.9871200377575521,9.553027227581286,7.351032250451473,0.48680177330970764,0.4806402623653412,153
56920000,lstm_global,supervised,CAMELS-BR,0.9624152700838139,0.9440110042482515,132.2357701956789,79.30966536495664,1.8133131987391438,-0.0008920781912975448,0.9469453175709037,386.75522711454505,309.43028848774486,0.4254850745201111,0.410869836807251,109
56923800,lstm_global,supervised,CAMELS-BR,0.2355852835535771,0.2263847287060884,0.24472223968362275,0.06567427467435916,-11.552053557236295,-0.004564338071027851,0.4047108505208199,1.0190260334537662,2.1669182124511517,0.8093975782394409,0.4674002528190613,188
56924100,lstm_global,supervised,CAMELS-BR,0.42740071434058036,0.6059913432542393,0.3177777050874894,0.17981594149023294,16.58812869947273,-0.005299190192921988,0.7599878444767129,1.0801838609415353,1.7253063089493992,0.5522581338882446,0.36716726422309875,188
56924500,lstm_global,supervised,CAMELS-BR,0.16796596833703203,0.09462197876863487,2.365770419149457,0.5143254525635553,-14.519955704175961,0.0005135408181410478,0.2539134733601577,10.040932875716091,21.367953875600872,0.8015429973602295,0.342827171087265,184
56925000,lstm_global,supervised,CAMELS-BR,0.7173428404119238,0.8133086446397172,0.6592207732993176,0.35583096631663913,6.830225999461464,-0.0009343476502731013,0.8805563083899154,2.3840949959866387,3.253181824034032,0.29705020785331726,0.1947280615568161,188
56928000,lstm_global,supervised,CAMELS-BR,0.5031035066783927,0.5056293783942098,5.38241873406331,1.4922667355772028,5.974667634489505,-0.0007554526111478235,0.5824063560352218,22.75190215326292,45.239354352105885,1.0730419158935547,0.7094709277153015,188
56935000,lstm_global,supervised,CAMELS-BR,0.2773690840597963,0.22643652170027007,13.542918092987614,3.396146688055485,-10.695333735566075,0.00020134430217560138,0.3403320821988809,57.96878646110661,108.74106585859089,0.7231736779212952,0.33256474137306213,188
56940000,lstm_global,supervised,CAMELS-BR,0.8759865094678079,0.7645606440104303,12.452205015223479,4.4519861976572335,1.5738145946599709,0.0017470486337302256,0.7674200313441921,49.46978549625906,89.11822413052245,0.612665057182312,0.5263848900794983,149
56940002,lstm_global,supervised,CAMELS-BR,0.8025185331131344,0.7563858285855413,9.78136758217183,3.097079863459427,-0.9131832055893981,0.001685909032432379,0.7693338117210121,39.38479998165642,80.51102172723176,0.4236910939216614,0.32473719120025635,161
56941000,lstm_global,supervised,CAMELS-BR,0.9495943212284288,0.9535638942380316,112.50168700141344,54.0961800663849,-0.059451817656371767,-0.0008916344962662838,0.9611200759385075,369.63823478303823,602.1804799469234,0.2778308689594269,0.24857594072818756,183
56943000,lstm_global,supervised,CAMELS-BR,0.8904552618265884,0.81931241150344,0.6125160760226351,0.230190838270999,-1.574145162045648,0.0011940622538102732,0.825679524633939,2.2557767605902814,3.347897345039806,0.3122306168079376,0.27017685770988464,188
56948000,lstm_global,supervised,CAMELS-BR,0.9299861601383425,0.9615660103714541,155.64150938508706,71.32696496872674,-0.031381113111540966,0.0002821797475059968,0.9839458821497605,486.92762616138464,695.809238915347,0.2618895471096039,0.26484957337379456,168
56948005,lstm_global,supervised,CAMELS-BR,0.9511592125191014,0.9580826233283508,137.2529636706191,65.4053551217784,0.4719750395331025,-0.0016814711079565815,0.9659291095912677,453.25911571096646,378.04812338193875,0.3411671221256256,0.33224397897720337,184
56960000,lstm_global,supervised,CAMELS-BR,0.9765742878127407,0.9199281612610554,3.246348171676081,1.8962425131064196,7.777328635288345,-0.002626971127363785,0.920550853179056,7.071484796784151,7.761244569746808,0.33963996171951294,0.3609471917152405,169
56960003,lstm_global,supervised,CAMELS-BR,0.7588420551066155,0.8017749735688771,5.992422221739661,2.487271001364322,-1.993587146974916,-0.0031705118379641017,0.8487354651085831,23.271543431734152,43.74439817598948,0.49963974952697754,0.3839360773563385,188
56960005,lstm_global,supervised,CAMELS-BR,0.8186570520729791,0.8161529888494149,7.78051835419062,3.592041217266245,1.5553145614803419,0.0006583614807370262,0.8408626061639433,28.021888876486262,39.155961249356736,0.36966899037361145,0.2811870872974396,188
56963000,lstm_global,supervised,CAMELS-BR,0.7872221296547309,0.7841808088603383,2.446108178873455,0.9867668976175025,-6.386619245307709,0.00014168600110802884,0.8126680288268716,7.525605608313554,9.51962468174645,0.3158022463321686,0.23361797630786896,188
56967000,lstm_global,supervised,CAMELS-BR,0.8615998029214118,0.9237325853685384,9.89141909749547,4.036798662327706,1.4298407140566805,-0.00027817371517083536,0.9698138068090871,38.714355644991194,72.77006638137219,0.37334075570106506,0.3241160809993744,188
56974000,lstm_global,supervised,CAMELS-BR,0.8751586521785574,0.9174616087315327,11.448531645128384,4.976155590503774,2.628070178205224,0.0011955048243653572,0.9385723850321936,43.015505745404106,71.02062264815089,0.30983132123947144,0.3108489215373993,188
56976000,lstm_global,supervised,CAMELS-BR,0.748706112238192,0.8553093874434082,15.576619007250944,6.167149382702847,1.4070483970576664,-0.0004651151732152324,0.9294803449650918,59.86261487793089,68.26110731598445,0.5157500505447388,0.48506924510002136,188
56978000,lstm_global,supervised,CAMELS-BR,0.877401845051528,0.8525953341665926,18.570636771395463,7.1036418857781785,-0.12319598963194701,-0.004848641531806117,0.864913324241407,69.92407645118476,99.70090017732976,0.4933105409145355,0.4079899489879608,184
56982000,lstm_global,supervised,CAMELS-BR,0.9043943018254758,0.8690808974278817,15.481811801933567,6.162360952255574,0.17441159354167474,9.47357350929226e-05,0.876683044492841,57.03542959214927,86.3703666176479,0.28339478373527527,0.2614222466945648,188
56983000,lstm_global,supervised,CAMELS-BR,0.7412904985515536,0.8556451038789271,3.1814767572714597,1.2854651815217475,4.732616012959781,-0.00040610597396290027,0.9410637039600658,7.432862888584158,12.528766393867151,0.3951484262943268,0.30355677008628845,184
56985000,lstm_global,supervised,CAMELS-BR,0.7201976798468639,0.6182593442436108,2.689781463903029,0.5588825124692409,-15.859232897789024,-0.001029133272957089,0.639401111217626,11.514238655946931,24.544096382267796,0.9049230217933655,0.6695384979248047,188
56986000,lstm_global,supervised,CAMELS-BR,0.6685081596277795,0.6885308613682062,2.624888418973315,1.2207005632684587,-0.3445658029742299,0.00020421299426525395,0.7415225259142241,9.195797381655282,15.308862103018383,0.3052738606929779,0.22377260029315948,188
56987000,lstm_global,supervised,CAMELS-BR,0.7364339199032084,0.7371434264005877,4.643966299789155,2.1945412743766353,7.257519779121966,0.00253016170940786,0.7749481844621393,16.824433858341447,21.1148318768087,0.5889511108398438,0.4680229425430298,159
56988000,lstm_global,supervised,CAMELS-BR,0.955987244521093,0.9221072891877131,3.44896133831679,1.4461109323815986,2.0283416895820743,-0.0012821767850480677,0.9247383152311774,12.450952995811596,17.58492783121137,0.47596079111099243,0.4161233901977539,182
56988500,lstm_global,supervised,CAMELS-BR,0.9221480294419214,0.9233328513525791,6.237027187538132,2.6695208805863575,-2.8781125631945734,-0.005277389625295295,0.9336648566042556,21.2200441526093,40.87664794921875,0.6675310730934143,0.6102104783058167,93
56989000,lstm_global,supervised,CAMELS-BR,0.7862643202794095,0.8284614603788918,3.796311232888193,1.7320216361512528,1.7910038974646074,-0.0005206601342992844,0.8704349448762785,15.061036745887337,22.26121475133147,0.3497510850429535,0.3023970127105713,188
56989001,lstm_global,supervised,CAMELS-BR,0.2562729064114804,0.47063575531008384,10.605332735975466,2.2372652826638055,6.8192302474505535,0.00033553392050490044,0.48112807440614336,43.644753132143485,94.82638660587271,0.38343358039855957,0.4968533515930176,174
56989400,lstm_global,supervised,CAMELS-BR,0.5724956020124488,0.5684964511184478,43.23987082038236,9.800608955489265,-2.9391705498752145,-0.0003416117417860201,0.6291363157999563,184.20593022875073,363.0217401792161,0.563382089138031,0.4869290590286255,180
56989500,lstm_global,supervised,CAMELS-BR,0.8970615547320926,0.9362296562755243,8.132525542219994,3.7873116193498886,1.253630067639134,0.00198696407038307,0.9596741140649179,27.941991368848885,23.196799838725497,0.4020821750164032,0.35134226083755493,175
56989900,lstm_global,supervised,CAMELS-BR,0.9210703867143941,0.8564447436954816,23.843104259410385,10.544925385333123,-2.5967635393283683,0.0001810902529000083,0.8604495590277847,85.28138803657208,143.44361630753707,0.40552350878715515,0.37743180990219116,188
56990000,lstm_global,supervised,CAMELS-BR,0.8905349883116843,0.90680990271268,29.94649663660334,12.714931437309753,3.220889426205401,0.0013579170319401902,0.9249150960228465,76.74527032582057,127.574098870742,0.3342145085334778,0.3580378293991089,188
56990500,lstm_global,supervised,CAMELS-BR,0.8048879455906031,0.6834122043543953,3.7659568354995856,1.0330927497521538,-7.122275062332482,-0.0012412513488859987,0.6918117133396607,15.808482866841183,32.412225212417965,0.7679193615913391,0.5471282005310059,188
56990990,lstm_global,supervised,CAMELS-BR,0.6902648735586356,0.7768308244605797,2.346774424729085,1.1831994200800802,13.544196703256315,0.000367068667169939,0.8114712674543693,8.151392601312729,6.567151221421926,0.46385854482650757,0.42356669902801514,182
56991000,lstm_global,supervised,CAMELS-BR,0.6040620143663741,0.7923831709334077,1.6806695408635213,0.8532668741622774,-0.4273265298711803,-0.0035226593925385633,0.9485892495807488,5.265568631452992,7.536311142668116,0.34057119488716125,0.30058950185775757,101
56991500,lstm_global,supervised,CAMELS-BR,0.4526999151475313,0.45386084782183045,12.769096990345652,4.417317219237064,-5.429395538142485,-0.0037768053713378366,0.5447732546218431,52.92069659445285,106.62518164024158,0.5522027611732483,0.325853168964386,188
56992000,lstm_global,supervised,CAMELS-BR,0.6408014481035671,0.8023262742536283,12.489963873849959,4.68291952961781,4.48263412260432,0.0014772703377626435,0.9321035644298297,48.87899622138815,44.723005627084994,0.5671854615211487,0.452221542596817,183
56992400,lstm_global,supervised,CAMELS-BR,0.9512726132520432,0.9350173258509134,175.79235831473608,87.00164876085647,3.782441633823033,-0.0016153519199181322,0.9394171267677582,644.9743531766026,612.141289117236,0.4334683418273926,0.3562752604484558,188
56992500,lstm_global,supervised,CAMELS-BR,0.8037191170973762,0.7007194978528903,0.4812922187582511,0.16594411876607448,-0.488425443968077,0.001895108008481453,0.7093531884532189,1.9568447470909731,3.975051293142265,0.4225185513496399,0.32261258363723755,188
56993000,lstm_global,supervised,CAMELS-BR,0.7913577206111562,0.8654392711719578,1.3738672444086042,0.7472712321484343,3.567952070227726,-0.000770767701702868,0.9202541562030276,3.384564774136094,3.596469075632061,0.40190020203590393,0.30366379022598267,188
56993002,lstm_global,supervised,CAMELS-BR,0.341750878669021,0.37010605788192763,5.403426298538528,1.5595751483399505,-0.8375797316767561,0.0008312821513781314,0.5091524521063144,22.991607778251762,41.971696519153575,0.8702856302261353,0.5448980927467346,133
56993551,lstm_global,supervised,CAMELS-BR,0.8759029820424349,0.8921524904031412,3.5305715955721615,1.562853033330255,0.20015408107439206,-0.012002011326714263,0.9123018129619281,12.945857282357892,20.875582633046804,0.6786801218986511,0.5874452590942383,153
56993600,lstm_global,supervised,CAMELS-BR,0.9052068463170475,0.9228603079696468,2.9403373970708016,1.1061296881513392,-0.9044224755594162,-0.0014290973392357027,0.9394756155510257,11.252778884394978,17.10263311597486,0.5436304807662964,0.43145328760147095,188
56994000,lstm_global,supervised,CAMELS-BR,0.74232974135801,0.7411399642757945,4.5800135592818565,1.5782538195916762,-5.688062982814882,-0.005963858136203658,0.7781344075816943,16.374502762683054,31.978390415828787,0.32202258706092834,0.27039310336112976,120
56994500,lstm_global,supervised,CAMELS-BR,0.9757009362077843,0.9461461942118654,107.43066474194346,62.36720275878906,4.245478269820337,-0.001514379907185382,0.9469906487680011,317.8611520631372,194.1175188860934,0.3430912494659424,0.37387382984161377,184
56994502,lstm_global,supervised,CAMELS-BR,0.9482959791748183,0.9055685628297351,202.49761968495187,91.32103786673598,-1.9933822705086364,-0.00039455443748345753,0.908450684329648,723.9403231325615,1391.5611883584315,0.28947514295578003,0.2543576657772064,186
56994510,lstm_global,supervised,CAMELS-BR,0.9297005754090281,0.8784135496285568,207.53758136863183,96.87211483082872,-0.8861301431340873,-0.004491927267962902,0.8820385932992654,726.2675628388281,1583.7578195549347,0.43516573309898376,0.39317047595977783,188
56995000,lstm_global,supervised,CAMELS-BR,0.9012271375929897,0.9178148130481976,1.772421767800748,0.9832184957538513,6.642270464784228,-0.00866838319712361,0.9331451605934855,3.3335519625442407,1.3465547545431966,0.6273089647293091,0.5532315373420715,188
56995500,lstm_global,supervised,CAMELS-BR,0.9036584087524904,0.9103328644241871,3.0766864680534196,1.4218228747785995,7.6419261340319515,-0.0015826850640051487,0.9230407888472042,10.203969519306336,7.756345314933422,0.5947629809379578,0.6395253539085388,132
56998000,lstm_global,supervised,CAMELS-BR,0.983810468864651,0.955512733818658,102.52390291120685,53.81458342179008,2.335059003152841,-0.0017681862166112061,0.9559149857074969,350.595333292124,337.47670789299076,0.2680042088031769,0.28505295515060425,115
56998200,lstm_global,supervised,CAMELS-BR,0.8888183044977325,0.8487221896209874,177.655936071973,72.2200198883706,-3.209377546435066,-0.0016037184683006661,0.8572257670659928,689.2033368503312,1077.4047781468573,0.4122380018234253,0.36305758357048035,188
56998400,lstm_global,supervised,CAMELS-BR,0.9536646402032789,0.9240532421744767,2.383365787073313,1.3211584836244583,3.05674612722088,-0.002971316088210881,0.92671356776405,8.238419608754661,14.738878066955518,0.41690266132354736,0.38576701283454895,188
57040000,lstm_global,supervised,CAMELS-BR,0.5330330583408842,0.5739223856094267,1.4189508789004917,0.5309521589190402,-0.4530692615808455,-0.0020323509454098464,0.662983674578278,5.649485049453488,11.17838983159341,0.6121948957443237,0.4927166700363159,188
57040005,lstm_global,supervised,CAMELS-BR,0.6501044614101772,0.6469128962998079,1.1304852992596932,0.8548360639747153,32.56700869455118,-0.003030594373541381,0.6705983954211927,2.8267451514896837,3.9823164208473902,0.43659234046936035,0.4034743905067444,188
57040008,lstm_global,supervised,CAMELS-BR,0.75564265355289,0.7876689386566503,0.7473546876013146,0.35936005080633976,13.840099625172748,-0.0018784002623288797,0.8276079062778916,2.2076049969749665,2.4565926775601667,0.7450907826423645,0.6016400456428528,188
57118080,lstm_global,supervised,CAMELS-BR,0.5276749347017351,0.6890624376470431,2.7174661009577936,0.7039692647316876,-0.9086020168245167,-0.0017991299650790167,0.8353879428079551,11.45121220186452,23.128864408588168,0.5734362602233887,0.5676883459091187,170
57119500,lstm_global,supervised,CAMELS-BR,0.9337893466284187,0.913963834175579,0.769764774480935,0.47206319652754686,7.348989114628907,0.0009636875316245113,0.9187447764985092,1.585199933367969,1.2890334822338658,0.3782273232936859,0.32545238733291626,145
57120000,lstm_global,supervised,CAMELS-BR,0.8448664320894166,0.7143260880305398,11.10144188242329,5.765592547825404,-0.732763557999257,-0.0010139197597465984,0.7177588511686996,38.31743796072555,53.78263854980469,0.1250665932893753,0.1277875006198883,70
57120080,lstm_global,supervised,CAMELS-BR,0.8382535989143342,0.8526748528092447,2.0152502420518936,1.1950299327190106,12.889366897653396,-0.001514299951858391,0.8698079893936933,4.815666775978537,6.885679589103123,0.42755693197250366,0.3898453116416931,169
57130000,lstm_global,supervised,CAMELS-BR,0.9170815936649271,0.915952744389118,3.9300652827314613,1.6168794913238353,3.692747906885685,-0.0002541435980395017,0.9247935335328837,11.640545087501764,22.476809191084232,0.42829540371894836,0.3893336057662964,178
57170000,lstm_global,supervised,CAMELS-BR,0.9244071726160952,0.9272385815387384,2.6272561073736718,1.4455340025217638,1.144155174255534,0.0010464768235936006,0.9377546911341779,7.615151858760459,7.627946816435192,0.3417317271232605,0.32168081402778625,184
57190000,lstm_global,supervised,CAMELS-BR,0.5773476446324604,0.7786983877000228,1.1869972069372674,0.6134543634475546,4.195244979500661,-0.001507356527762349,0.9396647123346099,3.7582221708516403,7.6655222716241305,0.22732964158058167,0.19554825127124786,188
57200000,lstm_global,supervised,CAMELS-BR,0.7020277406622603,0.8171276923249183,2.3971097855553007,1.1255252943949754,-0.766288184908888,-0.0018404994463087857,0.9098146111080485,9.06041277695281,17.293205377119587,0.3703153729438782,0.30809494853019714,178
57230000,lstm_global,supervised,CAMELS-BR,0.84390646840852,0.8831619501165432,7.714439573228143,3.5846924808438265,-0.7255028745674525,-0.002406354222790638,0.9153492559808221,22.255863470591805,30.090902841660245,0.3243735432624817,0.2786259055137634,179
57250000,lstm_global,supervised,CAMELS-BR,0.7638588379026631,0.8600863888403398,1.4950616359017672,0.8089805776658265,3.318397764940913,0.001688899803395167,0.9305623389068445,4.975424634235096,7.929002261990077,0.2507188618183136,0.20124664902687073,184
57255000,lstm_global,supervised,CAMELS-BR,0.8775911362189956,0.9371608622987441,1.043468864948344,0.6162328800009615,0.7446887015237644,1.3456331172338049e-05,0.9876257749132868,1.3573835551494997,0.6739251147006732,0.19737279415130615,0.19166646897792816,179
57256000,lstm_global,supervised,CAMELS-BR,0.8897907072753448,0.909515480205462,0.35681962847128107,0.19123315843202734,1.0823332054049184,-0.0012431151909286856,0.9292174260898156,1.0390805660200924,1.1718746481028652,0.23091375827789307,0.2323995679616928,186
57257000,lstm_global,supervised,CAMELS-BR,0.7306653257476963,0.8650566729775486,2.014184924591825,0.9993193812548795,2.865006550927026,0.0008378937049256449,0.9574170050125179,7.009192669526773,12.386493025017929,0.22845326364040375,0.1904573291540146,187
57300000,lstm_global,supervised,CAMELS-BR,0.7778032991822029,0.8140734021763364,2.0397586092225986,1.1010431836291057,1.8533965221285107,-6.137692587559161e-05,0.8555921554217008,6.269305229659582,3.868152618408203,0.4317339360713959,0.32856863737106323,82
57320000,lstm_global,supervised,CAMELS-BR,0.49150279374586237,0.5541977414721418,1.5982093443904382,0.7979834924882917,14.812015001754629,0.001321935992496557,0.610149803171633,5.756032750225787,10.94656753540039,0.46267062425613403,0.3145824074745178,67
57350000,lstm_global,supervised,CAMELS-BR,0.733958920291598,0.769509546962603,1.92890414197022,1.0049402507713863,5.560760189977425,0.0009693369771474128,0.8166964563524562,7.167476016507212,9.731252636917105,0.4245016276836395,0.3302377164363861,175
57360000,lstm_global,supervised,CAMELS-BR,0.3962817874092517,0.37704684690077683,6.158984664499718,1.7343053895494212,-3.0460810697008176,0.0004270837861061697,0.4660811102755704,25.360068206838378,54.81901543756319,0.4286511540412903,0.23136603832244873,184
57370000,lstm_global,supervised,CAMELS-BR,0.4929174205055542,0.46091707225400314,8.918983158218845,3.333545022684595,-3.086300181861937,0.0015118180093847654,0.5250557188970706,36.441716035594524,64.96875870887561,0.5259605050086975,0.28009241819381714,184
57390000,lstm_global,supervised,CAMELS-BR,0.7589549220432368,0.7797048979443315,6.274656476821579,3.4588374463801688,1.7515855186770288,-0.002662978118428038,0.8194483443229941,20.86186890953486,29.077699599598088,0.4486064314842224,0.32740482687950134,188
57400000,lstm_global,supervised,CAMELS-BR,0.5361129596298808,0.5343076017966321,12.067059840753661,4.386523925739786,-1.6817525464918825,0.0035517721666659674,0.60466455790651,48.39397977266593,92.28510547739133,0.49638089537620544,0.26543766260147095,184
57410000,lstm_global,supervised,CAMELS-BR,0.6584798811698577,0.5955045128170893,15.62649636201037,6.106799675974735,-4.383832334258022,0.0007598562826096472,0.6275220087670983,62.35467678729792,110.55002580290206,0.5578750371932983,0.33157771825790405,172
57413000,lstm_global,supervised,CAMELS-BR,0.5385469272580198,0.642815420838275,15.80369557483427,6.002588295642241,-1.362078811791829,0.0014244012554817664,0.7592430089721036,60.040296028838966,118.25378506803283,0.48792529106140137,0.3575073182582855,162
57420000,lstm_global,supervised,CAMELS-BR,0.8992181174619363,0.8200359447151673,3.007598466692996,1.7742560370629574,14.822248535257458,0.00035209547544875347,0.8233635507261378,7.885041905546859,7.595158340802866,0.43342700600624084,0.40086695551872253,119
57440000,lstm_global,supervised,CAMELS-BR,0.7981373299143263,0.8390421737255842,1.2817052778075295,0.7251294866044891,7.9013813786607985,0.0008478830260589473,0.8775846029422946,3.018038393655603,4.036933327906465,0.5751051306724548,0.4170648753643036,187
57450000,lstm_global,supervised,CAMELS-BR,0.6795419971247696,0.6342598755228224,16.06084906103349,7.262600443256435,4.0470958228169,-0.0004340889935033794,0.655406353924256,55.65932123614195,109.66047668457031,0.44092583656311035,0.24165093898773193,67
57460000,lstm_global,supervised,CAMELS-BR,0.7376136949475899,0.6475072948376503,32.78907657522627,13.96504534559047,-2.4659745309482006,0.0015800042674201827,0.6629070981131981,132.24728240968406,250.6526095961433,0.49034759402275085,0.3304586112499237,188
57474000,lstm_global,supervised,CAMELS-BR,0.9062966543099666,0.8658629618964844,1.8371207366989526,1.0778250433900889,12.194187711978831,-0.0022699612760306125,0.8726840929223884,4.823932015472968,3.090693309820051,0.5786417722702026,0.46852007508277893,188
57476500,lstm_global,supervised,CAMELS-BR,0.3845102894968049,0.40395620725506287,8.389392939703734,2.3765578176016393,-0.8911015278452383,0.0015694087202429811,0.5248331699606046,35.02292615244072,74.63622712200305,0.5729638934135437,0.3365618884563446,184
57480000,lstm_global,supervised,CAMELS-BR,0.4940430518693587,0.6709467620707441,5.991137955629886,2.4927766957590656,5.817866676330526,-0.0017757873859358224,0.8335219684927149,23.52318125612376,42.35037484780351,0.5888150930404663,0.4609673023223877,186
57490000,lstm_global,supervised,CAMELS-BR,0.7618952943188265,0.7948185301321693,10.638750403251592,4.137438287283923,-0.7803173024139366,0.001990075521571079,0.8373114387019986,35.887298006171314,68.68876616331188,0.49336037039756775,0.4352373778820038,185
57550000,lstm_global,supervised,CAMELS-BR,0.7514213074785374,0.8302106622987783,11.605792288744103,5.01028337751116,2.747607323118418,-0.004889525119460874,0.8931584071559373,41.44698374076172,74.84582038143381,0.5000333189964294,0.4091460704803467,175
57552000,lstm_global,supervised,CAMELS-BR,0.8886637923588248,0.9131968826035697,0.8413478267652036,0.4764316475137751,6.4368563692704495,0.0005173901388686487,0.931617665906258,2.2674297137597086,2.0678721778316236,0.31169596314430237,0.2954118847846985,188
57555000,lstm_global,supervised,CAMELS-BR,0.7921526467912384,0.8305132306185845,43.4888068787519,19.671370435268322,2.424369442771427,0.00031423623269610443,0.8700583736449622,162.35445456860808,270.1731309517227,0.4647952616214752,0.38034045696258545,188
57560000,lstm_global,supervised,CAMELS-BR,0.9013975902648741,0.9278998807672725,26.01200587452526,13.158783010814501,-0.6142449347226663,-0.0019300824669466528,0.9475542981260335,74.55128500128481,107.11947616778164,0.4877108335494995,0.43019789457321167,184
57580000,lstm_global,supervised,CAMELS-BR,0.8990274245925176,0.9076131520952077,23.204331216128757,10.0391081607703,1.5905640532314047,-0.0013421468232527496,0.9218273962779224,80.22657252841323,77.7449951171875,0.3713783323764801,0.3280278742313385,99
57630000,lstm_global,supervised,CAMELS-BR,0.24103541179124244,0.37846905362336813,3.862117366334167,1.510418934707946,3.3317911070613495,-0.0008825102893942477,0.6176856945220528,14.356763937606756,27.220040046911624,0.7017437219619751,0.3873891830444336,188
57650000,lstm_global,supervised,CAMELS-BR,0.9070414839185702,0.9267070259958469,0.5489885114282106,0.2756100694338481,5.9105458502775345,-0.005113486816177917,0.9407772722008498,0.456471203842161,0.501673698425293,0.2080557942390442,0.20406301319599152,75
57700000,lstm_global,supervised,CAMELS-BR,0.8389259979100219,0.7874926874899012,3.0578218189591433,1.1065461661504663,0.9083042558764131,-8.501653710109303e-05,0.7963852045579899,12.13672997693806,24.04297096496869,0.3447948694229126,0.29728591442108154,184
57720000,lstm_global,supervised,CAMELS-BR,0.6527400036370652,0.7077344120554431,3.376922637525086,1.4747958179823188,5.942517986638026,0.0011987201229164274,0.7707376350133607,12.848821050079053,25.134120612725635,0.5887448191642761,0.42016857862472534,172
57740000,lstm_global,supervised,CAMELS-BR,0.7090713654843663,0.6688570821508519,7.022003340592339,2.6926707529889944,-3.5440959426607574,0.0006173004615052519,0.6986866384534002,26.834689875721548,46.38314595597036,0.5126796960830688,0.3585198223590851,181
57750000,lstm_global,supervised,CAMELS-BR,0.7863277036712764,0.8214072518784816,13.62096484625449,5.709300408816205,-0.8757692000804885,-0.00011607703025690724,0.8610225787021246,51.9514717706565,76.40380880323094,0.3714584708213806,0.35383370518684387,179
57770000,lstm_global,supervised,CAMELS-BR,0.8986072411030068,0.8828805194527996,1.1344453915295203,0.3902886246357645,2.3669047694501724,0.0014551122401683832,0.8917474472968944,4.358384553613056,8.607693192437045,0.5943948030471802,0.5336573123931885,175
57774000,lstm_global,supervised,CAMELS-BR,0.8046144850308729,0.877884963645065,0.49394313514447585,0.22032139924071406,-1.994478254084189,-0.006534397623771664,0.9321588351150847,1.6450976713178378,0.8245627337731889,0.5811636447906494,0.47285789251327515,184
57775700,lstm_global,supervised,CAMELS-BR,0.8726648048008764,0.9129698627868196,8.447125092074678,4.6420171146086835,6.131147286390144,-0.002399984659665573,0.9370840435061666,27.168364072958212,38.816269087792186,0.47092241048812866,0.4260360896587372,187
57779000,lstm_global,supervised,CAMELS-BR,0.8910822821963957,0.926471342163582,9.825250967984946,5.594791057913061,3.923973110260696,-0.00651583516509751,0.9492017228309246,21.483706406200195,38.16516211103412,0.5530928373336792,0.49255719780921936,187
57830000,lstm_global,supervised,CAMELS-BR,0.8660269237543401,0.8318317250159909,19.21975396159149,8.951629122749704,0.9481796968457843,0.0011036470217416078,0.8442589799700936,70.04830189516113,133.62171539121817,0.4688989520072937,0.38056203722953796,183
57880000,lstm_global,supervised,CAMELS-BR,0.831339157096698,0.8315996613145319,4.229543130511063,1.5321408879372382,-4.729173017092402,0.0004747719858889145,0.855096264568636,14.749191308314222,11.116703452260262,0.6231862902641296,0.5789140462875366,155
57930000,lstm_global,supervised,CAMELS-BR,0.7081847461446975,0.7373509636569984,41.962150556993386,13.594133431479435,-3.2989674302407614,0.0013049978319534979,0.7814953704337124,160.4084634019122,309.7203686570439,0.641065239906311,0.5337675213813782,149
58030000,lstm_global,supervised,CAMELS-BR,0.7168197432355581,0.8048498236339534,4.402637439839034,1.8318241073730144,1.6639721807476673,-0.0012884404516238686,0.8778171421369942,15.442696921445338,19.62718499397971,0.34722569584846497,0.27100321650505066,188
58033000,lstm_global,supervised,CAMELS-BR,0.5286369921726917,0.6150957231202878,0.9925572697139392,0.4440330295486653,3.244703042788002,0.0005935344817157868,0.7101933666970424,3.865151399730558,6.901856969079513,0.27769529819488525,0.19611532986164093,188
58035000,lstm_global,supervised,CAMELS-BR,0.5560410676425076,0.640316168965327,0.2690932288781456,0.14322176226910124,-1.2772755099297601,-0.001351904482955444,0.7451895370633819,0.8948446798693503,1.2714888968229932,0.35436075925827026,0.2286633551120758,188
58040000,lstm_global,supervised,CAMELS-BR,0.8587209828489907,0.8016334804829707,10.059921401140732,4.740338892255511,-2.146540550480711,-0.0006162032188200776,0.811812879367449,36.452644913866244,44.09409834907199,0.3963896930217743,0.35691410303115845,175
58040100,lstm_global,supervised,CAMELS-BR,0.8506670070168864,0.8817343411179218,6.790684448775869,3.6528097670129003,-0.44451132047984215,-0.000598927315983884,0.909127959639981,20.497416576223532,13.84536455727979,0.34251806139945984,0.2873517572879791,188
58040200,lstm_global,supervised,CAMELS-BR,0.8855861040304982,0.9355893853768769,6.058205687558324,3.327311414353391,2.595444398385209,0.0007413680372899186,0.9699471137879577,17.999672639568146,12.586354204667634,0.32414841651916504,0.29805466532707214,188
58045000,lstm_global,supervised,CAMELS-BR,0.9269121727548527,0.952049948075589,5.618375484053297,3.2583553537409355,-0.2853583950610649,-0.0007501796589083846,0.9696277374649951,13.089442038839236,5.693703358962608,0.3314632773399353,0.30717018246650696,188
58060000,lstm_global,supervised,CAMELS-BR,0.7576144515583303,0.8658417691401811,2.3877342955906875,1.4937640530722482,6.267715281250152,-0.0013005993103827988,0.9331277970957349,7.162809168020273,10.811251908446305,0.2766570746898651,0.2206994593143463,175
58065000,lstm_global,supervised,CAMELS-BR,0.2570622162913979,0.4299640622237718,1.2508825987599057,0.517294204303984,8.728360553809447,0.0021792967628832035,0.6595494690835784,4.787138773134658,9.26053894917391,0.6076240539550781,0.33222314715385437,173
58068000,lstm_global,supervised,CAMELS-BR,0.5292458068246944,0.7430708576984796,5.011356901304202,3.209449834011971,6.398776386013542,0.00017219241477077658,0.9095107591551221,16.24534625662667,20.496696944521922,0.34964287281036377,0.27917417883872986,188
58070000,lstm_global,supervised,CAMELS-BR,0.42325746193014124,0.4613090667246381,14.019295118968746,6.4312672306307785,-3.1150505221800007,0.0012867678494668158,0.5828533612253548,57.0957860973506,93.10091644057684,0.4387204945087433,0.25416573882102966,139
58075000,lstm_global,supervised,CAMELS-BR,0.2378908165955781,0.36353164637046975,1.164253673942238,0.5302701338808588,-1.251602357448063,0.0010137169293361146,0.6034771433066451,4.4099038230735985,9.01606322116466,0.42412441968917847,0.27942636609077454,188
58078000,lstm_global,supervised,CAMELS-BR,0.7040033830195367,0.7983448467631736,7.827607762947583,4.786132056662377,2.5507485591611094,-0.0032803047553312432,0.8757792329956844,25.681024824619456,21.1876696851899,0.40853458642959595,0.31307774782180786,188
58082000,lstm_global,supervised,CAMELS-BR,0.7700089403244375,0.8647057030017393,1.9511678516619542,0.9401054991052505,0.3537480033657042,0.0007706208561577832,0.9383169558040325,6.81153715325849,8.180525115373968,0.35249003767967224,0.32584038376808167,188
58087300,lstm_global,supervised,CAMELS-BR,0.9415499552673969,0.9538351611130662,8.236647180888097,4.667892038469484,0.15338173704796204,0.0005527067125020886,0.9644929334291711,2.7481813502849417,2.3701455223521886,0.1550493836402893,0.13613182306289673,169
58088000,lstm_global,supervised,CAMELS-BR,0.44176590756082457,0.6048019105776665,35.38186096216236,13.844964075692092,-5.53064367431303,-0.0016198886761843619,0.7699447118025511,145.75770492947572,230.90848276842584,0.4391559064388275,0.3147009313106537,158
58093080,lstm_global,supervised,CAMELS-BR,0.8850404358847166,0.9359085487588428,11.201039430316277,4.4682170786756155,2.3262025341765504,-0.0004576977879203036,0.9661274369061413,2.0277345062967074,2.765221836560727,0.11870676279067993,0.13053743541240692,188
58096000,lstm_global,supervised,CAMELS-BR,0.9221123195128123,0.946805164776076,10.560994959622752,4.418819899200111,-0.5780847233248539,-0.001163393195537812,0.9644689056138935,18.105280694106433,4.564493200633126,0.13590045273303986,0.13558723032474518,186
58097000,lstm_global,supervised,CAMELS-BR,0.9051248231852382,0.9476384358579294,9.865873656254877,5.812378863070873,1.6387526858882029,-0.0021306885563000845,0.9770943862824052,21.74524066839475,12.693571344630374,0.2551221549510956,0.23542925715446472,188
58099000,lstm_global,supervised,CAMELS-BR,0.9430570912460172,0.9646381952227016,8.966669702815723,3.819845493023212,1.2693736418201516,-0.0005251624257881851,0.9790780594995881,10.497915655408683,9.585105699374587,0.10840564966201782,0.10711045563220978,169
58105000,lstm_global,supervised,CAMELS-BR,0.9581811611914436,0.9707709775407282,4.7684674382525705,2.7211298435292344,1.8057451314935142,-0.0006528374397933787,0.9785365473057855,4.028698152082288,8.707227897414244,0.10332951694726944,0.1003064289689064,188
58105200,lstm_global,supervised,CAMELS-BR,0.8640098229257702,0.9055818166959821,10.960001599161467,6.878955333790881,2.078828613844946,-0.00032774821066574103,0.9347764920333481,17.19560604015517,35.15537033870829,0.25570249557495117,0.23238900303840637,188
58105300,lstm_global,supervised,CAMELS-BR,0.9623267473656826,0.9781527384448012,6.396095790982043,3.3216799269331263,0.7295086675466014,-1.1849770047946823e-05,0.9887178010583215,4.6588747147451395,4.122657356722111,0.12571172416210175,0.12159278988838196,188
58107100,lstm_global,supervised,CAMELS-BR,0.26711336038682365,0.31596003786301075,0.571121465586788,0.21188467935203237,-3.8443290153106555,0.00016402542145427766,0.5125741477463782,2.3375928649955635,4.25100878999121,0.6044259667396545,0.3303811550140381,188
58110000,lstm_global,supervised,CAMELS-BR,0.9451186580472064,0.9487033585392244,9.118471681885314,5.8606936102328095,1.6604658993521924,-2.5082133995654038e-05,0.9562428866938842,14.93344444346243,23.45439206573336,0.27288177609443665,0.26311612129211426,184
58110002,lstm_global,supervised,CAMELS-BR,0.7096840006095959,0.8509143774617383,17.904441217797736,7.545135636763139,-0.4036329182451289,-0.00040218532669810195,0.9800156273910189,2.5821284561855244,3.522491455078125,0.2592771053314209,0.2708480954170227,55
58116900,lstm_global,supervised,CAMELS-BR,0.6981069571842058,0.8031738349586061,0.6705090634971879,0.38459805890600735,6.4440517184788,-0.0003364514089387715,0.8819038057884588,1.8659158502721893,2.7893409723060634,0.4336283802986145,0.3355112671852112,188
58118000,lstm_global,supervised,CAMELS-BR,0.6863846059472418,0.7124357771281301,3.158816109755651,1.1749370580023908,-2.5084365533455166,-0.000397335647197997,0.7651069822919241,12.030308822967097,25.409446267811237,0.39000266790390015,0.314140260219574,188
58120000,lstm_global,supervised,CAMELS-BR,0.7552691031342526,0.8264451352562201,1.5864783694027444,0.8520372937968437,0.4159577919727672,-0.004004863937833895,0.8857239029790515,5.324008843027807,7.574539546726771,0.2992365062236786,0.2663981318473816,188
58122000,lstm_global,supervised,CAMELS-BR,0.8347443255632553,0.7811973926315017,5.0193248129872,2.1955208778381348,-0.41135964523122687,-0.0019231583153149854,0.7922885882320565,18.00418290918482,37.34053064056546,0.3073018491268158,0.2382374107837677,188
58126000,lstm_global,supervised,CAMELS-BR,0.8543825045428393,0.8343031481303294,5.496580413673763,2.9397057903573867,-0.018597918608604103,-0.0010779551157943292,0.8508976524123673,17.38571028955699,27.526199739301397,0.29549291729927063,0.24572452902793884,188
58128000,lstm_global,supervised,CAMELS-BR,0.8499910659695331,0.8556244079358156,6.9935974392354865,3.4722289937607784,0.5306544819086076,-0.0011808792381843135,0.8773647763328201,23.893095263268574,42.17725769869732,0.28899282217025757,0.23505735397338867,188
58128100,lstm_global,supervised,CAMELS-BR,0.9709232973872821,0.9661110370637785,2.646774541560785,1.3987881579297654,2.9850165995773894,-0.0017676779917245589,0.968918608782185,0.9763790002805567,2.1720564745315016,0.1307833194732666,0.13477753102779388,188
58128200,lstm_global,supervised,CAMELS-BR,0.9523627058707014,0.9499865212364108,3.237205766430431,1.6286522898268192,4.303184953699511,-0.0032989600289599387,0.9555005706536782,2.1271822768874524,3.786711740746144,0.23712240159511566,0.2080366462469101,188
58129000,lstm_global,supervised,CAMELS-BR,0.7959740977061132,0.7127493292580903,8.531938002377547,3.8834145069122314,-4.574204892404415,4.1468258887473325e-05,0.72387623693192,31.15750886519685,59.45672719367361,0.3366300165653229,0.25246182084083557,188
58138000,lstm_global,supervised,CAMELS-BR,0.9211063526501574,0.947166390945392,0.9910930706914219,0.45079480016485174,2.1922427101869895,-0.0002589813873438776,0.9653258373685016,3.0561964347114934,0.5447666563447934,0.5300150513648987,0.5008663535118103,188
58140100,lstm_global,supervised,CAMELS-BR,0.652094609873838,0.8336839527102881,22.356811646129763,10.66158271558357,4.39172580847162,6.314542941709272e-05,0.9195949705713221,11.078913974634437,7.9006500244140625,0.15838654339313507,0.14777939021587372,33
58141000,lstm_global,supervised,CAMELS-BR,0.6063960949757057,0.8035524970781769,1.051425561019736,0.5505308505543117,6.079152869517471,0.0009866158445114206,0.9326184135227307,3.541979674076683,2.7239800551258746,0.24910905957221985,0.19606786966323853,179
58141800,lstm_global,supervised,CAMELS-BR,-6.776796373776668,-0.4798359038217548,11.768945741765936,11.463710676540028,146.69498014154507,-0.008313112904653782,-0.46776770839969783,10.208672191501853,13.52692976897328,0.356513649225235,0.15948551893234253,187
58142000,lstm_global,supervised,CAMELS-BR,0.7045006126595172,0.8285143219071923,1.9610937699216173,1.375712643278406,6.219631322264053,0.0009622788248025288,0.9086620125243005,4.09682874825566,6.883114859179927,0.2464214265346527,0.2238914966583252,188
58142200,lstm_global,supervised,CAMELS-BR,0.7782382063651507,0.8011502393952744,2.911054443159058,1.6693007628968421,0.2549228556639819,0.0019814547491679574,0.8388072284762704,8.29393152770025,9.573262797143157,0.39394626021385193,0.28942668437957764,188
58147000,lstm_global,supervised,CAMELS-BR,0.15127776439971852,0.2709162367456084,1.1171787808829046,0.36491495981178385,-10.844004568791862,-0.003218444155212899,0.5539346819938806,4.532724980977167,6.5185230172768085,0.8620218634605408,0.6342383623123169,188
58152000,lstm_global,supervised,CAMELS-BR,0.9515340056064693,0.9715986392981171,7.6422647942547135,4.756700353419527,1.7058639349983085,-0.00026508593122209073,0.9826916660951808,6.782308237302883,4.6527946543525855,0.15754538774490356,0.14185461401939392,188
58152010,lstm_global,supervised,CAMELS-BR,0.9570439624322618,0.9641486361344823,8.83881198999264,5.373197677287649,1.2602353258838523,-0.0004083470769817802,0.9708258799313526,8.70419961474883,16.073041748233145,0.1586271971464157,0.1650647670030594,188
58152100,lstm_global,supervised,CAMELS-BR,0.8729470130126754,0.9157285008853859,11.356979012244897,5.8733556077287,0.21724983915135612,-0.0005252879831637676,0.9468652531850442,35.04622858580493,69.68097653850346,0.21725185215473175,0.20587310194969177,148
58155000,lstm_global,supervised,CAMELS-BR,0.23323691773854494,0.461636309973126,0.2948468251529486,0.12649683313483887,13.0770913587032,-0.0015914604259792547,0.7183564741078269,1.1470571243532424,2.043117952471229,0.6749539375305176,0.48149022459983826,188
58158000,lstm_global,supervised,CAMELS-BR,0.9380560349860843,0.9578573640789294,7.7298934659134275,5.068346977233887,1.7310466493902918,-0.0006601696335302972,0.969497698266722,9.483223509741562,7.67767333984375,0.16502916812896729,0.1573714315891266,84
58158100,lstm_global,supervised,CAMELS-BR,0.9052920318549897,0.8612558553656477,14.90229687779516,7.830597004991897,0.5868409670855451,-0.0005077829586119121,0.8670116058726415,46.272771804816855,103.91775427537323,0.21532315015792847,0.20352321863174438,188
58165000,lstm_global,supervised,CAMELS-BR,0.7734734334462487,0.8625760711977802,0.8881896084463186,0.4771732496137315,8.000149103554628,-8.676407758357457e-06,0.9171500858587227,2.6507275717203473,1.4612721853729456,0.3522177040576935,0.3213876783847809,188
58170000,lstm_global,supervised,CAMELS-BR,0.2582963117342547,0.19923835416907654,3.0973939686365095,1.0381455060015334,-9.567210366157305,-0.0007558897721668149,0.312342978899266,13.092675613518672,21.760154349154064,0.5486857295036316,0.22239986062049866,188
58170100,lstm_global,supervised,CAMELS-BR,0.5862400858224689,0.6569799952369926,2.9807634634398212,1.1798687627974977,2.806746686553244,-0.0031399670204614524,0.7477682915105328,11.528980627393546,15.016956741424853,0.5961806178092957,0.40857917070388794,188
58177000,lstm_global,supervised,CAMELS-BR,0.922663352023769,0.9453013573240124,2.14682792581681,0.8955100245690077,1.8952407342509754,-0.0014708232524197722,0.9618171790122496,4.99388397964317,4.818517664898457,0.6154959201812744,0.5858576893806458,178
58182500,lstm_global,supervised,CAMELS-BR,0.9022346676642402,0.9408165553435335,11.245211616984443,6.709281880804833,0.304851550913118,0.0007359569191366074,0.9677766601294181,25.279091455605528,19.075854248156276,0.13019947707653046,0.1258317530155182,188
58183000,lstm_global,supervised,CAMELS-BR,0.9456069905597058,0.9533582616444332,11.96447087992202,7.149527173723493,1.163875190621568,-0.00034554540703952454,0.9615532019160075,37.42165860782135,14.412360842468035,0.18827809393405914,0.1869051307439804,175
58185000,lstm_global,supervised,CAMELS-BR,0.17818208382199108,0.15342626955842298,1.5879925427610289,0.34655850994935694,-7.737942336901574,-0.0034919634196131193,0.3424056810650943,6.806212538608866,14.843575015437729,0.6869707107543945,0.35179606080055237,188
58192000,lstm_global,supervised,CAMELS-BR,0.9406503391826476,0.9698869025949003,11.067789375357737,6.990822431776259,0.64943587298692,0.000466905894422563,0.9922234599077545,18.333411808615995,18.79917818368992,0.16127680242061615,0.15608258545398712,180
58194000,lstm_global,supervised,CAMELS-BR,0.5799242129445888,0.722061806059833,1.3992296489628449,0.7364039792025343,0.8799046501694489,-0.0011520743429444084,0.8488588829606494,4.715698481566218,8.528129515676582,0.41047197580337524,0.2919771671295166,188
58198000,lstm_global,supervised,CAMELS-BR,0.016133010330579123,-0.19964784221692944,1.744877052733605,0.33221983143737194,-14.185266073106508,-9.602381847919478e-05,0.05546449944126197,7.753856728836809,15.942491616664295,0.5743986964225769,0.19851838052272797,179
58201000,lstm_global,supervised,CAMELS-BR,0.9262280806095476,0.8999469675615859,15.631490158134904,8.892995059851444,1.0744220843794094,-0.0014384059981574129,0.9056196002842419,42.746678741606836,88.48308605827228,0.2461843639612198,0.2278030961751938,165
58204000,lstm_global,supervised,CAMELS-BR,0.8152718888535962,0.8968035752856092,23.036413456137936,11.638786315917969,0.6859514447830088,-0.0011931376681580778,0.9587040240528093,58.399565189863644,113.38325701309829,0.2086249142885208,0.19251960515975952,186
58206000,lstm_global,supervised,CAMELS-BR,0.935483986130043,0.9293437620616926,10.348557525082663,6.4811720746628785,0.36357556592913914,-0.0010510351494593517,0.9370960146874387,14.268149867043299,20.694764096903334,0.18555164337158203,0.16989290714263916,188
58207000,lstm_global,supervised,CAMELS-BR,0.7735164522745699,0.873623976554953,1.3063056432902533,0.7254508689362952,5.331284876837242,-0.0027649482963944608,0.9431330958743708,3.477747267632323,3.418834755781725,0.3918123245239258,0.31400561332702637,188
58211000,lstm_global,supervised,CAMELS-BR,0.9069402894653471,0.9507747612937484,1.7479142806464227,0.8184144174351412,-0.7664221557546164,0.0016214220227805734,0.9817103722536193,5.585912832058446,11.199485160405398,0.5034003853797913,0.4833768606185913,170
58214000,lstm_global,supervised,CAMELS-BR,0.949011499159528,0.9573505648595251,9.655029104792185,6.463683648542925,1.1042164432076012,-0.000506166041019206,0.9646741171714948,22.789642508051255,19.69647216796875,0.18523499369621277,0.16897448897361755,88
58215000,lstm_global,supervised,CAMELS-BR,0.5200388001062618,0.6639279918970264,0.4450819905451651,0.20877766084084484,2.265963660437816,-0.007450874492050549,0.8040113279610847,1.5982312605070368,2.148132725689825,0.5939627289772034,0.3728388547897339,188
58217500,lstm_global,supervised,CAMELS-BR,0.3405258119979918,0.2908203448566926,1.0470519061893637,0.3427330272945952,-14.958395171744838,-0.008380547262252406,0.392561751528836,4.373323131310766,8.333239196589872,0.9924479722976685,0.5780472159385681,188
58218000,lstm_global,supervised,CAMELS-BR,0.9498436694717239,0.9648748802100372,13.78568855568088,8.878799495412343,1.4286267651769589,0.0009310570522127869,0.974320338006871,42.438794888545154,47.129318606744036,0.220244362950325,0.20853957533836365,134
58218100,lstm_global,supervised,CAMELS-BR,0.9655298350197962,0.9684320129136286,12.096115604412764,8.209156401613926,2.3943431111277174,-0.00036927357604608305,0.9725622061984351,7.946159469902146,4.862747026117861,0.21431490778923035,0.19653791189193726,188
58220000,lstm_global,supervised,CAMELS-BR,0.5674937721253551,0.7084979084705794,1.4694050618270906,0.6634596998102209,4.033826503588225,-0.0018057584067646543,0.8359590076514721,5.562800490478201,9.01056839278343,0.5061656832695007,0.4092457592487335,178
58227000,lstm_global,supervised,CAMELS-BR,0.5101797279056286,0.53642464433121,2.252499033183614,0.901882740167471,-6.118384768439993,0.00024750413043161945,0.6252955181663702,8.831931979427765,13.350082563922292,0.45870909094810486,0.27686023712158203,169
58228000,lstm_global,supervised,CAMELS-BR,0.3338379808323061,0.5275214276507243,3.7824265641237833,1.6445746836454973,-6.736316303348675,-0.0020501286605947196,0.7457539775527975,14.329273988587465,21.288585662841797,0.5988656878471375,0.4144749641418457,92
58230000,lstm_global,supervised,CAMELS-BR,0.8335753238277198,0.9051594939833195,21.942238957053636,11.649230064229762,-0.16370677298864886,3.9276061279251186e-06,0.9593917880729366,66.92391597609853,14.718969163824584,0.19943760335445404,0.1871119886636734,188
58230100,lstm_global,supervised,CAMELS-BR,0.9001463526927763,0.8663868200632365,22.90261795271604,11.451818404659148,1.523827904816173,-0.0005319003114369492,0.8734339283274579,71.60556077304827,148.74602109261681,0.22593262791633606,0.20463761687278748,186
58230200,lstm_global,supervised,CAMELS-BR,0.921347385182827,0.9323361118281599,17.728226112975555,9.651309511554775,0.24954482631536123,0.0002242717192858677,0.9451993535172637,38.32659105986816,6.72132964250137,0.19138124585151672,0.17217682301998138,134
58235000,lstm_global,supervised,CAMELS-BR,0.856967386443606,0.8934981602335001,24.473575109824314,15.909783708288314,2.902074030142718,0.0012305304219353275,0.9213344132615937,67.30693997677307,81.52971317761308,0.27474913001060486,0.22519242763519287,188
58235100,lstm_global,supervised,CAMELS-BR,0.7762241766788575,0.8828489439575135,34.29358544303597,18.78797198356466,3.693272319538989,-0.0005614314121035763,0.9588546601984967,80.16170552552272,75.52109455420032,0.24015022814273834,0.22443720698356628,188
58240080,lstm_global,supervised,CAMELS-BR,0.8511153370186305,0.9196208835208523,23.062996301508793,13.36711282933012,2.269794536546495,6.922107225941759e-05,0.9663250753546467,68.18021310557417,113.9731407601472,0.1311189830303192,0.10554157197475433,188
58242000,lstm_global,supervised,CAMELS-BR,0.8457381244886153,0.8425974139530449,22.685135093209375,11.555442607149164,2.360753446649462,-0.000909171706037477,0.8613550120329857,80.98413034793705,116.54482138622636,0.17319102585315704,0.14010116457939148,188
58250000,lstm_global,supervised,CAMELS-BR,0.87274070684398,0.8834241831544888,21.421628320180815,11.760128427059092,3.1863685777376993,-0.0005382553474675075,0.8998083439864333,50.875160149864136,100.15321861686407,0.15194369852542877,0.1296103447675705,188
58256000,lstm_global,supervised,CAMELS-BR,0.14072890517118153,0.2599629595080807,1.9984130207812678,0.5327918096742732,2.7681480052853003,0.0020357133847210933,0.5243727419669073,8.351984961959438,17.71455247653613,0.4609271287918091,0.28191104531288147,188
58258000,lstm_global,supervised,CAMELS-BR,0.5968752668174423,0.6430275712575566,3.977747724328086,1.496951327044913,7.059064954616086,-0.00017361383206945108,0.7049047075809489,15.861008366359036,33.77197041453542,0.4660003185272217,0.3128661811351776,188
58270000,lstm_global,supervised,CAMELS-BR,0.52256404189013,0.540780200987962,4.092729170925243,1.5666832987298356,-3.2428280123126174,-0.0012643273154327242,0.6164222008950702,16.140182135010217,32.19040428131576,0.5083096027374268,0.3464879095554352,188
58286000,lstm_global,supervised,CAMELS-BR,0.6508371372542276,0.7827250067953448,2.0712708626281224,1.1981131421758773,7.451743369234807,0.0010522659176826002,0.8805368651643175,5.930391510518698,9.277976172573064,0.37884342670440674,0.26853811740875244,188
58287000,lstm_global,supervised,CAMELS-BR,0.5743878130319318,0.5521616952547583,3.640164430429413,1.6488094966104425,6.068410315367492,-0.004606387724995831,0.5966139429906852,13.841622085820648,27.106883810375706,0.5867671370506287,0.3607802391052246,163
58300000,lstm_global,supervised,CAMELS-BR,0.8543124997495967,0.859874629997737,28.013493892900357,16.530430935798808,3.0701609041623246,-0.0006152251397341406,0.8787709256222684,85.98053427949209,125.24467186959758,0.18322567641735077,0.1400274932384491,188
58300001,lstm_global,supervised,CAMELS-BR,0.898416238867141,0.8878053292751568,38.38662145938484,23.929510604503545,1.0609130068267805,0.0001871847468046875,0.8997080715223026,112.05784342877351,50.9243362578476,0.1526419222354889,0.11272532492876053,172
58305001,lstm_global,supervised,CAMELS-BR,0.7627640697731384,0.7625929312663493,63.69825560263642,34.89943884700709,-1.2984295602599365,0.0004692183270431161,0.7964752457325545,205.40163233401057,216.80718013528363,0.24963319301605225,0.17603188753128052,173
58315100,lstm_global,supervised,CAMELS-BR,0.7587135453114884,0.8477593108197777,51.886120828779774,25.012166069153157,0.9822294117939157,-2.8465607172868494e-05,0.9160373987764996,142.90107066506363,78.57711698084334,0.18253429234027863,0.16258364915847778,187
58318002,lstm_global,supervised,CAMELS-BR,0.8666235642239256,0.8493874114645306,53.620580351689696,32.36071582507061,-3.8199177395000867,-0.0005912420830242356,0.8644137081600718,134.12842358195135,114.52600875555258,0.2719137370586395,0.20123673975467682,186
58318080,lstm_global,supervised,CAMELS-BR,0.7622820867443516,0.754487341617988,41.4339843848552,18.171923495353536,1.089898366439639,-0.0005021785104330238,0.7867452691050585,161.23914116723788,204.48508161108234,0.2796158194541931,0.19104547798633575,188
58321000,lstm_global,supervised,CAMELS-BR,0.7939136247376424,0.876638768768022,34.64060412009873,18.1682198910003,7.6997598140137775,-0.0015430856863321157,0.916765663564723,124.85117995446058,156.60802074089892,0.2640358805656433,0.22955669462680817,188
58335000,lstm_global,supervised,CAMELS-BR,0.17529528585361154,0.1426030308275631,6.972346020645065,1.726588402265384,-2.6595049839690685,-5.903848798922452e-05,0.28908588892396947,29.133964028613693,60.88550937484808,0.4744538962841034,0.2813171446323395,162
58338000,lstm_global,supervised,CAMELS-BR,0.57346485735996,0.5867667689430907,4.934823035102696,2.1463675993554134,4.907088986683162,-0.0007103368413569709,0.6347227465010218,19.384023595646145,40.81873217110781,0.39636147022247314,0.2798730731010437,188
58339001,lstm_global,supervised,CAMELS-BR,-1.1772038673776706,-0.7707672991412184,2.0693486446490703,1.7455735406070512,170.81507271125315,-0.026998243407715658,-0.7092680659394566,5.101779510261448,8.777855464969752,0.7969980239868164,0.37168198823928833,188
58350001,lstm_global,supervised,CAMELS-BR,0.5794065614763937,0.7005879964222295,9.709805440919016,2.7631166761225843,-3.1685675179530315,-0.0026177193542082783,0.816204381572842,40.22166286730091,81.19990103112957,0.6377729773521423,0.5131568312644958,188
58358080,lstm_global,supervised,CAMELS-BR,-0.6029924307937704,-0.6295356948724296,0.7748933455454851,0.4974554968390235,141.9463485100199,,-0.4249426159179226,2.205403269623674,3.850135155825765,1.6563034057617188,0.8071014285087585,187
58359000,lstm_global,supervised,CAMELS-BR,0.4745090178068939,0.6024053946846941,1.4663310308980828,0.9797272863595382,17.434234581069795,0.004195083004808285,0.7082174397937524,4.545931055141992,8.793147551722692,0.49900200963020325,0.2524908185005188,184
58380001,lstm_global,supervised,CAMELS-BR,0.783423254586527,0.7625771575058313,56.04192000155757,24.647579999651228,0.1490118090624565,0.0015650311522501445,0.7880423893011015,212.70032322002137,260.4069308341413,0.41236159205436707,0.2897004187107086,175
58385000,lstm_global,supervised,CAMELS-BR,0.8464415833683167,0.8104783567999228,57.72498451941707,30.57676675969904,-3.982678632278166,-0.0006174215075559798,0.8249927348559519,178.80552286838645,230.38716910366864,0.261741578578949,0.23581193387508392,165
58400000,lstm_global,supervised,CAMELS-BR,0.15838473045192747,0.3721301208582247,2.0367119744304736,0.9882823678313709,6.4966425675553205,-0.0010267847265298669,0.676959413811663,7.058034629679638,12.660211367141013,0.7012466192245483,0.4657048285007477,183
58405000,lstm_global,supervised,CAMELS-BR,0.39568321437622156,0.4970323916975623,7.252485575533874,3.343065615664137,7.6654214675049275,0.0006094273618146729,0.6482507202042436,27.335944553731945,55.467442017255394,0.5794721245765686,0.41159823536872864,188
58409000,lstm_global,supervised,CAMELS-BR,0.4192451294314168,0.5198038093603043,8.361086340830726,3.6898084425590407,-5.410978889312173,-0.006008278300277609,0.6701214078504243,30.784053389599414,50.8719425201416,0.5541324615478516,0.3154070973396301,71
58420000,lstm_global,supervised,CAMELS-BR,0.5390291529075962,0.5947580343390266,8.770191186978378,4.504523166950713,-1.555616323089714,-0.0032159145746903876,0.6898677168606877,30.7910845485931,55.30118355604308,0.5661401152610779,0.39623817801475525,188
58425000,lstm_global,supervised,CAMELS-BR,0.6868367565100245,0.773318868714409,6.073074312414208,3.3582133657961006,3.540594373315055,-0.00028868872763763466,0.848883282771004,21.97082264308,34.22515010609679,0.3877063989639282,0.26025786995887756,166
58427000,lstm_global,supervised,CAMELS-BR,0.8064366451462912,0.8156264005228722,6.635071920492752,3.0069082011567785,0.40070560588033693,8.374271065540208e-05,0.8430051359844613,25.229335313887777,43.514484806772124,0.3387213349342346,0.29179808497428894,188
58434000,lstm_global,supervised,CAMELS-BR,0.6360746488414022,0.6878253519608084,1.366012888699439,0.6545714444302498,4.289717807708424,0.00017136833671415816,0.7599605723057252,4.838271974410777,8.727830529404118,0.5497433543205261,0.373112291097641,188
58440000,lstm_global,supervised,CAMELS-BR,0.49379718919362847,0.7453507769622842,14.572477969438701,6.229790301883922,7.503013607015484,-0.0015199601399689382,0.869714003821042,26.528070322831866,21.787144740093524,0.4118960499763489,0.3971002995967865,136
58442000,lstm_global,supervised,CAMELS-BR,0.6025134536302443,0.7452964168154279,20.955039358167564,9.52911998004448,-2.582279064620002,-0.0035505585021904894,0.8680077886378157,76.97524069589586,111.60751036559897,0.4513764977455139,0.3301258087158203,164
58470000,lstm_global,supervised,CAMELS-BR,0.7516957628255216,0.7970793507082532,2.296092131995773,0.720560925121003,1.6216542655533763,-0.0005596470000496078,0.833091695249911,8.898504749175762,18.91063862718472,0.19321364164352417,0.14680388569831848,188
58480000,lstm_global,supervised,CAMELS-BR,0.6956358943542723,0.6584022526386221,12.27328179627931,4.2119880686415,-0.4478855142071521,0.0025285341743013015,0.6760589133181651,49.45805334506221,86.92153693905645,0.4759135842323303,0.3300737738609314,188
58480500,lstm_global,supervised,CAMELS-BR,0.6326682470869311,0.6573445916193963,7.376658358045578,3.503781866144251,-1.1570851174873165,-0.00030202744425854126,0.7216714368516963,26.669597878101726,40.695969892401195,0.3461206555366516,0.20815955102443695,162
58491000,lstm_global,supervised,CAMELS-BR,0.6360578238634362,0.781684631717895,5.970467076002048,3.0626250327901636,8.06085422812416,0.001354356952878848,0.8843361738799079,19.03190826917418,28.089826008476265,0.34021517634391785,0.29969510436058044,188
58500000,lstm_global,supervised,CAMELS-BR,0.24940665070498413,0.34223684636216634,4.649821655069203,1.6853525632239403,-6.477248363998744,-0.0022194321992085805,0.5656289602611333,18.587311610886392,28.32979639864802,0.8065052628517151,0.4780428409576416,188
58512000,lstm_global,supervised,CAMELS-BR,0.8720547846872142,0.9212406012071414,8.55673432603166,3.905741184315783,2.69569223722488,-0.0008758941759591139,0.9475538545880532,31.535796363166455,5.791340154985458,0.28073760867118835,0.26996007561683655,188
58512040,lstm_global,supervised,CAMELS-BR,0.4821031379020745,0.6840246448278899,8.38941528575487,2.98675234520689,8.654526022812549,0.00039402614004811244,0.7212710427787943,33.602928627146355,28.988047070455238,0.35452044010162354,0.347423255443573,188
58512080,lstm_global,supervised,CAMELS-BR,0.8386368062291463,0.8997835685408435,7.872407265642094,4.3980237404930405,5.43232634056846,-4.353462014268332e-05,0.9329770043066599,23.570806933275755,16.386205642426,0.4327714741230011,0.3790189325809479,187
58516000,lstm_global,supervised,CAMELS-BR,0.9125094822186338,0.9186207658172839,9.141947169179865,5.388725166735441,2.8291972545533324,-0.0017223159725158702,0.9273265234796145,17.339155551562232,14.872151261829565,0.28233689069747925,0.30263909697532654,184
58516500,lstm_global,supervised,CAMELS-BR,0.8648215408864209,0.9292941985817609,11.485246436383958,6.350172232432538,0.8020998361065493,-0.0017607487589673364,0.9790656123263574,38.82575398518301,50.7536231412174,0.32029983401298523,0.3291991651058197,166
58519000,lstm_global,supervised,CAMELS-BR,0.9098351310315027,0.9126444216705532,14.389180970249594,6.9304540106590755,1.3290527280720998,0.002205806006756326,0.9203524378668787,47.62003407302862,82.67643331351859,0.27760615944862366,0.2681722044944763,188
58520000,lstm_global,supervised,CAMELS-BR,0.835193370965681,0.8249129624095678,19.984100254580156,10.129918997628348,-3.6338800112687197,-0.003241481842942295,0.8451858228045811,60.04148421825391,63.94834238363584,0.32405564188957214,0.2362079918384552,175
58525000,lstm_global,supervised,CAMELS-BR,0.5939637830734622,0.7605708158467597,2.2640166798617214,0.9167397034929153,4.118731366412015,-0.0028297422772719898,0.8972002770967122,8.45312348494385,18.27283268085798,0.3734589219093323,0.30543890595436096,188
58530000,lstm_global,supervised,CAMELS-BR,0.7071491889018822,0.7104159133558454,4.84595142134588,2.2914371452432998,0.5149926359249639,-0.00114357407516677,0.7494547538662033,17.54617065101291,37.30565399182877,0.3279314935207367,0.20910800993442535,188
58535000,lstm_global,supervised,CAMELS-BR,0.7228927316380129,0.7571304526950473,9.166717853240767,3.8251434133407916,-2.234646953846799,-0.0015873625824345365,0.807408333066396,34.12854361143742,46.00272884726972,0.4409511983394623,0.31501710414886475,188
58542000,lstm_global,supervised,CAMELS-BR,0.31591128441425065,0.6698050884482802,4.442911618256635,2.351932467995109,8.053991503172664,-0.0005156310299412794,0.9036362690681582,15.533910204680765,23.125523346574916,0.369870126247406,0.2883186340332031,182
58544000,lstm_global,supervised,CAMELS-BR,0.8357320019737712,0.8439905135950733,2.74879568847557,1.4294668562868809,-1.901591447125194,-0.0007652995043043263,0.8685493245968031,8.635202257994164,5.739731156238677,0.31091877818107605,0.25613129138946533,188
58550000,lstm_global,supervised,CAMELS-BR,0.8029337807749206,0.8517010424826137,12.663959847804096,7.720950339151465,6.308122238032233,0.0015211561773640983,0.887288454594428,41.21970551073806,80.45192466036698,0.3130830228328705,0.23142263293266296,184
58550001,lstm_global,supervised,CAMELS-BR,0.6737676184865382,0.6672550566395969,26.22964402873997,10.292382038661412,-3.842463867582563,0.0007905678849191508,0.7121974953436778,105.03649124770978,175.8786912173962,0.3913193941116333,0.2476562261581421,175
58560000,lstm_global,supervised,CAMELS-BR,0.573938343080896,0.7171781284340395,1.352810464810514,0.6626134953917341,10.320869520830172,-0.000249097619462256,0.8356544069371141,4.804570166134872,5.59645237553363,0.7934289574623108,0.5593737959861755,188
58573000,lstm_global,supervised,CAMELS-BR,0.7517253811538472,0.8242962240350393,1.0961146585105348,0.6735100506785068,13.541912359909343,-0.0013315798504980915,0.8613519115338046,3.330934233890631,2.130764665434115,0.5199472308158875,0.39801445603370667,188
58578000,lstm_global,supervised,CAMELS-BR,0.8942743889587497,0.9372677558632727,1.7157147470784981,0.8357702986053799,3.4368457622358215,-0.0003767074690840342,0.961834691787283,4.853708822239144,7.676586920463721,0.38553789258003235,0.378694623708725,184
58585000,lstm_global,supervised,CAMELS-BR,0.7599035278696222,0.7320288511468909,34.588714811517825,14.807528490339006,-2.328125081800664,-0.0010379497392613915,0.7588230107941847,136.37825724477497,259.4709645523631,0.3825701177120209,0.2653108537197113,175
58590000,lstm_global,supervised,CAMELS-BR,0.8468399844083099,0.8252229106734555,21.032279644360415,10.206302571803965,-0.5772187607906715,2.6139738573641158e-05,0.8419299224323818,75.45149659887292,136.11269458147095,0.33360424637794495,0.26695144176483154,188
58610000,lstm_global,supervised,CAMELS-BR,0.7988854952992008,0.8330417631909367,4.9539259110327,2.0546376612759376,0.602719337351125,-0.0020114634792638957,0.8672339046696882,17.84198077055728,30.19574180444386,0.35737526416778564,0.3339094817638397,129
58620000,lstm_global,supervised,CAMELS-BR,0.941724274590434,0.9477464145118838,29.051942907959585,19.221624432188094,4.031669157717165,0.00086074594247036,0.9546756973945844,69.42224522934046,37.74769759955345,0.2933948040008545,0.28183475136756897,165
58630001,lstm_global,supervised,CAMELS-BR,0.7139665617860969,0.6783491217530468,75.55163678570149,30.387967373462434,4.5560273491189225,0.0016543816354867382,0.7075861209970778,296.25736656506564,559.2484585450278,0.40576374530792236,0.2509637176990509,188
58630002,lstm_global,supervised,CAMELS-BR,0.7387500856480257,0.7527218402671109,101.23144552162042,47.58097534991325,6.930994399874355,0.005908500962464499,0.7930840098544225,336.1591157673695,559.6392392645441,0.5112688541412354,0.3064984679222107,188
58636000,lstm_global,supervised,CAMELS-BR,0.8628901317193352,0.9184177993925197,106.01976356244221,58.11104816860623,2.2230887617539308,-0.004024244202853395,0.9493504383758196,220.97963911642097,352.968728588945,0.29079365730285645,0.2863982915878296,144
58645000,lstm_global,supervised,CAMELS-BR,0.39421739899150876,0.5418351392373213,4.844562712190094,1.3968349267508238,-3.2149935196961548,-0.0005465767840079714,0.7218341128103933,20.154990737083864,36.75783319835842,0.5897212624549866,0.4609314501285553,131
58648001,lstm_global,supervised,CAMELS-BR,0.909854492116257,0.7775046654511566,5.652075296802521,1.855444147407664,-1.211781417562443,0.00017044695528285574,0.7784590264475222,22.784861931621236,46.063726442928385,0.36171954870224,0.32161733508110046,173
58651980,lstm_global,supervised,CAMELS-BR,0.8809661853119591,0.9075049426489082,82.63101501983947,57.46934728419527,5.738899997101791,-0.00354769385596046,0.9275832666357384,228.7803467757608,408.24848456600256,0.291212797164917,0.2547910511493683,188
58658000,lstm_global,supervised,CAMELS-BR,0.48395939355902795,0.6786246217124359,3.008886753546143,1.1421305565757955,2.6740683115800064,0.0003089088390194634,0.826731134706687,11.92370638420359,20.168864076840325,0.7501491904258728,0.5089912414550781,188
58670002,lstm_global,supervised,CAMELS-BR,-0.3391959111270979,0.27294294711477385,8.714438397333439,2.3457468683655196,31.961179477128642,0.00019585297534613182,0.339173707055069,36.10201463002923,18.28224976837856,0.5854780077934265,0.6678286790847778,185
58710000,lstm_global,supervised,CAMELS-BR,0.4290519291895123,0.5084572465409534,7.956420234948226,2.734675090363685,-0.035795023512400506,0.0005537286868319974,0.6428544591296481,32.05948260489712,63.09870651845025,0.4441700577735901,0.2782367467880249,188
58720000,lstm_global,supervised,CAMELS-BR,0.7160532161021331,0.6953078927098324,4.18509859995751,1.1532846052953802,-1.0955366272569496,0.0006011122177278748,0.7297963493263994,17.36572128938317,34.75803750274344,0.38729017972946167,0.291917622089386,163
58725000,lstm_global,supervised,CAMELS-BR,0.9083216982155491,0.881320738105247,1.4399669405896727,0.684664059252966,0.73237455418042,-0.0007940180019824512,0.8898951101939415,4.896474722008219,5.9271112226478255,0.2509227395057678,0.2332659214735031,168
58730000,lstm_global,supervised,CAMELS-BR,0.7682382850884288,0.7766747300209021,16.193467408550443,7.793362029055332,-2.7808962154501677,-0.0015461110054409075,0.8112829011969356,58.39812976654824,61.57329672366781,0.3421500325202942,0.23928752541542053,188
58730001,lstm_global,supervised,CAMELS-BR,0.6784248211188905,0.7240430922938109,17.749419547437235,6.876921243507769,-1.7527746832249067,-0.00108565394470439,0.7856485912008118,71.82057054749242,135.07761725891746,0.37076810002326965,0.30085083842277527,179
58731000,lstm_global,supervised,CAMELS-BR,0.8405987250288025,0.9142322214605263,9.369574612604413,5.270224564367061,2.5068260617107665,0.0001517732777840189,0.9415854188504506,33.083995332967135,51.904125027852054,0.2663377523422241,0.23386770486831665,139
58731300,lstm_global,supervised,CAMELS-BR,0.7146494919238183,0.6960092257048541,8.758362648464786,4.3748041366009005,0.9252375402706849,-0.001160177451560258,0.7294754445142564,32.379867722334595,53.15565010822371,0.37493565678596497,0.2747776210308075,188
58735000,lstm_global,supervised,CAMELS-BR,0.752369007608527,0.647415500856739,21.393658721417204,8.658339591736489,-3.7621297579372226,0.0009795611791337446,0.6607595436860597,87.05950938138946,154.14030134360686,0.39155372977256775,0.2576596736907959,188
58736000,lstm_global,supervised,CAMELS-BR,0.5357261635889397,0.6292767148351903,16.91042563194572,6.215360141815023,-3.8072168748569366,0.0020201711645981488,0.7419659171044604,69.03754322108357,111.34329777708204,0.7064142227172852,0.4934839606285095,188
58745080,lstm_global,supervised,CAMELS-BR,0.6233933783609011,0.727835091852208,2.3200544853877436,1.1382062663423254,4.751438993670686,-0.002473657938849471,0.8208394719265535,8.589795342703809,15.864722971332563,0.284085750579834,0.2459498941898346,188
58750000,lstm_global,supervised,CAMELS-BR,0.42258921342094324,0.5232105100705052,6.927453212355191,1.2638133035765753,-2.099641311705061,-0.0006639450726325137,0.6658156019778756,30.57626299165316,64.14579236166603,0.34080228209495544,0.2691956162452698,180
58755000,lstm_global,supervised,CAMELS-BR,0.6548301960145355,0.6930303886496854,9.93587547194859,3.61470201702937,-3.541202841154609,0.0011286640180921508,0.7565113468634487,38.34575631608461,68.48379021510011,0.36457300186157227,0.29389116168022156,163
58765000,lstm_global,supervised,CAMELS-BR,0.8005818449729524,0.6817992850926831,25.114942638594773,9.85249408515724,-7.271251902589166,-0.0027028133336308453,0.6870447283287515,100.09683016871861,142.1551513671875,0.35811561346054077,0.26046842336654663,74
58765001,lstm_global,supervised,CAMELS-BR,0.8990710675809652,0.8722664634455657,13.982663762194125,6.994598393744611,0.43124254569288833,-0.0013690682462640658,0.8813566230796783,48.01108402582733,36.4205718203732,0.47862717509269714,0.40797096490859985,188
58770000,lstm_global,supervised,CAMELS-BR,0.8243079289076987,0.7484332543213618,42.369291837334245,19.075089525495258,-3.8004766178966323,-0.002264860835559006,0.7601304206485169,158.84931329311615,250.3012815148454,0.4432021975517273,0.2865777909755707,175
58788050,lstm_global,supervised,CAMELS-BR,0.740969148051578,0.8591169142851565,38.53242942844285,13.95455208230526,5.905207904780199,-0.0016681640255481623,0.9405203423555699,148.3351739510697,171.0391608568065,0.48817482590675354,0.44007498025894165,188
58790000,lstm_global,supervised,CAMELS-BR,0.7770158235434971,0.7819714518010958,38.454195373698205,13.925719707570178,2.2287850491123584,-0.002447117648745809,0.8027580518629343,149.19042016701374,309.438651626103,0.45860493183135986,0.3894974887371063,188
58790002,lstm_global,supervised,CAMELS-BR,0.8976184714985274,0.8806760317674045,41.62859301733017,19.408938576834544,1.7156310243998445,0.0006504505405538416,0.8908043433420261,147.57045900924962,256.71114939567815,0.4240094721317291,0.3617105185985565,175
58792100,lstm_global,supervised,CAMELS-BR,0.8555668438166161,0.7984975392434479,57.52961863349107,17.827374463762556,-3.5873887408145193,0.0015628611509208128,0.8077803350925581,240.77714612617325,451.83245559588573,0.45722416043281555,0.4195331931114197,175
58795000,lstm_global,supervised,CAMELS-BR,0.917922625782571,0.8776671280494703,131.89711399684228,73.53942408970424,2.7917114237712655,-0.00219286776931071,0.8830131169661043,403.2676190778405,758.818849899852,0.39049237966537476,0.3135433495044708,175
58805000,lstm_global,supervised,CAMELS-BR,-0.13924214849437466,0.4796772065894013,0.21480653255094423,0.11711827007696983,22.54434661042976,-0.006535311659897335,0.6691978721122165,0.6507038646840374,0.9360934232264948,0.44284430146217346,0.35267943143844604,188
58820000,lstm_global,supervised,CAMELS-BR,0.6934299405055062,0.7924339719022473,1.4033751121665015,0.8459768529902113,8.809871074040311,-0.0013318329522420437,0.8647260717809653,4.026810161655648,6.538634369427222,0.4424757659435272,0.37692102789878845,188
58825000,lstm_global,supervised,CAMELS-BR,0.7781609044661009,0.8645179892666696,2.816640014286942,1.0920543854540967,5.572950375165024,-0.0008955070430317243,0.8996967844669923,10.897564958427257,8.354677878319,0.35877856612205505,0.33453965187072754,188
58826000,lstm_global,supervised,CAMELS-BR,0.8340631645799244,0.898639381060916,1.4214258941759261,0.6775536245488106,6.219063217221833,0.002179579909563639,0.9354809577889069,3.457183494564658,4.12110023013429,0.4553658366203308,0.45304977893829346,188
58827000,lstm_global,supervised,CAMELS-BR,0.7168684397066947,0.8452567962383108,5.1987255514620845,2.8881476559537522,4.822550613128489,-0.002854955427356462,0.9418623275179497,17.291279685339177,9.840489410660608,0.35941705107688904,0.274873822927475,188
58829000,lstm_global,supervised,CAMELS-BR,0.8086072474477952,0.8677730191662019,4.9534536596178835,3.216711944105935,6.11486762530364,-0.0013034711782802053,0.9071372658912472,14.091538417405967,24.222749016180295,0.2984617352485657,0.23283852636814117,177
58830000,lstm_global,supervised,CAMELS-BR,0.6942625454227721,0.831599098077479,1.1399964633552615,0.44351427361771867,1.9048434956492006,-0.0011220130464363555,0.9443034467116475,3.6728132457510347,6.373675642658208,0.1423465609550476,0.13170745968818665,185
58846000,lstm_global,supervised,CAMELS-BR,0.7439151130228611,0.6694778977893854,10.792173987047173,4.960497624533517,-3.1787996697819394,-0.0017210834736288913,0.6865873938223188,41.548642636712664,76.65854332677733,0.4158652722835541,0.23450778424739838,175
58850000,lstm_global,supervised,CAMELS-BR,0.8700949832817557,0.9061455929621075,7.603159535133964,3.6850897306981296,3.2989737137374533,-0.001914889045111192,0.9295652751717168,27.420425331459615,28.13403634522792,0.33518388867378235,0.29070180654525757,184
58856000,lstm_global,supervised,CAMELS-BR,0.2841921903608119,0.39799856530498945,0.16121504125922168,0.04342781140838029,-2.4445605795202416,-0.0016731552251425686,0.6113042217674548,0.6731631462534097,1.0624415463332897,0.3285207152366638,0.18098996579647064,106
58856500,lstm_global,supervised,CAMELS-BR,-0.1052005550524695,0.13028323520274254,0.11186670763845014,0.02446662536398931,1.432553995120624,0.0009217151114977249,0.6131324166139553,0.47766588308794744,0.7129909189089431,0.3832261264324188,0.2219255566596985,110
58856900,lstm_global,supervised,CAMELS-BR,0.8477657060128632,0.885186905422351,0.8167312291034848,0.493870735802549,6.404843210791352,-0.001691481754341296,0.9106946820945697,2.41743308621064,4.238325271480166,0.3251296877861023,0.26695191860198975,188
58857000,lstm_global,supervised,CAMELS-BR,0.928877607676634,0.9226131066810062,0.4893281997427149,0.2325757215631769,2.2553236562296286,4.169174926876677e-05,0.9295168864867875,1.6376738809709117,2.780156540501094,0.16629233956336975,0.15798115730285645,188
58860000,lstm_global,supervised,CAMELS-BR,0.9292663001806899,0.8489125595587524,1.150766167366633,0.46721631395602653,6.192691224629746,-0.0020736241900340766,0.8496460815064273,4.529492815892416,9.0257251301423,0.4487554430961609,0.43340685963630676,167
58861000,lstm_global,supervised,CAMELS-BR,0.5713770029709291,0.6944394382649766,1.3894942071900405,0.603798725264413,4.083341773186418,-0.00023503850417879585,0.810712044789098,5.5782138238375305,10.011123251989211,0.37445637583732605,0.31947019696235657,175
58868000,lstm_global,supervised,CAMELS-BR,0.8265387522148471,0.8419854148480657,2.891463551333551,1.7055821475528536,0.9932146582687513,0.0003354526529170485,0.8690961213260061,8.117222982020625,2.0913162231445312,0.44295400381088257,0.3117195665836334,84
58870000,lstm_global,supervised,CAMELS-BR,0.7219603572169799,0.6255055055607512,6.591585820598074,1.7721823289039287,-6.537667553356136,-0.0017802820197925576,0.6432109658455365,27.6571739129896,57.4475282166951,0.5459709763526917,0.413965106010437,188
58874000,lstm_global,supervised,CAMELS-BR,0.5975075207703109,0.4730052654586471,34.10775463914852,7.560335061209543,-2.621301851282506,0.002703617294870758,0.4777760871356669,147.9671360162431,310.63332533475926,0.4754302203655243,0.28993335366249084,175
58880001,lstm_global,supervised,CAMELS-BR,0.8853078351059527,0.8476140825756376,167.76968357072997,77.46697893415178,3.312505777529955,0.0002064850484551333,0.8539033643867662,634.4306628857524,1184.9178107763457,0.37079253792762756,0.30097222328186035,175
58905080,lstm_global,supervised,CAMELS-BR,0.7685245617838934,0.7093160633667592,2.662916744292388,1.3475212409526487,-7.814202273663256,-0.002415263379756661,0.7294548965255605,9.330958196851663,7.962122553739268,0.5048637390136719,0.3152056038379669,158
58910000,lstm_global,supervised,CAMELS-BR,0.6664575040543887,0.6951574793193622,2.339136675625296,0.835560529790026,-3.507207286125815,0.0007596324577136895,0.7535392246908205,8.696138893014544,18.061400514843065,0.5516849160194397,0.4354144036769867,188
58915000,lstm_global,supervised,CAMELS-BR,0.820601804509117,0.8710311167932987,4.922262938668346,2.5221143036245186,7.669459518131795,0.002886811292571647,0.8988057436675683,17.92036832310944,16.667907255742595,0.4332171678543091,0.4025903642177582,107
58916000,lstm_global,supervised,CAMELS-BR,0.8946495474873792,0.9112317368063227,2.4275660084427084,1.2680507181806768,3.6648721819643226,-0.002238055263226211,0.9292042408747115,7.580170069721053,8.891028293841835,0.5055250525474548,0.47545915842056274,188
58917000,lstm_global,supervised,CAMELS-BR,0.8039793911974953,0.8811392787248328,5.995940752450938,3.3052042065244733,5.316893514688767,-2.3250450462523886e-05,0.9193117725891247,14.380899430821911,19.502739766685043,0.4042990803718567,0.386750191450119,165
58920000,lstm_global,supervised,CAMELS-BR,0.8751305440129187,0.8674955402132352,21.170845425558838,10.67141555241176,-1.9062860956931893,-0.0019035350978700294,0.8833045050815521,68.34037888240752,84.32526397182367,0.5181066989898682,0.3881014287471771,175
58930000,lstm_global,supervised,CAMELS-BR,0.6867887575934568,0.8146290705234601,6.252223262898279,2.533692646026611,1.0081992567340592,-6.0357821024245584e-05,0.9185686297074379,24.491893888550603,38.95382244607639,0.3690774440765381,0.2430945187807083,175
58934000,lstm_global,supervised,CAMELS-BR,0.6513481237129548,0.7774419921564546,12.756130836548605,4.8584286444527764,4.473233874734032,-0.001324139569933755,0.8073482437542345,48.707921132414356,90.87965413204249,0.36215290427207947,0.355981707572937,175
58940000,lstm_global,supervised,CAMELS-BR,0.8863067886403482,0.8413138627387462,36.830646188788705,18.28925836290632,-1.354570256807242,-0.0008458798079948593,0.8502781332754741,116.92811555238883,196.87708070429406,0.43152090907096863,0.36544743180274963,175
58960000,lstm_global,supervised,CAMELS-BR,0.9013617265626223,0.9118078176209803,36.26830964612473,17.105214244297574,1.6837821713488184,0.0008421963603179802,0.924905933441867,107.97657683634574,188.8863375184503,0.4387120008468628,0.39987725019454956,175
58972000,lstm_global,supervised,CAMELS-BR,0.8777620613395353,0.9290168991884814,134.4178222915992,66.43906094165558,2.462186462214971,-0.001230376524275727,0.9641236092397761,495.5085048010534,266.63068468139636,0.3384627401828766,0.3036123812198639,188
58974000,lstm_global,supervised,CAMELS-BR,0.943645750480788,0.9415111170578462,126.50333122328182,72.48303911481585,5.222606727220188,-0.00019915922630437018,0.946744654000758,327.68611050552704,576.0498089237459,0.3131403923034668,0.30029621720314026,175
59100000,lstm_global,supervised,CAMELS-BR,0.8916624690911894,0.8859932626529553,3.9326279511137257,2.013284259654106,1.5433866806597527,-0.0021542931844000125,0.8992822177926378,11.261061579771177,16.303005877110788,0.5071001648902893,0.47640886902809143,188
59120000,lstm_global,supervised,CAMELS-BR,0.8568065243373593,0.8848707629819961,0.7946464169622605,0.35587200845990863,3.0042913533940707,-0.004511083429375801,0.9096565934947616,2.5594378532923407,5.558627163842022,0.2583032548427582,0.24845531582832336,175
59125000,lstm_global,supervised,CAMELS-BR,0.30451662083187625,0.40798336498516896,3.135751886749544,0.9449869328074985,1.3557791364289604,-0.0011826577372097621,0.5495801851436544,12.670720753559591,26.366367530497488,0.3799634277820587,0.28164854645729065,162
59135000,lstm_global,supervised,CAMELS-BR,0.9205803075646035,0.9391226916684228,0.6437982301720245,0.37638298511505125,3.075119694229446,-0.0006009445692887333,0.9495913949800742,2.06231427138542,3.5718503321869908,0.35639506578445435,0.3507082462310791,175
59180000,lstm_global,supervised,CAMELS-BR,0.7761827419734154,0.8613630644824664,3.8358943537017933,1.7361965141397842,-0.35173388156889246,0.001025579214892415,0.9265442676252671,13.015384787090808,23.831609174654343,0.48710352182388306,0.4250408113002777,188
59181000,lstm_global,supervised,CAMELS-BR,0.7234494882638653,0.6450704785548111,11.585356688562303,4.49106494797037,-9.783157405039505,-0.0021677942506257222,0.6643866059138606,46.22544002503145,82.97299618386508,0.6826249361038208,0.5101583003997803,188
59235000,lstm_global,supervised,CAMELS-BR,0.38623390986980743,0.5297549906928221,3.2968495807302625,1.519856756671946,6.063113827504636,-0.0021673314870097778,0.70014566209745,12.432056267156188,26.336798861176547,0.3699713945388794,0.22386044263839722,188
59240000,lstm_global,supervised,CAMELS-BR,0.280461486101351,0.34679305771730706,12.522005119601017,4.391080703961073,-11.778058103245733,-0.0009961953081593852,0.5375328669793819,50.991480660303374,88.41600947316377,0.6463424563407898,0.41998475790023804,169
59245000,lstm_global,supervised,CAMELS-BR,0.48731222682128683,0.5296269439331318,7.276124045352067,3.344476651638112,-2.6208630607163546,-0.0005211385528266325,0.6346865671774218,26.91650069340066,51.268017347688755,0.4758712947368622,0.2467895895242691,188
59245100,lstm_global,supervised,CAMELS-BR,0.5707556311576022,0.6862643155947199,1.1227243049853637,0.6004776099453801,2.415740644290117,-0.00010739625719601194,0.7997381027336805,4.023856246767716,6.092021598742507,0.42297792434692383,0.2846871316432953,184
59251700,lstm_global,supervised,CAMELS-BR,0.3689412481594837,0.6934210006400355,1.4990822645836102,1.0381459303804346,16.465443140207693,-0.004397294144607952,0.8153129931846524,3.217249502728608,0.043717384338378906,0.3760789632797241,0.3354061543941498,74
59316000,lstm_global,supervised,CAMELS-BR,0.08109343042341932,0.47693691552858164,31.434886105404246,24.253222841829867,7.430335717622744,-0.0022554549591494418,0.8251871609689012,53.15186846331755,59.012580771450196,0.24922367930412292,0.1327010691165924,185
59355000,lstm_global,supervised,CAMELS-BR,0.570766712870181,0.5942659827452482,0.3362678852301855,0.14638628160699885,-0.7960064718565386,0.00034373223675602214,0.6706762023163855,1.2744217206221267,2.0842422405163266,0.3397465944290161,0.19937971234321594,188
59360000,lstm_global,supervised,CAMELS-BR,0.5922349889103807,0.6974488478948989,0.49512260642451683,0.22256702533427705,3.1803437590121857,-0.0006470789967291321,0.7888374194309475,1.7148436568844474,3.2717685183343903,0.23043926060199738,0.1890266239643097,188
59370000,lstm_global,supervised,CAMELS-BR,0.1634425421020046,0.13684105416937142,27.072919773895006,6.8012396858093584,-4.026948197544185,-0.0013441164243837324,0.3023373141134541,114.97806612461221,251.26793922514173,0.5376638174057007,0.26630857586860657,188
59380000,lstm_global,supervised,CAMELS-BR,0.7217686753768279,0.8488750278834698,1.2593187328569038,0.6320503385777169,6.226331218663151,-0.0008934609081361622,0.9351735501655664,4.173201212334234,7.749997541088854,0.30640366673469543,0.25589078664779663,188
60005000,lstm_global,supervised,CAMELS-BR,0.7450335403998887,0.7292287614160367,2.823371687352314,0.9311705481621527,-4.4075304603738905,0.0013798886348561634,0.7619572186857652,11.473420980314078,16.896539619511,0.4563640058040619,0.2675473988056183,186
60010000,lstm_global,supervised,CAMELS-BR,0.983276580559318,0.9515148776473896,7.8962619183474105,4.3189305295058285,3.953810925164836,0.0006520874178090885,0.9520298287432316,21.930683890876946,14.583530764018569,0.34352368116378784,0.350741982460022,183
60011000,lstm_global,supervised,CAMELS-BR,0.5630669965364214,0.7701146810608527,12.102706655789852,3.4871510358957143,10.25321010325665,-0.0019354748454775694,0.8799179900516575,12.90543049626615,20.56719598654271,0.25810208916664124,0.2637975811958313,104
60012000,lstm_global,supervised,CAMELS-BR,0.8794958031692364,0.848875982595114,40.0811890421058,12.69837389897256,0.3610699907805972,-0.002171393100880263,0.8517244275266347,167.11340916345574,296.37677533907885,0.4234321117401123,0.3617745637893677,137
60012100,lstm_global,supervised,CAMELS-BR,0.9631556159050495,0.9585187611109608,20.577445619954567,10.180998172078814,3.7416989563834497,0.0029466930886343848,0.9623514305852834,54.85422015971718,23.665986699930908,0.26555755734443665,0.2862168252468109,112
60020000,lstm_global,supervised,CAMELS-BR,0.9844796953855811,0.9719774986724126,9.092691917060744,4.431808476948606,0.32701770397456,-0.0014526051597567938,0.9728926848714972,24.744731645298653,35.87664145243509,0.2718851864337921,0.2692030966281891,181
60030000,lstm_global,supervised,CAMELS-BR,0.9890589642862135,0.9642583258614337,15.72352527666875,6.841952770314318,0.3423231187906691,-0.0016513964100292565,0.9645326477863493,57.35586014216383,120.59590315750842,0.2333611398935318,0.22303953766822815,188
60038000,lstm_global,supervised,CAMELS-BR,0.8295893883306953,0.8764131499086061,35.52315539215106,20.81246420677672,-6.012084858218341,-0.0008999036257838107,0.9077950574938018,27.903567219113313,27.50333470676267,0.15176096558570862,0.15544824302196503,188
60040000,lstm_global,supervised,CAMELS-BR,0.9833509313143546,0.9687599081642808,23.101414378276417,12.273131370544434,0.08520586578952072,0.0005291296092397382,0.9697781132413985,50.740355701463734,23.01741093844719,0.22553715109825134,0.21842271089553833,188
60050000,lstm_global,supervised,CAMELS-BR,0.9196364925123997,0.9354084472147803,4.921945904834546,2.1288701771421636,2.4775611600306164,0.0005615333467337003,0.9495388365887695,10.834925273726546,14.149998151288697,0.34911665320396423,0.35547131299972534,188
60100000,lstm_global,supervised,CAMELS-BR,0.5727449528140451,0.4949288704574072,1.0138515279169438,0.33268426648004257,0.4650242335231537,-0.0007566001955169252,0.5246796806755643,3.760870311793987,7.953377512055115,0.5793219804763794,0.3924544155597687,188
60110000,lstm_global,supervised,CAMELS-BR,0.786379032988461,0.8812350669307781,9.220457704308327,4.473155035692103,5.134751200156804,-0.0013871799058928595,0.9458949802630116,33.197030453553246,43.16803612493929,0.3774881064891815,0.3529013991355896,187
60125000,lstm_global,supervised,CAMELS-BR,0.9222456323781019,0.877930710012855,144.99073634766344,49.13529257340865,-1.687004601489435,-0.0016973174065738929,0.8828993613212013,563.7955884127477,1055.7365729287792,0.32802844047546387,0.2893563210964203,176
60130000,lstm_global,supervised,CAMELS-BR,0.9082046876911243,0.9008653474319155,0.4135496805604565,0.1776522851172597,3.8188222134878136,0.0011010619407047645,0.9118554661327982,1.0854645791316733,1.9866796885406157,0.2731233239173889,0.2628316581249237,188
60135000,lstm_global,supervised,CAMELS-BR,0.6761390421040987,0.6839179321219047,9.50161654505535,5.022818027658666,4.770320531409257,-0.00014758686166075827,0.7308219684626968,34.48930812371594,50.35392523586789,0.4736904501914978,0.3183803856372833,188
60145000,lstm_global,supervised,CAMELS-BR,0.7728700777627643,0.7140238398433503,0.5675807685903649,0.24635529507273682,-5.579437534548362,0.0006863868475640023,0.7338102850370993,2.117523811060854,2.010332328926357,0.681117057800293,0.47911766171455383,133
60150000,lstm_global,supervised,CAMELS-BR,0.6016159942500527,0.685748652638922,7.25301516601198,2.961086134594607,3.3789935041605443,-0.0005152464147606742,0.7779204647190817,27.469921616030277,42.25447747716655,0.528969407081604,0.35918566584587097,166
60160080,lstm_global,supervised,CAMELS-BR,0.7602385307659102,0.8535416646203828,101.79192147863155,71.9979385213649,2.5594920578707727,-0.004463585973084229,0.9234245358630636,87.94891189320043,180.28558631265804,0.20879408717155457,0.14613156020641327,188
60180000,lstm_global,supervised,CAMELS-BR,0.8358681781717265,0.8002368834661299,5.925109028412365,1.622388754135523,-4.15217677698671,0.0024660059672886765,0.8157237325568047,24.744805381914237,48.81836169168117,0.3598167896270752,0.29263314604759216,156
60190000,lstm_global,supervised,CAMELS-BR,0.3866861888367894,0.4415674068448354,16.20595426260592,5.499673284841387,-8.228317910022009,-0.0024579200499182524,0.5781830595298232,69.46504282525105,117.57177880076807,0.4957931339740753,0.3069457709789276,178
60191000,lstm_global,supervised,CAMELS-BR,0.6778033004623893,0.7923762634572596,3.5202474015084237,1.7271906931132557,6.940411638843359,-0.00026037389455600343,0.8807981623937213,12.658817483647569,18.653744293598304,0.4700751304626465,0.3618764281272888,187
60200000,lstm_global,supervised,CAMELS-BR,0.9146073499098811,0.8350781112032717,19.66161283917489,9.940152394889605,-1.5845593885256029,0.001288317818852653,0.8382073168467707,69.90220498525561,73.46938186831827,0.29882925748825073,0.23231349885463715,101
60200600,lstm_global,supervised,CAMELS-BR,0.737051750397635,0.7487034719933587,9.931967100706428,5.947032370465867,2.590428489344539,-0.000638907774443127,0.7893162789517559,29.233110681078287,20.76401140034211,0.3444124758243561,0.2440205067396164,188
60203000,lstm_global,supervised,CAMELS-BR,0.720674752011667,0.8024635330027603,14.612027671110543,9.785399080590999,7.596605902088101,-0.006850792069351904,0.8674329412730568,34.255234908703535,45.57228315240622,0.5526632070541382,0.3782956898212433,188
60210000,lstm_global,supervised,CAMELS-BR,0.9615508141109828,0.9662688349584393,112.05142310673168,54.98727715152434,0.09590313567583711,0.0001918794721638313,0.971914975535555,233.97122584081555,346.1101219923824,0.2964847683906555,0.2840226888656616,174
60220000,lstm_global,supervised,CAMELS-BR,0.7936280964838538,0.8720582392595388,13.839747318019455,5.845529890315418,3.0216325254533767,0.0008987486820197371,0.9274288350886237,50.60990359048541,70.58401086334354,0.4504285752773285,0.37866297364234924,187
60228000,lstm_global,supervised,CAMELS-BR,0.8220913223177916,0.8651930502896167,14.794161443817334,7.677974761800563,2.986210994583792,-0.0012419945144712327,0.9002883896004211,52.790393695393874,71.55844959321122,0.2813757061958313,0.22839486598968506,188
60230000,lstm_global,supervised,CAMELS-BR,0.7569442345067456,0.7799310713894546,17.053915731980457,8.621712983922755,-0.7357733609552369,-0.0016716034695993878,0.819841765199428,55.55852031046297,78.18940659057036,0.33000048995018005,0.22410278022289276,188
60235005,lstm_global,supervised,CAMELS-BR,0.869420131112109,0.7993339743133607,39.995736954816145,17.23740653581517,-3.9444436555678863,-0.0019390380921179302,0.8068278813573492,145.33327015500745,234.04720490480716,0.3907034993171692,0.2771323323249817,186
60250000,lstm_global,supervised,CAMELS-BR,0.8951883489181912,0.9230069353044997,4.150110680605616,2.3903178930282594,5.907358728452711,0.002428228663313041,0.9385793986896414,13.771139711126402,8.926786550605652,0.1870424449443817,0.16406433284282684,160
60265000,lstm_global,supervised,CAMELS-BR,0.8762197240918008,0.8762581089044331,9.276693087694623,4.030093750257171,1.1350221667047198,-0.00023661156127824032,0.8933937777472457,35.39776297048977,61.94596692443832,0.36863967776298523,0.32408201694488525,178
60272000,lstm_global,supervised,CAMELS-BR,0.8783409606059795,0.9237000080679041,2.9863961248365385,1.5618119506125754,4.677398852508288,0.0008311280388851976,0.9522158715667571,7.85700941874488,14.50882769577082,0.3383418321609497,0.324246883392334,188
60285000,lstm_global,supervised,CAMELS-BR,0.8855052236591305,0.8596744368583038,1.0551298904904312,0.36008298715805626,-0.5624846440401433,-0.0011561857944512866,0.8712441342724689,4.191671889612951,8.865270219025003,0.3302569091320038,0.26055410504341125,187
60300000,lstm_global,supervised,CAMELS-BR,0.8374398981515695,0.8096663187549483,10.142270248361486,4.008900903640909,0.4763828690440397,-0.0008390726649529709,0.8242815875131676,38.33865429677008,78.29066073904048,0.4204319715499878,0.31115642189979553,188
60305000,lstm_global,supervised,CAMELS-BR,0.9344879323785532,0.8702388290212204,44.912465793860285,20.785124393219643,-2.913219987740819,0.0015365790342520384,0.8731255433156707,160.80495873517845,180.6745299169219,0.3281618654727936,0.2929486930370331,188
60320000,lstm_global,supervised,CAMELS-BR,0.9304014187912037,0.8569739124455783,49.007101418921096,22.62031104716849,-3.336026134934273,-0.001127845457535307,0.8595450818672778,175.52329421660815,192.48597771499277,0.27967187762260437,0.26378393173217773,188
60335080,lstm_global,supervised,CAMELS-BR,0.7766344028514526,0.8454978522080719,52.05660361012341,36.90533958597386,1.2675090774809206,-0.0014796203934841178,0.9002824738092179,48.49392963227208,33.090452416057786,0.21470972895622253,0.13814739882946014,188
60340000,lstm_global,supervised,CAMELS-BR,0.4665792800293498,0.606054416894289,90.71536620725863,62.44424788531135,2.5722164006485873,-0.0007999666717815853,0.7561330050622064,138.39009929043846,196.49542236328125,0.2783713638782501,0.16569198668003082,85
60350000,lstm_global,supervised,CAMELS-BR,0.9336557138795436,0.9589891191417196,60.276106715756704,33.20388197391591,1.968134381714492,-0.0006181186986566022,0.9756057361447298,151.06701910990407,57.95600527999201,0.2638562023639679,0.25341349840164185,188
60351080,lstm_global,supervised,CAMELS-BR,0.7355367021009848,0.8486822942859473,58.68537313535225,43.890983419215424,2.4574281064802737,0.0005622989030979551,0.9351497486456906,43.940177383956424,56.77323982740905,0.19487877190113068,0.12369716167449951,188
60360000,lstm_global,supervised,CAMELS-BR,0.7788247892423734,0.8198791363619682,67.19519091565802,40.65190932091246,1.5256925464870041,0.0023111695317444402,0.8609727403931622,130.516057241045,288.6189864251351,0.21308262646198273,0.15327730774879456,188
60381000,lstm_global,supervised,CAMELS-BR,0.9157622799383951,0.8389578961425246,3.2677871251655297,1.5846968824094763,4.111330627720826,-0.0019342733719639703,0.8423379043066566,11.244066084637726,21.852162957080846,0.48841145634651184,0.4252196252346039,183
60381005,lstm_global,supervised,CAMELS-BR,0.9770287339446152,0.9651981932084003,1.7937234251830654,1.0393923097346203,2.348408342928243,-0.00018332122990448452,0.9667220510237442,3.7275799667149787,3.182367375371393,0.31831470131874084,0.3518858253955841,166
60400000,lstm_global,supervised,CAMELS-BR,0.927447988783651,0.9579016276698032,57.15480103992068,29.033145674739977,0.8120109444803686,-0.001057310191610001,0.9792808698039339,176.4997306571233,319.0904823915599,0.2083747684955597,0.1984727382659912,166
60430000,lstm_global,supervised,CAMELS-BR,0.818078758526023,0.896176213471089,11.23972360982913,5.855680630562153,1.1318657403829189,-0.0008322215804021336,0.9555699382525035,36.65035768925593,32.55717897233956,0.24541138112545013,0.21289294958114624,188
60432000,lstm_global,supervised,CAMELS-BR,0.9001097915476949,0.8917069136279921,1.1520984731323742,0.7195951359943279,9.953518789827523,-0.003467613261974232,0.8998747537593952,3.0416951139313952,2.6745805680608576,0.44271039962768555,0.3916656970977783,103
60432500,lstm_global,supervised,CAMELS-BR,0.2543501429731059,0.28558202659944476,11.140127321315049,2.353771481887404,-15.111671002619463,-0.001386313972289003,0.4475259015933164,47.29109444404672,96.07933108132318,0.545972466468811,0.2623985707759857,166
60433000,lstm_global,supervised,CAMELS-BR,0.5442292299166953,0.5602571847071179,8.423815570754465,3.8965804737101317,-1.026704237139342,-0.0002710375858740663,0.6319087477432225,32.280439187385824,59.72595286602407,0.39714524149894714,0.23750337958335876,186
60435000,lstm_global,supervised,CAMELS-BR,0.7152496745906306,0.7652204819044985,0.7879335443402394,0.38602538094673744,-0.2253428439719506,-0.0033647115108834356,0.8219525842726303,2.8506319784630865,4.690351773847086,0.3818434476852417,0.30956384539604187,179
60435100,lstm_global,supervised,CAMELS-BR,0.5148183628580885,0.6201632894682554,0.32767074970082605,0.13111735801000826,-3.6629534631539427,-0.0023315886832844974,0.7437838299046529,1.2306780034310483,2.1806015511529933,0.6023363471031189,0.37251046299934387,176
60435150,lstm_global,supervised,CAMELS-BR,0.7744657752395755,0.7883867269608547,0.08745443223910286,0.028038523026005506,-0.2501138706833404,-0.0008516849086579389,0.8228549814396648,0.3516067111746964,0.6900612916826471,0.25889673829078674,0.24728581309318542,153
60435180,lstm_global,supervised,CAMELS-BR,0.6617771633841179,0.7932723290152819,0.3880273686708263,0.13321048656309192,1.8583681460890278,-0.0028491092067674355,0.8985028947198913,1.422321578710414,2.9282009812241694,0.399364173412323,0.3518512547016144,176
60435200,lstm_global,supervised,CAMELS-BR,0.6749794305603735,0.7339318301939349,0.7486552740515839,0.31921897968277335,1.5323623489468579,-0.002641714919028662,0.7989764202869366,3.0201715436653207,5.435419342974359,0.3440311551094055,0.2841070890426636,176
60435300,lstm_global,supervised,CAMELS-BR,0.8513232639098831,0.8999772508034889,0.0513876496424207,0.02791747419611036,6.902709532476359,-0.0018279817266397616,0.9268178362350761,0.07378621767428269,0.08276695231657592,0.28496211767196655,0.24221082031726837,179
60435400,lstm_global,supervised,CAMELS-BR,0.9193612187746549,0.9438574503371142,0.24340489752907205,0.14920071599869755,3.264912818335437,-9.738260633215118e-05,0.9601845636694137,0.5646524900668828,0.8000349188263434,0.21598634123802185,0.1993795782327652,179
60436000,lstm_global,supervised,CAMELS-BR,0.9336388881579823,0.9089041077609451,0.759770533196318,0.3855012200672079,8.484152615650688,-0.010309862729130276,0.9135672167105284,2.650455260675895,3.5095305328753303,0.37258583307266235,0.3404650092124939,148
60436145,lstm_global,supervised,CAMELS-BR,0.7343221976110136,0.8488837353923923,0.2519235414774077,0.19301392202791962,2.9180788735997654,-0.006418984351035028,0.9092819066639009,0.24874192900657469,0.33017635345458984,0.31522536277770996,0.28295162320137024,23
60436185,lstm_global,supervised,CAMELS-BR,-0.2004685128298045,0.07905656876484846,3.179213642357176,1.6037006430003955,6.7481042157430755,0.00020261713235791845,0.5887000528754631,9.52172860291075,13.218073606491089,0.48314204812049866,0.27387547492980957,23
60436190,lstm_global,supervised,CAMELS-BR,0.3339245669360412,0.45786479973630156,8.578790124118042,2.6383704105055474,-3.432416241665644,-6.542273257076e-05,0.6501207589641391,34.161383708503806,63.29323142958588,0.47836923599243164,0.2979259788990021,166
60436195,lstm_global,supervised,CAMELS-BR,0.3881978881596201,0.6363842109122902,0.23198004973099703,0.151582363945305,8.094267802695844,-0.005901756273506961,0.855453011795505,0.5656526556477002,0.7968380600214005,0.8541562557220459,0.6069991588592529,22
60436300,lstm_global,supervised,CAMELS-BR,0.7906047792015143,0.7427023993309028,8.384675392290331,4.248395382688287,-3.706802180427888,-0.003251621679998179,0.7603981640891206,27.839361327892444,48.82106018066406,0.3602251410484314,0.30288028717041016,89
60436400,lstm_global,supervised,CAMELS-BR,0.5674075620543977,0.6864557242248768,0.7455538850758171,0.36437757895328104,7.945949173755327,-0.004144589783735428,0.7917832320487695,2.6796183433178724,5.457604169845581,0.49102991819381714,0.3456476926803589,92
60443000,lstm_global,supervised,CAMELS-BR,0.6517865013161268,0.8139337328066614,5.157850209596224,2.5366154834628105,8.505657374261329,-0.0015956956076735446,0.9128328508767626,15.320167956246424,19.82977876505377,0.33550938963890076,0.22990387678146362,136
60443830,lstm_global,supervised,CAMELS-BR,0.3766153435955659,0.45781669037610984,4.131097545515656,1.9585084061448772,-3.942114957562645,-0.00498478944744488,0.607078564312677,15.363792542822447,24.999305725097656,0.6116259098052979,0.452667772769928,96
60444035,lstm_global,supervised,CAMELS-BR,0.6381783931862458,0.495594139459542,0.865181192550868,0.4524944402553417,-5.483383525461332,-0.0018513750313113812,0.5056591107379631,2.8589976978049494,3.546743869781494,0.8363073468208313,0.5230209827423096,27
60444100,lstm_global,supervised,CAMELS-BR,-0.8235020373777389,0.2581225804791005,5.546499023452601,3.1431111076421905,38.75312695018302,-0.002854131435399917,0.5017065810448331,18.968025519131235,26.196316599139312,0.36434242129325867,0.28528591990470886,171
60444500,lstm_global,supervised,CAMELS-BR,0.8108100675511765,0.871610450875832,3.3825194607920626,2.0526119231338233,4.5211668422546065,-0.005493284571284132,0.9157009395503527,9.222133528428975,11.83414672011935,0.30855369567871094,0.24406397342681885,142
60444950,lstm_global,supervised,CAMELS-BR,0.7338271513982555,0.8394034801171235,28.218735171426495,17.64733850195053,3.907421458209728,-0.0034593279118469546,0.9158095528566693,61.051761327821424,134.40418036685256,0.2389785200357437,0.19496364891529083,188
60445000,lstm_global,supervised,CAMELS-BR,0.8545266736253412,0.8924878568993961,44.109713739609205,24.05036852436681,5.094009248396321,-0.0003493949912084793,0.9178089166223717,125.01945586623297,224.3259116728432,0.24334721267223358,0.23155055940151215,186
60453500,lstm_global,supervised,CAMELS-BR,0.6968111871081621,0.7366752660980653,46.57823101256251,23.334544851424845,-0.8258286757709461,-0.003034766620720597,0.7817699711690449,143.61498878904683,315.38766181223286,0.26065126061439514,0.20583932101726532,188
60470000,lstm_global,supervised,CAMELS-BR,0.8234601552969831,0.6899987125518188,0.20378144432555584,0.07528064114616272,-0.9542417958235347,0.0006727828317942726,0.6955154318288036,0.7907410687211069,1.6401025264063152,0.24764934182167053,0.18985944986343384,188
60471000,lstm_global,supervised,CAMELS-BR,0.4213917253437264,0.6886307384071999,0.4401611964502919,0.19589158718256242,5.509912991041993,-0.0007192132233722406,0.9180752205893093,1.6891301866564228,1.948148230494345,0.28289151191711426,0.24296684563159943,188
60471185,lstm_global,supervised,CAMELS-BR,0.48242371573926424,0.6103600438148726,0.9195240499124431,0.40119562725002844,-0.6735863851037277,-0.0030054898615572145,0.7464459727825834,3.54214580199538,0.8146791458129883,0.4331718683242798,0.28442227840423584,89
60471200,lstm_global,supervised,CAMELS-BR,0.6776145144185297,0.7856026479482151,0.825338911544742,0.4637085389952327,1.958648700060689,-0.0006479023088045051,0.8752033533066749,2.3417004899888174,2.1858640338377904,0.3982844948768616,0.25389185547828674,172
60472200,lstm_global,supervised,CAMELS-BR,0.6429594683165287,0.798139941309824,0.1359781408900535,0.059724202472202025,1.3408989471546988,-0.0009131595876002482,0.9285991813450342,0.4986418452563614,0.8795495874951643,0.2128230631351471,0.17031702399253845,181
60472230,lstm_global,supervised,CAMELS-BR,0.7594732395317325,0.8111153272938176,0.23463058806228962,0.09949676289084208,-0.10645299221350457,0.002782408655146968,0.8597090219559123,0.8103511617409486,1.753331932625018,0.2570643723011017,0.1880546659231186,181
60472235,lstm_global,supervised,CAMELS-BR,0.8087170748742147,0.8695458299080296,0.2529916269281787,0.14103950608683669,5.924779862011078,0.0010896634777379406,0.8948326392758869,0.8011588213663466,0.9253628698359548,0.18853957951068878,0.20014266669750214,184
60472240,lstm_global,supervised,CAMELS-BR,0.8409536275257535,0.9063449708277255,0.4326643498059668,0.23325103355778587,4.054010570648523,-0.0023232246039054712,0.940583735058946,1.255483790896059,1.4257307744340373,0.2381162792444229,0.19810768961906433,180
60472300,lstm_global,supervised,CAMELS-BR,0.8520019791677349,0.8963456322791489,0.6919476863753752,0.29377032047056634,1.6796657470471748,-0.001364361946181284,0.9301760943285171,2.761706834058578,4.27295169313299,0.3909633457660675,0.30866140127182007,184
60473000,lstm_global,supervised,CAMELS-BR,0.7703860843078396,0.8456750336238748,0.7960041974664319,0.3071550619271066,-0.37765557361796587,-0.0009210523438206476,0.9050775753021817,3.2009819222476414,4.113492779386501,0.3480064868927002,0.31464263796806335,180
60474000,lstm_global,supervised,CAMELS-BR,0.4952944019334794,0.5061572510821634,1.1878633898793747,0.4705667150147418,0.49167571495629164,-0.0014035672483507684,0.5845703229026853,4.747264601570814,9.292553756047568,0.4061926007270813,0.22079968452453613,188
60474100,lstm_global,supervised,CAMELS-BR,0.7515388701564951,0.8245200672284605,0.7255835550974429,0.42674317727974853,2.115208313274022,0.0003171574914924251,0.8842627997884147,1.9960030110739193,3.468078621323018,0.3510760962963104,0.26391470432281494,183
60476100,lstm_global,supervised,CAMELS-BR,0.7923573711722723,0.8871654762281782,1.7349092497962653,1.1410051013561004,5.592248687553464,-0.0015369650270468278,0.9407681945784434,4.26418066708451,6.801456636778545,0.26455533504486084,0.22483892738819122,188
60476150,lstm_global,supervised,CAMELS-BR,0.7414730825986093,0.8511876886211495,2.0784077534761454,1.2043858214895775,6.364693318086475,-0.00040578172144547023,0.9003450232126922,6.85124519832937,12.615842830999256,0.25796887278556824,0.23853416740894318,188
60476155,lstm_global,supervised,CAMELS-BR,0.6609668554718127,0.7236557090564815,2.0609149576723635,0.9689269213332343,7.519565622597539,-0.002276576613225806,0.7578316988701701,7.374270534803006,15.769521713256836,0.36923980712890625,0.2794477939605713,97
60476170,lstm_global,supervised,CAMELS-BR,0.7022179554321608,0.6073889955713625,10.659178818131977,5.261057571224544,-7.168194235717283,-0.001694931687867357,0.6248988608224677,39.07851630702979,39.41180419921875,0.40417295694351196,0.30719971656799316,92
60477200,lstm_global,supervised,CAMELS-BR,0.878206187914694,0.9025838326637877,1.267566134140695,0.3270925214967212,6.6678728682113,-0.007050867704518238,0.9233765314695161,1.5255241333004796,2.696091651916504,0.3615398108959198,0.345148503780365,74
60477300,lstm_global,supervised,CAMELS-BR,0.5263739304054278,0.7661194636518344,0.35954985141448514,0.3061976097524166,10.656915861726421,1.7873545674977273e-05,0.8455053963949479,0.2680971622467041,0.2680971622467041,0.38846567273139954,0.3198738098144531,16
60477400,lstm_global,supervised,CAMELS-BR,0.8985325365126703,0.7590660220019966,0.7837952408776085,0.3586600893710292,6.432146316979211,-0.009425665885443385,0.7603749004833884,3.0498938063838477,5.308338618259492,0.6669307947158813,0.5747024416923523,131
60477600,lstm_global,supervised,CAMELS-BR,0.2465122837622986,0.45921262261796714,0.7048771965366473,0.4951531100086868,29.089599444569114,-0.010998798290424926,0.6410934609168966,1.2711561013996386,1.4073081016540527,0.9449033737182617,0.6753477454185486,32
60477700,lstm_global,supervised,CAMELS-BR,0.813764873175381,0.8179323190138617,0.11606907561651171,0.04756401479244232,1.3174920060266702,-0.00020956417412002631,0.8438216378382328,0.307847397249849,0.4822733402252197,0.3537115752696991,0.31462597846984863,92
60478100,lstm_global,supervised,CAMELS-BR,0.8124384548385405,0.8615797691064737,0.15719872772365637,0.09016451223733578,10.423333118175634,1.1873957858826029e-05,0.88824193218867,0.42320019180003093,0.6365689887693767,0.215454563498497,0.17870694398880005,188
60478200,lstm_global,supervised,CAMELS-BR,0.34292588796307866,0.47163905339511336,3.516412391684668,1.5386067188469468,1.8989434463636365,-0.0013385217044193445,0.6605258658926756,13.377077070456806,22.343139792764894,0.5593169331550598,0.357677698135376,157
60478400,lstm_global,supervised,CAMELS-BR,0.37643662595146177,0.5385973680855898,2.512498341293607,1.1061943739402194,3.6189975058124415,-0.0003475141118876486,0.7226704503173189,9.96205824103745,13.579681450875144,0.3697960078716278,0.25663095712661743,119
60478480,lstm_global,supervised,CAMELS-BR,0.47680935914194,0.5413876154619784,0.34285965616704467,0.14280013242870945,-1.4806633520967434,0.00013436113025243335,0.6515132122011713,1.35061590150183,2.5595022459597594,0.34459173679351807,0.22205112874507904,182
60478485,lstm_global,supervised,CAMELS-BR,-0.05994021830389418,0.43230671355387285,0.11293730026887512,0.07715060025326569,38.66578197906961,-0.003949449361533144,0.6125355389045397,0.2450995152953066,0.4704567492008209,0.3725174069404602,0.305879145860672,88
60478500,lstm_global,supervised,CAMELS-BR,0.8783844032826013,0.8840667520545508,0.3902320750240484,0.1911441189351312,5.083237412784744,-0.0016922102467092776,0.900586883433649,1.4870561985277853,2.4838277137632176,0.3009774684906006,0.2444618195295334,114
60478600,lstm_global,supervised,CAMELS-BR,0.6225953873723464,0.7382130768276534,0.25935530343269747,0.12006809665353259,-3.0562445180477695,-0.002743619276402022,0.8415167411448268,0.8137019707112416,1.5425678416213613,0.44956427812576294,0.33472928404808044,181
60479200,lstm_global,supervised,CAMELS-BR,0.9039830698738168,0.92296396570203,3.526181327028195,1.8589132187214303,0.405237414900259,-0.0004113907112252742,0.9389089692826063,9.817645407634727,17.53949990456729,0.3644390106201172,0.3296433687210083,188
60480000,lstm_global,supervised,CAMELS-BR,0.162154022272327,0.18382062528108145,24.361916023026573,6.822956960014206,14.050478759895158,-0.017197730141916934,0.36951970587318306,79.56576204854825,224.18424566664427,0.7517873048782349,0.3811025619506836,188
60480045,lstm_global,supervised,CAMELS-BR,0.8392124274718851,0.8559495989784303,4.802280608400771,2.4643996986894976,-0.7129559020436455,-0.002744309773756403,0.8823354025303405,11.482005120131928,22.93696796469099,0.4555665850639343,0.37892046570777893,181
60480055,lstm_global,supervised,CAMELS-BR,0.8514998334729678,0.842918085497749,4.081091024431569,2.3439638503392537,10.7644095659147,0.003091447810036105,0.852797439524495,1.9753141905709684,3.6356855818786347,0.3870474398136139,0.4174785315990448,150
60480310,lstm_global,supervised,CAMELS-BR,0.7000406792688858,0.8286212387388571,0.746189059762071,0.19542260304456804,-1.4184965449269153,-0.0047885457109775095,0.9078277533578182,2.9852123418212804,5.765985727310181,0.4947880804538727,0.5026775002479553,82
60480550,lstm_global,supervised,CAMELS-BR,0.7247840778932093,0.8184761919604342,0.3053741857700455,0.18302097449819726,6.6802398485813566,-0.0014537118981214209,0.884241055328843,0.4596493792785665,0.701890230178833,0.3171389400959015,0.24456435441970825,83
60490000,lstm_global,supervised,CAMELS-BR,0.8504543254333395,0.9184193974933457,6.835997865566357,4.0820107960569265,3.731582769916262,-9.692691286296296e-05,0.9618117177622476,18.001273429544472,37.27327299628519,0.26967084407806396,0.24133826792240143,181
60491000,lstm_global,supervised,CAMELS-BR,0.10744365697663993,0.4311817084723626,0.9029869966963697,0.47901834607901367,37.84611278986596,-0.010368862632253572,0.6160722982795397,2.5659175142829516,5.34297251701355,0.4538712501525879,0.31216004490852356,83
60492000,lstm_global,supervised,CAMELS-BR,0.8233841717714208,0.8719166263169555,0.25159549678207477,0.15162899402471688,7.395870385241469,-0.00017215075915215025,0.9024423846812317,0.7986296801041737,1.182631492614746,0.33317288756370544,0.257147878408432,91
60492200,lstm_global,supervised,CAMELS-BR,0.7606039802820641,0.8428374128272824,10.106028817549904,5.4387244010458184,8.84859843914529,0.000920627110728961,0.8885431275235182,26.764241393124117,6.02490234375,0.413237988948822,0.44066935777664185,98
60495000,lstm_global,supervised,CAMELS-BR,0.9947897717606982,0.9646247390533008,0.19178907869281983,0.12179279164309478,2.2994452017348026,-0.006026056336939957,0.9646847559154609,0.5252383759007522,0.203607968224366,0.14789366722106934,0.1377526968717575,136
60500000,lstm_global,supervised,CAMELS-BR,0.9365945696698555,0.9360669278662728,7.296507609433647,4.758625443945539,3.614529694623973,-0.000639752907058453,0.9439979128143816,17.239051779392913,12.290092915408271,0.31617119908332825,0.28814947605133057,188
60510000,lstm_global,supervised,CAMELS-BR,0.9246450105003847,0.8910163081722603,62.54059731465627,34.46619009042715,-0.10088981002187855,-0.0001731950065918704,0.8970485663866116,152.8271574588645,115.48954627581101,0.2958226203918457,0.2530849874019623,154
60510010,lstm_global,supervised,CAMELS-BR,0.8352455441890876,0.9178529567009246,35.180831564437405,27.497333163306827,0.29005019377989394,-0.003939440259433214,0.9842428342193911,37.36241224975845,39.8076171875,0.20987485349178314,0.1400255411863327,84
60540000,lstm_global,supervised,CAMELS-BR,0.8761229103950746,0.8955299300540894,8.99314168922628,4.340345763145609,1.8025785715122242,-0.00041037082758521234,0.9168968386002696,30.602555301617205,49.36849922922792,0.27660495042800903,0.22088095545768738,188
60544000,lstm_global,supervised,CAMELS-BR,0.8364342869812936,0.7744555578141391,0.4294646841013631,0.16787843311086614,-6.808839138028356,-0.003281279635067892,0.7861680323340923,1.5689616406330482,1.7781997538968801,0.23986384272575378,0.1644091159105301,188
60544100,lstm_global,supervised,CAMELS-BR,0.8604507794887382,0.9167433387638473,0.14411574915237138,0.08043117004823178,4.793337543546215,-0.000606702728187471,0.9500502791352496,0.39612414685481917,0.5450831190109297,0.16271498799324036,0.13903889060020447,188
60544990,lstm_global,supervised,CAMELS-BR,0.812334970526602,0.8369617186364897,49.42837595502673,36.69509214036008,5.666218144438718,-0.0014532654992164707,0.864280215145041,104.60990147723638,189.12834970516664,0.21900086104869843,0.21264158189296722,188
60545000,lstm_global,supervised,CAMELS-BR,0.9465436987030699,0.9310816724968835,66.04169343746922,29.467224513783176,-0.11928069974960727,-0.00038121451928894816,0.9360852341781561,245.09659244368308,325.21275038738173,0.22798818349838257,0.19554947316646576,136
60555000,lstm_global,supervised,CAMELS-BR,0.9840550302793628,0.9623380722456161,0.3333406143623431,0.24994917848008744,3.523269022501565,-0.0018240439619423218,0.9628184310538774,0.25534302982278195,0.30020784561680725,0.14155811071395874,0.12792012095451355,188
60564000,lstm_global,supervised,CAMELS-BR,0.8868010763573133,0.8757224497576547,7.317987305531185,4.074563782265845,0.9602610239507512,-0.000972101575874431,0.8892562488993432,24.601173300923758,31.77595820585958,0.22804462909698486,0.18694254755973816,188
60565000,lstm_global,supervised,CAMELS-BR,0.9278882261358211,0.8671448976153506,8.964178177523161,4.669578552246094,3.762086769255156,0.0009402401984185101,0.8679891065035186,22.76755816119601,32.18280029296875,0.2929983139038086,0.29842647910118103,32
60570080,lstm_global,supervised,CAMELS-BR,0.7672050916249666,0.8307402382318168,93.95926935355006,68.8594767793696,0.5612749335412591,-0.001844582899825557,0.8846714830397779,68.90957441930097,61.2796635954929,0.2613844871520996,0.2235976904630661,188
60590000,lstm_global,supervised,CAMELS-BR,0.9831609239631618,0.9607131782660412,4.069241088389699,1.9090673720583002,2.1616665154599684,0.000575088482522905,0.9612177205871753,14.447283089285536,25.9677551129689,0.22654391825199127,0.2161974310874939,188
60591000,lstm_global,supervised,CAMELS-BR,0.8164435475130934,0.8728657356893345,7.260913211120772,3.8068397837750454,5.535914136705944,-0.0024877844426214983,0.9134326540618569,22.285057637426103,44.58806079847072,0.30987945199012756,0.24464890360832214,188
60600000,lstm_global,supervised,CAMELS-BR,0.9768729942437578,0.9484489556254654,59.85622741062135,36.44303172343486,-0.6817633663755295,-0.00037236692471907806,0.9495487925077865,146.41376908759997,171.89380441346626,0.26066485047340393,0.24541188776493073,148
60610080,lstm_global,supervised,CAMELS-BR,0.6140533645315435,0.7497688094866262,407.32827615774875,307.8850649569897,-2.1143496164141107,0.0001264380264609042,0.8657456177178492,233.45102326887238,345.6515204219692,0.2783142030239105,0.18191923201084137,188
60615000,lstm_global,supervised,CAMELS-BR,0.9068042809300669,0.921494893680152,0.5360874039185917,0.2981216113870315,1.673513016765588,-0.0018332822377508627,0.9370675946117646,1.752421894474669,2.1153995204076934,0.302134245634079,0.3121742904186249,181
60618000,lstm_global,supervised,CAMELS-BR,0.9074591345323585,0.9429711526909871,1.8547320481333185,1.3026531867261202,2.2454257917084526,-0.003862892332487912,0.9665583813944923,3.2160820278016478,0.5828150797872848,0.27203017473220825,0.22830606997013092,159
60620000,lstm_global,supervised,CAMELS-BR,0.80717644813239,0.8080618895669638,5.237085775315289,2.265473869252712,0.05052563453804825,0.0016588769536746532,0.8340371456213245,18.243678126206845,31.38603460066359,0.4094696342945099,0.33371955156326294,188
60625080,lstm_global,supervised,CAMELS-BR,0.6169273244777226,0.7699564781681938,388.96466984850224,279.88309787182095,0.7709876772410699,-0.0019253880193289448,0.8997908211348236,324.9804697891846,478.55439560457586,0.2521660327911377,0.17876756191253662,188
60635000,lstm_global,supervised,CAMELS-BR,0.8318061270050334,0.8404059344093879,1.8557378696710662,0.9113978803481745,2.6022662801921657,-0.002069962700668674,0.8651941071998666,6.606820229954143,5.568536183440751,0.37015631794929504,0.32511693239212036,184
60640000,lstm_global,supervised,CAMELS-BR,0.9003541528422634,0.9035958760460471,5.344258977359265,2.9537326440862985,4.560426808188168,0.0014256622887560688,0.9172844348723013,12.581996135093027,13.872631422228645,0.42772504687309265,0.3761322498321533,184
60642000,lstm_global,supervised,CAMELS-BR,0.7578920488268301,0.8514531030700665,2.498001593174241,1.3065821306502565,6.375823503113356,0.0014361619589367304,0.9169407211396556,7.585032018835983,3.865098902782348,0.3589005470275879,0.2856496572494507,188
60650000,lstm_global,supervised,CAMELS-BR,0.6931997027103745,0.7142208329672255,17.874487591955567,8.72707443130749,-0.6360535856544157,-0.0017625052848711381,0.7651160795759242,66.942447673378,101.84205153840333,0.43513888120651245,0.29858654737472534,179
60653000,lstm_global,supervised,CAMELS-BR,0.5289506155635619,0.6351371661063744,0.4073842657086155,0.17445100771580288,4.245054237932785,-0.0016139697396480648,0.7487567098653904,1.4815992249637762,2.9371145505385576,0.4791524112224579,0.35311901569366455,188
60654000,lstm_global,supervised,CAMELS-BR,0.8739171749427994,0.901859789556916,3.34257963517465,1.6246638869586056,4.931295615500397,-0.0013671896208563156,0.9251064981943379,11.593287163282191,15.713588896540122,0.3662538528442383,0.3132120370864868,146
60655000,lstm_global,supervised,CAMELS-BR,0.773532250027201,0.8447143638677468,15.388208946267705,8.516248637232287,3.0764378045917544,0.001227696648205259,0.8983227813533907,45.396497092639876,72.75536423241954,0.34326547384262085,0.2992038130760193,116
60664800,lstm_global,supervised,CAMELS-BR,0.3655988135782957,0.4921211665322611,0.2736775112969832,0.06536553779969344,2.451623559587351,-0.005630785952319684,0.6650726962308029,0.9443140102138927,1.9600070975661226,0.3987571895122528,0.22689703106880188,111
60665000,lstm_global,supervised,CAMELS-BR,0.8410402905020886,0.89600328108864,4.880713931149049,2.50726462447125,4.270073565516649,-0.0011571849509010856,0.93498426484878,14.779095776067505,10.613631671797123,0.41510817408561707,0.3139853775501251,184
60675000,lstm_global,supervised,CAMELS-BR,0.916902305297129,0.9422776598415618,22.677459675148793,13.370089794727082,4.112435975873463,-0.0007916489756419794,0.9577847276909344,49.600361690318316,48.894751572823026,0.2341395765542984,0.20651672780513763,188
60680000,lstm_global,supervised,CAMELS-BR,0.9656294587442548,0.9443236151122639,16.748174760252365,10.620353091362468,1.900308167789106,-0.002886638906938483,0.9467592019206751,44.52117130487382,24.525803148110917,0.28783321380615234,0.2508348822593689,179
60700000,lstm_global,supervised,CAMELS-BR,0.7917972589419561,0.8248770285906386,3.47007224863121,1.2951626476350722,0.5393861474233326,-0.001082874997606901,0.8619449896173986,12.802471364084601,26.511484634932703,0.3180467188358307,0.27582070231437683,182
60715000,lstm_global,supervised,CAMELS-BR,0.9395031087526218,0.9304805689960479,8.36713271682259,3.5271526821498767,2.6452452220283003,0.0004074197458473934,0.9336112368938893,29.529469022192515,60.97425447365966,0.308491587638855,0.31231042742729187,179
60750000,lstm_global,supervised,CAMELS-BR,0.9740998252371756,0.9568691212937386,3.9320920121345972,1.782446712255478,2.5199078281755685,-0.0007136146720284793,0.9585402291410134,9.866007370504189,19.765021756913068,0.35766133666038513,0.3465315103530884,184
60765000,lstm_global,supervised,CAMELS-BR,0.9891384705269177,0.9713532863378376,5.427566728892381,3.4181794135466865,1.8425108727683417,-0.001977794421463761,0.9718075999286448,7.489573357427584,7.855232855578335,0.27354028820991516,0.2580353021621704,184
60772000,lstm_global,supervised,CAMELS-BR,0.9877549086751715,0.9676159161782004,11.993019102707425,7.099372591291155,1.686776156979412,-0.0012354861259434163,0.9681038866786026,13.982429495480481,21.958526611328125,0.25066643953323364,0.22971275448799133,84
60774000,lstm_global,supervised,CAMELS-BR,0.9369413238174253,0.9419111278885807,2.3338324403406214,1.243056405189983,3.565496853292644,-0.0014882432807690436,0.9487879723751009,6.259842221531017,10.916402089714575,0.2453857809305191,0.22799047827720642,179
60778000,lstm_global,supervised,CAMELS-BR,0.9664392779252011,0.9757474707574177,1.3825872756753237,0.6147702519410576,0.735018580379007,0.0003088312044926718,0.9825296409297293,1.7228262383311759,1.2625874674880018,0.1667311191558838,0.16719460487365723,153
60781000,lstm_global,supervised,CAMELS-BR,0.9509172272411295,0.8986195043230345,15.559893500549814,6.486436985908671,0.9735233970909123,-0.0006362839799269812,0.9009540629219258,60.15707383738457,74.78622960930328,0.34533342719078064,0.30918818712234497,188
60785005,lstm_global,supervised,CAMELS-BR,0.96961726433078,0.9677629291858526,1.813971056196918,1.0242837434229644,1.5355445811293287,0.00034496571981183603,0.9713177949363134,5.959185993566106,2.3105487885010247,0.16119980812072754,0.15910054743289948,184
60790000,lstm_global,supervised,CAMELS-BR,0.9516655006341699,0.9639560888721673,13.904046477283128,7.466872236003047,2.1677979387530044,-0.00025900413434270034,0.9727440804138903,43.59094170545341,86.18447800417786,0.25145697593688965,0.24808759987354279,184
60798000,lstm_global,supervised,CAMELS-BR,0.9258650195668608,0.885662787687012,28.044089972025642,16.813723594584363,0.9485418514714319,-0.0027550023846538985,0.8910332177006266,90.59521876532826,94.23958110909274,0.28457340598106384,0.2641405463218689,188
60805000,lstm_global,supervised,CAMELS-BR,0.9917653551520084,0.9855000890569473,28.309311810782994,19.660062262352476,1.1882447582233424,0.00015805500437106323,0.986019071537251,50.423526242604716,31.592549188609294,0.22900302708148956,0.23279884457588196,188
60805050,lstm_global,supervised,CAMELS-BR,0.867034333760009,0.90974333664404,0.7485510201281701,0.4454794380845142,6.924763238997692,-0.002157293768995842,0.9305176233832918,2.5488436163355837,4.274185667939341,0.15426702797412872,0.1462312787771225,119
60810000,lstm_global,supervised,CAMELS-BR,0.95819973680267,0.9426088216437799,2.1305453103723266,1.0051167876176212,1.7091234975472036,-0.0028569011288974433,0.946317385581944,4.369307470278161,5.119459443393407,0.1970953345298767,0.19523334503173828,184
60811000,lstm_global,supervised,CAMELS-BR,0.46473582375106737,0.6874078854006476,0.9827216637667164,0.5975660998387017,20.3724534067733,-0.004467388617041653,0.7931781601553886,1.9570183691716212,3.587021031982255,0.5377246141433716,0.41273003816604614,182
60835000,lstm_global,supervised,CAMELS-BR,0.8319545107579002,0.879807551800925,5.236771569555065,1.7066914144768772,6.391724733253524,-0.0016915927944038678,0.9047322048149359,8.990049815674139,14.37735326989652,0.3315693736076355,0.2986714541912079,166
60842000,lstm_global,supervised,CAMELS-BR,0.9266884488162637,0.9460449213548471,6.811928908283426,3.4709278106689454,1.2116637458089818,-0.0013850959976576434,0.9607925075822923,11.915648082039088,5.90573596555473,0.3693704903125763,0.34753307700157166,145
60845000,lstm_global,supervised,CAMELS-BR,0.9503553459985176,0.9595622761453999,11.884381519779593,6.3544582103161105,2.1196393354418364,-0.0029409433585534175,0.9666196572530935,28.34975786334812,54.07783185276868,0.3431206941604614,0.34394967555999756,188
60848000,lstm_global,supervised,CAMELS-BR,0.7984225314789071,0.8527711071345815,2.5260646369994726,1.181074980780375,9.85031944758297,-0.002265833687203022,0.8921030618482594,5.324221134935996,5.5957367936987605,0.5191426873207092,0.40205058455467224,139
60850000,lstm_global,supervised,CAMELS-BR,0.953806289577218,0.9441149691524221,4.230937453754125,2.596914289314623,4.789095375603361,-0.0023632113176568423,0.9486549771586217,9.8950183806168,5.021837144942443,0.3385171592235565,0.3164799213409424,173
60855000,lstm_global,supervised,CAMELS-BR,0.7020370877820756,0.7355063076134518,12.3454730001345,6.482488406499227,13.885865901233753,-0.0014150356874867362,0.7502684497114741,41.398304718283185,21.182048741425493,0.2751154899597168,0.2299065738916397,150
60856000,lstm_global,supervised,CAMELS-BR,0.8114233529192219,0.7498608492168979,3.2383618500942792,1.3014095755333597,-2.658802140757991,-0.002162922643521817,0.765302372883351,13.142279993847353,14.585295881711179,0.5037029981613159,0.3934757709503174,188
60870000,lstm_global,supervised,CAMELS-BR,0.9134351377210941,0.8696910973693327,4.328720262964258,2.1909888007424096,1.0278654336291257,-0.0016325935056751544,0.8752000712331053,14.537786194942223,26.132271567042192,0.30491936206817627,0.24914054572582245,154
60877080,lstm_global,supervised,CAMELS-BR,0.809358536006148,0.7751519545395459,270.4937517704452,178.81775746446974,4.784499083280421,-0.0007949081015946368,0.7875363997389996,546.1841391506885,958.515155157841,0.1283860057592392,0.08786972612142563,188
60884000,lstm_global,supervised,CAMELS-BR,0.9199053885784232,0.9179313054060382,10.7627092154434,5.97947000175394,2.575598939490066,-0.0007737694599401698,0.9254035097898007,26.967599775225963,32.4628962723343,0.22669610381126404,0.23246552050113678,186
60885000,lstm_global,supervised,CAMELS-BR,0.960174168119629,0.9459457438970782,18.170349449319602,8.17540753272272,-0.7628850757166226,-0.00017638410646411695,0.9495836535985723,19.77261157841175,29.338307661525697,0.2628147006034851,0.2536027133464813,155
60890000,lstm_global,supervised,CAMELS-BR,0.8912517307052886,0.9383739870718767,22.44422528099148,12.120576617361484,2.06124244757021,-0.0007882881676825083,0.9705785837755214,72.25182946626506,70.3118761318431,0.259235143661499,0.23269909620285034,174
60891000,lstm_global,supervised,CAMELS-BR,0.9143903433751838,0.9462760666153358,19.0064933653115,11.42659826481596,2.2261809798529395,-0.0014340873536672853,0.9645433230828679,48.917652826654155,55.28155610007352,0.22582826018333435,0.21968118846416473,188
60895000,lstm_global,supervised,CAMELS-BR,0.9278087219213064,0.955638561837371,1.9582914813320529,1.343216678074428,1.9832620970165862,-0.0008123807875938353,0.9724068096735314,4.229256260150292,5.005832718176794,0.13347209990024567,0.12534679472446442,105
60895500,lstm_global,supervised,CAMELS-BR,0.8800973550390294,0.8960754465426876,3.291756856853995,1.604722982535333,0.242433378820774,-0.0009553596621662379,0.915110359203797,10.916742336020013,21.92498743805916,0.17504271864891052,0.155695840716362,163
60900000,lstm_global,supervised,CAMELS-BR,0.9735646244700917,0.9339993137228804,3.6887772093091495,2.572538314327117,-0.15258235947046356,-0.003584789823462704,0.934792011407449,7.712093756834107,4.355476379394531,0.1445089876651764,0.12593908607959747,31
60901000,lstm_global,supervised,CAMELS-BR,0.8203044110884068,0.8646680429988083,8.977410499408027,5.478725769940545,3.332136181292804,-0.00048756140243721643,0.8999303972067788,28.819361378497074,57.495721606309154,0.22965019941329956,0.20563094317913055,170
60901800,lstm_global,supervised,CAMELS-BR,0.898785977797832,0.9175492798346883,39.626905215971206,24.348334819712537,1.7058827246990698,-0.00016963119147475614,0.9353388182725347,98.47954112745488,87.42016995692727,0.28234848380088806,0.23591643571853638,188
60902000,lstm_global,supervised,CAMELS-BR,0.9017015169858315,0.9155655073006915,28.905551923224674,17.256080545843602,2.645483624634732,-0.001670758467565009,0.9313290799414071,53.539319286410404,105.05609201448291,0.24579747021198273,0.21656836569309235,187
60903800,lstm_global,supervised,CAMELS-BR,0.8947297553396671,0.9194460844879012,41.642046534562176,24.371603296158163,2.424238112976931,0.00020407191097754872,0.9395308100201317,110.6103532894807,98.68354790939081,0.30643418431282043,0.2480485588312149,188
60904000,lstm_global,supervised,CAMELS-BR,0.8238282907800786,0.8960642451105834,58.75537744017218,35.76620471158767,6.177389270370667,-0.0010480697161801347,0.9357050412502074,166.31353667161898,227.48847158379075,0.2874020040035248,0.26683688163757324,187
60905000,lstm_global,supervised,CAMELS-BR,0.9446140320377047,0.9644662964956052,32.39939166453337,16.717252668991588,2.2070394003447156,0.0015103032854240639,0.9769130171251892,35.93605143252814,45.39663566988729,0.24538519978523254,0.2380010485649109,153
60907000,lstm_global,supervised,CAMELS-BR,0.945361788596781,0.9580773326030921,29.919660981299693,16.58988303326546,2.2751870080904455,0.0014245884208894232,0.9660418746781714,77.69540184003513,138.3016527666695,0.20089218020439148,0.20428529381752014,188
60908000,lstm_global,supervised,CAMELS-BR,0.8845072148192167,0.9295171491158926,37.16834860120675,23.978368556245844,3.5614949572120227,-0.0009502208618955808,0.9577637878415222,85.08665169676023,106.64990229076324,0.25213226675987244,0.22694319486618042,188
60910000,lstm_global,supervised,CAMELS-BR,0.8142093542751346,0.8691051977433517,2.2860489281489516,1.1051631809040239,6.41937835489015,-0.0008783593884166656,0.9048584534345834,8.495025560512941,13.778378954706193,0.25587570667266846,0.19166000187397003,157
60920000,lstm_global,supervised,CAMELS-BR,0.9099502165501033,0.9160724093562573,22.278361810459792,10.650714427866834,0.6531671769096894,-0.0008188331585611917,0.9292082087215305,78.95753872750721,64.3569763036685,0.15744031965732574,0.1501358449459076,188
60920400,lstm_global,supervised,CAMELS-BR,0.8594609418681458,0.9271067102932369,24.308934891892825,15.251194893045628,2.6754378151580744,-0.0013763644538447497,0.9720474302828161,47.525237501512905,38.78647520573686,0.2052963376045227,0.1890435367822647,188
60921500,lstm_global,supervised,CAMELS-BR,0.86340569670612,0.8837453440523467,25.99831956393817,17.35703216715062,0.48987779564303785,-0.003629273578255078,0.9074430683571785,61.84605427352133,79.095031714355,0.2192879617214203,0.20650698244571686,188
60925001,lstm_global,supervised,CAMELS-BR,0.970424151538213,0.9524641517495459,3.43344575126952,1.7040350264011148,1.8714137769011754,-0.0018059436282618219,0.9542786082333836,8.421280779921883,16.72123424580604,0.30306389927864075,0.29419469833374023,179
60930000,lstm_global,supervised,CAMELS-BR,0.9490184903013936,0.9660393757354163,1.4112869608390923,0.8868403166867374,1.1770372045087498,-0.001140018836518526,0.9758828597309311,1.7371776062154736,0.9648293843064393,0.13672935962677002,0.1383330523967743,178
60940000,lstm_global,supervised,CAMELS-BR,0.9914777105629042,0.9852132261578375,1.044698259461689,0.7516968209402902,0.8231078930658196,-0.0006207840374002401,0.9856449330019416,0.9830289365996888,0.8770484934354515,0.07150527089834213,0.06971991062164307,175
60943000,lstm_global,supervised,CAMELS-BR,0.7019701216900596,0.8524050301672047,8.56721009103612,5.336388821297503,2.6873989597917505,-0.001991692891411441,0.9686038699786181,5.832910430851383,7.915659411092991,0.1774023026227951,0.16438990831375122,188
60945000,lstm_global,supervised,CAMELS-BR,0.9264049843922578,0.9557701224836197,8.808899641137868,5.404677988408686,1.3189015509217807,0.0009962908465692031,0.9746972230601361,23.157367614617062,36.50968149095089,0.13995453715324402,0.1346662938594818,182
60950000,lstm_global,supervised,CAMELS-BR,0.80944408544912,0.8613527602252298,10.715624838719737,6.256938913594121,2.407083692567566,-0.0007729024724592764,0.899914662899661,25.19138296772146,53.44170857415894,0.1704908162355423,0.13937585055828094,184
60960000,lstm_global,supervised,CAMELS-BR,0.7575237918301838,0.7960628861951404,0.543189001023821,0.33241163194179535,0.32965012900298474,0.00026933595231125665,0.8413313722182991,1.5526106221307798,2.3680153922801312,0.10719745606184006,0.07668942958116531,160
60960800,lstm_global,supervised,CAMELS-BR,0.7392892236795348,0.76948375134716,3.5683077376558505,2.192060317633287,-0.26690661899922985,-0.0012260176155180161,0.8141905037914496,9.229497571591228,15.27013442061484,0.20950622856616974,0.15536528825759888,159
60961050,lstm_global,supervised,CAMELS-BR,0.7823166883095198,0.813955573545952,4.454830372416042,3.00239674842104,4.425681929687354,-0.0002096791446024003,0.8489874240570888,8.490397801329772,12.667465880596405,0.21899856626987457,0.13989973068237305,188
60965000,lstm_global,supervised,CAMELS-BR,0.9856552498381227,0.9889850420784803,2.997109043295715,1.7465267181396484,0.6783490064972215,-0.00014439860076303178,0.9913076274405646,1.7836383987867388,2.344352205242969,0.0773824155330658,0.07955219596624374,124
60968000,lstm_global,supervised,CAMELS-BR,0.8485801161941786,0.8817251304111581,9.929368672334068,6.196273554926333,2.495536556030969,0.0004492316842470822,0.9085202543289065,29.945222253334112,50.91449950717123,0.15078158676624298,0.11996861547231674,184
60970000,lstm_global,supervised,CAMELS-BR,0.8649642334848755,0.9144220041861006,10.69221029459098,6.5058070473048994,2.464263692244555,-0.0016186838074628007,0.9468388685200191,31.50465455814085,33.334981509983976,0.15344403684139252,0.13021190464496613,184
61004000,lstm_global,supervised,CAMELS-BR,0.9502464355516375,0.9682057346221146,1.0019664762577836,0.624933382298084,1.4007726654700365,-0.003008279288218979,0.979959362831258,1.8023492923832134,3.411299662665162,0.23507927358150482,0.20934024453163147,188
61006000,lstm_global,supervised,CAMELS-BR,0.9743456139426258,0.9665041605936078,0.18223809757425816,0.13752065091691118,1.7516979507683745,0.0009702858670941408,0.9688057955916093,0.2948458991377427,0.3825581745694443,0.1323510855436325,0.12564140558242798,188
61009000,lstm_global,supervised,CAMELS-BR,0.9601656286528165,0.9728133124978724,1.9785281806575072,0.9682663249969482,1.7684572001955292,-0.000987440361570533,0.9812541724213423,5.347160389096532,7.189034661404541,0.29421180486679077,0.28106552362442017,175
61011000,lstm_global,supervised,CAMELS-BR,0.9566119329091789,0.9680767676987212,3.4205251273998885,1.5295997731229092,0.18097473174586448,-0.00033229558993187747,0.976636633327555,7.863190090920125,8.084365403526832,0.2110278606414795,0.19861815869808197,188
61012000,lstm_global,supervised,CAMELS-BR,0.9642044977380589,0.9753324363511239,7.111429038394945,4.088730732155912,1.6996200963456694,-0.000610068320932345,0.9826292009804901,15.807176066537936,19.295018381155476,0.27720674872398376,0.27355659008026123,179
61014000,lstm_global,supervised,CAMELS-BR,0.8633911890874579,0.9093051016268493,1.875245872501526,0.9217851529802595,1.8672601904141592,-0.0002875319012929974,0.94213299423653,5.910932784398392,3.6924330044532456,0.35638734698295593,0.2929055690765381,175
61016000,lstm_global,supervised,CAMELS-BR,0.6840693094695003,0.7363749540331166,0.7199594368534287,0.3353255983979944,2.7399675452178665,-0.0003861926792705136,0.7980576133087722,2.756660327461866,4.786789692748196,0.3326165974140167,0.22028540074825287,187
61024000,lstm_global,supervised,CAMELS-BR,0.8294416966976695,0.8803461118685447,4.621737594770669,2.3609731156485423,3.4606338108927885,-0.001547574373047627,0.9185557377837589,12.21605697662718,23.262600664783434,0.3434698283672333,0.23470312356948853,175
61031000,lstm_global,supervised,CAMELS-BR,0.5480429917308309,0.6987886309965339,1.7516543748814515,0.5790760197021343,0.18063733043477587,-0.001937443468055175,0.8335482579858148,6.889533716239628,13.939676258183308,0.4180751144886017,0.3205873966217041,162
61041000,lstm_global,supervised,CAMELS-BR,0.6623090218731602,0.715094820909546,0.4604603267601218,0.17260724908493935,1.8203165771354943,0.0003243916926192712,0.7803704314724065,1.7776221587633014,3.6041651839811455,0.20807471871376038,0.1580168753862381,188
61043000,lstm_global,supervised,CAMELS-BR,0.7862897806036953,0.8437706526595748,0.49508396782042785,0.20816549403782197,3.6661936798979498,-0.0024284446792150437,0.8911341863957967,1.862345304556907,3.122214487930353,0.48189255595207214,0.3934376835823059,187
61045000,lstm_global,supervised,CAMELS-BR,0.933397920708481,0.913301104411722,1.2257438415634192,0.6389185702023299,1.6502474147650155,-0.0009253410535555832,0.9192846090055715,3.8399011594553962,6.500594546910109,0.3757975399494171,0.338679701089859,184
61052000,lstm_global,supervised,CAMELS-BR,0.922870135576286,0.9514538384747703,0.91094206484962,0.47945878825374155,2.6376721646129972,-0.0004000708176364314,0.968654809080318,3.085784055938543,3.2329217655576357,0.23297519981861115,0.23364180326461792,179
61060000,lstm_global,supervised,CAMELS-BR,0.8933576488176546,0.889061526211231,10.329513750892893,4.91428227627531,-0.312438342777266,-0.0013876977049337678,0.9029062008225145,35.31684210553018,34.20362686855191,0.2908681035041809,0.23033420741558075,188
61061080,lstm_global,supervised,CAMELS-BR,0.9448063241430126,0.9134050740208113,21.958258125943694,11.396192185422207,-0.38302144082552403,-0.001906110951494542,0.917461899314087,62.09185143309047,91.89531838196996,0.2778286933898926,0.24905936419963837,188
61065001,lstm_global,supervised,CAMELS-BR,0.870736110664629,0.870709719207281,34.39034782287103,19.08665003856467,-0.6444938774045441,-0.0006279995156422205,0.88853498361802,118.15390580378806,92.94032136119601,0.30632126331329346,0.26830047369003296,179
61065080,lstm_global,supervised,CAMELS-BR,0.9469728049626623,0.9105443523304425,23.511667117610738,11.867424680831585,-0.5162692083898067,-0.0011778406987679908,0.9140298692114217,69.03877300337948,60.97570856855458,0.2655402719974518,0.23362582921981812,188
61075000,lstm_global,supervised,CAMELS-BR,0.930743446581023,0.9540896759183586,3.93049459787494,2.1692958409371585,1.202271811660879,-0.0002636763254863471,0.9703066764403584,7.4593019289644635,7.256745950744653,0.3602094352245331,0.31941115856170654,184
61078000,lstm_global,supervised,CAMELS-BR,0.9136587347257759,0.8900755825897068,7.680322940369194,3.789810414009906,-0.37491452400641084,-0.001320465775660768,0.8981031076335821,26.750625337517203,50.4398425669571,0.3689579963684082,0.30430352687835693,188
61080000,lstm_global,supervised,CAMELS-BR,0.8012197728424006,0.8076239490152033,0.31495407109275975,0.15360797933758574,-0.1867965285074803,-0.001984904203575496,0.837332793100384,1.14411160618023,1.708838272494176,0.32983121275901794,0.2545323371887207,188
61081000,lstm_global,supervised,CAMELS-BR,0.8402038391799601,0.8558136081575242,0.7506557746679737,0.43148859828076463,2.743500900257627,-0.0012224101631650042,0.8809175279979375,2.1377459755929356,1.1316046078025508,0.2999162971973419,0.2192685306072235,188
61085000,lstm_global,supervised,CAMELS-BR,0.7036910356898836,0.6911109550312986,8.003501090759332,3.1375693907129003,-1.0464073169800783,-0.0009457896657006568,0.7295097946605829,29.92431479895348,58.057384557473185,0.5279303193092346,0.3622775077819824,188
61087000,lstm_global,supervised,CAMELS-BR,0.8006475412151896,0.6521854075395119,1.3176259466641047,0.42062343244856976,0.5343251553693702,0.00022370360737740142,0.6564496866828206,5.446420371385047,11.315926848819503,0.3988049626350403,0.25202926993370056,188
61088000,lstm_global,supervised,CAMELS-BR,0.8053649725882401,0.7344560052181666,7.011472092664021,3.0268218187575644,-0.7645385072687411,-0.0016677861410886018,0.7481369558781024,25.915847370534937,46.530115010947,0.4445747435092926,0.31424179673194885,188
61090000,lstm_global,supervised,CAMELS-BR,0.7483499554750416,0.8189229784487544,9.376662370792546,4.058092519323877,2.658427580845819,-0.0011634667999577443,0.8712728749595247,28.72242093493059,51.51106934038951,0.3795761466026306,0.3158702850341797,188
61093000,lstm_global,supervised,CAMELS-BR,0.8214134043082021,0.8362897342153675,0.4351435294534575,0.19005138379462222,1.7756253195619662,-0.0012548408135607371,0.8644716059044965,1.558941848300006,3.4461293944837004,0.25877514481544495,0.20884867012500763,188
61095000,lstm_global,supervised,CAMELS-BR,0.8726004768026998,0.8434941048282695,1.7833974153082293,0.9250593286879519,1.1509809712425225,-0.0021819957607783387,0.8562769323939228,5.559367686342516,9.6536022014144,0.3233014941215515,0.27108073234558105,188
61100000,lstm_global,supervised,CAMELS-BR,0.8040353078942327,0.8639638608264246,1.2626013491761972,0.675432580968608,3.833308460162125,0.0008306853438409638,0.9083365288116511,2.444727258510743,4.2885279766216255,0.4147101640701294,0.3422846496105194,184
61105000,lstm_global,supervised,CAMELS-BR,0.8876783986133251,0.8689167349206148,7.185503121777023,2.8728607068743024,-3.812914771732642,-0.0028991035479057833,0.8811330939961091,28.498772839377,6.2544377998099785,0.4083179533481598,0.37920257449150085,175
61107000,lstm_global,supervised,CAMELS-BR,0.9270106693396982,0.8838420658655989,13.816793875302077,6.522575725679812,-2.679204650008695,-0.0036285054125978385,0.8877095189983666,43.80573836261311,88.37800895427729,0.378525048494339,0.33811154961586,184
61110000,lstm_global,supervised,CAMELS-BR,0.6976328984714856,0.8397063715309648,0.8823460279632576,0.4202194587233361,1.2006985077593413,-0.0030812369887717288,0.9626739704622436,3.020085191744321,5.075711593208977,0.45316410064697266,0.3328370153903961,178
61115000,lstm_global,supervised,CAMELS-BR,0.780183642597434,0.8021120631582812,5.5996404561310476,2.659432940026547,3.3128847343965067,-0.0015671239550114624,0.8352498363000913,21.445555953000184,40.89687782660694,0.3869418799877167,0.29396989941596985,188
61122000,lstm_global,supervised,CAMELS-BR,0.27278546366052314,0.40516026881455036,8.175008261423319,1.6571395841050656,2.5273286200342566,0.000975769002682314,0.6288590292843579,29.320582423123415,64.8033261761978,0.6277185678482056,0.49237585067749023,188
61125000,lstm_global,supervised,CAMELS-BR,0.6668835646534235,0.5218593318072975,2.552724273156152,1.1611083632423764,-15.471015631800336,-0.0029456997443690425,0.5362165207526538,7.520723376222683,8.249810218811035,0.7752270698547363,0.5148337483406067,42
61135000,lstm_global,supervised,CAMELS-BR,0.8739242326793344,0.8639394176234345,39.69703294644398,17.653719415055946,-2.6748382830985364,0.0016565735437840956,0.8792450959304694,125.06017637727369,187.71321872890653,0.3616929054260254,0.3241012394428253,188
61140000,lstm_global,supervised,CAMELS-BR,0.565619471717157,0.6802144494332625,4.46421424767541,1.6317847289357867,7.805238856465119,-0.0015811919914827822,0.7778432919145105,17.5063035892948,33.20947646125049,0.451592355966568,0.38421380519866943,175
61145000,lstm_global,supervised,CAMELS-BR,0.9110253640923577,0.925650716673491,43.243352603986565,27.079866409301758,3.354353392533507,-0.0001715059936525827,0.9400055453269245,118.17076058363678,202.9430814476285,0.24610333144664764,0.23540933430194855,188
61150000,lstm_global,supervised,CAMELS-BR,0.9292169778882124,0.8782255013430782,63.98215182800317,40.698104127924495,5.657293925582584,-0.000951378232813313,0.882149815999956,214.78404362400582,246.22962970767702,0.302426278591156,0.22936658561229706,188
61165000,lstm_global,supervised,CAMELS-BR,0.6272292461258462,0.7985984753846376,2.430011432180821,1.6473600017397028,11.672654429263927,-0.001596686659664729,0.8738436852994351,5.862566954814177,4.856577826183743,0.2587739825248718,0.22045554220676422,152
61170000,lstm_global,supervised,CAMELS-BR,0.9306767224147009,0.9647010490925373,0.2058666402338967,0.10645479422349197,0.4493661476576182,-0.0024274185815161414,0.9925584869674711,0.5425145049283704,0.6040309606993992,0.166922926902771,0.16737999022006989,169
61173000,lstm_global,supervised,CAMELS-BR,0.6952620201933187,0.6700537940832859,2.6781289462398896,1.0010409984695778,-1.123993143844853,0.00023905981060662156,0.7078562208724208,11.285787695719831,20.109399194685487,0.35873985290527344,0.2512877881526947,178
61175000,lstm_global,supervised,CAMELS-BR,0.6803795817781951,0.7234385530735026,4.849372156399897,2.227650137174697,-1.1452355251979247,-0.0007506905283293196,0.7847127467930882,17.530583662025407,30.2652645111084,0.28201431035995483,0.1555332988500595,84
61176000,lstm_global,supervised,CAMELS-BR,0.7579579289327103,0.8602171701908516,3.2139646237113286,1.5245253113990134,3.9420749279305647,-0.0021815889993017507,0.9229615265761866,12.821107826024614,21.70136763143801,0.30339229106903076,0.24394920468330383,188
61195000,lstm_global,supervised,CAMELS-BR,0.2332852120599188,0.45882563327008397,4.8817210124435375,2.395769054902361,2.488653619448173,-0.000514770266772227,0.734987068973789,17.411329911734473,25.157452319481852,0.5802876949310303,0.37271836400032043,188
61196000,lstm_global,supervised,CAMELS-BR,0.8790880017332029,0.8180636267656614,1.4497622635482001,0.7059603564916773,-3.693838829328057,-0.0019378191900029235,0.8262902558627612,5.1472433265824,6.915551633573561,0.45865222811698914,0.37713250517845154,188
61197000,lstm_global,supervised,CAMELS-BR,0.785793321955655,0.8296999265182223,2.5868552248307872,1.3078328015956473,0.7171626395339576,-0.0007240636132383894,0.872489669959745,8.27555597625485,14.486982100362978,0.31481197476387024,0.25154808163642883,188
61202000,lstm_global,supervised,CAMELS-BR,0.8294253284117494,0.8536722424399146,6.900354795313043,3.2241743469939514,4.196102695379102,-0.0009922724467888965,0.8789146560305476,25.154045312755425,30.42562669759926,0.6506240963935852,0.5396737456321716,136
61230000,lstm_global,supervised,CAMELS-BR,0.977222935245689,0.9753311362144601,55.57923555807285,32.941406006508686,-0.8394400140357572,-0.0008058647350147365,0.9779365104348837,149.18268135300505,200.81730653709084,0.22273093461990356,0.233466237783432,188
61250000,lstm_global,supervised,CAMELS-BR,0.757819947009136,0.8123209889832887,0.9360540674740421,0.5048545971929028,4.898997478328224,-0.0006434583264786076,0.8596194027861215,3.388054705427433,5.236440227738281,0.27984490990638733,0.19227924942970276,179
61250100,lstm_global,supervised,CAMELS-BR,0.7895845230133038,0.8757161781610894,0.7281945235799929,0.4001447432876929,2.808207131791373,-0.0004602680907749481,0.9393584111047965,2.067797690098508,1.9419099175511803,0.26468706130981445,0.22879908978939056,184
61255000,lstm_global,supervised,CAMELS-BR,0.9348402720435297,0.9401332639649603,0.08155125702821105,0.046425113335568854,0.33927448756192297,0.00022209016258479901,0.9478389383892247,0.2165245886468433,0.26829424061205065,0.07812921702861786,0.08855073899030685,188
61255300,lstm_global,supervised,CAMELS-BR,0.8914884188606435,0.909807836252516,4.027766207545071,1.4279241308018014,1.4190182260328292,-0.0029789939810386593,0.9274755677416503,13.880786877846674,4.275299072265625,0.6386528015136719,0.5955677032470703,81
61265000,lstm_global,supervised,CAMELS-BR,0.3327282117594599,0.6482447344509563,0.8243462881684454,0.5134979138771693,6.887884810266761,0.0031381345253161585,0.9141401149847581,1.9196082006752766,0.5980281829833984,0.42413899302482605,0.34696704149246216,48
61266000,lstm_global,supervised,CAMELS-BR,0.7804469259189633,0.8630993754739851,0.05880309875954803,0.03428029899108917,4.164062279863648,-5.0501480755881824e-05,0.9188620297115828,0.14984399320501818,0.1947388970869013,0.2505068778991699,0.21448847651481628,188
61267000,lstm_global,supervised,CAMELS-BR,0.7599605369455446,0.812062233814375,0.957017375172654,0.5885284539798031,-2.6230908579685113,-0.005260435044622938,0.86192227122529,1.8093419626696203,1.7527146958390978,0.38065004348754883,0.2694895565509796,184
61271000,lstm_global,supervised,CAMELS-BR,0.5222605530654896,0.5989426754165341,11.405401597803127,3.5307891242047575,-0.9310782615983646,-0.0022318491472329196,0.7066944099603736,46.478428360839665,100.98778338923529,0.40892332792282104,0.2993931770324707,188
61272000,lstm_global,supervised,CAMELS-BR,0.955299525720699,0.9625705252481793,3.7014019224227903,1.8598936415733176,0.4345090878958462,-0.0027524211426592053,0.9697706771159778,8.473611508721492,11.191600392174946,0.2136542946100235,0.2163294106721878,188
61280000,lstm_global,supervised,CAMELS-BR,0.7026249851223005,0.8245368212259196,1.9525940559394104,0.9176522296793918,5.009110858802337,-0.0020467155620958848,0.9161966421571968,6.295464431852677,3.3782573196329038,0.2765829265117645,0.27700573205947876,188
61285000,lstm_global,supervised,CAMELS-BR,0.64015237515951,0.6534733201564216,9.062953947860988,3.2405071871621267,-6.988575574550626,-0.0015233068399009494,0.7107382319752664,36.91797948480785,65.06500237070942,0.4945359528064728,0.34396639466285706,175
61295000,lstm_global,supervised,CAMELS-BR,0.8035623339480615,0.7350707013886415,1.4357053330134653,0.6656065686889316,-2.971442945097076,-0.00485197894058793,0.7505526384353626,5.049055366619209,5.650595154840593,0.5789394974708557,0.3842293322086334,184
61305000,lstm_global,supervised,CAMELS-BR,0.952478699165955,0.9640137881937751,8.605455358532232,4.291411634264046,0.7202256691184253,-0.0015687636251853695,0.9731159914947992,12.738604070185529,17.698002795410346,0.3175622820854187,0.2967962622642517,179
61315000,lstm_global,supervised,CAMELS-BR,0.10893838149050872,0.06685966695029,0.6663253536039084,0.19714966043829918,-8.79614759148505,-0.002475536693605937,0.254326809104792,2.041499932550828,4.164360046386719,0.3933567404747009,0.1290140002965927,48
61317000,lstm_global,supervised,CAMELS-BR,0.7671645474568347,0.8350101767143697,0.7214731984092754,0.4031079331336663,3.532289347399467,0.0011248007241508491,0.8877897402272936,2.209979700913434,1.7504304029269269,0.24569518864154816,0.2272171527147293,171
61320000,lstm_global,supervised,CAMELS-BR,0.9184893042146064,0.944648954850394,1.47639013247628,0.5823575131436611,3.9049945489393187,-0.0013142144430366171,0.9605325163443502,1.844023052965743,0.6421247244492178,0.2435869425535202,0.24819442629814148,188
61323000,lstm_global,supervised,CAMELS-BR,0.9022250419187363,0.9324379773052315,0.06902708003597441,0.036347179412841796,0.8982156020019801,-0.000910346681711938,0.95273842200426,0.17257612187596816,0.16067421436309814,0.15095974504947662,0.12648841738700867,75
61335000,lstm_global,supervised,CAMELS-BR,0.8544239581888476,0.8623122190301533,0.7801264062473966,0.38910508706517843,1.3646207318606927,-0.0027276238120399043,0.8841100164803817,2.3581267021204155,3.4285197534484317,0.3253225088119507,0.22473125159740448,184
61343000,lstm_global,supervised,CAMELS-BR,0.8958347458724774,0.9283914137454115,1.4643449865769305,0.5988872609239944,2.8959416113657257,-0.0017975940105495226,0.9515872631241376,5.168972586068268,10.855621622925408,0.2649725377559662,0.22877095639705658,188
61350000,lstm_global,supervised,CAMELS-BR,0.6023150172497557,0.7722108308045184,14.337020534605601,4.9389034523683435,-2.7975827335581096,-0.0018221604106330828,0.9157951605817546,55.95510371526481,90.6941392536898,0.41343119740486145,0.3626507520675659,170
61360000,lstm_global,supervised,CAMELS-BR,0.22235549640315366,0.46884062714971997,1.6935359186328987,0.6541861279444261,6.858117289312786,-0.00495744349546454,0.7448696351532487,6.119749925101378,10.546818234370635,0.5192446112632751,0.3759426474571228,110
61370000,lstm_global,supervised,CAMELS-BR,0.8585631600504015,0.8440484569009121,8.203600148897081,4.012267376417699,-5.294664219409562,-0.004752112834369271,0.8610197635224377,21.21814149626789,24.676106217172645,0.5391702055931091,0.4309156835079193,184
61380000,lstm_global,supervised,CAMELS-BR,0.9360752167566787,0.940831913397768,2.4275225491763264,1.3997366250829493,-1.931616090188204,-0.0032483226429553883,0.9502088195398509,3.2450040147556822,4.9873836675588255,0.4267463982105255,0.4330556392669678,188
61390000,lstm_global,supervised,CAMELS-BR,0.6404723386521185,0.6829239603054567,6.090467749670528,1.5998978001730784,-4.5785004833545555,-0.001935361388947534,0.7513232309246276,25.876392953143405,52.735367332147156,0.4369336664676666,0.4292319416999817,175
61405000,lstm_global,supervised,CAMELS-BR,0.9483071185702218,0.9630406652797038,0.25228425587588216,0.12353746330036837,1.0581332149008629,0.00021471007489558616,0.9736844032946539,0.2746096542564683,0.1728479800519958,0.2275393158197403,0.22462351620197296,153
61410000,lstm_global,supervised,CAMELS-BR,0.9421461967757508,0.9492589910219551,17.967960021085005,9.394103780705878,1.2008836268654455,-0.0007493867853250857,0.9583965954813509,58.3618712748557,3.8443425425550406,0.26021304726600647,0.2645241916179657,188
61415000,lstm_global,supervised,CAMELS-BR,0.9897718326690663,0.9742707823367123,10.825539158485189,6.4039112050482565,0.56892758444859,-0.0002365013505018186,0.9747299122712232,7.2616381074368554,4.5382194392689845,0.24147361516952515,0.2367202192544937,188
61425000,lstm_global,supervised,CAMELS-BR,0.9667055286015999,0.9732054525925806,14.786409645124916,8.122789748171543,0.6999768065846507,-0.0020133603676904324,0.978950517456136,24.587599021676876,30.52690475868821,0.30798470973968506,0.28823769092559814,188
61429000,lstm_global,supervised,CAMELS-BR,0.6797396243522478,0.7755279613996111,2.3306284359252056,0.7649599310548548,6.916719114650041,-0.0020498679574028587,0.853891227762475,9.132858925436633,17.054379088330382,0.5103088021278381,0.3888375163078308,187
61431000,lstm_global,supervised,CAMELS-BR,0.688632572108949,0.7618409275755755,1.1377420904607165,0.4198067346785931,0.9085766257978932,-0.0011778506051102373,0.8324434700960551,4.406900245926114,6.159603001393123,0.31672799587249756,0.22289018332958221,188
61434000,lstm_global,supervised,CAMELS-BR,0.5498893451245999,0.7663595636793462,1.7287344678042391,0.7286530378702525,1.6947774117242644,-0.0008400116604105334,0.9536845171465578,6.501611759675198,11.186504720882025,0.4397415518760681,0.37201762199401855,185
61440000,lstm_global,supervised,CAMELS-BR,0.8388150950151072,0.8145461016265436,1.8640315311694444,0.8457255885491963,-2.674880221631979,-0.004843003245715571,0.830216587025075,6.587176715653837,11.245765535925774,0.44051119685173035,0.33333680033683777,153
61443000,lstm_global,supervised,CAMELS-BR,0.7550270475480283,0.7211701520665277,0.31350622099469483,0.11779288162893438,1.373615611370829,-0.0016288702415018074,0.745801053719523,1.1765291682074233,2.6143984547548853,0.25458863377571106,0.18074125051498413,188
61447000,lstm_global,supervised,CAMELS-BR,0.8031682127098888,0.8907849888401523,0.49754007195786687,0.30408072027754274,3.98210115634874,-0.0021555972768632203,0.9525062449302233,1.1393780702568594,1.1081769272630686,0.2660370469093323,0.1808740496635437,188
61450000,lstm_global,supervised,CAMELS-BR,0.9569181145566544,0.9760986195102083,5.814563998796269,2.893261919630335,0.027713168176337805,-0.00010148437867025205,0.9886986799957451,10.44681204721122,16.413377412569087,0.27346697449684143,0.28840482234954834,188
61452000,lstm_global,supervised,CAMELS-BR,0.8008545647088969,0.8721836178047712,0.3209559637724258,0.18232347293102996,3.5357034006973898,-0.0006360394190146196,0.9223184968138842,0.9860117768782884,1.567156553663785,0.25640249252319336,0.2356548011302948,188
61460000,lstm_global,supervised,CAMELS-BR,0.942107348514233,0.9403241352157412,7.6879421349731345,3.625855484110786,0.7538453818338152,-0.002056265102075204,0.9478273234081943,8.905980108836493,15.610677195274542,0.35622096061706543,0.3249402642250061,187
61470000,lstm_global,supervised,CAMELS-BR,0.8787480333114931,0.9094081015646114,0.3250338555293133,0.14755711215798573,3.755817676752946,-0.0008174971029077643,0.932148086401424,1.1652292405657214,2.2178126288561546,0.17615598440170288,0.1553225815296173,186
61470005,lstm_global,supervised,CAMELS-BR,0.9633302180653048,0.9770512577380859,0.3788691793059955,0.17668763785920244,1.2021035874541568,-0.0004955215393664409,0.9859514019988057,0.7379308152331103,1.5897568266267152,0.19754905998706818,0.1733497530221939,188
61473000,lstm_global,supervised,CAMELS-BR,0.868418605108701,0.8685384737648452,4.742857564637385,2.054613326322586,2.191117504503361,0.000581057551711596,0.8829908648450071,16.45207468310718,30.573972028544368,0.2825987935066223,0.25773921608924866,187
61484000,lstm_global,supervised,CAMELS-BR,0.9258062634615184,0.8900921455859461,2.0309277411739006,0.6902526355841581,0.14490359452366844,-0.0015616641403772176,0.8943733228078581,8.464410331049747,10.87305499216095,0.48532649874687195,0.416101336479187,170
61485000,lstm_global,supervised,CAMELS-BR,0.18631351055222833,0.38573797851106173,1.3600577630149693,0.4290380539993445,1.893759104899437,0.003143685515391327,0.6709046804692473,3.6106324885974317,8.77910394777581,0.44630783796310425,0.2986562252044678,144
61486000,lstm_global,supervised,CAMELS-BR,0.5108607181625426,0.5160407665474075,1.2115848082774978,0.36587177863660847,-3.9393914460292363,-0.0005294334511257697,0.582759169683903,4.764936455695667,8.212354667408679,0.29246681928634644,0.18482129275798798,106
61490000,lstm_global,supervised,CAMELS-BR,0.5178531115072553,0.7020596004887962,1.4737636323082821,0.8312860264423045,11.468178325940661,-0.0012798262543503303,0.8341575395890397,4.807628022854011,8.88987940025623,0.35376179218292236,0.2495037466287613,188
61500000,lstm_global,supervised,CAMELS-BR,0.8860979760256695,0.8847853484318922,4.388400379770049,1.8615562405815735,-0.7321555478755033,-0.0011237773492084706,0.899926280569406,15.407570185144259,30.547288619593484,0.3953430950641632,0.3208809196949005,187
61505000,lstm_global,supervised,CAMELS-BR,0.6368730404514273,0.6991214462720327,0.7167888693010163,0.29152098409038907,-2.1531814688245547,9.192947941991277e-05,0.7755570839083609,2.811347259429981,3.3363007692131186,0.3641825318336487,0.2557329535484314,188
61510000,lstm_global,supervised,CAMELS-BR,0.9826017611286619,0.9641701403625353,9.114557720962464,5.366190884840043,1.28803648066161,-0.0021440419739401535,0.9651412340822016,15.897849275047307,20.564686806136184,0.3471750020980835,0.3096667528152466,187
61513000,lstm_global,supervised,CAMELS-BR,0.9234396841450195,0.9290464587455979,0.28122015038256415,0.11491774466443569,0.5953940575792048,-0.0008219947643247211,0.9403661811167479,0.9803212753741801,1.3846118410344896,0.2608383893966675,0.22102543711662292,188
61520000,lstm_global,supervised,CAMELS-BR,0.9132558956608938,0.8793052340871391,3.8646858077899626,1.439901040837089,0.769370716040884,-0.0020615373247585903,0.8860188030954841,14.802345975621376,29.21428472477234,0.39302706718444824,0.3466477692127228,187
61525000,lstm_global,supervised,CAMELS-BR,0.711528491766636,0.8575258002898974,0.045241594690925147,0.021479712918083718,3.3651946967396706,-0.0003116114203857868,0.9492597902098471,0.11901876953693985,0.06641027074675607,0.14235369861125946,0.14244240522384644,188
61526080,lstm_global,supervised,CAMELS-BR,-0.8350050675321834,0.018559637752902258,0.43370346919840097,0.34912034633912536,84.02566276967063,-0.008848285518042166,0.1437451403134774,0.787470817565918,0.787470817565918,0.9086378216743469,0.4214188754558563,19
61530000,lstm_global,supervised,CAMELS-BR,0.9561892961678987,0.9510879823910244,0.7611037585092182,0.41809548222444914,4.069072035479482,-0.000383318625028016,0.9558568994766871,2.277925373350575,0.6915568688776699,0.4265696704387665,0.3786824941635132,187
61537000,lstm_global,supervised,CAMELS-BR,0.9478908749775534,0.9704563594251663,18.375110705033602,10.195782226674696,-0.030804043981349165,-0.0010479701716588474,0.9862155012220294,46.429229038358315,30.652691541881172,0.3667193651199341,0.3418377637863159,136
61540000,lstm_global,supervised,CAMELS-BR,0.9448781901750849,0.9138361943359579,19.640751580037858,11.523265391382678,0.34334695477383315,-0.0018911396366189746,0.9179000621306215,49.689530977744866,60.054368491779066,0.29747602343559265,0.28990137577056885,145
61550000,lstm_global,supervised,CAMELS-BR,0.9927547798679272,0.9771049354074012,21.603490875553305,12.914942477611785,0.2821004672057383,-0.0014660852505813428,0.97734141357027,48.01887316715619,82.45991356226143,0.2047712355852127,0.1874144971370697,188
61565000,lstm_global,supervised,CAMELS-BR,0.7800371020642535,0.8020744067646292,3.663092014362722,1.6599989248082994,-1.1091712820599882,-0.00374671436557664,0.8382601031769235,12.8878107968744,20.835413417159913,0.4396081566810608,0.34876197576522827,188
61566000,lstm_global,supervised,CAMELS-BR,0.8795494438585871,0.9331803986339418,2.3455469809162603,1.2591925089699882,2.9651056398036717,-0.0014805503518607911,0.9698549951333215,7.14533612174186,10.207067110220478,0.2920701801776886,0.28732889890670776,175
61568000,lstm_global,supervised,CAMELS-BR,0.931331238018074,0.9373760907850853,2.2589477174675587,1.211385742146918,1.7007092133962964,0.0002782194724059543,0.9476492803903533,4.6092842315414035,4.89778723131995,0.3731612265110016,0.3370071351528168,188
61573000,lstm_global,supervised,CAMELS-BR,0.988021201333916,0.9616028631195896,22.52759199503681,14.65242122082,0.16451510918091,-0.0024233950869177578,0.9619668009188093,55.004673386640306,12.387314548512265,0.3239440321922302,0.31192514300346375,188
61585000,lstm_global,supervised,CAMELS-BR,0.9819747819656789,0.9624501645177924,0.6362478852291366,0.3547217668370998,-0.26968848591723577,-0.0004134529595817577,0.9634492166125177,1.4331553594461661,1.2041311248391797,0.11877968162298203,0.10949204117059708,188
61595000,lstm_global,supervised,CAMELS-BR,0.9697596741281984,0.8821666864142013,0.5716905795979865,0.27533912441947245,-1.6025413805086013,-0.0010304057071757518,0.882441019675783,1.9893078736703613,2.6254387580974554,0.20006516575813293,0.18069151043891907,110
61610000,lstm_global,supervised,CAMELS-BR,0.6976681552904603,0.8445595120653597,5.451742919113574,2.939702089796675,5.302082465059372,-0.0018252049944495075,0.9420875515914122,15.37981749252691,18.391272363353266,0.32711416482925415,0.29509857296943665,188
61615000,lstm_global,supervised,CAMELS-BR,0.9958425619618213,0.9684663136219176,1.453719797557974,0.9351117788477147,-0.8434941903876672,-0.0001317193854858574,0.9685025202283842,1.9121697566583393,2.0993288067416485,0.07481550425291061,0.07824210077524185,188
61635000,lstm_global,supervised,CAMELS-BR,0.6857767598143896,0.7454715741131814,2.823095046716199,1.3723577289505209,-4.0424880645406125,-0.003972207694595373,0.8096055300600378,9.846330720489659,12.448310708537463,0.49240046739578247,0.325331449508667,188
61642000,lstm_global,supervised,CAMELS-BR,0.9574027104146393,0.9686050305909245,1.201584694404979,0.506619237750941,0.6593954357173386,-0.00134165655847018,0.9770345705775488,1.6303928051726198,1.075053767843105,0.3331344723701477,0.3116748034954071,173
61645000,lstm_global,supervised,CAMELS-BR,0.9925029536065573,0.9799026950908737,33.18273171217994,19.322812493472174,0.10233682616176187,-0.0017264490920774877,0.9802258271169337,41.883977685437934,14.153497569393473,0.2035188525915146,0.19538666307926178,187
61657000,lstm_global,supervised,CAMELS-BR,0.9884095453601277,0.9855900379662597,78.19765610824822,48.36720048620346,0.4411714691916002,0.0007157144529921031,0.9867593419413121,139.1771143781567,51.008730951232685,0.21066422760486603,0.2148202806711197,188
61661000,lstm_global,supervised,CAMELS-BR,0.9093537291295339,0.9320233305805554,118.73270038436132,86.61982240068151,4.670761039116616,-0.0027307167301045474,0.9471196117969676,98.04924164439372,119.9799146117489,0.18854503333568573,0.14666707813739777,188
61680000,lstm_global,supervised,CAMELS-BR,0.8480982805818641,0.8889700941663268,0.33993911738354055,0.1984400578001712,1.865648834189013,-0.0009222902062797824,0.921209911684762,0.8248629380147876,1.6743112666349353,0.21415087580680847,0.19457924365997314,188
61690000,lstm_global,supervised,CAMELS-BR,0.771951024845975,0.7723560494162907,7.915930160410319,3.682479003642468,-1.522934851631955,-0.00160225245625455,0.804014874164598,29.96521805232004,48.03439365494101,0.2942541241645813,0.2652701735496521,188
61695000,lstm_global,supervised,CAMELS-BR,0.4531589165204264,0.548953180341454,12.19448867701708,4.393316074329264,-1.9789361354544022,-0.0018935845105534192,0.6854186058960527,50.75881157956337,87.69137337878266,0.5593421459197998,0.39256584644317627,136
61700000,lstm_global,supervised,CAMELS-BR,0.5370070177915999,0.7149558469689776,3.1705852914008563,1.5292630043435604,12.751219643842497,0.0003347871694292376,0.8449506174911561,11.518588760009317,20.14371275402073,0.4294620454311371,0.3322378993034363,188
61730000,lstm_global,supervised,CAMELS-BR,0.933265669905178,0.9470340391662009,127.24073579292458,58.822958139272835,4.234792178918267,-0.001433338707750361,0.957169710595069,141.68465451074331,161.01115472178793,0.2709031403064728,0.21553359925746918,182
61730080,lstm_global,supervised,CAMELS-BR,0.9512726132520432,0.9350173258509134,175.79235831473608,87.00164876085647,3.782441633823033,-0.0016153519199181322,0.9394171267677582,644.9743531766026,612.141289117236,0.4334683418273926,0.3562752604484558,188
61731080,lstm_global,supervised,CAMELS-BR,0.8751106934530237,0.9120429960649936,167.21375215223233,114.72982853016954,-0.3481218075961277,-0.002381039576768624,0.9401651527984105,231.55473628052462,97.19045680054433,0.1981058418750763,0.13656474649906158,188
61734080,lstm_global,supervised,CAMELS-BR,0.8852122190843108,0.8886956854738105,152.34734886005708,109.86899664046916,-1.3751827079961287,-0.00010319298098214122,0.9050272458872941,240.73045671959946,234.45543305272474,0.1903877705335617,0.13881155848503113,188
61740080,lstm_global,supervised,CAMELS-BR,0.8776225808506055,0.8796760601203928,177.96483316466706,131.3931427001953,-2.4904396732734773,-0.0007056279839063127,0.8962750784593965,346.1698072858887,399.4941775877402,0.1833283007144928,0.14231455326080322,188
61756000,lstm_global,supervised,CAMELS-BR,0.970301301833077,0.9656567549293027,2.7530684132248435,1.3283254892929741,-0.8099028590011296,-3.353689910952362e-06,0.9689528052757709,4.00580209454814,0.894701040296248,0.15802998840808868,0.1673286110162735,184
61760080,lstm_global,supervised,CAMELS-BR,0.8650882373821871,0.911334105848928,159.36211783826775,119.04069324249917,2.8496615564624346,-0.0011022976153222345,0.9427802263455183,179.26123964965493,214.4491840006337,0.21656601130962372,0.1460987627506256,188
61770000,lstm_global,supervised,CAMELS-BR,0.7510746443106437,0.794189795272426,2.156781797739259,0.7441584388302132,-4.657065772811757,-0.0011112249181841997,0.8422926947671261,8.207078936400281,14.508069459270033,0.4838433563709259,0.39476630091667175,176
61772000,lstm_global,supervised,CAMELS-BR,0.8948886714884968,0.9178248290574096,3.3445256651870574,1.4202386617660523,-2.4504539275601767,-0.0018229225874505338,0.9370810501859906,12.266265089667813,9.750336029212352,0.405761182308197,0.39091774821281433,165
61774000,lstm_global,supervised,CAMELS-BR,0.735271743751192,0.7171230979243234,11.34925329660664,4.078377967185163,-8.142977594393924,-0.002099312110861812,0.7489707222208668,44.083800308667506,70.5384542568968,0.3366551995277405,0.2378586083650589,188
61776800,lstm_global,supervised,CAMELS-BR,0.5557219254726333,0.6007363257248608,2.49621884375974,1.1378299428755978,4.961758465217357,-0.0016311792235925923,0.6865627585616092,9.807261465652912,17.810346416168475,0.37639790773391724,0.2158946990966797,166
61776900,lstm_global,supervised,CAMELS-BR,0.9638275480572965,0.9176904899053826,7.418870136475062,3.604238216267076,-1.5226815691477946,-0.00046539511506108605,0.9192300413756186,15.195082668793816,6.984055183839554,0.21518248319625854,0.19103044271469116,172
61777000,lstm_global,supervised,CAMELS-BR,0.6908290313563972,0.7842933933206061,1.1995202059347478,0.5225793862715363,1.8479203000733109,-0.0008734240866464654,0.8607267004784155,4.352621827647366,8.457393341159616,0.3022913634777069,0.21410991251468658,160
61780000,lstm_global,supervised,CAMELS-BR,0.9667955904609329,0.96435299537221,6.178955622376726,3.0915009366705064,0.33744289844240216,-8.624523673127563e-05,0.9684121316970875,17.402724321943897,1.0850378601735888,0.24462883174419403,0.24268664419651031,188
61780500,lstm_global,supervised,CAMELS-BR,0.9758874265981765,0.9818731895235444,6.8943499894340565,3.7868273511846016,1.0100566433724913,-0.0007741557959133078,0.9855769778993441,16.490056624235383,32.757712731881064,0.18093541264533997,0.1882781982421875,188
61782000,lstm_global,supervised,CAMELS-BR,0.9567602889757725,0.9631405294457389,8.276772853930181,3.2728954274603663,0.47202638529692686,-0.0002142214570440941,0.9702578634350731,29.918560470216683,65.27198399631482,0.19732554256916046,0.17557775974273682,188
61782100,lstm_global,supervised,CAMELS-BR,0.9867212734179036,0.971013220666102,7.796941445872743,4.23996420016234,-0.08127625324910437,-0.0010763163254393117,0.9715897601634251,21.056149390348526,22.034674375317863,0.23569075763225555,0.21251262724399567,174
61782500,lstm_global,supervised,CAMELS-BR,0.6793489193075706,0.7204048173156186,0.7811021636807043,0.2813237760453782,1.366824056915511,-0.001275066908133251,0.7771651861573847,3.1230980150482903,6.506598510656229,0.3569657802581787,0.227521151304245,188
61783000,lstm_global,supervised,CAMELS-BR,0.6474322093320735,0.7395718703602948,2.129199789578182,0.8051233654280743,3.1882436608375864,-0.0005575677061915758,0.8229788092522907,8.44589977372813,16.81977006771323,0.24776384234428406,0.18646608293056488,166
61783445,lstm_global,supervised,CAMELS-BR,0.9425702491774378,0.9429931584179065,10.13786585976392,5.588619957578943,-1.1452989909561884,-0.00011670200914843873,0.950779024511851,25.312178027570784,11.86997104741744,0.22453728318214417,0.19760069251060486,188
61783450,lstm_global,supervised,CAMELS-BR,0.9347917828127064,0.9077418903259569,11.2490352341176,5.745110968326,-1.5890171627441956,0.00038776723747533867,0.9132165071216342,32.828621981860735,24.61017122822186,0.23350487649440765,0.20530655980110168,188
61783500,lstm_global,supervised,CAMELS-BR,0.9912154167084457,0.9856208230896806,5.537836766031352,3.0879677905831286,1.116958918976709,0.0007444790900241853,0.986244716815388,8.366929181227649,14.830319834834643,0.14718623459339142,0.14639461040496826,186
61784400,lstm_global,supervised,CAMELS-BR,0.9431692381667709,0.9151923216247456,10.282948628368045,5.962330873976362,-1.8482115645190513,-0.0006247100127218866,0.9196342390111475,20.851767800267087,3.932236113049612,0.22837518155574799,0.20036037266254425,188
61784500,lstm_global,supervised,CAMELS-BR,0.9442275200930772,0.9148097230080457,11.088260007267301,6.51395841862293,-0.8303731952475502,0.000301696669219316,0.9190792045660114,26.666752150332396,32.19241743379726,0.24533496797084808,0.20788533985614777,188
61785000,lstm_global,supervised,CAMELS-BR,0.9216730676608168,0.917273230842764,0.5145725034212315,0.2245350942966786,3.7234494482596396,-0.0015762215976492314,0.9232650782727,1.9163064579820164,1.6430789800326666,0.21455486118793488,0.2415516972541809,188
61787000,lstm_global,supervised,CAMELS-BR,0.9412346603094724,0.919853805299552,12.48060633526712,7.533687676323785,1.5502820242958422,-0.0010490087565156701,0.9249663007320493,32.35229262098325,64.23249582825822,0.22835710644721985,0.2032126933336258,180
61787500,lstm_global,supervised,CAMELS-BR,0.9889702541678769,0.975856682128121,7.474987169459001,4.963559232439313,1.0224147692238548,0.00152266669775062,0.9764254423319033,17.770925772872186,20.15164473272943,0.2586495578289032,0.2395755797624588,175
61788000,lstm_global,supervised,CAMELS-BR,0.9857651179960565,0.9838487048403903,10.498568269611026,5.649843595921993,-0.4210453376830879,0.00043460207255619984,0.9854471322046721,7.4842748315554095,9.737999047971439,0.2216126024723053,0.22749239206314087,128
61794000,lstm_global,supervised,CAMELS-BR,0.8189105521651096,0.7558478580825515,5.435148038532586,2.3266106412414738,2.1145986517577233,-0.019660476506867093,0.7683722140685764,20.157202933646722,34.36535210658249,0.7877281308174133,0.55398029088974,149
61795000,lstm_global,supervised,CAMELS-BR,0.7305337143173674,0.8472492671054228,14.290173291398249,7.752428970438369,4.482978419246152,0.0015960849627321277,0.9350720471291454,45.64874450185427,64.08330454966172,0.35474535822868347,0.2805561125278473,188
61796080,lstm_global,supervised,CAMELS-BR,0.8076665127069266,0.9021714732847749,209.08237292347695,151.85832474079538,0.9628630301074331,-0.0005032596477461924,0.9857919470359898,160.6410220660176,180.9628174973214,0.22526781260967255,0.1658354252576828,188
61800500,lstm_global,supervised,CAMELS-BR,0.78365902993488,0.7726798193029871,3.611155504332,1.452408140165764,3.8881781686825887,0.0013148068241249124,0.7983430875943195,12.80653733358988,19.277968826478922,0.4738670289516449,0.39479511976242065,114
61802500,lstm_global,supervised,CAMELS-BR,0.9085321853263193,0.9207225847844176,6.706276456952409,3.5362169945493656,0.49998076656640467,0.00013589046674235272,0.9355860876390208,21.991365007093385,24.12654152629378,0.32537341117858887,0.3047444522380829,188
61802502,lstm_global,supervised,CAMELS-BR,0.9586375917471003,0.9733755283192449,4.752615581843022,2.9175923215337547,1.6158917275805649,0.0008674726625279225,0.9820332457527435,8.918114762963222,11.796527943243827,0.33989179134368896,0.3192974328994751,166
61807000,lstm_global,supervised,CAMELS-BR,0.9846038558135516,0.9614240644022337,1.9803740535106162,1.1793434359925858,1.6256501012584326,-3.546050850650531e-05,0.962026022197686,4.963166975239553,4.955844880018072,0.32307377457618713,0.3086584806442261,188
61807002,lstm_global,supervised,CAMELS-BR,0.844641841646817,0.9055032224842441,2.1948152414895215,1.3495427298258587,3.898809799111101,0.0003146954174842488,0.945764869911087,5.873062249655993,6.417559832515682,0.29215294122695923,0.23897148668766022,166
61810800,lstm_global,supervised,CAMELS-BR,0.7875900521408554,0.8131436115978639,1.3982416272145117,0.591602993141758,1.8259200302790686,-0.0017473710453125412,0.8496404864826131,4.837038716571748,9.770214815092059,0.4016258120536804,0.350263774394989,183
61811000,lstm_global,supervised,CAMELS-BR,0.6971416422060612,0.7926197000181561,1.632168586324724,0.6243383342281301,2.6123474306590415,-0.001136517447222516,0.8675535400668988,4.649553867165206,9.946797839830834,0.3052321672439575,0.24864383041858673,188
61811080,lstm_global,supervised,CAMELS-BR,0.9168162847995677,0.8736116443111528,7.888629501588932,3.110217662567788,0.8705559057790565,-7.428594058642244e-05,0.8778449200703433,28.82944191648447,58.80517818902658,0.1820094734430313,0.1505846530199051,188
61812000,lstm_global,supervised,CAMELS-BR,0.9203792521137814,0.9420608450902817,4.21951872702603,2.8625849409306303,3.980319352729455,-0.0008140025468118236,0.950732079217264,2.8196720859022077,1.2090611030254987,0.10888082534074783,0.10472694039344788,188
61813000,lstm_global,supervised,CAMELS-BR,0.9350629184354547,0.9420178855904904,4.0211565416158415,2.695441504558885,3.0551914386544263,0.0001922852829605989,0.9498790998218946,8.49612939608871,11.631723084243646,0.1273352950811386,0.10779136419296265,166
61815000,lstm_global,supervised,CAMELS-BR,0.27741885117743703,0.3090124321725639,1.3054788620820783,0.2770701152708461,2.891092627879021,-0.004446509590356387,0.4532329439992143,5.5610289710193195,12.304430002045986,0.5075100064277649,0.34362801909446716,188
61817000,lstm_global,supervised,CAMELS-BR,0.5466305396109655,0.5811519988690768,42.75155452532526,13.487636282088909,-2.6118926431521627,-0.001236137126184941,0.6611311375694287,173.4542195107291,378.03108865887026,0.27401405572891235,0.21142245829105377,188
61817002,lstm_global,supervised,CAMELS-BR,0.9651992234307167,0.9285128030847773,15.081421786158732,9.155817153606009,1.9558473995341363,-0.003086726513265005,0.9300724542333135,42.8861807076542,81.06371767934057,0.35791510343551636,0.3239154517650604,188
61817004,lstm_global,supervised,CAMELS-BR,0.8875018996333626,0.9203243367083945,6.457754753783468,4.484326737992307,3.921945859168703,5.834465948487827e-06,0.9343572860036548,13.92654479970402,28.358045353430196,0.16795608401298523,0.1781502068042755,188
61818080,lstm_global,supervised,CAMELS-BR,0.905620526097062,0.8759499858318517,11.09621075471531,6.027796400354264,0.8594758611644193,-0.00024268488718503373,0.8841842085123094,37.94615373219293,40.71113768231926,0.22206813097000122,0.1742860972881317,188
61819080,lstm_global,supervised,CAMELS-BR,0.8611352466627321,0.843223626039257,14.30369419727889,8.51341095376522,1.1743095071183058,0.0016904990178228455,0.8585899968985066,44.56861529501108,65.73597513354787,0.24076643586158752,0.19185465574264526,188
61820000,lstm_global,supervised,CAMELS-BR,0.8354410778959126,0.8195187574640213,17.228746761402117,9.9031599328873,0.831110381279135,-0.0014571952512557901,0.8392779547928311,59.407268693436954,44.26187351493469,0.31667906045913696,0.24394822120666504,188
61821000,lstm_global,supervised,CAMELS-BR,0.7753802721870953,0.7162229924417636,2.5825308842925017,0.837280787919697,-6.754172517191812,-0.0034153619107098153,0.736367863945742,10.928212017881751,15.194206237792969,0.6014559864997864,0.4878181219100952,38
61822000,lstm_global,supervised,CAMELS-BR,0.6847257581626686,0.8334131983915065,0.4248188671521117,0.22982857216681754,6.146680751047371,-0.0007497883366632159,0.9335631045960003,1.4945412760967567,1.7060851757402642,0.6707884669303894,0.563535749912262,154
61824000,lstm_global,supervised,CAMELS-BR,0.8469388741922423,0.8238177184255715,0.56263471300729,0.30184989660344225,2.9352288788958276,0.0006910034661323514,0.8384125438391774,1.7551651358000715,3.0568071446173977,0.29935258626937866,0.24524140357971191,188
61826000,lstm_global,supervised,CAMELS-BR,0.8242448729376424,0.8091999388380148,3.5159308350308596,1.7213503135953632,1.0692148775292172,-0.002116574252295781,0.8280661356063458,12.483497262558112,17.704906056379933,0.47314631938934326,0.3848118484020233,175
61830000,lstm_global,supervised,CAMELS-BR,0.8891561700317329,0.9324410482952726,20.528201165879032,11.57604820170301,3.002949583079935,-0.0010036047154822134,0.9601770159577087,60.59765011051937,81.8007106221002,0.24651528894901276,0.2156195342540741,188
61832000,lstm_global,supervised,CAMELS-BR,0.7914938761325716,0.7780949183259366,2.5666006001941217,1.6669829785823822,1.5584097162435715,-0.0010069211041175263,0.8034705464399695,7.846434639754686,9.905618667602539,0.5193691253662109,0.3884930908679962,52
61833000,lstm_global,supervised,CAMELS-BR,0.8966281923428895,0.9425045513928361,27.95341733082996,17.397291863218268,2.3509191097256377,-0.0013878807038270186,0.9737316585464251,59.710322084307606,85.78732312490948,0.25956451892852783,0.24676813185214996,188
61834000,lstm_global,supervised,CAMELS-BR,0.9730197194985064,0.9751295112128048,18.546474171656865,10.854692830335374,0.3486851168654964,0.0010567553062607211,0.9790520046621884,48.36647874001357,24.48987348175611,0.2453295886516571,0.252811998128891,149
61840000,lstm_global,supervised,CAMELS-BR,0.983964940705395,0.9793779653903617,17.267738416002967,10.659989052630486,1.8224671358891413,-0.000945975243598976,0.9808733345591071,15.508008804400049,17.712916745761678,0.282909095287323,0.2784413695335388,188
61855000,lstm_global,supervised,CAMELS-BR,0.9762966501004243,0.9191102114246443,16.389781627390086,10.342680289731389,1.0523903458226527,-0.0009596314269472942,0.9196010819970131,46.96398168884991,80.18949250699875,0.2642142176628113,0.24958446621894836,171
61860000,lstm_global,supervised,CAMELS-BR,0.7444316553693066,0.7715447657525414,1.0755164180032817,0.5145140188496288,0.7033367565870979,-7.91804740778116e-05,0.8151487757771615,3.485363258886592,6.104113101098901,0.35194143652915955,0.2898111045360565,164
61861000,lstm_global,supervised,CAMELS-BR,0.7215034492251589,0.8067729922667981,5.410233636677335,2.3368716068724367,4.968617860828413,0.0016463288283600185,0.8687281091683977,18.672825660763568,34.87062301467375,0.4915687143802643,0.3537897765636444,188
61864000,lstm_global,supervised,CAMELS-BR,0.9321444041727616,0.9375284203975034,3.163759521722528,1.2747673962978607,-0.018616788469547025,0.000927998742121067,0.947561946327198,9.66310340571701,20.278991929274582,0.22840939462184906,0.22843651473522186,188
61865000,lstm_global,supervised,CAMELS-BR,0.945863990268103,0.9382128072259267,3.534942404741497,2.0368233335779067,2.0989933700806986,0.00010618924758738074,0.9439336523996359,7.691784851566068,2.98620235510022,0.3306436538696289,0.28077784180641174,188
61868000,lstm_global,supervised,CAMELS-BR,0.8590544655405395,0.8749954809195954,0.3204908709468018,0.17202299866411422,2.9892269940844165,-0.0016614169025332866,0.8974691031155608,1.1457844499916379,1.7275932502252105,0.26844409108161926,0.25017717480659485,180
61869100,lstm_global,supervised,CAMELS-BR,0.8882751240561574,0.9090856704814338,5.1156604355743,2.2956706665931863,3.8248469873802895,-0.00010939232604021028,0.9173955710417048,18.39999387297104,36.88516111071295,0.27331268787384033,0.27336180210113525,188
61871000,lstm_global,supervised,CAMELS-BR,0.8690133279884383,0.9274784795190053,4.72521414334735,3.0348670888454357,1.206023350535278,-0.0024001333169768827,0.9710797337668968,10.41557566345826,16.943213211968285,0.3130960464477539,0.30258074402809143,188
61873900,lstm_global,supervised,CAMELS-BR,0.9261532993171463,0.9173645174258036,8.044002529588907,4.90962799250731,0.4775111780653071,-0.0006462574144305098,0.9258979269605916,23.07626201284656,34.87248336737645,0.36639147996902466,0.3415321111679077,171
61874000,lstm_global,supervised,CAMELS-BR,0.8535651736558661,0.8687288876998263,9.516961346464694,4.27749471715156,0.9751430072096411,-0.0016354716381640731,0.8924295589952634,33.01227634427583,67.86467178337469,0.3785165548324585,0.34336158633232117,188
61875000,lstm_global,supervised,CAMELS-BR,0.8360111057383204,0.8453974516279215,1.9869930112816896,1.195736663257505,7.988889293017744,-0.0047035518244865765,0.8684635309311656,5.818783307102599,10.662840140608353,0.4822283983230591,0.37884145975112915,188
61879000,lstm_global,supervised,CAMELS-BR,0.9972816172893626,0.9820163674819611,0.9767736987882581,0.7054454264224775,1.5823323891408811,-0.0008926902774568507,0.9820509122255285,0.7516659107174375,1.1888226385376817,0.13566139340400696,0.13696525990962982,149
61880000,lstm_global,supervised,CAMELS-BR,0.8433799523449519,0.8515486521483356,9.251971618512522,5.3089841883233255,6.667391742520569,-0.000795992952528371,0.8738952885355358,29.829842081674993,47.00427559332704,0.4768916964530945,0.4213184416294098,188
61884000,lstm_global,supervised,CAMELS-BR,0.880859251467474,0.9239529062872976,18.559350188014164,8.893871246500218,0.03695422659925604,0.00022297601601401276,0.9547324676692991,54.82758241402762,39.61294159626683,0.3699376583099365,0.34188130497932434,188
61884002,lstm_global,supervised,CAMELS-BR,0.7918302944856438,0.8218350132668762,18.478653735099268,9.113827091582278,2.0300389570842086,-0.002813869239429407,0.8588123261646955,54.4340218843425,65.9825918604917,0.4784711003303528,0.3596423268318176,188
61884090,lstm_global,supervised,CAMELS-BR,0.7446431963563948,0.7093630706651852,30.99006693813816,13.926331553194258,-4.822050860246704,-0.0039964158153579545,0.7365444273911314,118.38857715569753,217.05322935753497,0.5871503353118896,0.4376097321510315,180
61885600,lstm_global,supervised,CAMELS-BR,0.9390188831322449,0.817904725419661,1.2553445827991285,0.47283248459139177,-2.9823057032514164,-0.001362184680875643,0.8185363862039872,4.862129531376082,8.885464346833487,0.48352324962615967,0.42099547386169434,155
61886000,lstm_global,supervised,CAMELS-BR,0.8696704641039951,0.8645718690909915,17.16478559215801,9.293476578067331,3.0776600625880413,-0.004625716124639724,0.8804590958228814,53.53092136635754,75.95129862213048,0.48564550280570984,0.4619000554084778,136
61887000,lstm_global,supervised,CAMELS-BR,0.8864683616762368,0.9145719086629048,0.8858083688602767,0.4928061903818794,2.590553127111151,-4.116320005508392e-05,0.9296179904893722,2.7030961360050396,4.492106585294827,0.4974587559700012,0.4700653553009033,184
61888500,lstm_global,supervised,CAMELS-BR,0.9636787563137255,0.9743025250163277,11.9562406807154,6.469537766253362,1.834940405399207,0.0016998399514634582,0.9799063668734975,34.71555234105838,33.74261474609375,0.40963268280029297,0.3840026259422302,61
61890000,lstm_global,supervised,CAMELS-BR,0.9218421421842373,0.9434479346648544,20.946040890551142,11.142210305094006,3.4340394812770154,-0.0011273173056905172,0.9568176824773428,66.93583358026916,62.09855528037865,0.36839228868484497,0.3760431408882141,167
61892000,lstm_global,supervised,CAMELS-BR,0.9518700950966599,0.9075176236856088,1.6346859156877336,0.8725010860473552,-1.5001462003574093,0.00045858004420270757,0.9101153533692004,5.056743553063267,5.262549656654296,0.3383323848247528,0.33867356181144714,188
61894600,lstm_global,supervised,CAMELS-BR,0.8382478770381899,0.9040149814629361,5.604861925807298,3.057474891559498,3.399354848001517,-0.002607254965407875,0.939789103388492,14.45008974508898,7.389365002890441,0.33430543541908264,0.33905282616615295,185
61895000,lstm_global,supervised,CAMELS-BR,0.7999713123869758,0.8432893525570492,4.186525647112462,2.1190900401762356,7.87704470474273,-0.004616199570306824,0.8664272022739601,12.447871671290473,9.975287703110208,0.3604617118835449,0.40078863501548767,171
61895002,lstm_global,supervised,CAMELS-BR,0.9428625546350285,0.9213856606403401,2.838424768829817,1.5239744808362878,-1.3566945884842172,-0.0007915121575404437,0.9263155417281592,5.880037837403005,12.963531966328548,0.3301464915275574,0.29986006021499634,184
61895075,lstm_global,supervised,CAMELS-BR,0.700587651582486,0.8491620246128303,9.978955901125607,3.892164220201208,-3.0552248310650003,-0.005920266263204764,0.9480829795726683,39.65841187069657,35.1055921948909,0.6113803386688232,0.5345692038536072,188
61898200,lstm_global,supervised,CAMELS-BR,0.4756767975200278,0.6602922946878161,0.388207894712314,0.1358114979925683,5.2038602391168425,-0.0022733133331459543,0.826210452858283,1.5289556848911037,3.1612415125413302,0.6910096406936646,0.5808747410774231,174
61898300,lstm_global,supervised,CAMELS-BR,-0.0019302279648178988,0.4157930144856945,0.17101164382984424,0.08116145862132004,26.11462360299239,0.0014393788247805094,0.45123959101089617,0.465269246704789,0.759070634841919,0.2884178161621094,0.3860160708427429,97
61898500,lstm_global,supervised,CAMELS-BR,0.9526855877501071,0.9493702249091885,21.697696068210956,12.409938196982107,2.485566093387581,-0.001898117588965395,0.9547529866013248,74.01049095856676,25.91691274439236,0.41695988178253174,0.374424010515213,186
61899000,lstm_global,supervised,CAMELS-BR,0.9643684982906024,0.9415125613349632,22.02027792076464,13.814947016695713,1.3024949631682756,-0.0032436126093449424,0.9440385651425229,61.27586506514378,72.81495595126394,0.45176371932029724,0.40313446521759033,188
61902000,lstm_global,supervised,CAMELS-BR,0.9541057514535363,0.9557261487506067,16.988010224860403,10.471712528391087,3.6225295871683256,3.96081784477878e-06,0.9612909468035682,40.629271714451775,64.14763672440596,0.37630829215049744,0.3752048909664154,188
61910000,lstm_global,supervised,CAMELS-BR,0.9946717258353323,0.9649367451811245,8.854957703943098,5.509352314061132,1.804232130859664,-0.0010090385136377125,0.9649948242164451,18.137758330886275,6.754729140274882,0.2415662705898285,0.23392347991466522,145
61911000,lstm_global,supervised,CAMELS-BR,0.7647054674501019,0.7780938116559497,0.5246735760600675,0.21817567041425995,-1.9428053800522747,-0.00040305252246947317,0.814679156395332,1.8473164013169066,3.3682433564593173,0.19016113877296448,0.13546016812324524,132
61912000,lstm_global,supervised,CAMELS-BR,0.9742256729655453,0.9578819469908858,22.8697388906624,11.804820514547414,-0.9880239068884716,0.0007133046527193175,0.9597521003211291,15.872254558240487,6.971516825703624,0.3007616698741913,0.28390058875083923,145
61912500,lstm_global,supervised,CAMELS-BR,0.7246675670537783,0.8387287311526148,0.999745237587097,0.510141799560172,9.180625848710152,-0.00012037067795786331,0.8959071670517207,3.148283788621526,1.327721000232445,0.42361336946487427,0.35260918736457825,173
61915000,lstm_global,supervised,CAMELS-BR,0.9412341559043569,0.947562776629,14.313076418988363,9.459999561309814,1.7785731060217345,-0.0005608716265819366,0.9558486950314058,16.69652785148134,2.87158203125,0.2176516205072403,0.178751140832901,32
61915005,lstm_global,supervised,CAMELS-BR,0.9902534326655431,0.9701821786043643,12.15780000830269,8.403246067939921,2.5804989532251223,-0.0014599886854077052,0.970447789173089,15.676198246153207,9.187598166399502,0.25044265389442444,0.2542281448841095,188
61916000,lstm_global,supervised,CAMELS-BR,0.9320954225019232,0.9264959090389217,0.42387846391672657,0.2304087308568692,-1.4818697146100597,0.0011480262893222518,0.9347416282932816,0.8559138106417249,1.385023230823296,0.3715773820877075,0.3565267026424408,109
61917000,lstm_global,supervised,CAMELS-BR,0.9120479433314025,0.9124456316543453,0.4549438366942095,0.29648851424224615,2.281410037721369,-0.0006414525957443538,0.9236477056773863,1.3556597596023758,1.2646786287404594,0.29456275701522827,0.25446632504463196,129
61921000,lstm_global,supervised,CAMELS-BR,0.8753022268452748,0.9105229780046735,1.3048758284546125,0.7657734421321324,1.688880049424852,-0.00026186483790876895,0.9366657424145182,3.468369899111548,3.8126492120020963,0.22737915813922882,0.19521649181842804,175
61923000,lstm_global,supervised,CAMELS-BR,0.897772852503042,0.9120717277591891,0.26625680602211443,0.13943239444113792,7.475976796523815,-0.0001664281358284836,0.9250338949886873,0.747361921728356,0.3759894395639728,0.34873759746551514,0.32068267464637756,141
61925000,lstm_global,supervised,CAMELS-BR,0.9908040090120179,0.9827191740947671,22.901064601954726,17.089325884555247,1.5135687228709287,-0.0004070775332724007,0.9832391851650345,39.36508165546112,19.57269785767027,0.22821082174777985,0.21904459595680237,188
61930000,lstm_global,supervised,CAMELS-BR,0.9877517877833393,0.9779413486632612,26.815977344148838,18.436028013838097,0.282101994228472,0.0006064248136707657,0.9787302952331796,69.33413362516808,61.40501831047309,0.19511789083480835,0.18955913186073303,188
61941080,lstm_global,supervised,CAMELS-BR,0.8774168828712197,0.9119449123344783,218.8793787524178,162.82918467420214,1.5658764118995823,-0.0006898690822581786,0.9378850276584106,116.5904480714531,87.81077795885582,0.18040570616722107,0.13190650939941406,188
61945080,lstm_global,supervised,CAMELS-BR,0.8946672916831429,0.9284740766397235,6.289157856992755,2.887008970552455,4.416308063893871,0.001055241886473695,0.9461462737622548,21.844565622430235,37.679749176597596,0.3299176096916199,0.3392356038093567,183
61946000,lstm_global,supervised,CAMELS-BR,0.7471003719067322,0.827996541361375,14.195299420608459,6.304871896479992,-1.44114688349639,-0.002624209970173489,0.8913603721810591,50.485130562762315,69.13115000818121,0.4710111618041992,0.4100993871688843,188
61953001,lstm_global,supervised,CAMELS-BR,0.7186491298225837,0.7692635452946222,1.3788792730824395,0.7597481366488841,5.244370749374717,-0.002834578041847245,0.8242400179669872,4.439321138701982,7.283771036401337,0.48901045322418213,0.42691999673843384,154
61956001,lstm_global,supervised,CAMELS-BR,0.6664869312570156,0.7778215315891084,1.509360518435465,0.629364965637778,11.251504827655113,-0.003993767281108512,0.8600587909013717,5.6412875488659875,9.006320003930353,0.5774443745613098,0.4175480604171753,157
61960000,lstm_global,supervised,CAMELS-BR,0.5990653822090524,0.557655219342567,7.462021083887646,3.7895813398063183,7.798022690944931,0.008544436328414253,0.5811224994379056,25.733682442796393,35.04933547973633,0.6550292372703552,0.3341851532459259,32
61964000,lstm_global,supervised,CAMELS-BR,0.7127489570310146,0.7617274756130936,2.9909583477477066,1.2651943241963621,-4.28089031596872,0.0015724166446320041,0.8181393207304195,10.651532360868925,17.523756858513416,0.6367815136909485,0.4900065064430237,183
61970001,lstm_global,supervised,CAMELS-BR,0.9639155149164106,0.9433455029826512,1.1979810087402363,0.5845811457861038,-1.8986323526121267,-0.0018976021916960566,0.9460364333713082,3.3482402079950546,1.9462252711896206,0.5439941883087158,0.49912166595458984,105
61974000,lstm_global,supervised,CAMELS-BR,0.9561031154278445,0.9286503035000484,4.504728197423156,2.5052258531017415,3.259815660305562,-0.0018193215432291548,0.9317558521684575,11.238723421550809,11.129929757845797,0.3912505507469177,0.36188066005706787,169
61977000,lstm_global,supervised,CAMELS-BR,0.9864366174081133,0.9816273509391097,3.7271262466651596,2.0505358770991977,0.35555565244727577,-0.000332440345880855,0.9826387540613957,13.09036075406788,5.185888082181214,0.24044114351272583,0.23536482453346252,178
61991000,lstm_global,supervised,CAMELS-BR,0.983461503536614,0.9686165045760367,5.25544158685733,3.734646464915986,3.027044686184121,-0.0005348716362475123,0.9693898318139644,5.738169196890617,4.004503583564718,0.23939034342765808,0.23695434629917145,188
61998080,lstm_global,supervised,CAMELS-BR,0.7877254064690659,0.8834860060069074,336.9753855562567,235.61194691759474,2.327555049335993,-0.002259913705278088,0.95650787805195,256.89568507228114,352.2582292025736,0.19500881433486938,0.13017165660858154,188
61999500,lstm_global,supervised,CAMELS-BR,0.89903200647302,0.9351056470788965,1.2910746321169555,0.604683293402195,1.0959949299905805,-0.0006282854572339635,0.9605443992047378,3.091601090854435,0.9216673543366277,0.5180413126945496,0.4741721451282501,160
62010000,lstm_global,supervised,CAMELS-BR,0.7831682540272762,0.8303143618041422,6.5262749754928775,3.6729311329303402,-1.4941120794361096,-0.0005864532856620919,0.8737192162071049,18.74384651435598,18.22266776715276,0.29062312841415405,0.2610379159450531,101
62015400,lstm_global,supervised,CAMELS-BR,0.11548006042961911,0.26104300402908376,0.536749366590206,0.165388799292293,-1.7722488725337715,-0.0019026983686046411,0.5788938649828084,2.269908979565329,4.002048281766876,0.647451639175415,0.4130876064300537,188
62016000,lstm_global,supervised,CAMELS-BR,0.8321250644640005,0.775500442752854,10.36443249743572,4.550246315280886,-3.3418860919787057,0.0003155194099627289,0.7864996021647381,36.35011619680607,64.12712898340166,0.4661512076854706,0.38071897625923157,137
62016500,lstm_global,supervised,CAMELS-BR,0.9448136565716623,0.97018149226652,8.401659766327077,4.467895880989406,0.6306489109945465,-0.0022160160780145717,0.9878225570523812,21.65876128653259,33.500021080910756,0.4472467303276062,0.4542282223701477,161
62020080,lstm_global,supervised,CAMELS-BR,0.7104836890627666,0.8573845270434233,538.0735696962122,397.7401772357048,1.7908667249870682,0.0020758414111627333,0.9809830593706796,383.0724631435563,107.03927027871006,0.09633374959230423,0.07231716066598892,188
62070005,lstm_global,supervised,CAMELS-BR,0.8657520601800097,0.9141125168443017,1.2291143870724324,0.5581554958527101,0.8408143996166375,0.0008881424781560943,0.9488067517640885,0.40398369079703755,0.6388888692219532,0.13071544468402863,0.12059585005044937,187
62075000,lstm_global,supervised,CAMELS-BR,0.25151820250514423,0.27024600094181306,5.2386673419487595,1.7190433868797876,-2.8939739646826537,-0.005696273748313739,0.45135623788613544,21.213761835586826,43.978743075298716,0.8857306241989136,0.48289477825164795,186
62085000,lstm_global,supervised,CAMELS-BR,0.8221208939991715,0.9095797684194546,0.7384679289086441,0.4443131677852654,3.9378562827809955,0.0009817851320749228,0.9576827958190537,1.158377385914708,1.2078630592708974,0.1261707991361618,0.09875214099884033,161
62087000,lstm_global,supervised,CAMELS-BR,0.9510189229608884,0.9618477932181352,1.0795249496135377,0.535363663701301,0.4311601977252293,-0.0015570660333915354,0.9709490835338247,2.968636333239688,0.564622905651627,0.1944362372159958,0.16673074662685394,188
62095000,lstm_global,supervised,CAMELS-BR,0.7019150758731164,0.7599734939119062,0.4367484044093223,0.1672281597522979,-0.6190932154661087,-5.813363332695526e-05,0.8143012754894654,1.6788294774063435,3.5813841179665467,0.28582945466041565,0.2530464828014374,188
62095050,lstm_global,supervised,CAMELS-BR,0.8507490253907971,0.9099115134441503,0.3104375105163483,0.18404460539843173,5.120738396290071,-0.0015608165937317942,0.9404700177867653,0.5052370146244839,0.6671653918940613,0.3679867684841156,0.361117422580719,188
62095100,lstm_global,supervised,CAMELS-BR,0.7116664164425419,0.8012709787000734,0.34605878091882103,0.1626699609642333,5.294583522412948,-0.002302875577212128,0.8487225802603109,1.2497065671691703,2.2596877492424645,0.4108482003211975,0.37764838337898254,188
62100000,lstm_global,supervised,CAMELS-BR,0.9512224731856527,0.9567194303620128,0.31123263469919754,0.21121456172872097,2.572535780564531,-0.002502851527216193,0.9634673619483941,0.7413795908836517,1.116769415669315,0.3594798445701599,0.3177049160003662,188
62107000,lstm_global,supervised,CAMELS-BR,0.8911961925008876,0.9425524884947903,0.4079164659813966,0.2330700899375246,1.8718591529744433,-0.0024944477604701663,0.9790061845890916,1.1591195144006836,1.890061619134479,0.4542747139930725,0.41016867756843567,188
62107100,lstm_global,supervised,CAMELS-BR,0.9090371462491174,0.9277300257611486,0.5404482056659827,0.35084136274266753,-1.1943722737263183,-0.003986526780204527,0.9445418710407073,1.0776753541872153,1.9416921716021265,0.49011683464050293,0.45484602451324463,188
62110000,lstm_global,supervised,CAMELS-BR,0.9146705615945474,0.9206933199870568,1.0558662454705554,0.5973046132958079,6.818119922622875,-0.0012826710710361205,0.9295897563259776,3.2629148278341,3.1290639252016055,0.3237583637237549,0.3101862668991089,166
62112100,lstm_global,supervised,CAMELS-BR,0.9747758477386135,0.981286652760156,1.725919813503592,1.0360897373645863,0.9949752099085997,0.00021869240345813099,0.985892132995291,4.680933050550072,1.6156132062473831,0.3031425178050995,0.2999768555164337,188
62120000,lstm_global,supervised,CAMELS-BR,0.9512743556404692,0.9667060976313119,0.43996414927799055,0.22741363641429455,-0.2930678532968384,-0.0017939828111228524,0.9775667635571603,1.286055517001415,0.3043117115729739,0.45437493920326233,0.44172412157058716,188
62120002,lstm_global,supervised,CAMELS-BR,0.9632590119532549,0.9761035575717057,0.23901699004950808,0.1424926630360015,0.6714413964704044,4.610954480783851e-05,0.9845561751017179,0.632048315569185,1.2797102425315279,0.27100157737731934,0.27755996584892273,188
62126000,lstm_global,supervised,CAMELS-BR,0.9190690588905293,0.954705351637356,0.3321928531893411,0.19471542139848072,1.525698085610231,0.0010425540028635785,0.9794819487947282,0.9022469459245696,1.2773890371184868,0.3883373737335205,0.3701779246330261,180
62128000,lstm_global,supervised,CAMELS-BR,0.43967889691593254,0.501834509675664,0.4783506900664358,0.11582004873359457,-3.4594531987688515,0.0026611141521361223,0.5995675493088481,2.004583136413905,3.640584930923086,0.49862125515937805,0.37740084528923035,188
62130000,lstm_global,supervised,CAMELS-BR,0.2735725510332272,0.3390950089576412,1.1120967549138796,0.27595531353925135,-7.380935349221731,0.0003082109063604222,0.529064936344664,4.626024295316656,10.065335178259598,0.7118897438049316,0.5348094701766968,188
62143000,lstm_global,supervised,CAMELS-BR,0.9854187336833966,0.9810250426640548,1.8678800211804067,1.1051390982688742,0.45028201944824864,0.00023757091728992402,0.9824372493360203,4.90884226246429,10.245396978111629,0.24600724875926971,0.24526844918727875,188
62148400,lstm_global,supervised,CAMELS-BR,0.631339613017706,0.5855162861070854,0.7998300005640449,0.28699365779350366,-3.099532137479124,-0.0012076458911476663,0.6255404358959367,3.0405063506112,6.580552033451558,0.5901489853858948,0.46356067061424255,183
62148500,lstm_global,supervised,CAMELS-BR,0.7905657174953787,0.865303248779499,0.37488399934680955,0.1734383576375278,-1.0483657599010525,-0.0016904329504546078,0.922413888334672,1.0563926174793428,0.7969498224448711,0.5499452948570251,0.501988410949707,187
62160000,lstm_global,supervised,CAMELS-BR,0.9592172980041314,0.9704770644016726,4.4259493496508675,2.200561008554824,-0.14655841459655564,-0.00012942938524863543,0.9787469090618302,12.000883865458974,23.717786087842544,0.24984213709831238,0.269333153963089,188
62160001,lstm_global,supervised,CAMELS-BR,0.9542289325192727,0.9715232271841222,4.0491372465237,1.6294657651414262,1.2205785101702435,0.00037440357049510486,0.9823408665469736,2.7034127006511124,1.904164729821363,0.29099273681640625,0.3035615086555481,188
62166000,lstm_global,supervised,CAMELS-BR,0.917638326610417,0.9372736539770727,3.940889495060576,2.0778961102167766,0.3343966024951268,-0.0009098365786327743,0.9533982848399915,5.865004468743871,1.9820726009746414,0.258379727602005,0.253886878490448,180
62239000,lstm_global,supervised,CAMELS-BR,0.04224435168417684,0.04417607850761862,15.156356888477097,6.1876092540456895,-6.698785221588627,-0.0009197951875008223,0.39276871272392744,61.0864716470522,98.81479257980243,0.6062003970146179,0.35570889711380005,188
62250002,lstm_global,supervised,CAMELS-BR,0.6135971929776595,0.80303070481863,16.772620450689644,9.62300113059955,3.4317493812522026,-0.0016389488754954915,0.9518500781646406,47.406800563345875,64.49549649761603,0.32138708233833313,0.2466626912355423,179
62255000,lstm_global,supervised,CAMELS-BR,0.13755420447980238,0.216183022392198,2.933796188354837,1.037684730493306,-3.435559409234799,-0.002431295798375189,0.49750901587897667,11.723420869286636,22.248683748807196,0.5287216305732727,0.27126458287239075,183
62290000,lstm_global,supervised,CAMELS-BR,-1.34774276515799,0.28943308101194853,0.5032037305869632,0.4172597134366949,2.287506679318986,1.9040419155582768e-05,0.3438203571766565,0.7804153103877199,0.7804153103877199,0.0056603774428367615,0.015947958454489708,188
62292300,lstm_global,supervised,CAMELS-BR,0.746466377988068,0.7663195509305145,1.8166882010098664,1.1251762017197566,-0.8392163641461102,-0.0016288896863989807,0.8077972360359118,4.978691007492766,7.140649932672947,0.7199508547782898,0.5922276377677917,109
62294000,lstm_global,supervised,CAMELS-BR,0.579397921959983,0.5784867245147816,0.8161525359426557,0.36179854043948106,0.1309590673372017,-0.00019686007597034122,0.641930222295547,3.2387302831349274,4.563292165847941,0.47467318177223206,0.30380499362945557,153
62320000,lstm_global,supervised,CAMELS-BR,0.8347760339316151,0.7679272967839592,1.655620943256628,0.7310536180404906,-4.4030831849188985,-0.00584572060251267,0.7793512727646654,6.408887869739897,10.698716489254764,0.5123412013053894,0.4185609519481659,188
62324000,lstm_global,supervised,CAMELS-BR,0.5837679338132281,0.6342547771284722,0.8180341531163569,0.4237690654329278,1.7001447433617196,-0.001061775467757842,0.7183709247479086,3.002729853110099,3.7435938058405855,0.5375837683677673,0.4006044566631317,176
62326000,lstm_global,supervised,CAMELS-BR,0.34436789084471053,0.4553137532644176,3.304070170693112,1.7194629392108403,-17.770643961886588,-0.005270034985762655,0.6094925054653182,11.104034547315434,9.92845344543457,0.5819477438926697,0.3821958899497986,74
62335000,lstm_global,supervised,CAMELS-BR,0.4037129708498708,0.5757983534335864,44.40124443393535,28.63220149565508,4.782669195765515,-0.0010476667947754755,0.7564988916109153,130.77101988312188,214.72303322962716,0.367366224527359,0.2712176442146301,187
62350000,lstm_global,supervised,CAMELS-BR,0.8190638475774403,0.811145664464836,1.3568462679998388,0.5400687849268,-2.7988165382663572,-3.448781224074486e-05,0.8317113335910261,4.753655579704027,10.002765977067897,0.37044376134872437,0.3171355128288269,188
62358000,lstm_global,supervised,CAMELS-BR,0.7366944574513034,0.8523283293714058,2.0562470597995985,1.0302742545274979,6.037362100664723,-0.0018323613437622177,0.9328068194389566,4.819040290458581,6.610332292583976,0.4928666055202484,0.35315510630607605,188
62358001,lstm_global,supervised,CAMELS-BR,0.09580906209770501,0.31124864705730304,1.9555276406739353,0.9762750549749895,-1.3085813102577335,-0.0012876049672007,0.6576672099595802,7.3208045873644965,11.398865380097954,0.4300828278064728,0.24764589965343475,110
62365000,lstm_global,supervised,CAMELS-BR,0.7469160551469205,0.8059623451390325,2.3000493154334953,1.192466062434176,-4.396190167433761,-0.00321190309447782,0.859193337007105,7.040181523995566,13.78617042690164,0.3850529193878174,0.3205576539039612,188
62376000,lstm_global,supervised,CAMELS-BR,0.3304140285308982,0.5354866186576637,48.44193053887073,27.455257679553743,6.856355701316036,-0.0012786446981731554,0.7480292062826543,161.07137011565524,347.1924317393256,0.32410159707069397,0.21530580520629883,188
62385100,lstm_global,supervised,CAMELS-BR,0.7772586652342415,0.8224262300628938,0.477802768715887,0.26574650375132863,-0.8102097766415031,-0.0007543938300548997,0.8673372497097993,1.225527731020556,0.6491658987945389,0.346375972032547,0.28830888867378235,188
62390000,lstm_global,supervised,CAMELS-BR,0.39314495011496353,0.5748109165790718,2.039159970688629,1.0478425235079045,-5.074796994751999,-0.0024270568781045877,0.7576527943006377,6.931503127828819,10.206465721130371,0.2702525854110718,0.1749718338251114,57
62395000,lstm_global,supervised,CAMELS-BR,0.2122039250989476,0.1266148659134786,13.776541548666682,4.294778667621731,-14.918633305668008,-0.004140813871222471,0.23436895186608064,56.83513999630529,115.99882884496068,0.9384051561355591,0.4688318371772766,161
62400000,lstm_global,supervised,CAMELS-BR,0.5274563465216323,0.5922598158185588,5.959282232637951,2.672886445167217,-2.811079834080369,-0.0020800203587938108,0.6952756964022831,22.38780824285581,43.350130537481114,0.5146077871322632,0.35666629672050476,188
62400100,lstm_global,supervised,CAMELS-BR,0.5071138693691065,0.5674058640428856,5.830311078665116,3.050331876633015,1.2154574994093355,0.0034334299022099977,0.6759206632996153,21.375789581887307,20.035022871325115,0.6763732433319092,0.4729788303375244,188
62410000,lstm_global,supervised,CAMELS-BR,0.7559339276846884,0.8212067713913852,42.26572420719109,22.581781871775362,3.11596592321498,0.0007415707425885119,0.8756708322554968,128.04922015759132,112.13291434876655,0.597296953201294,0.4288344085216522,188
62420000,lstm_global,supervised,CAMELS-BR,0.4485861683002935,0.4517261134714843,7.031569053744691,2.7205066332157624,0.6564245289952777,-0.0006988916534075747,0.5380247681926842,27.39905411869153,49.61242226898428,0.7022576928138733,0.522685170173645,188
62428000,lstm_global,supervised,CAMELS-BR,0.7803518694624875,0.710021516897783,9.434317476776755,4.208932025746985,-3.1286791611615197,-0.0008008147375334132,0.726153026421712,32.81459098800136,59.135947299591834,0.6392821073532104,0.4597911238670349,182
62474000,lstm_global,supervised,CAMELS-BR,0.9912447483730427,0.9688610170042269,0.17259174541509978,0.1129562605868329,1.7666425456559962,-0.00012672553885838354,0.9689707812698277,0.5454662101104154,0.9890745341432823,0.11939047276973724,0.11377118527889252,182
62477000,lstm_global,supervised,CAMELS-BR,-0.6513245108791386,0.4951917622286478,3.171108209539385,2.7383352805828225,26.46036779535522,-0.0037608039356113133,0.6604851572510271,3.916007759304039,7.641793522180687,0.17388632893562317,0.10208947211503983,145
62477100,lstm_global,supervised,CAMELS-BR,0.8433635963217334,0.8984151273968494,3.5349259440854612,2.3287534247273984,7.191063588928415,-0.0008138594019560692,0.92774463958311,6.967449434603021,6.288210073287301,0.3793220818042755,0.3781464397907257,184
62478000,lstm_global,supervised,CAMELS-BR,0.9243736511529219,0.8791772636088517,1.754291036360801,0.7541933270949351,-5.253128381908359,-0.004330415222749077,0.8844521015710377,4.99588192885427,3.337119057192013,0.42731332778930664,0.39496225118637085,158
62490000,lstm_global,supervised,CAMELS-BR,0.7525829406582601,0.822586688206057,1.7042805748945484,0.6543709892732433,2.496760014131527,-0.003871030778671486,0.8795427776202279,6.811703219487921,9.147399824623706,0.7771852016448975,0.6988614797592163,158
62496000,lstm_global,supervised,CAMELS-BR,0.962697586212967,0.9654054340846089,2.1083497039024413,1.102117861839051,1.1043681562648135,-0.0007682098216320564,0.9708086217597647,5.296091109091454,11.607433777469094,0.4608936607837677,0.46655160188674927,188
62496001,lstm_global,supervised,CAMELS-BR,0.8945407009819393,0.8906383110844482,2.519600886578829,1.4252531646854347,9.653851477877213,-0.004463020984919956,0.9022531359204606,7.319131922825945,8.901115812484388,0.7192810773849487,0.6975969076156616,180
62538000,lstm_global,supervised,CAMELS-BR,0.8382125553639677,0.8589032921555404,4.043687349070501,2.810490034244679,12.065043131352901,-0.0004287184241693071,0.871348390695565,8.235641740729847,2.457304932151242,0.26933223009109497,0.23060034215450287,108
62540000,lstm_global,supervised,CAMELS-BR,0.9730378203553058,0.907996108805468,10.109639641286265,5.560850403525612,-0.08983955812210949,-0.004234362134710632,0.9085326547509609,34.19784453109725,41.86555483691844,0.4657306671142578,0.42835527658462524,132
62545000,lstm_global,supervised,CAMELS-BR,0.8915640901953443,0.8880564735281575,15.601857545671209,5.640056450273738,-1.4595942566995659,-0.0008597646112800741,0.9021399139971308,58.48469982935067,19.376627323828405,0.3474961221218109,0.3448435664176941,179
62555000,lstm_global,supervised,CAMELS-BR,0.905336643277712,0.8841039220039442,17.140234942281108,6.944896566106918,-1.2637375507898205,0.0009335518061127333,0.8935369611248715,65.70488803510914,94.36471005715467,0.38632866740226746,0.36670005321502686,188
62560000,lstm_global,supervised,CAMELS-BR,0.8272374784942282,0.8861816914378737,66.11197206106716,36.12525517889794,2.163010458286145,-0.0020536715541061706,0.9285600226948167,200.74251395948244,223.81506136953496,0.3814840614795685,0.33825767040252686,188
62584500,lstm_global,supervised,CAMELS-BR,0.3337166451115643,0.5324457838859511,0.13330062570273327,0.05527697091406964,18.54657277076732,0.0004744553274000328,0.7227011314243141,0.4258941914706948,0.9509406701139278,0.5415320992469788,0.4041329026222229,188
62584600,lstm_global,supervised,CAMELS-BR,0.2429273285488991,0.31642116360819916,0.3224418448183723,0.12178126181083951,6.127286300150682,0.0010712989015980896,0.5323513022839923,1.265033497546809,2.384410300481164,0.7145696878433228,0.39793288707733154,183
62590000,lstm_global,supervised,CAMELS-BR,0.8575577966758754,0.8183971137685302,4.193652235856762,2.241417555248036,0.029085486784321574,-0.0012870382838427868,0.8314236702541984,15.460051209850667,20.61910248581811,0.3832883834838867,0.28289926052093506,136
62597000,lstm_global,supervised,CAMELS-BR,0.21948565561893307,0.589756424873985,0.9779008865319766,0.7365731958379137,27.242024250251898,-0.0008919747837746878,0.620717136384149,2.7606969826274286,3.1765132134106,0.3386448621749878,0.285476416349411,188
62600000,lstm_global,supervised,CAMELS-BR,0.7713248250301816,0.8196029210719669,2.549297950261744,1.4678315946034022,5.376397427209164,-0.0027412839272347098,0.8649076593050543,8.299944700630261,14.394778296168685,0.5161248445510864,0.40439459681510925,175
62605000,lstm_global,supervised,CAMELS-BR,0.8270834304924479,0.8614434767801175,2.9850102685744972,1.6424134709733598,9.560528787676684,-0.0026083000002247725,0.8895508784928055,10.741103300796203,14.879879439591905,0.5452498197555542,0.44354555010795593,188
62615000,lstm_global,supervised,CAMELS-BR,0.48233158906054907,0.4762137836820416,11.914685438794342,3.4323050881509727,2.297589790809574,-0.0015154218334419017,0.5282636727514763,50.40664509805351,105.55697040992601,0.6708549857139587,0.4421030282974243,177
62620000,lstm_global,supervised,CAMELS-BR,0.8635537159750932,0.896759652258641,0.5597489152223603,0.2758291165562386,-0.5152117143028263,-0.0018034711416403983,0.9247401934412832,1.8485236226887536,2.6906021136309297,0.3606317639350891,0.3257473111152649,188
62622000,lstm_global,supervised,CAMELS-BR,0.7094049856989566,0.8212577568728311,1.7133209790949622,1.0173790435841743,6.86841822075357,0.0009356511201090781,0.9007438208979621,5.3453336015846675,7.086302796336736,0.42523038387298584,0.35023680329322815,188
62625000,lstm_global,supervised,CAMELS-BR,0.8343413285242975,0.8574547938168524,2.1497886325215707,1.2558470296008246,12.028902957313527,-0.006023112827665367,0.8762031887844248,6.617301164274438,8.971414134589562,0.46417486667633057,0.4590926170349121,140
62628000,lstm_global,supervised,CAMELS-BR,0.722284410341707,0.6998953300564019,6.304074592620744,2.1190368311202272,-4.858407466780093,-0.002112392142544328,0.7351679453181393,25.83925106811564,48.79636296371139,0.6581652760505676,0.4822532534599304,188
62632000,lstm_global,supervised,CAMELS-BR,0.8280543306771575,0.8484160591941349,7.1757259377005855,3.8586895794011236,1.8082361404568212,-0.002732036058514402,0.8773756828625977,21.634610129514943,19.37778156458026,0.562832236289978,0.4469437897205353,178
62635150,lstm_global,supervised,CAMELS-BR,0.8685984945950018,0.8767850351670665,12.836325320061663,7.269757105343378,3.8359116677121126,-0.0030724761318420384,0.8957436255721242,37.46066656038287,62.76526203618887,0.5378386378288269,0.440677285194397,134
62655800,lstm_global,supervised,CAMELS-BR,0.5193950754801027,0.5385313084965369,0.07332108989301374,0.0360584960962902,-2.4215437278911307,-0.0014804615456339067,0.6242590554141081,0.27489812624193344,0.42702092918538176,0.43916746973991394,0.25995582342147827,149
62660000,lstm_global,supervised,CAMELS-BR,0.9611639914883761,0.9356106007876598,1.917586618101843,1.0655708886235138,-3.317982501657089,-0.0011052900665722357,0.9380565278994722,2.9127113984610293,3.427052511106441,0.2649664282798767,0.2687438428401947,183
62662000,lstm_global,supervised,CAMELS-BR,0.9048382875937104,0.9445737003805824,0.40954851857953123,0.23807164436993114,1.652915916298126,-0.0017910894431014887,0.9716840849643366,0.6218111773722415,0.29344931947426955,0.2742632329463959,0.26809170842170715,187
62663800,lstm_global,supervised,CAMELS-BR,0.5345767293900674,0.5120110339262764,0.6676289420700294,0.29043290304376723,-2.740619504470567,0.0009177273909597109,0.572392621500108,2.661946204961749,3.8816741354522386,0.3519020080566406,0.23437705636024475,188
62665000,lstm_global,supervised,CAMELS-BR,0.4910162559455101,0.7600821002711993,1.2488332359364436,0.7117418217308381,9.536327582327987,-0.0030217881145741202,0.8952750785811747,0.420859507375009,0.8540781607797653,0.2720731198787689,0.2685588300228119,136
62665100,lstm_global,supervised,CAMELS-BR,0.8605518142411139,0.8837044745475897,1.477999844964558,0.6648188055829799,2.1512898717414632,-0.004119191806567654,0.9084782025387086,3.6264748558792275,3.05572845407303,0.33394503593444824,0.31451907753944397,188
62670000,lstm_global,supervised,CAMELS-BR,-0.10363865854847432,0.5142894142984997,5.918003304436313,2.007318029664967,3.771806658343448,-0.0016432115343098198,0.7862169929485319,23.996500866134568,26.539248529964834,0.27662932872772217,0.2461748868227005,146
62675100,lstm_global,supervised,CAMELS-BR,0.9375198168565878,0.9260365669296168,4.039092457331267,2.768060171857793,4.709084133716779,-0.00011119524538334702,0.930484773336817,8.159443277663833,12.61095388094576,0.2895607650279999,0.2891429662704468,188
62676000,lstm_global,supervised,CAMELS-BR,0.8553766951042531,0.7897284196694874,3.5270840273543316,1.8951072287052235,-0.021649662423749234,0.00018868758967522607,0.8000785615367386,10.866727300091206,13.06560170275845,0.39420855045318604,0.3223792612552643,188
62676100,lstm_global,supervised,CAMELS-BR,0.4935792910908815,0.49884286696476954,0.7749150714774493,0.27355213090777397,-0.7896286699407755,0.0011236733518142491,0.5762911612260768,3.18750713786402,5.1165004447867215,0.45702001452445984,0.3126482665538788,112
62680000,lstm_global,supervised,CAMELS-BR,0.7167389045225077,0.7158559738632189,7.4243822128878065,3.5787395746149917,2.2395681265597074,0.0019447349022428707,0.7566131727586266,27.642377290487808,41.116557494388914,0.49736592173576355,0.3819934129714966,188
62690000,lstm_global,supervised,CAMELS-BR,0.7909679241818628,0.8635255174623888,7.28207541007899,4.073413677837538,5.992012918245648,0.002789278691869526,0.9139601326042136,19.814615246719402,38.576898235078644,0.4885202944278717,0.41275861859321594,184
62695000,lstm_global,supervised,CAMELS-BR,0.892091594674389,0.8965430373009505,22.238044499693554,13.13249906787166,1.695248994385093,0.002342713803490711,0.9122270663630676,62.89251376264412,59.59019170105166,0.6134044528007507,0.4807875156402588,108
62705000,lstm_global,supervised,CAMELS-BR,0.8303351415156988,0.7199156504959257,51.90550753075081,19.57472344408644,-1.9804049154622738,-0.0028623687813780947,0.7248241305214582,206.1972403260662,413.85570827161683,0.6363081932067871,0.496415376663208,188
62706000,lstm_global,supervised,CAMELS-BR,0.35907967487754056,0.6728104894947489,0.2807449813751206,0.1220358191652501,3.447744788188293,-0.0007439850674678897,0.9570098617273971,0.7592837670327407,1.5351760772808345,0.14782781898975372,0.11700702458620071,188
62707000,lstm_global,supervised,CAMELS-BR,0.899911061572432,0.942748751896924,21.052203276913886,12.28774475544057,2.470551714424217,-0.0015471970731768259,0.9714433028834241,53.705851488212595,23.241119197728672,0.3013692796230316,0.28838855028152466,188
62708000,lstm_global,supervised,CAMELS-BR,0.2544541858232099,0.20613387333469413,3.0632136506704235,1.510547417661418,-6.870090678170208,-0.0024543076972680187,0.321624358102761,11.080383197072809,16.016868591308594,0.6515167951583862,0.23071236908435822,46
62709000,lstm_global,supervised,CAMELS-BR,0.41089389714065594,0.3659504117070258,22.06204779105057,5.967212722249275,-13.785067283872783,-0.000673446820804717,0.4538585137836999,95.63802807605907,168.41134184375915,0.7001556754112244,0.3494011163711548,137
62714000,lstm_global,supervised,CAMELS-BR,0.84362981714974,0.9095784704223915,36.18745071124013,20.819677852691814,2.5780996353466747,-0.0005716639400171579,0.9565455234654733,105.10391875050607,62.66592891050515,0.45563897490501404,0.419513076543808,187
62715000,lstm_global,supervised,CAMELS-BR,0.6899467275217106,0.6890020610964983,54.016401313650576,25.63948728683147,-0.7818136043042062,-0.0013713801467166407,0.7338260450908387,205.56535361051772,230.0640627510498,0.613061249256134,0.4288901686668396,188
62721000,lstm_global,supervised,CAMELS-BR,0.6810263701472352,0.7574112876626501,5.057652192451739,2.6022384826173175,9.506777006922443,-0.0023308767573862813,0.8287665722994053,17.618357224327667,22.1134380906963,0.7857520580291748,0.6572074294090271,188
62725000,lstm_global,supervised,CAMELS-BR,0.902369119603824,0.912551456502165,92.22450398854845,48.98467964821673,2.639101039418063,-0.0009115033618451937,0.9273459098770502,220.50578312405182,202.48504031527048,0.37517133355140686,0.32460546493530273,188
62728000,lstm_global,supervised,CAMELS-BR,0.48875468118352094,0.44210714949822083,5.239284234341219,1.655941811013729,-4.718240665580449,0.00046509069498669713,0.483352366916145,21.5604738344747,44.41436696768411,0.363896906375885,0.2454843819141388,188
62729080,lstm_global,supervised,CAMELS-BR,0.7381062697167291,0.7352409536805187,108.93285184038744,63.36842362424161,-1.8096600868851667,-0.002047445186539187,0.7700069568162721,360.78866529599185,644.5353826462297,0.3105827271938324,0.20896822214126587,188
62742000,lstm_global,supervised,CAMELS-BR,0.6928413092253745,0.6919505950916002,1.7417855036560754,1.0450259416267789,2.94497212017818,-0.0007056725767238259,0.7335498834814643,6.163747784575482,5.493414035753345,0.32959526777267456,0.19671061635017395,116
62743000,lstm_global,supervised,CAMELS-BR,0.6953795117989785,0.7813881979755745,3.420020736399189,1.7225934479687666,-1.2888735026249478,-0.0016211842420282268,0.8570597750230736,12.022588181193383,12.157283180339842,0.4193553626537323,0.2875167429447174,185
62744080,lstm_global,supervised,CAMELS-BR,0.7252045339223642,0.7351909426295644,135.0269342593797,79.270026998317,1.9668083831655168,0.0010624930427806482,0.773378125039387,459.81008958936627,812.1063001086264,0.33306124806404114,0.1977718025445938,188
62750500,lstm_global,supervised,CAMELS-BR,0.5646152344448548,0.6790452863678111,0.5764239085773779,0.20817342020095664,2.478989706339735,-0.0006592870577895524,0.7932921975054588,2.329642881305281,4.160434605805194,0.29240697622299194,0.23151902854442596,188
62751000,lstm_global,supervised,CAMELS-BR,0.8558364615616566,0.8819919179615504,1.6571254037560348,0.8556559072526474,2.066720939337289,-0.0008152764274311705,0.9068366228818223,5.412935452143172,8.627083018868841,0.32817503809928894,0.2604281008243561,179
62751100,lstm_global,supervised,CAMELS-BR,0.8854105022293929,0.8192673845029655,1.7558871235164355,0.6609689022277618,1.6129943819257597,0.0001442828657957796,0.8238171147775004,6.6850163304475245,12.926795698106824,0.3999394476413727,0.3770180642604828,143
62752000,lstm_global,supervised,CAMELS-BR,0.9864665894589943,0.9618443228576816,2.163194782357794,1.0834335114093536,0.8943106212647363,-0.0008614297794559845,0.9621580979779466,7.602025827427616,2.3541134934654426,0.13015131652355194,0.13083834946155548,188
62754000,lstm_global,supervised,CAMELS-BR,0.9850271793830954,0.9681433075250137,0.7368517683449438,0.398339761132225,-0.09516705281321375,-1.04682973611301e-05,0.9689538971778928,1.6326987616629438,3.115780748211124,0.06736468523740768,0.06473644822835922,187
62758000,lstm_global,supervised,CAMELS-BR,0.3030272787861511,0.41950170618982063,1.107602208465052,0.3322506474053606,-0.24949998981968383,-9.853691866717335e-06,0.6196829606246242,4.6191296293816775,8.8318790808921,0.2674977779388428,0.2280607968568802,188
62760005,lstm_global,supervised,CAMELS-BR,0.5909273096802732,0.6167782444979489,1.2171557064181462,0.5641736470638438,-2.368577170082088,-0.0019275598383400733,0.6890251655500199,4.637749880996398,6.62002331970861,0.37581250071525574,0.24619358777999878,188
62760050,lstm_global,supervised,CAMELS-BR,0.5809960592802379,0.6977780055178964,0.09091667724345052,0.05311316648062239,9.994760987036647,0.0007620565600727769,0.7871349807129042,0.29271941868577983,0.5375977401607048,0.3212372660636902,0.23506861925125122,188
62760070,lstm_global,supervised,CAMELS-BR,0.5480353429537252,0.6404120033889913,0.775790185956795,0.2024332576807826,-4.296471048026852,0.0014027997730446246,0.7427656234672751,3.265663325644029,6.645596887290011,0.5499131679534912,0.4948243498802185,188
62760110,lstm_global,supervised,CAMELS-BR,0.6152965647013597,0.7607695080706832,0.04412721431501233,0.02230591485474972,2.9996195173468188,-0.00043229678749909066,0.8774016475366089,0.1626737206431939,0.2846168591562278,0.28435051441192627,0.21249787509441376,188
62760130,lstm_global,supervised,CAMELS-BR,0.2861946193090351,0.43636876670057534,1.4468972448017468,0.3234217243784286,2.517715780375809,-0.0028915202489849467,0.6561846302978094,6.110441683087123,11.835651556916462,0.8217943906784058,0.5231353044509888,188
62760150,lstm_global,supervised,CAMELS-BR,0.8991466127830062,0.9472810257438871,0.5667219104161637,0.2998126411533102,1.7167332254051992,-0.0007982678881605114,0.9813369259036273,1.3468665761812566,2.38835473026048,0.1873636394739151,0.1966743916273117,188
62763500,lstm_global,supervised,CAMELS-BR,0.9452286716506123,0.930021233848727,0.2641333564035081,0.11043899502367416,-1.0368477652404726,-0.006489068144684279,0.9354266467277625,0.7866702851040649,1.5885651870058892,0.17031431198120117,0.1321161985397339,188
62767500,lstm_global,supervised,CAMELS-BR,0.6336805266322469,0.7523350217480058,2.7464212405825736,1.6821050021959387,1.6816992254120349,-0.0027573767960748594,0.855461607602741,7.829998164229466,16.472300510156405,0.3324776887893677,0.22612248361110687,184
62768500,lstm_global,supervised,CAMELS-BR,0.2524828314363651,0.4893667301167749,0.6831301005888493,0.35502313220568293,2.424277429548151,9.393594635449549e-05,0.7577578048509149,2.3865799896937085,4.050041199910361,0.20824672281742096,0.14733585715293884,177
62770500,lstm_global,supervised,CAMELS-BR,0.5208913052060062,0.568862292882876,2.8845501169091077,1.4466194256823113,-1.4098857355210253,-0.005189174441063387,0.6671507993919672,10.285393343374109,21.624981242980695,0.39025649428367615,0.23832833766937256,188
62772500,lstm_global,supervised,CAMELS-BR,0.9166229655092593,0.9402240544249373,2.7530803456175406,1.8738766740270927,3.3869249093466465,-0.002666142452844137,0.9551333943483028,5.541580735157978,11.684830947608479,0.2161790430545807,0.19018913805484772,177
62776450,lstm_global,supervised,CAMELS-BR,0.8864659159195696,0.9354245389267903,3.1886297632000473,2.072893978798226,-0.3697313887050046,-0.0014183120056908659,0.9710676912365848,7.797605112638783,6.127456544363586,0.32434961199760437,0.2990182042121887,146
62776580,lstm_global,supervised,CAMELS-BR,0.852243160609172,0.7319570765780585,7.630139055869343,1.9814651102959355,-2.449748564928076,-0.0003134002209769383,0.7328921992125914,33.08089044148773,59.738156110526454,0.2428792417049408,0.21326766908168793,158
62776600,lstm_global,supervised,CAMELS-BR,0.9679732284894708,0.9555348681980793,1.8305019090671277,0.976120767922237,1.1222305625000766,-0.0023358919190357343,0.9582551229972034,0.8577632275607177,0.6286301310343243,0.15424002707004547,0.14560087025165558,116
62776780,lstm_global,supervised,CAMELS-BR,0.9409297229725557,0.9536822746285576,2.651439881451087,1.739242205253014,2.4810933107512514,-0.0004763818113415483,0.9621657052646655,5.742339474077579,0.435119368359156,0.21410369873046875,0.22270318865776062,156
62776800,lstm_global,supervised,CAMELS-BR,0.9549990504162114,0.9694962142388969,2.4987053510305484,1.7244313828488613,2.1106703303299086,-0.0001654442285732912,0.9776550822640139,3.868249957265151,6.057273412768217,0.2282540500164032,0.22958402335643768,188
62776900,lstm_global,supervised,CAMELS-BR,0.8247111868986501,0.8928572505192733,0.25323798359929334,0.14707824384624307,3.8123381639683944,0.0004950779066613406,0.934733287718725,0.8476735772711644,0.3421477612433723,0.1727336347103119,0.14316266775131226,176
62777100,lstm_global,supervised,CAMELS-BR,0.6414262086626595,0.7792583275609349,0.5564600716577247,0.3509910930978491,2.8610916733506726,-0.00040791847846271233,0.8874775362880677,1.4320787673049176,2.450308238861343,0.2154495269060135,0.18447506427764893,188
62777300,lstm_global,supervised,CAMELS-BR,0.9575687472753309,0.9703542056643505,3.0778598054916197,1.733960222516741,1.8287054496265196,-0.0003378016938725449,0.9781702182650586,8.268710289588203,7.1190584410711235,0.20533089339733124,0.20204029977321625,175
62777500,lstm_global,supervised,CAMELS-BR,0.3962133515664791,0.5878405188004641,0.9756377324629127,0.4136812097039716,16.196811545357534,-0.0019391745867915425,0.6156189225324602,3.507699123777682,6.475744562084287,0.47183576226234436,0.4248563349246979,145
62781000,lstm_global,supervised,CAMELS-BR,0.591377274378063,0.6178581007065908,1.3797580123408066,0.4407022579208664,2.2356018082547986,0.0006503486742063646,0.6876726914310798,5.449196452707344,12.22041109437032,0.41852444410324097,0.3093912601470947,184
62790080,lstm_global,supervised,CAMELS-BR,0.6625205096214056,0.6903581530658564,175.62480711887144,99.85766585329746,0.5325535962575855,0.0006617098790232777,0.7448139820357014,601.8851600699921,1026.5701209444908,0.31822142004966736,0.1858159899711609,188
62798000,lstm_global,supervised,CAMELS-BR,0.6821901484167151,0.7145821991279697,2.7293919119224594,1.0238273036785615,-0.2066098406081188,-0.0006375850340325645,0.7714079765958661,11.319030174745274,8.766604678980537,0.37220001220703125,0.31870508193969727,156
62800000,lstm_global,supervised,CAMELS-BR,0.8593445321611091,0.9063254689647446,5.59761898184558,2.493903989938491,2.2555018558896323,-0.0005725429396484759,0.9401334149833285,19.929262449725098,41.12170982495599,0.386797696352005,0.3837423026561737,187
62805000,lstm_global,supervised,CAMELS-BR,0.9697716900843582,0.9705257585757945,45.45411366507774,27.779982708870097,0.9293893469223005,-0.0008449991359157742,0.974626728928262,91.8510174463008,121.93749410408925,0.28531214594841003,0.28133419156074524,188
62810000,lstm_global,supervised,CAMELS-BR,0.5132652033933653,0.48701850379849587,7.38437332755526,1.6065338976839756,-1.8737145715028607,-0.0005404189851744802,0.551389797133928,31.221193897207215,69.54223599610049,0.38117700815200806,0.2742178440093994,188
62813000,lstm_global,supervised,CAMELS-BR,0.9743754981503104,0.9718040696640741,1.9921385975146915,1.198358084293122,0.28023725193505383,0.0007310240290175456,0.9747706075470851,4.76833494666377,5.847511633930518,0.33023667335510254,0.33906057476997375,188
62815200,lstm_global,supervised,CAMELS-BR,0.9733141666491977,0.9727567597840674,1.7791129318202323,1.0167129141219118,0.7786436139603906,0.00025845145445461265,0.9760400006776357,4.6829552854918575,5.544378405070177,0.14854303002357483,0.1450779289007187,188
62817900,lstm_global,supervised,CAMELS-BR,0.7929672152928455,0.8427448617946114,1.853040162057707,0.905799112421401,0.2774336317126726,-0.0017267626138725845,0.8853109612115408,5.610847788155789,11.59584092061538,0.22993741929531097,0.2128925770521164,188
62820080,lstm_global,supervised,CAMELS-BR,0.7188011649972449,0.7644458250266477,169.70937108930693,118.45487131970994,11.593449204265175,-0.001634221264697932,0.7985698179030946,357.4874394867297,735.7900387363023,0.28539881110191345,0.20386654138565063,188
62829580,lstm_global,supervised,CAMELS-BR,0.6248827503782147,0.7382950475551348,211.01319977358756,123.65682610045089,-1.7903468592174423,0.003571819278336155,0.8368383887414708,673.9166585171628,1386.0434656693421,0.2637576460838318,0.1623201072216034,188
62845000,lstm_global,supervised,CAMELS-BR,0.898591664030903,0.8940947262789936,132.9809872592007,87.15725104184074,-2.9675102143592653,-0.0002612756203490482,0.9064703015042859,161.8392684008554,96.20774336951747,0.27902165055274963,0.2601707875728607,187
62860000,lstm_global,supervised,CAMELS-BR,0.35168763089982114,0.6904835588998011,3.5485217252169634,1.2794959563197512,3.1643126247443747,-0.0008113585156173699,0.8064229871242328,14.488920426797256,25.953624842760867,0.7202066779136658,0.561860203742981,165
62870000,lstm_global,supervised,CAMELS-BR,0.8270597496714516,0.8847674690050551,217.43598245582615,139.90438534351105,5.509322838460893,-0.003306294495588143,0.9228693738329318,303.9066257951566,112.22261577295956,0.317631334066391,0.28154757618904114,188
62880000,lstm_global,supervised,CAMELS-BR,0.2965438547614162,0.41727209773498386,0.4440792192376902,0.1692576629922111,5.747903593882297,-0.0005074959088465503,0.6262957821130724,1.831751492702638,3.253000572794562,0.8525388836860657,0.45578402280807495,188
62885000,lstm_global,supervised,CAMELS-BR,0.9524803662581085,0.9343023179851172,104.24110062912409,73.29765141263921,-2.4241402712081106,0.0002845145969690207,0.9382691386919342,150.1563694619806,70.88771529613163,0.31878021359443665,0.30167877674102783,188
62900080,lstm_global,supervised,CAMELS-BR,0.7784126914922163,0.8463020638378966,233.1299794116283,171.45807826265374,1.6915651310279405,-0.007061219159605201,0.9004722927294107,265.7811012323884,231.52873206936766,0.341935396194458,0.225699782371521,188
63001000,lstm_global,supervised,CAMELS-BR,0.9507923458253406,0.943698517527969,3.173568264993729,1.7215086203355057,0.06686758451563471,-0.0006310007638592532,0.9490011223022357,8.988056897382561,14.387222650952738,0.29101163148880005,0.29286131262779236,130
63001200,lstm_global,supervised,CAMELS-BR,0.9615105254649263,0.9503875527322312,4.721504211285825,2.874852284141209,0.7718597219679019,-0.0007319967961311267,0.9540221803814369,12.848666007759528,10.884465267826277,0.13068917393684387,0.12126369029283524,184
63001223,lstm_global,supervised,CAMELS-BR,0.9445123572145565,0.9657242488356526,5.812987901158219,3.590281141565201,1.4675430714813569,-9.176015980396322e-06,0.9776417465072655,18.48493471249866,8.421688552015492,0.11231981962919235,0.12515123188495636,188
63001225,lstm_global,supervised,CAMELS-BR,0.8998652280194398,0.8726965788838248,0.2914906177863748,0.1669114447654562,1.1362171381069985,-0.0003099586692026828,0.8816765131908924,0.6302239828301431,1.3732928624457368,0.09850814193487167,0.08318410068750381,188
63001230,lstm_global,supervised,CAMELS-BR,0.9188310849279592,0.95747333352541,6.63988491646375,4.827725917734998,1.796651978328277,-0.0009355308466579134,0.9815494074384181,11.244706754725765,6.275497693433073,0.10002517700195312,0.10148056596517563,188
63001500,lstm_global,supervised,CAMELS-BR,0.9879172874625113,0.9676344605548218,4.496877528854775,2.5796771353863654,0.05871055177742575,0.00010638718798361424,0.9681229486150474,12.194913179128818,24.969816450161396,0.08591531217098236,0.08283571153879166,188
63001560,lstm_global,supervised,CAMELS-BR,0.9110992305569917,0.9233321190838557,14.329340971997178,10.210912962217588,1.4679801145207998,-0.0009546511318650995,0.9372533594540969,32.59074414506371,19.648194967677544,0.1494569331407547,0.12628543376922607,148
63001600,lstm_global,supervised,CAMELS-BR,0.7968179930508068,0.8631897416346905,1.4253846406668893,0.7777853256616837,0.9855202969670183,3.864973948604789e-05,0.9127320041361554,4.455207073249825,8.370853882754401,0.09012958407402039,0.07935895025730133,156
63001608,lstm_global,supervised,CAMELS-BR,0.7377367249344943,0.8360926195261665,10.683934023683596,7.1324719893422355,6.397044738703801,-0.004744073890814521,0.9061795600397569,18.044709996006304,35.60237674946005,0.41069495677948,0.36277827620506287,187
63001638,lstm_global,supervised,CAMELS-BR,0.8051384707920801,0.8390556004610108,9.252135496896353,7.205816197902598,2.2852741905123435,-0.0029960394608582967,0.8741681505972252,12.945333442884808,20.592302914750398,0.2827577292919159,0.20794041454792023,188
63001650,lstm_global,supervised,CAMELS-BR,0.8326115884094851,0.8520519302433234,7.308451642343943,5.623891231861521,1.9548597239977306,-0.0017316838995735861,0.8786822330340165,12.165757884664432,18.556109935804518,0.2159615308046341,0.16470657289028168,188
63001675,lstm_global,supervised,CAMELS-BR,0.6920236513917655,0.7641837892844721,11.353138775951512,8.206462985866672,0.8753668297389015,-0.0018443406129952274,0.8337584796522601,16.34477556965606,27.39061947139716,0.19945110380649567,0.11534259468317032,182
63001750,lstm_global,supervised,CAMELS-BR,0.7758760445716798,0.8650017671118952,3.1824972836444294,1.7559249223546778,3.0951627505560615,-0.00046581350217316485,0.9294013379157575,8.960297927974372,10.197384097536492,0.37279993295669556,0.34193533658981323,188
63002000,lstm_global,supervised,CAMELS-BR,0.9230082221239416,0.9399567745271982,30.800203436265615,14.573336167768998,0.11311333390757708,-0.00013888110715611687,0.9525033179339173,70.72994387105018,137.4681503449981,0.1325395256280899,0.1363251805305481,176
63003100,lstm_global,supervised,CAMELS-BR,0.9672906727018752,0.9640921918329872,15.069405287148617,9.897207260131836,1.9360456513058542,0.00025805698712066255,0.9672094377376531,6.510763570706446,3.9189944272512878,0.09849787503480911,0.10277541726827621,152
63007080,lstm_global,supervised,CAMELS-BR,0.8335013628937677,0.9136810305139924,572.7003526202723,422.39029125457114,0.9274651430718429,0.0009159930338004003,0.9791766419835922,517.3971176888188,649.7986032758939,0.09477167576551437,0.06649482995271683,188
63010000,lstm_global,supervised,CAMELS-BR,0.9420167396882709,0.8597548749004018,1118.5072331258896,826.03707171501,7.305952197179517,-0.004033687555848162,0.8605578642250816,750.3369463327396,1107.434504365575,0.19195666909217834,0.15236468613147736,188
63050000,lstm_global,supervised,CAMELS-BR,0.6265671134294055,0.7604072539584426,0.8235668600998453,0.32447704672813416,14.140469446316654,-0.0009869712101267716,0.8514198414173417,2.1118486981779045,2.766939537735762,0.6170423626899719,0.5239967703819275,116
63100000,lstm_global,supervised,CAMELS-BR,0.7707639212400057,0.7194771428950437,5.041142707907007,1.4821902235111077,-2.1645920588126417,-0.0015865562914179464,0.7375683995722275,21.075858003315997,41.44145326785347,0.38436126708984375,0.3139974772930145,167
63140000,lstm_global,supervised,CAMELS-BR,0.813748989256606,0.9055745947110936,4.978332374417925,1.9701652939255174,1.2452257790753591,-0.0013929134082776538,0.986013831953306,17.69167203433246,32.53783448399954,0.3843664228916168,0.38665661215782166,185
63160000,lstm_global,supervised,CAMELS-BR,0.8496322548227104,0.9218105281253761,8.868706439273346,3.1844652099609374,1.0204656618830887,-0.0036438973009615353,0.9755500778815182,33.166695884052025,35.19065743979803,0.2725641429424286,0.3120656907558441,125
63165000,lstm_global,supervised,CAMELS-BR,0.9680584185281397,0.96854771521749,7.962581666692457,4.043304737578047,1.3931032128287002,-0.00043089550485068094,0.9723815370711402,24.988089024679567,14.190028193268045,0.2531580626964569,0.2462436556816101,188
63170000,lstm_global,supervised,CAMELS-BR,0.9747928163246379,0.9651502111349868,9.217438862201773,4.8017359794454375,-0.11088555669643148,4.3924732477778825e-05,0.967002036579903,26.611740758623817,51.89260704589514,0.27895379066467285,0.2812618017196655,188
63180000,lstm_global,supervised,CAMELS-BR,0.9666214575263546,0.9527556495566505,7.884080196113174,5.714138860287874,3.0949255584833635,0.0008456267239674679,0.9543614197735805,9.264619040834605,7.8973541259765625,0.2181342989206314,0.24838823080062866,23
63250000,lstm_global,supervised,CAMELS-BR,0.9313263932928637,0.9508739152272844,3.4189260993918356,1.902000589573637,1.121913596206627,0.0011297319807782895,0.9648478648180681,6.740470593410251,14.004333389628513,0.12335890531539917,0.11102064698934555,188
63257000,lstm_global,supervised,CAMELS-BR,0.7738709504934382,0.8819878114232967,1.1383323441338107,0.6513126200818001,2.012007241871952,0.00031108641551316676,0.966428063373138,2.7518971801370795,1.8561061047988439,0.17533254623413086,0.1710548847913742,188
63259000,lstm_global,supervised,CAMELS-BR,0.9023803203644272,0.9445230420535103,1.8934383648808326,1.1845614252863703,0.7156462289803247,-0.0005151634317295665,0.9736051445202066,4.069583425330994,7.917082597331019,0.11172420531511307,0.1063968762755394,185
63270000,lstm_global,supervised,CAMELS-BR,0.8327426671958793,0.8769452013806252,12.147948410538278,7.830629154960102,1.2149944572081166,5.2852734084342726e-05,0.9120133708897222,17.173136038079424,29.52046420293815,0.14913541078567505,0.126095250248909,187
63350100,lstm_global,supervised,CAMELS-BR,0.9277241746228957,0.9148567771843449,11.576633142904102,8.031440817791482,0.8345137084544197,-0.0008881470649170589,0.9222253323889399,27.53566501185958,60.05117155897887,0.13917262852191925,0.1253688633441925,184
63390000,lstm_global,supervised,CAMELS-BR,0.9558444490706659,0.9761802152845985,12.425474975563867,8.223947236032197,-0.18152739731347287,-0.000534106640505269,0.9911459126782881,27.840829444753087,12.746414795333584,0.14815089106559753,0.14944644272327423,165
63650000,lstm_global,supervised,CAMELS-BR,0.054590479201896525,0.4655831393157337,2.0973472696593727,0.8934304544834492,16.28392306512351,-0.0017651807657791223,0.7822859593823577,8.450918586375733,15.002123609656993,0.2041599303483963,0.15009357035160065,183
63670000,lstm_global,supervised,CAMELS-BR,0.5480077867063059,0.6047090492001885,9.311748953924639,4.718563445070957,-1.6537915574814874,-0.0005482475938832412,0.6994780713199296,31.433980288119777,45.22462607278333,0.6288712620735168,0.4725345969200134,188
63700000,lstm_global,supervised,CAMELS-BR,0.695550410237554,0.8278082916120808,10.498897944731631,5.963302480413558,-0.940206077428335,-0.0005983713843504025,0.935475478145821,20.989204913515245,19.557321332832576,0.3566555678844452,0.29767078161239624,188
63710000,lstm_global,supervised,CAMELS-BR,0.7868788547613038,0.8824535631976584,9.34753068566776,4.789599210657972,2.11307307570337,-0.0016129023481186045,0.9444213675352423,33.892849306201725,47.423078974227664,0.39630359411239624,0.346354603767395,188
63730000,lstm_global,supervised,CAMELS-BR,0.41390810235971276,0.5166930180845151,0.1657975880796223,0.09389521046118303,1.6968825123057079,-0.00026066287716511836,0.6620882819191106,0.5572151279506021,0.7859534610924177,0.2181975096464157,0.1280030906200409,143
63790000,lstm_global,supervised,CAMELS-BR,0.23454231440880646,0.4113193101941993,2.9907596338363196,1.5361286960752671,9.171422228197533,-5.730740386114194e-05,0.6609004524686336,11.41886218672238,16.01799669856543,0.6300272941589355,0.35827189683914185,177
63810000,lstm_global,supervised,CAMELS-BR,0.9033253873990769,0.8658073839486893,16.155407157517576,7.896632312388903,-2.289590139531048,-0.0011227779624252004,0.8734828454415913,55.539358958600026,88.58506846416135,0.32806745171546936,0.31791117787361145,178
63900001,lstm_global,supervised,CAMELS-BR,0.8031041217208141,0.8527889424772638,11.791371382671064,6.803691946941873,1.1329910954867846,0.00028704434899177924,0.8946336968814853,34.523122176738,29.34357696666848,0.17237207293510437,0.1489480882883072,184
63930000,lstm_global,supervised,CAMELS-BR,0.9352255138247422,0.9650969385667452,10.99712735870373,4.946288647858993,0.47549560058258394,-0.0005321630659581474,0.9873575473463055,5.418380121678888,7.255659887496758,0.14925070106983185,0.14387691020965576,184
63950010,lstm_global,supervised,CAMELS-BR,0.8165798011578133,0.8132366116732335,7.3683652483494955,3.6985534136412572,1.420667607919964,0.0010683408295914885,0.8366281879739642,22.672759090114454,43.73414405493765,0.3643975853919983,0.31205421686172485,183
63950100,lstm_global,supervised,CAMELS-BR,0.9359304123022066,0.9486225299070095,5.727922184599545,2.57201814133188,1.2135246539576363,-0.00043782672216604104,0.9570052775577107,19.215024929853776,41.77737188591933,0.2607308030128479,0.2495386302471161,184
63950150,lstm_global,supervised,CAMELS-BR,0.6942865868694176,0.7602746757043708,2.552652110599523,1.2065147148801925,-2.803490821373146,-0.0007237654249829927,0.8261088923653482,8.815639490948527,12.702133981765263,0.41008034348487854,0.3757339119911194,188
63950250,lstm_global,supervised,CAMELS-BR,0.7306386637517664,0.8489773074818544,2.238566691408172,1.2522984715818448,2.194366724816809,0.00013842857241815228,0.9363978538464958,6.401119222574135,11.00553559637539,0.17805695533752441,0.16112114489078522,131
63950280,lstm_global,supervised,CAMELS-BR,0.9598532571729507,0.96600316462046,8.862260576266074,5.919983693998154,1.1432363090072857,0.00014587138100466066,0.9721470693517597,13.724654106263158,10.92428966471714,0.19711825251579285,0.19081652164459229,146
63950300,lstm_global,supervised,CAMELS-BR,0.8901951679837737,0.9271443951581687,2.8693932523812427,1.3907982784768809,1.3469796104645702,-1.0220053605059648e-05,0.9523085620450761,8.032347357218107,13.919427329150299,0.2049468606710434,0.1928701251745224,184
63955000,lstm_global,supervised,CAMELS-BR,0.9394560458091639,0.9650328994587741,9.462534450361854,5.893154915564699,1.2445416071252442,-0.00028900047905299625,0.9800173194470223,10.502469117921132,10.491475359124989,0.16320569813251495,0.1595434993505478,183
63970000,lstm_global,supervised,CAMELS-BR,0.9392838787230351,0.9554153530068428,22.234435109166327,14.888730919879416,1.1888600445257727,-0.0009806216219561056,0.9669047437780542,34.357943929583676,35.01299937116231,0.1656993329524994,0.15772414207458496,184
63979000,lstm_global,supervised,CAMELS-BR,0.8787321527451297,0.935907362648145,44.41557764064835,24.24244459780901,1.311623920988992,-0.0006628742038466869,0.9790446715288926,29.043154722701615,21.82580030005518,0.17493149638175964,0.15725326538085938,179
63995080,lstm_global,supervised,CAMELS-BR,0.8419735106657161,0.9053572084750523,566.2857518601495,419.456610497008,1.2330321773516943,0.0010669620906777833,0.9493310417107641,567.9565933340347,588.21179468497,0.0962466448545456,0.06899849325418472,188
64005000,lstm_global,supervised,CAMELS-BR,0.5939952076439371,0.5909815228754458,12.299249862730075,5.818679223669336,-5.293305864060066,-0.000671006522449941,0.6523774858782085,43.88369438417874,77.82516197663948,0.5025098323822021,0.3573356866836548,188
64015000,lstm_global,supervised,CAMELS-BR,0.8347312610887263,0.8979558528199246,2.1911980899537165,1.408985650879996,2.8183686248603284,0.001479072109393003,0.9431039677638016,5.607866395186924,4.3723428735803855,0.4592958688735962,0.40846946835517883,175
64035000,lstm_global,supervised,CAMELS-BR,0.4551116051312234,0.697098343180082,3.4946097476756046,1.2796587398711672,5.8227016562202225,0.0013381989119178872,0.90608426537233,12.143397651082822,25.446999427060543,0.37480559945106506,0.3521292507648468,188
64040000,lstm_global,supervised,CAMELS-BR,0.8134424651306558,0.7694737931712806,2.9710003777949803,1.5173830960107886,1.1075326090510682,-0.002664006397087292,0.787368805114552,10.761884168092395,14.225094852233319,0.4522857964038849,0.30693724751472473,184
64065000,lstm_global,supervised,CAMELS-BR,0.981011149131269,0.9664408841086936,1.152368092961336,0.6756302016122001,2.0453150386777934,-0.001997183028181991,0.9676285081942283,0.6420604411228619,1.0671075443271043,0.26208725571632385,0.24597789347171783,175
64075000,lstm_global,supervised,CAMELS-BR,0.9768388992687789,0.9724964123235029,4.58182437161845,2.509258465563997,0.44520568498493196,-0.001197748033087389,0.9748643750274493,11.40125459861889,5.654853004498236,0.29428520798683167,0.28642094135284424,188
64082000,lstm_global,supervised,CAMELS-BR,0.9593240870904454,0.9688829421760609,8.489714188386714,5.650607859834712,1.0534546848935638,-0.0022784969007551975,0.9764136192584495,5.268579794450036,3.613874587807284,0.2921818494796753,0.2905726730823517,188
64095000,lstm_global,supervised,CAMELS-BR,0.8235585409760185,0.8645863934486879,4.158511934796552,2.224239090214605,-0.39640137699857086,-0.0006452794419411888,0.9003054231784243,13.50096651253152,23.111280528250905,0.3011544942855835,0.2728119194507599,184
64113000,lstm_global,supervised,CAMELS-BR,0.8995334924310411,0.9466860759555205,2.0541982503998066,1.1834391177968775,0.5823456360837503,-0.0012022427034842319,0.9837659319867431,3.254315576150486,3.766376123015033,0.31467923521995544,0.29344484210014343,188
64120000,lstm_global,supervised,CAMELS-BR,0.945588490318817,0.9629932873504485,2.573126272942741,1.731765001378161,-0.13426872701684467,-0.002322355766559689,0.975177687204771,2.9836866893007414,2.8891933327985853,0.2555789351463318,0.2405087798833847,188
64120100,lstm_global,supervised,CAMELS-BR,0.945623638194883,0.9548817459161052,2.755835078735132,1.8349574423850852,1.3441304459838108,0.001889957051676357,0.9639403839882745,3.950703648745043,4.560286726528585,0.3077773451805115,0.29608553647994995,188
64135000,lstm_global,supervised,CAMELS-BR,0.9296990441895016,0.8464116325022844,3.5972802833023554,1.5402896934454995,13.864688044170869,-0.008323621031527017,0.8493621695726851,9.767915086542388,18.04170455579776,1.0528781414031982,0.832213819026947,168
64185000,lstm_global,supervised,CAMELS-BR,0.8467532021774955,0.9122746028996703,1.654645709390605,0.95301620892116,1.775224781200116,-0.00036932933244807065,0.9603225600830245,5.512430262124856,2.7866441391193786,0.39015641808509827,0.34915482997894287,175
64190000,lstm_global,supervised,CAMELS-BR,0.890279671180059,0.9416367654537313,1.736347234617674,1.0719683094227568,1.8239594616056076,-0.0012866705730494588,0.9793119003471871,3.1555794931859773,3.2978470124866393,0.3655029833316803,0.36080536246299744,188
64191000,lstm_global,supervised,CAMELS-BR,0.9040060404329965,0.9218367432031414,1.022521498875999,0.607888115474156,0.8258501153229845,-0.002080967002557053,0.9379980884195627,3.253511198875861,2.274884259037275,0.3642096519470215,0.30638787150382996,175
64215080,lstm_global,supervised,CAMELS-BR,0.8308202500138542,0.9008834625690713,26.734413331810547,15.916867682274352,2.6829093271250866,-0.0005118081599497573,0.9455441874088991,32.836435409913676,8.741489466399903,0.10703477263450623,0.07744117826223373,188
64219080,lstm_global,supervised,CAMELS-BR,0.9732746585541997,0.953552958913762,21.117974724965144,12.692253721521256,0.9694372192867772,-0.0023591883001679217,0.9553249467822169,36.23897829840527,65.39125937384298,0.12067195028066635,0.10652367770671844,188
64220000,lstm_global,supervised,CAMELS-BR,0.8796025486053487,0.8981756952219276,47.331291600074714,24.608662382085274,1.4730993614082568,1.8863224265294742e-06,0.9186396188074759,95.84648580629775,159.3816895397566,0.23250289261341095,0.1801242232322693,188
64220050,lstm_global,supervised,CAMELS-BR,0.6124350181977904,0.7258714434667278,23.996401343594083,12.574130403234603,6.957377687844787,0.0009770790848759661,0.7515510895233223,72.33304984290234,54.5983642693647,0.15793174505233765,0.13448330760002136,188
64230500,lstm_global,supervised,CAMELS-BR,0.5955808472175352,0.6658842391835309,5.881789852860362,2.491776516208541,3.1520343611383694,-0.002320673700621941,0.7503210463134931,24.358718435547402,36.74387862296201,0.5757562518119812,0.4006579518318176,177
64231000,lstm_global,supervised,CAMELS-BR,0.7847662604280652,0.8178055975723194,11.812441170117884,5.342931502358208,0.7885524625118183,0.0037424520331786927,0.8568342137687157,45.07193524030984,83.82275206837882,0.35735630989074707,0.33483025431632996,179
64240000,lstm_global,supervised,CAMELS-BR,0.4793656134547203,0.6962818099983126,1.915541937820719,1.1103726974555423,4.521874297145292,-0.003131650290044575,0.8841218773887065,6.254225049189749,1.999384880065918,0.43223488330841064,0.2879699766635895,70
64242000,lstm_global,supervised,CAMELS-BR,0.46515891387297403,0.5768005577036567,15.554526511294887,7.211385772583332,3.936211716120881,-0.0010855945563283953,0.7141105405751241,58.13067347286063,96.444076090786,0.46275970339775085,0.35573533177375793,188
64245000,lstm_global,supervised,CAMELS-BR,0.8050132354985678,0.8992254738979242,14.938066041017857,7.540318377474521,1.2338287124905767,-0.0009168699298111125,0.9784582989424992,45.04248512649394,62.191699765003456,0.363171249628067,0.31177428364753723,188
64247000,lstm_global,supervised,CAMELS-BR,0.8332421724172718,0.8970675072267097,11.381051452525394,5.740609524701092,6.536859222989824,0.0003235008980660547,0.9342130782574025,43.40956883538025,21.263144813958476,0.4011608958244324,0.3514322340488434,185
64250000,lstm_global,supervised,CAMELS-BR,0.6980731135088294,0.7475226417890934,6.507381194011704,3.2940954654774766,1.6068453253617343,-0.0004575134138152838,0.8074481474487697,23.003957682005137,28.58113934889243,0.4506959021091461,0.40215903520584106,188
64250010,lstm_global,supervised,CAMELS-BR,0.6189923900804781,0.7765953194648416,5.853651638974689,2.866041624291058,13.10582716865788,-0.0007115039769543252,0.8682166854258933,18.34744398934106,34.4469704367545,0.556058406829834,0.4905092120170593,187
64270080,lstm_global,supervised,CAMELS-BR,0.9018728893360319,0.9370192577018372,38.15718892838781,18.03456959825881,3.6600447622713617,-0.0018444218327072336,0.959740378495288,83.37143621626825,90.06290389726075,0.16266386210918427,0.17105257511138916,188
64273000,lstm_global,supervised,CAMELS-BR,0.8683717725165272,0.8702356811738701,74.82603255650672,42.21481639780897,-1.7198510143147272,-0.00012300450903698912,0.8886194759322604,161.84671308294523,95.01583523677841,0.23439201712608337,0.19193057715892792,188
64275000,lstm_global,supervised,CAMELS-BR,0.7545134958873185,0.8188662550300536,86.7725128350744,56.52434750820728,7.489720025336536,-0.0029041745535586146,0.8675646390648207,201.76799549582773,312.88137784920167,0.37957584857940674,0.2669859528541565,188
64278080,lstm_global,supervised,CAMELS-BR,0.6790010479327357,0.7691679741550216,72.22087593248325,43.32543742403071,1.8624830845979723,-0.001941403577692461,0.842445995644377,170.44951627732513,369.006192993063,0.17337054014205933,0.09610062837600708,188
64280000,lstm_global,supervised,CAMELS-BR,0.9509585920493996,0.9377153818395907,48.687622438613964,35.95264248137779,-0.7511530150677764,-0.0016288277499334012,0.9425345745145284,96.5138031331588,64.05502442524767,0.20559769868850708,0.20301540195941925,188
64315000,lstm_global,supervised,CAMELS-BR,0.7148450661197783,0.7980690192251463,8.123961476380815,4.478463214740419,4.0633055833904805,-0.001149895806153654,0.8657447996666728,26.006742423549877,52.316737269678974,0.3383335769176483,0.2889796495437622,171
64320000,lstm_global,supervised,CAMELS-BR,0.9383608295704506,0.9506217644257041,5.927591927188904,3.8188309872404056,0.5831229479411913,-0.001635824550647591,0.9613319548927725,15.677081770153714,21.411823747037293,0.23498845100402832,0.21346379816532135,188
64320010,lstm_global,supervised,CAMELS-BR,0.8801012847440967,0.8410060783152928,6.323522245405765,3.5855064974486375,-0.2492009530598076,-0.0005320208972452792,0.8513756622221165,22.468379818147223,25.081959219906583,0.3055464029312134,0.28290697932243347,131
64323000,lstm_global,supervised,CAMELS-BR,0.9044366884943127,0.9023847187748525,8.241546031797972,4.464847016841807,-1.1340200409719345,-0.0013337887265612025,0.9146280833323301,23.6011612408868,37.4515222766367,0.23130951821804047,0.20693503320217133,188
64327000,lstm_global,supervised,CAMELS-BR,0.7191558710642796,0.8540177847622685,2.5086214553994517,1.3072507666504902,5.903806772799947,0.0013547863869856807,0.9274185636973564,8.024223506238936,15.399786783387166,0.30100351572036743,0.32152095437049866,184
64328000,lstm_global,supervised,CAMELS-BR,0.9097711548030966,0.9462155592887123,6.289695286223708,3.4883308715008674,0.20382659863283978,-2.1050538441877778e-05,0.9717585834330528,18.646858428084606,30.092955616956782,0.2999097406864166,0.2834944427013397,188
64328050,lstm_global,supervised,CAMELS-BR,0.9461576048577289,0.9040005765593037,3.3102381202057094,2.1296125793457032,1.9413420899139433,-0.0005222467295325477,0.9065020080241156,9.244417051425783,16.420579878434392,0.3147253692150116,0.2801252007484436,125
64332080,lstm_global,supervised,CAMELS-BR,0.8001420031431339,0.8358694141519418,56.77949199656614,26.932418739860825,3.656827462052279,0.0008584275789436163,0.8717958373946859,204.70020438830423,410.11949037669666,0.2066367268562317,0.19150656461715698,183
64333000,lstm_global,supervised,CAMELS-BR,0.9063311335321148,0.9497838703912207,1.3402160281870796,0.7226927331153382,1.4867985150248109,0.00042442063483819417,0.9805477600305423,3.278421086760006,2.8239849162608537,0.23756013810634613,0.23388588428497314,188
64334000,lstm_global,supervised,CAMELS-BR,0.7118408803504135,0.8251575328702072,3.94825807465154,3.0575432147136135,6.609764008178444,-0.00012129821863324577,0.895717564015863,4.171954998905778,3.9530326519089196,0.35373684763908386,0.26894882321357727,179
64335100,lstm_global,supervised,CAMELS-BR,0.8694342406902069,0.8809367319797194,91.02807024028795,69.08446591965695,2.170391921839082,-0.0031586052793237864,0.9010006964157118,133.9816849124028,170.74917408325322,0.27017536759376526,0.191859170794487,188
64344000,lstm_global,supervised,CAMELS-BR,0.8737245726604206,0.9019875141799605,0.47716610776494583,0.26117535178542983,3.9301735720978512,-0.0012041832731627565,0.9219936337187457,1.5870265261278764,2.540772936625227,0.1935098022222519,0.19634419679641724,141
64345000,lstm_global,supervised,CAMELS-BR,0.9252890162131046,0.8976308382519342,1.5563613550231306,0.6562260942086161,-0.18822150830979226,-0.0009146073593760528,0.9035290731099637,5.137273089569081,9.495924993583337,0.1549489051103592,0.15252123773097992,179
64345075,lstm_global,supervised,CAMELS-BR,0.8900549663778587,0.9024784977606253,71.02136191228078,46.99558814028476,3.398356717306567,-0.0029856547435547637,0.917674823831301,186.54823735250224,336.8083319423357,0.1827574372291565,0.1425154060125351,188
64345080,lstm_global,supervised,CAMELS-BR,0.8845968578514743,0.8995395367839053,78.80155745720845,51.654594096731635,3.2997081096949223,-0.0022935760701349346,0.9160370693754544,227.47877909176037,389.28203907257955,0.1889432966709137,0.14930863678455353,188
64346000,lstm_global,supervised,CAMELS-BR,0.7967615717532378,0.8822349544905281,0.9562178916732442,0.39723204551859104,-0.3577893135778753,0.00039897334332596526,0.9478894333978097,3.596591765745155,5.527784634875784,0.11906123906373978,0.10800473392009735,188
64360000,lstm_global,supervised,CAMELS-BR,0.6383800490082506,0.7503062813261125,13.53347732665492,5.712417434243595,3.031412527110917,-0.003500905845121135,0.8452420203749902,52.85268305098234,100.23632035578567,0.49107396602630615,0.387723833322525,170
64362000,lstm_global,supervised,CAMELS-BR,0.8180750686673708,0.7725472348331587,30.069304188020567,13.171930977638732,-2.1566840711887827,-0.0011804976886839562,0.7878790479048018,109.24863785601231,188.92394870364143,0.7754681706428528,0.613803505897522,188
64365850,lstm_global,supervised,CAMELS-BR,0.32921896107311355,0.5323247849076094,0.8830675795913846,0.3060578914319581,23.35500438941063,-0.0030678415367498477,0.5666101458401056,3.610841375956363,2.6110530389204345,0.850959062576294,0.6878182291984558,188
64370000,lstm_global,supervised,CAMELS-BR,0.7286616924424114,0.6867425019092693,31.90296981634301,13.421905568305482,-4.258846075857511,-0.0022146968645250266,0.7158935830698239,126.25907860306667,187.47200878325498,0.5737940073013306,0.4099615812301636,188
64380000,lstm_global,supervised,CAMELS-BR,0.8053676240336056,0.899319170964865,8.253249904500484,3.809176686596363,2.317030704288013,-0.004088852039424266,0.9752426901821888,30.317205667601193,24.403266815012266,0.7011363506317139,0.6476513147354126,188
64382000,lstm_global,supervised,CAMELS-BR,0.8971685519249321,0.8498155166625598,34.20709703972149,13.681840622678717,-5.530705398685085,-0.0020232592854980483,0.856395418613612,134.00325359582268,172.0764106753735,0.8860811591148376,0.7596933245658875,188
64385000,lstm_global,supervised,CAMELS-BR,0.8175055528758643,0.9025051584045447,15.349546963795246,4.301895034846975,2.031841410516254,-0.005735633494980652,0.970071663274457,64.03777501444264,113.37801311174044,0.7095600366592407,0.6817213892936707,134
64390000,lstm_global,supervised,CAMELS-BR,0.48405534729271793,0.5035725879450135,45.777513759568095,16.049705633183116,-10.446007433023583,-0.0030068571684369813,0.5978762766384613,186.47561515367283,352.4218444824219,0.6941617131233215,0.4763590097427368,97
64391000,lstm_global,supervised,CAMELS-BR,0.8821049205153858,0.8948258705006834,32.30379198696959,16.74254513616147,-2.4710421701135337,-0.0023720812539707765,0.9134743378321235,66.39901111401805,49.51207797472239,0.5241307616233826,0.40885061025619507,115
64395000,lstm_global,supervised,CAMELS-BR,0.8090355682759528,0.8988867529944401,2.451111397719912,0.9415500112201857,2.2356118608114324,-0.00025360238186333817,0.9669308889428593,7.29281733670165,2.5206438441017838,0.17137101292610168,0.16885337233543396,184
64429000,lstm_global,supervised,CAMELS-BR,0.7312769123805121,0.7361282339184787,0.41990173756360716,0.20112542661422111,-4.917662731469147,-0.007569004085201513,0.7764443016999311,1.2058482804309163,2.3724369421273273,0.7111560702323914,0.5231696963310242,188
64430200,lstm_global,supervised,CAMELS-BR,0.6759109648791388,0.7907891407844658,4.330724294845174,2.3336803052514634,12.761661724196973,4.693729305293298e-05,0.8411838835577654,12.16684601516152,10.190286900912104,0.6307606101036072,0.5640178322792053,187
64440000,lstm_global,supervised,CAMELS-BR,0.8699607999708628,0.9285441635686892,6.902384992513174,3.2547698464799435,0.23319327129010667,-0.00313807502966703,0.9732055689695451,25.026473631309038,37.52697677823384,0.5219946503639221,0.5085424780845642,188
64441020,lstm_global,supervised,CAMELS-BR,0.7752986214037692,0.7554860461805641,2.0342603742137917,0.961630812713078,8.098132256796244,0.0003279077385787074,0.7569011508272491,5.841842745575493,9.744117736816406,0.6553403735160828,0.7187934517860413,28
64442800,lstm_global,supervised,CAMELS-BR,0.9769834480405496,0.9528135697438639,3.137870582528461,1.865960718469417,1.751072506891439,-0.0018670829637450342,0.9539927571378828,8.8274486277224,16.674849845455412,0.48212823271751404,0.4636586010456085,188
64447000,lstm_global,supervised,CAMELS-BR,0.9928733971560696,0.9740310302653736,9.5446943451711,6.610338961824458,0.8147709333506188,-0.0009161437908097002,0.9742316894187386,22.716817407167873,25.96903901037602,0.3040230870246887,0.2922383248806,188
64450002,lstm_global,supervised,CAMELS-BR,0.8679341384795654,0.7037610436575934,3.2910696444327208,0.6004985413461361,-2.11019151667607,0.00045416878407912586,0.7038863077118225,13.710666006157414,23.743724045753332,0.32816049456596375,0.2509469985961914,106
64453000,lstm_global,supervised,CAMELS-BR,0.949279244044831,0.9674869100152583,2.54748644514912,1.2956759665833144,1.824052799985284,-3.94950336886947e-05,0.9791419533961535,3.297020338587413,2.4216914482918126,0.2536337077617645,0.2509695887565613,183
64460000,lstm_global,supervised,CAMELS-BR,0.719400819112018,0.7920290543742214,10.32690198747705,3.7200935383637748,-9.02530358098317,-0.0012304020307538077,0.8528502432456873,38.51082487359302,63.29181275449551,0.601815402507782,0.5512688159942627,168
64465000,lstm_global,supervised,CAMELS-BR,0.9252331466476091,0.9086237749934031,40.655768427874555,15.906259891834665,-2.003853249318193,-0.0011732794257444945,0.9163381150623757,135.64602202203358,50.988798684478745,0.3744560480117798,0.3469366729259491,188
64475000,lstm_global,supervised,CAMELS-BR,0.983420774973821,0.9623244939390792,2.1221825289647738,1.3748248853582017,1.4283755108190823,0.0007930226181658423,0.9630498386291055,5.863136268625193,7.647356881536291,0.4860999286174774,0.4730018973350525,188
64476000,lstm_global,supervised,CAMELS-BR,0.9758213651442931,0.9584176311479807,2.96229291904427,1.705171014629515,0.8049926272823389,-0.0013324449322453247,0.9600135341831012,9.24392776491957,7.026673669781807,0.4779665768146515,0.4654204249382019,177
64477020,lstm_global,supervised,CAMELS-BR,0.8552058488964471,0.8860774737420392,1.3593556699534182,0.7137114931928351,-0.38861195999274956,-0.0012933026311975453,0.9139822193255797,2.432287419054516,4.0776501594853585,0.5485059022903442,0.4715697467327118,188
64477600,lstm_global,supervised,CAMELS-BR,0.9763552527220449,0.949101689252034,6.117201957048423,3.3284887252969946,0.4183995762551338,0.0005493296916821225,0.950169376554544,17.25458482293756,32.27896576926569,0.4807884395122528,0.4648849368095398,188
64480000,lstm_global,supervised,CAMELS-BR,0.9760964157828104,0.9426702949781747,3.4330030354698224,2.0882306720348116,-0.5753579642971115,0.00034219832798748975,0.9436544752344858,10.558725185707228,16.517813394896187,0.39550039172172546,0.3896905183792114,188
64482000,lstm_global,supervised,CAMELS-BR,0.9263520536664921,0.9601478044567523,57.20958028728077,25.85008004132439,0.20851425044704722,-0.0013173865326441894,0.9855990355162159,108.98802671272789,138.96343854551586,0.3512023687362671,0.3348657786846161,136
64491000,lstm_global,supervised,CAMELS-BR,0.8452335008278532,0.8617169386715544,29.983386620455732,14.203741233442083,4.304062316305124,-0.0005307810603887436,0.8789958671234616,114.67558722003393,239.7825464600726,0.24225778877735138,0.20867247879505157,179
64491260,lstm_global,supervised,CAMELS-BR,0.5746314648539341,0.6909284725564401,5.03315187491344,2.450994766184262,21.863148161109322,-0.00144350390084131,0.7748805868963763,19.262853266991012,28.6019034275569,0.7424370646476746,0.5421134233474731,182
64497000,lstm_global,supervised,CAMELS-BR,0.863902489189587,0.9165350178806242,3.6515804003586285,1.6778159239138777,1.4983534345484564,-0.0011856561379564312,0.953771955794426,10.175015328379887,18.89922249519175,0.28637003898620605,0.2831436097621918,171
64498550,lstm_global,supervised,CAMELS-BR,0.853535484607134,0.9076632332341237,99.88159064480985,38.15334779125149,2.6590744851825727,-0.003062935564945357,0.9436611243305012,360.23489230553895,729.1507271104043,0.42047974467277527,0.3771226406097412,177
64500000,lstm_global,supervised,CAMELS-BR,0.45201272071787757,0.45235374180433896,4.484940746697101,1.6079616774648628,46.5214109240211,0.0006994851299456433,0.5149007720000582,17.3299184889751,24.683580763259805,0.8407421708106995,0.7831680178642273,149
64501000,lstm_global,supervised,CAMELS-BR,0.9469906933957344,0.9371988819718308,57.55672897577791,40.36305929752106,5.047504735393022,-0.0027693280403658753,0.9424270932192204,105.21846758258371,66.52419138048339,0.3072705864906311,0.2897155284881592,188
64501950,lstm_global,supervised,CAMELS-BR,0.39308835523946595,0.5342175054646366,8.496068529339379,3.2494378880314203,-1.1044049964942424,-0.0031105950918057512,0.7115868120375928,29.95842427660585,64.97097147178894,0.5323293209075928,0.4119882881641388,184
64502000,lstm_global,supervised,CAMELS-BR,0.8822074549658088,0.8110846716655706,3.1259413871939135,2.4873993184831407,17.027293817713417,-0.0020291521449439485,0.8128963174756433,6.571718889761228,8.194419860839844,0.34175461530685425,0.3051382899284363,90
64504100,lstm_global,supervised,CAMELS-BR,0.6285798963335948,0.7946893564011676,0.09939082284486728,0.06250064954795737,4.655369598435304,-0.0001148664116593888,0.9187857876987228,0.2788664699816784,0.4310483592605793,0.23820890486240387,0.18784406781196594,188
64504210,lstm_global,supervised,CAMELS-BR,0.9527434432633619,0.9220237161477536,57.51630407008131,32.19349773893965,3.9010500268439765,-0.001065044570271137,0.9240675004792408,163.55915774569783,157.95970533422823,0.35291585326194763,0.3517838716506958,188
64504450,lstm_global,supervised,CAMELS-BR,0.8193027777147226,0.7056569569987966,1.7469272938080642,1.1348252657481601,28.595747666787684,-0.0003729036468576837,0.7114268519207765,4.286655954241452,7.199541484777221,0.30357372760772705,0.28414395451545715,175
64504500,lstm_global,supervised,CAMELS-BR,0.7716956573286822,0.8133719762158669,2.645978326877443,1.3342206528846254,3.0042014594993947,-0.00035625223574529616,0.8563425130642419,8.21019757131602,12.382838001493502,0.2118213027715683,0.17731206119060516,188
64504550,lstm_global,supervised,CAMELS-BR,0.4822420986801226,0.44130301495661317,4.171071406530731,1.2854241006649458,-3.518189673742309,0.001290583130298506,0.4782049619676191,16.65117955804258,28.025551035382712,0.45603811740875244,0.27943524718284607,104
64504581,lstm_global,supervised,CAMELS-BR,0.9270171852439004,0.9405939809257869,0.09806915074336013,0.05910510044883598,5.002972182772814,-0.0013433106571496627,0.9499139584525547,0.21807346921721166,0.2981779942848449,0.19377851486206055,0.1788451075553894,176
64504591,lstm_global,supervised,CAMELS-BR,0.2526680401510373,0.3526941041894036,1.0954603467622488,0.3696848268018049,1.0959591046462525,0.0015740448769252851,0.5400907476045176,4.2760033160203825,8.46884403216544,0.2884848117828369,0.21962261199951172,136
64504700,lstm_global,supervised,CAMELS-BR,0.9306725476792249,0.9411174627432899,125.46526989091895,42.685064924524184,1.1432057149980963,0.0005211370549634657,0.946865343484264,499.430415105004,892.1322940182417,0.3717217743396759,0.3581649661064148,188
64506000,lstm_global,supervised,CAMELS-BR,0.6824786822411406,0.7220769653322365,167.53413675970404,63.72248714528185,0.967988214409269,0.0002291481284380087,0.7814122666616286,682.5998887234196,1344.05184472062,0.3374668061733246,0.22865186631679535,188
64507000,lstm_global,supervised,CAMELS-BR,0.7632578314794775,0.8032501829247183,162.44523258218322,65.75792182760036,-3.005267585963027,-0.0005554078870929988,0.848020510025946,566.1192009550441,154.43602047788136,0.38905197381973267,0.34330815076828003,188
64507100,lstm_global,supervised,CAMELS-BR,0.6347846247232747,0.7088360639834266,1.0803639118132962,0.46471611158115655,-1.0017891555129341,0.0004541739583692351,0.7904346158831268,3.6952059600510148,5.749570666670087,0.48741161823272705,0.38698285818099976,127
64508020,lstm_global,supervised,CAMELS-BR,0.701215745869884,0.6380532436938392,14.827109688246331,4.752039468034785,-5.679723103152111,-0.0017256983339642498,0.6596946610776792,57.87949217802109,118.57540379953402,0.5345215201377869,0.3957909345626831,188
64508500,lstm_global,supervised,CAMELS-BR,0.732081247837016,0.7353003615667808,6.066394614193293,2.9496834787139057,3.393704147570316,-0.004506711425370225,0.7730982044741773,22.95077167247767,39.22240596955703,0.4649322032928467,0.32909855246543884,137
64515000,lstm_global,supervised,CAMELS-BR,0.9656907676200494,0.9158434792343524,253.0109862762777,120.71156733086768,-1.9157320739611488,-0.002760894869623245,0.9171179610009106,732.1509018539818,850.9879718616461,0.31160372495651245,0.29108813405036926,188
64515920,lstm_global,supervised,CAMELS-BR,0.02741597687108044,0.16934770386656317,4.484945924438359,1.878191229842958,11.377861507219336,-0.0016090090616617146,0.45468784265757045,17.25504013965526,37.885602951049805,0.2633970379829407,0.16366718709468842,84
64516080,lstm_global,supervised,CAMELS-BR,0.758370023868097,0.7503642444621481,312.31083295440635,156.16876415496176,-0.12993001272592408,0.0013573359897292225,0.7829354585930455,1171.6851697275852,2291.375940430401,0.20604029297828674,0.14341378211975098,188
64517000,lstm_global,supervised,CAMELS-BR,0.9172633029070663,0.940531207788286,408.96987574083175,204.05634551352642,3.7977956754847195,-0.0018231809030756201,0.9568906544341773,413.74794594004175,636.3226461239519,0.2969806492328644,0.3068915009498596,188
64529900,lstm_global,supervised,CAMELS-BR,0.8747149778708974,0.9185806827036542,0.24726839538299675,0.08542060458825694,3.478468914087676,-0.003488532500559728,0.9482793356901433,0.46249143451965197,0.8300603806761212,0.1294948160648346,0.11234823614358902,144
64530000,lstm_global,supervised,CAMELS-BR,-0.11696295417708891,-0.06486645079058007,0.14462655855031903,0.054372283348015374,1.3765789861335511,0.0008345917476400684,0.43469111276899874,0.4159361251176326,1.1545868213037398,0.222222238779068,0.09639541804790497,175
64535080,lstm_global,supervised,CAMELS-BR,0.8113568059300608,0.8618890792663736,144.63384567328936,97.85633221794578,4.444447287400558,-0.0003113479059200508,0.8993764123274234,164.4256633681725,123.69471719536892,0.198952779173851,0.1491483896970749,187
64541000,lstm_global,supervised,CAMELS-BR,0.18538293744337442,0.16205804865050155,17.261066790429762,5.352857223625391,-3.425995771642079,-0.001924939120256923,0.34190784439569033,70.86135921661149,151.76334956906965,0.581063449382782,0.3368050158023834,183
64543000,lstm_global,supervised,CAMELS-BR,0.67214818666687,0.6760724183374365,21.62148197791419,11.229369855963666,-4.362184829406565,-0.001602478432417894,0.7247566537668443,70.93120169022602,73.8107153248877,0.38905033469200134,0.2658587396144867,115
64544000,lstm_global,supervised,CAMELS-BR,0.5231008438873982,0.7310716559989507,0.2010555402862198,0.12480916693268052,17.721152927602397,-0.0046079450099335405,0.7856994866355238,0.18298335236790517,0.12008428573608398,0.25928109884262085,0.2182205617427826,83
64545700,lstm_global,supervised,CAMELS-BR,0.9330238521046257,0.9098339856607455,0.3372823116712995,0.1444638433989945,4.061965906440272,0.000580027513636264,0.9153243225158219,1.1573752470608962,1.3245230671677775,0.4238482117652893,0.3836255669593811,143
64546900,lstm_global,supervised,CAMELS-BR,0.3853843193441836,0.558899246617077,5.111002440947314,2.3718960687015835,2.302943134216987,-0.00014761029197804271,0.7510604293526321,19.08312817628302,30.996568453757572,0.212728351354599,0.12326444685459137,178
64550000,lstm_global,supervised,CAMELS-BR,0.8802546060681933,0.8618747888788885,14.94200992302796,7.4655839184809,3.529297023258757,0.00019847648739667201,0.8717653290408633,50.504557527751004,94.11056749282751,0.21878619492053986,0.21170464158058167,179
64560000,lstm_global,supervised,CAMELS-BR,0.5341472106912368,0.6493911506109673,16.341683851588762,7.547954721653715,4.238322061262337,0.0015422162281745096,0.7610249976801885,61.68796505095618,114.72319990565578,0.2446717917919159,0.18818701803684235,188
64562000,lstm_global,supervised,CAMELS-BR,0.880781061057061,0.9025926265437748,1.2091105611240678,0.8835939522627946,3.0734727993706366,-6.218919322007951e-05,0.919795722916142,2.7265218385073138,3.443382379186892,0.2128036469221115,0.19603514671325684,182
64571080,lstm_global,supervised,CAMELS-BR,0.7647081779828845,0.8447795424079311,156.83813208679405,104.42508103175716,3.813667846077916,-0.001532869495494871,0.9017083046473415,265.5812143935757,319.53511465954466,0.19899727404117584,0.1463959962129593,181
64575000,lstm_global,supervised,CAMELS-BR,0.8885682476317088,0.9042489299427564,528.7498170470337,389.14557634320175,1.135914632913944,-0.0015328565896959366,0.92121381330992,1067.2774305642295,1549.6114991696845,0.11023052036762238,0.08848264813423157,114
64575003,lstm_global,supervised,CAMELS-BR,0.9234077680020495,0.9452876358000732,554.5721484079404,372.51318624745244,4.084690845111276,0.00023651254022207923,0.9554767520029204,781.1284338838548,397.15453640271494,0.12867368757724762,0.1359003186225891,184
64601000,lstm_global,supervised,CAMELS-BR,0.9171490419310547,0.9054070104159428,6.9005116782362155,3.0209506826197847,-0.021036046862070976,-0.0008717603264621794,0.9146074332197794,26.406211486712213,5.370214264660891,0.2888142466545105,0.24556347727775574,188
64605000,lstm_global,supervised,CAMELS-BR,0.8069791340181198,0.8978306768163576,12.675960327310182,6.715991842335668,4.550466093772986,-0.0005785439156429165,0.9356666606355433,8.76199781927692,14.362380981445312,0.26492437720298767,0.2510969638824463,58
64608000,lstm_global,supervised,CAMELS-BR,0.7336666645051491,0.8149479259437695,6.852935378798923,2.5069859839500266,1.9625159244461952,0.00022012614007187008,0.8787878337420939,17.98418862649399,36.61038758344093,0.3235190510749817,0.315907746553421,188
64609000,lstm_global,supervised,CAMELS-BR,0.9101914624177936,0.8967255709791148,10.386090778896813,6.0375868178702685,2.4830646149087485,0.00023237861657182841,0.9063104367988444,28.447594840047064,26.88966225367344,0.27106839418411255,0.22671984136104584,148
64610000,lstm_global,supervised,CAMELS-BR,0.9382275171296646,0.9351120219941993,9.83802382974649,6.028186047171045,1.8428107498932385,0.0012837023589083833,0.9423266344866967,28.814379425017535,49.80569896807497,0.22688934206962585,0.20669607818126678,127
64611000,lstm_global,supervised,CAMELS-BR,,,9.143417358398438,9.143417358398438,9.423871581087871,,,9.143417358398438,9.143417358398438,,,1
64613000,lstm_global,supervised,CAMELS-BR,0.8879607653638851,0.9194789791080236,8.795034107872327,4.182887481606525,-1.6512811092859554,-0.0017645752072696988,0.942793197459098,28.960890667034985,10.335127122006869,0.4311445355415344,0.3848433196544647,184
64613800,lstm_global,supervised,CAMELS-BR,0.8630710854407855,0.8131664916737251,10.046431186051827,4.672348123915652,-1.0219560602952862,-0.0018188780591002745,0.8231463370550193,38.28680749035667,69.58886898979792,0.28016605973243713,0.22878912091255188,188
64614000,lstm_global,supervised,CAMELS-BR,0.9945502015541869,0.9858921866631689,13.109703886833412,10.291581115722657,0.877285778390155,-0.00012059426290227451,0.9861216739295575,12.747124169833613,10.449968896214525,0.20161885023117065,0.19861061871051788,150
64617000,lstm_global,supervised,CAMELS-BR,0.9875469971504376,0.9844779196999709,22.622646880216926,14.424792918753116,0.7484524678480625,0.00010935286595410189,0.9857159391313904,25.46288111359469,50.67549604377023,0.22025203704833984,0.20960131287574768,188
64618000,lstm_global,supervised,CAMELS-BR,0.7694046050955043,0.8325216333314218,2.278406572197706,1.0545837938785554,-0.8867050923941782,-0.0006178335350118499,0.8850017326821351,7.911733141362568,13.211992425551237,0.15504090487957,0.14182806015014648,160
64619950,lstm_global,supervised,CAMELS-BR,0.8145850439666311,0.7749692968386437,22.484829575079495,7.388946800789935,-6.292820164735144,0.00122408316815497,0.7912600492257145,92.6394291746398,145.86270955450283,0.9866729974746704,0.8174459338188171,188
64620000,lstm_global,supervised,CAMELS-BR,0.8802950647347183,0.8867463549005288,10.103768498297622,4.405889625879044,-0.5657129078198257,-0.0019959009843192946,0.9043845272086877,37.0052276485711,10.832010927752581,0.8067743182182312,0.7238220572471619,188
64625000,lstm_global,supervised,CAMELS-BR,0.6336986880778848,0.8178244310014611,58.89002093708158,21.100235091879014,-0.613262769584595,-0.0007107180872756441,0.9129666557189803,231.89428877765684,293.36792615830507,0.8300270438194275,0.720089316368103,188
64630000,lstm_global,supervised,CAMELS-BR,0.7816774848849138,0.7753104342187678,10.147558427945858,5.307080486364532,-2.8699450059971428,-0.0017179053700034155,0.8020567258849816,29.606671449527163,45.83257293701172,0.7220298051834106,0.5437180399894714,57
64630100,lstm_global,supervised,CAMELS-BR,0.7022664312077764,0.8062566727160271,4.391707609156497,2.4749606901040955,8.931467917698598,-0.004682904789556502,0.881774330745283,14.809394222595676,24.9992594090128,0.5505764484405518,0.43503159284591675,179
64630500,lstm_global,supervised,CAMELS-BR,0.6765511354880721,0.7317979882568644,251.54696526519348,92.51306842822213,-9.497067543493117,-0.00278592720107685,0.7965229238894473,948.1322079790223,1626.693931531995,0.739986777305603,0.7183036804199219,182
64634000,lstm_global,supervised,CAMELS-BR,0.7957667735076605,0.8139731058469135,0.2630363550293048,0.11718685981450659,2.4267597609589298,-0.0025839649611571897,0.8464158199857547,0.9209640164386619,1.8056665658950806,0.5371935963630676,0.38554030656814575,66
64637000,lstm_global,supervised,CAMELS-BR,0.7596777239114096,0.753148843272591,2.011218177546141,0.6970266401767731,0.9703010522992925,-0.0009921520695827003,0.7790091198390853,7.729242308570753,15.64324553751584,0.35794520378112793,0.28903740644454956,184
64640000,lstm_global,supervised,CAMELS-BR,0.8922424929608195,0.9351951720208034,40.54245012826119,17.316657870841425,-0.5094361269879645,4.2731093987290886e-05,0.9636911416800975,156.08377284374285,143.45727201864867,0.4790872633457184,0.4297708570957184,179
64645000,lstm_global,supervised,CAMELS-BR,0.934765785260454,0.9318966650251344,59.74342618793634,26.95405307300588,4.899264526332349,-0.00029026799029985284,0.938503950984987,216.4554663234614,220.95846471890533,0.689129114151001,0.7032785415649414,187
64652000,lstm_global,supervised,CAMELS-BR,0.5954280772198933,0.5787676223235839,73.90992221726695,23.64437857008817,-10.898343562137278,-0.0033544566138821834,0.6359357525479278,303.9957346645214,390.9181827762248,0.9816211462020874,0.734779953956604,171
64655000,lstm_global,supervised,CAMELS-BR,0.8411602811028991,0.9008839233230915,144.53574771267594,57.969086881365094,-0.8126584665754719,-0.0017345725502506404,0.9395215307899017,545.6820348533304,692.4224890125811,0.75962233543396,0.6679261326789856,175
64659000,lstm_global,supervised,CAMELS-BR,0.5899342244098563,0.5177597414421462,107.8220457158365,29.816055952178107,-16.756088126906974,-0.0058072528185196155,0.5582966258688018,459.2313132111407,832.1235436657905,0.9976158738136292,0.7552047967910767,180
64660500,lstm_global,supervised,CAMELS-BR,0.8786666300482245,0.9247946656751418,147.18529841083293,58.39153807213966,3.5521621409010073,-0.003680855399499725,0.9438424218298692,543.1564183207596,913.8308750009948,0.7126933932304382,0.6537855267524719,188
64670012,lstm_global,supervised,CAMELS-BR,0.8711777898752308,0.9315533055540098,2.8107191830773957,1.132965224811009,0.9478766024642711,0.0013022424271660754,0.9794288891447231,5.118159790377335,2.3036841925981997,0.21539613604545593,0.19285742938518524,175
64671000,lstm_global,supervised,CAMELS-BR,0.9187630687633975,0.946428196788211,4.2399922662511385,2.176045117554841,3.567154677642848,-0.0016365846780227351,0.9626040002828395,11.900970543551253,14.528306486985324,0.2446373701095581,0.25677844882011414,162
64671950,lstm_global,supervised,CAMELS-BR,0.6804014972076775,0.7152947330766505,0.37360429006115725,0.13378408669245126,2.830561707766614,-0.001384374449105833,0.7725221133648041,1.4551831972802163,2.3911968116794373,0.281910240650177,0.18793214857578278,101
64673000,lstm_global,supervised,CAMELS-BR,0.5179197005417303,0.5007741974126506,38.55933619279857,8.591641111576811,-7.426580740859765,0.0017420097735583763,0.5610431061430072,164.87856064213696,359.3380313195425,0.5405827760696411,0.40122881531715393,188
64675002,lstm_global,supervised,CAMELS-BR,0.7338372139858959,0.753007044599577,265.6482866340381,75.10389853538351,-1.9256146421554223,-0.002115376555462206,0.7967426608708831,1105.8411741416683,2334.95440371139,0.6685745716094971,0.5731908679008484,188
64675800,lstm_global,supervised,CAMELS-BR,0.9060976022304995,0.9289063762084528,0.022414024122881022,0.011891252836806978,3.5001634212464707,-0.0011160435635348565,0.9442592720606514,0.03571798265329006,0.08213122934473632,0.0807228833436966,0.08946047723293304,188
64680000,lstm_global,supervised,CAMELS-BR,0.6971156769781124,0.8064722433427962,4.45233502196333,2.084340618502709,3.8525867044057787,-0.000492944525444421,0.8819856611089664,15.212425419343965,28.56194611563527,0.3089582920074463,0.2367171347141266,186
64682000,lstm_global,supervised,CAMELS-BR,0.8330382317703029,0.9123639199841099,1.601121668742365,1.0391353419486513,2.872878953563514,-0.0011517220164679225,0.9579498581607149,2.025518962756167,3.1848431924134353,0.2196170836687088,0.1920340359210968,188
64685000,lstm_global,supervised,CAMELS-BR,0.9348619495356721,0.949987408135329,147.79219775016716,69.59291206522191,1.9545458149713013,-0.000956016930790584,0.9598668113403716,495.1942694852494,530.8883422228826,0.5520313382148743,0.5767955183982849,188
64689000,lstm_global,supervised,CAMELS-BR,0.9697200476476254,0.9832970143479628,97.62499879387971,53.9499498155382,0.6548576098932353,0.0006301925126003076,0.9903553760488955,297.81698816707296,239.19671288818674,0.4377700686454773,0.4251132011413574,180
64689005,lstm_global,supervised,CAMELS-BR,0.9127968942313898,0.91694653768413,117.66328861939049,60.884299420295875,-0.7395707688379038,-0.003108928412006993,0.9290603108069894,370.05985979161204,467.31928314250456,0.47553715109825134,0.4369644522666931,188
64689800,lstm_global,supervised,CAMELS-BR,0.8636634270524313,0.8943988500515038,0.05597151733549782,0.030655824806955126,3.0280975987240413,1.641715180293081e-05,0.9076396719353449,0.09651803721301973,0.2778144191442491,0.10299593955278397,0.11630372703075409,180
64690000,lstm_global,supervised,CAMELS-BR,0.8353264412724425,0.8696521614060908,183.38211944776253,72.0007536056194,-1.4431175176936915,0.0008343447869697835,0.8997841457119319,707.9234982457272,854.9033794305556,0.44307568669319153,0.39742910861968994,188
64690200,lstm_global,supervised,CAMELS-BR,0.9028876145965934,0.9029976359369147,0.05142854554842102,0.03254609862407604,-3.214193302537733,-0.0009635857919666688,0.9140867859643081,0.10089695674207817,0.12776504771198044,0.08668728917837143,0.10691807419061661,143
64691040,lstm_global,supervised,CAMELS-BR,0.004039983162594352,-0.25866855819423007,0.4806125394090986,0.08732757717370987,-7.6886425700634495,-0.0018545774987354128,-0.09916261197325227,1.2514362009634477,4.678630918264389,0.40147602558135986,0.12815751135349274,96
64693000,lstm_global,supervised,CAMELS-BR,0.9497183953554428,0.9452914312040834,122.28456108870374,55.89736005093189,1.9907771304277853,0.00012150401857231527,0.9504285675562449,432.25727084087526,813.299832301911,0.4933909475803375,0.4825074374675751,188
64700000,lstm_global,supervised,CAMELS-BR,0.8454080946557975,0.8557487202290492,4.411139889267882,2.0197967500177048,-0.5580314640285672,-0.00010130561825421984,0.879203854448276,16.872597548304054,29.927122199168274,0.1897716522216797,0.13531769812107086,131
64702000,lstm_global,supervised,CAMELS-BR,0.9226744371738064,0.9144842171978366,14.48937816273881,7.431688186970163,-1.4437055346044487,-8.810677996065781e-05,0.9234226612892045,36.32719874737263,36.76985520273641,0.23845167458057404,0.22969132661819458,188
64715001,lstm_global,supervised,CAMELS-BR,0.848523146659617,0.8595418768625573,23.02224144925955,12.450032295064723,-0.6418126494176136,-0.0010597743542015235,0.8829718878806737,70.08055822852815,97.48029877469037,0.1817227005958557,0.16482841968536377,188
64717000,lstm_global,supervised,CAMELS-BR,0.97639245297071,0.9627241776434337,6.768357367884963,4.221301048032699,0.5066758014269348,-0.00023415902799850744,0.9644868164718549,13.816288258317783,25.104049055555155,0.1432901918888092,0.13686242699623108,186
64720000,lstm_global,supervised,CAMELS-BR,0.39482098918337927,0.6826815455646588,3.7882342615761915,1.5314509294887277,0.26366700506668245,0.0006586514498918292,0.9583561431635043,13.908881947145337,26.70187446845037,0.21818587183952332,0.19308128952980042,187
64723000,lstm_global,supervised,CAMELS-BR,0.5706204289502921,0.6092406581183996,6.839705913586581,2.193836070121603,0.22662707516458463,-0.0015846279454449844,0.6640340490783183,27.752926446711996,59.78833763192298,0.23793558776378632,0.188507080078125,188
64725000,lstm_global,supervised,CAMELS-BR,0.9593800717331388,0.946720977949477,11.170942314463934,5.718724416401572,0.40094830821911753,0.0003917852450253303,0.9505154447475903,33.60807788572948,66.80502589478286,0.17832130193710327,0.16851899027824402,167
64764000,lstm_global,supervised,CAMELS-BR,0.7678886094744409,0.8025828343976775,27.02588475436785,9.505956115874838,7.601440360657843,-0.006126600411453412,0.8198269773583642,112.3221125345016,155.71148442618795,0.7785933613777161,0.7558125257492065,188
64765000,lstm_global,supervised,CAMELS-BR,0.7159491571032346,0.7799669002559775,77.36471920553376,36.63214207668694,2.0720141144488458,-0.004120766145369388,0.8377904113588279,275.59275523582346,404.8571472167969,0.6917875409126282,0.6454432010650635,98
64767000,lstm_global,supervised,CAMELS-BR,0.48427581337804015,0.5806257983974921,199.8430574848198,46.13140841853412,-3.52096931993507,-0.0032442493028310357,0.7103640781134755,860.9263002838311,1621.3476909210522,0.8764848709106445,0.7534171342849731,173
64771500,lstm_global,supervised,CAMELS-BR,0.858764447475606,0.8019461488279421,54.03288949767438,20.809713503147695,8.437192399735697,-0.0062154059005839965,0.8072055146397294,211.74640934709947,297.5924949840351,0.8085953593254089,0.8269920349121094,188
64773000,lstm_global,supervised,CAMELS-BR,0.6006788426271827,0.7961531394610255,25.748064862802188,10.790351737464006,5.797423581478311,-0.006396975442009699,0.9146832151952703,81.9394053026065,94.93248251311836,1.0184946060180664,0.9060268998146057,188
64775000,lstm_global,supervised,CAMELS-BR,0.8755322645366117,0.8879632672632004,32.503320517978885,11.751883639934215,3.6168612940375517,-0.0007046854735142521,0.8991560111875277,119.46075651977395,46.35902026478357,0.7459805607795715,0.7074885368347168,188
64775050,lstm_global,supervised,CAMELS-BR,0.9081663491158867,0.8867796373040592,0.0465305432269227,0.02200450826785527,0.522526522792788,-0.0006380476815302499,0.8958434803251255,0.10834814834754437,0.13430987222028803,0.16193129122257233,0.1311509758234024,128
64776100,lstm_global,supervised,CAMELS-BR,0.7651843023890597,0.8683428689592345,137.99913721147064,49.80529801896278,2.2410568139315843,-0.0013501232547299645,0.9497559820948278,545.0261265616942,1002.6910454009724,0.8045841455459595,0.7478130459785461,188
64780000,lstm_global,supervised,CAMELS-BR,0.9122593966663595,0.8848908089928947,1.6969926328836675,0.7959758471301261,2.635419481121116,-0.001785710172041259,0.891049350596377,5.90231534461442,11.817493414674166,0.368741512298584,0.352052241563797,188
64785000,lstm_global,supervised,CAMELS-BR,0.9378354250365171,0.9470031004944963,3.071996715473228,1.6354094836526287,3.9360410765086122,2.7700673542612603e-05,0.9554568937107983,11.2148050508179,11.692844943644543,0.22509954869747162,0.222121462225914,167
64790000,lstm_global,supervised,CAMELS-BR,0.8652218419163811,0.9115849943802918,5.158801775194014,2.120784884437602,5.015818251291185,-0.0023003302781152563,0.9426683373673688,19.019150442350707,41.008971154890176,0.34950125217437744,0.3084736466407776,188
64795000,lstm_global,supervised,CAMELS-BR,0.7191113972033683,0.7830772982562582,269.26664968631,73.43950563796024,-2.7887584548287,0.0009696672551150094,0.8434952971039625,1144.044181703561,1748.5948988918321,0.7303133010864258,0.6525155901908875,188
64799500,lstm_global,supervised,CAMELS-BR,0.8208030688414601,0.9040477578262398,170.96562744719222,49.9625680550285,3.417768708189334,-0.0006363762898027939,0.9619567311069613,684.1611882463379,1141.3572082438386,0.6282771229743958,0.6135852336883545,184
64800000,lstm_global,supervised,CAMELS-BR,0.7501955827646243,0.760185438048071,151.84854955914898,44.629467923590475,-1.5039440451559458,-0.0009463481196324355,0.7970565530838153,621.0634658169135,1249.2553021575393,0.546206533908844,0.4927286207675934,188
64810000,lstm_global,supervised,CAMELS-BR,0.806999634223001,0.8557684810825434,10.023711516185466,3.861395922112972,2.38632455210574,0.0007305023000997793,0.8944338341335715,38.96199147344822,83.46762799210464,0.31063252687454224,0.25693655014038086,188
64815000,lstm_global,supervised,CAMELS-BR,0.7559003634457259,0.7058565135314944,22.06837686145707,7.257150999365006,-2.4983383699321227,-0.0010878019288616918,0.728377590668595,89.63370003547905,183.259495653474,0.4333159625530243,0.3397447168827057,187
64820000,lstm_global,supervised,CAMELS-BR,0.7899579631979226,0.8293148772398143,166.37949593390854,57.98040663942378,-2.3952444560169943,0.0001369698673380458,0.8695159268651893,663.1793488010443,1406.339825118303,0.43738991022109985,0.40485063195228577,188
64820001,lstm_global,supervised,CAMELS-BR,0.46938979061319186,0.6040705565316777,234.3388256763066,65.90976333618164,-4.61927565170393,-0.0004915139932061899,0.7529359325733588,966.0298945511171,1987.1776469686577,0.5178591012954712,0.44025179743766785,188
64824800,lstm_global,supervised,CAMELS-BR,0.904727858125561,0.9299328507436087,0.628849089060267,0.3284703593539155,1.240752526056965,0.0006385026602201745,0.9494011862768709,1.4421647732081218,0.1968615316665599,0.20916885137557983,0.17917877435684204,184
64830000,lstm_global,supervised,CAMELS-BR,0.8762697882839561,0.9342928675595007,150.24982556849173,63.4069118093937,1.2062152378838533,-0.002168715060093647,0.9668508648992669,574.8685791377361,522.4184485698914,0.4130221903324127,0.4315311014652252,188
64833000,lstm_global,supervised,CAMELS-BR,0.9177286809449845,0.9277000426973635,4.5479077825861935,1.8847766811564817,0.9719880110798548,-0.00226048877399269,0.9407127300599178,17.920817390208818,28.316117504647092,0.26541709899902344,0.2462422102689743,118
64843000,lstm_global,supervised,CAMELS-BR,0.9821068577411912,0.9655937839445824,603.7193720571775,369.81519416360294,0.9963965741396789,-0.0003790428086038883,0.9666183795008233,1071.8098790127465,651.9339501108093,0.17544880509376526,0.1714087426662445,170
64849000,lstm_global,supervised,CAMELS-BR,0.5766288604539105,0.7203022347346262,9.298668193172485,4.347597945363898,-0.16131155268485559,0.0006259613061169698,0.848372058690711,35.81655334521948,65.48661613464355,0.3095867335796356,0.23532506823539734,95
64870000,lstm_global,supervised,CAMELS-BR,0.8199224904777344,0.7992337426969324,36.59684106412873,15.620694150095401,-1.958495342337176,-0.00043980598094939954,0.8200590577575446,133.27931408933705,190.5887451623356,0.44522973895072937,0.3645629584789276,184
64875500,lstm_global,supervised,CAMELS-BR,0.7509631047463939,0.8313519570509463,7.1823699427481404,3.694131992481373,5.465615888811751,-0.003508765297843856,0.8922980865450328,26.18811153879018,46.619080466493536,0.3544104993343353,0.3218443691730499,162
64890000,lstm_global,supervised,CAMELS-BR,0.03819142243655216,0.06543215378954148,209.41355492127352,43.276820735728485,4.656972727249299,-0.0022894526133606426,0.36590396880408815,891.2905554352106,1934.655760780208,1.1410999298095703,0.812021017074585,188
64892500,lstm_global,supervised,CAMELS-BR,-0.17158902652114505,0.006328419977529531,11.119067673262403,8.395535506397845,93.3869642614939,-0.008666525861614354,0.0434391202718557,29.926245265648607,51.34151746683707,0.6874826550483704,0.40472808480262756,166
64897500,lstm_global,supervised,CAMELS-BR,0.5025571244256667,0.5721931300791689,0.05245157601480514,0.03597890816118782,38.388359004386864,-0.012560015788772558,0.6013560451909391,0.047505799715924044,0.01391396021356222,0.4805775582790375,0.4191536009311676,157
64898000,lstm_global,supervised,CAMELS-BR,0.5548106121489316,0.4622056638376788,23.188013108617433,6.910899754574424,-5.071643735587975,0.002449325219625079,0.4805390234167214,98.31268173336122,184.0743637084961,0.6113530397415161,0.401387482881546,95
64903000,lstm_global,supervised,CAMELS-BR,0.9590740860558208,0.9330397649747753,654.3231039436633,452.26671584109044,-0.4931775454944731,-0.0007484907542807599,0.9359077942694018,856.6619504951902,1423.2320340146819,0.10308931767940521,0.09480848163366318,188
65004995,lstm_global,supervised,CAMELS-BR,0.8734378556478295,0.843742633664798,0.8935534343531231,0.4030017849612743,-0.2745937628713521,-0.0022504256353267794,0.8561438790099084,3.151642127252403,5.267036568852386,0.5066736340522766,0.4338538646697998,188
65006055,lstm_global,supervised,CAMELS-BR,0.102860313732966,0.487152639545659,1.6653474623796378,0.8303383885194426,20.1684848221805,-0.001193004720778948,0.7733847435249074,5.768325894851704,10.353361200908388,0.5212109088897705,0.4132159948348999,184
65006075,lstm_global,supervised,CAMELS-BR,0.46726883108948614,0.48112798913083044,4.96529425608297,2.3835086115497224,2.705915141787541,-0.002464075737727854,0.5751875920279729,19.468661109222076,27.62622698163217,0.6428278684616089,0.39144453406333923,188
65007045,lstm_global,supervised,CAMELS-BR,0.1938016449867409,0.29020838996942133,2.5742629293127455,1.303950644553976,-9.147234072759483,-0.003262236562464216,0.5387965606129558,8.950390337991221,13.718877646364794,0.7032706141471863,0.3730834126472473,188
65007046,lstm_global,supervised,CAMELS-BR,0.3379002383962335,0.2904028439395968,70.85235202048409,30.060808922517747,-18.094164972760677,-0.0067701284233875544,0.402124988713326,281.60533743037536,328.7737617961336,1.2284923791885376,0.7196365594863892,187
65010000,lstm_global,supervised,CAMELS-BR,0.9346689212837912,0.9310696941433263,0.6911827756482415,0.4095381867695362,-1.260094639835045,-0.0027164340378045514,0.939078757674084,1.811072460880309,2.1344770848902153,0.626716136932373,0.5840998291969299,188
65011400,lstm_global,supervised,CAMELS-BR,0.04649148348767229,0.009199276857601135,2.876143996216299,1.1202528058214392,-9.563185498934061,-0.0026695424387161047,0.3492141677765843,11.712243680609568,17.893508437594107,0.7286478877067566,0.3407656252384186,188
65011500,lstm_global,supervised,CAMELS-BR,-4.544633695918517,-1.0603460731373442,10.288405001784309,6.972479368959155,175.41565372075922,0.0008000030626555757,-0.9349577566632343,3.651647712943656,3.2445602416992188,0.7968267798423767,0.6153087019920349,42
65013005,lstm_global,supervised,CAMELS-BR,0.28819972396759275,0.29561954163588045,103.61321856260395,44.381501760888604,-9.351531494371615,-0.003251497130168809,0.4537494598869042,417.8225134006185,482.0328820432353,0.9634559750556946,0.573667049407959,188
65015000,lstm_global,supervised,CAMELS-BR,0.9081664751621442,0.9390482115753158,1.171779407999218,0.6906494899512896,1.4841604456931015,0.0027911480578167534,0.9601214916565068,3.172326461640046,5.27077652411502,0.56916743516922,0.5296686887741089,153
65015400,lstm_global,supervised,CAMELS-BR,0.8089888391934292,0.7241688467386928,3.5267268757390173,1.2481779869883618,-6.4213917643619185,-0.005558999237077873,0.7308551100687406,13.91596973580984,30.07738839624113,0.7782300114631653,0.6615014672279358,188
65017006,lstm_global,supervised,CAMELS-BR,0.6640672599822377,0.6005836979199389,166.40221777239347,70.17222337980529,-13.77961516231348,-0.012744864979136065,0.635165315365601,610.658394006595,986.578031527635,1.1999621391296387,0.9709075093269348,185
65017035,lstm_global,supervised,CAMELS-BR,0.6497726555786516,0.7696064698451432,0.5928472383254744,0.29555915165365787,-1.6429360004863405,0.0019236103972442315,0.870515761035411,1.9922950622233364,1.5707245593001216,0.6456168293952942,0.5407644510269165,171
65019700,lstm_global,supervised,CAMELS-BR,-0.07133612095468433,0.03865074992980744,14.935291648750843,8.81285149079782,20.530945908764384,-0.015361310626051148,0.4417878123215555,53.242873743246626,69.4073839187622,0.7047113180160522,0.40090957283973694,54
65019980,lstm_global,supervised,CAMELS-BR,0.9446767494987107,0.9544058135629433,18.884117657568176,11.89294510699333,0.05811560306455013,-0.0005286224142846824,0.9639416072750244,35.663805957293036,70.38008988577944,0.6111770272254944,0.5781267285346985,188
65020000,lstm_global,supervised,CAMELS-BR,0.9823546425750688,0.9704474644902987,4.932003047324026,2.7731563250223794,0.5209720394839281,-0.000751554299419973,0.9716972752223115,14.399765947347076,7.492023485994731,0.4017106890678406,0.37695616483688354,174
65020995,lstm_global,supervised,CAMELS-BR,0.6627782916885101,0.7891765809507958,0.10917173960452306,0.052816824155285005,4.107118324941986,0.0012291915951299966,0.830214894324111,0.32666103453845113,0.5814223932373611,0.31978827714920044,0.3058660626411438,188
65021000,lstm_global,supervised,CAMELS-BR,0.5445154589703124,0.5923506022147713,0.22221521593141552,0.0896305419796006,1.710443987386379,-0.005305659595389513,0.6782208983158244,0.8572491556705011,1.4117190674698046,0.5683833956718445,0.34638839960098267,179
65021250,lstm_global,supervised,CAMELS-BR,0.800649053485883,0.8538338638998327,0.2740053980320411,0.12763615832366842,-0.2399902777047962,-0.0019663675964680157,0.8981792539410137,0.797469812764121,1.5544201898712247,0.37597140669822693,0.36278626322746277,188
65021750,lstm_global,supervised,CAMELS-BR,0.5961091394077458,0.6888642307245669,0.21497448785596276,0.11754850823226876,-4.1944360746735265,,0.7871794539140778,0.6405522906576357,1.1106489439305485,0.7806574702262878,0.5609655976295471,127
65021770,lstm_global,supervised,CAMELS-BR,0.8086517645785591,0.7848281666964337,0.2309687423604924,0.1271125166974169,2.8179045570505843,-0.00028690643556535805,0.8067047452642069,0.7234179161662252,1.0417522078425037,0.5104697942733765,0.3505629599094391,188
65021800,lstm_global,supervised,CAMELS-BR,-0.5247501663577678,-0.18240906644404054,2.8081278139468275,2.4580204508134296,106.17626093456806,-0.010664435959758549,-0.09011459604353145,5.5074144142639225,6.825089454650879,0.6829622983932495,0.2647112309932709,84
65023000,lstm_global,supervised,CAMELS-BR,0.876768565760418,0.8804285653445677,16.238446542495343,8.186218658660321,-5.116955160877518,-0.015171932116060764,0.8979135798148624,39.151103145315005,66.60641854856804,0.8708106875419617,0.8233748078346252,188
65024000,lstm_global,supervised,CAMELS-BR,0.8707922141176736,0.8903397360974967,0.7789407222794067,0.3739516907866965,-0.5158706055190692,-0.00023469917885769048,0.9115398099046194,2.237662263145579,4.025768577023183,0.554714560508728,0.49902307987213135,188
65024100,lstm_global,supervised,CAMELS-BR,0.7377437816018093,0.8388516231505905,0.15232712125015663,0.09465821865349185,7.41525660623049,-0.0026342354828386236,0.9037154446760255,0.3994249297844865,0.7125793766206568,0.43583348393440247,0.4109528362751007,181
65025000,lstm_global,supervised,CAMELS-BR,0.9397757890628843,0.8915793675634668,13.317047421935657,7.261429898282315,-2.3142452068565396,-0.00013475145250763793,0.8949247277772447,46.25073045885879,53.67854686474604,0.5662721395492554,0.5189922451972961,188
65026950,lstm_global,supervised,CAMELS-BR,0.7938886426754171,0.7754835478537965,0.5702771739436965,0.25164424599827945,7.012278258406333,0.00075764368801216,0.7997409205129924,2.235672184950858,3.911281202407305,0.6542259454727173,0.5594611763954163,185
65027000,lstm_global,supervised,CAMELS-BR,0.7153184934960044,0.6669258936083524,3.1999592007647064,0.9092457344134649,-7.746486470157517,-0.0013667943176007002,0.6953669338636451,13.405535554787171,15.908986296213866,0.5668771266937256,0.47768011689186096,108
65028000,lstm_global,supervised,CAMELS-BR,0.9415059450513811,0.8639153994517601,9.540843187114968,7.552171510198842,10.213042222320288,-0.0029827467056254865,0.8653575093258197,22.790667963904735,48.01276298352648,0.49577343463897705,0.4133816361427307,184
65034000,lstm_global,supervised,CAMELS-BR,-0.028301844972887347,-0.3201557179346879,114.7764811118487,39.22942686391374,9.725453910288637,-0.029111217653354622,0.12770049387968607,473.4338484893416,669.3917808532715,1.9266711473464966,0.4759756624698639,36
65035000,lstm_global,supervised,CAMELS-BR,0.8699132485146194,0.9089210845783967,16.40523853292284,6.80530264718192,1.0769227031096293,-5.271151970388452e-05,0.9382398607319599,60.52276725352412,125.86553114446629,0.4140098989009857,0.42033520340919495,175
65035001,lstm_global,supervised,CAMELS-BR,0.958417809111522,0.9725104024904347,8.26620051496002,5.64946257814448,1.7188302117506589,-0.002402495251574592,0.9817955941642484,12.292910874183624,8.271611408622794,0.4384920597076416,0.4150997996330261,188
65060000,lstm_global,supervised,CAMELS-BR,0.9483846434280163,0.930563404666428,22.698270754706723,7.506221203093833,-0.96178116431827,-0.0007890682852314118,0.9344844439920872,91.87762340494076,203.80350466256482,0.3420814573764801,0.35026130080223083,188
65060001,lstm_global,supervised,CAMELS-BR,0.9843123888376013,0.9661368064687931,9.99269672528032,6.049485810259555,1.210840750492196,-0.0005351638661013867,0.966799122459204,26.32290641773426,57.01352247958761,0.38860684633255005,0.38096076250076294,188
65085000,lstm_global,supervised,CAMELS-BR,0.866044878691351,0.9266503749415618,2.2596445130914637,1.354356329491798,2.72613779223384,-0.0007126933372158754,0.9687854115362236,4.348409514132129,5.063122193084025,0.4075980484485626,0.4108361303806305,188
65090000,lstm_global,supervised,CAMELS-BR,0.9019947480730373,0.8736195978702531,2.926786315430665,1.7875253677368164,1.5738557474468504,-0.001373105361125065,0.8777509799965966,0.9345626831054688,0.9345626831054688,0.2685518264770508,0.302402526140213,20
65093000,lstm_global,supervised,CAMELS-BR,0.8099395405945877,0.8450973561180541,2.9909531123699944,1.3580378890037537,-1.6699172122099462,-0.0033731650428890404,0.8813338546325635,11.233590848948023,17.527935028076172,0.6040974259376526,0.5462432503700256,76
65094500,lstm_global,supervised,CAMELS-BR,0.9576625519021598,0.9301375029514957,4.763867895690355,2.0841413817622443,1.6501197174725841,-0.0005458538452979902,0.932710866686655,15.045625977976007,26.81097859107958,0.42430493235588074,0.3730509579181671,143
65095000,lstm_global,supervised,CAMELS-BR,0.9149204042619172,0.9134229866812658,18.69200209686641,8.985925857056962,-2.1523833707311577,0.0010257019494516358,0.9246659467037063,64.09546917775774,111.87459137275195,0.558182418346405,0.5046499967575073,188
65100000,lstm_global,supervised,CAMELS-BR,0.9029915756512663,0.8555049703164618,24.556077371971895,10.004953810509216,-1.2499817198110657,-0.0024504305702521614,0.862410584256907,89.27994880210396,190.39707962566476,0.42678195238113403,0.40219277143478394,188
65100001,lstm_global,supervised,CAMELS-BR,0.9327243703278861,0.8678008099307022,11.549822389965593,5.091470616929074,-2.0384443716247085,0.00013315212256458445,0.8708900616819626,41.092230435583524,57.1663733671993,0.41330620646476746,0.3965686559677124,188
65130000,lstm_global,supervised,CAMELS-BR,0.917780967428778,0.8885925604199917,24.373948448691287,9.113464445307635,-3.8208749019879327,-0.00841978141893869,0.8958659031125911,89.98845365092829,69.34014216254877,0.8160737752914429,0.7455949783325195,138
65135000,lstm_global,supervised,CAMELS-BR,0.9051076047111445,0.9170788358925541,2.4737565141268725,1.3469841380359073,-0.2619042986714872,-0.0005268213218392048,0.9326114351275887,7.248352346856167,2.10669393342918,0.4507516324520111,0.40523794293403625,179
65136500,lstm_global,supervised,CAMELS-BR,0.9840744133268108,0.9702068689437628,9.702082693102415,5.912659783726153,-0.9496521997430855,0.0054857291557444815,0.9712232505620598,9.22722985290368,11.212949257066775,0.428535521030426,0.4184849262237549,184
65136550,lstm_global,supervised,CAMELS-BR,0.8788699146570027,0.8648275271818742,3.1559174356670097,1.5530256323325329,-0.25505240933474843,-0.0013634568770065601,0.8788650522357645,10.325038730049242,7.590962847516594,0.4567970335483551,0.3983139097690582,156
65175001,lstm_global,supervised,CAMELS-BR,0.9822592245620326,0.9465105561608975,14.308364779782892,7.389940454604778,-0.5226667816587892,-0.0009871193576518403,0.9470781205490599,38.28173965254803,49.923910895027106,0.3658052384853363,0.3477122485637665,188
65180000,lstm_global,supervised,CAMELS-BR,0.9595930149040105,0.9547120589861229,3.010129599327684,1.8145529149060553,3.93967857792666,-0.0008593281372685987,0.958938118391164,4.110669763538729,4.684556864374537,0.632622480392456,0.6108210682868958,188
65190000,lstm_global,supervised,CAMELS-BR,0.8896232132266211,0.9364367646387326,1.886014915637138,1.0703840680578922,3.175079274288553,-0.0013636170755541785,0.964959531513238,5.136137315871666,6.654041591523905,0.6078639626502991,0.5425027012825012,188
65200000,lstm_global,supervised,CAMELS-BR,0.8242145969716924,0.794936940798639,10.678301898290236,8.789749145507812,-6.398763774353781,,,13.4720458984375,13.4720458984375,0.15308642387390137,0.12741422653198242,3
65208001,lstm_global,supervised,CAMELS-BR,0.9855919953908897,0.9684412438189601,4.338410345246491,2.7363865248700407,0.25093671830767766,-0.0014269090064271371,0.9692034752907861,3.862716155748776,5.853557674543631,0.5225954651832581,0.4988996684551239,188
65220000,lstm_global,supervised,CAMELS-BR,0.98934859021583,0.965637996955507,35.597401402057024,19.775123758518948,-0.1266902805867348,-0.0010886068978686186,0.9659516932378592,113.92366201199347,102.33211191559124,0.3646761476993561,0.3623571991920471,188
65220001,lstm_global,supervised,CAMELS-BR,0.9876228579225907,0.9738413770137502,24.20389254027865,16.490330026504843,0.7665520603918081,0.0008783615806178882,0.9745224412893251,30.605398514197798,53.26376115382246,0.3671676516532898,0.34633585810661316,188
65235000,lstm_global,supervised,CAMELS-BR,0.9190115698886908,0.9364863139682098,3.4654724009430202,1.7456233130490526,-0.4533769438403194,-0.002253056665243454,0.9512902593891025,10.218497367574987,16.693973005188763,0.5883872509002686,0.5624252557754517,188
65240000,lstm_global,supervised,CAMELS-BR,0.9285897551795371,0.9392426542560337,2.3869454628558193,1.3341690236033656,-1.2869191024594617,-0.003703027978519305,0.9511822854158547,3.3137936172187596,3.540750399817457,0.5163114666938782,0.4942626953125,181
65258000,lstm_global,supervised,CAMELS-BR,0.6048822484885428,0.6731211936470927,3.6736034719152353,1.6290558709743175,-5.069476577077908,-0.002230654629437473,0.7582651151169384,13.986786371278951,25.054477395111835,0.6787796020507812,0.5136991143226624,188
65259000,lstm_global,supervised,CAMELS-BR,0.5449844462678128,0.5987234533054226,12.521663947822779,5.094179053255853,-9.697668625029067,-0.0025058265260349717,0.692550519408327,47.46896708090129,76.79782150281603,0.8291468620300293,0.5782284736633301,188
65260000,lstm_global,supervised,CAMELS-BR,0.7989224544113924,0.7136562498560273,8.24730770733767,5.158545689149336,7.180148993395549,-0.0036732852426593736,0.7242002789321992,26.63233506027222,44.75943374633789,0.6280579566955566,0.4233938753604889,44
65260001,lstm_global,supervised,CAMELS-BR,0.6772734737331958,0.751573272489493,7.820519559411651,3.4139454314049256,-3.212397355439045,-0.0029411108769245783,0.8248234400711821,27.026428488282242,49.98474018718632,0.7238274812698364,0.6126097440719604,188
65271000,lstm_global,supervised,CAMELS-BR,0.5820474312970522,0.7091532032054175,25.32790958662002,9.834862290544713,-5.381696576067148,-0.0031647531465969665,0.8218970790730148,98.3264081925611,171.99367465645372,0.8489080667495728,0.6237922310829163,188
65293000,lstm_global,supervised,CAMELS-BR,0.6130873488936242,0.6354901255288933,8.253388965300022,2.863072268189268,10.132735387354627,-0.010961006577750631,0.6981334077723415,32.53930183847654,72.3724906688197,0.9130725264549255,0.6616543531417847,188
65310000,lstm_global,supervised,CAMELS-BR,0.9638076446289862,0.9386378723977685,92.07736748208299,38.673820333277924,-0.5828255934215878,-0.0010988285489963168,0.9407945485262864,343.00960963988183,757.6033991504556,0.33020156621932983,0.3339354693889618,188
65310001,lstm_global,supervised,CAMELS-BR,0.9894974243717939,0.9638897252250404,30.918752115170946,21.479435859842503,0.30594901614923076,0.0006564807150920247,0.9641887939599068,52.71786535749808,62.712076271425104,0.36966246366500854,0.36515405774116516,188
65365000,lstm_global,supervised,CAMELS-BR,0.6151035450495093,0.7531544457891598,1.9439495065501327,0.9606006281807068,9.015311493342264,-0.004192271365749605,0.8623948107849088,6.939303910114385,13.578707645247205,0.606402575969696,0.4621732234954834,188
65370000,lstm_global,supervised,CAMELS-BR,0.6364553777664994,0.7247704555059018,16.830229387877104,7.622073814786714,-1.8151272611359492,0.0005365970479544058,0.8067047988597732,65.46644640597282,7.9557342529296875,0.61041659116745,0.48070719838142395,58
65370001,lstm_global,supervised,CAMELS-BR,0.8345096461479504,0.7629285720459722,14.145309467640407,5.8992005535896785,-8.151081598326769,-0.001158545886562539,0.7743086583958885,51.21088563005458,87.04418954785034,0.6278682947158813,0.5300347805023193,188
65375000,lstm_global,supervised,CAMELS-BR,0.8380282977356026,0.8979544019135516,9.749946170077068,5.368225757111895,-0.5824084617815519,-0.00029463820641964164,0.941696217378068,19.5166754087841,38.00568497351243,0.5532799959182739,0.45765313506126404,188
65385000,lstm_global,supervised,CAMELS-BR,0.8109390438777035,0.842253339539618,14.649566369025974,6.697249129731604,3.4942680261997285,-0.0017499386425711937,0.8765492151219397,54.790647998672036,68.1680002001303,0.6634073257446289,0.6025511026382446,188
65415000,lstm_global,supervised,CAMELS-BR,0.724039396674505,0.7983433168437454,2.4352422405807137,1.6301667584313286,13.105759949293432,0.0010254821884313516,0.821270652015136,2.71706485939653,0.4477577209472656,0.4060152471065521,0.5008898973464966,45
65550000,lstm_global,supervised,CAMELS-BR,0.4752851342453376,0.5774006936002687,2.8740216289514624,0.9998593165519389,1.1858569556102425,-0.0014705549285215815,0.7101246103660099,11.810445637414674,19.16050958187838,0.7944982051849365,0.6454824805259705,188
65690000,lstm_global,supervised,CAMELS-BR,0.2960359988754968,0.2799200542271122,12.851489042589241,4.238992553442083,-2.57135357092857,-0.0009499354565151961,0.40287504526196216,53.760272328303415,112.57571294924576,0.7892889380455017,0.43698614835739136,188
65764001,lstm_global,supervised,CAMELS-BR,0.7907961723440499,0.8311944953999499,8.409487424972044,4.197869512629001,10.44929192833395,0.0011178187707230336,0.847722027435517,26.56097196586532,49.67455615716894,0.6001134514808655,0.6129228472709656,188
65770000,lstm_global,supervised,CAMELS-BR,0.7442294374873746,0.7098728936828608,25.654387464815848,9.714107879932891,0.5403463974848945,-0.0011726808533533487,0.7341939570906406,101.90929911351658,201.71438728616025,0.7807937264442444,0.638192355632782,188
65774400,lstm_global,supervised,CAMELS-BR,0.6618471930358392,0.7505912110301716,295.43022409510826,187.8084302050002,-4.113526072094132,0.0029889642897339332,0.8288573951332543,737.7238799086889,1399.5065044600074,0.34712648391723633,0.29157012701034546,188
65774404,lstm_global,supervised,CAMELS-BR,0.7935659048484335,0.862458699279402,214.78389279710726,138.18219651567176,9.146168762601043,-0.0067696013634958654,0.9033403957849169,394.1650406391275,396.1883931528652,0.41424357891082764,0.2910093665122986,188
65774407,lstm_global,supervised,CAMELS-BR,0.9553746182018092,0.8250418380852853,453.2782499323324,358.35979143778485,-11.377300386826677,0.0032990337088934785,0.8250538773653555,811.7415858570748,810.11181640625,0.08548352867364883,0.07466086000204086,48
65775901,lstm_global,supervised,CAMELS-BR,0.7308913073924027,0.8116293878897789,19.855632645606754,8.361012389051153,1.2417009281786737,-0.0041752838319914845,0.8788163704748803,69.85611888837218,136.237315099936,0.5821877717971802,0.5009307861328125,188
65803002,lstm_global,supervised,CAMELS-BR,0.802042928375903,0.8309779729118465,239.4226264199314,151.9412585928085,-0.08158476993226518,-0.0004992412947702526,0.8645021777691638,683.7480702240222,1239.913947209871,0.24370384216308594,0.20083804428577423,188
65809000,lstm_global,supervised,CAMELS-BR,0.7545917690792643,0.8116696948583613,3.7534166244784397,1.9681535838766302,5.548658564303549,-0.00358281594360782,0.8626974522549836,13.957615069971514,4.291943587274081,0.6624841094017029,0.55512535572052,188
65810000,lstm_global,supervised,CAMELS-BR,0.4555873000111884,0.575384614977065,12.678445244069177,4.72238179343812,-1.179837846060792,-0.0012382514870444804,0.720585514735767,51.005734082875215,105.42055481531739,0.6812728047370911,0.5489780902862549,188
65815050,lstm_global,supervised,CAMELS-BR,0.9620449631572547,0.939126191535639,15.866390385139185,8.325473387190636,3.2985869899972067,-0.0012843497909388359,0.9413000880683547,53.580722951083494,72.45234183972532,0.6098085045814514,0.6254789233207703,188
65819300,lstm_global,supervised,CAMELS-BR,0.8261681833829907,0.8834285489690393,9.766951791875039,5.376311432231557,6.078163684549344,-0.008302932454365402,0.9240645541958885,26.033034586797157,20.369238123439654,0.6437327265739441,0.5342370271682739,187
65819500,lstm_global,supervised,CAMELS-BR,0.6508319433049181,0.737505035672736,0.22556577908455105,0.10624532348447246,-0.14953867347952293,-0.0029939559386539596,0.8220259015159816,0.7142173813193438,1.3751415760501766,0.58598792552948,0.4587394893169403,188
65824990,lstm_global,supervised,CAMELS-BR,0.8654125323501446,0.9023622763650512,42.77263665685271,19.198574745908697,-1.6462881138249257,0.004150794027126382,0.9252630381481782,165.42288304238303,88.0064522888805,0.45882540941238403,0.3982466161251068,188
65825000,lstm_global,supervised,CAMELS-BR,0.85078981512714,0.8595349143402403,37.56188564707175,12.950332162228037,-0.8643282199959197,-0.009192589539006916,0.882212827508924,133.81074559841443,248.1713255500431,0.5909028053283691,0.517006516456604,188
65825497,lstm_global,supervised,CAMELS-BR,0.8679835337047256,0.9063512438433856,45.59229418162822,20.253526210784912,-1.9863233656942718,0.004393618334846751,0.9308421381371477,171.2968468808352,102.11415525563588,0.46306201815605164,0.4043543338775635,188
65835000,lstm_global,supervised,CAMELS-BR,0.9649262673931583,0.9627992731412587,97.1329950098969,60.01798400473088,2.3473670642491236,-0.0028184530259380038,0.9669161629603388,215.05483202875536,243.22941425510334,0.39067724347114563,0.3796691596508026,188
65855000,lstm_global,supervised,CAMELS-BR,0.7317425106236125,0.7388289601754816,26.24917000887838,9.22184463511122,3.5241058575010595,0.0013550772284613918,0.7735749559117949,109.14852169370404,221.42221071245388,0.5899389386177063,0.5217944383621216,188
65874990,lstm_global,supervised,CAMELS-BR,0.7009219103917799,0.7046797298246767,0.5296618457718446,0.21027748362458015,-0.8755443831899783,-0.0021368901773990354,0.7493315222729062,1.9967085016805128,2.441837307731998,0.648365318775177,0.523855447769165,182
65875000,lstm_global,supervised,CAMELS-BR,0.5911813005942856,0.6245863374819289,4.9192125836208564,1.401214830309367,-2.6415255379999634,0.0009957232310295154,0.7004169753122832,20.840241450086697,38.7761908501746,0.6017223596572876,0.47178399562835693,139
65883051,lstm_global,supervised,CAMELS-BR,0.6750686471143161,0.7937236061820248,203.82131104033147,136.8631793691757,5.439949889332756,-0.0009630737742408104,0.8704871220887586,429.94847789482645,188.5285862552583,0.2089642882347107,0.14606857299804688,188
65883052,lstm_global,supervised,CAMELS-BR,0.8542794618752191,0.8437692865656513,291.7134656952421,183.72409983431356,4.755315577141347,-0.000829918740790957,0.8603709654243487,891.8788137251789,1335.7249297815754,0.34830066561698914,0.2507154643535614,178
65883070,lstm_global,supervised,CAMELS-BR,0.6128340594279844,0.6458879173530754,0.7047127764636476,0.39759155354657016,8.720169169964635,-0.0011151152069695022,0.7081423994897753,2.087977519797245,2.9065356254577637,0.4300166070461273,0.32376426458358765,91
65890000,lstm_global,supervised,CAMELS-BR,0.6643491298830253,0.8148773718453481,6.016048312410225,2.0990741132421697,4.06936234437288,-0.004957387057220375,0.9330132635655607,19.85441176612461,16.511916627785197,0.7261939644813538,0.6671836376190186,188
65894991,lstm_global,supervised,CAMELS-BR,0.44584397208435733,0.5894916777095358,332.89822366435266,245.0599017423742,17.040143744152136,-0.0096627265639499,0.6532514048643283,559.3819840997388,1031.069083810189,0.24217277765274048,0.1550939679145813,136
65894992,lstm_global,supervised,CAMELS-BR,0.5420983705677378,0.6279154657019491,580.3146365611299,388.68372631073,-3.767791517340019,-0.010453604054480689,0.7358571870776038,1799.0335183073316,3192.651792693987,0.39683419466018677,0.31052207946777344,128
65895002,lstm_global,supervised,CAMELS-BR,0.7187156588570116,0.8409879653654873,267.6448070976972,181.93646952311198,-0.49007547401502316,-0.0009165027542517822,0.940510893532762,719.2531069339689,1492.89892578125,0.3928588032722473,0.3122752010822296,90
65925000,lstm_global,supervised,CAMELS-BR,0.7116519106635374,0.7073848201619786,25.879499062413444,9.865683319748088,-1.970278862862035,-0.0027048552694044978,0.7478810688636921,100.69363458512684,168.86430527777253,0.6249863505363464,0.49595871567726135,186
65925800,lstm_global,supervised,CAMELS-BR,0.7336333322138573,0.7607338981982301,2.7239142718002864,1.0399083878885034,-3.428197893768551,-0.0016157321641107163,0.8070408905640465,10.698996801148306,20.43452858302908,0.5279683470726013,0.47097048163414,186
65927000,lstm_global,supervised,CAMELS-BR,0.9615433363593348,0.9095486826967182,20.301813816143028,11.30474053177179,6.306233213601864,0.0021020747847383635,0.910150854460929,50.049734472556615,76.03582763671875,0.6133173704147339,0.6297258138656616,51
65945000,lstm_global,supervised,CAMELS-BR,0.897322987779932,0.8192990389426746,6.780123475600097,2.2170533753455954,-2.839032358158085,-0.0004920483932498478,0.8243038240887435,27.709598607929273,50.94712578237276,0.5942624807357788,0.4847869277000427,188
65948000,lstm_global,supervised,CAMELS-BR,0.27643761546569445,0.6389693209628253,14.191622663894654,4.658929788804752,13.027344932234836,-0.013329787331826541,0.8235657955045894,58.97092923158675,106.53190075992256,0.9527913928031921,0.8501701354980469,188
65950200,lstm_global,supervised,CAMELS-BR,0.45993730650533493,0.4348278973530919,14.83469177788346,5.22030661816903,-12.614357579892545,-0.006358434659644786,0.5189024817429116,61.381944644255746,98.07811403769026,0.9929705858230591,0.5835662484169006,187
65955000,lstm_global,supervised,CAMELS-BR,0.6868157244215931,0.7884321200648273,33.25755221437853,13.699314516349878,-1.2768616858112547,0.00023762588989936773,0.8703986277081239,125.65101555935799,220.57104532942785,0.7325416207313538,0.69775390625,179
65960000,lstm_global,supervised,CAMELS-BR,,,7.289772033691406,7.289772033691406,-8.744592658947937,,,7.289772033691406,7.289772033691406,,,1
65960001,lstm_global,supervised,CAMELS-BR,0.8391830265592802,0.8877235552217811,79.1552606538028,31.766789111685245,-1.030774651252592,-0.004005727962590078,0.9237332970221845,318.0235291721415,337.6015239292091,0.5222246050834656,0.5141892433166504,188
65970000,lstm_global,supervised,CAMELS-BR,0.3035700591489656,0.5061475921610906,37.229878561975475,17.940767540250505,3.6578669056954842,-0.007903187660659575,0.7253369718842179,138.80804958376743,246.21471786499023,0.8458265662193298,0.5664342641830444,70
65970001,lstm_global,supervised,CAMELS-BR,0.45269251231352425,0.6868226492412576,30.208920557941365,10.76125458591297,-2.850085399898885,-0.0067534786132269695,0.9002677882706203,120.08616890119748,213.46727511760386,0.9666727781295776,0.8313782215118408,183
65970250,lstm_global,supervised,CAMELS-BR,0.7283969142884309,0.7410614564721303,1.476251435300722,0.5079616555137271,-5.554325116414126,-0.0037557438990893054,0.7831281549972985,5.8919650277416595,7.68726529103745,0.9994614720344543,0.8270934224128723,187
65971010,lstm_global,supervised,CAMELS-BR,0.562012903584931,0.6478613629602897,14.666270076045674,6.134098404688193,27.083655961750765,-0.0031038447007430067,0.7231244956054006,57.68209506342764,108.15946753171536,0.8542799949645996,0.6153643131256104,141
65973502,lstm_global,supervised,CAMELS-BR,0.8229560061327502,0.7955046764830752,286.14539689214234,189.2606795290683,1.1457104563962197,-0.001387963685465952,0.8144941476524901,824.99896708421,1227.0733289591506,0.2941977381706238,0.2087005376815796,188
65974500,lstm_global,supervised,CAMELS-BR,0.7534421187325407,0.8394763092229247,1.171766208488714,0.6241568871415578,-3.1744608904458365,-0.005715376746017117,0.9049133918047944,3.307796320410193,1.5528530572826156,0.5348228812217712,0.4010554552078247,130
65975001,lstm_global,supervised,CAMELS-BR,0.596201977768799,0.5558176366416818,501.77799778020835,326.70110166833757,-21.806229102292022,-0.006446751548505873,0.5788150493931248,1472.0477940681847,3032.108628970127,0.2938825488090515,0.20234523713588715,188
65975300,lstm_global,supervised,CAMELS-BR,0.7917040748611568,0.8571123928868459,14.102273236557739,7.0609951729470115,2.2369944028147812,-0.005332328875918262,0.9042922465033245,48.112554641941855,56.46143735501072,0.5554355382919312,0.47890350222587585,188
65976001,lstm_global,supervised,CAMELS-BR,0.6672916812540937,0.7456000577017793,0.6870586403322334,0.3681897972287102,6.451221459439388,-0.002940859867609915,0.8218040127728314,1.6035049471244418,1.516011833165771,0.6733582615852356,0.40697717666625977,176
65979000,lstm_global,supervised,CAMELS-BR,0.6671252762344915,0.6292588280536774,19.10406288978864,7.1448841797078355,3.3255700247630493,-0.0053984806121822534,0.66688863387586,77.66804571155633,144.66721837498775,0.8352493643760681,0.5770435333251953,170
65981500,lstm_global,supervised,CAMELS-BR,0.6717126934667388,0.4397283916156468,172.54051757020483,37.30943110314283,-25.514416964173645,-0.0028771779651517865,0.4412484778491883,696.7784862060915,1355.5877685546875,1.5779966115951538,1.2807403802871704,66
65982000,lstm_global,supervised,CAMELS-BR,0.2646315634129275,0.332232493308396,2.2230970542233677,0.7559097184210407,-4.267099739968985,-0.004986067014989548,0.5101338735721739,8.648740046806642,14.938663005828857,0.5817215442657471,0.3322368860244751,49
65984000,lstm_global,supervised,CAMELS-BR,0.6488800471372679,0.7258548938744787,337.01076555909094,229.14142457686643,-9.919101407982918,-0.004366451192158125,0.789295250682382,924.9996583916808,755.5870867023447,0.31526562571525574,0.21485482156276703,187
65985000,lstm_global,supervised,CAMELS-BR,0.9086555285017052,0.8400830756726378,533.1713833748162,251.75383433889834,-0.9363786291613722,-0.0011193125604903893,0.844585157267976,2000.9389177205123,2657.824420636965,0.34543725848197937,0.2661818861961365,188
65985220,lstm_global,supervised,CAMELS-BR,0.12413343086852002,0.0874495911031764,6.442341030281711,1.7321853496122464,-14.252111029745288,-0.008923680431068622,0.343744622440466,27.06885287922601,55.909296137438695,1.0839070081710815,0.6017613410949707,181
65986000,lstm_global,supervised,CAMELS-BR,0.8206692786528014,0.7876667887795799,658.8246155975728,331.18662041002284,-2.4700333061647926,0.0021912323998064635,0.8063402944496125,2450.787818357173,3689.850588922376,0.38298553228378296,0.2964245080947876,183
65987000,lstm_global,supervised,CAMELS-BR,0.7029442571663282,0.7444174829671699,305.3732792785128,209.41902517765126,3.550606348145026,-0.004673660157855648,0.7996313783659003,788.1464413710108,1022.8448577932813,0.34408801794052124,0.23117026686668396,188
65987001,lstm_global,supervised,CAMELS-BR,0.44338034014587746,0.6312336964811065,413.7890415976382,353.7926617940267,34.26104544150882,-0.0054845005460266785,0.6438572222329741,649.5802669587351,345.0612729432413,0.32800933718681335,0.24407577514648438,180
65990550,lstm_global,supervised,CAMELS-BR,0.8464507302074633,0.9184691684206704,13.764621334007217,5.4729512754806695,2.5267167773281614,0.0007578857106061744,0.9640459189967306,54.45252942853774,78.72470341132585,0.6874518990516663,0.6548147201538086,177
65992500,lstm_global,supervised,CAMELS-BR,-13.590968534328065,-0.9387404282612077,2390.2266084694797,2380.7420071540996,193.78812031908555,-0.0071192227772486575,-0.9378830548956127,2308.7891534548608,2272.9859055101338,0.27766668796539307,0.09579622000455856,188
65993000,lstm_global,supervised,CAMELS-BR,0.6651804918217923,0.8260966749232421,314.33673606646323,212.57457457197472,4.0399887471681915,-0.00022086683311016864,0.9432900461908498,696.8595647296988,238.02154620628673,0.23249374330043793,0.18521000444889069,188
65996000,lstm_global,supervised,CAMELS-BR,0.7427684680827732,0.8231534716079277,1.343771099572729,0.6325916938091579,-1.433191090848316,-0.0012215698442637132,0.8870535629393426,4.125042868204224,4.103679548335696,0.34332457184791565,0.2490730732679367,114
66005000,lstm_global,supervised,CAMELS-BR,0.7693874642840134,0.7763576766635665,8.348141973756627,4.508630156517029,1.3456462977659485,-0.004852805214448679,0.8109410443576899,25.899738580227954,38.81043418825402,0.37166744470596313,0.290757417678833,188
66006000,lstm_global,supervised,CAMELS-BR,0.8636128569260687,0.8818545861341534,6.82437097534267,4.0323714425486905,8.71104560893123,-0.00042492017378911034,0.8996996736951551,17.968446803677615,32.49390946592995,0.2556677460670471,0.25320491194725037,155
66008000,lstm_global,supervised,CAMELS-BR,0.7575557062943091,0.7992644965769455,15.827902540322546,6.782912610059089,-0.5976203654615687,0.001138607173472167,0.8459030154845544,54.202390502033055,23.952083652633817,0.7225107550621033,0.5338242650032043,188
66010000,lstm_global,supervised,CAMELS-BR,0.9821902469884612,0.9321372871117681,8.927138074966477,7.1285234969339255,6.249293248500337,-0.0038452487946552504,0.9323572462887382,19.501808946837762,36.859954833984375,0.2382940798997879,0.22519570589065552,81
66015000,lstm_global,supervised,CAMELS-BR,0.9919648690451814,0.9782173406103272,12.48739744192681,7.162247799812479,1.4823822355105736,-0.00037015795080695343,0.9785367076593453,12.550957052414358,3.3128541237550064,0.23449283838272095,0.2292872816324234,188
66025500,lstm_global,supervised,CAMELS-BR,0.27895122818732554,0.46935992858403275,0.7629545516615648,0.5749194913722099,-2.059523206542539,-0.0010693501523882558,0.7028021960291788,1.725583354505522,3.17173038644291,0.1402622014284134,0.08319925516843796,188
66040000,lstm_global,supervised,CAMELS-BR,0.9785354881060048,0.9684828414185999,6.02865705363753,2.7541751514781607,0.4328392348178961,-0.000539861229236242,0.9702766351121056,13.25758763329753,14.506031517730218,0.0974380373954773,0.09360747784376144,165
66050000,lstm_global,supervised,CAMELS-BR,0.8366886719853479,0.889058895643501,16.765740278989977,7.820560385964134,2.2395886977538106,-0.0008634254375742712,0.9140027713935391,58.97293068772579,101.13532619693879,0.16984030604362488,0.15928517282009125,110
66051000,lstm_global,supervised,CAMELS-BR,0.960842056371034,0.956256270398113,0.6920308344820263,0.4161134882176176,0.1629696891698387,-2.930640462140907e-05,0.9607966232013692,1.5829477222712882,1.0268642825541645,0.06461480259895325,0.05875139683485031,188
66052500,lstm_global,supervised,CAMELS-BR,0.7976571858738988,0.8859996007972784,6.591308414123124,3.801433930422533,2.8739807445248746,-0.0006696337334838962,0.9437040816312386,6.070833527239207,5.062620767791388,0.14144323766231537,0.11782017350196838,187
66055000,lstm_global,supervised,CAMELS-BR,0.8389810672439382,0.895888825057974,33.539283785653815,16.005128611689027,2.714755582740898,-0.00010201453359519504,0.9352217975722684,122.4778517616788,250.16413280218043,0.14861662685871124,0.13318906724452972,184
66065000,lstm_global,supervised,CAMELS-BR,0.8632883126919797,0.8417292793146974,20.585694876504075,9.197001095475821,0.4292253884614703,-0.0006809171173805181,0.8560945611815266,75.13677372391108,135.24825016335103,0.346451073884964,0.29316866397857666,145
66070004,lstm_global,supervised,CAMELS-BR,0.9976423738332245,0.9774877941952113,13.285014643097483,10.497164850649627,1.605866689554777,-0.0008712463441391191,0.9775000978165614,21.895227358511367,15.63916096923582,0.12441717088222504,0.11982782185077667,184
66071300,lstm_global,supervised,CAMELS-BR,0.8353079321075347,0.9214963868604137,2.234799287365255,1.212931405930292,-0.6780059566274611,0.0004862141964260371,0.9860987908057411,4.580972158671797,7.13999409401249,0.034217607229948044,0.0402270145714283,126
66071385,lstm_global,supervised,CAMELS-BR,0.6873578604451958,0.8269704434213319,7.070659362295941,4.851334287765178,1.8998370734968981,0.00031299016842222666,0.9294219012205965,18.787841012851313,30.444585194147294,0.0868709608912468,0.0724719986319542,188
66071397,lstm_global,supervised,CAMELS-BR,0.7572359098460557,0.7557352173925447,5.836910271519875,3.551538836231548,1.1692843791131384,0.0001308810873401154,0.7857264485873426,18.52965836925485,35.55712503603347,0.07605757564306259,0.06407409906387329,181
66071400,lstm_global,supervised,CAMELS-BR,0.5534603090133257,0.5532072149335515,15.354378501408714,8.126773004946502,1.5172644254285252,-0.0015298462821217332,0.6202829014907618,56.003844974296115,115.58319836603505,0.15334555506706238,0.09179337322711945,184
66072000,lstm_global,supervised,CAMELS-BR,0.931859362088385,0.8710884567265831,15.87236826649411,7.88559339357459,-1.34586127413935,0.0009896570617727012,0.8743389676046176,49.061165824184066,80.34740354378522,0.22620642185211182,0.1997203230857849,184
66076000,lstm_global,supervised,CAMELS-BR,0.9890530452420574,0.9856079379541622,3.247734131386846,1.841010508329972,0.4230755522900597,0.0005465201937112345,0.9866270244452812,6.617390648398761,2.744271804899995,0.06511923670768738,0.06299444288015366,184
66090000,lstm_global,supervised,CAMELS-BR,0.9528183984876074,0.9639878244843394,53.06366207440452,13.042920342807111,0.30422606852234935,-0.000610823613191841,0.9730174004087735,221.66543047635002,23.917671402530317,0.10168448835611343,0.10050796717405319,145
66110000,lstm_global,supervised,CAMELS-BR,0.979151442737011,0.9467523371113135,4.192981805109783,1.8051273267235646,-0.43902924272959254,-0.008799676141127498,0.9476071053550378,10.53996483658748,8.94488356017483,0.4860084354877472,0.45093727111816406,188
66120000,lstm_global,supervised,CAMELS-BR,0.9982193656155672,0.9842272456597031,3.97603195724251,3.377380817494494,1.224357654887512,-0.00097752661135035,0.9842296980612417,3.091487135421259,1.4471151691035642,0.04388110712170601,0.042723286896944046,188
66140000,lstm_global,supervised,CAMELS-BR,0.8525338286645762,0.8859453386768907,27.081284102834346,10.866509319691176,8.897236073911406,-0.005099494686586367,0.9039613378610443,76.80049902180741,126.66073978826599,0.44853949546813965,0.4421168565750122,178
66160000,lstm_global,supervised,CAMELS-BR,0.7728176763694183,0.8219000558162207,53.48067001563799,25.386091506227533,6.591280773170316,-0.002361516130151429,0.8678126713273243,185.78824510208617,134.72676348882237,0.5227873921394348,0.47744619846343994,188
66162000,lstm_global,supervised,CAMELS-BR,0.6282014625734185,0.7118628752848645,39.06108922177534,19.08108106445759,2.1043226036061737,-0.0035935834287381292,0.7990900971206691,141.40369554534706,218.40145450518727,0.6381702423095703,0.4517967700958252,188
66163000,lstm_global,supervised,CAMELS-BR,0.8817431278722283,0.8587677654524828,31.501683127688565,16.809509903826612,-1.8070694883153575,-0.002617910498459497,0.8710221702888524,103.24226193723379,152.64404065321568,0.46348148584365845,0.3546750545501709,188
66171400,lstm_global,supervised,CAMELS-BR,0.8808103645366305,0.9127132057739124,3.6794199195588706,1.7609770857257607,2.852156903442768,6.171846795523933e-05,0.9228818309038229,13.853325840442833,18.568687438964844,0.22738881409168243,0.19363822042942047,81
66171500,lstm_global,supervised,CAMELS-BR,0.6505564637889387,0.7581449347854874,6.026316346494875,2.9363220093098095,2.0823877467116625,0.000624647499146494,0.8426455432738923,22.620505038397997,40.03796416463302,0.10647407919168472,0.08534783869981766,188
66173000,lstm_global,supervised,CAMELS-BR,0.7602687038432698,0.8301652304395448,14.097788976170193,6.314645645466257,1.2538711327226661,0.0012141383658463038,0.8868020068900127,54.91991211496048,103.85406980752241,0.1428418755531311,0.117497518658638,188
66174000,lstm_global,supervised,CAMELS-BR,0.8090122848473111,0.8893509386216012,4.254572223266075,2.103852187735694,3.1201496848543178,-0.0009240035786477682,0.9235912423491479,15.591258343765983,23.038178930102497,0.19216015934944153,0.21618324518203735,175
66175000,lstm_global,supervised,CAMELS-BR,0.8120291809065809,0.8000263991182412,4.448507576456229,2.0120732618525703,2.149464999349717,-0.0005999259220381362,0.8212292169611352,16.438489512653256,25.756169314178806,0.18602874875068665,0.1196824461221695,187
66200000,lstm_global,supervised,CAMELS-BR,0.9410742288771968,0.9247464645506747,10.85022464543551,6.742473558946089,1.8532843234187844,-0.0004861276083506869,0.9293198608274137,30.880625716505826,48.31468430591327,0.15197190642356873,0.13079696893692017,176
66201000,lstm_global,supervised,CAMELS-BR,0.807146861806379,0.8988800317545347,17.849823361412728,8.912565982088129,1.7079038068911852,0.0003466009811491262,0.9691175922014998,57.34503133363165,69.51231669121042,0.18205010890960693,0.18184681236743927,188
66210000,lstm_global,supervised,CAMELS-BR,0.8967319665074267,0.8918694025630799,45.63423668842365,26.246830351809237,7.029556262877817,-7.003292329871638e-05,0.9000665123573588,129.6040957721608,56.66393920225485,0.3052615821361542,0.28188416361808777,188
66231000,lstm_global,supervised,CAMELS-BR,0.9655148256252661,0.9638941934846823,8.559846762726476,4.033865867777074,2.2652058762630394,0.0002247078836119926,0.9663167953435651,13.170408996325156,3.6897394250078968,0.04104781895875931,0.051623400300741196,188
66240000,lstm_global,supervised,CAMELS-BR,0.8174254986407417,0.7886396774378694,61.4616795471822,27.861537388392858,-1.238968844501776,-0.0013139978507967637,0.8069193916947378,211.57275462585756,400.5431267395043,0.3405742347240448,0.257000595331192,168
66240080,lstm_global,supervised,CAMELS-BR,0.9604273073694678,0.9731253905028842,12.146016886666901,5.916853925015064,0.011277120535952779,-0.00024476265226678544,0.9812929298336633,28.82827579197336,11.934576904720194,0.09275847673416138,0.10442498326301575,188
66250001,lstm_global,supervised,CAMELS-BR,0.9266753018111429,0.9517684699090714,51.00384556569892,26.27975731707634,3.0068025975298625,0.00024826081774603943,0.9667689646833096,131.8040149822181,44.92986692854757,0.2432478815317154,0.26240092515945435,188
66255000,lstm_global,supervised,CAMELS-BR,0.955208121243945,0.9427398926906219,46.939416123318615,26.34981626145383,3.741233292464405,-0.002077790939449065,0.94611951101233,113.17956902737781,47.36767803533026,0.2628466784954071,0.2510763704776764,188
66260001,lstm_global,supervised,CAMELS-BR,0.9275173138265226,0.9091466048707779,72.42805942350812,39.684457778930664,6.217591064731865,0.00038434173669064237,0.9140702460740486,200.8910638831688,301.8210179015538,0.297281950712204,0.3076140284538269,188
66260002,lstm_global,supervised,CAMELS-BR,0.9231850909872034,0.9336916413981183,106.17058364910598,69.98282945567163,5.515673516881793,-0.0014636612819911854,0.9447170789312541,196.85037448340395,207.97549718722826,0.4532177746295929,0.3802611529827118,145
66280000,lstm_global,supervised,CAMELS-BR,0.9920202943474905,0.9699380475030347,15.210640838055484,11.66717185144839,2.9497522178476605,-0.00020621925775123583,0.9700791291639619,10.498744157016858,4.5171689099541,0.1599806696176529,0.15733805298805237,184
66340000,lstm_global,supervised,CAMELS-BR,0.9677457626098329,0.9616437932967582,21.068756376715115,7.444115438579042,1.3247892629932385,-0.00029427134369188965,0.9650353999910863,84.73051695441097,0.7682446117249405,0.10378151386976242,0.10185221582651138,162
66350000,lstm_global,supervised,CAMELS-BR,0.9993134333300845,0.9863631865626983,3.821979113498842,2.8945331979305187,0.45580215358131954,-0.0007529332495498399,0.9863644686662141,2.8397611828388083,1.8945550917078924,0.04713357239961624,0.04695288836956024,188
66360000,lstm_global,supervised,CAMELS-BR,0.998245864851781,0.9845553905059838,4.404093249315628,3.5054075840541294,1.0826092149667281,-0.001543050948929342,0.9845634945115739,2.1055740521741946,3.872745303312701,0.06154542788863182,0.06191713362932205,175
66370000,lstm_global,supervised,CAMELS-BR,0.9984576373302793,0.9873615273287853,6.414633333429439,4.844988519253011,0.765822582773182,-0.0006486820160330441,0.9873738721901012,2.202747367278932,0.7515886711631657,0.06472057104110718,0.06296417862176895,179
66380000,lstm_global,supervised,CAMELS-BR,0.8866707744136438,0.9043265415524921,11.521143137041328,6.6664340193100395,2.1455853924127792,-0.0015047966303727775,0.9234121693166583,33.35251205328208,29.43394840691438,0.21215493977069855,0.15581132471561432,181
66384000,lstm_global,supervised,CAMELS-BR,0.7481236684688604,0.8615735453485558,1.7510945153779236,0.9736636851696258,-0.5373241859425,8.752899308054046e-05,0.9527399946675854,4.965513846317449,5.249714101759916,0.1593097448348999,0.13222339749336243,188
66390090,lstm_global,supervised,CAMELS-BR,0.6749241898508631,0.6881809925384128,5.422648143770069,1.9342026748609813,-7.699025875619241,-0.0025375510786737956,0.7394881008982745,21.364600747830227,32.88885148605934,0.5066377520561218,0.336411714553833,176
66400000,lstm_global,supervised,CAMELS-BR,0.8260417793345949,0.8161279378495367,24.80254499452081,11.286984193892707,1.2468571823508359,-0.002604011725082336,0.8359145342077754,92.68036725573421,189.06761256845076,0.23821774125099182,0.17202140390872955,168
66400360,lstm_global,supervised,CAMELS-BR,0.9293234616241167,0.929454624399238,8.504757287972991,5.513936623283055,1.2121561248668884,-0.00010325691667560817,0.9379865630464446,24.17341634157393,14.794286133748205,0.15007799863815308,0.13265211880207062,184
66400390,lstm_global,supervised,CAMELS-BR,0.8860241220140354,0.9068226171137297,11.42705366618996,6.788668941049015,4.289583013795352,-0.0014262904859583259,0.9193030740446545,24.184755693845375,28.720501744363396,0.15538959205150604,0.13163617253303528,136
66430000,lstm_global,supervised,CAMELS-BR,0.8838744982424501,0.8984328633503694,14.067472059636183,4.973074524096271,0.4235367536066479,-0.0009728882024098821,0.9175674296287786,52.539632373310845,80.50683443541074,0.3579033315181732,0.33035901188850403,179
66440000,lstm_global,supervised,CAMELS-BR,0.7486392648170348,0.7653179738497118,12.7106215572242,4.580725390860375,0.5715403571197774,-0.0015809069779692021,0.8060770567223158,51.507785295835966,93.56951811883374,0.4754237234592438,0.3497074544429779,188
66450001,lstm_global,supervised,CAMELS-BR,0.8911801323106133,0.8738743880289257,30.98671446104314,17.675641816237878,5.605214526055914,-0.0010113537926637068,0.8846514606598241,95.84935680524374,142.6954166308673,0.3651379942893982,0.29192790389060974,145
66455000,lstm_global,supervised,CAMELS-BR,0.946639865350093,0.9668982000341333,2.6777468169856964,0.9708105338380691,1.2746422634443046,-0.0007005496056233396,0.9792981502572035,2.428275281024543,3.257815128401184,0.181551992893219,0.18617677688598633,188
66460000,lstm_global,supervised,CAMELS-BR,0.9825727488732662,0.9698743383947758,17.97777871867537,12.173330307006836,2.6224245741539307,-0.0004952693303191171,0.9708189462146872,40.76978342613623,52.002984832504765,0.19258110225200653,0.18296226859092712,140
66465000,lstm_global,supervised,CAMELS-BR,0.995970954980436,0.9906695305401038,5.150172344305215,3.3571072842212435,0.15329643122853626,0.00040403312845723426,0.9908769784334565,1.534209718628836,1.973317096039368,0.05846862494945526,0.057662975043058395,188
66470000,lstm_global,supervised,CAMELS-BR,0.984616291425961,0.9814900613763373,13.505134031460395,6.464581523222082,1.0444666607407767,-0.0012716323577693749,0.9830798727893952,0.38019497396947294,0.21904555928771446,0.11055538803339005,0.10773012787103653,170
66489000,lstm_global,supervised,CAMELS-BR,0.80891160662841,0.8729467460210549,6.089052048061754,3.6183188215215156,-0.22941941961642082,-0.0003635067208842208,0.9217623402448195,17.153646489922362,12.449628700075705,0.10806278139352798,0.08893044292926788,188
66490000,lstm_global,supervised,CAMELS-BR,0.962973525388999,0.9789711649505615,3.1404382102233783,2.192165253010202,0.5322663559492626,0.00018936873231930555,0.9884170403562063,5.245046426105187,2.59536519287953,0.09747577458620071,0.09847810119390488,188
66520000,lstm_global,supervised,CAMELS-BR,0.7666224664533954,0.8420044188316537,9.540902559316155,5.0100574220929825,1.973075961520928,0.000690868139421992,0.900812968415584,32.91935925277401,58.65741378920498,0.25097891688346863,0.16504184901714325,140
66522000,lstm_global,supervised,CAMELS-BR,0.959858507100485,0.9432924016061356,7.131054754321615,4.878925010339538,0.7756691828830178,0.00010359290126171414,0.9465473478674786,12.591666737316348,19.032898572401564,0.2254122942686081,0.20011034607887268,134
66523000,lstm_global,supervised,CAMELS-BR,0.8608351349942089,0.840351564253479,14.56781187978399,7.633261741475856,-1.00462692461234,-1.3772147083418798e-05,0.8558086458012301,50.575509496387326,101.88095983733602,0.24027299880981445,0.20787563920021057,188
66525000,lstm_global,supervised,CAMELS-BR,0.9517466720887376,0.9155457094021198,10.697141791113939,6.310369877105064,-0.8905865872810343,0.00045445273200689536,0.9184483648233253,30.3847121431473,35.866804677232935,0.20841003954410553,0.19674299657344818,188
66525100,lstm_global,supervised,CAMELS-BR,0.9129063932839404,0.9036991345835956,6.254853849238183,4.249309713190252,-0.041335024656967895,-0.000712863563557248,0.9141109425129086,13.650534235318066,18.2440185546875,0.22205547988414764,0.1801597774028778,44
66600000,lstm_global,supervised,CAMELS-BR,0.995924890278688,0.9755569658776189,4.270187681718027,3.7473925366813754,1.694123453020622,0.00027727391533420055,0.9755723108119377,8.326712302722692,7.5518469138039706,0.07940598577260971,0.07480595260858536,162
66650000,lstm_global,supervised,CAMELS-BR,0.9962306895150131,0.9715348644366492,5.2874445491755635,4.757252466110956,2.340627603884305,-0.0006345621464047546,0.9715391039609315,5.420597672396388,0.9041062129843223,0.07559970021247864,0.07259070128202438,168
66710000,lstm_global,supervised,CAMELS-BR,0.9979558820294101,0.9868182454392161,9.249280422859673,7.4333013451617695,1.0682918719983827,3.789722310131374e-05,0.9868287682115391,6.670085419706562,8.067069483593286,0.04740316793322563,0.046961460262537,184
66750000,lstm_global,supervised,CAMELS-BR,0.9966275002576956,0.9865886015374561,11.303486909055273,6.970592182644165,0.905352143983035,0.0007846856649912793,0.9866500059317967,3.9407047340235657,3.9269004597590644,0.044676244258880615,0.04286930337548256,181
66800000,lstm_global,supervised,CAMELS-BR,0.9987340692268186,0.9875676768475068,10.864802874472703,9.378909132215712,0.8797933110014802,-0.0003262443287344579,0.9875695927567634,8.182517486060767,3.1373393797510354,0.0322139598429203,0.03181871771812439,180
66810000,lstm_global,supervised,CAMELS-BR,0.9975671920948894,0.9813838059642104,20.05851022277298,18.10097081610497,1.6539601613742172,-0.0004390018260136009,0.9813853431424757,8.372072020547991,4.209535163545395,0.03619767725467682,0.03573805093765259,188
66825000,lstm_global,supervised,CAMELS-BR,0.9990798099565481,0.9897576436214977,5.511117672047687,4.556226202782164,0.4556522570473556,-7.168882686525192e-05,0.9897594712665909,2.0576543941311285,0.11945994375762432,0.025534724816679955,0.025131644681096077,188
66830000,lstm_global,supervised,CAMELS-BR,0.8648339621397049,0.8801338706496757,0.23802176585480608,0.13406770914158922,2.4799440167196445,0.0006180459620278526,0.9014822096341575,0.7255377165348215,1.2686452076845964,0.22816963493824005,0.20653270184993744,188
66840000,lstm_global,supervised,CAMELS-BR,0.7573283159169382,0.8932941429333976,10.162595117491948,5.375960693359375,-1.3378207536768232,-0.0007141145310135778,0.9592105235291972,4.850035535582956,6.73846435546875,0.03000103496015072,0.025781206786632538,25
66845000,lstm_global,supervised,CAMELS-BR,0.9590368017007006,0.9617443575403243,10.59878813195935,5.787925598469187,0.7340401522085629,-0.0005809216028894153,0.9676449287298096,24.164562857662293,5.628831683599133,0.15595293045043945,0.14945855736732483,188
66849000,lstm_global,supervised,CAMELS-BR,0.8004655034035432,0.8448776569942388,15.416392371441841,8.815963942071665,4.277086248717057,0.0008272546823986857,0.8835889777754397,49.217118137842284,45.20530618331354,0.2849336862564087,0.22564412653446198,184
66850000,lstm_global,supervised,CAMELS-BR,0.8861872508492933,0.9415646492798881,10.44222499914624,6.605022962703261,1.295669678226287,0.00396245720819694,0.9846001564104154,15.915836658235502,27.232528686523438,0.19128747284412384,0.17856338620185852,43
66855000,lstm_global,supervised,CAMELS-BR,0.8673373683601601,0.9176066204125198,9.36544632454202,5.015500319631476,0.9251085161239613,-0.0005521426630122374,0.9536750959534779,26.824462287008956,6.126284204137373,0.2482491135597229,0.21554043889045715,152
66860000,lstm_global,supervised,CAMELS-BR,-0.044588381648805075,0.5092783250873253,0.596506330507342,0.4382109956921272,2.7003721603301756,0.00012898191659529903,0.9318206270774537,0.5305644559520774,0.3663745955225544,0.07277772575616837,0.060459770262241364,106
66865000,lstm_global,supervised,CAMELS-BR,0.28313447982742446,0.26959651969157783,6.715268027493712,1.4500765636049469,2.4904661822087992,0.0018998125500192696,0.4146583137736525,29.088608864715805,61.1700341614173,0.29951727390289307,0.15988779067993164,174
66870000,lstm_global,supervised,CAMELS-BR,0.6737747194366714,0.7149895054733275,59.37139423970151,27.73529799441074,0.2240175466537956,-0.0005462054447302276,0.7745449138671624,213.1196219364227,403.8360644709801,0.20182877779006958,0.14804422855377197,188
66880000,lstm_global,supervised,CAMELS-BR,0.9761473641708828,0.9649662188233967,21.733525306000864,13.470539904655293,-0.44674243628728233,0.001030828094406763,0.9668497569468706,51.617019571385086,38.906507948634086,0.1537017822265625,0.15918490290641785,188
66885000,lstm_global,supervised,CAMELS-BR,0.8584608300665817,0.934344682748463,3.65021689550969,2.7206714771412037,-0.3171676653099724,-0.00021892326051822374,0.9801082802819582,6.804044111281777,6.804044111281777,0.013088983483612537,0.014994869008660316,27
66888200,lstm_global,supervised,CAMELS-BR,0.8798579843359481,0.9018845121593841,1.277198218831492,0.6839478396567977,2.5002786765203036,-0.00011042206721368492,0.922851447427115,3.021917904925291,2.012717524672986,0.3473238945007324,0.2892807722091675,119
66895000,lstm_global,supervised,CAMELS-BR,0.9975742335488473,0.9821517694354085,20.566400741946214,19.118753960792056,1.6235367497620767,-0.0003542922826517787,0.9821523273527006,10.782596840420268,11.263689122154561,0.03391837328672409,0.03321225568652153,188
66900000,lstm_global,supervised,CAMELS-BR,0.8952541799098266,0.9190361894084431,16.193734809554844,8.38575924203751,5.880828820104957,-0.00015340245365774198,0.9352163464157572,57.20512980680335,48.195390912749836,0.5424661040306091,0.4964433014392853,188
66910000,lstm_global,supervised,CAMELS-BR,0.9867124246690729,0.9490770015091993,5.485275453502616,4.034800045926806,4.911121996489413,-0.001287721021157713,0.94933213144877,11.508906794004348,11.45440673828125,0.29879793524742126,0.30686646699905396,71
66920000,lstm_global,supervised,CAMELS-BR,0.9909878019442365,0.9763356469764288,3.2957860110974577,2.2387486204094844,1.083067922969604,6.679534438417539e-05,0.976698778543133,0.4323679927462861,0.2256549533142602,0.17716524004936218,0.17346955835819244,109
66923000,lstm_global,supervised,CAMELS-BR,0.6414011088895313,0.815167551037235,0.17235741609145083,0.08154654502868652,3.400181074506808,-0.00030859841146343124,0.942216969182116,0.4671150024224296,0.5808040873565361,0.11037478595972061,0.09959918260574341,131
66926000,lstm_global,supervised,CAMELS-BR,0.8058716522470293,0.8962440042740445,12.359495316350635,6.884675468717303,3.8696793158986673,-0.00011019666417193263,0.9597858749974797,43.005198352502106,44.43622081331878,0.28381773829460144,0.25732308626174927,168
66941000,lstm_global,supervised,CAMELS-BR,0.7521157539857712,0.743201199876391,24.691981707331028,12.90685853552311,-1.6408954346679683,-0.0009131722891779284,0.776607993723921,87.04167867213246,110.41426020314952,0.36019355058670044,0.282421350479126,188
66945000,lstm_global,supervised,CAMELS-BR,0.8733981342204791,0.8914954247738378,21.775085022566323,11.117406987129375,0.8895000622882072,-0.00025855241532362315,0.912924877006591,72.5561601294007,78.59058345763691,0.36093491315841675,0.2783203423023224,188
66950000,lstm_global,supervised,CAMELS-BR,0.9758313576969492,0.9674344348263247,5.493460873230361,3.3928060835334146,1.3973140078601205,-0.0018394920391031095,0.9694988756045693,0.6128490758093105,0.9499621492990323,0.1878901571035385,0.17160871624946594,157
66960008,lstm_global,supervised,CAMELS-BR,0.9991192184537123,0.9874642481089637,26.958515750954042,22.30245082584892,0.8067727584669803,-0.00016204882131437906,0.9874657357996316,30.10548070821691,16.172000536224076,0.042172301560640335,0.04195960611104965,127
66970000,lstm_global,supervised,CAMELS-BR,0.9980599601965707,0.966786438316625,35.20969471235209,25.297431458818153,-0.6368721623692762,-0.0002685843658075636,0.9667869592555921,82.69815411849328,72.58740926762832,0.03272370621562004,0.03205395117402077,188
67006000,lstm_global,supervised,CAMELS-BR,0.9988677107759811,0.9877334134380528,21.215168262277704,16.930918375651043,0.717608515019074,-0.0001446407577143042,0.9877350975865176,6.402855036803369,6.222412109375,0.028385749086737633,0.027765098959207535,84
67025000,lstm_global,supervised,CAMELS-BR,-0.5430290364621113,0.0015362031785501884,18.01824067518802,5.788164107802034,49.14132836684766,-0.005504937452794199,0.010718469664882657,74.18356139827216,127.24134216612762,0.8618180751800537,0.8751283288002014,119
67030000,lstm_global,supervised,CAMELS-BR,0.999136349489728,0.9880820403148229,22.892518439749416,18.542750906437,0.7345113059298031,-0.0006163312633609072,0.9880836870809196,6.28696623369933,3.9290080800858114,0.03751551732420921,0.03669393062591553,188
67050000,lstm_global,supervised,CAMELS-BR,0.9993797625142065,0.9828648986117592,23.629507148121217,17.848689488002233,0.03650762169910678,-0.00026667358113797654,0.9828653279050754,37.161169957425656,34.296875,0.03858617693185806,0.037344273179769516,84
67100000,lstm_global,supervised,CAMELS-BR,0.9959329943255508,0.9764335962960887,36.678762305759335,30.814489945121434,2.074761188184843,-0.000193925960479022,0.9764468064285708,74.94485258042617,23.263655782871286,0.03971194848418236,0.03775905817747116,184
67170000,lstm_global,supervised,CAMELS-BR,0.9532997900837956,0.9208213155601437,26.247768356314094,13.500572096811583,5.822218721173163,-0.003531721697501343,0.9227885618537564,85.44967122260186,86.94442663582102,0.48031583428382874,0.5203114748001099,146
67175000,lstm_global,supervised,CAMELS-BR,0.8353424655080133,0.8809578878120097,12.786789509784624,5.641514063020014,8.782421212821818,-0.0010594831065869684,0.9109824287985856,9.377991743839175,16.756761216320765,0.7336376905441284,0.5897657871246338,121
67176000,lstm_global,supervised,CAMELS-BR,0.9003119060514004,0.9060960602146942,4.946794582885269,2.197922367138983,7.589566436875273,-0.02190007897832886,0.9204744652419485,18.393087620122436,1.5003994699606538,0.7937065958976746,0.681405246257782,145
70100000,lstm_global,supervised,CAMELS-BR,0.3663588721082476,0.30790094478590435,43.112515215375474,14.258154837374992,-16.87463487717504,-0.0036758016696607568,0.38923335747519316,180.77953185238,312.70347500076997,1.153411865234375,0.7872492074966431,188
70150000,lstm_global,supervised,CAMELS-BR,0.5560201635030806,0.6312383784818043,211.24412750075734,82.11968830108643,-9.731637038371542,-0.0037980235289863697,0.7292775813614921,831.1573466770449,1452.73011220171,0.9289321899414062,0.780585765838623,175
70200000,lstm_global,supervised,CAMELS-BR,0.5783904149528424,0.6095510679386136,94.5778437095144,40.54487973071159,-3.2763641431469046,-0.004303968172504474,0.6868019742754932,361.7199623287073,518.0648200032437,0.9383335709571838,0.7305010557174683,188
70300000,lstm_global,supervised,CAMELS-BR,0.5834043643070687,0.6355737578461382,70.51142416086924,25.687216615423242,-0.6088430956664502,-0.006549427938207595,0.7154951040797651,293.0824933305905,498.7554324797399,1.122544527053833,0.8093978762626648,188
70500000,lstm_global,supervised,CAMELS-BR,0.640707045908929,0.5832657456864101,21.3699390909432,8.617703081286969,-3.8965030395839384,-0.00215983545547304,0.6198656478706026,87.34147649648716,149.1819398739689,1.0052741765975952,0.7310133576393127,188
70600000,lstm_global,supervised,CAMELS-BR,0.41696385840323436,0.4380349643500657,22.38608980471931,8.283432617783546,-8.561016065820446,-0.003565795643902109,0.5522565345306679,91.48072573600257,156.96354545828575,1.0148721933364868,0.6468925476074219,188
70610000,lstm_global,supervised,CAMELS-BR,0.4277410870053383,0.4284558536990897,57.262466487550384,23.275248083046506,-8.473905521945296,-0.0009612534160292618,0.5325689337651687,229.61742362347638,354.7840418600855,1.1253712177276611,0.6663089990615845,175
70700000,lstm_global,supervised,CAMELS-BR,0.25771995713127394,0.6053313760015882,189.89165716149216,85.93284047918117,5.304414332989369,-0.0017410179628092257,0.9245022541641907,689.634583557528,882.1280676375904,0.8814560174942017,0.7257609963417053,188
70840080,lstm_global,supervised,CAMELS-BR,0.6670691890600635,0.6868985711415361,129.34208348333755,57.570114947379906,-2.0759351493340907,0.004643485173666442,0.7215597596114848,469.2041187990223,1026.3487548140633,0.32664045691490173,0.2363860011100769,188
70841500,lstm_global,supervised,CAMELS-BR,0.49068614843449854,0.49924231085235327,4.688635069587793,1.7351717662290145,-7.103400483396139,-0.002369110373840917,0.5902271430035044,19.18301740705852,28.6686265553999,0.6330872178077698,0.4263775944709778,183
70842000,lstm_global,supervised,CAMELS-BR,0.523990911000325,0.4541381823789967,11.44528227426187,3.906496350792633,-7.81153122154527,0.0012160817606450929,0.5024841489686438,48.29378315069155,78.06227605779598,0.620028018951416,0.420199990272522,174
70843500,lstm_global,supervised,CAMELS-BR,0.6836593164531104,0.7714059135308519,2.1488200856503314,0.9353623707657275,3.9135757737600496,6.956251027747697e-05,0.8493153207024635,8.176150448575246,14.838477950727903,0.5162481665611267,0.4321289658546448,184
70844200,lstm_global,supervised,CAMELS-BR,0.5355275890375636,0.6177174913428765,8.408092041911825,3.6793811614500647,3.9287503582980516,-0.0018024877802149545,0.7248309821520187,33.98079811023111,64.33091883481812,0.39233726263046265,0.25768253207206726,187
71200000,lstm_global,supervised,CAMELS-BR,0.8245979158964296,0.8340787574244393,19.01614813167475,9.6426378539268,-2.8587552657281363,-0.0012154856399668526,0.8608461234907638,63.25339591453858,94.02376807584825,0.6970070004463196,0.6341485977172852,188
71250000,lstm_global,supervised,CAMELS-BR,0.8577862912550909,0.8688791633709383,8.699748567342938,3.541525835686542,-2.4957636379306467,-0.0018596154113632302,0.8909515419509644,27.723582340699224,56.439785583468286,0.7963500022888184,0.7443563342094421,188
71300000,lstm_global,supervised,CAMELS-BR,0.9632430486422597,0.9437760876609322,11.830408548755546,7.728096642392747,-0.5728134219207303,0.003725894729963531,0.9466662288006611,19.14269763530703,8.409880155756856,0.5790055990219116,0.5369395017623901,188
71350000,lstm_global,supervised,CAMELS-BR,0.9864442091802555,0.9319687093912619,17.571480843238888,10.489299794460864,-1.5116011103228386,-0.0024178195927363963,0.932129014074038,51.06361638320962,87.18653957362864,0.5031926035881042,0.49662813544273376,188
71350001,lstm_global,supervised,CAMELS-BR,0.9747090651151189,0.9658779256159117,17.56397825365688,9.79850518449824,-0.42118144265145907,0.0010187583764342673,0.9682432121703366,15.130736779457619,16.870082334725335,0.4786607325077057,0.4721280336380005,188
71380000,lstm_global,supervised,CAMELS-BR,0.9759425857697491,0.9475637818616164,18.052283952177117,10.220579827085455,-1.0165235687374938,-0.0007918069619057555,0.9487348564410022,42.37482757930705,75.71199948925344,0.5082604289054871,0.49401259422302246,188
71383000,lstm_global,supervised,CAMELS-BR,0.9806669083507512,0.9671868263540105,20.362459924792315,12.884950008798153,-0.728202084306754,-0.00356710095777827,0.9685576363601154,26.918657030179023,42.58957251455663,0.4643208980560303,0.4662884771823883,188
71385000,lstm_global,supervised,CAMELS-BR,0.6864273250237185,0.7613595969654582,0.30334625107845353,0.1829487623527963,19.0855372170086,-0.002198406412294098,0.8029654178688524,0.9332761357890254,0.4263896939512733,0.6866931319236755,0.5921095013618469,188
71386500,lstm_global,supervised,CAMELS-BR,0.9236901287077552,0.9285934741289374,30.34936094834116,11.881656820469715,-0.5552104160645266,-0.0029481693235235036,0.9399568998685549,109.23852332764218,243.65704917429684,0.5250176787376404,0.5422676205635071,188
71490000,lstm_global,supervised,CAMELS-BR,0.7330515818101396,0.8633292631566898,4.162954404439775,2.148482446670532,3.8646031665331773,-0.0014292374618121509,0.9553897961947961,15.288813251464685,9.9660243036359,0.6122255921363831,0.5498722195625305,175
71495000,lstm_global,supervised,CAMELS-BR,0.74610413853224,0.822526436079678,2.672020936992399,1.282644564642551,-0.5634098242557769,-0.0006887295184070698,0.8857842440243032,9.280877554112852,17.185373541067396,0.7410494685173035,0.6108013987541199,188
71496000,lstm_global,supervised,CAMELS-BR,0.9340227501990093,0.9240772084113078,4.296345847009937,2.3799493194285017,-2.26147242177464,-0.0011095374407629373,0.9313896391302644,13.017699103613934,3.700499563187633,0.5923659801483154,0.4994382858276367,181
71498000,lstm_global,supervised,CAMELS-BR,0.8617844076056591,0.9028575591614733,16.822971037658494,8.885458197999508,2.1133509250308724,0.0004102600022960097,0.9337557449060321,56.16947509215943,68.48466150184095,0.5373236536979675,0.48232099413871765,188
71550000,lstm_global,supervised,CAMELS-BR,0.9616599393906035,0.969029976713766,68.9471411843655,35.893339887578435,-0.8260703993490622,-0.002615873329490606,0.9755449864052823,186.4408259765661,261.5744946856049,0.5272329449653625,0.5142154097557068,188
71800000,lstm_global,supervised,CAMELS-BR,0.9751411889230761,0.9791860919569553,71.98588647587623,40.15899553041201,1.0842346946450445,-0.00045149317212784396,0.9831693925032007,180.64473692558195,148.09831787014713,0.5480225086212158,0.5858805179595947,185
71840000,lstm_global,supervised,CAMELS-BR,0.8286616236475423,0.8302654762557047,121.61342265845042,66.8099988572141,-0.20509784371854012,-0.0028527045980248703,0.853911363290528,380.7051519367987,741.896477350899,0.5087223052978516,0.4172002375125885,188
71890500,lstm_global,supervised,CAMELS-BR,0.21275342247843565,0.17881972316140005,1.673133575009333,0.41404089688303625,-1.4486265873992619,-0.0034838017094526094,0.32290260972402984,7.153276412913821,15.48141223062799,0.6102652549743652,0.30733343958854675,188
72300000,lstm_global,supervised,CAMELS-BR,0.8386463902697838,0.9185546880133938,296.1153443824314,143.50758597191344,0.9515607516638299,-0.002781190951674454,0.9801648435084782,954.5142818282899,1084.0525791703121,0.5246568322181702,0.49757540225982666,188
72400000,lstm_global,supervised,CAMELS-BR,0.6027012787810362,0.7302153765523405,24.89688180356263,12.173616832302462,-8.716840209847222,-0.006654948821663457,0.8332625023772965,78.52121577976637,104.5447769165039,0.5845165848731995,0.4425670802593231,62
72428000,lstm_global,supervised,CAMELS-BR,0.8485303306320168,0.8272936836763474,25.432622889531007,10.787514996021352,0.28018306487446354,-0.0003047269139276332,0.8440471155070794,93.84597327986233,88.91292999414885,0.7378597855567932,0.6754063367843628,188
72430000,lstm_global,supervised,CAMELS-BR,0.8064104372756764,0.7375660842319052,37.81524847771367,13.580236360113672,-9.539263247057823,-0.003428750298929289,0.7525091751588964,144.79381985760463,202.8144456759524,0.7802761197090149,0.6604340076446533,188
72530000,lstm_global,supervised,CAMELS-BR,0.7688920966307099,0.7567772377505881,16.148663718410806,6.917816510145691,-7.0969992789289185,-0.002352924558593858,0.7849723280195069,61.30437758999922,53.83666021881153,0.6976358890533447,0.6267868876457214,174
72580000,lstm_global,supervised,CAMELS-BR,0.5876148794110345,0.7505217488724906,34.01449855599689,10.598317653574842,-6.648363715316442,-5.505267346309073e-05,0.8539471181510562,144.16008364674542,200.91509651947297,0.789624810218811,0.7225266695022583,188
72630000,lstm_global,supervised,CAMELS-BR,0.6049518200802468,0.6044639839151249,105.54784660558201,36.50387557770343,-11.194706592240696,-0.0031145245815768254,0.6649127089892277,429.9222518833148,763.2863630318392,0.8551768660545349,0.625699520111084,188
72680000,lstm_global,supervised,CAMELS-BR,0.6193873362615332,0.6119681956109286,130.74408176621313,44.25315011815822,-11.924139215445551,-0.0012071930812586722,0.6682639758551496,524.1111244106592,543.2528661678848,0.9182444214820862,0.6865482330322266,188
72690080,lstm_global,supervised,CAMELS-BR,0.780441850492213,0.7776434793050434,274.97137968224655,124.1505998652032,-0.8432664305950931,0.00582735637746596,0.7987076966577831,997.3177750535731,2187.7821797922934,0.3097524344921112,0.22073158621788025,188
72700000,lstm_global,supervised,CAMELS-BR,0.8949402068909694,0.8895110672109399,190.0401879416013,118.96844263279692,9.339600161287688,-0.0018645756398807736,0.8969539127695765,386.41481028912546,690.3530168823539,0.3270704746246338,0.3050767481327057,188
72715000,lstm_global,supervised,CAMELS-BR,0.44790179523424145,0.3773149303721688,37.7191941896349,12.847369484127835,-15.44197018002447,-0.0066314177340159805,0.44071150366954515,158.9515304212395,272.8412517804776,1.000990867614746,0.6206371784210205,188
72750000,lstm_global,supervised,CAMELS-BR,0.828253313713083,0.7393276994090174,23.39016990225197,8.14681401151292,-1.7136472193120273,0.001267742605585688,0.7460035490275811,87.56028448056367,176.29862871294563,0.8367935419082642,0.6737354397773743,188
72810000,lstm_global,supervised,CAMELS-BR,0.49670509076277425,0.41386014664850745,110.60335512637148,29.95461010489058,-16.0956375253556,0.00012599126441272673,0.46344839560742257,469.0995267658516,865.1591498304305,0.9703173637390137,0.6784921288490295,188
72849000,lstm_global,supervised,CAMELS-BR,0.625196734390919,0.5455522582329689,144.97098390412165,42.61415618658066,-12.902204820756655,-0.00043451941940994554,0.5801353725030675,613.7956126212957,864.7802462628426,1.0075868368148804,0.7558233141899109,188
72870000,lstm_global,supervised,CAMELS-BR,0.7856995343735286,0.8580678359804919,9.47876304094734,4.607229725953112,8.912462911158254,-0.0030024646581458363,0.9071186680912815,34.1248888852067,15.009153454918607,0.8187503218650818,0.7590014934539795,188
72870900,lstm_global,supervised,CAMELS-BR,0.49439902485224496,0.4537614770881504,214.128399871678,70.5856648911821,-11.993977170066188,0.0001734576555078443,0.5206402085415753,898.3264112356534,1593.3508553400666,0.8623424768447876,0.6203221082687378,188
72880000,lstm_global,supervised,CAMELS-BR,0.6459489222885041,0.5355423263564492,227.64954373584087,57.87211925425428,-10.496995043669177,-0.0029496425638041793,0.5581319096993272,964.6260191554452,2123.223280642342,1.016139030456543,0.8276789784431458,188
72980000,lstm_global,supervised,CAMELS-BR,0.7858412042208425,0.8247953114159721,132.00030579903418,53.87201509577163,-4.690774108693913,-0.003838845629598204,0.8658971095180035,483.09026004306793,391.07949563772996,0.9173217415809631,0.8222297430038452,188
73010000,lstm_global,supervised,CAMELS-BR,0.8823537392624434,0.9309377191351441,465.26542806352387,228.2526090852507,-0.21798195501864084,0.0024991577773974573,0.9652354267877924,1450.0674750489309,2098.991278171479,0.6332329511642456,0.6207988262176514,182
73170000,lstm_global,supervised,CAMELS-BR,0.1086662358099808,0.5744629179798062,55.90553242119908,17.538788841125815,5.034940400463971,-0.008731268170343313,0.8899892767401878,224.3588465981085,356.7393746550489,1.04666006565094,0.8303082585334778,188
73180000,lstm_global,supervised,CAMELS-BR,0.4797694918222971,0.6347313609726563,40.29282390341808,17.08795669545298,-8.878061951041694,-0.00569917592017298,0.7791982789707654,151.18444465831067,220.0154314162159,0.9695623517036438,0.8463116884231567,184
73200000,lstm_global,supervised,CAMELS-BR,0.641423441673769,0.5078931153944941,1083.701160489668,371.14106993241745,-16.311595113576228,0.005167638422526516,0.5207217030968303,4099.293343087046,5884.5361328125,0.8233458995819092,0.6235020160675049,44
73200080,lstm_global,supervised,CAMELS-BR,0.7392539595656887,0.667194167656114,801.3473691282459,274.8200756641144,-6.4733799031689445,-0.0026068704442940172,0.6886862088787589,3284.9265351799295,6195.3649887707315,0.44768616557121277,0.33551183342933655,188
73300000,lstm_global,supervised,CAMELS-BR,0.8219721312088772,0.7830316201115265,14.853760522326498,6.651983377726181,-1.3946837134769108,0.0006639145220707354,0.8008541893287898,57.35659501287039,48.07590202691774,0.8489804267883301,0.7163620591163635,184
73330000,lstm_global,supervised,CAMELS-BR,0.5804301331907449,0.4995762306308863,34.593206556275796,12.54409498864032,-12.299370699325681,-0.0013663927536499317,0.5386842172650637,142.2355868787307,268.2727889630965,0.9782002568244934,0.7656107544898987,188
73350000,lstm_global,supervised,CAMELS-BR,0.7166221300697322,0.8160697980740678,29.494691515532953,15.374763245278217,12.10164619823509,-0.013211596372853435,0.8783216037777016,108.0284857984714,208.1228785627021,0.748742938041687,0.6355802416801453,188
73390000,lstm_global,supervised,CAMELS-BR,0.9588475462858583,0.9171501294081699,9.650253585821543,3.6492655505525304,0.3572776681924216,-0.0027744408653851034,0.919121175253623,38.26232073705011,64.63429700985851,0.46851080656051636,0.4259117543697357,188
73420080,lstm_global,supervised,CAMELS-BR,0.5676417634171071,0.649718806320122,33.82575545094935,22.61792358248792,25.08312798218107,-0.008219139691469157,0.7007534592506464,90.19065847164006,144.78391427318928,0.4189881682395935,0.21818029880523682,188
73480000,lstm_global,supervised,CAMELS-BR,0.7206816635761659,0.6644386127329591,41.28512570553669,23.78625449921166,6.695441345399363,-0.00129148324704703,0.6904710733160192,146.71617883370735,220.4642424997799,0.5458099842071533,0.3840119540691376,179
73500080,lstm_global,supervised,CAMELS-BR,0.4389568329105519,0.3615771548131632,98.19842954386253,30.36934434606674,-2.4221393399996107,0.0005554909998381034,0.3975570338559611,410.4745349657001,863.8821208658247,0.514039158821106,0.33919286727905273,188
73550000,lstm_global,supervised,CAMELS-BR,0.8412437537154205,0.8199900445984603,621.2500436627752,316.9528824826504,-5.715909621026686,0.001899423309362519,0.8367136198340499,2181.188296547431,3352.153042089968,0.4910688102245331,0.43548232316970825,188
73581000,lstm_global,supervised,CAMELS-BR,0.95167905581059,0.9661660937423008,13.371922502383246,6.359028628615082,1.9871735311255023,0.00010301719413772017,0.9759849004372029,37.257800623523295,46.276879159538424,0.6969687342643738,0.6746206283569336,183
73600000,lstm_global,supervised,CAMELS-BR,0.7413055541239157,0.6082989314973122,66.43986752314537,18.745581176686795,-9.20126016902485,-0.0010431392783249588,0.6189974558248972,283.26383629181083,512.4708896282868,0.7285970449447632,0.5295456647872925,188
73600600,lstm_global,supervised,CAMELS-BR,0.7280314360025586,0.6626223988771405,48.06216912193466,19.64400068242499,-3.436187262571248,-0.0004292458631422365,0.6856538995473593,192.74898960656728,388.94490836938695,0.5497133731842041,0.43646132946014404,188
73600700,lstm_global,supervised,CAMELS-BR,0.7739789054699286,0.7678734665564113,25.280863133345523,19.278534102183517,18.85768272017165,-0.010486014282959356,0.786997817770671,58.9094954584273,75.1857805644982,0.43860307335853577,0.3382059931755066,186
73610000,lstm_global,supervised,CAMELS-BR,0.46126159076237383,0.5336360779608726,49.106438472597745,16.224336572467013,-13.717984665236461,-0.0074959961822853236,0.6557608349661739,193.30679916747602,262.6920577179549,1.3229913711547852,1.068930745124817,188
73690001,lstm_global,supervised,CAMELS-BR,0.7605845065130532,0.8386371044442902,14.61734735570861,4.919802483091963,1.7602700803132094,-0.0019448137683678278,0.8905662923776726,60.42911193515554,111.14785635132561,0.722591757774353,0.6021577715873718,188
73691000,lstm_global,supervised,CAMELS-BR,0.7941922549457121,0.859101909670681,10.83030555038837,6.081531380085235,4.5667153487634975,-0.0010970696279379091,0.907701951736338,34.83776758869534,46.21272236964656,0.6249616146087646,0.5147634148597717,188
73693000,lstm_global,supervised,CAMELS-BR,0.7784868086347934,0.6775011865326095,27.109979007382158,9.292301436815903,-9.125270723798394,-0.0017061320375452577,0.6904038623268549,112.20412245520372,158.52763967374003,0.722432553768158,0.5760650634765625,159
73700000,lstm_global,supervised,CAMELS-BR,0.8830115057088642,0.8948643953161733,9.169066527115659,5.390676846958342,8.933428804813044,-0.0005022496576919215,0.9093996155829069,26.955909670271367,3.763682041057977,0.5644019246101379,0.48450374603271484,105
73705000,lstm_global,supervised,CAMELS-BR,0.5928255859181968,0.5329097951939523,60.0406949757537,15.974099154167988,-8.41025053800263,-0.0033059556519310484,0.5714708001419646,246.8271026523679,520.926317708226,0.6871367692947388,0.5029610395431519,188
73730000,lstm_global,supervised,CAMELS-BR,0.8139319484735044,0.8931164209475836,47.754238928224034,24.02827279111172,5.6092099494296015,-0.0040405304017680395,0.9322475552408639,154.23536837879365,256.8086991707633,0.6161710023880005,0.577826976776123,188
73750000,lstm_global,supervised,CAMELS-BR,0.8176460032952906,0.8067265462202124,70.24618478674667,27.928680305895597,-0.39203185891303916,-0.0006011125710168388,0.829087666834449,275.07180316306494,528.4285412536,0.6833257675170898,0.6272348165512085,184
73765000,lstm_global,supervised,CAMELS-BR,0.6549121958989852,0.6711669816168488,7.750032476455461,3.5356957462296124,23.484539861684826,-0.009018924639016605,0.7237089235030829,31.651683839285734,50.22995825534085,1.2368221282958984,0.8193511366844177,160
73770000,lstm_global,supervised,CAMELS-BR,0.8150072239688417,0.6872770764070694,128.09819570502466,48.69002805364893,-0.7754067245448101,-0.004063370725283084,0.6929502893361861,528.8338458510487,973.9193602494364,0.6852449178695679,0.4785674214363098,188
73780000,lstm_global,supervised,CAMELS-BR,0.33558756636200726,0.3557816205935004,36.04620447185968,13.743299900851351,-8.885637863086808,-0.012110442273515432,0.4976697137096998,144.60297769274487,289.4033746548874,1.2184809446334839,0.7209531664848328,188
73820000,lstm_global,supervised,CAMELS-BR,0.5008649962415685,0.5452604285069707,19.018773097950355,7.715699698300438,27.22730559471556,-0.04539971386373627,0.6412546305112479,73.12137578620222,141.6172841329118,1.4341633319854736,0.9133625626564026,188
73850000,lstm_global,supervised,CAMELS-BR,0.570931098016673,0.5621887847130759,359.39339282074764,98.58636784553528,-11.20903246136496,-0.004251128488612699,0.6281550274485674,1534.01384167667,2239.0544934279837,0.9165895581245422,0.816502571105957,188
73900000,lstm_global,supervised,CAMELS-BR,0.8117600695449179,0.7916726669185115,7.276341746405015,4.263332956173318,18.985270313398953,-0.002020697821446177,0.8096031141256613,25.195125278988545,16.15373498022717,0.8881500363349915,0.7418551445007324,188
73960000,lstm_global,supervised,CAMELS-BR,0.6606621359832516,0.5477598109689847,253.66908351243796,81.5724575113743,-8.612016706090024,-0.0011265123898880347,0.563576201464767,1062.1326486587595,1910.4062351301206,0.762891411781311,0.536468505859375,188
73970000,lstm_global,supervised,CAMELS-BR,0.728082811261311,0.8131485978898617,109.15335290356902,46.297640354075334,-0.08013264073428414,0.0007288505365190823,0.8799249204043313,409.8850003009727,789.7618755729036,0.7152596712112427,0.6310491561889648,188
74040080,lstm_global,supervised,CAMELS-BR,0.5501750137586277,0.5010283082567626,1075.2757924143923,340.80422843770776,-2.2790442748257878,5.2233941940250245e-06,0.5297406781737868,4488.437949154615,9952.645249945086,0.4439777135848999,0.2937811017036438,188
74100000,lstm_global,supervised,CAMELS-BR,0.6198788325056221,0.5533430857274904,1645.1526326815222,581.8815298689173,-8.72903860486661,-0.006169540227699832,0.5888816555106777,6844.925085855607,12164.195856211942,0.6242055892944336,0.35369929671287537,188
74205000,lstm_global,supervised,CAMELS-BR,0.24954805752686082,0.24916571646830943,29.956024213168764,7.323932064645117,-13.123625413898395,-0.0021582474014941837,0.42119140835264157,131.01266230611296,265.0912658370703,0.9465997815132141,0.6363313794136047,179
74210000,lstm_global,supervised,CAMELS-BR,0.6308554958054289,0.6068109482782251,105.21034436813126,40.19343180828784,-13.482515030704903,-0.0042529055535023355,0.6537386421761874,401.6472002045643,240.1188896260672,0.7206215858459473,0.5114190578460693,166
74270000,lstm_global,supervised,CAMELS-BR,0.6406360057057601,0.590743042262845,243.4519993998961,71.39106006825224,-10.816252575165048,-0.0009377868994582608,0.6258757804572361,1000.0971524480198,1932.400773410271,0.9200436472892761,0.6840047836303711,188
74295000,lstm_global,supervised,CAMELS-BR,0.7214051274950288,0.7519539180415582,9.096718997337353,4.4913483887435275,16.530775470523945,-0.013898786282228438,0.7954418196095137,30.897820132631516,46.12112837405009,1.1239556074142456,0.8588434457778931,188
74300000,lstm_global,supervised,CAMELS-BR,0.5318084091107764,0.5442265015575254,52.488487060639685,19.34845828074724,9.63757070726822,0.014715968520269294,0.6255843422650418,207.7100246291884,292.0788987684619,1.6043059825897217,1.0961500406265259,188
74310000,lstm_global,supervised,CAMELS-BR,0.6931092766480267,0.7177225039293125,49.13531598105966,20.81967921021544,-9.0544436986777,-0.0028832091207242824,0.7697832898002288,172.9215955059898,242.00696753226126,0.9206440448760986,0.8145291805267334,162
74320000,lstm_global,supervised,CAMELS-BR,0.727099180110971,0.7496873369990518,17.815017759724782,8.014280706482088,21.10270281194561,-0.004722748520472074,0.7876830519287357,67.27898519274547,91.33788274452382,1.069335699081421,0.8256000876426697,184
74329000,lstm_global,supervised,CAMELS-BR,0.5227284857363093,0.5097406120072581,2011.127250244956,634.687219254514,-9.4558602351248,-0.0026884650341436854,0.5797943825184748,8388.771727340098,16917.679549136083,0.5733951330184937,0.34449371695518494,188
74345000,lstm_global,supervised,CAMELS-BR,0.8610696550629421,0.8400587002041195,9.41164904291406,3.0124027538806835,-4.933974794347333,0.0004491962656158095,0.8553203199852879,38.886416929424236,9.419208950567247,0.4772322177886963,0.42740488052368164,188
74370000,lstm_global,supervised,CAMELS-BR,0.8037432652427556,0.8915492887398024,36.45593850210848,16.6330817303759,4.339600458538403,-0.002840001222123637,0.954122369053696,129.78951996434455,113.20456369953006,0.5742552280426025,0.49602019786834717,188
74420000,lstm_global,supervised,CAMELS-BR,0.4492259996493675,0.5768129526753734,14.467307682459728,5.283601458085344,2.183424392735078,-0.001311574090824847,0.7285363659174857,56.299038111773235,93.48602767884755,1.102574348449707,0.9234069585800171,188
74422000,lstm_global,supervised,CAMELS-BR,0.6145960922352833,0.7002141340601657,15.9507707545506,8.090911715747193,20.73271068981633,-0.011731689318698911,0.7387953336341774,42.672835832532726,38.07757280444231,0.8771749138832092,0.8107495307922363,188
74424500,lstm_global,supervised,CAMELS-BR,0.4820927630978389,0.4650280359720267,120.63949365740213,38.860741843251475,-14.373653331175063,-0.00677166689990507,0.5478187053407503,512.3262766868796,729.7591146084457,1.2318036556243896,0.8576577305793762,188
74460000,lstm_global,supervised,CAMELS-BR,0.9680335998604883,0.963888342137598,2.8461599971565095,1.3092127226768655,0.372299145702061,-0.003786287275255859,0.9675844105675839,3.093474131483245,0.837678338065446,0.2939372658729553,0.29580575227737427,188
74462000,lstm_global,supervised,CAMELS-BR,0.9543852036430369,0.9663065966075834,2.8274273509388417,1.6509150545647804,0.11826701211321179,0.0007529377308310731,0.975331365783556,3.479762956057346,3.3328571862904335,0.3799050450325012,0.3480723798274994,188
74463000,lstm_global,supervised,CAMELS-BR,0.8898425016199591,0.8451146623131149,9.042925057600318,2.7723047555761133,-1.7550407601385256,-0.0021561788539466963,0.8538497210771404,36.393774173000665,79.27202157683017,0.3846180737018585,0.3488875925540924,188
74465000,lstm_global,supervised,CAMELS-BR,0.9513234171292438,0.909923183368972,7.876226975895932,4.841512640740009,2.728222090363999,-0.002082069792100117,0.9126420380790812,24.739747063045943,16.579291026990003,0.4380224645137787,0.3357737362384796,188
74467000,lstm_global,supervised,CAMELS-BR,0.8726932466643182,0.9159991228489041,18.13411518786618,7.963233969544851,5.575246417113871,-0.007124917588742022,0.9434471253531191,64.66488337861094,109.54559932249303,0.496801495552063,0.44894638657569885,186
74470000,lstm_global,supervised,CAMELS-BR,0.8821542178026545,0.9205058140009492,20.05889529609829,10.764362479143955,4.400141371967871,-0.00494912655942744,0.9471497626503516,52.701646758906385,24.77453809941533,0.5299332737922668,0.48082661628723145,188
74500000,lstm_global,supervised,CAMELS-BR,0.7192572214507599,0.6940250266933049,1409.1560525659804,557.6483988660447,-4.904932263223925,-0.000151726677223369,0.7262540360640719,5673.754368402019,10836.109550996392,0.5162066221237183,0.3901406228542328,188
74600000,lstm_global,supervised,CAMELS-BR,0.8235088451320586,0.8811029716251694,31.481057811525734,16.30550356621438,0.7203131765132411,0.0019074769840694492,0.9250146106816531,91.38730825642322,130.40997610493926,0.728528618812561,0.6641556620597839,188
74610000,lstm_global,supervised,CAMELS-BR,0.5503503641672519,0.7440842469828388,71.59132572666213,23.261441921934168,-2.8018947566092005,-0.0021478730527762606,0.9135126714440939,279.3466489141129,503.4048560577443,0.8024338483810425,0.6800987720489502,188
74700000,lstm_global,supervised,CAMELS-BR,0.910157122576503,0.8644420790292345,23.28882964112774,8.09907507300377,-2.0583086993042676,-0.0062087949069339655,0.8706428873983363,72.61780396964848,114.05798747485639,0.7094590663909912,0.6299924254417419,180
74750000,lstm_global,supervised,CAMELS-BR,0.25978266179288245,0.2599430917905391,19.36452144051321,6.217076980063449,-18.20153309220344,-0.002795895672175565,0.42934456157912326,80.68646830686072,161.8621262524597,0.906935453414917,0.558464527130127,184
74800000,lstm_global,supervised,CAMELS-BR,0.8684642364761925,0.8653591848855646,1040.473164029169,557.421326982214,-9.529934695103224,-0.005691854562630078,0.881527072505518,2838.6327057569565,5065.09817450977,0.5050017833709717,0.5448612570762634,188
74880000,lstm_global,supervised,CAMELS-BR,0.7526086835269753,0.7478212796299817,18.423078027092,7.576742425877997,-5.981561322125442,0.00019079723719010386,0.7824348134250363,65.90590586111193,68.03111152943688,0.6743617653846741,0.5551754832267761,188
74900000,lstm_global,supervised,CAMELS-BR,0.7880206546433292,0.8113554528636003,30.43422278784745,11.818166780083075,-5.775178118920754,-0.006720932261446204,0.847322235456426,115.4050493042614,197.1672331638346,0.8387325406074524,0.7192569971084595,184
75155000,lstm_global,supervised,CAMELS-BR,0.8566508149848595,0.8299992509398062,36.71331321985761,14.84342966131542,-4.988662266540999,-0.001558294771414167,0.8453008492100129,129.3986356247656,135.28712072778995,0.5783161520957947,0.5048130750656128,184
75181000,lstm_global,supervised,CAMELS-BR,0.7446772555812081,0.6860666660072641,64.86561638714103,21.065372753650585,-8.998856066368026,-0.0011888043091348166,0.7103858346903933,250.13466298260988,451.34451058249124,0.617109477519989,0.4855991303920746,188
75185000,lstm_global,supervised,CAMELS-BR,0.7933983488337821,0.7507720655418029,5.782025630041398,2.62387013853642,-2.1771391029077636,0.0004945362134633844,0.7710072112169885,19.63656668814135,27.35245529008987,0.4553012549877167,0.38076725602149963,171
75186000,lstm_global,supervised,CAMELS-BR,0.7778630331172556,0.6461616348191983,13.41243820742512,3.892171172068474,-15.212779737963391,-0.002175190104588722,0.6571803861185916,55.70304065144893,87.4850396021854,0.9301960468292236,0.7790225744247437,188
75200000,lstm_global,supervised,CAMELS-BR,0.7977956363410049,0.7269812467441772,17.387558423611384,7.220126948753992,-8.869108789027129,-0.0022283653579695875,0.7428169360304225,63.934754226502235,80.95299235115361,0.6320591568946838,0.5454820990562439,180
75205000,lstm_global,supervised,CAMELS-BR,0.7082245738227062,0.7041916032757198,23.134601053833578,9.826376904832555,-5.3477034224151305,-0.002166631196903121,0.7451806874339838,87.0517886678232,141.71732201153517,0.6026895642280579,0.4823007583618164,188
75230000,lstm_global,supervised,CAMELS-BR,0.8201240101546585,0.8113617193437799,103.80247664596777,36.542420270595144,-4.642260913860843,-0.0006511358517986808,0.8348322505229021,398.3347652380659,724.36456100214,0.5649398565292358,0.4892301559448242,188
75270000,lstm_global,supervised,CAMELS-BR,0.8148048778726952,0.8980386013526364,9.245549171492424,4.485783394645242,-0.333330948781542,-0.0009785792667774199,0.9619581677216001,24.901073358738554,33.1081905496052,0.6619647145271301,0.6325148940086365,136
75285000,lstm_global,supervised,CAMELS-BR,0.664189384983713,0.6796434007670983,26.84222314950985,9.760942444016662,-9.361549311359258,-4.304723084151002e-05,0.7334371827959472,104.57209806656509,189.38052040921852,0.707175612449646,0.5494952201843262,158
75290000,lstm_global,supervised,CAMELS-BR,0.8543375418173492,0.7977796895663544,28.46330673131497,10.313357657574592,-3.2731489514589636,-0.00129799529696379,0.8083889962118815,113.45952522479679,136.62625964861613,0.5236539244651794,0.48334717750549316,188
75295000,lstm_global,supervised,CAMELS-BR,0.7619532519826973,0.6724789271217623,64.52445093602581,23.08025537906809,-9.087173056195574,-0.002192201617522961,0.6887499521447598,252.6010142402264,366.95267676265064,0.8008862733840942,0.6009394526481628,188
75300000,lstm_global,supervised,CAMELS-BR,0.929143259255011,0.929220226068623,52.57782674645064,28.553134623994218,3.59298616326884,-0.0023241619625606023,0.938121057812441,165.2337028880634,259.19068540769797,0.662054717540741,0.6252229809761047,188
75320000,lstm_global,supervised,CAMELS-BR,0.920489613186461,0.9113614244889875,68.65454775874609,28.579380542673963,-0.2449340112557592,0.00036571267134745747,0.920688104093284,267.2114029885345,193.15785437953525,0.5949564576148987,0.568138837814331,188
75325000,lstm_global,supervised,CAMELS-BR,0.9354449880185607,0.9174003315337128,65.82995848202985,38.62578834371364,1.4872049551200144,-0.0005427154599182138,0.9236619491222207,189.8363229016946,210.20132401183338,0.5568088293075562,0.5410575866699219,188
75400000,lstm_global,supervised,CAMELS-BR,0.607744413171599,0.5506918786331112,39.3051120962444,13.835134365705139,-1.0179149775400316,-0.0009080488524703147,0.5849760400926487,165.56329696179696,320.9805340849072,0.992638885974884,0.7056798338890076,179
75430000,lstm_global,supervised,CAMELS-BR,0.33791970707163954,0.45354290026312827,16.363678151973097,8.018566901379444,11.092364983588023,-0.0013897413055923256,0.6293640851168252,63.98503914248963,108.32290676045086,0.7445650100708008,0.5178060531616211,188
75450000,lstm_global,supervised,CAMELS-BR,0.85789444625405,0.8992054010388996,51.76909892070147,20.545614283844078,7.042147484288526,-0.0025234724021409166,0.9257088518421454,188.39133338662228,278.8090059561413,0.9315218329429626,0.8515562415122986,179
75500000,lstm_global,supervised,CAMELS-BR,0.8617040127811748,0.9195722476468309,72.92277584170738,31.324106581833053,4.199722034878612,-0.0010508320412160911,0.9575981312237765,180.26530608082783,78.25754458441644,0.8053443431854248,0.8092576265335083,184
75550000,lstm_global,supervised,CAMELS-BR,0.9628877618104811,0.967136073436744,715.8755152761844,384.5705550173496,0.5760061451223207,-0.005146705523122651,0.9725813898502222,2326.0630583252855,1159.7435950159727,0.5216153264045715,0.5427820682525635,188
75600000,lstm_global,supervised,CAMELS-BR,0.2392119027602544,0.20825443071393857,38.754249033095505,13.308494611207317,-28.20819989484371,-0.0038086529647243933,0.3804791615820753,157.75837901316328,218.61558378580784,1.269473910331726,0.8122639060020447,188
75650000,lstm_global,supervised,CAMELS-BR,0.4605760734928366,0.44314584949468316,92.69997515344637,35.30665158955975,-11.769311862205043,-0.010744210071900129,0.5324904767175059,368.49372357501113,527.2086960168122,1.369041919708252,0.9101777076721191,188
75700000,lstm_global,supervised,CAMELS-BR,0.9345007117178495,0.9052672708373644,70.62732803087354,31.81692526165558,-0.8731789578979849,-0.010519367579383002,0.9105687141109353,231.24349962343305,138.04579062259938,1.1617777347564697,1.0309760570526123,184
75780000,lstm_global,supervised,CAMELS-BR,0.9821121401193563,0.9611723254325747,634.7704274012901,379.6672509376039,2.4063427597310065,-0.002997493582951847,0.9619764792267456,1916.0578741281874,1472.301237557877,0.5524353981018066,0.5514864921569824,188
75900000,lstm_global,supervised,CAMELS-BR,0.9933533397790885,0.9655043719362307,308.995136857326,209.91537735310007,1.5738102686190747,-0.0022620278368544466,0.9656014351285803,766.3560315054636,1370.9114387520274,0.4175865054130554,0.3972862958908081,188
76077000,lstm_global,supervised,CAMELS-BR,0.3430740339552515,0.45607882883528705,45.41951747448849,15.935494459214363,-12.76974057607919,-0.012539687709594169,0.6377349913653511,183.62537013587675,338.5086126004471,1.0404084920883179,0.7517776489257812,188
76085000,lstm_global,supervised,CAMELS-BR,0.5443349472949529,0.5208542647368702,48.87451283570577,21.04106452648944,-4.64656418143584,-0.005243760488499595,0.5841729473580981,189.79320569076097,222.82840786961378,0.9921624064445496,0.6407736539840698,188
76100000,lstm_global,supervised,CAMELS-BR,0.723441067873204,0.7395279124187708,91.6041822274147,28.967356612986844,-9.943542513480892,-0.006357562327398585,0.7772031087914814,373.04840880993174,667.5156966211364,1.0711547136306763,0.8608464002609253,184
76120000,lstm_global,supervised,CAMELS-BR,0.8656097171496238,0.8998867598446193,47.532863423374444,18.993297330331693,-0.004998001715049079,-0.0021140959270189857,0.9277852169283611,172.15498046786018,350.1350846194982,0.9136929512023926,0.8662810325622559,188
76251000,lstm_global,supervised,CAMELS-BR,0.9412432531122932,0.920901775472296,11.899272367352404,5.64701997536294,3.447953433470405,-0.005479161626557406,0.9262696453679468,38.89650614456248,69.77565988574537,0.9673397541046143,0.9150128364562988,188
76260000,lstm_global,supervised,CAMELS-BR,0.23263910828208323,0.3257120911514605,42.82402435235434,12.586568079244943,-5.105741972440588,-0.011739094090861352,0.5556089880378061,175.0016143345005,333.1438496403304,1.3592509031295776,0.9173712730407715,162
76300000,lstm_global,supervised,CAMELS-BR,0.9620849718689928,0.9140933020625527,35.58375352028272,16.346937311456557,-1.1414231847360992,-0.0041391655510548825,0.9156729084187509,107.49840783828778,99.83771788732741,0.948213517665863,0.8650469779968262,188
76310000,lstm_global,supervised,CAMELS-BR,0.980211923262295,0.9515724049472221,47.84828567905556,24.23995709926524,0.8304384192631816,-0.0013596005873033612,0.9524026686766339,174.988242597016,78.26629509318172,0.745185136795044,0.7237389087677002,188
76360001,lstm_global,supervised,CAMELS-BR,0.8592613362090467,0.8608663341977361,20.24542507011746,9.154330940118857,-7.726785331001919,-0.0015603246146920005,0.8803741430230879,59.13157961558816,74.254946371642,0.8951606154441833,0.8744589686393738,168
76380000,lstm_global,supervised,CAMELS-BR,0.7090794074509503,0.7793983552971935,26.732480847085107,13.135097265482587,-5.561328175808114,-0.011734180746430168,0.8449068107058768,75.55767384041803,48.14726536694676,0.9408397078514099,0.8103445768356323,187
76395000,lstm_global,supervised,CAMELS-BR,0.8925526162626739,0.87634348034286,3.8764201766290687,1.7704054697563774,-1.262712860242245,0.00012046673473248282,0.8884312792127047,14.20381550303292,21.85921611539076,0.8015233278274536,0.7082005143165588,171
76440000,lstm_global,supervised,CAMELS-BR,0.6314393969579212,0.6869209577254984,90.26600541953206,29.060743926359073,-14.126201933221092,-0.005660998750967809,0.7465431216306868,369.31611103208076,394.59072091136994,1.1163707971572876,0.9277076721191406,182
76460000,lstm_global,supervised,CAMELS-BR,0.5121180628561673,0.6084579275421886,54.0304577662807,18.459083017414017,-2.4288710138162672,-0.001378366619070797,0.7295395447701356,221.5432887352021,433.73626137463333,1.1920465230941772,0.8518610596656799,173
76490000,lstm_global,supervised,CAMELS-BR,0.7813068089435413,0.7947107370694031,133.40017473681038,44.91921014121816,-5.023917425444371,-0.0034284021757938384,0.8280229097035219,543.0662746266804,1051.988924919602,0.7518818974494934,0.7038496732711792,158
76500000,lstm_global,supervised,CAMELS-BR,0.983959218744327,0.9548213584842513,94.56652055082864,48.644859166248985,0.5535887206445006,-0.0032765576429292648,0.9554087682628409,231.29834565171407,279.8094550406526,0.6426534056663513,0.6023194789886475,184
76550000,lstm_global,supervised,CAMELS-BR,0.5344949568092511,0.6771650208437705,5.8882481684026615,2.357375400612153,-1.2534398631040753,-0.00046502608433435406,0.8145654561053846,24.207578318682682,39.21367779398114,0.409720778465271,0.3381824195384979,166
76560000,lstm_global,supervised,CAMELS-BR,0.9878688873064326,0.9721904064736513,89.13153503295095,53.82111621917562,1.3717071180344709,-0.0057873452343200835,0.9727791852277722,206.68709962498656,111.73970832306814,0.5810093879699707,0.565669059753418,188
76600000,lstm_global,supervised,CAMELS-BR,0.9842751655263814,0.9553496172529595,96.66602419579009,50.317650018493985,0.2030978828422835,-0.0008392725167789272,0.9558728356007277,292.8894951518406,299.72349125797354,0.5202319622039795,0.5038172602653503,183
76630000,lstm_global,supervised,CAMELS-BR,0.8411160005853736,0.9046463238592517,17.57476653600604,8.567899976087654,0.8261647370778934,-0.004328813528227667,0.9513105244945976,52.83307795265824,71.82698428749109,0.8478146195411682,0.7928604483604431,184
76650000,lstm_global,supervised,CAMELS-BR,0.8872738538119513,0.9242151910753792,24.046079211919395,10.134862581888834,0.7518098348513387,0.0003287979060612872,0.9510142156461907,66.39552922938256,111.57142379634517,0.6329146027565002,0.6359432339668274,177
76700000,lstm_global,supervised,CAMELS-BR,0.9310103565725067,0.9480469246054014,31.847322391199775,17.21748413781371,0.5382188557275733,-0.00754782561161714,0.9613251150082375,68.8005239012629,30.914419025423978,0.945525586605072,0.9358518719673157,162
76742000,lstm_global,supervised,CAMELS-BR,0.7482595485761663,0.637525507577323,26.575129649800303,7.59335398293556,-8.010792185068134,-0.00351944279296542,0.6511617654906463,111.88886488944195,221.1058302700825,1.127042293548584,0.9369494915008545,188
76750000,lstm_global,supervised,CAMELS-BR,0.9446385709588633,0.9275805480371045,48.53941665103529,21.105802253205727,0.08429665466334564,-0.0080514821208,0.9328376444885046,166.14888040227478,64.94678101771655,1.0616440773010254,1.009549617767334,188
76800000,lstm_global,supervised,CAMELS-BR,0.9856464525711576,0.9745430028004549,138.10935291862702,76.53703697691573,0.5501552965495683,-0.004100403340635751,0.9755039687663072,205.4380930676733,189.56479483151443,0.5811927318572998,0.55010586977005,188
77150000,lstm_global,supervised,CAMELS-BR,0.9925193817418729,0.9687365572153245,413.6392270326114,285.14713449681057,1.4485362826780295,-0.0028793472805379514,0.9689106751471434,554.1457483201664,917.7715909876233,0.4050755798816681,0.39792394638061523,188
77500000,lstm_global,supervised,CAMELS-BR,0.6813480393319579,0.6611983237128818,127.7907674004037,34.04482272711206,-1.2819296116389367,-0.008030926441948937,0.6986077550362704,539.3888880403408,1074.7018057632008,1.3524433374404907,1.1879256963729858,188
77585000,lstm_global,supervised,CAMELS-BR,0.9157289338914216,0.9280733724636111,107.83688778051064,48.53861528049315,4.543691244680054,-0.014838132264725745,0.9417164872407107,263.9182692907461,261.63603514431077,1.1611121892929077,1.1801526546478271,173
79200000,lstm_global,supervised,CAMELS-BR,0.6475106898070193,0.7776601487558854,10.529472293425284,3.752145614243664,13.828997725910599,-0.005821821344138497,0.850933126597593,43.705413055539374,63.01504407280905,1.2476310729980469,1.0113030672073364,157
79400000,lstm_global,supervised,CAMELS-BR,0.7705463188851917,0.7091336885534758,17.46083544596597,5.65626507077411,-8.058639970339025,-0.010484792116627662,0.7300277474276597,67.54719757507009,104.65955871460251,1.252874493598938,1.1149340867996216,166
80100000,lstm_global,supervised,CAMELS-BR,0.24417043891679113,0.351272679840009,5.152733483559802,3.0088740747246967,2.932606591386836,-0.003906465886829181,0.5753616576258558,17.67322661971865,30.00894748847676,0.7154611945152283,0.3810451924800873,149
80130000,lstm_global,supervised,CAMELS-BR,0.26906901596268973,0.4525802887545698,1.5051025495105508,0.720035452751597,-1.900671465004704,-0.003379064406739697,0.6967376163730465,5.424267132719528,9.563310303509601,0.3410339057445526,0.21602769196033478,157
80200000,lstm_global,supervised,CAMELS-BR,0.2210614713982264,0.16993313728703474,1.2523759920706297,0.2734356104281911,-0.38013593204874585,0.0004591746676058193,0.2497312824378466,5.383750693146035,11.362100382331924,0.5829042196273804,0.35027390718460083,171
80280000,lstm_global,supervised,CAMELS-BR,0.11572958316393511,0.12553346282949074,3.8829914668881296,1.2180238667498813,6.347756900087828,-0.004885879571009659,0.36717223959313694,16.607873679259484,34.221718808631124,0.6555999517440796,0.3626410663127899,178
80410000,lstm_global,supervised,CAMELS-BR,0.14004371925392956,0.13354210843495506,4.383300397863685,1.7515171299109589,16.39749747310357,0.0002499970089308405,0.3252616109402654,17.331872166676675,33.57607602058972,0.7707169055938721,0.4517361521720886,148
80800000,lstm_global,supervised,CAMELS-BR,0.0330144414656065,-0.08118070808600963,10.64935942394921,2.9442177877745817,-10.70250169516303,-0.00056147557963648,0.21469217830763998,46.312308302827084,96.88114046537882,0.8679695129394531,0.470855176448822,179
80850000,lstm_global,supervised,CAMELS-BR,0.2271452403222366,0.23117612424382128,9.324484480782333,3.2002860366321,4.250014631050637,-0.0008685861278465712,0.38957390382376045,37.53080096992131,79.65185746191527,0.7776937484741211,0.5567463040351868,183
80860000,lstm_global,supervised,CAMELS-BR,0.26971440025654836,0.3182256559212595,14.25247489352482,6.01937201474164,5.078229433234546,-0.0006842125409756688,0.4942185383253811,56.4721577191136,111.31329333734556,0.6761646270751953,0.44420769810676575,185
80870000,lstm_global,supervised,CAMELS-BR,0.9200022835708987,0.9159789518750656,1.465018179600752,0.8369490230608286,-1.0838544347474237,-0.0017862428093485087,0.9261606606335081,3.5802668852097073,5.901534365061365,0.45115676522254944,0.423597127199173,159
81019300,lstm_global,supervised,CAMELS-BR,0.5728173075299074,0.623840284050502,1.7973659353877784,0.7251585046219271,6.969598038123411,-0.003135749708733225,0.7072493612544577,7.401883556125164,14.453200618488554,0.4535469114780426,0.29549333453178406,172
81019350,lstm_global,supervised,CAMELS-BR,0.7147331540647734,0.6266877326790332,5.036469674895835,2.0711142636360007,0.024136934224850217,0.002413136146962855,0.6418981753124366,20.01845190881663,40.328435859640734,0.5162249207496643,0.3501894474029541,188
81020000,lstm_global,supervised,CAMELS-BR,0.11691799983321416,-0.01775806077513975,9.1164557373426,1.9964794234225625,-31.686602343515496,-0.0037628297163755705,0.06643180850577446,39.69049199954485,55.599220275878906,0.8940812945365906,0.22000665962696075,38
81060000,lstm_global,supervised,CAMELS-BR,0.8697478500519136,0.9114357531387625,0.47254332369468754,0.24401190099508865,3.3215088320288637,-0.0005014744487247414,0.9404055179456741,1.3902535466938668,1.1879521024270114,0.29186055064201355,0.25734102725982666,184
81080000,lstm_global,supervised,CAMELS-BR,0.5467869724948637,0.7542119640292345,8.345047375334223,4.5423206826473805,13.806209011980883,0.0003222227917034498,0.8456782873404306,31.32851877553591,53.69447941583104,0.33841681480407715,0.29535239934921265,188
81100000,lstm_global,supervised,CAMELS-BR,0.6903608992309892,0.8438382674529638,3.249544288609867,1.8254431993403333,5.522171109416312,0.00022266654495534978,0.9444189275608063,10.39367353707119,21.599934395672857,0.22173498570919037,0.19955198466777802,188
81102000,lstm_global,supervised,CAMELS-BR,0.7236186836087117,0.6800377465499736,11.661358531591308,4.489801292723798,-0.5840678809901693,0.0004618529823344122,0.7041394371492549,46.51632704449394,85.51226471834758,0.475050687789917,0.36333179473876953,188
81107000,lstm_global,supervised,CAMELS-BR,0.7289697784456273,0.8605823896851995,17.006406669839862,8.21238878940014,1.2936868747862476,-0.0005797529368169758,0.9720199854664515,57.170652616658295,7.461030347637083,0.4231829345226288,0.33994001150131226,188
81120000,lstm_global,supervised,CAMELS-BR,0.6101258634107416,0.7625071642074986,2.338651146242954,1.2839900813204177,5.360521853164464,-0.0038337124294623645,0.886688457568441,7.966842442746413,12.685855844341036,0.43637168407440186,0.3105126917362213,188
81125000,lstm_global,supervised,CAMELS-BR,0.48125847165757973,0.5499386658686003,3.509002532564529,1.4538604109845263,-0.3779683499508971,-0.0019730541943154337,0.6537073708746897,13.77035646820208,28.198128692999887,0.3237861096858978,0.22084133327007294,188
81135000,lstm_global,supervised,CAMELS-BR,0.7837914966781284,0.8517441985344942,24.960964147444965,12.703753856902427,-0.7274297304884192,-0.0004785478509437488,0.9052205700920969,74.00285810971752,33.20377807800963,0.47106435894966125,0.357205331325531,188
81139500,lstm_global,supervised,CAMELS-BR,0.3196452678547106,0.47377637313197085,2.6278787462330744,1.2477051786919857,3.2125645645997993,-0.0012261769302798174,0.6855580124690681,10.083767927917059,17.028616973710772,0.5101328492164612,0.31543928384780884,188
81140000,lstm_global,supervised,CAMELS-BR,0.19429264129622748,0.40038029370016437,4.2985498945923455,1.5583792062515909,2.3498310378003056,-0.0015463652987234393,0.674528243580655,16.139898008923385,36.15833262994593,0.34965646266937256,0.292183518409729,188
81160000,lstm_global,supervised,CAMELS-BR,0.06627396150884868,0.07908679547857123,6.600957280667877,2.222405746896216,-3.695482758494331,-0.00014251101991397293,0.38106940998942795,27.61407118425821,54.497815221751424,0.5116980671882629,0.2909248173236847,188
81170000,lstm_global,supervised,CAMELS-BR,0.7178621953313964,0.6515166139247897,63.90433035121879,22.491200345627806,-2.8114525821721,7.969305112580198e-05,0.6734807885192735,259.72707912219136,475.6757431399972,0.4192355275154114,0.2862359583377838,188
81200000,lstm_global,supervised,CAMELS-BR,0.6530897212610992,0.8087276137306583,32.90077219898868,16.538761666480532,5.625982533733045,0.001014961297363129,0.9283479487370034,120.0862663543843,176.41970183820382,0.4071451425552368,0.37308597564697266,188
81205000,lstm_global,supervised,CAMELS-BR,0.5089515096727203,0.5415403254125356,78.96900135900209,30.46952167189265,-5.170384788786165,0.0002398263145291027,0.6330976581063492,314.83236694112003,591.9022038406715,0.38160064816474915,0.2761791944503784,166
81210000,lstm_global,supervised,CAMELS-BR,0.3818729113292755,0.43562269864436154,2.1344497667689812,0.8654472675729306,-0.7105517701021226,-0.0007881344732728153,0.5797101739693394,8.779453818290119,16.305830201546705,0.3842713534832001,0.23353086411952972,188
81290500,lstm_global,supervised,CAMELS-BR,-0.018727735235330778,-0.03480696686676921,1.4044761495220157,0.2765027731657028,7.152920192300816,-0.009839193012825646,0.37847241868603076,6.21198542215534,12.452222038112,1.0761003494262695,0.5381232500076294,178
81291000,lstm_global,supervised,CAMELS-BR,0.5553211385472113,0.5639747233502741,11.688980288587317,4.757462108528221,-3.11698865020258,0.004662039842665826,0.6389813688287498,42.80815387075359,77.68427430454075,1.106490969657898,0.7152550220489502,182
81300000,lstm_global,supervised,CAMELS-BR,0.7259762814185977,0.7872761309999144,6.182426403501465,3.4257481148902404,0.43454739799463876,-0.00488877157952583,0.8449602754747682,19.909705373575157,27.745779795048083,0.47020480036735535,0.42265090346336365,188
81302000,lstm_global,supervised,CAMELS-BR,0.843804197029989,0.8372753840675785,3.9005548184184606,1.3705650542644745,14.365725020324547,,0.8552044123361334,7.005089719535704,6.985444504484223,0.3474222421646118,0.4013197720050812,188
81312000,lstm_global,supervised,CAMELS-BR,0.8527454295353454,0.6886106256831326,4.593031543476243,1.6939881370913599,-3.154892273988168,-0.0006290176427027373,0.690679763568614,18.877448008983865,34.48102858837844,0.48205670714378357,0.3779020309448242,155
81330000,lstm_global,supervised,CAMELS-BR,0.7915942894197885,0.8884138423599619,21.147204372632412,10.731041633278315,1.267949479776991,-0.0010499271554150393,0.9669960787577961,65.25858772385263,113.05491398821805,0.4212323725223541,0.3865421414375305,163
81335000,lstm_global,supervised,CAMELS-BR,0.8728677142029977,0.8159754876011217,17.41884130548922,8.852566140763303,4.203502377587602,-0.0007052813827357202,0.8253075628331524,57.28641177524122,120.60146277350358,0.4962593615055084,0.396541029214859,188
81345000,lstm_global,supervised,CAMELS-BR,0.2630698517274913,0.33499846860383,3.572016333843779,1.156927467026609,-5.685829982061762,-0.0011921256288085734,0.5416886387231274,14.947350490739474,28.257111591539815,0.4695093631744385,0.28157830238342285,188
81350000,lstm_global,supervised,CAMELS-BR,0.8077722765058907,0.8911654661068801,51.807421810990064,26.243496169587097,2.558850017052938,2.5777739095343352e-05,0.9534709417329804,166.57581472020402,290.509354620881,0.39394378662109375,0.34962236881256104,167
81380000,lstm_global,supervised,CAMELS-BR,0.8893064454005876,0.9273090074131245,33.36995029945024,19.108835740522906,4.485122000241717,0.00014218756388236463,0.9493276606852555,53.35874099349843,58.2049471730741,0.3447814881801605,0.3124935030937195,110
81420000,lstm_global,supervised,CAMELS-BR,0.7187434899503371,0.7885312287627657,77.84760782758856,29.30225636742332,2.3175666826901757,0.0007882246947087217,0.849964230357616,312.10815340269875,603.31202824115,0.2895493805408478,0.273914098739624,176
81428000,lstm_global,supervised,CAMELS-BR,0.18250108300758638,0.27301979552236555,1.267694318948098,0.6148815879479368,-1.3854144737061087,-0.0011234986494984573,0.5364542348495527,4.78883422486563,8.032401578191195,0.6775087714195251,0.3818780183792114,188
81429000,lstm_global,supervised,CAMELS-BR,0.7087860517917883,0.7524940803110837,5.837069022867703,2.788849239653729,-1.5309273570983601,-0.0017836243816147165,0.8084062430627176,21.884388715212634,36.173380933944465,0.47265756130218506,0.3746892511844635,188
81429500,lstm_global,supervised,CAMELS-BR,0.6615675326159178,0.6199904766288975,1.405040650206527,0.6473422251468481,-3.3977236501883588,-0.0018619179158856358,0.6568257395115837,5.328097219701498,9.628836839990168,0.3404705226421356,0.24647338688373566,172
81430500,lstm_global,supervised,CAMELS-BR,0.529329720654388,0.6125185238749566,2.8277845664865993,1.5766777431263643,1.9889315268867773,3.132569557246466e-05,0.7235448473673372,8.925859724228765,10.239417633520745,0.5904209017753601,0.38849368691444397,170
81440000,lstm_global,supervised,CAMELS-BR,0.5117905583600086,0.6407056764454588,3.7267657129706144,1.8783945631473622,6.124707415349712,0.00012702393268248548,0.7684976478740634,12.73815607213019,25.936035247292274,0.4338564872741699,0.3340005576610565,188
81450000,lstm_global,supervised,CAMELS-BR,0.7699116717668238,0.8670451896457585,0.8952919085447165,0.4691562208723515,0.12591419829349024,0.00024098865634772197,0.9431270937315027,2.8046373111295897,1.6343447607445694,0.2829988896846771,0.2596854865550995,188
81470000,lstm_global,supervised,CAMELS-BR,0.4225715225528782,0.692700543891866,5.895300782845448,3.438708391595394,2.546337749671353,-0.00425033443212984,0.9421476910680412,14.741160038352664,25.946067933374096,0.46566304564476013,0.40334799885749817,188
81470001,lstm_global,supervised,CAMELS-BR,0.4775292122757494,0.7469161495327752,4.869065222021178,2.587061145930614,4.3804901626810215,0.002705234443916918,0.9289709963680298,14.701998834502282,18.249367887565274,0.38171452283859253,0.35435906052589417,103
81491100,lstm_global,supervised,CAMELS-BR,0.8249027167204117,0.8076949605716885,4.685922699686657,2.0351229277990197,1.1955477179499834,-0.0013004244528436182,0.826496199871573,17.51321158249744,35.70836414990858,0.24827155470848083,0.2057916522026062,186
81501000,lstm_global,supervised,CAMELS-BR,0.7297118982640369,0.7815410448339191,3.286641710767158,1.5200141343203457,0.7111630913524292,-0.0033072306787520628,0.835575014083038,11.247613021825163,23.640738319442484,0.20490771532058716,0.17101611196994781,176
81510000,lstm_global,supervised,CAMELS-BR,0.7190096891820426,0.7886062870723008,3.9423887891132607,1.2593651375872024,0.6274632981479634,0.00010280958175213489,0.8512738448611175,15.150692630517282,31.40429862017963,0.1379988044500351,0.11371580511331558,188
81519000,lstm_global,supervised,CAMELS-BR,0.6202785659707444,0.6523362929303131,6.253603129341741,3.1125430908608944,-0.050748662180353614,-0.0009297606263778202,0.721378691017446,23.821457634030416,43.75293121592124,0.2673579156398773,0.18640604615211487,188
81525000,lstm_global,supervised,CAMELS-BR,0.6670421381952625,0.811467561934497,5.4201781744943,3.4917544405511083,4.872388284138434,-0.0025173312380208715,0.9179599277853898,14.568689984521383,6.894400906108476,0.32266494631767273,0.24938750267028809,188
81530000,lstm_global,supervised,CAMELS-BR,0.7975077147037701,0.8444760086693747,6.213947647798547,3.9967966946688565,2.304018224482227,-0.0008022440726455585,0.8823886490825891,10.619448750396622,18.681037804376814,0.18581750988960266,0.1402813345193863,154
81531000,lstm_global,supervised,CAMELS-BR,0.8909537082934864,0.8854377867891845,6.826725577486966,3.0640301174587674,0.898795054606218,-5.916778159802648e-05,0.8991217041045851,24.400270134206245,30.664046011927145,0.1430082619190216,0.12213960289955139,171
81532000,lstm_global,supervised,CAMELS-BR,0.8183734093585154,0.8001998757979448,14.605722989001952,8.465467899403674,0.9926521047354854,-9.930410250111061e-05,0.8219827050331326,46.6364632003703,51.41867222702202,0.2312757819890976,0.18191692233085632,188
81545000,lstm_global,supervised,CAMELS-BR,0.8308745943212195,0.9105950168330132,7.3246302604943985,4.766372658355891,3.157544175686391,0.0013368222310708227,0.9609632047275626,16.68673745542961,29.556026564832592,0.1771053820848465,0.1653256118297577,171
81560000,lstm_global,supervised,CAMELS-BR,0.48315243303630584,0.589401579766417,10.940028330960823,5.380011091841028,0.8116167482212375,0.00024631566199216984,0.7177693219154109,40.51431580694815,66.69401906387417,0.4372839331626892,0.27753207087516785,188
81575000,lstm_global,supervised,CAMELS-BR,0.31272356219329056,0.265904189325039,2.147927213143651,0.7735475818527505,-5.124701160650493,-0.0056139181401425355,0.3815017767652026,8.955478030988639,17.781194546470978,0.9906913042068481,0.5486660003662109,188
81580000,lstm_global,supervised,CAMELS-BR,0.5936838673805584,0.6787582079699988,2.0849489779582755,1.3517596925559796,17.43072435753096,-0.0027340893839106345,0.7606690219757541,6.765011838993963,5.331402711277896,0.949139416217804,0.6364229321479797,171
81585000,lstm_global,supervised,CAMELS-BR,0.7151593056356618,0.8035143888832665,1.3320932664502358,0.8449294016911433,8.195232445728191,0.0004388563700559074,0.8658865428932365,3.6685944037884006,4.613799024005221,0.4089294970035553,0.28788647055625916,169
81595000,lstm_global,supervised,CAMELS-BR,0.30075249828719963,0.5310337323544614,8.024775276412516,4.747810945839717,17.648252274547538,-0.0004957246587529961,0.7357676357241416,27.35737346620656,44.11923153367634,0.6500088572502136,0.4081205129623413,145
81597000,lstm_global,supervised,CAMELS-BR,0.19708798995178922,0.28280786320766815,3.6956499800992133,1.335850529773261,-3.348802262905407,-0.0019772383972418827,0.5319086286445751,13.495437172764035,29.45573833787515,0.3574146628379822,0.22993949055671692,186
81598000,lstm_global,supervised,CAMELS-BR,0.673391275903036,0.6369773451024957,9.708112261942922,3.525609151176784,0.21573842652594272,0.0005747199343412203,0.6700849668017317,38.548025439981,72.04211983534599,0.35567253828048706,0.29062196612358093,184
81600000,lstm_global,supervised,CAMELS-BR,0.5848897693929114,0.7112875804454497,14.99557189913094,7.016609962950361,4.387990825877586,0.00045052817608357,0.8242878928339723,58.13682157640671,92.53682447025805,0.42196139693260193,0.32190030813217163,188
81615000,lstm_global,supervised,CAMELS-BR,0.4371086756981831,0.5286164000302288,0.5964374657574593,0.3355330330984933,0.5644715637296926,-0.00029392925692739696,0.6706188461178224,2.0866944533301637,1.621183412322814,0.2669060528278351,0.1846669465303421,175
81620000,lstm_global,supervised,CAMELS-BR,0.750939560093988,0.7946872972287479,18.201561130127917,8.527138893648704,-2.583744263668414,-0.0011885798080914847,0.8429605555086895,62.11406153689363,50.42030380571184,0.4059726893901825,0.30740565061569214,161
81630000,lstm_global,supervised,CAMELS-BR,0.5934633189844052,0.6595606528666657,15.560338105912017,8.875311726161412,1.641284744752724,-0.0005256156388677782,0.746518572887797,52.25021227210258,45.85369700603226,0.42114171385765076,0.3127766251564026,175
81640000,lstm_global,supervised,CAMELS-BR,0.4690551459633029,0.5870094596015181,1.813229660316562,0.9735224968722077,6.716221889214192,-0.0010975182915353848,0.7131085947225451,6.296300766964142,10.13247020493716,0.4156492054462433,0.3373509347438812,147
81650000,lstm_global,supervised,CAMELS-BR,0.7152111564664557,0.751291078534414,22.261719490932496,10.45050629416665,-0.8995134456842064,-0.0018028379099368549,0.8038861011140609,72.76506631829355,98.97255580405792,0.42280125617980957,0.3189314603805542,182
81679000,lstm_global,supervised,CAMELS-BR,0.8861693052312707,0.9339646760974694,12.38137905969311,7.174480759953878,1.0608376534219834,-0.0006257027541334281,0.9677423654033407,36.83129357909065,44.81896489102952,0.22548016905784607,0.21702024340629578,166
81680000,lstm_global,supervised,CAMELS-BR,0.7827585094909664,0.8821085881024687,23.115273402683595,13.074625177586332,2.439946661596814,9.043399602105817e-05,0.9547218859590716,48.01945206711257,75.70261796740223,0.28346267342567444,0.25063738226890564,188
81680500,lstm_global,supervised,CAMELS-BR,0.8551572996538906,0.8817626064251751,1.2456517527809101,0.6394351693247095,0.9012027932185661,-7.53950959750671e-05,0.9080745716159829,3.823611685158717,5.907974802688139,0.43038368225097656,0.4230031669139862,173
81681000,lstm_global,supervised,CAMELS-BR,0.8619697683296186,0.9257246085979512,15.871905548926454,9.24195273379062,2.3789908200871017,0.0011600580698908312,0.9705494522646012,46.36699663774922,24.25678874530922,0.2467624545097351,0.25197961926460266,188
81681400,lstm_global,supervised,CAMELS-BR,0.9717126713109908,0.9513260230713296,3.6085091011552937,1.9897577418221368,-0.48371994078193364,-3.300893649687241e-05,0.9532490075348545,10.184161774292399,16.96848642366503,0.41950446367263794,0.3941943049430847,180
81681800,lstm_global,supervised,CAMELS-BR,0.860865459889516,0.8882255616253084,4.6261420007620275,2.9930610489426996,0.897436997803622,0.002583093418730007,0.9143770585917642,11.971966173235696,17.5131661974537,0.48810145258903503,0.4733003079891205,171
81683000,lstm_global,supervised,CAMELS-BR,0.9268302155569131,0.9387781332679621,54.44597207440662,32.3872385599527,-0.1943825116496166,-0.0006096790959919593,0.951306446538497,144.03702778661412,191.18255659748544,0.3160357177257538,0.28535401821136475,166
81684000,lstm_global,supervised,CAMELS-BR,0.9690695012680629,0.9651097178343976,38.58951382827524,22.98288848552298,0.788786142075005,-0.000522398942096004,0.968305505147135,98.05902928661673,186.35257750402948,0.2791427969932556,0.27555862069129944,188
81700000,lstm_global,supervised,CAMELS-BR,0.9178705468402745,0.8884053218748127,5.1219506417271905,1.8993299102783203,0.28256680042755916,-0.001536400601812659,0.8956095540538183,17.11375570683042,10.808734071056897,0.5521531105041504,0.497139036655426,175
81710000,lstm_global,supervised,CAMELS-BR,0.6089731998353975,0.5860550842782613,28.05745583630515,8.38414005279541,-5.930444535874121,-4.057312596443194e-05,0.6200181517355707,120.59015922837361,225.8742446899414,0.6618674993515015,0.47558820247650146,100
81780000,lstm_global,supervised,CAMELS-BR,0.8925312242738381,0.9166403058662144,9.689124795924116,5.514130820619299,1.0189334375486259,0.00030059870859970757,0.9355560329583924,22.50787980912966,29.308979493700203,0.5496090054512024,0.4706979990005493,188
81790000,lstm_global,supervised,CAMELS-BR,0.7921137156525688,0.8063887644657198,12.421038538527947,6.30903413975039,-2.4512530081869253,-0.002181256032011627,0.8392453417951531,37.93126935505524,33.34620126544487,0.5249736309051514,0.460635244846344,179
81790001,lstm_global,supervised,CAMELS-BR,0.2442063911337431,0.2598262796989095,6.302176416560649,1.8089847687518958,-0.1311104035297877,0.0006426995099664216,0.42085522877551285,25.689422536041075,53.407078998099486,0.5698925256729126,0.3346102237701416,165
81850000,lstm_global,supervised,CAMELS-BR,0.3038202690913938,0.27079230866362747,4.670946633005815,1.8848813670833096,-12.679888118895695,-0.0014978385169180132,0.39841432189029347,18.57627488825037,31.568919892626198,1.0253933668136597,0.5585228204727173,147
82002000,lstm_global,supervised,CAMELS-BR,0.6312430783091116,0.6763716745066615,2.905073409913514,1.6439407791229004,3.4543617341621564,0.0012746767597030962,0.7461583289616637,9.609116515271687,13.66655381157753,0.6186813712120056,0.42829805612564087,188
82009080,lstm_global,supervised,CAMELS-BR,0.31557349455307626,0.30392120550378243,9.38930545180072,3.101628083249797,-6.741039281196793,-0.0017830767188175157,0.4332598460436957,38.984379409175766,74.82862786473389,0.6606853604316711,0.4069059491157532,184
82009800,lstm_global,supervised,CAMELS-BR,0.30722127931130716,0.2618369928235762,25.459833629285292,8.1898159194637,-9.417916682651892,-0.0031236408257333537,0.36528692845845734,80.97111139739316,216.45573031319807,0.84791100025177,0.5017035007476807,185
82061000,lstm_global,supervised,CAMELS-BR,0.3026594897065693,0.3529478561538607,5.871955575015159,2.6974622461976123,-1.1241646549118722,-0.0023447101780259653,0.5279258747296559,24.03739142144974,34.81093334665304,0.5555877685546875,0.2997816205024719,119
82065000,lstm_global,supervised,CAMELS-BR,-0.049175930576303095,0.5077922529868872,5.4556319349657,4.08088632689582,33.77353034473719,0.0019483282653845243,0.6015488577153079,12.158218651632358,12.189920425415039,0.3929010331630707,0.39509403705596924,45
82111000,lstm_global,supervised,CAMELS-BR,0.4546079207277921,0.5929017371942177,11.263542254824186,6.335090398788452,-0.5368053155618766,-0.0036532909514560043,0.7503831919193078,34.998677004735235,60.73493791237347,0.5294911861419678,0.3193678855895996,188
82121000,lstm_global,supervised,CAMELS-BR,0.6331370731374871,0.5831831408952084,16.18282745905614,6.3990799011068145,-5.505184672520443,-0.000860282831572582,0.6200280618939066,64.92237327102892,111.33484419353081,0.6270224452018738,0.4116198718547821,188
82121003,lstm_global,supervised,CAMELS-BR,0.6783984021500856,0.7729325136308745,11.280593822574735,7.780304714485451,3.4429112222511047,-0.0036534363840955673,0.8527757205992793,27.05642463649085,38.738468419597986,0.339687317609787,0.266508013010025,162
82160000,lstm_global,supervised,CAMELS-BR,0.31659338355756705,0.4188378176486409,3.666904070132161,1.4175508846627904,-8.4813341760497,-0.0008996253954577805,0.5932109786221533,13.953605283148455,25.08692291701682,0.3779620826244354,0.278644323348999,188
82163000,lstm_global,supervised,CAMELS-BR,0.24705483130419303,0.441398130588491,3.8871192915058836,2.0168357428084027,2.9401971497964325,-0.00523101371301278,0.6979755218820421,13.873321372078808,28.308182162448816,0.6723493337631226,0.5025909543037415,188
82170000,lstm_global,supervised,CAMELS-BR,0.6238391635838783,0.5718869038264832,16.121258118985164,7.9917912181321675,-1.6842399878506127,-0.003541616280323942,0.6124251969290715,61.424371669133116,110.85143678993829,0.8427914977073669,0.5818648338317871,154
82195000,lstm_global,supervised,CAMELS-BR,0.21602714417129432,0.42928869281756177,6.81939523709477,3.2364516610160785,-3.166656504291048,-0.01348381541966524,0.7101778811070512,25.73647552642916,46.53323898492894,0.8797053098678589,0.5561082363128662,188
82195002,lstm_global,supervised,CAMELS-BR,-0.560303363967467,-0.013717089713295216,15.034944487847323,8.84413296044475,84.06299368916532,-0.0049924312745967345,0.13203791479769966,28.689130859936913,61.06563949584961,0.8864988684654236,0.7171680927276611,99
82198000,lstm_global,supervised,CAMELS-BR,0.02608847965595984,0.3040997478502626,2.408471138437273,1.7098044127728163,46.391589401371164,-0.01239557926150889,0.48665783945382857,6.962450762317109,11.583693644728049,0.6076022386550903,0.31080085039138794,178
82198300,lstm_global,supervised,CAMELS-BR,-0.06736537754638183,0.3341419333686003,3.416915967490242,1.9907198570510174,42.61449701199091,-0.006624961893045414,0.5659773207795205,10.482192797726753,19.916210619680587,0.6190441250801086,0.4077189564704895,188
82220000,lstm_global,supervised,CAMELS-BR,0.3790428969717201,0.580869726124758,0.5907300233484517,0.2296229900632586,4.151944455806614,-0.0026324681210649972,0.7895310945007167,2.4580051741349354,3.915016162542808,0.4305800497531891,0.341427206993103,175
82230805,lstm_global,supervised,CAMELS-BR,0.44561514990073114,0.5152709471747614,17.16789506527055,9.483373104257787,3.6159637477146473,-0.00037895818297992503,0.6435946152454841,59.835824736490544,90.94394380419399,0.6198534965515137,0.3595418930053711,188
82230812,lstm_global,supervised,CAMELS-BR,0.44944224892504603,0.7300566927628167,4.468830483454034,1.7696974186068462,-1.8495208347410705,,0.9044746961457819,18.0085655679084,24.242906687374006,0.6381058096885681,0.5910359025001526,153
82261001,lstm_global,supervised,CAMELS-BR,0.6819727469740797,0.8031347314869322,0.7593597806856183,0.4902726941638523,11.478001551106534,0.0009733923518722327,0.8664792768574541,1.7169702677196168,3.6971821784973145,0.2499658465385437,0.2349199652671814,63
82270000,lstm_global,supervised,CAMELS-BR,0.4958345447661563,0.548435845210229,11.124935661341265,5.269328232775343,2.332562328831854,-0.0053726205205964685,0.6529106243183922,39.813454883779514,86.63954947442177,0.707059919834137,0.5216526985168457,188
82270050,lstm_global,supervised,CAMELS-BR,0.49055751464206676,0.5216866259044108,16.17953458255062,8.2901647997486,-3.2619120375672948,-0.007957653091881761,0.6193652093203569,56.8827430454851,105.22242200478601,0.6834665536880493,0.4237220287322998,143
82290000,lstm_global,supervised,CAMELS-BR,0.7578178923692633,0.8626341657856035,0.6104027797995247,0.3373432971061544,4.330260304877103,0.00027296837781616914,0.9385509233103922,2.0554666265448875,3.4243447621269323,0.636358380317688,0.5892809629440308,188
82300000,lstm_global,supervised,CAMELS-BR,0.6785795671409889,0.7873021250575183,0.8988122179598347,0.47386286772312003,-0.42276302034288554,-0.0007439392603950309,0.8762077206060531,2.7869748667596084,3.6157843247256207,0.5764399766921997,0.4995926022529602,188
82320000,lstm_global,supervised,CAMELS-BR,0.5676661353719429,0.48066605036148313,7.334602738668725,3.016566064331558,-13.737396139661136,-0.0019610215068979336,0.5176667853711666,28.7792759359275,52.62219237998997,0.8774957656860352,0.5644725561141968,182
82350000,lstm_global,supervised,CAMELS-BR,0.5828120703335087,0.7093227364224919,24.550554611098253,10.792991048478065,-3.6653390555864673,-0.0011701585876992791,0.8264354810794934,88.4313464759453,115.42893752622561,0.6874170899391174,0.5234581828117371,188
82370000,lstm_global,supervised,CAMELS-BR,0.26822855861586836,0.468588603803724,12.743186506439251,6.077326938084194,10.581175225661468,-0.003324234799057517,0.7071368276656029,48.40270973836256,95.11431360244751,0.8122061491012573,0.5466282963752747,70
82420000,lstm_global,supervised,CAMELS-BR,0.03795278583608519,0.16993578651679841,0.5123537740745571,0.2053894722915214,13.313027513360703,0.003843497981147053,0.49328332651465323,1.6791658623763244,4.1750185643779005,0.4003696143627167,0.25482577085494995,184
82549000,lstm_global,supervised,CAMELS-BR,0.7338443586549219,0.8323723912024446,8.6279455748227,4.895213908927385,4.004156167069831,-0.006599851809066994,0.9079276285127154,23.162055304633313,15.853486269064769,0.6522638201713562,0.5287559032440186,129
82769800,lstm_global,supervised,CAMELS-BR,0.40044652769451894,0.5180977780910234,2.11187303876095,0.8398450863178216,1.1624648372168565,-0.0014899313007532278,0.6771312803650298,8.635029775120005,17.714111703715393,0.6961898803710938,0.5623767375946045,179
82770000,lstm_global,supervised,CAMELS-BR,0.8623926180826808,0.8848703363859524,11.174560247375425,7.30615883530257,-0.8450351183564355,-0.005145538291958296,0.9093833501847636,24.375559497148206,17.259560361772934,0.9424241781234741,0.8264824151992798,167
83029900,lstm_global,supervised,CAMELS-BR,0.6444181463221359,0.6158030869794071,17.918157000585182,8.229281806532358,-0.7446476786668206,-0.006908931904403472,0.6601265386481734,66.7468245741873,111.04040062034281,0.8630450963973999,0.6368700861930847,173
83030000,lstm_global,supervised,CAMELS-BR,0.6933430726816657,0.6722854972064378,22.781604274635182,10.44899446723309,-14.92153859667654,-0.008271735468996809,0.7107370482911579,76.78660353748731,149.6609204450488,0.6791673302650452,0.6053082942962646,188
83035000,lstm_global,supervised,CAMELS-BR,0.6815329874923247,0.8209137873020966,2.878437662133703,1.0949913205684356,-0.24903936511100266,-0.006049905474530968,0.9369692382705541,11.243206586830107,18.26041204891038,0.8614658713340759,0.745817244052887,106
83040000,lstm_global,supervised,CAMELS-BR,0.2932491337812405,0.2598843461209609,19.24653141545842,6.276741948375043,-20.123757726106827,-0.0013370543715732174,0.39948717888975727,80.98603199639395,150.54608090938893,1.0787993669509888,0.6400023698806763,188
83050000,lstm_global,supervised,CAMELS-BR,0.8473936088366238,0.8765202753111325,27.4159243361498,16.131988640392528,1.1134059052887015,-0.0008059404097952687,0.9051370225507761,56.67640464483699,60.236290950494805,0.6301526427268982,0.5698310732841492,170
83060000,lstm_global,supervised,CAMELS-BR,0.7349961373552911,0.8420066721944045,2.1154613250056222,1.0555892607316057,2.6354984449936145,-0.006650144081362504,0.9246317028259319,7.007369348552134,11.012070053316489,0.7582398056983948,0.6333819627761841,188
83069900,lstm_global,supervised,CAMELS-BR,0.6444676036616392,0.7039253408055012,6.665084895017951,2.9821180577607866,8.103097182193364,-0.002704445494792776,0.7728987477112188,24.262224803977556,37.366396971852446,0.8577834367752075,0.624673068523407,188
83070000,lstm_global,supervised,CAMELS-BR,0.6928600864351533,0.7218335913164817,7.14086353139053,3.208379215699561,-6.331707425441876,-0.000817625205750877,0.7755118588507466,26.39610812033009,27.43563457810205,0.7156429290771484,0.5913918614387512,188
83095000,lstm_global,supervised,CAMELS-BR,0.4950252641488164,0.5119281364830424,6.583786557398248,2.6749786102596453,-2.7412950222205157,-0.03647528524303512,0.6002200819970002,26.821122902945984,30.613121249012522,1.4206960201263428,0.8826542496681213,170
83100000,lstm_global,supervised,CAMELS-BR,0.30596719085885604,0.47095187296371344,7.613973108724208,3.9728268188364964,3.3285186858459386,-0.0027592997870231235,0.69371205605653,29.132698019883463,43.377917955092144,0.8023375272750854,0.5213096141815186,188
83101000,lstm_global,supervised,CAMELS-BR,0.29567486078856553,0.43070620193914855,8.108011635150406,2.8140919602283554,-1.5824814888002185,-0.005588681110800808,0.6471492934358056,34.89215041627313,60.25305892487021,1.0930659770965576,0.6782556176185608,179
83105000,lstm_global,supervised,CAMELS-BR,0.3479236413419535,0.3892146811038526,16.434668234285073,5.722316405874618,-2.0977403005047757,-0.004406537945813697,0.5287616777580768,68.18054328860921,130.31705723558747,0.9192646741867065,0.5869846343994141,188
83120000,lstm_global,supervised,CAMELS-BR,0.3979291332484729,0.3723982178006847,15.635337031521603,5.980160940834817,-14.094683622805935,-0.004971456622218418,0.4727408054738118,64.09504110552855,108.96840454395397,0.8732122182846069,0.580109715461731,188
83130000,lstm_global,supervised,CAMELS-BR,0.4218092906611238,0.31847477371810573,2.7907618494228785,0.7775776261027824,8.953974878142251,-0.0012850145566391767,0.3416233625567362,11.87003499783692,26.12322902800148,0.8634387254714966,0.48495227098464966,188
83250000,lstm_global,supervised,CAMELS-BR,0.5997020254476537,0.661502637731108,34.595366542130954,17.493297929349154,-4.162383443605207,0.0008365315438297917,0.7396680339598434,128.71404658253513,161.86812670617988,0.7238671183586121,0.5388460755348206,184
83300002,lstm_global,supervised,CAMELS-BR,0.8881699788326967,0.9297241576901033,37.72205851263907,20.226279629037734,0.5922651293060925,0.001356288047027289,0.9591621770921086,113.04603572430193,29.640851643642954,0.6968401670455933,0.6184878945350647,188
83300200,lstm_global,supervised,CAMELS-BR,0.9388771149188697,0.9181731454692379,49.84600588951112,26.89260897441217,-1.0264999991730774,-0.0015692801156101562,0.9238150858160921,157.67097272729643,191.7994129111083,0.6083288788795471,0.5915647745132446,171
83345000,lstm_global,supervised,CAMELS-BR,0.7370116272128855,0.7259995476595522,13.276512887452046,6.7020442384354615,18.028308385765445,0.00010398352953121595,0.7387956827071878,43.06541466732651,4.492120797048197,0.769804060459137,0.7541168928146362,188
83360000,lstm_global,supervised,CAMELS-BR,0.7892935476987222,0.7553614290637797,33.48842044899253,12.141717158099437,-12.20549096867298,-0.005896841106533105,0.7779871882646661,121.46714649758803,192.54737394501896,0.6811046004295349,0.5656933784484863,188
83440000,lstm_global,supervised,CAMELS-BR,0.8627296346660442,0.871059926903951,18.488748792223635,7.350909168415881,1.8915700763659586,0.0034707447861057495,0.8918637428385165,72.16213915520157,43.36165021070151,0.6805095076560974,0.602056086063385,188
83458000,lstm_global,supervised,CAMELS-BR,0.91492247346303,0.9389941617890915,31.7840335429785,21.307364037696352,4.473015687786782,-0.0001305984761412922,0.9545122902940503,70.60250528973792,23.253046724764197,0.7147074341773987,0.6736023426055908,188
83480000,lstm_global,supervised,CAMELS-BR,0.7219246633731686,0.819693629482406,2.0560582299087384,1.1325361652577177,9.638224535519814,-0.0008607658691273112,0.8589634052490669,6.948834429841107,3.7431122659971328,0.44973868131637573,0.4677969515323639,188
83500000,lstm_global,supervised,CAMELS-BR,0.9429830644553916,0.926799216107067,40.73899461935312,24.740436481668596,6.782350604586218,-0.0007018516408574364,0.9316871974520231,106.03880887879156,147.48238042429924,0.7194015979766846,0.6849707961082458,188
83500002,lstm_global,supervised,CAMELS-BR,0.901271901273792,0.8916884755122613,43.76225468643948,24.34321034208257,2.0704966097244655,-0.0031222086975297714,0.9035614603204498,125.07526524145302,177.97248348560143,0.5865795612335205,0.5450472235679626,188
83520000,lstm_global,supervised,CAMELS-BR,0.9092647884212557,0.9237262398498753,52.422047133881186,27.050576798459318,6.115353124918609,0.00014718593872263888,0.9369040482107821,170.33571100388656,294.21374851870485,0.6797118186950684,0.6630682349205017,188
83660000,lstm_global,supervised,CAMELS-BR,0.7348864750559172,0.8615236625957254,14.064134831892845,6.164673482586524,1.7265570475486531,0.0004286127845626146,0.9705089405912598,49.245563674694814,97.58069242067393,0.7369786500930786,0.6306849122047424,167
83675000,lstm_global,supervised,CAMELS-BR,0.7810572534098774,0.816928233538267,7.6987121982595275,4.126602628129594,7.5900833877526255,-2.1702126544476466e-05,0.8542327449669224,25.96725106464975,35.657033357213884,0.596738874912262,0.5009686350822449,188
83677000,lstm_global,supervised,CAMELS-BR,0.6956744528160532,0.7533158379196465,27.791959488311097,14.23205854124942,6.99603155209014,-0.0009072469789758279,0.8108617789311345,97.82189524360389,154.6501407886069,0.6181801557540894,0.5025273561477661,177
83690000,lstm_global,supervised,CAMELS-BR,0.7816424821397323,0.85276781472664,70.05703509844315,37.37876879915278,2.4550557342553674,-0.0013721355101376925,0.9075609156245024,222.55056408713182,310.2737770658058,0.6623808145523071,0.5985336899757385,188
83720000,lstm_global,supervised,CAMELS-BR,0.4679199439030842,0.6348548839301793,1.8537074517646388,1.073334738929221,6.579440148812594,-0.002005683754115223,0.7948236136559081,6.0234622688811585,10.173416953851987,0.459764689207077,0.35211846232414246,188
83780000,lstm_global,supervised,CAMELS-BR,0.9134975489980145,0.8959815027637322,68.14351530838779,35.67905176446793,2.0801929019294305,-0.0002826347970030958,0.9046770675257358,181.25861338168056,272.3887471311851,0.6255148649215698,0.5900400280952454,188
83800002,lstm_global,supervised,CAMELS-BR,0.7445181379896555,0.788790963345247,88.25389406180477,40.42589898705482,8.397028057091937,-0.00453347558156526,0.8276370610709758,351.82089961972554,664.8888972164413,0.7071259021759033,0.6003432273864746,160
83820000,lstm_global,supervised,CAMELS-BR,0.3328792443957217,0.4853993836911239,2.000903701684946,1.0608860913743363,4.9047637620414255,-0.004655884444764875,0.684305038877998,7.338783983024359,12.316492014216752,0.5145107507705688,0.32459282875061035,188
83840000,lstm_global,supervised,CAMELS-BR,0.8546654929869038,0.8469510201871315,66.21557046992388,39.54374997835633,9.661188983289616,-0.0013851588063761265,0.8613696930570516,122.2918009721788,195.1610875912195,0.426312655210495,0.3776821494102478,141
83870000,lstm_global,supervised,CAMELS-BR,0.6947081080210835,0.7067083454221819,80.90293880320223,38.91859231448041,2.0145255273156253,-0.00048684441004047613,0.7469353193393004,309.8060187462137,613.9372531113164,0.2749069631099701,0.2176213562488556,179
83880000,lstm_global,supervised,CAMELS-BR,0.3316739798261491,0.43825181756127074,3.513582293931272,1.6667001066000566,2.388627570224441,-0.0016090894459062435,0.6251092860127956,13.555455378638529,22.981816232296165,0.6352372765541077,0.4085403382778168,184
83892990,lstm_global,supervised,CAMELS-BR,0.5742020017633216,0.611152457810689,8.52406049191457,3.1013435737249697,-12.239859851103509,-0.004980678285203637,0.6908648730600846,34.595799648906,42.78679157185234,0.7922706007957458,0.5189810395240784,188
83892998,lstm_global,supervised,CAMELS-BR,0.3907229627932417,0.42594349974445245,28.162676731487327,10.594663008521584,-16.239691452725562,-0.0035919146827595796,0.5537371039165568,115.59745825463386,158.31442811768767,0.7287710905075073,0.41408735513687134,170
83893000,lstm_global,supervised,CAMELS-BR,0.5237750059223492,0.6683428971329131,12.572719188141907,6.314704037727194,-0.8177509102264763,-0.002844854582419013,0.8079443508434763,47.13613151820376,54.743219181756395,0.5611968040466309,0.36983323097229004,188
83900000,lstm_global,supervised,CAMELS-BR,0.6505651929172085,0.7128095900867244,10.771525905330813,5.587850380451121,4.851416458321583,-0.00036724928978056244,0.785631380766549,39.123515838533685,54.60333492327373,0.5429484248161316,0.39723464846611023,188
84020000,lstm_global,supervised,CAMELS-BR,0.35492771250112465,0.6712057912242677,4.746461194745303,2.914437953461992,15.040122205331725,0.0006890416211276628,0.8457844048744967,12.046794758722331,20.316840235079002,0.5132254362106323,0.45317140221595764,188
84041000,lstm_global,supervised,CAMELS-BR,0.5660472974600015,0.6360069089227702,2.407525393881036,1.0637248104557078,8.146229967609665,-0.0009917666053820638,0.7172267970240145,9.389141465490505,19.39523029848223,0.48926854133605957,0.3784814178943634,188
84071000,lstm_global,supervised,CAMELS-BR,0.4989211121093635,0.6093882192948666,19.70370956185892,7.261591374874115,1.1766249642757736,-0.001230423435562785,0.7401534302463204,79.3671466557675,164.63408946297244,0.478082537651062,0.3958313465118408,184
84079000,lstm_global,supervised,CAMELS-BR,0.468790811636156,0.5574216006786729,6.96416114022993,3.117917448282242,0.15222740274599497,-0.0005250719651385214,0.6801522029539809,27.853770192224303,35.73915788872653,0.6483901739120483,0.39707979559898376,188
84095000,lstm_global,supervised,CAMELS-BR,0.6099604274096959,0.7819385504023417,8.130795254198713,4.333369626343705,7.96472389143658,-0.0005157148384991039,0.910833322654211,23.32700035708383,25.54973212414983,0.5975677371025085,0.49459993839263916,131
84095500,lstm_global,supervised,CAMELS-BR,0.517527719529267,0.6131083621538062,41.47747798159817,16.758164476841053,-3.8244933202525746,0.0002804300685089033,0.7313962164783404,163.25649860674488,254.7209670663813,0.6113948225975037,0.4442565143108368,188
84100000,lstm_global,supervised,CAMELS-BR,0.5518528013248891,0.4266199952690405,13.020079871673934,4.413081767291007,-0.4944071667693355,0.0013589346215643738,0.44483309214329814,54.76709981644779,101.48374395418237,0.5765973925590515,0.34477484226226807,169
84150000,lstm_global,supervised,CAMELS-BR,0.2862241973363484,0.2665444567826415,14.041169968514385,4.655463386367965,-10.904955707217567,-0.0008814234086795894,0.40952004092742245,57.68595732797638,107.21784112078196,0.748235821723938,0.421764612197876,182
84150100,lstm_global,supervised,CAMELS-BR,0.35088632395783736,0.43312361593934534,17.061981520159428,6.45126753601622,1.3215530596119418,-0.0009911582501463383,0.6014190175798615,69.97151891742332,140.7441994057279,0.5646102428436279,0.3410540521144867,188
84249998,lstm_global,supervised,CAMELS-BR,0.5038028205252854,0.6059200248531362,13.401398664990603,7.222007126074571,7.625647905125294,-0.003012463172197142,0.7283475701643567,48.3663767772523,84.3215455396454,0.8306057453155518,0.6150848865509033,130
84250000,lstm_global,supervised,CAMELS-BR,0.1388264407346016,0.008148745723359774,96.44115781112369,19.6021470498403,-35.205748372273035,-0.005727053557927124,0.1933954181772215,409.0010139414909,754.878837463256,1.5592297315597534,1.0556526184082031,132
84250008,lstm_global,supervised,CAMELS-BR,0.09858442702449832,0.1323674278726954,40.19018909857927,9.029337543841692,-4.687087272184708,-0.005599879968361261,0.4174961686815092,171.92938439158777,358.1610079840301,0.8458232879638672,0.535560131072998,171
84300000,lstm_global,supervised,CAMELS-BR,0.4288008886969089,0.6363903687021653,17.855779088257552,10.062267153413146,8.83569217895126,-0.0019559595462276223,0.8221583056057259,61.25641630116468,109.45357515074573,0.723093569278717,0.5257508158683777,143
84500000,lstm_global,supervised,CAMELS-BR,0.3619963219973138,0.6775394543022817,3.1825013913124107,1.5900604496610926,9.49049811222923,-0.0007783991982312239,0.9021320386634286,8.766313019857161,8.159118483698528,0.5971828699111938,0.47143471240997314,188
84520000,lstm_global,supervised,CAMELS-BR,0.5379431319261021,0.660918760669096,5.605332146258192,2.6720275613996716,2.2066157772122694,1.1855151992696059e-05,0.786286209475098,20.92633280012279,38.17580460698273,0.38853535056114197,0.30891716480255127,162
84520010,lstm_global,supervised,CAMELS-BR,0.58796199984512,0.6271145029934444,14.249162400527426,5.335187034842408,-5.472686575077354,-0.0026017382008965053,0.704900624839675,55.2129828096592,102.82004723141176,0.5731151103973389,0.428030788898468,162
84534500,lstm_global,supervised,CAMELS-BR,0.35118334036997156,0.35663496577219844,25.40182522476824,8.182214279124077,-6.208023019772786,-0.0010241364408781657,0.4664048283037414,106.06006174155038,217.01841212715968,0.5820639133453369,0.3376471698284149,188
84541000,lstm_global,supervised,CAMELS-BR,0.5467006479454728,0.7632228972937323,3.6300622148883743,1.8115044781502256,5.911807566047573,-0.002587077700131484,0.9337687945492892,13.633023719501676,16.66326490427454,0.7042475342750549,0.5820006132125854,188
84551000,lstm_global,supervised,CAMELS-BR,0.3429246795595339,0.6184337872895995,11.837159442622106,5.732484894509641,6.852230425894262,-0.0013919754263919358,0.8714797373199814,42.27175646017309,67.2276020523479,0.734569251537323,0.5772686004638672,161
84559800,lstm_global,supervised,CAMELS-BR,0.3807072156064,0.34463899430822253,45.00538908315442,13.564152983274866,-3.93616283031436,-0.0026410582327369425,0.40166824252297584,188.2109287189462,389.7553821029781,0.7378336787223816,0.47498905658721924,188
84560000,lstm_global,supervised,CAMELS-BR,0.35188933572952086,0.484974561209212,33.63417456450941,15.145944815415602,1.6362946548307926,-0.0004652575575998519,0.6733588384941929,135.93860301385496,204.0026614882047,0.5517736077308655,0.41637885570526123,156
84560002,lstm_global,supervised,CAMELS-BR,0.4704273507761958,0.701285645015663,29.0765403608439,14.853010785509968,6.172998946925267,-7.231911315696248e-05,0.8977317111747789,107.98968873598979,146.97647489148451,0.6216681599617004,0.4437105059623718,171
84580000,lstm_global,supervised,CAMELS-BR,0.5148619266528519,0.7124187954166888,44.084105742426175,21.83825310206009,6.392018590571982,0.0026210342780050664,0.8787472915506334,141.8074160480499,222.31478620806115,0.5190542340278625,0.46446493268013,177
84598000,lstm_global,supervised,CAMELS-BR,0.45928641610060605,0.5472898721511227,10.01944925190012,4.699282325861108,-3.802227145405851,-6.846924947608718e-05,0.6799869596486754,38.367293426444256,57.83003482021154,0.5011391043663025,0.3404334783554077,131
84598002,lstm_global,supervised,CAMELS-BR,0.454740867723612,0.5312961400765636,12.301159045030369,5.281436803493094,-1.6712953440005713,-0.0008034006682560903,0.6608358364522731,48.453446249137514,75.30419820766012,0.45624178647994995,0.34566035866737366,188
84600000,lstm_global,supervised,CAMELS-BR,0.6685557505898249,0.6850271008035835,10.359190092340775,4.218566174202777,3.569051798965949,-0.0004125097775812183,0.7301144346092597,40.44514800930038,79.31431650549095,0.5343947410583496,0.47265616059303284,188
84800000,lstm_global,supervised,CAMELS-BR,0.3514292149174274,0.6544973134122489,3.3873260410756303,0.9743142477844072,10.194190305138138,-0.0011868687412267404,0.8942005870095509,14.04546420441123,27.828876732048613,0.5236710906028748,0.45033228397369385,184
84820000,lstm_global,supervised,CAMELS-BR,0.4586777844683282,0.4816630525743869,15.508492602620546,6.3335935124619445,11.58167512838318,-0.007039828707621366,0.57857945223202,63.7784745385183,124.70338758646488,0.8519176840782166,0.5133002996444702,176
84850000,lstm_global,supervised,CAMELS-BR,0.6302601037262641,0.7439141319450524,14.186737934586485,5.17111157911255,-3.7323925164840874,-0.00991142621494278,0.8451762007549614,57.78093106256238,75.44626925234826,1.0438448190689087,0.8593482971191406,188
84853000,lstm_global,supervised,CAMELS-BR,0.5508625379086611,0.6004690284359251,13.041436192445463,6.207534330705413,2.056478360455288,-0.036786953755153694,0.6925265837245408,49.02988532232763,68.54606327720097,1.2200063467025757,0.8546261191368103,125
84949000,lstm_global,supervised,CAMELS-BR,0.46736529942604066,0.47336253578057186,26.236599316441673,11.282635010802633,-2.4871152027174723,-0.011571802584967907,0.5685764276876106,103.34908232062794,155.50754517843308,1.3925126791000366,0.9915955066680908,157
84949800,lstm_global,supervised,CAMELS-BR,-0.29111519597679036,-0.17082979164632794,10.930363057529966,9.893247683842977,106.71445222365408,,,16.44857406616211,16.44857406616211,0.7424125075340271,0.5342487096786499,3
84950000,lstm_global,supervised,CAMELS-BR,0.4110757010897531,0.5567015448951927,61.73398075753706,28.607477904634273,-8.32807832533681,-0.01658409246607364,0.7281835322439743,231.6720290913267,281.54395178117096,1.0881726741790771,0.8142772912979126,188
84970000,lstm_global,supervised,CAMELS-BR,0.5106417077913169,0.5658324005749568,15.076190145663988,5.462763413469842,-0.5260512045540502,-0.006022018735620225,0.6666319136045147,61.46807100140991,123.80615783324093,1.0886731147766113,0.8443207144737244,188
84980000,lstm_global,supervised,CAMELS-BR,0.4360429751008972,0.7245833700342061,0.19456986400106407,0.13126015219282597,5.757973687333522,-0.000696479440870341,0.93095515803855,0.5612496592530422,0.649471614663787,0.19760674238204956,0.16426627337932587,188
85080000,lstm_global,supervised,CAMELS-BR,0.6410377686101048,0.8088241803970739,23.534424898501754,11.68163113137509,3.65921945643523,0.002017369893092912,0.9483635065189497,85.14152947534997,142.9573541202584,0.4532334804534912,0.36254769563674927,188
85350000,lstm_global,supervised,CAMELS-BR,0.8128504253831175,0.7749459980724419,25.031351451449126,10.99520713217715,-0.2637310593695144,0.003697734241769054,0.7917839758081625,96.44317518931837,172.29554910997103,0.7330751419067383,0.6437869668006897,188
85395100,lstm_global,supervised,CAMELS-BR,0.6469237028133984,0.6752351132731254,159.1991560272617,59.037842791131204,0.4390142901593392,-0.001128706222429686,0.7227689589921907,644.5152871489137,1343.6657564560874,0.3256475627422333,0.24750593304634094,188
85400000,lstm_global,supervised,CAMELS-BR,0.8580548078707498,0.839364918046744,195.08769753084155,85.21040283365453,-1.6026335679389043,-0.0031877269886122703,0.8556316494288507,738.5438172155126,972.2309196535962,0.5022547841072083,0.39931029081344604,188
85438000,lstm_global,supervised,CAMELS-BR,0.8465631655562036,0.7241385110765808,13.782867683352798,5.079272672656932,-12.471704101787838,-0.010900211042288742,0.7300943034521659,51.91948252114078,65.26776666041378,0.8402091860771179,0.8254703879356384,107
85440000,lstm_global,supervised,CAMELS-BR,0.941449558754158,0.9496393689076199,50.89762901378074,28.38584571189069,4.170059526622242,-0.0005787786320455117,0.9581882747347759,135.59613497632265,61.77087034047585,0.47894906997680664,0.4596966803073883,188
85460000,lstm_global,supervised,CAMELS-BR,0.7389581249939658,0.7504674713026392,6.842367261213556,2.8011984071357454,-3.2483587435221297,-0.0017971376635529113,0.7912504722124285,24.61334627951172,41.305154668051365,1.1000968217849731,0.9383750557899475,188
85470000,lstm_global,supervised,CAMELS-BR,0.6834801104545598,0.5428014845778009,25.26417991895867,6.766161913190569,-15.075760977146214,-0.0056916823773808314,0.5576324515331714,109.50884537197476,179.5750778957933,1.1859831809997559,1.0163463354110718,175
85480000,lstm_global,supervised,CAMELS-BR,0.9105429961775517,0.9261850330296313,21.332082812870723,7.65031603710992,4.931754653655721,-0.00025892709873576863,0.9375137622462789,88.50240840007811,84.97534100059329,0.7972652316093445,0.7584385275840759,175
85580000,lstm_global,supervised,CAMELS-BR,0.9890042485107481,0.9721642636862124,13.297630260799238,8.359694697180686,0.927730016172997,-0.011280925057132074,0.9726491285608619,23.2175612423169,23.006471825173165,0.8044611811637878,0.7588534355163574,171
85600000,lstm_global,supervised,CAMELS-BR,0.9508822030673131,0.9319572645308538,47.64936901218566,22.78873962730003,-2.5298805275729292,-0.011431935553928102,0.9363223566435135,69.04285139763029,106.86418080183977,0.8493351340293884,0.8789492249488831,179
85610000,lstm_global,supervised,CAMELS-BR,0.25014512356407936,0.23881296834378352,3.544049260423947,0.890649029587047,0.7268247797112182,-0.020574223215666588,0.40781340864046756,15.572427998523652,31.644511050602663,1.297589898109436,0.6729499101638794,179
85615000,lstm_global,supervised,CAMELS-BR,0.5205652478674271,0.5328597137176107,4.704770526508227,1.575727159177864,-3.9612200218277502,-0.007214097074249366,0.618050320717076,19.511052489363138,37.24017990694865,1.2064578533172607,0.81645268201828,182
85620000,lstm_global,supervised,CAMELS-BR,0.7978174497064618,0.8001609490756734,12.389685943020542,4.416462464694013,8.163289598838517,-0.0115480073351268,0.8301614364291527,46.92000682219547,85.47153505413937,1.2802571058273315,0.9530250430107117,188
85623000,lstm_global,supervised,CAMELS-BR,0.5204830396176451,0.6598731398208453,23.113338849658454,6.219337618452007,5.133962068445975,-0.007631070685132867,0.7959978754341762,95.05023782559437,178.5638530448476,1.052308201789856,0.8394201397895813,177
85625000,lstm_global,supervised,CAMELS-BR,0.6329932431595306,0.7920975410283412,15.956807547407514,6.5536138008358655,10.559360844099528,0.0004812438091520155,0.8782711869026973,61.95054750876799,94.08506701290482,0.9848945736885071,0.7896004915237427,186
85630000,lstm_global,supervised,CAMELS-BR,0.48788338554755983,0.7348659244994014,17.271683275811498,6.298862781296385,5.077374127489823,-0.0026103244318977405,0.9389579848604118,67.16707063192443,98.76011180215323,0.9134051203727722,0.818479061126709,188
85642000,lstm_global,supervised,CAMELS-BR,0.9680487623021361,0.9339477031382244,135.87373971437685,69.22995913092466,-0.7038558535157885,-0.001734388620087502,0.9356113463004595,456.5526260969541,842.7284090728831,0.43575164675712585,0.41991332173347473,187
85650000,lstm_global,supervised,CAMELS-BR,0.984335120164016,0.9413310884556436,85.94481825513384,47.73319976113059,-0.3250773881778995,-0.0016107977839022736,0.9415658728044912,287.27309467620483,390.7062844861313,0.5227411985397339,0.5004609823226929,110
85730000,lstm_global,supervised,CAMELS-BR,0.6170303272141267,0.5652024685929532,62.95112548979929,22.16570614482415,-14.125438060453813,-0.0005179922178743177,0.6053565836803612,242.556997538934,467.8197803236224,1.1687525510787964,0.9946359395980835,188
85735000,lstm_global,supervised,CAMELS-BR,0.24924149944983176,0.4605521642774816,41.62744922370678,13.901387364150368,3.3095903145546988,-0.0037649940991987853,0.7250146067470569,174.5182327158754,337.7179680165729,0.9617995023727417,0.7045702338218689,187
85740000,lstm_global,supervised,CAMELS-BR,0.791702800838014,0.8540236447745546,30.13898022449052,11.462369644641877,6.250341668430628,-0.00021405433535493304,0.8929399983383283,104.46164819682039,179.91183610011592,0.9252028465270996,0.8697722554206848,165
85780000,lstm_global,supervised,CAMELS-BR,0.985096425757506,0.9685443313008798,5.5334927942640215,3.3482095711143676,2.8552197422189414,-0.007790945462279895,0.9693556418366617,11.798219482379402,15.043930011799988,0.7035744190216064,0.6439099311828613,177
85830000,lstm_global,supervised,CAMELS-BR,0.7630366435509124,0.7862250713034196,11.94742569794081,4.200090672028192,7.547282627768691,-0.023740567434028408,0.8203861504097635,45.49268471837285,94.02888273029495,1.0282481908798218,0.8785929083824158,188
85850000,lstm_global,supervised,CAMELS-BR,0.8313852630810596,0.8631890349302009,10.449176277879081,4.467220271362903,-3.3090484052463793,-0.002313898407315558,0.8935992174070733,39.134217275810755,47.92423554712983,0.8648109436035156,0.773085355758667,188
85900000,lstm_global,supervised,CAMELS-BR,0.9883940017418069,0.9603992632111804,115.54547357030492,62.796728251366645,-1.5505406171398401,0.002166599027210645,0.9606829797317838,191.91128151397052,242.2566391831804,0.5263270735740662,0.523817241191864,179
86099000,lstm_global,supervised,CAMELS-BR,0.7286716734669261,0.7593035178544121,27.891286323028257,13.426670566518256,7.8987407847196405,-0.0031291843183838992,0.805805445247081,106.21869636759232,188.26117202751487,0.8562341332435608,0.6612951159477234,188
86100000,lstm_global,supervised,CAMELS-BR,0.49175397935912235,0.5711289775900208,95.21395592383425,25.705950541521915,-10.402610689463343,0.0011129193248927798,0.6901036089164461,401.4584570356179,703.0625905593663,0.9566195607185364,0.7510981559753418,186
86100600,lstm_global,supervised,CAMELS-BR,0.6229605000142271,0.6874245620136394,2.35791462869172,1.3434712764094858,5.093203955505998,0.001702068356389896,0.7675191794245831,7.799159808934072,8.02998204321931,0.7909850478172302,0.5355820059776306,187
86160000,lstm_global,supervised,CAMELS-BR,0.6461362396885308,0.6015825003192852,35.551219917082236,11.779826405328079,-3.7136869408832505,-0.00434858574263753,0.6276174077325037,150.51350737528605,285.665041047627,0.8810181617736816,0.6540350914001465,179
86250000,lstm_global,supervised,CAMELS-BR,0.6180392890507036,0.7199751811843966,79.11494384707439,30.809720016540364,-0.476841283175369,-0.002423554342297362,0.816267765433861,317.50855130364056,475.5710418607235,0.7601903080940247,0.7074484825134277,188
86300000,lstm_global,supervised,CAMELS-BR,0.5277186214189662,0.6607586374874306,119.27541276753796,30.61063310947824,12.993241974008347,-0.0004456185448113853,0.6932624494841044,506.9103479170856,580.6356907372278,0.8557833433151245,0.8346964120864868,188
86305000,lstm_global,supervised,CAMELS-BR,0.6712184328777432,0.7306353185449056,110.52329759929931,49.828904009879906,3.1363375195284533,-0.003606909086802508,0.7991604455823198,427.1003660942907,821.1262966387865,0.8325695991516113,0.6718720197677612,188
86340000,lstm_global,supervised,CAMELS-BR,0.7359191417046154,0.8191888917180896,6.981844719058583,2.74075541353744,0.7374645372459658,-0.0035522892971553283,0.8871645237920739,27.301441695672644,3.3669411724098133,0.6198751330375671,0.5244977474212646,184
86360000,lstm_global,supervised,CAMELS-BR,0.6789371279005257,0.8163976717180311,5.534465395590866,1.999045843851633,5.4791263199457445,-0.001072070845102597,0.8769795472107023,13.242122302250037,23.984286451506627,0.5642013549804688,0.5827168226242065,179
86401000,lstm_global,supervised,CAMELS-BR,0.755061619376212,0.8305984913317445,20.218891935968383,8.79936985766634,6.54785693926526,-0.002160718728134267,0.8644633684248172,66.23265912144923,38.421279789812196,0.7025267481803894,0.7364587783813477,188
86410000,lstm_global,supervised,CAMELS-BR,0.7447689271051452,0.7588010832411846,100.31911803271878,34.651913273263965,-7.051783770285866,0.002655459443213895,0.7994950215121266,390.55110914389536,387.7568387978216,0.8011056780815125,0.7541914582252502,169
86420000,lstm_global,supervised,CAMELS-BR,0.7949956989541361,0.854401228980048,7.172539254947067,2.889230328037384,-0.7612728947510037,-2.3328419581532256e-05,0.9016643547466165,28.028312146419108,41.354856616847385,0.6985101103782654,0.6323765516281128,188
86440000,lstm_global,supervised,CAMELS-BR,0.7122134694179485,0.8089028302942719,51.35972323032418,19.13874033917772,4.324319095912841,0.0024328838887965644,0.8760240619010184,196.0669974565114,367.8601092004364,0.6757829189300537,0.6238804459571838,188
86448000,lstm_global,supervised,CAMELS-BR,0.7361211616503744,0.8164861432662404,148.6785896865935,76.37260282800553,3.660181743790247,-0.0027026797035229755,0.8817903846145138,545.8706606190552,877.2669318755376,0.7808580994606018,0.6303860545158386,188
86460000,lstm_global,supervised,CAMELS-BR,0.6488664070153258,0.7658773328273221,358.4632669113319,120.80539715543706,2.348367317703113,0.002083217882647599,0.8631688317602515,1432.249788402216,1738.0778451566778,0.9360093474388123,0.8575001358985901,188
86470000,lstm_global,supervised,CAMELS-BR,0.5769276393258239,0.6877972124268082,310.897678258464,106.51187286947085,-4.920865821032002,-0.004276099265275998,0.798514009010721,1266.7240412523777,2298.489362170339,0.9192616939544678,0.7643359303474426,184
86470800,lstm_global,supervised,CAMELS-BR,0.7766327643458685,0.7897355811767452,145.21062765969793,79.76393695587808,2.157160391585023,-0.002381848386341045,0.8236845871640002,532.7414964344924,755.2436544058986,0.7767816185951233,0.6049179434776306,188
86472000,lstm_global,supervised,CAMELS-BR,0.670920533195565,0.8254542577428747,297.9856509733819,105.70180449587234,-0.8092589242742386,-0.004192487801581293,0.959960372989633,1241.1673227862884,1346.8304749145077,0.8516845107078552,0.8071591258049011,188
86480000,lstm_global,supervised,CAMELS-BR,0.6493731693201947,0.6431998601947175,43.98809563892186,13.135634214465135,-8.837988417770895,-0.0025562376828607222,0.6945573808852807,185.9523270200227,340.05293675125876,1.018747091293335,0.7808741331100464,153
86490500,lstm_global,supervised,CAMELS-BR,0.6253139649846513,0.7287605970643403,46.870819219682254,17.989940635067352,5.356444618486825,-0.003123070273307993,0.824363944584867,188.88004357857545,370.5388624789684,0.8429554104804993,0.6957257390022278,188
86500000,lstm_global,supervised,CAMELS-BR,0.475102111802155,0.5333307010700228,58.19758999893605,12.856320826931203,-9.531259312825716,-0.022337927214525773,0.6495039822917783,249.80660655149873,549.0654281081297,1.098406195640564,0.8760032057762146,188
86505500,lstm_global,supervised,CAMELS-BR,0.6522754877418684,0.7595093174063208,50.037951050103885,22.155455655239997,10.67425972642694,-0.0008232767823508069,0.8471398650747788,200.3783899410098,356.2002207368803,0.9272541999816895,0.7749971747398376,188
86510000,lstm_global,supervised,CAMELS-BR,0.8419007455181837,0.7391005107809681,346.6127393954071,117.49896864180869,-5.48304565505368,-0.0027117418357254647,0.7467635298987513,1449.5051137248015,2475.2087613617473,0.8880500793457031,0.798030436038971,188
86560000,lstm_global,supervised,CAMELS-BR,0.6089122275979768,0.8048100484539269,34.572746738371215,12.825260916566537,3.866784917447966,-0.0027711826626713038,0.9468243010391498,129.37584652110132,184.92236764953648,0.8489816188812256,0.7917096614837646,153
86580000,lstm_global,supervised,CAMELS-BR,0.4691170909791139,0.6276508708259079,56.5960604550121,20.397820768477043,-2.2301680447811476,-0.00219371511366262,0.7902489136777111,237.87669350968736,415.3013876330743,0.8845076560974121,0.7558226585388184,158
86700000,lstm_global,supervised,CAMELS-BR,0.5803111525300764,0.5350870717293479,17.25318645367927,5.146230348588978,-1.0634904069869344,-0.009529768399208265,0.5736485300705307,72.7208771152353,150.37742734361672,1.1805555820465088,0.8841552138328552,188
86720000,lstm_global,supervised,CAMELS-BR,0.5341277387742214,0.518446910782548,580.0000842048033,180.313102598021,-11.29971164613996,-0.008502701468440139,0.5855856218078945,2403.947941963235,4524.629474789164,0.9460765719413757,0.7832098007202148,169
86745000,lstm_global,supervised,CAMELS-BR,0.5121451726168091,0.6517065897314043,23.093680829638913,8.785264007596288,15.08431705307041,-0.012126928410653846,0.6845408913957354,88.19745701219775,106.02829504405626,0.9434630870819092,0.8935462832450867,179
86895000,lstm_global,supervised,CAMELS-BR,0.8290585206414901,0.9103429779640465,336.38677233071434,150.48214693272368,0.7896053118522437,0.0006060471988626297,0.977860166790148,1191.1375688109777,282.11877427945393,0.7938242554664612,0.7704150676727295,188
86950000,lstm_global,supervised,CAMELS-BR,0.9604239724125755,0.9276522242118557,72.36862441781533,43.45737680895575,3.76117449003345,-0.0011468901232418519,0.9299431708623198,187.31882782632104,69.298095703125,0.6426808834075928,0.6162570714950562,58
87150000,lstm_global,supervised,CAMELS-BR,0.5202566718352164,0.65162543342731,31.290401577067634,11.410863973358845,1.5916180708603775,-0.00362721669446971,0.7854765483764097,124.26597907504734,249.6428256623755,0.9379808306694031,0.7323151230812073,188
87160000,lstm_global,supervised,CAMELS-BR,0.41000202230325633,0.552376135576045,56.20287096291203,17.52442093605691,1.5486517828651047,-0.00886753571248489,0.715959491381013,231.45109876206334,492.73360973681156,0.8636990785598755,0.6855289936065674,188
87168000,lstm_global,supervised,CAMELS-BR,0.5116898571647605,0.6698108603330521,7.073376005464955,2.9150789681542126,2.3656035034367657,-0.005625393469751237,0.8208879572154173,28.12739649117288,44.033350132344445,1.0698126554489136,0.7837064266204834,173
87170000,lstm_global,supervised,CAMELS-BR,0.8743441828057567,0.901589351044268,47.877423451914304,21.53952852162448,-2.453881031671742,-0.0023650400363104257,0.9246286925595848,162.81455757648465,131.575164787472,0.842546820640564,0.862839937210083,187
87230000,lstm_global,supervised,CAMELS-BR,0.7041983602250388,0.6669544218405605,22.169409668526452,9.069663625785283,-13.452632641643326,-0.007036192254095956,0.7016106596347467,85.1623686279049,163.42004921432112,1.0259759426116943,0.8484786748886108,175
87250000,lstm_global,supervised,CAMELS-BR,0.8935594002853597,0.9433628371137702,9.145758813004353,4.84326674884924,-0.2783102878598154,-0.0027274865364653456,0.9820048578465992,19.769380210940582,19.368673097485058,0.9054069519042969,0.8615531921386719,179
87270000,lstm_global,supervised,CAMELS-BR,0.7880655798749441,0.8640237619625104,60.47140325430459,28.505954346758255,-3.219774107385718,-0.0011858212942357886,0.9207014618066394,165.10480949627475,60.29132069121538,0.8150588870048523,0.7301445007324219,188
87309000,lstm_global,supervised,CAMELS-BR,0.383795344525126,0.42321525621240064,24.81425150246034,8.562033803839432,-16.06546199029949,-0.007140147539108282,0.5588554850815901,103.29645766667338,131.4661753424613,0.9677758812904358,0.7965548634529114,171
87317030,lstm_global,supervised,CAMELS-BR,0.391359516928349,0.5929207389289621,22.056093269432218,8.293969115471457,0.7248536876864948,-0.004320703271252991,0.8009941594835654,88.01732074026651,176.26872348557112,1.0503751039505005,0.8001715540885925,187
87317060,lstm_global,supervised,CAMELS-BR,0.994582471386891,0.9820140367823655,1.7737730136505498,1.1265520491498582,0.6622124466783916,0.0002921173984767843,0.9821890175181527,2.2410207639459068,0.22446125688647056,0.11289282143115997,0.10778217017650604,188
87366000,lstm_global,supervised,CAMELS-BR,0.5551759673526021,0.7155405244331708,2.0648048396841814,1.1287936203657312,17.82560314359417,-0.00800396922026932,0.771769863769586,4.934482836431206,11.03260265776502,0.4903261363506317,0.4627702832221985,188
87372000,lstm_global,supervised,CAMELS-BR,0.649148035034109,0.8111587401707177,6.295288786494658,2.514621511865885,7.244805864536379,-0.003860375401249585,0.926124223742452,17.012722617214045,7.233589210962547,0.8042249083518982,0.7412923574447632,156
87374000,lstm_global,supervised,CAMELS-BR,0.8719838729371472,0.842684145392961,22.589073776084117,8.815106754607342,-2.609322777699599,-0.004125659638579485,0.8555692331543128,88.41469184847402,183.07232368427356,0.7850052118301392,0.7301087379455566,188
87380000,lstm_global,supervised,CAMELS-BR,0.9497286333619954,0.9181734139513469,24.04357067880217,11.380857817670131,-2.416679251678174,-0.002973516500580444,0.9217089516019836,83.52045907443882,13.741665797444888,0.5959832072257996,0.5745980739593506,188
87382000,lstm_global,supervised,CAMELS-BR,0.9640863014660284,0.9314112416700738,33.595073860199875,14.113730958167542,-1.1364212193218353,-0.0001727669908855589,0.9333999342851368,103.79550038480072,171.9520927873322,0.6071398258209229,0.5968120694160461,188
87398800,lstm_global,supervised,CAMELS-BR,0.5771505569369504,0.6193269246838085,2.7716282193273627,1.045135734885178,-12.588983183478705,-0.004410262284438471,0.7017696234549673,10.349252673917297,17.783529531414818,1.0351102352142334,0.7848691344261169,188
87399000,lstm_global,supervised,CAMELS-BR,0.9851510602658964,0.9467378092918337,3.8610077178128424,1.702382893004316,0.35579192239782664,-0.002840051318126091,0.9470953687201974,14.739255015318877,18.86533864863184,0.5331087112426758,0.49591976404190063,188
87460200,lstm_global,supervised,CAMELS-BR,0.338211368829447,0.40310054915216387,4.978078650558046,1.9326122304497484,-5.681316873376362,-0.005517213858829879,0.5735702259516704,20.454776442416108,36.728988566039405,1.277290940284729,0.6317370533943176,179
87530000,lstm_global,supervised,CAMELS-BR,0.8842137318142703,0.9296225997148964,1.8593501867149593,1.1014377576000285,0.33304570624528873,-0.002205554304159016,0.962133255944244,3.925309061376151,4.691416204984452,0.36583054065704346,0.34883514046669006,159
87590000,lstm_global,supervised,CAMELS-BR,0.8168381574616376,0.8430800045793958,29.50139972535749,13.44184516128881,5.038762143166818,-0.007881486644855017,0.869286011755349,117.3851053738828,166.844415012243,0.7719824314117432,0.6489808559417725,179
87670000,lstm_global,supervised,CAMELS-BR,0.8846920648228495,0.9138797802657681,100.93045298866741,38.55127508920782,1.0449144469729497,-0.004406257874503383,0.9375524291967994,300.12498344864974,345.9711560072397,0.857185423374176,0.8355386853218079,170
87750000,lstm_global,supervised,CAMELS-BR,0.47898570064440893,0.5751987648622341,1.7023368366354512,0.5795987636802045,6.584099801992991,-0.00696845339818641,0.703922355000731,7.135367670732564,11.656273821369618,1.1394214630126953,0.7909946441650391,188
87865000,lstm_global,supervised,CAMELS-BR,0.7472750412866892,0.7362941523741091,6.876405721876281,2.468477632137055,-3.8659284751282508,-0.00026910032036978927,0.7679274613556291,28.5156790605644,43.9014439380442,0.5046386122703552,0.3878583610057831,188
87880001,lstm_global,supervised,CAMELS-BR,0.9301322328763526,0.9309984422484923,9.77836277039024,5.298661359535751,-1.3613966768590413,0.00016144088984582083,0.9405385356949945,19.753954716681005,16.84827202789255,0.8145473003387451,0.7810484766960144,186
87900000,lstm_global,supervised,CAMELS-BR,0.9728428414935061,0.9829724796186404,50.9783108434621,24.31428988993276,-0.9516385709222428,-0.0037431431384499433,0.9890718390448432,144.52883596295592,122.33099472243102,0.8617786169052124,0.8477889895439148,138
87905000,lstm_global,supervised,CAMELS-BR,0.9397027257648833,0.8678009976394593,153.47655126116908,60.905069645472935,-3.672815516706286,-0.0037924585826617785,0.8700611755938683,601.3315782145193,622.1756910492412,0.9028606414794922,0.866176426410675,175
88020000,lstm_global,supervised,CAMELS-BR,0.7935578724482191,0.809936743544168,16.487424864151134,5.547093377813049,-0.7173006025981581,0.0004530874338003858,0.8418431326747418,67.62255577020446,97.03280796255208,1.2006640434265137,1.0357046127319336,184
88179000,lstm_global,supervised,CAMELS-BR,0.5721662028142254,0.6216072341505339,4.518055210174249,1.6298067754094478,-1.9852338283009126,-0.007919700761656594,0.7088345871012633,18.60539379119149,31.218481586188194,1.1451612710952759,0.8299254179000854,186
88185000,lstm_global,supervised,CAMELS-BR,0.3826122550708593,0.45333247861139925,4.94248821920017,1.6527992937119067,0.35042520935219806,-0.0030610809339144986,0.6026452447325532,20.88995874477621,35.540684456996004,0.9778020977973938,0.663474977016449,119
88220000,lstm_global,supervised,CAMELS-BR,0.8647444161156592,0.8572169560599374,63.72050825595036,26.514025726558074,-3.6970895555681733,-0.003316231576328668,0.8745263448141531,221.84140127971824,388.83098656917315,0.9870160222053528,0.8995648622512817,184
88260000,lstm_global,supervised,CAMELS-BR,0.8482942185893304,0.9087514255509598,106.24528199481504,38.07503210974264,4.870483266209669,-0.0015331829737216945,0.949426083599516,354.01008632166247,245.49766419308534,1.0062823295593262,0.8665624260902405,182
88370000,lstm_global,supervised,CAMELS-BR,-0.6288372191110647,0.20781577801196227,24.42248786066032,8.46022840325649,32.20925757905381,-0.0042489897989354194,0.294912142772349,44.69268502455634,47.02799315183272,1.0096136331558228,0.9186871647834778,130
88550000,lstm_global,supervised,CAMELS-BR,0.5402094263217527,0.6648023965068324,29.134355581689455,13.841430014371872,23.71462252161867,-0.008042967561990473,0.7140400964008052,114.631689480324,28.769045789212235,0.8088599443435669,0.6648443937301636,160
88560001,lstm_global,supervised,CAMELS-BR,0.5610296254898955,0.5290699509281408,86.99410641475943,23.507085128667505,-8.671140320234148,-0.0014439613665774738,0.5809739400476724,362.60198521405175,654.1587592962676,1.1682425737380981,0.9400174617767334,188
88575000,lstm_global,supervised,CAMELS-BR,0.455932464012624,0.4311968685032256,41.25889825609063,13.235993306370492,-13.699016343970493,-0.014910740326597859,0.518243656439672,171.73172091358268,260.0521279012792,1.0175930261611938,0.6586503386497498,188
88600001,lstm_global,supervised,CAMELS-BR,0.8116461623452604,0.8798595321313879,31.061493376241767,11.663104452985399,3.2440429478005917,-0.00042659349204053273,0.9296894427939831,103.21005446790424,175.26129150390625,0.8228625655174255,0.7944916486740112,94
88641000,lstm_global,supervised,CAMELS-BR,0.5164465129725719,0.7231789739850722,133.5177484394712,46.46567970387479,3.5315296762182666,-0.014012966753981879,0.9034145182780039,535.7559762472265,691.7978251537562,0.8462427258491516,0.738370418548584,188
88680000,lstm_global,supervised,CAMELS-BR,0.7536584477903235,0.7976330887872709,76.49653154370041,36.02221092477545,13.304332211814781,-0.0019378413236977275,0.8229947723621405,232.3081458333692,253.11273635617468,0.9075571894645691,0.8635284900665283,143
88750000,lstm_global,supervised,CAMELS-BR,0.4751030017994837,0.4246584428095159,6.315556078455035,2.330536323589053,-9.457142996538751,-0.004168501651380541,0.4885197665289601,26.473368877446486,40.65753232897893,1.1588640213012695,0.7080491185188293,178
88850000,lstm_global,supervised,CAMELS-BR,0.25586603802773455,0.23708328093716458,15.720337801150315,4.98078500832382,-9.337254870059898,-0.005848079062014028,0.39610253537668505,66.94091853422667,122.37871024045921,1.0554090738296509,0.5504584908485413,171
