basin_id,model,mode,dataset,NSE,KGE,RMSE,MAE,PBIAS,FDC_slope_error,FDC_KGE,tail_RMSE_95,tail_RMSE_99,RB_flashiness_obs,RB_flashiness_sim,n_predictions
01013500,persistence,zero_shot,CAMELS-US,0.9899450023562767,0.994526323812387,153.37837433708088,81.53142857142858,0.21637189650698274,-4.479384452456617e-05,0.9974590394604388,294.771097633401,174.92855684535903,0.29892215,0.29729572,175
01022500,persistence,zero_shot,CAMELS-US,0.7172307248220953,0.8225055820712981,270.0981197374656,123.86285714285714,1.5665236051502145,-0.0025067972356275676,0.8659459829758098,935.7813728525364,778.6205751198719,0.7173283,0.72000843,175
01030500,persistence,zero_shot,CAMELS-US,0.9727616969834664,0.9860186183004831,592.6897140518445,342.8228571428571,0.2998350163402644,0.000660710397290154,0.9965272513458432,504.4248650140519,182.57418583505537,0.620439,0.61616975,175
01031500,persistence,zero_shot,CAMELS-US,0.5267277614904964,0.7449747720466251,510.25982737089095,230.28,-4.396097650345807,-0.0017469977058946207,0.9348563196280857,1720.8104679675407,1772.2866585290315,0.79565793,0.7706437,175
01047000,persistence,zero_shot,CAMELS-US,0.3734430232537662,0.6457121137505519,952.2669564691294,381.84574468085106,-4.08050779652579,-0.0011918332381072073,0.8913582550783669,3611.4953135785736,4673.547902825005,0.89312446,0.81908506,188
01052500,persistence,zero_shot,CAMELS-US,0.6657040138611237,0.7420039978419019,316.0637476098635,116.37765957446808,1.8129139072847682,-0.0009907913536821786,0.8139539173197217,1240.7398599222965,2306.003035557412,0.7892384,0.78165704,188
01054200,persistence,zero_shot,CAMELS-US,0.3199626037751929,0.4804531510101524,273.452104017302,93.76595744680851,-4.761904761904762,0.00299199039406374,0.69160181094914,1023.5354903470617,1911.7825451656367,0.9771737,0.8170759,188
01055000,persistence,zero_shot,CAMELS-US,0.3266553370229428,0.49649886351220684,326.68422029114606,113.78191489361703,-3.70837367437462,0.00291296099354554,0.7112883456620117,1240.3306414017193,2337.768594194045,0.95330197,0.83402705,188
01057000,persistence,zero_shot,CAMELS-US,0.47515221938329333,0.6726188002917908,134.51164922268217,58.330319156038,-0.3987712935064231,0.00369742274433223,0.8555314033620498,487.95542829238,631.3477647065839,0.8142945,0.7578036,188
01073000,persistence,zero_shot,CAMELS-US,0.7438019764168284,0.8588239296585183,10.190756832283604,5.0370454456318505,3.094274774077136,-0.002350249595202192,0.9200700906218543,34.06634047352694,47.71268175233918,0.7708097,0.7875198,176
01078000,persistence,zero_shot,CAMELS-US,0.7224320418692085,0.8614611915744966,86.17859010373098,43.910497238622845,1.8758855633955749,-0.0039002387774186922,0.9744807705064881,248.65176452219276,242.49536078036627,0.76845735,0.6936223,181
01118300,persistence,zero_shot,CAMELS-US,0.10036587759667792,0.433280916238035,6.6818115993802945,2.61372725950046,17.612560692016338,0.0013604622881934723,0.4666412811748384,25.522571692624958,35.177691770169176,0.5136495,0.6435549,110
01121000,persistence,zero_shot,CAMELS-US,-0.275163484308633,0.33333864930936874,95.92998962250519,23.783636357567527,9.323859927362824,-0.00043187947597580004,0.8994396587786905,403.1079259950119,692.1220990547838,0.5717898,0.6979624,110
01123000,persistence,zero_shot,CAMELS-US,0.00779995240459086,0.46426198697724796,80.0549460694303,24.116260148645416,3.497008310013261,-0.001027319747747918,0.9141638812455434,318.73051761188924,560.040177130177,0.673719,0.6947231,123
01134500,persistence,zero_shot,CAMELS-US,0.7224502458641903,0.8221488332533862,117.24306113633828,47.89450549555349,-0.7806494458984339,0.0016645126929623437,0.8897621428506054,436.94576322468214,737.4757623135828,0.7894784,0.71781564,182
01137500,persistence,zero_shot,CAMELS-US,0.4249043207844908,0.5131677310818379,212.82462316357828,82.62359550561797,-5.4831184775936155,0.0034815903180909283,0.652553522047655,862.424296194551,1257.48996019849,0.751946,0.6375091,178
01139000,persistence,zero_shot,CAMELS-US,0.5974040596770361,0.7298756686695054,102.0686576259589,39.58695652173913,4.033480049065589,0.0007240703090738224,0.7655417783059406,383.3185359462806,616.845199381498,0.6140775,0.56800526,184
01139800,persistence,zero_shot,CAMELS-US,0.5061289268002562,0.7492145273349118,9.05183788795612,4.010439556378585,8.977361443116614,0.0014606683249348794,0.8859848815896316,22.20135131022434,39.45883931389772,0.45901638,0.5355096,182
01142500,persistence,zero_shot,CAMELS-US,0.6168396848826105,0.7071610525083109,37.19280462600692,14.644886379892176,8.064548739368027,0.0006363074799931277,0.7344647344662032,145.41282229875358,171.011695506477,0.5498565,0.5766048,176
01144000,persistence,zero_shot,CAMELS-US,0.6428119178422691,0.7749070750550702,842.1475037540015,348.7005649717514,-1.949612307082518,0.0003871079682252511,0.8851698417305908,3058.7470201592896,3117.1541508241135,0.64827704,0.54738504,177
01162500,persistence,zero_shot,CAMELS-US,0.8239842162035331,0.884103061369134,17.890064343503994,8.892111119627952,2.3483998934825343,0.0,0.9140109643153711,49.08948744668025,52.36888389110465,0.73040515,0.7560103,180
01169000,persistence,zero_shot,CAMELS-US,0.48468221024378677,0.7320270631740637,176.75069952509014,75.86413043478261,7.0719450913102095,0.0024603077190913057,0.8388002224343252,604.9702472022901,994.0181084869631,0.71910775,0.78894234,184
01170100,persistence,zero_shot,CAMELS-US,0.43258843346110365,0.71055606391051,76.69436094004612,30.692391307457633,6.386811695967622,0.0026792389694530495,0.8253049371933423,222.65286883397664,416.88187775435864,0.6534784,0.74667984,184
01181000,persistence,zero_shot,CAMELS-US,0.38121562855597013,0.6786077864460089,180.62349159034025,66.27428571428571,5.823574884759641,0.0006313359667527926,0.7818062397340726,735.0328790831968,929.7623352233624,0.69482064,0.7586916,175
01187300,persistence,zero_shot,CAMELS-US,-0.025415048244364247,-0.1705152849569449,224.8757986484402,38.390000000866976,-16.707029557580412,0.0005705300950901195,0.18257022380646715,957.6750396966476,1643.0217588334003,0.78805476,0.85585576,110
01195100,persistence,zero_shot,CAMELS-US,0.25292179123376,0.3777108402572684,20.649772830605453,4.965121958147341,-1.3617000545194118,9.521940688212924e-05,0.5929508720518137,84.5474676566541,154.97257821950308,0.92290264,0.8185631,123
01333000,persistence,zero_shot,CAMELS-US,0.7563046730293832,0.8757887763043088,34.16721110365784,15.591011237562373,3.1051344791282327,0.0011786694098252504,0.9651803944740612,117.39345050820434,185.31055015837603,0.5559902,0.5742722,178
01350000,persistence,zero_shot,CAMELS-US,0.33054606744716175,0.44800048774787726,472.8963515926016,172.66666666666666,18.809432582117108,0.00025647911677689414,0.4631733808994827,1769.9943906287226,1636.7040050051812,0.8003065,0.99558765,123
01350080,persistence,zero_shot,CAMELS-US,0.3122809431482275,0.4320547472488888,41.108508010969594,13.856910579572848,15.558343805184181,0.0015543422541681971,0.44483424411344397,154.31091064100795,263.8721281226951,0.68913734,0.8453262,123
01350140,persistence,zero_shot,CAMELS-US,-0.000844634281284673,0.2834679187340696,25.9062427110033,9.670894308061134,26.479597253897303,0.0032646286938760385,0.3022833856843893,95.45455163883716,138.3979768638256,0.78165114,1.0291913,123
01365000,persistence,zero_shot,CAMELS-US,0.6880663388805779,0.5976567049960357,63.97109357364567,29.227642276422763,12.791765014424337,0.0023872993288822364,0.6010505846016581,230.475905155274,172.38619434281853,0.6673879,0.77986395,123
01411300,persistence,zero_shot,CAMELS-US,0.8421824879925424,0.9083717093489798,8.988728321966391,5.264473682955692,0.39379598939064026,-0.0025982039026719427,0.9447036590878743,22.0935510952857,26.40075756488817,0.34502056,0.35450578,152
01413500,persistence,zero_shot,CAMELS-US,0.7466508059634478,0.7008443743261026,152.42897853077332,60.642276422764226,10.898167781221117,0.001796961887311873,0.7081747845762014,585.1993555313315,840.535543567314,0.67115206,0.75747025,123
01414500,persistence,zero_shot,CAMELS-US,0.37168538047218846,0.5242184793777501,38.313641460292025,13.739837398373984,16.153269424478435,0.0028881872667977336,0.5475417143169834,134.43904619885228,115.36463929644994,0.6963166,0.81169575,123
01415000,persistence,zero_shot,CAMELS-US,0.6764345139033534,0.6240863893843305,25.26343802388283,12.147967478124107,13.099858030796728,0.0037591711718175276,0.6298519356856617,91.92155040343603,126.34278768493277,0.63230795,0.74667335,123
01423000,persistence,zero_shot,CAMELS-US,0.5566868883915111,0.5764300769074144,382.6466029696692,141.3821138211382,12.035911101911982,0.0035787336778621663,0.5845540112690941,1408.4566021003275,2390.020920410531,0.669711,0.7581692,123
01434025,persistence,zero_shot,CAMELS-US,0.26678149444402866,0.436776478647923,5.723621000834718,2.4617885884230697,17.07617833170098,0.0053541745323982225,0.45345918916880923,18.547236990991408,11.40175425099138,0.55431175,0.71460986,123
01435000,persistence,zero_shot,CAMELS-US,0.6397143334879076,0.6607447713247667,102.91471723903362,47.113821138211385,12.588196231426911,0.0031847841251232897,0.6744537101755432,367.1724001454513,363.0571580343789,0.6350959,0.73255426,123
01439500,persistence,zero_shot,CAMELS-US,0.786330539190644,0.8391085562143812,115.73606645575823,50.98314606741573,3.2567649329244124,0.0003131812782533813,0.8623042646428548,412.98641355107287,791.7161738906185,0.6345163,0.63681,178
01440000,persistence,zero_shot,CAMELS-US,0.28088158373447747,0.5899095213498928,118.9821638698378,40.97872340425532,4.930827999174066,0.0005008879379154833,0.6487005280476611,470.95222687656974,444.29100823671865,0.6913483,0.77082926,188
01440400,persistence,zero_shot,CAMELS-US,0.6995478399359416,0.812813269866974,87.6704088519748,34.72245989508807,5.511930891519261,-0.0026961251641914007,0.8601515952012381,313.2147825374786,466.1121109776059,0.6612972,0.71322584,187
01451800,persistence,zero_shot,CAMELS-US,0.45480440576709336,0.7312344186614299,81.01414563803817,29.419021738612134,4.984167528561794,-0.0005687909903633603,0.9374408514304117,325.7313310076266,598.4951963048659,0.851268,0.8190857,184
01466500,persistence,zero_shot,CAMELS-US,0.8267597215068903,0.90569828580118,0.321113336595067,0.1425149626360682,0.8108109438654458,-0.0012370289328432153,0.9517631078383997,1.106797254299384,1.8681542062374816,0.17324322,0.18579087,167
01484100,persistence,zero_shot,CAMELS-US,0.018377374221202114,0.46557855639848156,4.788530695992774,1.13485714313175,-1.5144538190500276,0.0008081279286764921,0.8903128190439047,20.7025226258749,31.273257971934523,0.58030254,0.5419494,175
01485500,persistence,zero_shot,CAMELS-US,0.7038910490862968,0.8502031619312362,50.74778000609082,15.079787242602794,1.2285528490143476,0.0036881700527153505,0.9421535641205583,211.47363901914582,349.12247134780654,0.9608435,0.9544774,188
01486000,persistence,zero_shot,CAMELS-US,0.6333328460379972,0.7992974118961627,3.2251862973639014,1.1279891274221565,3.5571213872503153,0.0,0.8747642082297239,11.907933185532125,19.1049731745428,0.6877771,0.7358786,184
01487000,persistence,zero_shot,CAMELS-US,0.5967241032060641,0.6856811028070063,37.83796977272617,11.777173913043478,2.3663836163836165,-0.0009307065026778784,0.7003710271949775,156.63524507594067,257.7925522585942,0.26948053,0.32387924,184
01491000,persistence,zero_shot,CAMELS-US,0.2172189613365949,0.38076504440776004,298.14628384642737,76.39257142816271,-10.328991136118162,-0.0032393271205064487,0.6325284109576184,1276.3483066937488,2541.2992739935216,0.7729745,0.68039715,175
01510000,persistence,zero_shot,CAMELS-US,0.5094126364718464,0.6816925177378651,239.09848686211524,89.71604938271605,6.932516698843841,0.0036064754100294145,0.8036818067070505,906.5384713292647,1716.2606154078114,0.71189225,0.69935876,162
01516500,persistence,zero_shot,CAMELS-US,-0.6993818866878432,0.07543694454305849,15.977993917230082,4.718532618054229,25.773034363255064,0.0010539795464765411,0.10633192898533417,61.548688039532905,31.622776601683793,0.74275136,0.9893733,184
01518862,persistence,zero_shot,CAMELS-US,-0.8907069958542935,0.0016277238000987904,163.46607934271802,39.681355928970596,14.633162048879768,0.0016191073856343802,0.020593467758923345,701.9949350877746,1434.3569987977191,0.7821232,0.9310582,177
01532000,persistence,zero_shot,CAMELS-US,0.3896561154469501,0.4463947551070693,257.6191370492798,92.24406779822657,18.818019706153187,-0.0017424604368786317,0.4565543355770266,1001.28173413436,127.47548783981962,0.8245872,0.97049844,177
01539000,persistence,zero_shot,CAMELS-US,0.6555486589282395,0.6720562388965474,265.8061303585194,111.01595744680851,6.197489253614693,0.0016007080921152175,0.6834129914534659,993.8797210930505,1916.8985366993215,0.664322,0.73373735,188
01542810,persistence,zero_shot,CAMELS-US,0.6831523906709956,0.8144889033587258,6.248386126924202,2.2666486332948144,6.8185295847795615,0.0,0.8752786340142413,22.26972909022818,17.67766952966369,1.001317,1.0260134,185
01543000,persistence,zero_shot,CAMELS-US,0.8530224732757289,0.8800086755732215,197.6495293092554,87.39627659574468,5.542866157718926,-0.0007715473999476766,0.8982114384811788,676.5205835745132,306.0228749619871,0.8498604,0.8436103,188
01543500,persistence,zero_shot,CAMELS-US,0.829488293323602,0.8675923488578674,491.5114552462617,212.87234042553192,5.919729840814921,-0.000658013690948589,0.8894452692304471,1611.3224382475407,390.51248379533274,0.7614168,0.75733614,188
01544500,persistence,zero_shot,CAMELS-US,0.8683873588706574,0.9223801831977954,104.59585342254964,45.70744680851064,0.6666174698054265,-0.0019471027232428606,0.9524778409386125,342.0093565971551,108.16653826391968,0.78636265,0.80524874,188
01545600,persistence,zero_shot,CAMELS-US,0.8980972799009616,0.8254560964794647,32.38931232851164,13.17872338852984,3.32815885750706,-0.001776860532205743,0.827770961951193,123.23716971758155,187.17505175637058,0.76886624,0.79237944,188
01547700,persistence,zero_shot,CAMELS-US,0.48196523074369124,0.576215701342762,46.34239477162399,15.6957446748906,10.547081650129,-0.004786068865594441,0.5929977656721342,176.0409043375999,336.0133925902359,0.812511,0.9167349,188
01548500,persistence,zero_shot,CAMELS-US,0.8671261610974228,0.7837919983503835,377.2354396435692,155.48901098901098,7.103528655252793,-0.0018677056263966124,0.7864653437336124,1378.4375212536838,2735.0045703800934,0.7266364,0.7924039,182
01549500,persistence,zero_shot,CAMELS-US,0.4740717981239795,0.487607626429706,50.40185545163444,17.727472526686533,15.48422565548447,0.002425536596167774,0.49488219306680625,188.8425269900824,334.4644973685548,0.8356798,0.9424801,182
01550000,persistence,zero_shot,CAMELS-US,0.611760738404914,0.6509943960910939,200.10907890312984,81.37405405302306,10.249470203776065,0.0011011598011759806,0.6674439861719281,779.5395435768477,1060.4244433244644,0.75371563,0.85463333,185
01552000,persistence,zero_shot,CAMELS-US,0.7367831752239872,0.7887853818604278,490.91675530409213,207.9840425531915,6.156631003613262,0.001055240730749623,0.8124814415239852,1776.8483334263508,1488.0356178532825,0.7824507,0.83440596,188
01552500,persistence,zero_shot,CAMELS-US,0.3630064251658942,0.6342439265392402,37.28042952501528,14.774468086501384,9.082556782866847,-0.003539890455311775,0.7030989103992167,144.15859322288074,265.5899094468764,0.69016445,0.77406734,188
01557500,persistence,zero_shot,CAMELS-US,0.6255159806862969,0.7101786734550795,38.69475127984984,16.164361700098564,7.3902100412573715,-0.0008621642795270668,0.7351854402596936,132.00227270770756,210.14399824881986,0.6930221,0.74661165,188
01567500,persistence,zero_shot,CAMELS-US,0.26200289675984445,0.5239623636674364,75.24558798110603,12.563829774552204,9.141328901380469,-0.001027320412097854,0.7778882092736096,322.14515361867547,714.6471157151619,0.91360676,0.9838311,188
01568000,persistence,zero_shot,CAMELS-US,-0.11685106722102967,0.3865106758960558,531.1882035669614,138.5054347826087,19.78470870807693,-0.0013239372046932978,0.4534523384121605,2143.3642014366105,4401.136216933078,0.840986,1.0016539,184
01580000,persistence,zero_shot,CAMELS-US,-0.2509940871122538,0.41125918481574186,115.7203014688564,36.973118279569896,10.2043203618498,-0.0016563155314504308,0.5227524322397481,449.9112134632788,497.12976173228657,0.42653826,0.5430775,186
01583500,persistence,zero_shot,CAMELS-US,-1.4495645803990227,0.05189121730950952,95.59438118574603,25.725714285714286,13.404899532067162,-0.0008238446542290154,0.18628280991392443,403.8963013227804,381.8481373530582,0.38948527,0.5597694,175
01586610,persistence,zero_shot,CAMELS-US,-1.1302974544052997,0.0339445239029349,45.43582727341278,11.320000008174352,17.156773427787293,0.0016384006445538113,0.09601513481972646,195.7058450271166,176.19449480616584,0.43084112,0.6386017,175
01591400,persistence,zero_shot,CAMELS-US,-1.5011396940019952,0.08423606402837425,35.689684784341644,9.749714292798723,14.417929219115946,-0.0018371097520131809,0.30847822043083617,129.32372172188673,154.9015816575157,0.45412573,0.6214552,175
01594950,persistence,zero_shot,CAMELS-US,0.49259063614926935,0.7243380419367246,2.9917005018035,1.1598857245913574,5.6599896341129,-0.00204367320322843,0.8081996372948673,11.84074875774843,13.824072945055745,0.7244579,0.7465546,175
01596500,persistence,zero_shot,CAMELS-US,0.2127394381059553,0.5539974196263935,92.54421645911835,25.788571432658603,9.116490273311385,0.0020906930753621725,0.6184783366146446,369.08490441450823,727.3960406821033,0.9334468,1.0385933,175
01605500,persistence,zero_shot,CAMELS-US,0.8059568990459317,0.8607405424031049,70.19513617664077,28.91269841269841,8.539312617702448,-0.001262808981835395,0.8786583917947524,231.25650569999416,310.75713990188547,0.6330038,0.6948978,126
01606500,persistence,zero_shot,CAMELS-US,0.8380595274547956,0.8988139549357507,272.6711761673756,119.7265625,5.59915135524759,0.00035794311764797415,0.917621028977315,976.5463927243073,1279.0621564255584,0.6539733,0.6996883,128
01613050,persistence,zero_shot,CAMELS-US,0.7858656600741512,0.7131321122394867,6.786802313213387,3.068776588460946,12.082740077062374,0.000742151627097537,0.7181690095903541,22.49888886145269,33.06055050963308,0.9225329,0.98203796,188
01620500,persistence,zero_shot,CAMELS-US,-0.28356298893684295,0.17758986464574333,42.914089386048296,10.137111119263702,22.370181177101088,0.0014096994764355303,0.195826209193401,185.9175444473526,297.9538554877248,0.92437565,1.1037344,180
01632000,persistence,zero_shot,CAMELS-US,0.5840012989414243,0.7385475277628787,166.99098029538087,62.0537878798716,8.338479989451,0.0012480474177034157,0.7912600500113772,671.9961734584931,705.6985900510217,0.961479,1.0126412,132
01632900,persistence,zero_shot,CAMELS-US,-0.6806053165659895,0.1261864427111854,65.61957460566605,13.436507936507937,13.392726741638674,0.0011224627781924006,0.16618894528353223,276.1601502234321,503.76432982099874,0.49905068,0.6284132,126
01634500,persistence,zero_shot,CAMELS-US,-2.838459500914999,-0.4338632195592669,276.7554557003326,46.55141243422772,21.660945004450348,0.004740639601448687,-0.38227442453983573,1219.129789827336,2557.7243792089876,0.85477406,1.0048578,177
01638480,persistence,zero_shot,CAMELS-US,-2.57387546149572,-0.6079591579964971,294.831620815659,55.17062147323695,28.42432150924317,-0.00379282251375776,-0.6012672830953654,1296.3819738881832,2619.0877228531313,0.8295468,1.0594532,177
01639500,persistence,zero_shot,CAMELS-US,-0.653945302552378,0.28282313944972326,163.673374145752,51.31382978723404,12.775621802787088,-0.0011245298171971806,0.4160055424780381,673.068867204538,632.571339850297,0.65355444,0.7518476,188
01644000,persistence,zero_shot,CAMELS-US,-0.13371554984317258,0.2093981613090906,380.5046270236999,106.38305085122921,14.82986534218639,-0.0009026537113048447,0.22006793137727776,1603.6956624552483,3166.711938272883,0.7054625,0.8416215,177
01658500,persistence,zero_shot,CAMELS-US,-7.803288814683906,-1.2500967311068942,21.787340476897803,4.662634406859676,49.84336773484662,0.0013776463551458604,-1.1370597181252649,70.24725618585593,44.44164721230244,0.90701914,1.2319579,186
01664000,persistence,zero_shot,CAMELS-US,0.7821367671201139,0.7537935002073235,449.29687003066783,150.36559139784947,11.980722573404414,0.004278749857471186,0.7598622387427952,1825.7157774418229,3167.8778385537535,0.6786628,0.8019912,186
01666500,persistence,zero_shot,CAMELS-US,-3.4600004973183065,-0.8074369969272968,354.06290826737654,67.38172043010752,23.03268603220457,-0.0005853269484633779,-0.8025924595305625,1492.3735457317648,3252.89325063089,0.4858503,0.74385285,186
01667500,persistence,zero_shot,CAMELS-US,0.010950039381059318,0.15005226127100701,596.710414622469,151.15675675675675,17.158883014012584,-0.0002577360673320858,0.15249688559856056,2435.9244856932655,5063.995458133824,0.5910416,0.7651606,185
01669000,persistence,zero_shot,CAMELS-US,0.04415630411955873,0.3934876743933762,47.317658989628825,11.739204555749893,7.025581609140199,0.0,0.4175295947176959,204.12686686905715,405.88483588328353,0.67301905,0.7679226,176
01669520,persistence,zero_shot,CAMELS-US,0.8171407445116821,0.7424069940715098,69.64536819688614,20.30785310908226,-5.379405241992321,0.002709548331482625,0.7536772150601649,291.0870431102468,491.1720676097125,0.666299,0.6066226,177
02011400,persistence,zero_shot,CAMELS-US,0.4671466051226486,0.6324810116598821,128.02679840998567,34.827777777777776,8.639206383437568,0.003629463464216054,0.6650703851443381,553.89971013613,1006.2616458953407,0.72585726,0.8199142,180
02011460,persistence,zero_shot,CAMELS-US,-0.20622815629767488,0.39695420802121395,129.2621986505869,30.532222220632764,14.399261821281595,0.0014784898233161231,0.48669567957778215,563.8073942205598,580.086200490927,0.9119777,1.0028727,180
02013000,persistence,zero_shot,CAMELS-US,0.426594648526991,0.5568502913309141,150.30499152963554,44.473936172241864,18.660085556132366,0.0012575676032349076,0.5840782058044628,616.8683003688875,657.0772405128639,0.8144346,0.9858831,188
02014000,persistence,zero_shot,CAMELS-US,0.7356308451279456,0.6653137281869657,87.19557987040496,32.82446808510638,15.078241723676967,0.000836383275215527,0.6711502994261296,328.2361954446828,182.18671740826773,0.6626563,0.81400114,188
02015700,persistence,zero_shot,CAMELS-US,-0.6171781137529959,0.1444633572184828,203.8686970875468,53.18478260869565,20.72295122555088,-0.000927965461029797,0.18507372851683268,850.9471781491493,617.7871801842443,0.6570521,0.8822122,184
02016000,persistence,zero_shot,CAMELS-US,0.6772681186615326,0.8212127720826001,383.327297675051,148.50285714285715,5.9797836495832595,0.001254874693565132,0.8922669157149786,1318.0846794581228,1529.5914487208668,0.7729503,0.8788974,175
02017500,persistence,zero_shot,CAMELS-US,0.7966558146775554,0.7686666109198885,56.941255115303534,25.335795451294292,11.212528051868137,0.0005050621965215704,0.7780300528571389,199.71090216721882,172.72666267834853,0.6839594,0.7837477,176
02018000,persistence,zero_shot,CAMELS-US,0.6802598789653054,0.7474755114945242,247.40858051871547,93.47428571428571,10.535340718131623,0.0019308683159956208,0.774558039201966,968.4767535786402,855.8621384311845,0.7361364,0.8437529,175
02027000,persistence,zero_shot,CAMELS-US,-0.32002557094534234,0.15389733668152095,181.08084310365476,44.98913043478261,19.174107142857142,-0.0020245051415791263,0.16971234739797425,762.8815111142752,1183.3480046038867,0.5893601,0.7708685,184
02027500,persistence,zero_shot,CAMELS-US,0.4292460658694587,0.39733165390203773,75.08464752155305,21.40923913406289,15.589840375928649,-0.001556277869786557,0.3990803469742379,314.95158358071484,649.8499826883125,0.6310222,0.7756638,184
02028500,persistence,zero_shot,CAMELS-US,-0.0500952392614733,0.3213056997205971,121.81014718208718,32.04891304347826,14.082172140328868,0.0011113420960716588,0.342057839017599,508.85567698513495,1075.156267711815,0.5414669,0.68403894,184
02038850,persistence,zero_shot,CAMELS-US,-14.343689743283822,-2.2711541385464833,31.7888016152056,4.882159091701562,56.267703867188644,-0.0011885053476817925,-2.2111307977432038,133.2083181064724,285.45042479542434,0.7081464,1.1432741,176
02046000,persistence,zero_shot,CAMELS-US,0.4663763061972488,0.702977442993734,84.50164325438386,30.40265959057402,-0.6676727916073322,0.007267073907442252,0.7685357986148128,334.5220471060166,430.98781885338707,1.0141199,1.0165932,188
02051000,persistence,zero_shot,CAMELS-US,-8.47157599290185,-1.3905076248541088,227.4599091024904,44.08510867862598,62.62087231477803,0.004605947722118434,-1.2820523019334913,934.3888912010887,517.8889842427621,1.0311353,1.4093896,184
02051500,persistence,zero_shot,CAMELS-US,0.6326329877043426,0.6559712951299002,514.5311173468831,191.55248618784532,-11.721970250485946,0.002726402359761893,0.7198237409767059,1834.3480858332205,2786.0366113890177,1.1348654,0.97874635,181
02053200,persistence,zero_shot,CAMELS-US,0.8655495223061302,0.8825576129476117,110.55967879294472,47.337712760618395,1.7707882116268023,0.004182663923923607,0.8962796191105817,382.5330051119772,526.1178575186362,0.90321964,1.0076145,188
02053800,persistence,zero_shot,CAMELS-US,0.5516739710227394,0.48817560250622427,72.56568320065882,26.805405405405406,14.298289046597349,0.0,0.4920873686321432,271.0192881428452,467.17020452935566,0.59124166,0.7498556,185
02055100,persistence,zero_shot,CAMELS-US,-0.7414579755383472,-0.05196824682757928,12.948670092857972,3.279428574698312,20.691657841597927,0.0,-0.044275761906077626,55.40356988097027,96.38464608017192,0.48294616,0.64386016,175
02056900,persistence,zero_shot,CAMELS-US,0.041323715431540786,0.3501009197161422,79.79013012186948,28.194594594594594,13.016270337922403,0.0007051023182138155,0.37220470644550163,314.0641654184699,381.18237105091833,0.44330412,0.5792691,185
02059500,persistence,zero_shot,CAMELS-US,0.031921408382557415,0.5109608333728661,132.8884311561211,49.627027027027026,10.897653218819451,0.0029209650204565334,0.6111677647086348,496.18907686485807,581.1561752231495,0.5489509,0.62578124,185
02064000,persistence,zero_shot,CAMELS-US,-1.274107936089456,0.10130705895459391,179.35775506254328,44.74193548387097,17.22482295042612,0.001063373327614251,0.25325184624490593,752.8932859310142,858.4791785477386,0.63623816,0.8350911,186
02065500,persistence,zero_shot,CAMELS-US,0.17633844175921665,0.13372150380247794,131.59220177342138,23.414054056116054,24.432160886867607,0.003198876494594185,0.13418412405535274,562.239895418317,1182.4823465912716,0.7335101,0.9857436,185
02069700,persistence,zero_shot,CAMELS-US,0.11736183472357109,0.5963961216985022,80.03023077461314,27.8,4.177480535036934,0.00037484346507519334,0.8285474543670834,321.4529514563523,488.1828550860835,0.436115,0.47314712,185
02070000,persistence,zero_shot,CAMELS-US,-0.7667960743054478,0.2707841672754787,96.05153459105844,25.518918918918917,8.058169375534645,0.0003076476201217416,0.43764112430316426,405.9922413051757,826.2823367348476,0.39184487,0.48738652,185
02074500,persistence,zero_shot,CAMELS-US,-0.5639191162462516,0.3460811663964931,136.07635076909892,30.752840903672304,8.678441906769605,-0.0017830454552404292,0.7303772462957236,598.2906205738702,880.6909219470813,0.6261495,0.7314777,176
02077200,persistence,zero_shot,CAMELS-US,-1.0683350241433462,0.19422536638513288,137.84862984134486,30.86302857847086,18.286269959121423,0.0033974929547613275,0.5269463037044001,520.8809844868596,702.0231477665106,1.2015268,1.3348001,175
02081500,persistence,zero_shot,CAMELS-US,-0.0912735785851102,0.5131186070780431,460.86655655496685,94.904134080251,-0.30406809323390865,0.004811848908202951,0.8343820664548247,2045.8144262534338,2800.2946273562,1.4627187,1.5197376,179
02082950,persistence,zero_shot,CAMELS-US,0.39950948500224526,0.4795387734066743,165.35307624403634,55.60771427903857,-15.558193448161823,-0.0024583498427990513,0.6257253889075074,636.5323593066141,1113.412098012232,1.1103001,0.9715571,175
02092500,persistence,zero_shot,CAMELS-US,0.8852367471890648,0.9309725834721048,64.35982541922029,33.93999999812671,-0.8104512026959063,-0.002315438458848511,0.9566814515238066,161.48374531202822,287.08622398157667,0.79702663,0.8545091,175
02096846,persistence,zero_shot,CAMELS-US,-1.4491302423035366,0.04811166681816281,18.95199089487539,5.162971428451794,26.649627410826447,0.007268040806842277,0.224349878558752,71.3251244585845,82.67127796697125,1.3496387,1.4778659,175
02102908,persistence,zero_shot,CAMELS-US,0.3576811138687832,0.6951302473259746,5.8341359952402385,2.546285708972386,-0.8859358725510609,-0.0025221404794742285,0.8766270856611145,15.499103916750228,7.0710678118654755,0.5481728,0.54986036,175
02108000,persistence,zero_shot,CAMELS-US,0.8821676137400405,0.9111281130426032,250.66316442623088,123.2897142805372,-2.233767732325226,0.0014534215484438007,0.9281752322638974,763.3697225678612,888.8756943465155,0.7260708,0.76132774,175
02111180,persistence,zero_shot,CAMELS-US,-0.06677196063830815,0.5231455637096161,114.19206877637593,30.94857142857143,3.004399748585795,-0.0015546936323524857,0.8348239169059963,487.7877498347912,909.5141560195751,0.6103708,0.62869173,175
02111500,persistence,zero_shot,CAMELS-US,-0.26256367679685466,0.4539015649379988,176.38189087480447,44.01587301587302,8.667549668874171,-0.0022319063507504795,0.7413439812660984,723.8313734170806,1307.8105749687147,0.40704635,0.53581005,126
02112120,persistence,zero_shot,CAMELS-US,0.5586812917252697,0.75970479168024,142.51491150051632,55.319148936170215,3.4547107517106084,0.0008401721656128222,0.9345143074637621,564.031027515331,668.5297300793735,0.49059764,0.50374633,188
02112360,persistence,zero_shot,CAMELS-US,0.5031845026851868,0.6986347897086167,75.82005573107837,26.329787234042552,5.702209107584337,0.0004935578470555337,0.754261572003289,260.37799446189763,462.86337076938804,0.38651407,0.4256828,188
02118500,persistence,zero_shot,CAMELS-US,-0.41474049189562456,0.3467880633885603,294.72988896073724,67.39893617021276,2.9950627565284633,0.0009158331236221555,0.9072554272657627,1266.3788927489277,2058.1761343480784,0.581643,0.59499264,188
02125000,persistence,zero_shot,CAMELS-US,0.08755462479282983,0.13026245008324755,171.78531048527847,33.36356383344119,-21.54125575680003,-0.002245696721321369,0.42553782265907725,732.5576427831464,1541.2413827820742,1.4335424,1.2062917,188
02128000,persistence,zero_shot,CAMELS-US,0.4666846306382806,0.7408028647247282,163.64958636878154,49.51335106607765,-1.601602885036459,-0.0009822623843721776,0.9510932633170801,585.8662583962937,897.3572309844056,1.2411026,1.2816057,188
02137727,persistence,zero_shot,CAMELS-US,0.48746735413173425,0.7351480449347565,143.787627146532,46.096774193548384,1.0720054824024672,-0.0007691193122643571,0.9643361818953831,599.7396101642779,1031.1401456640122,0.39622596,0.43568385,186
02140991,persistence,zero_shot,CAMELS-US,-0.14141096971993705,0.47744153277087953,494.8891375115909,136.23595505617976,3.127748998142899,-0.001560778592524261,0.6079122292698322,2155.8991679163064,2396.8833930752658,0.53371406,0.62056404,178
02143000,persistence,zero_shot,CAMELS-US,-0.07043041291195862,0.4846810784562027,167.04961934245165,38.703763438809304,0.8209248702669808,-0.00048060478434491793,0.9349010299491534,713.7096748678695,1207.4721528880077,0.63333184,0.6245309,186
02143040,persistence,zero_shot,CAMELS-US,-0.0595200454267224,0.3770423107951263,73.81566414301315,16.603409100662578,-4.608321470462927,0.0008784102082803613,0.8510792829358753,319.69256064746537,573.1199699888323,0.73669815,0.69582534,176
02149000,persistence,zero_shot,CAMELS-US,0.2273066671851084,0.6397693972563019,74.92336510260249,25.0531914893617,2.9615278162192085,0.00010893851266238416,0.8840657302293963,293.691845307288,448.361461323339,0.3439893,0.4016129,188
02152100,persistence,zero_shot,CAMELS-US,-0.16289394943305635,0.4934644740435611,113.47309644590332,26.611702127659573,0.9764664559185107,-0.0005705300950901195,0.7493704849364666,482.46440283196023,805.4526677589441,0.5804707,0.6042159,188
02177000,persistence,zero_shot,CAMELS-US,0.794950669931617,0.8779787760291559,219.38518534887857,91.42134831460675,2.267300876702108,0.00218101514015423,0.9180234185440679,706.0941076718378,1015.3396804354031,0.38365975,0.4098549,178
02178400,persistence,zero_shot,CAMELS-US,0.3864411855444553,0.6064650936028233,86.24660103723619,29.61904761904762,-0.8980044345898004,-0.0004311753356659419,0.8250083202864362,345.60691957358557,586.7418512429465,0.40432373,0.4017228,126
02193340,persistence,zero_shot,CAMELS-US,0.060097316457929484,0.05397466019328978,60.57483222790657,12.450621476154879,-37.285914625213245,0.0009936300624031127,0.3531700537599367,267.09678853262994,489.71471286862516,1.3999164,1.075722,177
02198100,persistence,zero_shot,CAMELS-US,-0.5096366547981996,0.20879678228107623,72.16509088787218,13.473142847333635,11.942355140079181,0.002928085130889657,0.23700276479388704,314.6993274010395,636.8959883685875,1.0618074,1.1759756,175
02202600,persistence,zero_shot,CAMELS-US,0.7874419862658086,0.8630847091786691,95.24894411139745,30.87024691510072,-7.069588919036008,-0.0005884268441546103,0.9165395337681631,352.3464204444257,580.9341615019727,0.86945415,0.9527955,162
02212600,persistence,zero_shot,CAMELS-US,0.17303027123600445,0.11697355719565217,106.44850958649737,28.140685717985033,-34.983535735666194,-0.0027155195087432207,0.3188917688304288,459.40589654223834,715.4316878640476,1.1926101,0.8783947,175
02215100,persistence,zero_shot,CAMELS-US,0.7707552278277838,0.8750808042811802,129.42349822414985,43.16045714614647,2.637835753170316,0.001237030574844436,0.9330450984711932,500.57500270522235,760.3078323942218,0.73206717,0.8103234,175
02216180,persistence,zero_shot,CAMELS-US,0.40877109477227824,0.49858939963084514,72.5939582654846,17.227028573783382,-16.192405957974753,,0.6410976600503202,307.2409477917942,633.1243953600272,1.0746031,0.98906106,175
02221525,persistence,zero_shot,CAMELS-US,0.35253469333458,0.36634195302945927,140.61126352216485,34.87804347179506,-16.218231385176068,0.0007102597870308341,0.4992629027015022,594.9637804102028,1114.1561829474358,0.788105,0.57136184,184
02231000,persistence,zero_shot,CAMELS-US,0.926263533368524,0.743214314149651,496.613011261833,113.1534090909091,7.210440456769984,-0.0044619205093987535,0.7432477321273923,2123.163258494792,4368.6611221288385,0.8994665,0.9593937,176
02231342,persistence,zero_shot,CAMELS-US,0.8767404534493171,0.8709854050858263,24.44593994885507,9.040467833795132,2.156031485789855,-0.0052075839657353545,0.8802421601028254,94.4592798805684,161.65549789598867,0.62505037,0.64076483,171
02235200,persistence,zero_shot,CAMELS-US,0.9815966262819644,0.9866109780095497,4.507726699753773,1.9160000079018729,-0.8876316214056993,0.0,0.9900425059492183,14.670454056443592,25.942243542145693,0.26061258,0.28843617,175
02245500,persistence,zero_shot,CAMELS-US,0.9307357732254384,0.9302983672318677,114.43648597384247,45.5858756997491,0.7454931863483447,0.0001326754759661368,0.9390407697710262,446.2605118587622,519.0857347298229,1.0536907,1.0618361,177
02246000,persistence,zero_shot,CAMELS-US,0.2732003490387287,0.37366631425470076,387.1895805639657,63.581081079792334,-8.800464921104055,-0.0013967002181899078,0.5859707832744021,1652.882572961552,3680.5230606532,1.0115839,0.9498341,185
02296500,persistence,zero_shot,CAMELS-US,0.9845561808115084,0.9555070121059762,51.375212007830974,24.937740106030372,2.4493033025838264,-0.003192742898721991,0.9559545222267922,132.70686158262922,170.29386365926402,0.594932,0.5976341,177
02297155,persistence,zero_shot,CAMELS-US,0.7546438985179589,0.8623983351909508,30.585249100106243,9.55722825601697,-4.58759254307557,-0.0009324736156358093,0.9425305083936493,123.6632524236687,215.76028364831188,0.6357395,0.6430286,184
02297310,persistence,zero_shot,CAMELS-US,0.953798771173793,0.9736984091688737,53.69461340235016,22.417966097088183,-1.080248155156742,-0.0038587703750485244,0.9857461348172646,195.36632258401139,286.5737252436099,0.66530186,0.6727843,177
02298123,persistence,zero_shot,CAMELS-US,0.9787361519894195,0.9840503625104822,58.67685487398308,31.709574463519644,0.35335281803062435,-0.00044709599243446946,0.9875971378428301,145.87666023048376,248.29418035870273,0.55074644,0.5431161,188
02298608,persistence,zero_shot,CAMELS-US,0.8288049943281638,0.8750936244648141,101.35214834082615,34.32426136799834,0.3483611297272371,-0.0059316538523059015,0.89501121804479,397.1014423992383,431.335136523794,0.9019991,0.9478256,176
02299950,persistence,zero_shot,CAMELS-US,0.42821729827726396,0.5183933237083078,142.10055515785203,45.790909095582634,-15.013485814209758,0.00025878065297376546,0.6584788096746188,577.4874698015341,970.248679463157,0.938524,0.93112135,176
02300700,persistence,zero_shot,CAMELS-US,0.5399436434490923,0.6026829964561251,35.34087113437955,11.573828567096164,11.654552534554554,0.0006605339786512482,0.6201895856961709,145.51326781813097,126.01983970788092,0.93569565,1.0415107,175
02310947,persistence,zero_shot,CAMELS-US,0.9893700980454948,0.9777197598209132,16.633661328438727,7.489942851471049,1.0372216048351754,-0.006824991729395782,0.978237055870825,38.26515676463671,28.071337695236398,0.6133661,0.62332666,175
02312200,persistence,zero_shot,CAMELS-US,0.9699177428393095,0.8666094514956271,8.994307818349224,2.9031428570726088,5.510439132528728,-0.003715220874784611,0.8667100513332122,36.965449333728436,72.70832139445939,0.5073102,0.52889603,175
02314500,persistence,zero_shot,CAMELS-US,0.9936954092147223,0.9936468539934734,84.3528167740943,38.69754286033766,0.5514213943430669,-0.0018047758472099773,0.9943125762810465,292.53679730553176,507.0009861923347,0.32754323,0.3182835,175
02315500,persistence,zero_shot,CAMELS-US,0.9922964325998154,0.9467028072696516,266.32129625869885,103.81931818615307,1.9462444936904117,-0.0007484683657495161,0.9467404009557123,1063.8034488465328,1806.931099959265,0.42264366,0.41976535,176
02324400,persistence,zero_shot,CAMELS-US,0.9562531247279061,0.9430996183082938,20.736451301061592,7.358857140711375,3.849930557003145,0.007946937152389116,0.9455811356812605,78.55288381438046,152.86104801420146,0.57954466,0.5863693,175
02327100,persistence,zero_shot,CAMELS-US,0.8707377731527065,0.8589614939178992,124.37583679713612,38.29857954721559,8.106137905848632,0.0007151495395034679,0.869340030738551,522.1031188057266,596.1962764056817,1.0191228,1.0934072,176
02342933,persistence,zero_shot,CAMELS-US,0.09343865419132014,0.48142493710947487,499.8600454919809,128.121329789149,-10.000722335512298,0.0018700536561273018,0.8560522433754818,2043.4733176628463,3464.9802308238354,1.3101487,1.1824071,188
02349900,persistence,zero_shot,CAMELS-US,0.38901336994407154,0.5727253662839766,55.71160994175167,12.208800006593977,-7.628779955097237,0.0008784093583032726,0.7687324942690165,240.77375272234306,452.4345256498447,0.817382,0.71089077,175
02350900,persistence,zero_shot,CAMELS-US,0.8661939371669354,0.930783452957692,167.65720128541196,65.80571428571429,-0.01550435672423951,-0.0007444411173811658,0.9756973145259601,618.80135028223,921.3034245024817,0.5117678,0.5687725,175
02361000,persistence,zero_shot,CAMELS-US,0.7616232508470449,0.8281747880176581,588.1055784708826,181.98857142857142,-2.5718510898218994,-0.0020771386376479684,0.8830170902305494,2458.782444851742,3304.3758866085436,0.745009,0.67924666,175
02363000,persistence,zero_shot,CAMELS-US,0.73780835404095,0.8676288999852374,380.4691462523541,126.68409090692347,1.1943277394515421,0.002320602625620616,0.9767415632945878,1559.1806965340625,2155.2030066794173,0.8758563,0.85289323,176
02369800,persistence,zero_shot,CAMELS-US,0.7527320349086506,0.7420067198203265,76.84258491971009,26.245714285714286,0.8827938482038754,-0.00340842374020274,0.7648767178018133,315.9641329855864,559.3299562869845,0.70567983,0.6743533,175
02371500,persistence,zero_shot,CAMELS-US,0.8967211545979923,0.7966728069552985,228.4287684316295,78.32022471910112,5.109718278528715,-0.004377501533987853,0.7981370784354215,928.2734869997455,1436.9411957348846,0.7440561,0.8577084,178
02372250,persistence,zero_shot,CAMELS-US,0.8038480920972224,0.7497610099400702,279.4619630004143,103.06741573033707,8.712465211659588,-0.0014784898233161231,0.7543082573842734,1116.72716254041,1950.1025614054251,0.72106344,0.8858767,178
02374500,persistence,zero_shot,CAMELS-US,0.6651395418077521,0.8279044370772021,102.86494903567976,45.92090395480226,3.5906421961941652,0.003271104695369051,0.9193149490329308,370.80887559795843,201.42616513253685,0.5194749,0.5776182,177
02381600,persistence,zero_shot,CAMELS-US,0.1363549462070064,0.2732133812776064,24.99390360454784,5.88695652588554,-7.980450374342844,0.002636708393625141,0.5663679428903119,101.82043016998111,221.90651184676847,0.67774475,0.5480481,184
02384540,persistence,zero_shot,CAMELS-US,0.2958955248603121,0.5797022448920273,17.487883723487187,5.925542848621096,-3.5025294289688285,0.0007436712521995334,0.8558455296478029,68.83474574822095,113.27988935964466,0.6907292,0.69180685,175
02395120,persistence,zero_shot,CAMELS-US,0.3841677228168675,0.5021776029422387,35.08892275306645,9.507608688395957,-7.957907473022068,0.001063373327614251,0.6686688497774316,146.95747684279286,296.52150006365474,0.63629645,0.53355,184
02408540,persistence,zero_shot,CAMELS-US,0.16230463370876147,0.561510916805523,455.73857299366244,135.2668571485792,-4.43680340498747,-0.001248810656623106,0.9356696740938331,1915.089873144919,2858.690609352471,0.7644795,0.68917114,175
02415000,persistence,zero_shot,CAMELS-US,0.2535621871713869,0.33810359516461486,393.75833045154775,113.20514285223824,-15.861865815137792,-0.003207257424410817,0.5447894135488313,1641.422587608417,2799.7080204907083,0.8252015,0.6033329,175
02422500,persistence,zero_shot,CAMELS-US,0.3013449809585804,0.6268030029350607,293.0015797129526,81.98285714285714,-3.2855511860966637,0.002536304491774541,0.9348702719953838,1222.8698031906567,2041.307914059023,0.68047696,0.63976914,175
02427250,persistence,zero_shot,CAMELS-US,0.383681530472087,0.6975074261593142,394.5567639769974,126.58285714285714,-0.06654783125371361,-0.002061653274095146,0.9760145443190548,1216.86413922563,1799.222054111165,0.9625431,0.9594739,175
02430085,persistence,zero_shot,CAMELS-US,0.08881941420424733,0.2659612734125618,44.179481012062716,9.966489368296685,-4.189366884992574,0.0021319664553629825,0.5915006844810293,185.94434651260576,392.6989941418236,0.82907057,0.732493,188
02430615,persistence,zero_shot,CAMELS-US,-0.12738580317659198,0.5006650421181029,11.012671616858716,4.321276587374667,7.523809659123631,-0.0061497224783337925,0.789869777898957,36.56873974699133,63.198101237299845,0.62195766,0.691369,188
02450250,persistence,zero_shot,CAMELS-US,0.37954973656619995,0.6663599202229911,242.53380549620698,70.46914893832613,-0.9329455529554108,0.0003629148802034854,0.935753312047822,1013.7184520368562,1394.4238953775857,1.0294039,0.99812055,188
02464000,persistence,zero_shot,CAMELS-US,0.2792680290318832,0.616949506748337,411.54920564883815,144.9313829794843,10.982119055675527,-0.00439945484377266,0.7135644628540387,1588.0424742430537,2628.148017140587,0.9299181,1.0193114,188
02464146,persistence,zero_shot,CAMELS-US,-0.18788207878146834,0.3615688764029513,15.734530067433802,4.893670200033391,-2.8125375786761406,0.0026367080287359734,0.9260278200087759,64.4756465377725,103.64554976309829,0.89686936,0.8644632,188
02464360,persistence,zero_shot,CAMELS-US,-0.45558412801778125,0.31902754233856934,102.52477645542098,33.787234042553195,9.540690505548705,-0.0021654231509740766,0.41819894814758096,388.0776984058733,465.6393454166003,0.7268033,0.8078655,188
02465493,persistence,zero_shot,CAMELS-US,0.7423998403995401,0.8299588217957634,18.334781212775756,7.47925532117803,-0.3249663401307923,0.001027319747747918,0.8951562388463785,64.76727568764954,84.9617561023782,0.523436,0.4903236,188
02469800,persistence,zero_shot,CAMELS-US,0.7016322017553109,0.832553624891148,193.92135224657196,70.74399999891008,2.8582490628042545,0.004978880342159889,0.9369917768175858,711.8720234549029,384.7076812334269,0.8817983,0.836595,175
02472000,persistence,zero_shot,CAMELS-US,0.7205032269916476,0.8573026920006463,1084.02894088712,381.1063829787234,3.3002226048973076,0.0024718025104821517,0.949236051321591,3910.9385062923197,4188.2036722203475,0.9408942,1.1010379,188
02472500,persistence,zero_shot,CAMELS-US,0.5764231209634064,0.6302007615369849,511.7866654271982,168.5,8.236490609532849,0.0026325362901795935,0.6415741853534125,2123.1994724942824,3446.4837153249396,0.9364974,0.9395633,176
02479155,persistence,zero_shot,CAMELS-US,-2.0525887541095442,-0.17860104475404204,271.1742785380453,59.88131867005275,37.99401995455227,0.002425536596167767,-0.06253966641882625,1104.3714501923707,995.6186518943887,1.0725749,1.2468894,182
02479300,persistence,zero_shot,CAMELS-US,0.8770630910610179,0.9016205574876652,559.4909492926812,231.35638297872342,2.635259040356733,0.0016309021655729894,0.9239994293695015,1856.9184150091248,2602.162562177851,0.9420705,0.95841074,188
02479560,persistence,zero_shot,CAMELS-US,0.8205604173956669,0.8635963153828466,730.1532207107531,264.1714285714286,2.1535005450149116,0.002829281442829505,0.8840380318754867,2970.0074822202796,5426.882161978459,0.8601995,0.94553167,175
02481000,persistence,zero_shot,CAMELS-US,0.06727619642431815,0.4349114811299425,386.5802221166187,101.09230769466568,14.69466372452795,0.0034342025850606778,0.47714330148502015,1598.7004722586405,613.9218191268332,1.2922828,1.332132,182
02481510,persistence,zero_shot,CAMELS-US,0.9006799214275754,0.9272560445500313,753.8155934070589,241.03977272727272,-0.8523533699029499,0.004157609742832868,0.9428977979276104,3176.74991146612,1882.817038376273,1.2799954,1.2424207,176
03010655,persistence,zero_shot,CAMELS-US,0.870016511640527,0.9248644314265523,62.43080664208828,24.304494386308647,3.5964831439255356,0.0023261823094496356,0.9478453802811423,214.26152244395166,417.31043600657773,0.7111918,0.7146405,178
03011800,persistence,zero_shot,CAMELS-US,0.656015815708467,0.8155665599587222,39.298286694009256,17.381460680050797,5.982601090105863,-0.00046660848821581877,0.8986596148226064,146.8313469407825,267.643419496912,0.6117836,0.64257956,178
03015500,persistence,zero_shot,CAMELS-US,0.5117012257439009,0.7567029362645442,489.5898033373601,205.52659574468086,4.5151070380181855,0.00017474676916331977,0.8876038837159843,1650.4486662722957,3131.5686165243133,0.79882044,0.75943005,188
03021350,persistence,zero_shot,CAMELS-US,0.2508853441601504,0.5543395467072413,314.47117613222315,112.77584270145117,1.1517930735448305,0.002941546926347148,0.8519059926664583,1123.143653619904,2110.6265657382405,0.8729932,0.8364286,178
03026500,persistence,zero_shot,CAMELS-US,0.5639542744572309,0.7782609766901165,9.076752395461313,3.5053191550393055,6.810707978093422,0.0,0.9042284340830389,33.72212653706492,57.72059135756205,0.68902856,0.7211345,188
03028000,persistence,zero_shot,CAMELS-US,0.7099809580872467,0.8383194064992661,65.36702549909968,26.239548025831663,5.7596078593757785,-0.0016291265724682653,0.9047187561337021,263.1894121477281,488.4147827410632,0.667529,0.6800256,177
03049000,persistence,zero_shot,CAMELS-US,0.24272617464339086,0.6199954619387726,232.5365736062096,91.65591397849462,10.662525879917185,-0.0026507812264155856,0.7473095589471254,748.506512997716,1217.1008585980046,0.9106108,0.9292797,186
03049800,persistence,zero_shot,CAMELS-US,0.44821079388482377,0.6295339982744295,6.081062914151561,2.847932949079482,18.821083963244668,-0.0010611808355968783,0.679021222867114,19.313207915827967,23.74166520416516,1.0190853,1.0934058,179
03050000,persistence,zero_shot,CAMELS-US,0.500611880012428,0.7489620757542531,299.4570768458247,113.09444445277018,6.4276309232587625,-0.0028609828712086102,0.9259025529015426,819.4515587530828,1379.4100188123907,0.80976135,0.8519072,126
03066000,persistence,zero_shot,CAMELS-US,0.38285798991058617,0.6980261607838989,171.20253977924418,80.56492537171093,1.827467006901828,0.001923403311724567,0.9636185451350944,549.775928382256,921.1093854695,0.8206445,0.7902343,134
03069500,persistence,zero_shot,CAMELS-US,0.47645773788908585,0.7411831445718324,1209.8605808108634,563.34375,3.5947617526641307,-0.0001913633771832915,0.875250885242096,4094.971847103644,4414.595111672191,0.784595,0.8041735,128
03070500,persistence,zero_shot,CAMELS-US,0.532884851884787,0.7478512322945543,270.4654639028412,127.11940298507463,8.641944767434879,-0.002224320605322766,0.8403177502395822,1014.3122229936331,824.0524861924755,0.842235,0.8627352,134
03076600,persistence,zero_shot,CAMELS-US,0.44058361195721896,0.6468195192291647,80.71218237033851,23.54787234042553,3.7624659981428863,0.00033858486660986314,0.6809422476609976,336.38564178632834,124.46887161053561,0.8474993,0.87524873,188
03078000,persistence,zero_shot,CAMELS-US,-0.030814915352446404,0.4904431539837657,136.65933981796383,45.30053191679589,6.605635028390654,0.001330362105861363,0.5756505087286008,548.7821061222751,1077.0004642524534,0.8104247,0.87508893,188
03140000,persistence,zero_shot,CAMELS-US,-0.7367653755973007,0.283247006553875,65.59094244613406,18.90388299778421,10.923174333001857,0.0007130452930942943,0.46644415279916784,273.3464267374983,240.99896265336912,0.94207036,1.0484505,188
03144000,persistence,zero_shot,CAMELS-US,-0.2741019121283812,0.20304361709062801,193.58233720215412,58.623404261913706,18.72091765165925,0.0017337115468332859,0.2231511345607976,795.994786415087,1420.3246107844502,0.748476,0.89976615,188
03159540,persistence,zero_shot,CAMELS-US,0.34750082668565396,0.6494347993111272,240.85827648472812,88.73891892078761,16.397271172142602,-0.004353043793739145,0.7774351094555516,875.2377391314888,1145.2694006215306,1.1209723,1.1635857,185
03161000,persistence,zero_shot,CAMELS-US,0.4362351345524269,0.6747504820063672,248.45730838699248,79.06818181818181,5.384219994859933,-0.0004587398452643686,0.739523707231671,1035.1520553898242,2044.2002103512268,0.34509122,0.4294598,176
03164000,persistence,zero_shot,CAMELS-US,0.6208445709024375,0.6552504033645058,988.4096671991659,362.6276595744681,6.737715958313789,4.756028646864252e-05,0.6695805338481162,3828.8288026497085,7435.1361789815255,0.4136232,0.50508565,188
03165000,persistence,zero_shot,CAMELS-US,-0.9573176230382754,0.2237443383155504,99.56049695130841,23.03723404255319,11.307753681003843,0.0015175629595460347,0.42087731126871464,416.7678010595348,495.2898141492514,0.37854502,0.52104783,188
03170000,persistence,zero_shot,CAMELS-US,0.3936265598615317,0.436734271200798,187.69122164036085,71.34574468085107,11.425191648871614,0.0021480308981511997,0.4422950562185831,739.5304591428267,916.5424158215483,0.3856175,0.5422308,188
03173000,persistence,zero_shot,CAMELS-US,0.5638645637785735,0.6972224618827951,241.96667609492332,74.31914893617021,10.042320415442331,0.0031483220458511027,0.7361169363332032,1009.2216803061655,977.0619222956137,0.6660753,0.79051137,188
03180500,persistence,zero_shot,CAMELS-US,0.5263170417300664,0.5606646780878325,309.6597865468862,112.92978723759347,-18.49582377203568,0.002587461570862565,0.6486079502078721,1210.937075161216,1562.5461593181815,0.970548,0.7451858,188
03182500,persistence,zero_shot,CAMELS-US,0.6912134967968563,0.8251141409718216,528.8998236315645,208.0234375,8.705507051712559,0.0014434003294391193,0.8831270811987106,1946.8032404798532,1834.8569426524782,0.82094884,0.8976755,128
03186500,persistence,zero_shot,CAMELS-US,0.3767222689880604,0.6956306281396751,260.90038253971306,107.23359374701977,7.656070445124648,0.0049754936118087505,0.8718390508048394,1012.0789777200479,1189.7066865408465,0.8243416,0.87766474,128
03187500,persistence,zero_shot,CAMELS-US,0.4497591791327433,0.7117178180368091,159.06736878600472,71.4921875,9.6512070123133,-0.005271665521303426,0.8208793192397306,564.2109534562405,690.6522279700544,0.78917426,0.8364109,128
03213700,persistence,zero_shot,CAMELS-US,0.11984402951861706,0.3753572988892161,1064.1695249243787,302.6190476190476,14.472463153895056,0.00046924257982582443,0.3924337900850968,4372.416788393871,7117.025361764562,0.60512376,0.73566794,126
03237280,persistence,zero_shot,CAMELS-US,-0.06738056326143305,0.49179560343601436,15.674205174503255,4.809414888801489,17.13271819076464,0.00828901649875749,0.6510936595376189,64.09667697285408,128.7186855122441,0.86790633,0.9437227,188
03237500,persistence,zero_shot,CAMELS-US,-1.1422092333141136,0.12321164370082927,968.8197581562232,304.9873888883326,29.94751054043751,-0.003362128640503434,0.2969394281710812,4114.90494017379,3064.718584144391,1.1915962,1.2747059,180
03238500,persistence,zero_shot,CAMELS-US,-1.6055837008046852,-0.09156481444872533,819.0149850010677,263.18420213429215,55.988235973284134,0.001911913616962524,0.07304074718242759,2207.893362461149,2519.0761203266566,1.2834886,1.3590459,188
03241500,persistence,zero_shot,CAMELS-US,-0.3129803792312351,0.161837250968055,110.63042864226416,36.58483147353269,24.929297415913144,0.0008843724375771286,0.18255444173413637,440.3653785967587,425.5237948693351,0.85885614,1.0191628,178
03280700,persistence,zero_shot,CAMELS-US,-0.034504646335592914,0.22800715885323686,85.54543943516344,34.79463414593441,29.821604426040384,0.0023981006229916307,0.2388449885455286,326.21027399078474,455.8974665426427,0.6469963,0.8995279,123
03281100,persistence,zero_shot,CAMELS-US,-0.42414869292909185,-0.021949040960986377,282.8662558504829,103.35609756543384,39.28476572058991,0.0011712774070993734,-0.016358014400809306,1099.5335374603178,1568.4705926475,0.6445762,0.9745153,123
03281500,persistence,zero_shot,CAMELS-US,0.5949683045398665,0.7241652126946494,836.6231776991447,320.0325203252033,13.817610399814289,0.0005347686240755878,0.7705334774594,2514.2962662116242,4193.0001192463615,0.7316298,0.94508857,123
03285000,persistence,zero_shot,CAMELS-US,0.7256216058337223,0.7628324977047345,362.67178128193484,146.0621138147828,12.956175286365713,-0.004863878191597719,0.7863549948607909,1320.215133983852,1859.2068201251845,0.95588446,1.0067052,123
03291780,persistence,zero_shot,CAMELS-US,-0.421394285427662,0.29921681977228654,91.2843579522308,25.561170208139067,5.891965600359599,-0.00010503700377482994,0.9373428866816645,375.5275555893524,567.8256774750504,1.2184584,1.1952769,188
03300400,persistence,zero_shot,CAMELS-US,-0.3468395223933829,0.28490573762920657,1425.3014364389314,488.56694611112874,29.135796262136274,-0.003100231566771243,0.36001322527329127,5601.936619499446,8854.631556422886,1.0537318,1.1921797,167
03338780,persistence,zero_shot,CAMELS-US,0.30744441395335464,0.2887183644144653,433.60375583528855,107.88776595414953,24.10544896051417,0.0006413579149103926,0.29202258482048826,1854.872852785333,3432.229596049775,0.95604163,1.0771385,188
03340800,persistence,zero_shot,CAMELS-US,-29.162678164979546,-4.4188026045973325,1139.431403512609,149.54861538960384,122.43660588378638,-0.0005935494931910631,-4.4186147523124095,4904.951652594113,9131.593508254735,0.931923,1.4313872,130
03346000,persistence,zero_shot,CAMELS-US,0.6961742326266178,0.8477185638996722,502.1867492866154,167.5794148973011,1.342396539017939,-0.0037039950718360595,0.9479975676593756,1737.225633013743,1673.0361621913617,1.5948305,1.5227259,188
03357350,persistence,zero_shot,CAMELS-US,-12.40054805220365,-2.319533912490521,14.798838237789171,2.3508461669803813,92.4097587116318,0.0040464050307668364,-2.2996713225850987,63.402962981424295,96.57413387450026,0.953082,1.3901906,130
03364500,persistence,zero_shot,CAMELS-US,0.05533632693377799,0.4099698647879986,119.4704549114194,40.43105690066165,24.71009680066865,0.005301255936371957,0.45817139048803746,478.354023113187,513.7781622451464,1.0045977,1.0787592,123
03366500,persistence,zero_shot,CAMELS-US,-2.2689316491300655,-0.2746676774731809,1107.0253469088486,307.5159740250606,34.216269817992995,0.007311033103860776,-0.19832101529006096,4714.369708667321,3060.9601434843935,1.1987051,1.2958115,154
03368000,persistence,zero_shot,CAMELS-US,-0.23045942930230234,0.23531756695652917,33.430502256862425,10.52453125185275,7.130130623301075,0.006205889506627094,0.7891564557555717,127.67772397338587,206.52602741543257,1.4023675,1.2583935,128
03384450,persistence,zero_shot,CAMELS-US,-0.21325185217836928,-0.06365863479477407,444.0442906811159,67.56425532279536,-15.128951377511418,0.005524894857666718,0.4950539037053886,1907.8619195283131,3837.70347994735,1.5595237,1.4749771,188
03439000,persistence,zero_shot,CAMELS-US,0.47739833822252264,0.5746934227597409,129.227292712562,44.20454545454545,7.8200216131250615,-0.0013010822223407104,0.5929062929054021,518.2649472572456,587.8388384582971,0.36152864,0.46082005,176
03450000,persistence,zero_shot,CAMELS-US,0.6910256020522159,0.6417990052811854,6.622840449113506,2.7105914088346625,8.93255209458347,0.0,0.6476073924220963,25.626158510397147,44.181444068749045,0.50302273,0.5979351,186
03455500,persistence,zero_shot,CAMELS-US,0.42338036383066413,0.6809035712184537,72.11847395580612,27.874285714285715,5.519253208868145,-0.0009078449170570844,0.7595025457490291,236.34297112459257,363.3290519625426,0.5398483,0.5838217,175
03456500,persistence,zero_shot,CAMELS-US,0.49525405256255717,0.589552490472987,86.57484938164515,26.125,7.941048981361075,0.0002523164477743478,0.6048374366922016,370.7420486897415,352.50886513675084,0.4462072,0.5431692,176
03460000,persistence,zero_shot,CAMELS-US,0.6646498807491101,0.6949776372957822,51.627230874238606,21.607526881720432,8.134939305542487,0.0038502690339062007,0.7102063424482521,181.18636814065235,319.41978648793815,0.41168723,0.5023713,186
03463300,persistence,zero_shot,CAMELS-US,0.3126928493023947,0.6746769450346839,99.55677343286912,36.73295454545455,3.5086965857848402,-0.0017287227093458687,0.8602322056093445,353.76734350888484,427.3435386196918,0.51032853,0.5484607,176
03471500,persistence,zero_shot,CAMELS-US,0.6518541913200677,0.738265782155494,59.25144759879873,22.69148936170213,4.983821895977206,-0.00036910359263244916,0.7653355191202025,230.45910700165442,299.54799281584246,0.53102815,0.6231197,188
03473000,persistence,zero_shot,CAMELS-US,0.5899294762879864,0.688262497810517,277.15141993947657,111.02659574468085,7.085536817643801,0.0004545190233937943,0.7142246757360635,1034.3656993539566,1806.931099959265,0.5523461,0.6422212,188
03479000,persistence,zero_shot,CAMELS-US,-0.21936714089557374,0.0666212216286135,181.71460828352892,52.16477272727273,16.926050588196087,0.0015660853391060922,0.06976357936713196,771.9121999582883,1480.3040228277432,0.49608424,0.713789,176
03488000,persistence,zero_shot,CAMELS-US,0.504593364872345,0.6424023365994642,241.6387866040743,80.70744680851064,13.358563036601899,0.0013894573127328051,0.6768619229011689,973.1070855769163,1012.0523701864445,0.6678528,0.836132,188
03498500,persistence,zero_shot,CAMELS-US,-0.07513758008692473,0.4713070599677014,567.0359323459393,172.21714285714285,8.756250069911296,-0.001955300394266609,0.5731900214993573,2400.221957329039,2859.568149214143,0.5120863,0.654561,175
03500000,persistence,zero_shot,CAMELS-US,0.5692703817537601,0.7747698918776124,198.25737961404758,67.39428571428572,3.4604324728282942,5.598713888787382e-05,0.8689643825844907,780.228314163375,1084.240748173578,0.4118402,0.4511094,175
03500240,persistence,zero_shot,CAMELS-US,0.6583334547506986,0.7597056641504946,54.65448160535934,21.50561797752809,6.2105263157894735,0.0006913538717021675,0.7941586234492279,207.74744282421383,318.68009037277494,0.3738756,0.44927472,178
03504000,persistence,zero_shot,CAMELS-US,0.7549203682264847,0.8309357270533125,81.04267844991969,37.162921348314605,5.330285843280002,0.0009717105763899642,0.8635770298924851,247.7868707848205,290.68883707497264,0.41383785,0.4608069,178
03574500,persistence,zero_shot,CAMELS-US,0.21097187161713415,0.5167502779351655,685.4773845145083,250.9255319148936,16.16785876353264,0.0006139979955700758,0.5700680511159872,2437.408172629279,2175.72976263138,0.8746894,0.9988746,188
03592718,persistence,zero_shot,CAMELS-US,0.19756454339218477,0.1707125266828753,95.21613155767064,22.613291139844097,-14.657653813009642,0.0017958031446410998,0.3324896966406192,409.1127595174709,774.7063959978644,1.0773458,0.8805379,158
03604000,persistence,zero_shot,CAMELS-US,-1.294884568700604,-0.09386336151684782,930.2371677008198,193.11290322580646,10.85091935743259,0.0010854497032285644,-0.07442491154362685,3960.5466920615895,8081.584003151857,0.54996157,0.7122857,186
04015330,persistence,zero_shot,CAMELS-US,0.5456349974618973,0.442798478093827,118.01501469375422,29.959659083323047,27.443263686950395,-0.0015833555739951932,0.4472948301186306,495.23776556765586,482.7007354458868,0.8773103,1.1184207,176
04024430,persistence,zero_shot,CAMELS-US,0.7933826814329282,0.790851816615276,340.31684396414215,108.12571428571428,8.563555837673299,0.0015964005958302718,0.8034953075231517,1365.5164265255512,977.4456506629921,0.7235166,0.7386284,175
04027000,persistence,zero_shot,CAMELS-US,0.8882572007192993,0.8374733816931225,396.5966379817496,147.3988764044944,7.870724065410533,-0.0006218239585771938,0.842497775141356,1238.7403996712862,966.0486530190909,0.6973604,0.77673,178
04040500,persistence,zero_shot,CAMELS-US,0.9443321891239821,0.9163259900919203,62.51069780784166,22.941489356629393,1.7016329300501951,-0.00307977713769126,0.9187916602810938,250.34416310351634,373.1621631409058,0.56478715,0.57996017,188
04043050,persistence,zero_shot,CAMELS-US,0.6307947102022523,0.7282019547271841,46.72134333115133,12.788397789001465,5.499417978011337,-0.0009936309946360841,0.7589210359372718,189.0907189684359,210.87674124947966,0.6388538,0.6961207,181
04045500,persistence,zero_shot,CAMELS-US,0.9921505127966265,0.9954011428308411,82.27454380705625,48.70949720670391,-0.07380026439746898,-0.001007269275062228,0.9974108615058843,167.3983937265296,110.67971810589327,0.33115143,0.32249486,179
04056500,persistence,zero_shot,CAMELS-US,0.9880753644659193,0.9913244153294921,133.08121181649753,69.06703910614524,-0.19764974972652236,0.00023874383188279662,0.993530072272916,273.5568192045911,203.9607805437114,0.266707,0.26184615,179
04057510,persistence,zero_shot,CAMELS-US,0.9547605346125139,0.9770205707162435,36.3366352849268,13.648936170212766,-0.3907203907203907,0.00027629476352008034,0.9957744063798738,125.33435283273298,39.50316443020736,0.40446538,0.39631563,188
04057800,persistence,zero_shot,CAMELS-US,0.9318586190503173,0.8931633118522007,17.753494625799703,6.781142857415335,2.644991237591804,0.0,0.8958002967453034,69.21383933546495,110.30865786510141,0.56414765,0.59476316,175
04059500,persistence,zero_shot,CAMELS-US,0.9778732076315259,0.9833633328707332,64.43592609273627,27.702857142857145,0.6597365394214284,-5.429594386581471e-05,0.9871654428899207,177.6701062831524,67.08203932499369,0.508518,0.5235754,175
04063700,persistence,zero_shot,CAMELS-US,0.9830753683410498,0.9744100844679298,13.78178145233772,6.892045454545454,1.0007591966319276,-0.0008302719450943765,0.9755594995028447,35.512126254437526,50.91659847240387,0.4705639,0.47314474,176
04074950,persistence,zero_shot,CAMELS-US,0.9769348418341743,0.9846111555755674,38.1778472755978,20.045197740112993,0.7846723403000044,-3.3566722790947384e-06,0.9894334079904704,65.8896383693555,44.721359549995796,0.28892756,0.28398532,177
04105700,persistence,zero_shot,CAMELS-US,0.9066522416860912,0.9372379061537617,6.674419251172759,4.154255319148936,1.7574899740504837,0.0,0.9545075845012029,16.425589791541732,9.219544457292887,0.35232365,0.34392026,188
04115265,persistence,zero_shot,CAMELS-US,0.3588385749067441,0.6632194826800122,16.223474267814392,6.396648044692737,4.106529209621993,0.001237030136977419,0.7567537925019876,63.00352723811933,117.52659273543158,0.38127148,0.40881333,179
04122200,persistence,zero_shot,CAMELS-US,0.9325243339035137,0.9181561453730369,70.89581893777053,33.691428571428574,1.0902395879712639,-0.0002578996869063016,0.9232026174133713,244.43154006342508,287.14108030722457,0.2743529,0.28271455,175
04122500,persistence,zero_shot,CAMELS-US,0.9603169545607073,0.9799865739037376,77.46958909173685,43.079787234042556,-0.24880006508121594,0.0002971131702182595,0.9952277387863447,260.65302607105866,342.70978976387585,0.2352686,0.22710869,188
04124000,persistence,zero_shot,CAMELS-US,0.9357552698270764,0.9446909784164295,87.32611902420597,47.212765957446805,0.774485773134384,0.000217489372792444,0.9528456736009279,245.37726056014236,35.35533905932738,0.1709647,0.17048313,188
04127918,persistence,zero_shot,CAMELS-US,0.8104937533427803,0.8634759273672277,69.14096762596918,25.05851063829787,3.3389035285044026,0.0008566798163107611,0.8889502990807312,272.286062808951,92.19544457292888,0.4629796,0.49099728,188
04127997,persistence,zero_shot,CAMELS-US,0.6267725010848106,0.7729012775326566,36.68062937612401,17.65142857142857,1.6183536617561645,0.00041606644884552204,0.8246891677410815,105.9092903279867,191.10729970359583,0.17397963,0.20298252,175
04161580,persistence,zero_shot,CAMELS-US,0.9009593260793025,0.9070463366936584,4.661556216522155,2.1893617079613055,3.0394671496278622,-0.00044238743009924683,0.9174286371875398,16.413409152275463,13.583077707206124,0.48325235,0.51658803,188
04185000,persistence,zero_shot,CAMELS-US,0.9071966959942218,0.9080604959307083,182.66409292110063,73.55786516961086,0.33423568157059413,0.0008117368473833306,0.9149211050550852,639.7916327472042,1132.1660655575224,0.76967794,0.7699495,178
04196800,persistence,zero_shot,CAMELS-US,0.6151149719587719,0.8026209122292245,376.3097112609853,148.71904254530338,2.85196873848598,0.002014840644510116,0.9538684499464292,1384.1206594802347,2493.8424168339106,1.3333881,1.3277036,188
04197100,persistence,zero_shot,CAMELS-US,0.6164265656637775,0.7165080478026564,211.53623654436805,91.87942856720515,12.12740074871828,0.0018750122338814512,0.7513454994073362,705.1879969987515,1003.5539347738118,1.2854004,1.2404314,175
04197170,persistence,zero_shot,CAMELS-US,0.14887535724540735,0.22914979024589344,195.07272774123533,46.255284573004495,-13.057806045394857,-0.001214060521272653,0.4688295864875044,777.4041245722431,1436.2548886450395,1.5315942,1.3093663,123
04213000,persistence,zero_shot,CAMELS-US,0.2946746580899061,0.6562432872667427,359.02224385779664,163.8797814194622,6.9110208286496775,0.0021199572305124342,0.912363147012057,1008.6172713175201,1572.1482118426368,0.97007835,0.8947373,183
04213075,persistence,zero_shot,CAMELS-US,0.13419388574266045,0.4681342295029347,13.69821782487478,5.06601064097374,-4.094344205295196,0.0019483118079818111,0.8256337704678393,51.018133992886895,76.05724812696796,1.0273812,0.9310628,188
04216418,persistence,zero_shot,CAMELS-US,0.062049723543428525,0.379770392072571,209.83309762076223,63.89771428244455,-3.5825439116335747,-0.001987261989272182,0.7612133896210922,808.8614769470041,1589.9687103839497,0.93908656,0.85252863,175
04221000,persistence,zero_shot,CAMELS-US,0.4513713003870896,0.6554356252695221,275.8874718845659,100.48,6.132593794149966,-0.002742809178015053,0.6992915058194333,1106.744776359934,1731.083475745754,0.6741493,0.73322487,175
04224775,persistence,zero_shot,CAMELS-US,-0.12832681813677183,0.2871646060880846,103.85242276559862,28.39314285823277,9.700479468590878,-0.0018150951994263254,0.306086343107273,436.2896591333178,831.7454538499144,0.6692421,0.7717382,175
04233000,persistence,zero_shot,CAMELS-US,0.24786605033821218,0.6440598336079391,62.90971494168226,18.377659571931716,5.668529276369132,0.0032864154008333014,0.8268226358136627,263.83100651742967,342.8352373954579,0.7081975,0.8071962,188
04256000,persistence,zero_shot,CAMELS-US,0.6351001243537828,0.7679915738922559,131.77016787898975,57.137142857142855,-5.382619974059663,0.0007568317917712765,0.8730318135555624,490.0809456950284,360.5280848976956,0.70580274,0.5964478,175
04296000,persistence,zero_shot,CAMELS-US,0.8696042598264633,0.9207661746693183,89.74166219803338,49.5989010989011,3.9176175023552813,0.0015890489635888017,0.9553639460673151,230.38402722411118,130.0,0.67868733,0.6657181,182
05056000,persistence,zero_shot,CAMELS-US,0.9725605103130893,0.9244604106642542,58.04638818927424,21.105681814930655,0.6859199771811304,0.0037054398735481275,0.925099242157446,222.27935376708092,305.3686296920494,0.40433615,0.4274105,176
05057000,persistence,zero_shot,CAMELS-US,0.9684244460889642,0.9812733979089823,77.39256384529128,29.162011173184357,-0.904010153414531,-0.0009818381458909752,0.9890890339342785,251.35190028678474,230.21728866442677,0.23199216,0.21533535,179
05057200,persistence,zero_shot,CAMELS-US,0.8417507332202667,0.8918490091102198,78.81633944258148,13.339106140189998,-5.076632411538574,0.00022119039451122535,0.928879775276914,342.07195474376766,706.399674405361,0.44684377,0.4831149,179
05062500,persistence,zero_shot,CAMELS-US,0.8957356452055362,0.9473815093694555,105.71698814247736,24.392090390631033,0.1130437541772892,-0.00025358332334897427,0.9944895118363977,452.13997341039817,906.9798784978639,0.3891478,0.3952863,177
05087500,persistence,zero_shot,CAMELS-US,0.8237637576991522,0.8897606523756731,56.07285750854228,14.872655377560164,1.8407426931088435,0.0026699182739005067,0.9212495556858924,229.84632547276743,430.4700918763114,0.8791073,0.9495896,177
05120500,persistence,zero_shot,CAMELS-US,0.9891478712637051,0.960678070390449,9.273646715391274,2.9295744718389307,1.3099094745445115,0.0,0.9609192355330418,24.661711213944585,40.131035371642234,0.30738512,0.31236508,188
05123400,persistence,zero_shot,CAMELS-US,0.99557134794171,0.9786774740163425,14.499553625033052,5.584468087577757,1.5066612035029614,0.0005884268441545965,0.9787505982690248,48.48917404947211,54.13409276971399,0.33969343,0.341685,188
05129115,persistence,zero_shot,CAMELS-US,0.9964242803836252,0.9784746998064757,43.36729438438859,21.61111111111111,1.084857201561537,-0.00010925129295998731,0.9785193518814912,119.44315244779278,50.0,0.28625438,0.29420912,180
05131500,persistence,zero_shot,CAMELS-US,0.9506134931995298,0.8971553669364667,439.1720086611729,129.75531914893617,4.1573339706429975,-0.0019383886008029518,0.8987217412569286,1678.4993297585793,1603.1219541881396,0.6531794,0.6983613,188
05291000,persistence,zero_shot,CAMELS-US,-0.5136300835637937,-0.008611307451167782,232.28098664187084,38.830319143356164,25.863339055797617,0.0009659154100136007,-0.001752031224254491,1003.7492714816783,2052.7431646457867,0.8374548,1.090965,188
05362000,persistence,zero_shot,CAMELS-US,0.930097011957641,0.9469998330810954,314.51726485220155,120.05494505494505,3.2121599229822175,-0.00039157882552500606,0.9588457618028402,1121.481163461964,1504.0777905414334,0.83610576,0.8461842,182
05393500,persistence,zero_shot,CAMELS-US,0.8338218096128498,0.8801945848734282,77.05601423383128,24.848603353820035,6.008719166572333,0.0006248268849313732,0.9062472412748775,277.30542728190517,280.8166661720775,0.8671757,0.86318153,179
05399500,persistence,zero_shot,CAMELS-US,0.7526596874843425,0.8058791703096087,279.51002268983956,84.59715908359398,-8.066715771847614,-0.001765724488605333,0.8554809270280193,1122.820357651016,1556.1812233798478,1.0337895,1.1114241,176
05408000,persistence,zero_shot,CAMELS-US,0.06340422276240087,0.39900316387954127,95.88430528506737,30.897142857142857,6.3808036348147095,-0.0005465112396812848,0.4277728005017549,371.14567370657994,702.8356849221587,0.19304274,0.30860606,175
05412500,persistence,zero_shot,CAMELS-US,0.696369541326828,0.8457142875767627,1296.5822934226046,300.718085106383,-0.04555400680584649,0.0004598175614407077,0.9355965510177325,5435.0078196815875,10638.054333382584,0.6031117,0.63441247,188
05413500,persistence,zero_shot,CAMELS-US,0.28032705877030906,0.32384993798604866,171.00300749234958,35.24,-5.038155182977775,0.0001916403560444993,0.4849097180295081,735.228762585723,1531.4308668692818,0.35303292,0.27301523,175
05414000,persistence,zero_shot,CAMELS-US,0.6811153045049398,0.841616043525782,38.176282839330646,13.017142857142858,0.6710224262758255,0.0004423878612470518,0.9886902843462086,151.30359472853834,249.81593223811808,0.27888635,0.30199382,175
05444000,persistence,zero_shot,CAMELS-US,0.21652815340496212,0.6105711378767056,95.6208158589536,18.22340425531915,7.331447430457332,0.0006379820969040113,0.7307670366287375,412.372768257071,822.3782584674767,0.39816123,0.50280035,188
05454000,persistence,zero_shot,CAMELS-US,0.023365113128829607,-0.02339104907887779,68.89638985105123,12.44129032598588,-25.609919013228286,0.00637091292096232,0.3125647471345059,292.99450679384057,631.9227840937763,1.1821355,0.8799186,186
05458000,persistence,zero_shot,CAMELS-US,0.762632341020269,0.7529054157319858,170.85751046696777,50.35585106180069,7.626038013949615,0.0005289866008114097,0.7635893903671952,694.4674218420904,892.3284148787374,0.6902394,0.74037784,188
05466500,persistence,zero_shot,CAMELS-US,0.8014217246736274,0.8604925295754966,333.9077993672218,95.52717391304348,9.664403627879235,0.0024706639765152763,0.8946157169005775,1387.347288893448,1103.675676999362,0.8944792,0.97267723,184
05487980,persistence,zero_shot,CAMELS-US,-2.5013101086476506,-0.25994959913775073,1007.276244220693,204.73039325636424,47.43039422712659,-0.004888389663430165,-0.08599472686880505,4435.563173562819,4254.269443747069,1.2313293,1.4451154,178
05488200,persistence,zero_shot,CAMELS-US,0.2323176971856422,0.4035626710494904,166.3174362947843,35.41983605786914,22.014791760225826,-0.00153336280897573,0.42414567501812817,705.3300000695685,1013.5571024860908,1.3558036,1.5340363,183
05489000,persistence,zero_shot,CAMELS-US,-2.4868040115953343,-0.2678624074103195,1112.4275949988232,215.99081966150655,41.85002673584427,0.0013444787498704536,-0.12896836581799898,4710.754387568938,3644.6223398316592,1.1409302,1.5025988,183
05495000,persistence,zero_shot,CAMELS-US,0.49072742775171196,0.5002482608746053,767.0491735662348,196.61047873122894,36.53807403547477,0.00015113762154663618,0.5232867480664705,3234.2023591606016,1293.1357237351383,1.4614984,1.413811,188
05495500,persistence,zero_shot,CAMELS-US,-1.3427202616105736,-0.021902802506496677,1121.9910775463027,229.10250000280084,45.83891081600928,0.006420403657398821,0.10257190598589538,4730.496961208199,3092.3292192132453,1.60602,1.5960034,184
05501000,persistence,zero_shot,CAMELS-US,-0.5988121897622469,0.14120546030915637,781.028274814062,197.6728191446275,34.38402410935739,-0.0024271986203003373,0.1965380701604582,3276.6381857019246,2475.3282610595306,1.3394637,1.5017442,188
05503800,persistence,zero_shot,CAMELS-US,-2.309745855706,-0.4153430670552929,184.15522798538905,42.505957441176584,76.10936322364265,-0.004115199134376871,-0.32384813831879544,766.303495517407,559.7789742389401,1.6034712,1.6818517,188
05507600,persistence,zero_shot,CAMELS-US,-0.5620820968807869,0.10759955130630805,234.7603471825527,54.85085107231552,42.74442939865695,0.0018007088309484193,0.15836765727036384,975.0642822159334,1242.6843927562622,1.7632208,1.8000411,188
05508805,persistence,zero_shot,CAMELS-US,0.09819082483865027,0.42271352306826315,390.88911100891625,85.95553192387315,30.354656090153952,-0.0020807872755708445,0.481200054284896,1631.5481911362594,991.0852637386957,1.5753661,1.5958413,188
05514500,persistence,zero_shot,CAMELS-US,0.24038796476904223,0.5465838519146742,2981.414526929309,662.1064893558938,0.23186545308464218,-0.004180263795484175,0.8312159666129729,12859.587310641038,19626.41587249185,1.6144273,1.5726105,188
05525500,persistence,zero_shot,CAMELS-US,0.9093219211968682,0.8787053104613958,250.65289284974742,94.7367955874343,8.936434986834582,-0.00034021401799345236,0.8846973276694581,909.6663674117011,912.2773701018787,1.1879492,1.1956402,181
05556500,persistence,zero_shot,CAMELS-US,-0.23629710371700074,0.16523050371244496,270.0300867980326,53.81128342776375,31.566633991280284,0.001708527054346265,0.18538073531116606,1141.3279984298993,1476.787053031005,1.0095046,1.1516248,187
05584500,persistence,zero_shot,CAMELS-US,0.7786764415470654,0.6922487553925192,980.3379358010932,225.4432584288415,12.355926059365014,0.0018096737788370412,0.6964460823827803,4265.64571118293,5924.5295171853095,1.4059069,1.4118612,178
05585000,persistence,zero_shot,CAMELS-US,0.887622989336571,0.7815016873022659,961.9659773034347,239.27553190956723,-6.58787492501327,0.0026814377320228747,0.785419283942833,3834.9015632738215,7010.349492001094,1.088422,0.989286,188
05591550,persistence,zero_shot,CAMELS-US,-2.325071096537035,-0.39338745011508847,86.8828062956947,18.070000005261775,42.35566705363764,0.0030510909832704852,-0.3463424217309403,374.3280646705507,676.8888387320329,0.99119925,1.2422762,188
05592050,persistence,zero_shot,CAMELS-US,-2.815436383857496,-0.4142227432289889,236.12636392375376,51.04590909596829,50.83686738824916,0.00552489686455708,-0.3144341184174664,1034.2931026658846,710.8987269646782,1.1578014,1.4102789,176
05592575,persistence,zero_shot,CAMELS-US,-0.20494784123552012,0.2160973024094076,207.90269427340996,55.349574473864855,-19.353641813279356,-0.0031927440663673534,0.7126507280418739,708.8626848715871,1310.676542858687,1.6102531,1.5912892,188
05593575,persistence,zero_shot,CAMELS-US,-0.029367520781347745,0.3630347463643132,489.51902091190635,125.05904254566957,-11.154044289010155,-0.0008750266011213828,0.7951828448478372,2044.8282101454454,3427.58253000566,1.743173,1.7722675,188
05593900,persistence,zero_shot,CAMELS-US,-0.4763992299915072,0.09305760938513674,265.55681523288854,65.68867021665334,-10.767220064479236,0.0,0.7872755810775576,1057.0403289473627,1891.4198700975942,1.6065122,1.6172587,188
05595730,persistence,zero_shot,CAMELS-US,-0.3111209174948757,0.41908910638680563,468.65697992168737,124.28053191143702,7.75078519954702,0.0014784893072585653,0.8170808030546878,1963.6258067607337,2247.9796484843896,1.7444168,1.686862,188
06037500,persistence,zero_shot,CAMELS-US,0.9583715875741818,0.9535118114989494,38.74820095079353,19.785714285714285,-0.29005029711144664,-0.0005191224221267757,0.9572949838188748,106.88592049470314,60.8276253029822,0.093761206,0.09110322,182
06043500,persistence,zero_shot,CAMELS-US,0.9783624080625244,0.9304295066068929,158.3870857316141,73.37288135593221,1.9527890542775523,-0.0005570219508108862,0.9308637376406493,440.7947368106838,604.1522986797286,0.23011878,0.2480681,177
06154410,persistence,zero_shot,CAMELS-US,0.6724619905814313,0.5840858263826333,7.411359164940363,1.2069149017333984,14.621284716479632,0.0,0.5844720085918804,32.09049703572695,67.08203932499369,0.6339405,0.72170633,188
06188000,persistence,zero_shot,CAMELS-US,0.963520536080716,0.9129600122590005,362.47198906555917,147.14285714285714,4.59501018925951,-0.001904740453169275,0.9141275120491749,1002.2530175116018,1050.8092119885512,0.41381162,0.42538115,175
06191500,persistence,zero_shot,CAMELS-US,0.985111046663579,0.9518303677117064,568.1744903007979,255.87428571428572,2.0424451242612234,0.0012319749980378367,0.9521960999277347,1185.092588975412,2061.5528128088304,0.22064696,0.23242798,175
06221400,persistence,zero_shot,CAMELS-US,0.9571248728982442,0.9250715792797836,41.16936879978103,18.46424581218698,3.9362111487126654,0.005040036831742853,0.9271795771265908,98.2604249487611,65.88247111333939,0.28629342,0.307076,179
06224000,persistence,zero_shot,CAMELS-US,0.9522988572280153,0.9057396352603111,97.15776181972382,33.38068181818182,3.179607277967934,5.428220045867321e-05,0.9065937040697762,356.7598632133385,736.2404498531713,0.33503872,0.37880403,176
06278300,persistence,zero_shot,CAMELS-US,0.9208143475592723,0.8703802281917724,25.071171010354025,8.057627118913468,6.135986768646891,0.001478488447162675,0.8738059398060001,92.52945476981911,74.91662031885849,0.5663922,0.6004849,177
06280300,persistence,zero_shot,CAMELS-US,0.9792539402195358,0.9530387116832597,115.25626010983305,50.26923076923077,1.8633355196470096,0.0008758710964347979,0.9538634288550462,294.66930617219026,447.2694937059759,0.31989744,0.3231676,182
06289000,persistence,zero_shot,CAMELS-US,0.9897880830188621,0.9489963894524993,23.69251221662944,10.04864864864865,2.0830238017413008,0.0006354401489074308,0.9491158109576093,73.82885614717324,109.77249200050075,0.22758743,0.2361006,185
06291500,persistence,zero_shot,CAMELS-US,0.9738702644439119,0.9647621708972582,13.067753066704318,4.947872339410985,0.9370598567995234,0.0015543422541681989,0.9663134484739992,50.91659847240387,65.77613549000884,0.3529975,0.352796,188
06311000,persistence,zero_shot,CAMELS-US,0.9708882690882016,0.9465711990245294,6.241474182807149,2.5311111046208277,2.0823033731750247,-0.002245694008711243,0.9480249273406582,16.34013463836819,22.726636354727024,0.39587027,0.414746,180
06332515,persistence,zero_shot,CAMELS-US,0.08134358795787089,0.5680409380480875,18.098023625671566,4.4319318116388535,-10.214876419558687,0.001102048748240006,0.8173197579301162,70.76566180417018,107.76131031126152,1.2511659,1.25185,176
06339100,persistence,zero_shot,CAMELS-US,0.9178448390326716,0.7683526315860099,25.848529200284496,6.355284088714556,-13.143450888427493,-0.001638401067057066,0.7698925628968989,106.40663982281636,190.0026315607234,1.3544471,1.2046722,176
06339500,persistence,zero_shot,CAMELS-US,0.47247604278814315,0.5011625408336097,261.99115492156074,50.349714279856,-12.757786584701304,-0.0011224627781924006,0.6025239985653666,1141.287674320351,2324.530167582258,1.1247998,0.94855505,175
06344600,persistence,zero_shot,CAMELS-US,0.417731556384797,0.3073813277820775,112.42136984488857,12.314204548654908,-39.30391968777456,-0.002425534280525006,0.388501638474423,496.96092066436756,1046.4083810826442,1.6008463,1.3690087,176
06350000,persistence,zero_shot,CAMELS-US,0.4414165402722142,0.7299297286225901,42.307401347291666,10.165384607000666,0.3074693004400184,0.0029565520205335795,0.9519920795036346,176.9858751426226,331.1087434665536,0.78089374,0.7953689,182
06352000,persistence,zero_shot,CAMELS-US,0.7332075575430267,0.7097537650269299,43.141475034683054,11.504945056124049,11.550528825232014,0.0020392029325168107,0.7206109817964039,180.10358130809058,278.9767015361677,0.9095639,0.9675383,182
06353000,persistence,zero_shot,CAMELS-US,0.8949219265610387,0.9143803987911499,85.87943789926145,25.359166680804144,-0.33326869622140054,-0.0020636488698161023,0.9280419560830996,364.2036975832801,276.5863337187866,0.79957116,0.82143533,180
06354000,persistence,zero_shot,CAMELS-US,0.9207592687926087,0.7742801902916017,200.49983194786216,65.12500000132455,7.834849059189674,5.856851177347619e-05,0.774683395432404,724.9827584156743,1288.9142717807108,0.80681825,0.9041599,180
06360500,persistence,zero_shot,CAMELS-US,0.9228195835528165,0.9516897285801805,415.5336856795879,117.46282485458937,1.8360985980009836,-0.002636708393625127,0.9692863713311872,1706.2564611192279,2422.436789681002,1.1052339,1.1876504,177
06404000,persistence,zero_shot,CAMELS-US,-0.12400538725692956,0.009833462805398763,19.735230165477986,2.3910857071408205,22.792132461148523,-0.0012628108013695676,0.009877326306252376,86.8657968746426,183.68587316394257,0.5182621,0.73557,175
06406000,persistence,zero_shot,CAMELS-US,0.9769393488069876,0.8636905141584255,3.414506867355345,1.0137142862592425,3.3723004288950706,-0.0009776032765939878,0.8636978933901838,13.942740046346701,25.622255950637914,0.27721334,0.29663554,175
06408700,persistence,zero_shot,CAMELS-US,0.9884741679960473,0.9919845794839075,0.09799120689474537,0.049431830644607544,0.023046909677224284,-0.0004360219282040223,0.9941964914874966,0.05773491679824294,0.09999990463256836,0.020127527,0.020353302,176
06409000,persistence,zero_shot,CAMELS-US,0.9444417461119763,0.9204961375603168,1.640411446058287,0.8156424554366639,0.3130196584281864,0.0022456961258703534,0.923797209499213,3.286335345030997,3.8078865529319543,0.107665725,0.11181538,179
06431500,persistence,zero_shot,CAMELS-US,0.6175668146483297,0.49943854179772096,64.07116579019213,8.005714285714285,-3.913270334512146,-0.0007624103809959169,0.5005599500303304,281.5984138212903,594.323565072091,0.23502812,0.15524316,175
06440200,persistence,zero_shot,CAMELS-US,0.710191167425112,0.47040094536096,38.97629062831551,7.383661205101697,-28.055047671651533,-0.005734605011605637,0.4751151105462338,166.17550962762232,331.79813139919884,1.6198431,1.2802106,183
06441500,persistence,zero_shot,CAMELS-US,-0.02630770220877765,0.3785082797812215,408.32133249278127,81.2423783895333,16.445438024521003,-0.003192743414779556,0.40480101766947696,1728.230395520227,3553.315353300351,1.154132,1.177215,185
06447000,persistence,zero_shot,CAMELS-US,0.41277595127254185,0.6751255537884839,645.8667369813039,177.38165715403855,-12.608077105378976,0.0023806764394879616,0.8631672851851142,2500.0827186315255,3369.131638864828,1.0883454,1.1459408,175
06447500,persistence,zero_shot,CAMELS-US,0.8648016289796885,0.9270934920288011,7.050211749791741,2.77028570992606,-0.58290480138721,0.0,0.9651160059246139,27.024680078279065,28.853076092507017,0.36816067,0.37342334,175
06450500,persistence,zero_shot,CAMELS-US,0.7403760282145961,0.8448069309798323,52.696400394383105,18.910614525139664,0.3765662490002666,0.00016495327314601516,0.8918600438307837,215.02738843639844,262.60616900598507,0.21617569,0.23385678,179
06452000,persistence,zero_shot,CAMELS-US,0.4744509552443713,0.738872882909229,752.4281084090492,214.25810055759365,-3.7633220067457374,0.0021846336284626518,0.9446667749291695,3087.89932190514,4686.240497456357,0.7780194,0.6630542,179
06453600,persistence,zero_shot,CAMELS-US,0.8166397172489577,0.6094627651198152,37.71848158910225,8.719999995241364,10.216778752409029,-0.003702049024552616,0.6096176913295799,162.73495834228942,332.6409475695979,0.6497141,0.7579962,176
06464500,persistence,zero_shot,CAMELS-US,0.9535732636930042,0.8163588459082244,17.349512575060395,6.324022346368715,3.9937643827481257,0.0004360223470333234,0.8164261078515527,69.61321713582845,124.2276136774751,0.40687403,0.45727748,179
06468170,persistence,zero_shot,CAMELS-US,0.960644453995881,0.9759315485564206,56.38496446043013,12.951388885743087,-1.2727807989316269,0.0009324736156358093,0.9850425775427344,246.70315045504475,136.56500283747664,0.5860403,0.55953276,180
06468250,persistence,zero_shot,CAMELS-US,0.9903873730180922,0.9721840872186511,27.24838873985545,9.109666666222942,-0.16073233002600187,-0.0022881076517619614,0.9723371520194937,104.88194421454163,184.39088914585776,0.4742021,0.44666773,180
06470800,persistence,zero_shot,CAMELS-US,0.9180051450252545,0.7594295272586574,20.24715631606525,5.178888891544193,10.462703842836337,-0.0011020481929424064,0.7597063330101481,88.54251960373489,159.45218719101973,0.7670689,0.88006335,180
06477500,persistence,zero_shot,CAMELS-US,0.9516232923232055,0.6885399480114067,48.58518454038621,6.621704541898163,22.34825943696831,0.0020906935914197025,0.6885399791260177,214.60998216402805,443.2064981473083,1.4646949,1.4743731,176
06479215,persistence,zero_shot,CAMELS-US,0.7479727557614504,0.8743150782980822,9.736937551011593,2.2122159068345684,0.21463052877776487,-0.0025267160506394493,0.939127897728498,41.62130864513192,86.33944637302234,0.80661595,0.8817993,176
06479438,persistence,zero_shot,CAMELS-US,0.5414414755951223,0.7664230426043905,83.50576190312043,16.552215903351847,-4.016475449614433,0.0018720403529393637,0.8410875480821071,367.1300102748949,718.068590038584,0.77215725,0.8156966,176
06601000,persistence,zero_shot,CAMELS-US,0.16817478569977828,0.06869866663164692,127.89759358347773,17.016666666666666,-18.93235158766682,0.0011436463025105148,0.16872651332691857,567.8397661312564,1196.6588904111313,0.51044637,0.24057674,180
06614800,persistence,zero_shot,CAMELS-US,0.8664849741939893,0.8127289075483772,2.3295601608705563,0.46313830655305943,6.176990852513993,0.0012370289328432205,0.8174037125992023,9.959919678390985,21.213203435596427,0.3267007,0.36519608,188
06622700,persistence,zero_shot,CAMELS-US,0.9784130320282359,0.9261876622227596,24.15673109386556,8.840000010899136,4.668811225346785,-0.002888187266797723,0.9266347070417644,75.55057173105236,128.50291825480073,0.39136186,0.37427285,175
06623800,persistence,zero_shot,CAMELS-US,0.9871806810053215,0.9727131863078821,34.54727609688332,13.948571428571428,1.6689285845284818,0.0020906930753621447,0.973209301747828,111.37973085101456,172.6267650163207,0.32733008,0.31744716,175
06632400,persistence,zero_shot,CAMELS-US,0.9799430117848302,0.901421593919894,32.45094671743487,12.248571431296213,5.635798739582901,-0.0017830454552404049,0.9015460674700104,123.74256431083938,143.0034964607509,0.38043642,0.38387161,175
06746095,persistence,zero_shot,CAMELS-US,0.9880707339666464,0.9721920887380238,2.332739804642842,0.8367045408284123,1.351891328822288,0.0005270245169529467,0.972615669570043,9.030811456096044,17.507141400011598,0.38789418,0.40944606,176
06775500,persistence,zero_shot,CAMELS-US,0.7725050361945722,0.8798099905741474,24.014623204613777,14.308510638297872,-0.2000318232446071,7.303850054513929e-05,0.9670961834581625,66.08857692521454,134.1957525408312,0.072000094,0.06799909,188
06784000,persistence,zero_shot,CAMELS-US,0.4439557008353955,0.5951805171720257,82.23839451623978,22.519021739130434,-3.0781088099659444,0.0005618335732043064,0.7445766745880369,327.19214538249537,711.0291836486039,0.30037865,0.25395706,184
06803510,persistence,zero_shot,CAMELS-US,-0.10932514891433032,0.44892575350187125,8.201585897059601,2.332022476732061,2.7130173876368993,0.00034474964277330516,0.951652186701413,33.528893041349484,57.04191447941423,0.5114909,0.58764136,178
06803530,persistence,zero_shot,CAMELS-US,-1.8155789892714171,-0.08208815754836984,106.4361280195871,21.753260856089383,23.28731915678991,-0.0014784898233161266,0.039269309162378696,453.2802665018631,489.0255617040892,0.69777524,1.1008904,184
06814000,persistence,zero_shot,CAMELS-US,0.10512833565701385,0.47187634421238067,117.21642397039895,25.96356382857057,5.807738687482769,0.008483637765503843,0.7980028771285778,498.01147075142757,898.2677774472376,1.3900439,1.3701767,188
06846500,persistence,zero_shot,CAMELS-US,-0.1212110332423384,0.5049550638855536,4.9933317783104645,0.5472872350761231,-1.2143089440239416,,0.6773598075953338,4.9933317783104645,48.16637831516918,2.0,2.0,188
06847900,persistence,zero_shot,CAMELS-US,9.456690995290895e-05,0.12352742900752156,9.537714334839457,1.1812765980535682,-8.76332868380334,0.0027593927832809673,0.4721540279328176,40.35608999869578,88.56918199915815,0.66066086,0.43271583,188
06853800,persistence,zero_shot,CAMELS-US,-6.004086585410599,-1.0396431113665936,190.14441059269396,23.192978717644323,69.76370605344705,0.0009183430614375376,-0.9257071681525342,824.0180295365137,1820.510917297669,1.0716147,1.4108478,188
06876700,persistence,zero_shot,CAMELS-US,0.8664317796340273,0.5758855317624509,107.41847148635867,16.02675531598482,-24.58964543698869,0.005230688048038706,0.5759800706894385,465.0188168235776,1005.1119340650572,0.72650576,0.73885626,188
06878000,persistence,zero_shot,CAMELS-US,0.09609412295226283,0.34197936927347106,406.1106566263933,56.29148935510757,43.064974348725215,0.0020906930753621725,0.39094154306296847,1757.9683728668158,3845.237313872838,1.4229261,1.5496222,188
06879650,persistence,zero_shot,CAMELS-US,0.9302474545288376,0.7652167077796529,0.36203621907828976,0.0776595783994553,15.640174607706447,,0.7657177807694034,1.2235195938181516,2.5079874157141235,0.74163043,0.8223204,188
06885500,persistence,zero_shot,CAMELS-US,-2.171920158710039,-0.4816276995222708,276.63752697334814,67.3547872419053,58.681200511635794,0.0,-0.4542585430817012,1163.6326310309453,1801.440534683285,1.1042382,1.271331,188
06888500,persistence,zero_shot,CAMELS-US,0.51720050353612,0.33384343899941804,68.61241939854145,17.054787238861653,29.494817641272896,0.001435194986539344,0.33446903969436226,288.96764524769895,404.40079129497263,0.6325315,0.8229396,188
06889200,persistence,zero_shot,CAMELS-US,-1.1164548742872022,0.022045913109368098,58.21076415160275,14.491436174505965,44.62878863004333,-0.0010633748401966542,0.1198087633537932,245.85437966105036,343.00801739901067,1.0165943,1.2128793,188
06889500,persistence,zero_shot,CAMELS-US,-3.692574477794656,-0.8272944930998225,156.39996609169242,31.800425520652233,66.89162197120282,0.0028603488981219505,-0.7979696811759054,673.1075694122003,426.07511074926686,1.0823282,1.3065186,188
06892000,persistence,zero_shot,CAMELS-US,-0.15414542946166,0.05865997679798074,364.3379959007115,93.94835106428079,66.04989641313021,0.00039385767730047705,0.08271234199278421,1495.734200986258,789.2084642222231,1.2654506,1.1323297,188
06903400,persistence,zero_shot,CAMELS-US,0.5511428958789143,0.7167343288220815,316.22366205930103,88.90645714013704,1.183887043415899,-0.002636708393625148,0.7582852929172963,1302.5437659509241,1975.006329103783,1.3176236,1.5535452,175
06906800,persistence,zero_shot,CAMELS-US,0.1267626706212397,0.47432784286695473,1840.2012599611205,427.9197282696386,-7.5484367966246495,0.00018421351746613496,0.832978760909843,7172.468333844354,10034.414382513809,1.6693511,1.4667897,184
06910800,persistence,zero_shot,CAMELS-US,-1.4256062792867654,-0.30543196903149217,81.93304923019232,16.142500006970256,46.338766255386865,0.0027681743608247017,-0.29121907714535467,346.6758370658808,668.7260276077192,1.1862838,1.3770148,188
06911900,persistence,zero_shot,CAMELS-US,-1.6679116957595959,-0.5484048263788837,56.5666875360664,12.780722219238264,76.09164312750622,,-0.5390202156458501,246.17576378961166,421.30096130913347,1.1496972,1.387772,180
06917000,persistence,zero_shot,CAMELS-US,0.7257904648881044,0.8076728349250895,347.46142363569754,86.28042554037962,11.85419459938266,-0.001967256392418862,0.854749517130188,1154.5016673872758,1620.8176948688586,1.353318,1.4594859,188
06918460,persistence,zero_shot,CAMELS-US,0.6636411583298885,0.616075106803985,204.6695187732976,46.197872339410985,-10.902167932989224,0.001197904204746511,0.6528957385651049,876.2675390541407,1505.0421920996102,0.6556393,0.5378784,188
06919500,persistence,zero_shot,CAMELS-US,0.7598822606889682,0.8299131264718699,432.0746011592956,114.25414364992831,8.705408502460864,0.01553713122547136,0.8608016772546608,1702.2679577551826,1985.7618185472295,1.2922006,1.245563,181
06921070,persistence,zero_shot,CAMELS-US,0.42321685521955066,0.2582940787166754,527.6796669739838,101.98962766471061,-32.22152047665279,0.0,0.27779227525906924,2270.701037124879,4690.506369252685,1.1481105,0.8112588,188
06921200,persistence,zero_shot,CAMELS-US,0.21659233366372233,0.12470845565716371,302.53466391379214,56.14351064908972,-36.10932676020579,-0.0006000790483843346,0.2919513717567477,1308.2129413822506,2731.1539685634716,1.300356,0.9448559,188
06934000,persistence,zero_shot,CAMELS-US,0.8783719734143756,0.8002736637393204,2496.2854084470255,568.9574468085107,0.45799124584613693,-0.0010113184489850408,0.8017716340108016,10619.28717005054,20807.330439054407,0.8428783,0.8339293,188
07014500,persistence,zero_shot,CAMELS-US,0.5769208371616648,0.7833731579434647,1222.9101235220705,284.5425531914894,2.3213507904378794,-0.0007185343534220068,0.8855887658881124,5231.026667873143,9599.260388175748,0.73038,0.74809563,188
07056000,persistence,zero_shot,CAMELS-US,0.37705919075550376,0.6038689543148047,1304.4570591250306,334.2303370786517,-8.896203047063215,0.003995212096893977,0.8170403217162648,5721.445038915723,10347.243594310516,0.9096875,0.8374998,178
07057500,persistence,zero_shot,CAMELS-US,0.3373108396967419,0.6489370455781127,492.7648224181247,122.65957446808511,0.32928984770344544,0.0009795482583082032,0.7305028104423255,2105.1479045425763,3952.2231718363273,0.3535346,0.4360676,188
07060710,persistence,zero_shot,CAMELS-US,0.2534665423779031,0.15825680182081847,139.0035019676176,23.262146909358137,-27.25377574775402,-0.00041798105307128824,0.26360337133392087,615.131151327368,1263.4658681579017,1.2456074,0.9032496,177
07066000,persistence,zero_shot,CAMELS-US,0.31841157940493914,0.3040168777102952,662.5666445804817,146.63297872340425,-14.475397337399565,0.0027591889835323277,0.43758638377694936,2850.988302326055,5691.230095506595,0.692499,0.49792907,188
07067000,persistence,zero_shot,CAMELS-US,0.5880598957030567,0.7047982468127486,1144.2139176577525,280.02127659574467,-4.562355661630738,0.0005300956802277955,0.8126687972349694,4857.14525210025,9323.625904121207,0.433296,0.38715163,188
07068000,persistence,zero_shot,CAMELS-US,0.5737796567203913,0.6985399350525532,1384.1619324772478,371.8085106382979,-4.674742950218874,-0.0002450890090932509,0.8017560916941613,5867.489241575139,9007.774419910837,0.37043673,0.30869946,188
07071500,persistence,zero_shot,CAMELS-US,0.5757175732433952,0.6655578203514649,284.8301472210367,67.04255319148936,-3.904827123978261,0.0003519886852437048,0.7643644261476502,1199.4968111670828,2540.8605825585946,0.25283027,0.19538914,188
07083000,persistence,zero_shot,CAMELS-US,0.9908081425546397,0.9919571002306593,4.714285590658971,2.0846590846776962,0.522868835090643,0.0,0.9932595600399279,14.375905768565216,2.0,0.29430553,0.28670335,176
07142300,persistence,zero_shot,CAMELS-US,0.7688206084666673,0.662503798602371,0.5540249306223304,0.1239361709994363,17.4554007758564,,0.667187751238949,2.2744230150740257,0.07071061068369713,0.5515436,0.737699,188
07145700,persistence,zero_shot,CAMELS-US,0.4118410421067602,0.6299948449486897,120.23019605672255,22.747446813382844,16.891009218880406,0.0003825477465690952,0.6620307314214029,518.735562696062,1008.5078085964432,1.5336244,1.5421664,188
07148400,persistence,zero_shot,CAMELS-US,0.45397686076062016,0.47063187193570255,82.55394575698544,14.740691494523608,13.96779014321465,-0.0018371097520131774,0.47320566019789045,354.8602541846579,690.3984356876832,1.0825026,1.1698122,188
07149000,persistence,zero_shot,CAMELS-US,0.958726637421205,0.8716952109517566,22.109891834084678,6.438579234452359,-1.0103312095170123,-0.0005270225064202619,0.8721466872451453,92.03314620287628,176.38594048279472,0.5959476,0.5717032,183
07151500,persistence,zero_shot,CAMELS-US,0.18754898017879174,0.5670489116015203,202.6238511971926,31.724388895432153,7.627051406925038,0.002364380106584827,0.6436316000365536,902.5528608711329,1896.1877544167403,0.78290045,0.8620365,180
07167500,persistence,zero_shot,CAMELS-US,0.36183497036303414,0.42709469989695137,81.06132544202804,15.282074458530529,-8.212661350059005,0.0032693616375253087,0.5635149976967646,346.7757200266478,687.460907979501,1.244597,1.0334145,188
07180500,persistence,zero_shot,CAMELS-US,-0.9983791535359916,-0.02316563301702068,119.50046381562396,17.563191504366298,38.28403608946256,0.0062664956064280575,0.024188807535073797,517.3699836673944,377.9451018335864,0.9083347,0.8901858,188
07184000,persistence,zero_shot,CAMELS-US,-0.19618792667373475,-0.19985780567788614,692.0772094080278,106.57043242801888,69.33847684413253,0.0028881879235981983,-0.19860047874727638,2961.4946901860217,6276.624291767032,1.716981,1.7875586,185
07195800,persistence,zero_shot,CAMELS-US,-18.290957631659392,-2.9743194848596817,31.7701349613713,3.6060109379513015,36.63088485404224,0.0,-2.973620474862531,135.7221426297124,302.7416390257541,0.5188381,0.890418,183
07196900,persistence,zero_shot,CAMELS-US,0.0739850009026658,0.5747006841756415,31.547814956903014,7.91815642446446,5.893084600960397,-0.0007130480963697464,0.7720580794942842,138.6789417712284,172.24639331070162,0.7560148,0.80188304,179
07197000,persistence,zero_shot,CAMELS-US,0.6036810966188411,0.7353107124184267,137.38022124449915,44.47243243037043,3.3275045317822456,0.0028100559868157633,0.7748454055368263,557.2535329632285,423.8513890504548,0.6110387,0.7087103,185
07208500,persistence,zero_shot,CAMELS-US,0.9373685694552258,0.9348818128586985,2.1230954087699714,0.7053409123962576,-1.8668943713713175,0.0006660268480825609,0.9427027769903399,8.736195504152036,12.206555615733702,0.43790963,0.41689608,176
07226500,persistence,zero_shot,CAMELS-US,0.14575719343429128,-0.04746766730992147,181.2102537267726,18.118563829138477,-49.11622091324899,,0.14047923234269777,785.5156624788751,1752.8823406036129,1.9384665,1.8400122,188
07261000,persistence,zero_shot,CAMELS-US,0.11668096060833211,0.5610171701136291,289.6671880927013,76.83536312774906,5.471096066477949,-0.006106106258043753,0.6691310360244692,1270.9490766964486,1654.3621127189779,0.8715871,0.8946178,179
07263295,persistence,zero_shot,CAMELS-US,0.25102453549858694,0.4303738738003826,138.7420144821764,37.168876401263844,-17.68698768410046,0.00552489686455708,0.6672685534045398,588.4478915949405,1037.6543957654633,1.3616697,1.178336,178
07291000,persistence,zero_shot,CAMELS-US,-0.965336807372734,0.11039790871806787,721.0451497337358,165.80113636363637,36.138803680981596,-0.001941140493946076,0.22514889842172958,3106.985427137444,6008.932683929817,1.0309213,1.2440903,176
07292500,persistence,zero_shot,CAMELS-US,-0.31970434399992986,0.2900707476311932,1973.0540035852616,519.5053191489362,21.842827542064896,0.0014707895421716376,0.35095799514168446,7656.76394438277,5658.7277722117005,0.9369596,1.0725424,188
07295000,persistence,zero_shot,CAMELS-US,-1.4475252431881747,0.018186942501565606,371.85032831324304,292.0,-30.697674418604652,,,583.0,583.0,0.7804651,0.82684565,3
07299670,persistence,zero_shot,CAMELS-US,0.6168358228944575,0.3577497660162485,23.148468910899144,3.3279570007836945,28.762084976552412,0.0011582193209381635,0.3577695326695456,99.51721961744707,220.75552088226468,0.7163199,0.9933078,186
07301410,persistence,zero_shot,CAMELS-US,0.5287005057183063,0.693196390941909,2.6066655552542657,0.5925668340654456,-4.500162671944239,0.0051793298234827645,0.8408435404486501,10.87639139366963,22.51831365673468,0.5188274,0.4505057,187
07301500,persistence,zero_shot,CAMELS-US,0.8245694284783878,0.9031854785884935,7.631000299735303,1.713563820376913,-2.2398517274790115,,0.9399253074831474,31.435394111857967,36.173194495371845,0.8261096,0.78373456,188
07315200,persistence,zero_shot,CAMELS-US,-95.41369092709792,-9.777489178519017,33.03274731495009,3.977473119604251,496.8058099955637,,-9.777080765634494,142.45325549227752,282.71894170713074,1.7556056,1.946384,186
07315700,persistence,zero_shot,CAMELS-US,-8.238610158935765,-2.0389374007121033,140.74863222414453,19.52239361926517,177.39220156299055,,-2.001503594876014,609.6686805142609,144.9361928574088,1.6313313,1.7954202,188
07335700,persistence,zero_shot,CAMELS-US,0.23880540230225722,0.5118591054235376,150.41414071866546,33.98069148393784,7.470372705831227,-0.0025987450715159593,0.5412267394829171,645.8471181324571,1347.7145469275013,1.1597263,1.1856341,188
07340300,persistence,zero_shot,CAMELS-US,0.5018623054005003,0.5206692299322507,397.7609879909647,98.22378377656679,-6.266856573899658,0.0010121795874014766,0.5819369340136812,1631.6562444338574,3357.014223979398,1.340465,1.3007231,185
07346045,persistence,zero_shot,CAMELS-US,0.9695369831833502,0.9487447913995253,37.08755490800179,14.825307261198759,-1.2519684511383384,-0.010740753641813316,0.9508282544816719,120.54367580996433,163.24827717314508,0.64754343,0.6388983,179
07359610,persistence,zero_shot,CAMELS-US,0.8985859292386881,0.9438571492839394,183.68002687480006,65.9090909090909,2.4303149816127485,0.000915569048378681,0.9752929818342143,742.3167937088735,277.8488797889961,1.1084582,1.055622,176
07362100,persistence,zero_shot,CAMELS-US,0.5705159110539063,0.5049090289824922,221.29683702360023,65.58918477886397,10.235522575195409,0.0056564410924709735,0.5085193612493333,843.9818718432286,1773.4288821376515,1.0955119,1.2024593,184
07362587,persistence,zero_shot,CAMELS-US,0.31421669597360113,0.25381275699876293,141.69878971295472,35.63646067221639,-31.679247502823817,0.0004900870422328424,0.38286395337767143,612.6673014142523,865.1499869964745,1.4732025,1.197789,178
07373000,persistence,zero_shot,CAMELS-US,-0.7027965673518268,0.15629218068916806,152.33725530785915,35.929032264217255,32.54563315114005,0.0,0.2359722201804103,638.4954972433244,1153.0416297775203,1.1781374,1.3558694,186
07375000,persistence,zero_shot,CAMELS-US,0.6371284860623128,0.5322261736728633,261.4597976868559,53.236559139784944,8.819202477739063,-0.0013470231082071057,0.5335011149828675,1107.5836762971908,2273.334555229388,1.0958188,1.1223495,186
07376000,persistence,zero_shot,CAMELS-US,0.8905512147023484,0.8269005689204033,228.58552599985242,87.01685393258427,0.5649214099868125,0.002963488728453669,0.8296302129666908,883.7883733614563,1343.1678971744375,0.9034644,0.8665627,178
08013000,persistence,zero_shot,CAMELS-US,0.8907348763583642,0.8479689955496877,528.2861171956174,126.77297297297298,3.321845145211446,0.0015862569809760238,0.849840096121901,2210.454704353835,4374.951428301804,1.1048644,1.1424443,185
08014500,persistence,zero_shot,CAMELS-US,0.8316840840687667,0.6857140808225091,589.2797483617549,141.76055556403267,-6.827533044399737,0.0009144369185295244,0.6891337475029115,2549.2579312419525,4909.297302058615,0.98547024,0.8394217,180
08023080,persistence,zero_shot,CAMELS-US,-0.25959614014755195,0.23176569598665453,74.4844158815259,21.458297856122336,25.73709900533906,0.004782870687084023,0.2644590571828288,259.1927101529136,392.50796170268956,1.5298446,1.6633736,188
08025500,persistence,zero_shot,CAMELS-US,0.29404878360244957,0.5797069848707918,238.13988770846396,65.78962162021246,16.859185740391613,-0.0023298541324686325,0.6493879754881263,726.3137751688315,735.4590403278758,1.4181931,1.490384,185
08029500,persistence,zero_shot,CAMELS-US,0.13200309248830933,0.5892843377245873,236.0109304852541,50.53776595440317,10.45949175072141,0.0034342025850607194,0.8264634424044986,999.1234158000702,1317.745043625663,1.2331668,1.2878073,188
08050800,persistence,zero_shot,CAMELS-US,-6.247426318166094,-0.9807313383948493,24.338544823483115,3.183920455694368,73.90438900653697,,-0.769585903077527,107.25016834023141,80.6109483879206,1.5016986,1.7922012,176
08066200,persistence,zero_shot,CAMELS-US,-0.059406024953883474,0.22114771536910516,181.53136487824779,37.067027027391504,-3.424465725740762,-0.0049248151954100206,0.666778901877902,680.6474858544619,1454.027681992334,1.6835799,1.6200143,185
08066300,persistence,zero_shot,CAMELS-US,0.721146291310559,0.535571430161002,91.29539704320806,18.106914905791587,14.64838448834189,0.0008302719450943782,0.5364323122857754,388.5523130802338,785.2098445638593,0.98745584,1.0843813,188
08070000,persistence,zero_shot,CAMELS-US,0.39395231391114793,0.6500252031759666,210.56059609443693,50.91010638120326,14.539514929136498,-0.00453126466578678,0.8340968935265697,886.757633178311,1480.605619332846,1.340208,1.3995367,188
08070200,persistence,zero_shot,CAMELS-US,0.7801016571767402,0.890633840146698,133.86680624094987,35.12032966037373,0.08319046677226362,-0.0003223757031835077,0.9753324161406188,531.5375809855781,338.0088756231114,1.3003175,1.2095852,182
08079600,persistence,zero_shot,CAMELS-US,-3.715955406258611,-1.3553031369106914,151.95948284310683,23.7353714303353,127.80161522765482,,-1.3517913685718166,662.6494799917475,1315.9264797092578,1.9255519,1.8754691,175
08082700,persistence,zero_shot,CAMELS-US,-0.868657433522237,0.25623724589587116,3.037788495132727,0.5885638266881096,-3.7279017289918936,,0.6780179477185863,13.157349204801253,19.4164878389476,1.9159623,1.9888222,188
08086212,persistence,zero_shot,CAMELS-US,-1.030487539009826,-0.6002391642599774,5.820660879743956,0.872925530207601,88.90566629184359,,-0.599875753727716,25.235019513340326,51.79285665031424,1.7398078,1.9484644,188
08086290,persistence,zero_shot,CAMELS-US,-0.41776081874881976,0.3069518936616179,14.08789026354016,2.602021273919084,-3.1369775185126234,,0.9583747903286246,58.55588782652163,105.64326765109077,1.9684533,1.963353,188
08101000,persistence,zero_shot,CAMELS-US,-0.2737670450723042,0.06046473889747184,75.35700400240422,14.05961325559868,-15.83912887384084,-0.0020906935914196956,0.6318476115641278,280.55235161373696,607.5438296860822,1.4409095,1.3986621,181
08103900,persistence,zero_shot,CAMELS-US,-1.1277561355476506,0.1325092905543963,7.899213357339735,0.9337569067553098,8.801864067655705,,0.7348106904445595,33.60605595916299,48.83646178829912,1.6180096,1.5939897,181
08104900,persistence,zero_shot,CAMELS-US,0.0640477509631967,0.43013131360047496,26.3123389363064,5.398989364187768,-9.408829465832769,-0.0036553934851467768,0.8131498342803661,109.37367142050229,215.01744115303762,1.1883072,1.1043273,188
08109700,persistence,zero_shot,CAMELS-US,0.6657086704314295,0.5237961050224343,49.683228869146554,9.0557446853119,17.38445466771473,-0.001129435135304703,0.5257128678434437,215.2231400198408,409.3751335877645,1.241847,1.3453983,188
08150800,persistence,zero_shot,CAMELS-US,-45.5746079054361,-5.803631531839122,105.76560816054958,11.101542574343608,147.42004603173507,-0.0006660268480825592,-5.802850050054627,458.48913728384963,984.1133293410397,0.94737685,1.5587918,188
08155200,persistence,zero_shot,CAMELS-US,-2.443930759371446,-0.5035402697313696,40.12196689401281,7.075107524672183,40.028370221321175,0.0,-0.4801981393232706,170.69203261976372,128.39020610212214,0.76200485,1.1292742,186
08158700,persistence,zero_shot,CAMELS-US,-2.678283730088488,-0.42043939780149087,61.66373439382867,8.190847466557713,26.534395572145378,-0.0006424899297258896,-0.39121941617424616,273.3293373827567,149.81837348414854,0.75807166,1.0111964,177
08158810,persistence,zero_shot,CAMELS-US,0.19268898771739762,0.5906669378329683,8.856525990246018,1.755885716101953,15.224554497121124,0.002425536161984737,0.7312204564491547,30.871130032734786,49.10824790950181,0.7864945,0.9183225,175
08164000,persistence,zero_shot,CAMELS-US,-8.372653953051467,-2.233004428662436,349.1013417485636,50.121808508212894,175.64648785554323,0.0002969786823373288,-2.2230618174420225,1513.0396227462122,3142.3920824747506,1.3247639,1.7193459,188
08164300,persistence,zero_shot,CAMELS-US,-0.07235810933879216,-0.15631763191394232,179.61000407214954,19.995957453735173,-31.395894716428405,0.010503777734503075,0.270454757379214,778.2328700331284,1670.2107651431302,1.6570789,1.508205,188
08164600,persistence,zero_shot,CAMELS-US,0.14367543542640826,-0.03445572644648043,14.651311020176548,1.8647567567088315,52.1262298827451,,-0.03439994852298911,62.938160127233026,137.64446955835166,1.7479953,1.7981561,185
08165300,persistence,zero_shot,CAMELS-US,-4.746711296145933,-1.1910431063448272,14.092385148623373,1.9521276659153877,10.106761751480548,0.00036291280768328653,-1.1903413999693537,55.50675634551167,135.88230201170424,0.32730046,0.4693878,188
08171300,persistence,zero_shot,CAMELS-US,-1.2314533868176514,0.031187386090753444,109.18656470769491,15.802021275660856,9.944502550790379,,0.09263604068353892,472.8716284769619,1012.4144013190539,1.0559901,1.2179928,188
08175000,persistence,zero_shot,CAMELS-US,0.3779475224819332,0.6604012953663978,137.1301635308737,23.982127656892654,2.930607410443812,0.0,0.9168203467733482,593.854780228298,1168.5499561422266,1.7841772,1.7897198,188
08176900,persistence,zero_shot,CAMELS-US,0.5809850255668432,0.281444920170398,26.06991036559351,3.211548387415467,39.51638935719845,,0.28164287256154164,114.74801877553497,224.86318340500242,1.9021676,1.9297295,155
08178880,persistence,zero_shot,CAMELS-US,-1.037795401570293,-0.3593187297268692,50.131446893283254,5.799147725676779,27.43312966814162,0.0007672055615485646,-0.3590026159516442,221.5014421824131,464.1987720793755,0.62579054,0.9032332,176
08189500,persistence,zero_shot,CAMELS-US,-0.2608801201263915,0.4595276893336936,16.676400961491304,2.491170212160796,1.8684358126768628,0.007233578691926104,0.7324150528722009,72.25522819436682,156.83596528818686,1.630665,1.6533123,188
08190000,persistence,zero_shot,CAMELS-US,0.5109932323968642,0.4561357648943616,23.277782531371326,3.49946809322276,5.592205117618009,0.0009046352469600401,0.45742605715854134,100.18732454756939,223.6515146382872,0.27122435,0.34831938,188
08190500,persistence,zero_shot,CAMELS-US,-8.49193933733575,-1.6808812251456282,7.326230453291673,0.7022872315818801,92.03249915327785,,-1.6411660886690385,31.765293008405028,70.97044596189833,1.4142313,1.764433,188
08194200,persistence,zero_shot,CAMELS-US,-0.23884212093295698,0.4497933398089734,19.153041741289268,3.569202128659062,-2.8122071561331867,,0.5981210251986803,82.82302879802175,95.05388180873643,1.830991,1.9591326,188
08195000,persistence,zero_shot,CAMELS-US,-4.670445969357515,-1.1604529086126965,82.65927661908064,8.242074475693022,23.86501019540806,0.0009936309946360859,-1.1602297173113638,357.4645436962944,797.9639716177667,0.33970615,0.6498877,188
08196000,persistence,zero_shot,CAMELS-US,-0.9092355417979749,-0.3428201042384593,29.260025559529062,3.153191491406649,32.16149363476705,0.0,-0.3426476045315987,120.9128160738517,280.10355228022365,0.68863016,0.95221555,188
08198500,persistence,zero_shot,CAMELS-US,-16.75954992278047,-3.660534303856208,32.904771622162585,2.5248314606109528,203.30143005334125,-0.0047594518569950145,-3.6605342668253282,146.33417615547498,310.4198849944101,1.0703288,1.6915923,178
08200000,persistence,zero_shot,CAMELS-US,-0.509478882204367,0.26502427610255064,3.9034329566591395,0.8169680800328546,20.60126045429475,0.0007974934408064294,0.3509835249453065,9.662039118801102,14.422205101855956,0.7883201,0.9709333,188
08202700,persistence,zero_shot,CAMELS-US,0.4344919083869041,-0.060660237634273084,0.004375949918821457,0.0003191489488520521,75.00000465661297,,-0.060660237634273084,0.004375949918821457,0.004375949918821457,2.0,2.0,188
08267500,persistence,zero_shot,CAMELS-US,0.9906221712514465,0.9913779023770919,2.033022827917109,1.0659090822393245,-0.07342683017573921,-0.0015543422541681989,0.9927499444293495,5.422176684690384,2.0,0.19693077,0.20540328,176
08269000,persistence,zero_shot,CAMELS-US,0.98509926156452,0.9892171751519995,1.7600523060583244,1.0142045237801292,-0.3582211075811776,0.0004626502327629567,0.9919138350929505,4.371625682868,3.5355339059327378,0.25606763,0.2732671,176
08271000,persistence,zero_shot,CAMELS-US,0.9858866387818078,0.9857271647848299,1.4645261908815401,0.7190217505330625,-0.3201133477644568,0.0,0.9874590653954752,4.814750064314676,3.5355339059327378,0.23102188,0.22988701,184
08324000,persistence,zero_shot,CAMELS-US,0.9567157445588657,0.9478744170408293,9.673147563765488,4.355135146991627,-2.2830026003338126,0.0,0.9518646000891218,33.93817909081157,20.12461179749811,0.47047454,0.4665619,185
08377900,persistence,zero_shot,CAMELS-US,0.9469392247290666,0.8392438547990679,7.825025414899724,2.3579545346173374,2.000474928436756,0.0035173393145702114,0.8395025294338059,30.802236571031298,62.625873247404705,0.46456128,0.5255776,176
08378500,persistence,zero_shot,CAMELS-US,0.6637375564604955,0.5647052905670447,40.19970096215653,7.111702127659575,3.529094827586207,-0.0006248268849313732,0.5651485556592213,171.77339724183136,381.8376618407357,0.31860632,0.39656517,188
08380500,persistence,zero_shot,CAMELS-US,-3.1226839935098214,-0.9787654967575288,88.50125340986989,8.37482955509966,48.31400734168041,-0.001459498132588749,-0.9786841037278187,391.32566715943614,828.7197958296881,0.9325319,1.2694795,176
09034900,persistence,zero_shot,CAMELS-US,0.9856827156904463,0.95280671930002,2.6888035610798826,0.9780336966675319,2.015279962627288,-0.0018371101504399343,0.952996849276012,9.889388252060893,16.401219466856727,0.34665442,0.36415374,178
09035800,persistence,zero_shot,CAMELS-US,0.9921948148354973,0.9899192936164276,1.3244830379260986,0.5925531919966353,-0.14006357512010945,-0.0006000790483843381,0.9904513515391029,2.7748873851023217,3.8078865529319543,0.29133222,0.28386468,188
09035900,persistence,zero_shot,CAMELS-US,0.9876921661577158,0.9729927908002811,7.036408865702561,2.6917127245697525,1.0020923290648784,0.0,0.9735690750714684,21.494185260204677,6.363961030678928,0.272492,0.2641463,181
09047700,persistence,zero_shot,CAMELS-US,0.9823375755068968,0.9584383241944501,1.44787077362379,0.5462766004369614,1.5629631084983733,0.001753751359135405,0.9591210320220622,5.683308895353129,5.70087712549569,0.25392595,0.26482388,188
09065500,persistence,zero_shot,CAMELS-US,0.9787750907686081,0.9047903334226715,7.882983481298461,3.269230766610785,4.44811123497322,0.0006122026622660121,0.9049242721085495,28.231188426986208,41.43669871020132,0.32276013,0.3414675,182
09066000,persistence,zero_shot,CAMELS-US,0.9890842384448584,0.9738931353491104,4.49809483523948,1.6062857123783656,0.8969751928704572,0.0008418061717324725,0.9742910341123122,15.95827893811443,26.879360111431225,0.34885824,0.37408152,175
09066200,persistence,zero_shot,CAMELS-US,0.9669499924638966,0.9591678269581726,4.0151663232715045,1.3789142860685075,2.238520750730136,0.0018007080099478046,0.962201149736198,15.968719422671311,14.035668847618199,0.4388167,0.41817737,175
09066300,persistence,zero_shot,CAMELS-US,0.9900228133178233,0.9558615238417512,1.2558430354177006,0.4474285781809262,3.103494388276973,0.0033090696930338573,0.9559684975749574,4.618802153517006,3.605551275463989,0.37063476,0.355957,175
09081600,persistence,zero_shot,CAMELS-US,0.9897907893293963,0.9441916180764216,51.80250959171766,23.06382978723404,2.4513674538798362,-0.0008887156089248636,0.9442712231815502,173.3781993215987,162.78820596099706,0.28494006,0.29929936,188
09107000,persistence,zero_shot,CAMELS-US,0.9857635654104836,0.9738828934378138,17.178505867210546,8.154255319148936,0.8090614886731392,0.001496750161502327,0.9746184459325375,51.94035040313071,9.82344135219425,0.24938707,0.26382607,188
09210500,persistence,zero_shot,CAMELS-US,0.9863927820901444,0.990907624777085,13.328101810548283,5.5,-0.567319744046441,0.002137277297146599,0.9935601169118159,34.11890971294364,52.13923666491484,0.22231019,0.21893452,188
09223000,persistence,zero_shot,CAMELS-US,0.9839247099660862,0.9914698046623746,25.334102643219232,9.496216204359724,-0.03680917325031644,0.0007482609875870197,0.9965497619247474,72.55205028116022,78.10249675906654,0.31395066,0.30758548,185
09306242,persistence,zero_shot,CAMELS-US,0.995970357396622,0.9869852556999705,0.04568322750796706,0.024130436915742313,0.13002415931845326,0.0,0.9870837868828011,0.1341641284079304,0.20000004768385793,0.17672555,0.15561086,184
09312600,persistence,zero_shot,CAMELS-US,0.9923425507154775,0.9792081416841433,3.469415559254721,1.2432954596694221,0.24088250921675414,0.00046982338287285264,0.9794737832754528,12.243736803324829,8.602325267042627,0.3569062,0.31728396,176
09352900,persistence,zero_shot,CAMELS-US,0.9652110100909914,0.9719758497339345,28.368917049218755,13.852272727272727,0.36348385292884106,-0.0014501824599283362,0.977195337983165,93.04359790502038,38.242646351945886,0.39218977,0.401913,176
09378170,persistence,zero_shot,CAMELS-US,0.9769011575494592,0.9716523905581156,0.09814954930352661,0.03135593178666244,-0.11896387893757084,0.0,0.9736660390072348,0.31961626888324324,0.2915476438084153,0.4149417,0.38970938,177
09378630,persistence,zero_shot,CAMELS-US,0.986584573292592,0.9838548306000611,0.030342552672147426,0.009385475462208913,1.464128615503191,,0.9852168771153096,0.11879020724096755,0.10000002384185791,0.51976573,0.51226556,179
09386900,persistence,zero_shot,CAMELS-US,0.5746535197060644,0.6988957649005738,0.7153143991829034,0.14263735939799757,5.584642431759137,-0.006761926926276142,0.7848779704985784,2.970925668917777,4.774641190554028,1.3293444,1.2389611,182
09404450,persistence,zero_shot,CAMELS-US,0.024891912833782892,0.25283972444808345,11.484661226686766,2.8426136401566593,-5.221809535755916,0.0010390601896945462,0.6150832788003517,42.95804511572264,94.7624399502756,0.3690705,0.29714388,176
09430500,persistence,zero_shot,CAMELS-US,0.7544064986858889,0.6003896605971719,153.16429087747574,23.866666666666667,-11.394422310756973,0.0007066497680346777,0.606639724354272,682.9030352513859,1371.7871555019021,0.64891547,0.47516987,180
09430600,persistence,zero_shot,CAMELS-US,0.2177065937442776,0.3723013392057277,60.30831392357906,10.237065207182795,-12.38072880237373,-0.0007206228354346284,0.6195083953829514,244.7204527619218,522.5562170714267,1.2026659,0.9791651,184
09447800,persistence,zero_shot,CAMELS-US,0.9783856671380932,0.9832475992981005,0.055543730085381576,0.02765957218535403,0.0,0.0,0.986993805460584,0.07071061068369713,0.07071061068369713,0.053921577,0.055759814,188
09480000,persistence,zero_shot,CAMELS-US,-0.3531327092765366,0.13983714462384278,1.820249283939102,0.2970212769417211,-5.426940874382848,0.0,0.7727671128228475,7.448961014589934,14.845283804402023,0.8341768,0.6249573,188
09484000,persistence,zero_shot,CAMELS-US,-0.21556533581042148,0.44132029842850373,13.622306937780134,2.8747871979833284,4.52280480283451,,0.8899427235941667,57.59673274768606,96.98037431495358,1.1721027,1.2134945,188
09484600,persistence,zero_shot,CAMELS-US,-1.5537624123322713,-0.031178446015534877,32.547800926845866,6.291010633814446,39.07712256298805,0.0,0.454252094843962,115.86462342037704,175.14078351499202,1.6549021,1.7873071,188
09492400,persistence,zero_shot,CAMELS-US,0.935169613171851,0.9462797932017255,4.011174555266212,2.1707446904892618,0.8937749773093662,-0.0012249070897471601,0.9554118440758067,7.569676347110224,10.124228365658293,0.320217,0.34087116,188
09494000,persistence,zero_shot,CAMELS-US,0.9200703703400336,0.9208430601236446,22.92260379799425,9.827127660565237,-0.16885283368576273,0.001425217561773759,0.9299751098730988,66.14907406759372,135.52306076826926,0.40786466,0.420879,188
09497800,persistence,zero_shot,CAMELS-US,-2.7485226146850286,-0.23465802549612969,52.837724853447156,10.642281858713035,16.629773966824413,-0.00379282251375776,-0.04805637869090873,189.05554739282314,152.7939789389621,0.6398932,0.83629566,149
09497980,persistence,zero_shot,CAMELS-US,0.805996707571346,0.8012450264164461,22.350561653774317,3.784574473157842,-12.091476480282457,-0.0006517025870038662,0.8285257122858598,88.2343139782296,190.70002621919065,1.0828543,0.9268131,188
09505200,persistence,zero_shot,CAMELS-US,0.513572405478502,0.6968230955461814,17.61844029223492,3.1157303419006004,7.5113771844027,0.00044894370612955526,0.7511005149455489,41.50678662834923,28.293108701590217,0.5809821,0.72325456,178
09505350,persistence,zero_shot,CAMELS-US,0.03155753430854802,-0.033153161596662706,131.50691687865367,16.92313830850725,-46.55341549707418,,0.27540641930371057,569.9678245314585,1246.5151423067432,1.7496815,1.5628861,188
09505800,persistence,zero_shot,CAMELS-US,0.7338424179922414,0.8630065955630859,12.5297518271937,2.771276595744681,3.2192648922686944,0.0,0.940327600208353,53.58544578521298,70.53013540324447,0.32446134,0.37328094,188
09508300,persistence,zero_shot,CAMELS-US,0.17612085520114418,-0.007110231048216065,47.093696187538356,5.10761111828809,-57.1104918132434,,0.1690101379619523,210.58219311269923,439.7709631160293,1.7067136,1.3930367,180
09510200,persistence,zero_shot,CAMELS-US,0.4310160601142192,0.28023712918313115,43.86227726184572,7.690372345939358,-40.63183514384522,,0.35159435108829706,177.73111995533728,366.6614310224562,1.6639708,1.4564555,188
09512280,persistence,zero_shot,CAMELS-US,0.5053052621613365,0.12314608177516195,4.284487109108702,0.5625531924393107,-58.85897942536095,,0.12955867984476466,18.54977088934542,38.942264957241505,1.7763493,1.508789,188
09513780,persistence,zero_shot,CAMELS-US,0.3239828102571035,0.14638640101678602,9.165810984693268,1.091235952765754,-48.723784265949675,,0.24604177111766357,40.74770613719543,85.70005834303731,1.6729456,1.4919087,178
10023000,persistence,zero_shot,CAMELS-US,0.9976838283319502,0.9827236067461703,0.8785263274950567,0.44042553927036043,0.9150278903800948,0.0,0.9827361930931043,2.8284271247461903,4.527692569068709,0.08626351,0.082263894,188
10166430,persistence,zero_shot,CAMELS-US,0.9860976310166933,0.9493998980286065,0.839361141321584,0.19079787288098893,2.077215131962504,0.0,0.9495744964060546,3.521363372331802,2.0,0.20026153,0.1897602,188
10172700,persistence,zero_shot,CAMELS-US,0.9166986372179281,0.9529113166225864,0.45435247189414324,0.132446806481544,-1.4068567559334433,0.0,0.9753269081887426,1.7137677750058806,0.7071067811865476,0.09007115,0.06445793,188
10172800,persistence,zero_shot,CAMELS-US,0.9951415810363815,0.978960388923272,0.566531061919797,0.24999999619544822,0.04833253931550434,-0.0017320742484872934,0.9790494891952886,1.51657508881031,1.5811388300841898,0.16159174,0.16272143,188
10173450,persistence,zero_shot,CAMELS-US,0.9898416774499379,0.9884804529425316,11.519466753521897,3.558285713195801,0.03673258487406754,0.0008302719450943748,0.9891239780098423,47.879478322601265,64.4437739428721,0.2227186,0.23365255,175
10205030,persistence,zero_shot,CAMELS-US,0.9908266178929511,0.993203010412812,1.643755395058298,0.6818181736902758,0.4838006215324354,0.0,0.994593655552315,6.0,9.219544457292887,0.14196771,0.14530961,176
10234500,persistence,zero_shot,CAMELS-US,0.9706494289059077,0.979889215596566,10.724797275274936,3.351063829787234,-0.8551947301513926,-0.0020209507423840038,0.9847878125615425,43.43270657004926,73.54250471666029,0.17566162,0.183005,188
10242000,persistence,zero_shot,CAMELS-US,0.9664450634309447,0.9138053955547559,10.12681557126844,3.500531904240872,-3.0321461400613505,-0.003370473791218912,0.9147371798176933,37.00945825056076,66.48308055437865,0.32897446,0.28875032,188
10244950,persistence,zero_shot,CAMELS-US,0.9956017652114474,0.9883109058157065,0.4396565397548003,0.13404255217694222,0.6435885762165067,0.0,0.9884623140452928,1.816590212458495,1.5811388300841898,0.07674305,0.07102025,188
10249300,persistence,zero_shot,CAMELS-US,0.9924984093932286,0.9866039485890489,0.5811323721283379,0.15434066046561515,0.758869595686966,0.0015543426344211166,0.9868582053839602,2.430020576044577,3.1622776601683795,0.2277385,0.22532989,182
10258000,persistence,zero_shot,CAMELS-US,0.2272253815399674,0.5784356933489514,2.115690998781179,0.29026595433738006,-3.066716012794904,,0.920243688344127,7.60440661195148,16.97056274847714,0.51951313,0.47262046,188
10258500,persistence,zero_shot,CAMELS-US,0.1465452611455238,-0.1852540096615689,2.5781854987748902,0.3220212777006499,-72.20077262617492,,-0.13029593352678637,11.152528896310553,24.85155938012668,1.9158007,1.5363246,188
10259000,persistence,zero_shot,CAMELS-US,0.43407744952594307,0.41594603395513996,0.7654282013942499,0.16505319466616244,6.628067158053011,0.0,0.4199673594223331,2.1268129536212568,5.720139863431703,0.2539477,0.33772546,188
10259200,persistence,zero_shot,CAMELS-US,0.732947615825984,0.7680136460606851,0.060313895973250126,0.007819148989275415,-3.7552159966956355,,0.814810873620192,0.24304881939205475,0.5667892087474483,0.5549374,0.5549133,188
10263500,persistence,zero_shot,CAMELS-US,0.011669649745121635,0.29043773547782836,6.0418438385406406,0.6916292229395234,10.143870509244849,-0.0006809949750800764,0.2911810627661605,26.67499869832341,56.572961739686214,0.23679227,0.38313574,178
10310500,persistence,zero_shot,CAMELS-US,0.8522877396153627,0.9018630915658508,0.9190122478676349,0.23441488470168823,-1.3679868962150559,-0.000787137072872552,0.9384001258412313,3.8512336003079173,6.788225031955899,0.17592406,0.1350669,188
10316500,persistence,zero_shot,CAMELS-US,0.9881017427089707,0.951929220208967,8.687965508790981,3.086170215555962,2.399392971395485,0.002425536596167767,0.9520763485346336,32.63127334322092,24.9098374141623,0.320611,0.32526177,188
10329500,persistence,zero_shot,CAMELS-US,0.9853130109882043,0.9153229197659062,4.350422944381079,1.7022472124421195,2.8535573309463156,0.0007974934408064155,0.9154008678806334,16.06237840420901,20.65187642806338,0.28674704,0.2951037,178
10336645,persistence,zero_shot,CAMELS-US,0.9684952426669369,0.9575971865716914,4.193682892838048,1.4755248638147807,1.7265487328486644,0.0001726684148549984,0.9599143946546099,13.038404810405298,1.4142135623730951,0.43357718,0.42479366,181
10336660,persistence,zero_shot,CAMELS-US,0.981676497903008,0.9452613429243564,7.055890368601533,2.673701665678077,2.8515806899085314,0.0014096994764355303,0.9457799983295624,22.83637449333847,37.90118731649445,0.3675017,0.36428067,181
10336740,persistence,zero_shot,CAMELS-US,0.9703677449799992,0.9836868196671256,0.10929416781454054,0.043457447343129424,0.6502763902619939,0.0014096982253869739,0.990656280718327,0.39242838236544786,0.5000001907348723,0.39635214,0.38827607,188
10343500,persistence,zero_shot,CAMELS-US,0.9774461036127813,0.9519329506094991,2.1854450820666753,0.7297872355643739,2.369668196869386,0.0015543426344211166,0.952896384531314,7.252585745787498,2.23606797749979,0.3171765,0.3233726,188
10348850,persistence,zero_shot,CAMELS-US,0.976621927704242,0.9614968516161807,1.898819625857455,0.7939361923552574,-0.08572924391600562,0.0021564132699462574,0.9631190651019235,7.134423592694787,7.280109889280518,0.25587896,0.25509283,188
10396000,persistence,zero_shot,CAMELS-US,0.9466202342986823,0.9451117420920176,30.145951276720037,11.535135135135135,0.9149035712429173,0.00035861992869707163,0.950635357901075,106.41287516085636,26.580067720004024,0.3030618,0.29861432,185
11098000,persistence,zero_shot,CAMELS-US,0.5954990466215551,0.6519296277954179,6.5726751417912235,0.9736931817606091,4.866215622934891,0.0010273187512230483,0.6687675827551934,29.019476217764097,59.552497848536966,0.78274375,0.82427526,176
11124500,persistence,zero_shot,CAMELS-US,0.3273127922922011,0.21601296637057787,17.22102241368104,1.8601685524028673,-28.861739625945482,,0.29962642056777633,76.56863297950594,160.41508657230466,1.0915745,0.7158304,178
11141280,persistence,zero_shot,CAMELS-US,0.16815802322288576,0.5013156625654328,1.9968780165809483,0.3655851039480656,0.4757246011119006,0.0,0.522920656346817,8.140359607657802,18.058377527934827,0.26527014,0.28345963,188
11143000,persistence,zero_shot,CAMELS-US,0.13305524657387924,0.5783670401558425,62.435847075300806,12.594680849542009,-0.9340027860044153,0.0,0.681200379637662,270.13052400645137,259.16982849089516,0.5814046,0.61136013,188
11148900,persistence,zero_shot,CAMELS-US,-0.1294157521986472,0.4516198681978365,163.2036710785064,29.9078191409799,-15.384103276626542,,0.808530857712017,707.1989543095214,1051.4505717733014,1.2785689,1.2185612,188
11151300,persistence,zero_shot,CAMELS-US,0.48440453090895796,0.4048972900940734,7.879241545046521,0.8418616984396222,-19.443660004887036,0.010196128059925064,0.4541266684297417,34.150680809942315,75.7429864739964,0.8566991,0.5475398,188
11162500,persistence,zero_shot,CAMELS-US,0.1387444339030166,0.5960640428991413,49.29701558823309,8.861382981365983,-2.7336364206040824,0.0005008874641577385,0.9095249342624648,213.16118080644088,311.61594952761965,1.078745,1.1463416,188
11176400,persistence,zero_shot,CAMELS-US,-0.2151437904690483,0.2522604017476955,19.02351709454312,2.6935638269072677,22.0571087976547,,0.28532651649953367,78.59327405848956,175.8024459443042,1.0370792,1.2540362,188
11180500,persistence,zero_shot,CAMELS-US,-10.438666064224593,-2.159719383410534,9.52382556600264,1.402127658898764,131.56552049015264,,-2.1338430076124144,41.27451955172883,11.935861938700805,1.3720138,1.7371881,188
11180960,persistence,zero_shot,CAMELS-US,-5.833706723307696,-1.279914296989523,7.7351535193775804,1.085714284084983,83.13545848511217,,-1.2472839302991416,32.95466582004694,24.706375735691775,1.1826704,1.5891118,182
11224500,persistence,zero_shot,CAMELS-US,0.4677542643730187,0.4532800860130708,0.5331929019036397,0.060425530504831605,-26.80353510870076,,0.5500067795661951,2.310683840149246,5.103919959301703,0.7978329,0.3833268,188
11230500,persistence,zero_shot,CAMELS-US,0.9544846629742479,0.9105171060449968,27.389304287420643,10.64840424568095,2.488301713952013,0.0045689611760827906,0.9117490972486699,98.82509802676645,178.44046626256053,0.39650849,0.41836685,188
11237500,persistence,zero_shot,CAMELS-US,0.9670637213542853,0.9680623498125033,16.23715585703033,4.4039893599742275,1.4934828550553285,-0.003569183354789743,0.9717331345132847,67.43811978399161,53.45091205957107,0.41006026,0.43626812,188
11253310,persistence,zero_shot,CAMELS-US,0.1259721036598812,0.024484734550442422,1.7571708707744176,0.1572872350547225,-38.91126023844857,,0.23166427251889388,7.615838760080885,16.988378377440732,0.9297539,0.26953125,188
11264500,persistence,zero_shot,CAMELS-US,0.9777532488171545,0.9781464617773397,74.18390711244031,29.1196808612093,-1.2903002064505433,0.0033477459492302214,0.9806827064669347,246.24398469810384,371.01212918178294,0.3872165,0.39157543,188
11266500,persistence,zero_shot,CAMELS-US,0.9823337482527178,0.9708856288900285,113.0418158367052,43.920212765957444,-0.25957093753703925,0.0007959977824427214,0.9718725705006044,390.7172890978847,632.8111882702455,0.34245586,0.34610403,188
11274500,persistence,zero_shot,CAMELS-US,0.8022384131960575,0.5126818882564528,0.9163904350319397,0.08902857238692896,24.152290433609053,,0.5126900079954944,4.03955580817438,8.492643875731515,1.1322626,1.2649736,175
11274630,persistence,zero_shot,CAMELS-US,0.42782885471928045,0.5364415100889246,1.1628000344992304,0.1675977656648978,10.540571958026336,,0.5465261732905984,5.1734364434213065,10.542532885977112,0.8357973,0.9517101,179
11284400,persistence,zero_shot,CAMELS-US,0.024227034058826757,0.3568252777158146,11.790400175917803,1.8854255292941122,-34.08716724402485,,0.5168313157458269,51.10841420603836,88.0111357192404,1.4846203,1.2675824,188
11299600,persistence,zero_shot,CAMELS-US,-0.0020167945816491617,0.316508674315627,14.465203093293288,2.139202131434007,-15.606205083561003,,0.7129778452011641,62.566911462217924,128.87590930814028,1.5150357,1.4595172,188
11381500,persistence,zero_shot,CAMELS-US,0.6129437749656799,0.7244720053786124,144.31479701783138,38.962765957446805,3.289893805728341,-0.0007698050787920963,0.7576902791766638,606.6711629870008,185.60711193270586,0.39450344,0.44577762,188
11383500,persistence,zero_shot,CAMELS-US,0.7519583395215603,0.7621264162860761,136.01403854499242,29.587912087912088,3.3905979491277134,-0.0006000796150357514,0.7748027853025891,568.9481522950927,148.66068747318505,0.47710747,0.49623886,182
11451100,persistence,zero_shot,CAMELS-US,0.6046971550041584,0.6671332743692053,94.5802531684254,21.261170227486797,9.474406819592238,-0.002425534280525013,0.6864337202269515,400.4427549600567,324.1265185078197,1.127004,1.1476465,188
11468500,persistence,zero_shot,CAMELS-US,0.7618606709302551,0.8080200780606033,146.67714193609103,29.32793295916232,-7.663585055740808,-0.002195337540549687,0.8514982809113616,647.3855111137412,808.0841540334769,1.1682307,1.0356777,179
11473900,persistence,zero_shot,CAMELS-US,0.37692748043739166,0.699740102135787,1570.0424722220075,318.8446927317028,3.1908369846082065,-0.0037864098525756534,0.9251072393214705,6905.719851446818,8274.049794387269,0.93610173,0.8915923,179
11475560,persistence,zero_shot,CAMELS-US,0.8320126135957195,0.906622991729354,16.02856938900664,4.103670211707024,-3.4306493195154752,5.954510148842296e-10,0.9598654767879338,63.62782410235321,44.77722635447622,0.9770378,0.89417607,188
11476600,persistence,zero_shot,CAMELS-US,0.9503363850678568,0.8990839819106697,48.2415155932083,9.995965916324746,-3.2918073550988436,0.0035003910349013095,0.9000834735835737,210.3903778957372,78.10249675906654,1.1172922,0.9886441,176
11478500,persistence,zero_shot,CAMELS-US,0.7625417750421678,0.8791509049446464,751.2524463868662,171.18202246976702,1.670380383958884,-0.0006625479022921293,0.9660835298606849,3292.8761491032933,2790.492788021499,1.1869948,1.1042157,178
11480390,persistence,zero_shot,CAMELS-US,0.7270883643649362,0.8574142049471539,186.52605465421448,40.04368715077722,1.6515877112485993,0.0015154672901412647,0.9689406013945944,809.2385996176351,1467.4401180286711,1.0997554,1.0113217,179
11481200,persistence,zero_shot,CAMELS-US,0.585229436289312,0.641685566313586,132.46274256043478,36.251666674349046,17.761942964583156,-0.0006248268849313732,0.6649991014540504,476.70990479885495,656.8485365744526,1.0255352,1.0842422,180
11482500,persistence,zero_shot,CAMELS-US,0.8642261455314361,0.9166779661039293,552.8075335611976,148.08379888800934,1.2492543741892879,-0.004111643817746188,0.9543476072339372,2340.170933927691,4106.00779346557,0.9025963,0.7998978,179
11522500,persistence,zero_shot,CAMELS-US,0.8768996757038808,0.9330693288735381,665.8027909095746,229.99468085106383,0.36823696452689053,-0.0013254010823823686,0.9682569537890925,2464.678396870472,1164.0661493231387,0.56314474,0.54260015,188
11523200,persistence,zero_shot,CAMELS-US,0.8414728095650645,0.8998523100699598,173.9349960679071,46.48,2.317757009345794,0.0024634390780360407,0.9301072980146681,729.2233311315996,1016.6857921698326,0.53541017,0.5180652,175
11528700,persistence,zero_shot,CAMELS-US,0.833563416866876,0.9054918014845206,550.1929690494867,142.45212765957447,-1.2853759383404921,0.0002509235725925013,0.9595130263334628,1994.6505959691285,1200.5207203542968,0.73164463,0.6394749,188
11532500,persistence,zero_shot,CAMELS-US,0.7326801806752286,0.6782463621564172,3426.429669626808,903.8314606741573,15.487135459004266,-0.0010784633081173806,0.6863365396263932,14488.501187723548,7783.315488916019,0.97311276,1.0324146,178
12010000,persistence,zero_shot,CAMELS-US,0.6380624663740531,0.8177147743250442,299.87910684708305,123.17021276595744,0.40451106644990337,-0.0005702558553372719,0.982772431582096,1143.5669197733905,1632.1764610482533,0.7306161,0.768254,188
12013500,persistence,zero_shot,CAMELS-US,0.6058004530038936,0.8059751508384324,554.068922578899,198.69354838709677,2.157303749378754,0.0027334308084541875,0.9526506442837412,2169.0320421791835,3860.4662930791146,0.8033324,0.8214869,186
12020000,persistence,zero_shot,CAMELS-US,0.585961759949923,0.7959649703516916,455.41575593372716,166.5752688172043,0.840924285475514,0.0033056432529831106,0.9769265954631331,1838.7692894977336,2850.8595195133694,0.8136909,0.8067604,186
12025000,persistence,zero_shot,CAMELS-US,0.758972226842381,0.8594039084149805,288.84848417208394,143.4787234042553,4.236713008744886,-0.0010207278333640574,0.9094431330008269,832.5803264550515,1029.9757278693512,0.6719989,0.739183,188
12025700,persistence,zero_shot,CAMELS-US,0.6687073281418219,0.789268045697337,142.09846376458586,60.12234042553192,5.668634762792625,0.0029966060955214507,0.8345530668764022,498.43354622256317,643.2728814430156,0.6992179,0.79740226,188
12035000,persistence,zero_shot,CAMELS-US,0.6694928407014239,0.8350800505215642,1205.0385378317053,472.9095744680851,1.7298207887246126,0.0025214372216152137,0.9454889615515022,4635.421232207489,7681.096926871838,0.55023307,0.62449414,188
12040500,persistence,zero_shot,CAMELS-US,0.5723689944382138,0.7126475949675422,2598.9160885193724,1117.7472527472528,0.23619563023872528,-0.0010005214400296975,0.8302624637398761,9487.314688572314,19320.882485021226,0.6027508,0.56979567,182
12041200,persistence,zero_shot,CAMELS-US,0.5105295762945691,0.6960704158982527,1214.1939373849705,523.0604395604396,0.345554630598068,0.0011020498233598533,0.8582310860534998,4456.396627321226,8202.249691395647,0.47804174,0.45382866,182
12043000,persistence,zero_shot,CAMELS-US,0.4528372313039478,0.6836851352718318,907.3183922381476,326.73936170212767,1.0801166233269168,-0.0032715236321876756,0.89400672431654,3634.034947547973,6310.697267339006,0.6977531,0.6989838,188
12048000,persistence,zero_shot,CAMELS-US,0.862066160322916,0.9307039709563856,99.01558011940838,46.61702127659574,0.9091145224551287,0.0023697196153780395,0.9891821946092251,239.27620023729898,299.06799672761156,0.334697,0.3446807,188
12054000,persistence,zero_shot,CAMELS-US,0.7058220997174411,0.8264972234688304,189.80109969862795,83.61702127659575,2.365885139283969,-0.0019364383682877288,0.8791051631173663,683.6129021602795,627.6639228122006,0.45623487,0.5119416,188
12056500,persistence,zero_shot,CAMELS-US,0.5822729097588499,0.792850107857533,349.9254528905338,128.88709677419354,2.4634235371881257,0.00019581994024517324,0.9197849628133979,1386.6722756296817,2022.992832414391,0.53632,0.55446756,186
12073500,persistence,zero_shot,CAMELS-US,0.7561570300570489,0.8732166614176127,3.622176680077751,1.3043715784458514,2.0027703886572437,0.0014096994764355338,0.9450073832486119,13.368891978293217,24.78911051248108,0.32384852,0.37922254,183
12082500,persistence,zero_shot,CAMELS-US,0.8192873701184658,0.8790415545285956,172.84548012603628,104.12,1.61640547028835,0.0026502819796541312,0.9076678871322009,442.944691807002,528.8667128870941,0.33489332,0.34624293,175
12092000,persistence,zero_shot,CAMELS-US,0.743796219080205,0.8642567437028614,135.07172697708216,72.38285714285715,0.6272339671317585,0.0016288370697677065,0.9669999139995256,440.59114330131007,842.3446444300575,0.31955454,0.3037556,175
12095000,persistence,zero_shot,CAMELS-US,0.7935870075620243,0.8770929023244124,91.10957438960268,48.88636363636363,3.524593935489808,0.005842660407373877,0.9193887757151034,307.71433361335494,420.260038547564,0.5259053,0.54962444,176
12114500,persistence,zero_shot,CAMELS-US,0.9020829477599599,0.9212330613917539,47.44834817652614,25.122340425531913,3.3257724374693476,0.001997955367832715,0.9346838554981814,106.46032124693218,77.02596964660685,0.4380211,0.47017118,188
12115000,persistence,zero_shot,CAMELS-US,0.8748177636783876,0.9128526642251126,79.83370348897736,42.101063829787236,3.5252992060670696,0.0013835514073068447,0.9338967895460821,258.99596346450863,260.76809620810593,0.44906583,0.48230603,188
12115500,persistence,zero_shot,CAMELS-US,0.735300280384869,0.8254146741342093,45.696572103976266,22.827659573960812,5.480327462266651,0.0002601134451936937,0.8636923200280562,112.87692412534992,70.2922470831599,0.5675015,0.62599885,188
12117000,persistence,zero_shot,CAMELS-US,0.8460569165936078,0.9061505884943328,24.72670289516121,12.907103825136613,3.3776176536816034,0.0007779106830050272,0.9379450494162226,77.06555650872833,71.8679344353238,0.33247018,0.35373557,183
12141300,persistence,zero_shot,CAMELS-US,0.7357341756648974,0.8491576779147139,483.6379596119949,276.0335195530726,4.541294637775521,0.0008072576162179226,0.9048313674715281,818.121153755495,233.23807579381202,0.51486826,0.54531515,179
12143600,persistence,zero_shot,CAMELS-US,0.7947490874233566,0.8469613399188757,160.8070900575157,85.88829787234043,4.978531375816477,0.0018093627955190102,0.8719620290876875,405.1587343252025,489.2524910513998,0.47522897,0.5202419,188
12144000,persistence,zero_shot,CAMELS-US,0.8139409124624468,0.8705616883804941,160.7064358096411,87.94148936170212,3.7649280781410965,0.0038624474798555145,0.897675496871441,417.44748172674366,578.8350369492158,0.387138,0.4239541,188
12145500,persistence,zero_shot,CAMELS-US,0.6749080593699965,0.8176346493179476,76.15048162057391,41.33297872543335,5.297906347054529,-0.0005383928731710896,0.8845887327039665,208.3348266613146,86.64871608973787,0.66394925,0.73487294,188
12147500,persistence,zero_shot,CAMELS-US,0.2114056897762535,0.5358951474532627,229.78928830839047,105.03191489361703,8.62205532901106,0.00043496618769679404,0.5893636898632835,714.9852446029918,247.48737341529164,0.46808168,0.593853,188
12147600,persistence,zero_shot,CAMELS-US,-0.3689813354797191,0.35565514386362385,67.03370143458481,27.994680853600197,13.59975247304256,-0.0064940788680910855,0.45973986562319524,143.98506867033123,230.78669805688543,0.7707924,0.9113944,188
12167000,persistence,zero_shot,CAMELS-US,0.3753195952755364,0.6780303814162467,1207.050753397137,537.6382978723404,5.414579191131734,-0.00013629404347421242,0.7832518695724995,4320.449467358691,5568.204378432961,0.49341953,0.5912343,188
12175500,persistence,zero_shot,CAMELS-US,0.7804015356221744,0.8638949923468934,241.52599965767308,113.48936170212765,2.6567291642405184,0.001918433864039483,0.9031703446280954,391.54820903689495,569.2538976590323,0.38212803,0.3990335,188
12178100,persistence,zero_shot,CAMELS-US,0.7444048258468028,0.8455775589658276,73.37621650736817,35.015957446808514,1.9158129296991766,-0.004270009835733193,0.8860294672288896,251.5378699122659,302.900148563846,0.4364249,0.44237947,188
12186000,persistence,zero_shot,CAMELS-US,0.596210510915244,0.703481494409611,574.2246483811981,228.0212765957447,4.365333045521341,0.0018280405183229327,0.7231548342529988,2145.7399656062707,3635.7163439043666,0.42378932,0.47291717,188
12189500,persistence,zero_shot,CAMELS-US,0.7321565321875301,0.8026589397145332,1573.8090821868811,744.5163043478261,3.181066615588184,0.0014666608612703934,0.8243249246930561,5521.644682519874,10615.08360777248,0.34838828,0.3664706,184
12358500,persistence,zero_shot,CAMELS-US,0.9691845101398295,0.9287522075648703,836.8721151662643,386.16,3.4857750962561718,0.0010322431576158392,0.9297974566430162,2241.1441882947365,3401.47027033899,0.3156639,0.31555882,175
12374250,persistence,zero_shot,CAMELS-US,0.9240454159464561,0.9478569879374968,5.771781487278392,1.917032962316995,1.5558019714754865,-0.0008357476021478918,0.9609664102099441,19.939909728983228,23.021728866442675,0.41988173,0.4492922,182
12375900,persistence,zero_shot,CAMELS-US,0.9702581630400663,0.9162740381763239,5.607554092799094,2.2241572905122564,3.1753806098709334,0.001360254291015467,0.9169188553579362,18.02159198788436,27.101660465735304,0.24568203,0.22367173,178
12377150,persistence,zero_shot,CAMELS-US,0.8742040391416255,0.932567038195433,28.465855316478923,8.720540531261546,1.3814464704747627,0.0,0.9773861289113602,108.0499884312812,225.80079716422614,0.34079662,0.27346715,185
12381400,persistence,zero_shot,CAMELS-US,0.9820522362977873,0.9344441910914927,15.941145131798308,6.886486486486486,2.8918374290847626,0.0014784898233161266,0.9347722782671605,49.717200242974265,46.17358552246078,0.24953547,0.25499797,185
12383500,persistence,zero_shot,CAMELS-US,0.9802524994872255,0.9861923649542881,1.2764436880348864,0.5367021180213766,-0.4831388736302401,-0.0028881872667977197,0.9900739006267889,3.449637662132068,4.795831523312719,0.15728855,0.15746371,188
12388400,persistence,zero_shot,CAMELS-US,0.9382402920228561,0.9303718041580797,8.319155672433332,2.2952127684938146,-2.2748486964650145,7.585233902231842e-05,0.937514291278691,33.02891295379082,56.73182528352142,0.3972051,0.3619965,188
12390700,persistence,zero_shot,CAMELS-US,0.9338531708561734,0.9664935298418589,77.11952058036574,27.84090909090909,-0.03592276605298608,-0.0019290258112720504,0.9900731246675918,305.4608540113337,226.38462845343543,0.3202739,0.29487467,176
12411000,persistence,zero_shot,CAMELS-US,0.8758605515360388,0.9053164394821107,415.337327656305,136.45744680851064,-2.8423495804320655,-0.0001906083433870498,0.9271620039872401,1668.004796156174,2563.298656028985,0.51380825,0.5139329,188
12414500,persistence,zero_shot,CAMELS-US,0.923559580094204,0.9605324752661428,879.4082814779009,332.8510638297872,-0.4170532210977862,-0.00016248312549652089,0.9874270058524603,3396.3436221913707,5544.479236141118,0.373935,0.36619344,188
12447390,persistence,zero_shot,CAMELS-US,0.985083805876236,0.9842679167405589,8.13040000433953,3.653191478962594,1.037659874138167,-0.001409697443481607,0.9860871281630007,25.60894730007819,17.67766952966369,0.37294418,0.37533677,188
12451000,persistence,zero_shot,CAMELS-US,0.9669348395559321,0.9791856936408407,308.0595795385278,165.95454545454547,1.0479403384592034,0.0011836236056633684,0.9872251023737538,595.3896949804295,819.1764156761351,0.33253652,0.33952346,176
12488500,persistence,zero_shot,CAMELS-US,0.9650162092126208,0.9802941252082175,47.359253965515684,24.143617021276597,0.7340708700715355,0.00132735220176948,0.9904933114458729,134.91589973016522,75.16648189186454,0.35052404,0.33694598,188
13011500,persistence,zero_shot,CAMELS-US,0.973420432703468,0.9199425922104427,80.12666169817395,29.52659574468085,4.155230984780147,-0.0012497866222439084,0.9204872215299463,225.16660498395404,96.17692030835673,0.37272325,0.37876832,188
13011900,persistence,zero_shot,CAMELS-US,0.9858603502783393,0.9604625156197861,108.40006673468936,47.638297872340424,2.2219862269530197,0.0006145458774040116,0.9609379058198817,213.68200672962615,355.31676008879737,0.2781649,0.29296827,188
13018300,persistence,zero_shot,CAMELS-US,0.9941424278758402,0.972296614325384,1.3999613845315964,0.5913513299581167,0.8844665829337804,0.0005664277177296513,0.9723724410908032,4.8373546489791295,6.4031242374328485,0.19992632,0.1990137,185
13023000,persistence,zero_shot,CAMELS-US,0.9888168070518696,0.9728904961797387,81.02216008927381,37.601063829787236,0.7693073172225326,0.0005414331220086332,0.973356663097056,134.29952954632282,145.7737973711325,0.18408261,0.18536638,188
13083000,persistence,zero_shot,CAMELS-US,0.9463987180950956,0.9714421960712295,1.2979935398832203,0.4808510618006929,-1.0412362534619508,0.0,0.9889932029146495,4.047791420591652,1.5811388300841898,0.11982481,0.1063883,188
13161500,persistence,zero_shot,CAMELS-US,0.9853621449735542,0.9722957292906539,11.885012138170826,4.852972982380841,0.9721776841096234,0.0020906930753621725,0.9731024802438026,43.40276488888698,23.926972228010797,0.2795462,0.26154885,185
13235000,persistence,zero_shot,CAMELS-US,0.9568521081713359,0.9299566865970103,188.66521626889053,76.14893617021276,1.6675951267953593,0.0003091308884889711,0.9318571422463303,651.0837119756568,577.2347875864725,0.25101122,0.25679266,188
13240000,persistence,zero_shot,CAMELS-US,0.9458314535191851,0.9346997706179166,51.06941458821492,17.670212765957448,3.2879988043640713,0.0026852566206926817,0.9391430855883296,124.0150284148146,208.18381301148273,0.42026603,0.4371292,188
13310700,persistence,zero_shot,CAMELS-US,0.9464253387922722,0.9229263816102835,174.9557542850386,66.94148936170212,2.3771458524439786,-0.00207441357855807,0.9255124195029328,603.431851993247,1161.1416795550833,0.3279518,0.33731845,188
13313000,persistence,zero_shot,CAMELS-US,0.9698324079246632,0.9503241758310706,105.00992860859863,38.159574468085104,2.3448602558029368,0.0,0.9521139573306596,390.281949364815,337.71289581536564,0.32049054,0.3385919,188
13331500,persistence,zero_shot,CAMELS-US,0.9553468892550242,0.9418178699951052,126.64466960920832,56.52127659574468,1.7499539200485736,6.419062278281013e-05,0.9450576171483341,427.948595043844,566.1271941887264,0.37192485,0.37096277,188
13337000,persistence,zero_shot,CAMELS-US,0.9661797208258067,0.957693906869586,740.092442782411,331.6988636363636,1.7148600338715705,0.004634524019423061,0.9606261115800518,2457.4150827422072,1772.004514666935,0.3183856,0.31392503,176
13338500,persistence,zero_shot,CAMELS-US,0.9680951882318243,0.9496672063387939,207.86532823164873,94.5372340425532,0.8569139139378573,0.0011608872002924486,0.951438957066329,674.2403132415029,797.1198153351853,0.3172794,0.32099894,188
13340000,persistence,zero_shot,CAMELS-US,0.9627971313477433,0.9466052574885381,2204.171335580731,1070.8510638297873,1.1609021868423461,-0.002936068341572399,0.9491385740516939,7138.627319029899,5580.770556114989,0.32210174,0.315087,188
13340600,persistence,zero_shot,CAMELS-US,0.9676593592156217,0.9650393335740175,749.0233944641151,363.95454545454544,1.266280805965432,0.0008005414065120758,0.9684332832500152,2317.3260452512936,3848.3762809787713,0.28264913,0.28908738,176
14020000,persistence,zero_shot,CAMELS-US,0.7802718568840011,0.7881295423538885,167.24540829495044,45.409574468085104,-3.308120511621978,0.002432752462448562,0.8050877556287995,686.6928716682589,1481.041694213907,0.5792292,0.5156782,188
14092750,persistence,zero_shot,CAMELS-US,0.4748088773734984,0.5541141234951477,44.74942864033421,11.079545454545455,6.254071661237785,0.00029489113485527824,0.565778180415691,191.86598332053433,55.57877292636101,0.36039087,0.42630288,176
14096850,persistence,zero_shot,CAMELS-US,0.8807839724003249,0.8951323432287195,32.29524662462658,6.982954545454546,-0.7994719084641337,0.001502937610283998,0.9142588587978107,140.2129333074045,279.8115437218415,0.34861377,0.32,176
14137000,persistence,zero_shot,CAMELS-US,0.36429024667210774,0.6602054114324163,888.5427323239865,317.1283422459893,0.9597910040890504,-0.0021103365134978527,0.7396242127324694,3403.3689191740586,3057.785146147453,0.509579,0.52256286,187
14138800,persistence,zero_shot,CAMELS-US,0.45318504269985516,0.6492152937972897,55.284841591424836,23.484408613174192,8.928355928034383,0.0018750122338814443,0.6955771660558564,139.7676643576761,139.06293539257683,0.92529213,1.0355238,186
14138870,persistence,zero_shot,CAMELS-US,0.5283445339965976,0.6887203203944952,28.020380163993593,12.040909092534672,6.934342285942282,-0.00535222835391869,0.7315668676711722,100.17207417461438,89.02246907382428,0.8385139,0.90649676,176
14138900,persistence,zero_shot,CAMELS-US,0.3611381982388875,0.5558106235547284,64.49885033793436,25.9774011299435,11.927981995498875,-0.0036396476452236932,0.588670901530913,165.298047309835,174.59667808981933,0.74778694,0.85676944,177
14139800,persistence,zero_shot,CAMELS-US,0.4955259768662842,0.6078113827433892,96.21160754785518,39.603932584269664,8.578802961274889,-0.0033021750973415698,0.6302126251115077,367.8582154399527,253.83656159032725,0.78404874,0.8733281,178
14141500,persistence,zero_shot,CAMELS-US,0.6198055784084964,0.8045441850282927,99.82596558138228,46.09574468085106,0.08625646923519265,-0.002356900031596488,0.8999220390895976,320.90948879707497,371.39736132611387,0.76380104,0.7979747,188
14154500,persistence,zero_shot,CAMELS-US,0.6777416844814097,0.7986607388691425,555.6901354133837,209.93085106382978,5.320589476646033,-0.002855301763697103,0.8473273034775425,1958.469810847234,709.365914038728,0.8598938,0.92896086,188
14158500,persistence,zero_shot,CAMELS-US,0.9727733158668499,0.9857398301874803,41.78160034823432,18.670212765957448,-0.22159012219416835,0.0002913775363466778,0.9949175380363855,108.49562203149029,66.70832032063167,0.15915072,0.15158181,188
14158790,persistence,zero_shot,CAMELS-US,0.6505184503060418,0.7326666183608025,84.23742471978113,29.596808524841958,7.5119277302956595,0.004336389201232527,0.7604219185614242,324.4620162669276,164.33045974499066,0.78113365,0.8792371,188
14166500,persistence,zero_shot,CAMELS-US,0.899157835710277,0.9128730837678718,148.08192995341625,47.57446808764275,3.616485882006922,-0.0010164639123489624,0.9253620897182873,573.2041521133635,1056.8348972285123,0.8226966,0.88445485,188
14182500,persistence,zero_shot,CAMELS-US,0.4564980812645999,0.5034518945521311,604.4068408063257,220.24719101123594,13.98805483914755,-0.002324261599541931,0.5143878224779044,2463.5746386095143,1722.9190346618147,0.7599939,0.8923489,178
14185000,persistence,zero_shot,CAMELS-US,0.6121273494173122,0.6834308665869699,676.1574001571188,267.3829787234043,7.279380575234405,-6.368558931259954e-05,0.705403318803576,2523.241962238263,1445.7005222382677,0.7231012,0.8361237,188
14185900,persistence,zero_shot,CAMELS-US,0.4903500627261891,0.6616359384298045,641.200834870244,232.98936170212767,9.834854994629431,3.985969175932663e-05,0.7052070495514023,2445.0238444645074,1331.8596022103832,0.820623,0.94598436,188
14187000,persistence,zero_shot,CAMELS-US,0.7755255150838246,0.7825782026300369,139.0398492551411,60.05212766819812,5.6993606305021745,0.0017623006108204095,0.7961460370726952,476.32677858797734,285.3944638566067,0.789079,0.86494654,188
14216500,persistence,zero_shot,CAMELS-US,0.8911850439737993,0.939826234091173,258.8933481460768,116.86285714285714,1.2551950231033326,0.0008057736484331224,0.9706788501493583,852.414870301493,1176.6265337820662,0.45114744,0.48473242,175
14222500,persistence,zero_shot,CAMELS-US,0.759217702470171,0.7795223869280121,397.985017893997,183.01063829787233,6.379705192107259,0.002569781238709254,0.7957416923790095,1352.9929785479303,1094.805918873295,0.7137286,0.79456675,188
14236200,persistence,zero_shot,CAMELS-US,0.7960763276860887,0.7938531948764058,351.8427333181176,178.96067415730337,6.586238091199503,0.005083359159920961,0.8059586192802153,1063.1765819676639,1540.9250468468608,0.6396404,0.6984371,178
14301000,persistence,zero_shot,CAMELS-US,0.8769546205291078,0.8777521174939233,1319.2749472204937,527.0113636363636,4.299166497441081,0.004181025093425751,0.8885487276621205,4912.2907080098585,5147.815070493501,0.80611765,0.85813576,176
14303200,persistence,zero_shot,CAMELS-US,0.5709955938295014,0.5277140102135927,18.726183387242806,5.326818172565916,16.11266113335864,0.002715519110316457,0.5328127848086992,78.89726090161672,97.62171889492625,0.85705894,1.0079261,176
14305500,persistence,zero_shot,CAMELS-US,0.6279256715796665,0.7453482975396053,1164.2563328196409,398.28723404255317,6.560555930719926,0.0019493185523168852,0.7843364212347368,4600.534751526175,7718.989571180933,0.7724932,0.87290543,188
14306340,persistence,zero_shot,CAMELS-US,0.6985315121698752,0.6090957632691723,27.776540744660384,8.102247199315704,14.531820373432884,0.0024255381399296144,0.6138535953362019,116.81590929436695,165.8010856418015,1.0426011,1.1495252,178
14306500,persistence,zero_shot,CAMELS-US,0.8341876511962429,0.8330336771960285,879.8674646326848,325.8723404255319,5.145614809627475,0.0025010358427902807,0.8447406283092911,3351.704044213928,2570.9920264364882,0.71444124,0.8106621,188
14308990,persistence,zero_shot,CAMELS-US,0.8822907480229456,0.8452092280554443,51.634533533138395,17.130319143863435,3.122359265635045,-0.0006966520674151072,0.8506396539168906,207.7115788780202,270.8551273282454,0.79191613,0.7538218,188
14309500,persistence,zero_shot,CAMELS-US,0.717424031347742,0.6638237223303274,249.38919127220726,65.24680851621831,10.163255430388597,-0.0051704702130534325,0.6703562798782075,1026.2777889051288,1478.3267568436959,0.9871924,1.0830716,188
14316700,persistence,zero_shot,CAMELS-US,0.6541946663703542,0.7976878539363946,678.4475473226247,260.2659574468085,5.668761643795896,-0.00399365903474963,0.8588751040558744,2312.7612284885786,1720.944508111752,0.81143034,0.92154026,188
14325000,persistence,zero_shot,CAMELS-US,0.7517811347278507,0.7809588470843937,723.8556118512246,230.3404255319149,5.616984982789607,-0.0006395797380556942,0.798381285422141,2871.165268667062,3821.8843519918287,0.9675744,1.0355464,188
14362250,persistence,zero_shot,CAMELS-US,0.9719398187465608,0.9661010871504304,1.27047947217009,0.4011702057509188,1.0989590990222629,0.0007047496700904113,0.9686320993271841,4.714135879650047,4.527692569068709,0.79188246,0.774384,188
14400000,persistence,zero_shot,CAMELS-US,0.7478575496169768,0.7971638818988451,1910.9186662273646,626.6595744680851,6.452240966324662,-0.0012418075976365558,0.8194696850455515,7459.3344207107375,1320.9844813622906,0.91572326,0.9426252,188
