basin_id,model,mode,dataset,NSE,KGE,RMSE,MAE,PBIAS,FDC_slope_error,FDC_KGE,tail_RMSE_95,tail_RMSE_99,RB_flashiness_obs,RB_flashiness_sim,n_predictions
10100000,persistence,zero_shot,CAMELS-BR,0.9988790314760297,0.9993747110533777,514.1458209690719,378.2428463855422,0.01451333582389201,0.00018817663630015663,0.9996633495844278,158.7421263977461,32.032489614923406,0.06045951321721077,0.06045530363917351,166
10200000,persistence,zero_shot,CAMELS-BR,0.9783338544014618,0.987273611832132,61.26523473934593,29.97949011572476,-0.46744165940852817,-0.0029723937144805097,0.993329633307557,18.870787454539716,18.963779982404585,0.2129225730895996,0.21819588541984558,174
10300000,persistence,zero_shot,CAMELS-BR,0.9972197760514563,0.9984251859775877,36.2978973269603,25.894384462539463,-0.07149052205895556,-0.002374640628015179,0.999164183567498,12.088182954694274,12.500507165633715,0.12315208464860916,0.12629668414592743,146
10500000,persistence,zero_shot,CAMELS-BR,0.9972698319974953,0.9979660755107169,79.46762314676855,44.19363135622259,0.13742047713315927,-0.0013586831309819157,0.9984712683229298,18.63623214324858,15.318527942543707,0.10419902205467224,0.10616793483495712,171
10800000,persistence,zero_shot,CAMELS-BR,0.9926806755134384,0.9940651299920412,40.835372505246575,20.48352943869198,0.4071997490535068,7.06383808891757e-05,0.9952949998650553,8.532291603080617,4.123105625617661,0.1424703299999237,0.14107312262058258,170
10900000,persistence,zero_shot,CAMELS-BR,0.9969678811493249,0.9984030682166031,24.043538721533913,16.594736824258725,0.005236739447110398,0.0011253214290109122,0.9994233988151099,13.387390418682134,6.708203932499369,0.10579442232847214,0.10474158078432083,171
10910000,persistence,zero_shot,CAMELS-BR,0.9948815857106041,0.9958729205497954,74.40555484525528,49.805592719544755,-0.23001881036149052,-0.0001049586266464557,0.996730547811338,48.98268246885781,87.7051259860367,0.16823461651802063,0.1729833334684372,188
11200000,persistence,zero_shot,CAMELS-BR,0.9983771456570345,0.998113741654806,671.5698853430561,423.9148163377193,0.0005681588513751185,0.0005206862239849116,0.9982873740047512,329.0563959923939,420.06579470495274,0.06712280958890915,0.0658935159444809,171
11400000,persistence,zero_shot,CAMELS-BR,0.9988525644407285,0.9983990237890829,592.7131524808491,405.46946683843083,0.023634908188200007,0.0001501349568770547,0.9984973220826705,162.66060028854704,232.8453463616261,0.05453423783183098,0.05360652506351471,188
11444900,persistence,zero_shot,CAMELS-BR,0.9960809782783203,0.9973711620455354,134.8164655298057,96.74342346191406,-0.004080065412618177,0.0002520499399533381,0.9981865319790488,40.75603337001454,32.65716835446382,0.09018146991729736,0.08989810198545456,184
11450000,persistence,zero_shot,CAMELS-BR,0.9959241450382396,0.9978932722976739,163.03822984555785,125.84049987792969,0.0315304635554177,-0.0006330889101691523,0.9993428893105852,49.87576318750221,84.38140461950402,0.09995640814304352,0.09728220850229263,176
11500000,persistence,zero_shot,CAMELS-BR,0.9989785398294304,0.9994388441453709,692.6834355970066,516.7912493766622,0.003657744518892539,-7.571553024882972e-05,0.9997235838479903,285.2367856949279,193.46994763008112,0.05578179657459259,0.055885106325149536,188
12100000,persistence,zero_shot,CAMELS-BR,0.9970750162815569,0.998513901124436,27.101399265045504,18.757076147830848,-0.014074466390062407,0.0005803791710071622,0.9995227115006549,23.72680505695601,8.110262626054675,0.11998767405748367,0.12138915061950684,132
12150000,persistence,zero_shot,CAMELS-BR,0.9826293176860741,0.9908394263424597,75.45562805237961,24.270566927332457,-0.1786898550341228,-0.0023640291630587507,0.997081896990414,14.738586510139111,23.470548371964043,0.12472207099199295,0.12928098440170288,147
12180000,persistence,zero_shot,CAMELS-BR,0.9979803625848104,0.9973765365365437,9.08937044859907,5.959682404048859,0.08120146344572118,-0.0002642174946738546,0.9975471282107377,3.2293547975527135,4.745208333080787,0.06860531866550446,0.06675724685192108,126
12200000,persistence,zero_shot,CAMELS-BR,0.9805737479743039,0.9865989063618051,127.86981750768678,39.82175682686471,-0.9291147721666825,-0.00046840918719823904,0.9906268264672682,23.136559198432533,33.67220353543765,0.0989777147769928,0.09811721742153168,148
12210000,persistence,zero_shot,CAMELS-BR,0.9972604120541815,0.9980256306809863,44.862072818615616,25.908799315528046,0.13831733739774202,-0.0001733186444872123,0.9985421175335493,13.985309973877728,14.566743999046057,0.09291651099920273,0.09224611520767212,139
12240000,persistence,zero_shot,CAMELS-BR,0.9993048732305226,0.9970540236696916,30.709550095357162,24.02590995303468,0.15167729625694956,-3.7580801487045734e-05,0.9970707186094793,20.207798691031734,5.289144912596055,0.06595023721456528,0.0657014399766922,173
12360000,persistence,zero_shot,CAMELS-BR,0.8502596204644026,0.9198986187145788,112.68395470775576,49.82875287676432,1.593847778816058,0.007382691359709176,0.9735828857405929,286.51640028539964,212.5457302747246,0.8229181170463562,0.8034679889678955,166
12370000,persistence,zero_shot,CAMELS-BR,0.8790118272374251,0.9380552322759674,163.1369091641515,73.7918890953064,-1.2889096011202192,0.0022400659935629744,0.9834766831371842,238.36189718210025,134.12377021411072,0.5735995769500732,0.5838747620582581,165
12390000,persistence,zero_shot,CAMELS-BR,0.9420686147611418,0.9493573983501906,177.06435449607568,90.98473159939635,-3.1315638360017193,-0.000837151051261302,0.9584248143345449,427.78905971809235,151.67526922007144,0.549694299697876,0.513556957244873,153
12400000,persistence,zero_shot,CAMELS-BR,0.8621434612856614,0.9017099724721482,11.077571188510799,5.295469081763065,-1.8654413102782434,-0.00261182052235627,0.9318865886258404,34.589798413253106,33.860364184837536,0.6092085838317871,0.593552827835083,165
12420000,persistence,zero_shot,CAMELS-BR,0.9767843721312962,0.986190562471866,13.65087773037862,9.364891239574977,-0.48322052353018125,-0.0036353465671336085,0.9924771787572432,7.894126208175539,7.8562917615514385,0.30965861678123474,0.3466551601886749,168
12500000,persistence,zero_shot,CAMELS-BR,0.9855585689975738,0.991503591478155,112.61633458279599,62.155700440102436,0.25094753417008786,0.0010763196023728522,0.9951797510562069,179.46963662330876,228.73997466059527,0.3045796751976013,0.3038642406463623,188
12500900,persistence,zero_shot,CAMELS-BR,0.48693446483602487,0.6956845851770939,18.5930498153145,12.5542847769601,-0.9873373193337608,,,29.43000030517578,29.43000030517578,0.20842356979846954,0.24034325778484344,7
12510000,persistence,zero_shot,CAMELS-BR,0.7227399754292066,0.8541696478774035,59.215751753844785,30.34345619056536,-4.496710454385206,-0.010302806288560201,0.9539378722560029,137.82847717115948,219.32042915875093,0.6612074971199036,0.6714271306991577,138
12510500,persistence,zero_shot,CAMELS-BR,0.7139278806210951,0.7731923160254902,63.3517473897616,29.254060792045358,-7.855821968159462,0.0009879203180389873,0.8324518791828555,203.58506528425792,58.96499215471347,0.8834013938903809,0.8010050654411316,163
12520000,persistence,zero_shot,CAMELS-BR,0.9977148071668497,0.997359146767479,56.626925593661014,37.981670308557355,0.2158384748823605,-0.0008378035718644844,0.9975900300579199,26.202723424654092,38.41677295198791,0.15412798523902893,0.15010342001914978,161
12530000,persistence,zero_shot,CAMELS-BR,0.8170999746894964,0.8785859660010907,29.253939777406984,12.142821752537063,-2.5930984029716977,0.000560143830891556,0.9246356360716428,94.13603774804375,141.8281517400504,0.6203800439834595,0.5966834425926208,171
12540000,persistence,zero_shot,CAMELS-BR,0.9243630378759091,0.9534697418945185,53.48621728171775,30.213626348844137,-1.7322859542035318,-0.0027758089489389876,0.9733265376962332,95.02826382177389,54.5067613235697,0.4314956068992615,0.4458279311656952,186
12550000,persistence,zero_shot,CAMELS-BR,0.9978983900943484,0.9906475376730193,58.30822191710186,29.942688972719253,0.8939613397623003,-0.000917343582484173,0.9906539688100888,25.88385872665095,35.419921875,0.07024793326854706,0.06928516924381256,31
12560000,persistence,zero_shot,CAMELS-BR,0.8998011227320111,0.9098180690961032,41.96486135798987,24.28768750247748,1.9071745611681639,-0.0007675762332160427,0.9206549775601374,114.82733706757398,105.43598386493314,0.4967259466648102,0.5403282642364502,184
12590000,persistence,zero_shot,CAMELS-BR,0.8961993296256875,0.9470951014542142,126.28595250739204,57.08607463609604,-1.0162020420236244,0.0009473656236278077,0.987182333039027,266.478920640745,93.91659697104514,0.5128127336502075,0.5223349332809448,168
12600001,persistence,zero_shot,CAMELS-BR,0.8094855251757547,0.8999136704694225,183.70763281618045,77.20364250092817,-2.054651149625713,0.002738465504498938,0.9735133399659981,509.9223292463363,343.1155167348451,0.6034134030342102,0.649380624294281,169
12640000,persistence,zero_shot,CAMELS-BR,0.9277507291446269,0.9392792879816046,108.13728267955644,52.91327065983038,2.597946736277996,3.6392513221183975e-05,0.9491660178078299,271.902487744062,78.04982005802268,0.6463346481323242,0.673717737197876,174
12650000,persistence,zero_shot,CAMELS-BR,0.962998491585354,0.9794734955128406,102.78909154267562,49.03520834241595,-0.09595155338747745,-0.0007753857587480609,0.9908985930711426,190.02870338893078,205.86415845818314,0.4835613965988159,0.45802542567253113,175
12680000,persistence,zero_shot,CAMELS-BR,0.9838423841245312,0.9886269231495254,167.895894364177,83.86155892567463,0.0652807183577976,-0.001886114988184917,0.9920072428259628,215.59625562829254,104.95420529546573,0.3268013000488281,0.31507888436317444,166
12700000,persistence,zero_shot,CAMELS-BR,0.999103152982135,0.9971133111212567,97.53859102289603,63.519206534186715,0.20435904550358763,0.00010165275051832873,0.9971413902347283,78.48572386518846,97.60735075787257,0.10910153388977051,0.1089928150177002,139
12840000,persistence,zero_shot,CAMELS-BR,0.9983780711186113,0.9966570523041588,131.98768372366715,58.00993516710069,0.057298547298908944,-0.0006563409631435077,0.9967398888689923,183.37751418925987,29.345583012441377,0.07591094821691513,0.07516235113143921,144
12845000,persistence,zero_shot,CAMELS-BR,0.9957064256350628,0.9949831720001487,409.56388057498424,295.16224588373655,-0.2876211595352629,-0.0005932485553720203,0.9954356627630221,424.3458290701476,237.44562848168346,0.11608726531267166,0.11426959186792374,186
12850000,persistence,zero_shot,CAMELS-BR,0.9983170993416045,0.99904669016521,177.95851304402655,141.46106995927528,0.043524761342990895,-0.0001245593019164569,0.9994676076311322,134.00562674964277,75.08188707212709,0.06356135755777359,0.06318461149930954,188
12870000,persistence,zero_shot,CAMELS-BR,0.9982545184242562,0.9942085350513472,59.65109836997776,31.702244627816338,-0.5017034442725471,-0.00031507535988770097,0.9942683193180717,29.956980150334253,20.396078054371138,0.0905383750796318,0.09169682115316391,175
12875000,persistence,zero_shot,CAMELS-BR,0.9901614329337115,0.9901184546871776,15.249233673700772,8.39304312001104,0.4167222640198365,0.0017029359806241887,0.9913681693992651,37.063009411901064,59.73692325521963,0.2401159703731537,0.22794218361377716,115
12880000,persistence,zero_shot,CAMELS-BR,0.9969563353094514,0.9974602734690696,15.93993019355695,10.025813696519384,-0.12301607550792899,-0.00018384626262235929,0.9978374180281288,40.167101704294055,51.42081696678911,0.11438220739364624,0.1154211089015007,159
13100000,persistence,zero_shot,CAMELS-BR,0.9970347122859919,0.9970313949897807,8.439319308860057,4.746691600385919,-0.25733256197472,0.0005898446911742974,0.9974104074658202,8.17506527057202,1.6805097413794041,0.09288907796144485,0.09302862733602524,166
13150000,persistence,zero_shot,CAMELS-BR,0.999526272249724,0.999629670338725,598.5481279137422,474.9803945806962,0.021003403732071418,-0.00046509766511419054,0.9996931395717125,210.74629296858345,160.99689437998487,0.041418854147195816,0.0415462926030159,158
13150003,persistence,zero_shot,CAMELS-BR,0.9995218958166189,0.9994642155718453,623.0805239180397,487.34798748172517,0.034405617028066444,-8.804468359401019e-05,0.9995106716670844,150.60802693673992,64.34671708797582,0.03963160514831543,0.03966504707932472,171
13170000,persistence,zero_shot,CAMELS-BR,0.8183286645952533,0.8972655821771048,250.80900569999835,118.99255316308204,-3.017913407001679,0.0002662069562342981,0.9560542399924362,684.5093863490844,504.03620901677294,0.5574573278427124,0.5787871479988098,188
13175000,persistence,zero_shot,CAMELS-BR,0.8449316925631001,0.8925203946257332,75.99973805299842,43.93223600506042,5.214848102036151,0.008175171015821048,0.9183110443853232,186.5940334880334,162.14962226289643,0.6119022369384766,0.5761677622795105,161
13180000,persistence,zero_shot,CAMELS-BR,0.9536919902778344,0.9726543421338849,208.2324673453244,114.23965698093564,0.17616303757025892,0.0021805146475005754,0.9852364468086312,531.8907414384006,80.92379298554755,0.5119766592979431,0.48760202527046204,154
13200000,persistence,zero_shot,CAMELS-BR,0.9727517689958004,0.9823287616544814,120.51075364454694,71.93488373867301,-1.1050875729098677,-0.0015975384820778316,0.9885807319284419,205.03658210182886,81.68537200747757,0.38158082962036133,0.3679673969745636,172
13300000,persistence,zero_shot,CAMELS-BR,0.9647727475969203,0.9801962414339322,48.384350279201676,27.062891612181794,-0.4891073605119774,-0.00012540220488995585,0.9907976689202604,72.79951536215904,88.75991710108917,0.4433607757091522,0.4139922261238098,148
13310000,persistence,zero_shot,CAMELS-BR,0.9855403207601725,0.9916999132254095,68.4550184050503,36.0796635753807,-0.3479134844911271,-0.0018432215229163967,0.9957835329638548,87.66949444538378,32.23133639493633,0.47388187050819397,0.4661428928375244,174
13400000,persistence,zero_shot,CAMELS-BR,0.9945351083585501,0.9879367500556184,39.75257425745863,25.266779818777312,-0.9552834324275612,0.00010689011729454745,0.9881960130642357,19.86621923433512,12.0,0.29604101181030273,0.28591641783714294,59
13405000,persistence,zero_shot,CAMELS-BR,0.9329230648432593,0.9423545526571939,50.947826933574866,12.960056931851152,4.109066960690081,-0.0016082429365550516,0.9521520415041712,43.09606247938015,55.03887610102726,0.49925845861434937,0.49144455790519714,167
13410000,persistence,zero_shot,CAMELS-BR,0.9863252664944485,0.9918331162728186,187.51652591545832,96.61858418501544,-0.24687362493822096,-0.002624020813376246,0.9952735462136746,274.52618559710817,267.18610738491736,0.40626034140586853,0.39393630623817444,181
13439000,persistence,zero_shot,CAMELS-BR,0.3787622423522716,0.306047791483825,47.34645474357242,21.501289026377954,-34.85565856121344,-0.00012983500169618661,0.3839065919595398,160.25039072157702,234.50999450683594,1.2391217947006226,0.7995811700820923,73
13450000,persistence,zero_shot,CAMELS-BR,0.5796154800972031,0.7916522395313241,121.53988720691545,43.30998400594249,3.650128291115932,-0.008737536150208107,0.9280741404001438,378.0655556492471,397.1095781583283,1.0662258863449097,1.2291152477264404,165
13470000,persistence,zero_shot,CAMELS-BR,0.7682456817651464,0.8752056165306789,101.14575559432333,41.648393323686385,-4.471012439522469,-0.001949744713199239,0.9374965925864289,331.9191932736658,164.65550565967655,0.8068305253982544,0.8467880487442017,180
13490000,persistence,zero_shot,CAMELS-BR,0.8432226919820992,0.9036367432886889,71.71926073541525,29.61700096130371,-3.7197819852319385,0.003975145364105568,0.945098701725294,28.169976179601804,5.96002197265625,0.7557694315910339,0.8142165541648865,40
13540000,persistence,zero_shot,CAMELS-BR,0.8497633744922715,0.9220808267057539,32.383523818219984,12.758471137139855,-1.9496479791290808,-0.0028782272914620183,0.9746935235322026,106.81732246837694,28.52459093062252,0.8752100467681885,0.9201643466949463,123
13550000,persistence,zero_shot,CAMELS-BR,0.9101658454913866,0.9026657398023755,83.03090064435564,42.033542547333106,-5.270031023806906,-0.001963243257930486,0.9134674227077824,250.26248647626818,176.41139249701484,0.596561849117279,0.6230281591415405,178
13568000,persistence,zero_shot,CAMELS-BR,0.9312131143191501,0.8088029082713218,122.54726689990355,46.332905787688034,-7.095705522001169,-0.0014425364400962731,0.809432450710069,455.1406986283723,319.080078125,0.8095407485961914,0.7407086491584778,52
13572000,persistence,zero_shot,CAMELS-BR,0.9858016091886668,0.9886628965868933,5.1174841033779375,2.879752146013715,-0.01905809623145358,-0.001869936875294298,0.9910155059937384,4.818977746045197,7.91480543349526,0.3611038029193878,0.35265052318573,163
13578000,persistence,zero_shot,CAMELS-BR,0.9876610760602912,0.9773902261334526,18.425801654760175,9.366461488008499,-0.7707454946097645,0.00027794964719028703,0.9781231049004588,56.86836047071821,85.79917314302395,0.4448849558830261,0.4431969225406647,175
13580000,persistence,zero_shot,CAMELS-BR,0.9811093960463692,0.9784534099063156,24.62245214284151,12.17169637237953,1.6100120213742544,0.0015162703847832054,0.9804828993816059,58.38662206065551,23.086000652597995,0.34416091442108154,0.34050559997558594,151
13600002,persistence,zero_shot,CAMELS-BR,0.9865547963073914,0.969848372731793,61.31231467192161,38.00758586210363,2.196494339051746,0.0006910910517550287,0.9704698698448019,106.92386502764587,45.974577802409584,0.4068053364753723,0.4235484302043915,170
13650000,persistence,zero_shot,CAMELS-BR,0.9934986467084935,0.9957109699230474,57.440297475743826,31.414397575951725,0.2599766355872243,0.00019967804770699288,0.9970605637093339,72.5871765518095,48.49144729988404,0.2771812975406647,0.2798840403556824,173
13710000,persistence,zero_shot,CAMELS-BR,0.9946424940324775,0.9960418599699994,151.8012768706985,86.02127659574468,0.13790027605687233,-0.0009055458377795547,0.997027661494229,97.2265395866787,38.242646351945886,0.1928296983242035,0.19332949817180634,188
13710001,persistence,zero_shot,CAMELS-BR,0.9670215361008347,0.9805909090371938,384.57208608797504,127.51196856247752,-1.031620683922584,-0.0034954529205923693,0.9896321856757524,174.02350833458962,80.92639927978625,0.2516230642795563,0.24946904182434082,152
13730000,persistence,zero_shot,CAMELS-BR,0.9987682701487108,0.9981133153057187,24.817691372619933,16.199187053897518,0.13156047826374473,0.001520959367891983,0.9981999523680206,24.85385856792232,31.11269837220809,0.11257882416248322,0.11160407215356827,123
13740000,persistence,zero_shot,CAMELS-BR,0.9862414698003115,0.9917921440847582,73.03350675944156,18.50193295112023,-0.24462451116184775,0.0007058461142175412,0.9954578405366661,10.331721712876869,9.144801557066403,0.11115006357431412,0.11426904052495956,156
13750000,persistence,zero_shot,CAMELS-BR,0.9808559423042521,0.9886858266814201,460.41505140349324,119.75269437123494,-0.5389791639588299,0.0019609678995172256,0.9938814522941374,49.82749695872374,45.3222674819627,0.1468261480331421,0.14957155287265778,166
13840000,persistence,zero_shot,CAMELS-BR,0.9990100019585473,0.9974480534603688,5.379324396119149,3.330327839147849,0.2294808425151771,-0.000730228835729093,0.9974885144381158,12.288205727444508,9.513148795220223,0.08906476199626923,0.08964835852384567,122
13840001,persistence,zero_shot,CAMELS-BR,0.998991858617367,0.98914776372236,6.33936386569922,4.0789188565434635,-0.661298180446117,-0.0019008916765516776,0.9891487327803146,7.176350047203662,6.0,0.19230350852012634,0.19459375739097595,74
13845000,persistence,zero_shot,CAMELS-BR,0.9968690080101716,0.9979306850736425,5.960026415472016,3.880851081077089,-0.12011059654600913,0.0015759517578594825,0.9985779433927299,12.83744522870497,10.198039027185569,0.12516900897026062,0.12631936371326447,188
13848000,persistence,zero_shot,CAMELS-BR,0.9987520379430126,0.9976269572650969,12.561999418336521,8.264893633254031,-0.06834246308744196,-0.0005580663616385276,0.9977006910548267,19.352002480363627,32.901367752724205,0.11175332218408585,0.11337033659219742,188
13849000,persistence,zero_shot,CAMELS-BR,0.9986373563052551,0.9937381829538414,17.084208018836275,11.588417862400863,-0.6172637633348725,-0.00010274014333938597,0.993762584281969,8.544735808390275,7.300048828125,0.1225900873541832,0.12690143287181854,66
13850000,persistence,zero_shot,CAMELS-BR,0.9992945053654898,0.9992676539468751,10.459394636890453,7.877659574468085,0.002136265238692036,-0.0003268967008786955,0.9993442275023801,8.573214099741124,2.886751345948129,0.07120884209871292,0.07140669971704483,188
13870000,persistence,zero_shot,CAMELS-BR,0.9995132945212492,0.9985564702079761,91.38207032590813,67.85400455556017,0.14164723439086724,-0.000288817013372987,0.9985732106295498,60.23488968587796,87.02801576148853,0.0839114636182785,0.08409761637449265,188
13880000,persistence,zero_shot,CAMELS-BR,0.9996079792213728,0.9981985917085581,80.68853933735454,60.92874028773907,0.17852334177595602,0.0001216401731654812,0.9982069654105318,26.616073329795856,14.142135623730951,0.07492375373840332,0.07489767670631409,183
13885000,persistence,zero_shot,CAMELS-BR,0.998888843733863,0.9970070895849896,6.478063701691999,4.021365186001392,0.11914522820834357,0.0007898291501512236,0.9970542766056444,7.946125048749306,5.598681938405662,0.1157786026597023,0.11972767114639282,188
13886000,persistence,zero_shot,CAMELS-BR,0.9995258627287075,0.9987750631414589,20.866988231337647,15.871112579995014,-0.1100407699822909,-0.00036981548782060586,0.9987941557543691,17.56822363283093,2.800048828125,0.07635704427957535,0.07650928199291229,188
13900000,persistence,zero_shot,CAMELS-BR,0.9995491883872388,0.9995818187315546,101.36225196022916,78.91836734693878,-0.022957113736666073,-0.00015826570775561224,0.9996158540438892,33.25657829663178,3.0,0.05247580632567406,0.05255218967795372,98
13950000,persistence,zero_shot,CAMELS-BR,0.9996823150123721,0.9989272138565376,90.61846325309727,78.72058823529412,0.08702271799421077,-0.00042113975988628677,0.9989331029353119,49.193495504995376,34.785054261852174,0.05463860183954239,0.054394811391830444,136
13990000,persistence,zero_shot,CAMELS-BR,0.9995705754572093,0.993529574828302,153.38388937986548,119.62293667263455,0.4841072050860343,0.0023966880438087423,0.9935301399252855,24.549855207338677,24.599609375,0.09019457548856735,0.08930956572294235,36
14100000,persistence,zero_shot,CAMELS-BR,0.9995847103234208,0.9991501284017669,725.7371350835834,571.0154464285714,0.05259654051200593,-0.0005091450114637526,0.9991704297943782,157.21393774796886,0.0,0.03705284744501114,0.03684515506029129,175
14110000,persistence,zero_shot,CAMELS-BR,0.9986919510061307,0.9983284589965982,99.91522812606551,75.31857921459057,0.017558485588552823,-0.003082384932093854,0.9984320194608911,39.48564085335784,24.239139809107403,0.10085947066545486,0.09818528592586517,108
14215000,persistence,zero_shot,CAMELS-BR,0.9490617102155879,0.9511987498681932,25.67195350630336,9.449652726833637,2.128095542990059,-0.0003216659371216915,0.9577972102242858,6.41006738980986,10.8179931640625,0.1878974586725235,0.18995636701583862,78
14220000,persistence,zero_shot,CAMELS-BR,0.9758841651252623,0.9871471873240989,15.0329824170934,8.91127675374349,-0.3462396921371312,0.00023964093102556497,0.9953693602092393,52.521327367175715,7.04998779296875,0.12058364599943161,0.12063252180814743,180
14230000,persistence,zero_shot,CAMELS-BR,0.9814125827465641,0.9763291517490481,114.58385634183462,78.38698282877604,0.24195479359119115,0.0013697999160403908,0.9780096146186052,84.25817581172707,104.75,0.21057382225990295,0.21176846325397491,75
14250000,persistence,zero_shot,CAMELS-BR,0.9985449261195025,0.995680521319052,172.2856005206164,138.6513543379934,0.10053950961030554,-0.000582418857740321,0.9957218240039242,115.10904443040162,45.5,0.12059340626001358,0.12133164703845978,38
14260000,persistence,zero_shot,CAMELS-BR,0.9932684207377767,0.9950706586970964,98.07990414707413,80.71094486631196,0.0444361921792633,7.459938185607612e-05,0.9962592561694988,108.13050156218492,124.36962890625,0.18978559970855713,0.19031865894794464,87
14280001,persistence,zero_shot,CAMELS-BR,0.9950451894629773,0.9959489568199674,95.04358569488646,74.06370824697066,0.009470750892093703,0.0016079837678497771,0.9964454083580572,36.867669365033564,15.830078125,0.18677523732185364,0.19281378388404846,49
14300000,persistence,zero_shot,CAMELS-BR,0.9327695993951134,0.96412439441909,12.630472481460748,8.714614821643364,0.07360159177298509,0.0003571951416688861,0.9856776528122455,12.480002136869107,9.324005126953125,0.32874298095703125,0.3104945719242096,82
14310000,persistence,zero_shot,CAMELS-BR,0.9634879262402641,0.980519785808492,34.319699133515726,24.033308029174805,-0.5535082738197115,-0.0001756755271380625,0.9929694494246329,21.784306044299093,9.9520263671875,0.3101034164428711,0.30964186787605286,84
14325000,persistence,zero_shot,CAMELS-BR,0.992775541243577,0.9950707017420244,29.758487696542257,21.510225931803387,0.1642180211062354,-0.000632309339113039,0.9965305908662976,25.144344321566784,15.39366946752061,0.16404643654823303,0.16695579886436462,162
14330000,persistence,zero_shot,CAMELS-BR,0.9975298767727117,0.9962967772365312,304.4156222104509,231.64409270109954,-0.12713417676805955,-0.0009615712511836186,0.9964925125339433,120.27047689792421,231.4031843993349,0.11394843459129333,0.113726407289505,162
14350000,persistence,zero_shot,CAMELS-BR,0.9918187255305024,0.9951553603907514,37.18356655143921,25.11269642394266,-0.03468641077105076,0.0003956854599706256,0.9973439300588302,45.12209219421356,40.28842544098231,0.1409999579191208,0.14352145791053772,162
14380000,persistence,zero_shot,CAMELS-BR,0.6692938360744254,0.8370720028592084,10.765792745727087,7.397760248184204,0.6107103393185567,-0.00017111380440848478,0.9640865443767451,6.074430959191848,3.6999969482421875,0.33924591541290283,0.3431660234928131,40
14420000,persistence,zero_shot,CAMELS-BR,0.9986115059643176,0.997316638885149,282.9788042580895,217.43792498553242,-0.018894446912936465,-0.0002681243593765561,0.9973982877458265,102.58248257277785,78.38944047673263,0.08170211315155029,0.08265839517116547,162
14425000,persistence,zero_shot,CAMELS-BR,0.9698267425965992,0.9780769060870167,33.93716113918392,16.344232407084274,0.2397470936516293,-0.001168660289998378,0.9836553812461738,25.051244379693998,31.307814566494187,0.26719212532043457,0.2751189172267914,163
14428000,persistence,zero_shot,CAMELS-BR,0.9969865676725541,0.9950977806451338,6.286417731361875,4.3083510195955315,-0.20569690534690444,-0.00023354609099227736,0.9953133043568203,8.190643932232595,2.4349480080454433,0.13347499072551727,0.12989681959152222,188
14430000,persistence,zero_shot,CAMELS-BR,0.9974276294645305,0.9977675221429554,4.195015789763097,3.075612249093897,0.11876523024166855,-0.0009084507934116401,0.9981171812820897,6.009257204211752,7.382425171730621,0.1331699788570404,0.13247637450695038,170
14440000,persistence,zero_shot,CAMELS-BR,0.9861970876103128,0.9907271495727611,55.38394537971253,24.66740173891366,0.6021563935100367,0.0011122526978293683,0.9937518871065418,43.03567776977586,45.4451681753635,0.18657256662845612,0.18436439335346222,166
14450000,persistence,zero_shot,CAMELS-BR,0.9975466944829207,0.9970476350062002,18.649185851724607,13.941489950139472,-0.08624972330204009,-0.00011529384980800764,0.9972957797248794,12.584595075155512,9.912689399849008,0.13506612181663513,0.13502494990825653,188
14485000,persistence,zero_shot,CAMELS-BR,0.926756758326399,0.960654962212365,3.527767912275777,2.292397716589141,-0.05102594539278015,0.00045569499622515053,0.9836331347279622,4.300516469136495,6.997141488756262,0.22929732501506805,0.23407284915447235,171
14485010,persistence,zero_shot,CAMELS-BR,0.9590265609774086,0.9758308319980624,3.2871538992718565,1.8123126113623904,-1.190081099889509,0.001270213457279087,0.9860294624621109,4.5153997766991045,6.4015045166015625,0.12251237779855728,0.13369439542293549,57
14488000,persistence,zero_shot,CAMELS-BR,0.9624095680857476,0.9809256182076129,66.74859638824974,40.64758786288175,-0.26543461932572077,0.00011878151836150833,0.992547707666937,157.70037167131161,255.0899658203125,0.21374624967575073,0.22059394419193268,66
14489000,persistence,zero_shot,CAMELS-BR,0.9744507185404827,0.9869907451155375,159.8996625933587,107.43172543351821,-0.12738292657826644,0.003344054063990312,0.9970793847495526,153.21855828004607,219.53711018604272,0.21764367818832397,0.2126874476671219,181
14495000,persistence,zero_shot,CAMELS-BR,0.974933109784722,0.9861175271457984,157.41980940790356,99.15521602943295,0.48317117623912254,0.0003799629960678959,0.9938052569464512,145.8232594859298,201.46395308511723,0.20982618629932404,0.2196049690246582,183
14500000,persistence,zero_shot,CAMELS-BR,0.9706836946682278,0.9840521231951208,194.16437956104397,122.20869698494103,0.1720957252020005,-0.0013851280250831398,0.9937480792383426,181.01593538293912,202.08206520170978,0.23618340492248535,0.24178849160671234,157
14515000,persistence,zero_shot,CAMELS-BR,0.9867466433201332,0.9922153182860559,157.3576407715857,106.67144296524373,0.26058620812500044,0.001321054914215896,0.9958574643829893,163.21019672037426,116.92839327185338,0.21926471590995789,0.21914024651050568,188
14526000,persistence,zero_shot,CAMELS-BR,0.9599661934422564,0.9504636979671495,76.69797411791033,30.90697616100311,1.9831615274184016,0.0012937227289133435,0.953934262429267,110.94954334939892,0.0,0.43119561672210693,0.4153333008289337,175
14526500,persistence,zero_shot,CAMELS-BR,0.9438803806876453,0.9586832869671692,60.29527888913612,34.753887064972815,1.752228786640325,-0.0009252989570674476,0.9683182105610627,159.1971429653905,109.36669423233222,0.3712846636772156,0.39021608233451843,171
14527000,persistence,zero_shot,CAMELS-BR,0.9690262571620751,0.9817464350737581,130.16757143024108,77.43619859540784,0.29002116246853593,-0.006018404212783893,0.9903541933932467,167.52420917316,236.54586160223366,0.4012865424156189,0.39463216066360474,185
14530000,persistence,zero_shot,CAMELS-BR,0.2603599762237374,0.6394317146687676,122.36362197031562,48.36218456414916,-0.7431143176782483,0.004904923739393139,0.9691064699145616,367.391687842078,635.6048802355231,0.7733573317527771,0.7932818531990051,161
14540000,persistence,zero_shot,CAMELS-BR,0.5668422792371375,0.7829402755649734,65.58174350564627,33.92690171405768,1.9309526830787564,0.0014497978481708904,0.8981887423342708,108.54873392555685,72.68516661936467,0.559525728225708,0.5918031930923462,157
14550000,persistence,zero_shot,CAMELS-BR,0.6839314973766517,0.8361510490936919,191.6665732605915,72.37381657786753,-1.823610773712273,0.0008434910135372495,0.9704783296972914,437.0396665929038,284.9047095653676,0.6088570356369019,0.6045702695846558,174
14558000,persistence,zero_shot,CAMELS-BR,0.980830427269127,0.9791674259697538,154.45874532985383,87.02013664245605,-1.47574856960531,-0.0008760568993666298,0.9814370839411013,161.1385852956664,213.74485496057866,0.4387410581111908,0.42353764176368713,165
14560000,persistence,zero_shot,CAMELS-BR,0.8211236323063746,0.9030100867512464,11.258334408830748,5.2960479245214405,1.57268776841188,0.0015686658359753448,0.9520631465648064,29.315268049190735,4.0,0.5181491374969482,0.5324683785438538,167
14570000,persistence,zero_shot,CAMELS-BR,0.9482769541487484,0.9607343709420779,26.15373386125895,18.608622204173695,2.293862345757398,-0.00152059878367934,0.9683608995339079,10.933137202790748,11.44598388671875,0.35342884063720703,0.33587995171546936,22
14620000,persistence,zero_shot,CAMELS-BR,0.9884027561583394,0.9936099020398363,276.57806742698455,183.89017670413097,0.2560537685869881,-0.0026854152946557235,0.9968998530558715,349.7850282123577,348.76926470089074,0.263658344745636,0.2818995416164398,166
14680000,persistence,zero_shot,CAMELS-BR,0.9443216114606603,0.8795192882870572,39.118868313862194,22.276962135411516,4.508189776753642,-0.003048734688550714,0.8806767542548857,86.16694209022296,156.4000244140625,0.27374184131622314,0.30049777030944824,79
14680001,persistence,zero_shot,CAMELS-BR,0.9430910604874798,0.9618152849581417,62.05080133005007,35.851171513821214,-0.5066221076565859,-0.0012333914245298387,0.9748373431619385,140.4276723266212,160.79998700406665,0.2227666825056076,0.2149745523929596,188
14690000,persistence,zero_shot,CAMELS-BR,0.9890922238116474,0.9913470603969317,48.90284941786501,29.325564445333278,-0.5145109540900096,8.793470398991976e-05,0.9932382384076255,46.91365953015091,52.666768464519016,0.1998034566640854,0.19249145686626434,188
14710000,persistence,zero_shot,CAMELS-BR,0.992534197863607,0.9953690137324223,286.17659897835324,183.8175874066776,-0.2291624166230947,0.0011362777154082376,0.9971831942975551,219.2810197359984,89.36441993779961,0.22855861485004425,0.22055940330028534,169
14740000,persistence,zero_shot,CAMELS-BR,0.9619498339182573,0.9777544455395644,55.773304409080126,29.690394393898345,0.688751134095264,0.013569134572983511,0.9878656357165437,8.196814227462903,15.6610107421875,0.31856003403663635,0.3314124643802643,74
14750000,persistence,zero_shot,CAMELS-BR,0.9530945329923314,0.9429485310244722,23.070222577692356,8.265331082873875,4.2000409722078755,-0.0025580276186796605,0.9468237555031546,23.290289163326296,15.267974853515625,0.35194507241249084,0.3524463474750519,36
14845000,persistence,zero_shot,CAMELS-BR,0.9673242330880125,0.9800669958079578,46.37675667894425,20.977826048144333,-0.607475963950599,0.00043231931206469745,0.988019549432182,35.38466248718211,54.89903686570013,0.3375513553619385,0.3481632173061371,139
14850000,persistence,zero_shot,CAMELS-BR,0.9936020767306938,0.9958289102977393,18.725129616703903,13.346691925461228,0.19571703844510635,0.0006978438156090838,0.9972918792597938,14.066851912961795,14.519099354702622,0.20467998087406158,0.19885237514972687,185
14980000,persistence,zero_shot,CAMELS-BR,-0.6241652042405756,-0.005010810537009025,3.1960176147846564,1.0516883036557665,-3.866002842514599,0.0008876016151434483,0.7976681947293682,10.809356655405558,20.891976192600072,0.645597517490387,0.5974929928779602,188
15030000,persistence,zero_shot,CAMELS-BR,0.9995726322542328,0.9992369361666787,919.8531630389355,754.3235804738562,0.005475832497809305,-0.0005380059708155471,0.999258288969521,585.9543497577264,358.5031380615796,0.047553304582834244,0.04756231606006622,153
15040000,persistence,zero_shot,CAMELS-BR,0.9995709671150836,0.9992759739750922,187.04205889828248,146.76498737741025,0.02186029179836811,0.0001791092907446057,0.9992994765512634,92.48988831384551,103.35057718515361,0.05899818614125252,0.059009574353694916,188
15042000,persistence,zero_shot,CAMELS-BR,0.9878290662268471,0.9913826280101307,2.2084293381417557,1.4563215018729487,-0.13143167387837232,0.0002026727892484627,0.9934817330745503,4.744189540845769,9.062696936862073,0.14362291991710663,0.1441720426082611,169
15044000,persistence,zero_shot,CAMELS-BR,0.7809596079453952,0.886480871682789,2.5190761562229644,1.5159574468085106,0.550574170206072,0.0,0.9510636403848454,3.6181361349331636,4.743416490252569,0.06842850148677826,0.08010012656450272,188
15050000,persistence,zero_shot,CAMELS-BR,0.9494460348750886,0.9656436137006793,5.599725462747353,2.4091733169555662,0.41536621626915987,0.00015855820961279722,0.9755217311266985,21.709265160938568,3.9810028076171875,0.13528892397880554,0.12519660592079163,100
15120001,persistence,zero_shot,CAMELS-BR,0.9990061090255448,0.9915458224933094,3.0656094625865817,1.7526058738614305,0.511585661491284,-0.0006714433976859405,0.9915528273732667,8.184619641522334,6.8537649374369485,0.12877559661865234,0.1313033401966095,162
15124009,persistence,zero_shot,CAMELS-BR,0.9732876449477026,0.9837309085044952,6.807999842407911,3.738414817682192,-0.17750670490043813,0.0006951135367444898,0.990799947621804,7.06974289008975,0.938216407615882,0.22126486897468567,0.22157873213291168,179
15130000,persistence,zero_shot,CAMELS-BR,0.999027778069137,0.9989480136040166,8.885405488653388,6.027051348005022,-0.070550641909382,-0.00016927974309117674,0.9990448804877633,8.434956729664579,4.882719436712319,0.09516572952270508,0.09490624815225601,175
15150000,persistence,zero_shot,CAMELS-BR,0.9994485832835207,0.9994775364084036,13.334075994662197,9.817659662124958,0.02566433773909589,0.00014195472804160586,0.9995390122689952,14.587650085694953,5.458843634741167,0.08514676243066788,0.08529016375541687,188
15150800,persistence,zero_shot,CAMELS-BR,0.9391240740588058,0.9505824704205197,6.578649518513115,3.030721762410781,1.6874556313964553,-0.00024554413746367965,0.9596443136929487,20.11392090790057,20.716569737792167,0.5021675825119019,0.515975296497345,188
15151000,persistence,zero_shot,CAMELS-BR,0.9280083721153652,0.9002024765225588,8.302661613257872,4.023739355358671,3.5703137666724896,0.0023566740530535646,0.9042761050388899,24.39070005041341,24.514697094150495,0.5152552127838135,0.5617582201957703,188
15152500,persistence,zero_shot,CAMELS-BR,0.8051972940761807,0.8955917296669462,11.493838507185574,5.212581953382104,0.5802003575968537,-0.003817486807577243,0.9466322611540706,41.50592860709291,38.930708689302904,0.36989009380340576,0.40442368388175964,123
15160000,persistence,zero_shot,CAMELS-BR,0.9205654312326198,0.9500742949783186,6.195255714385349,3.311176462734447,0.776738374249576,-0.0026783380682857683,0.9667307588115391,14.727254754120965,12.300003051757812,0.35028383135795593,0.34676265716552734,85
15170000,persistence,zero_shot,CAMELS-BR,0.8971307579311203,0.9397576208946178,9.894258419815072,3.8943576173409404,1.0119900112725726,-0.0013577568855743655,0.9647404972357746,22.160170322120354,14.15683914660358,0.36744874715805054,0.3731755018234253,179
15170200,persistence,zero_shot,CAMELS-BR,0.8579511459010347,0.92885500131514,11.51326693056426,5.546634368838802,-0.3466751839157313,-0.0027784638352356776,0.9841575872729966,26.935142321131607,29.788999970969932,0.3001483380794525,0.3250003755092621,186
15170700,persistence,zero_shot,CAMELS-BR,0.8840298522797327,0.9345355457809448,18.4507436357285,7.545226923103541,0.9330792665060854,0.0005100495510382552,0.9650244565030056,56.3655769405465,35.9053286964151,0.46976613998413086,0.4603097438812256,183
15172000,persistence,zero_shot,CAMELS-BR,0.9360502052989442,0.9556222557372974,2.3550580801479777,1.209240862663756,-0.32444276263168315,0.0,0.967886645645263,6.968674912886055,14.853278084992278,0.214875727891922,0.20811402797698975,188
15180000,persistence,zero_shot,CAMELS-BR,0.9596398342827702,0.9591559484502483,5.956909201735201,2.801435963904604,-1.8096619458253387,0.001899903892839734,0.9644218296236333,20.451275401696535,29.317149210376652,0.29030025005340576,0.2785109579563141,188
15190000,persistence,zero_shot,CAMELS-BR,0.981935824915859,0.9869635729902504,2.1237089082812273,1.165266052839604,0.1905679870655371,0.0013113921607448634,0.9903181512526239,5.276198755929856,7.485604574675091,0.3202221095561981,0.33046290278434753,188
15200000,persistence,zero_shot,CAMELS-BR,0.9993967047140954,0.9987055278636985,40.28144000822769,26.445200466217205,0.1058180225315534,0.0013541511380774363,0.9987341265457261,15.831083437363052,12.07683333267078,0.09819059818983078,0.09798606485128403,187
15200010,persistence,zero_shot,CAMELS-BR,0.9995574359137334,0.998859733755425,33.37206016311764,23.650184387856342,0.11159673602899897,-0.00013872900630899215,0.9988780385510552,23.788728378780775,10.179512168797183,0.09765148162841797,0.09769735485315323,188
15245000,persistence,zero_shot,CAMELS-BR,0.9402021241111529,0.9588416865953867,5.368581831345533,2.9626064224446074,-1.823852884875455,-0.0007815613647784367,0.9717709863935337,15.69178082203639,11.543393968215144,0.33434754610061646,0.32542842626571655,188
15246000,persistence,zero_shot,CAMELS-BR,0.9978581411456532,0.9933585225524098,1.959115848281279,1.56474362886869,-0.3138701353165383,0.0020090553903703637,0.9934134471326422,1.8828152554452784,2.1999969482421875,0.1958923488855362,0.1894199252128601,39
15248010,persistence,zero_shot,CAMELS-BR,0.9970562562271837,0.9979222852239221,6.424211641172665,3.7850022162610326,0.11676059236665078,-0.0011769690093176369,0.9984423044066122,12.483150978123003,10.135880813919568,0.21537327766418457,0.2176690250635147,171
15250000,persistence,zero_shot,CAMELS-BR,0.9992579146967827,0.997603753324091,124.62475146362156,82.13907059379245,0.23673381207522562,-0.0005472434844106464,0.9976278014641552,35.58140435733948,52.608330199899534,0.08552274852991104,0.08545321971178055,184
15250001,persistence,zero_shot,CAMELS-BR,0.9993703436083716,0.9988400265453066,116.87875631852681,84.77594318795711,0.10522371518247775,-0.00031872598369762917,0.9988772839873151,76.13504169799921,93.50073584948703,0.09286904335021973,0.09373974055051804,188
15318000,persistence,zero_shot,CAMELS-BR,0.9965453492332584,0.9973092605638637,566.6319391769559,400.03955337849067,-0.08238629909706212,0.0016894035859762943,0.9979023020217818,728.3223838164956,620.4118758584307,0.1357385814189911,0.134831964969635,188
15318001,persistence,zero_shot,CAMELS-BR,0.9975211917506748,0.9983555260877118,572.946888316937,399.1614198075964,0.1080431259428979,-0.0010237679540361436,0.9988561370705257,514.4174548603403,441.2745591717991,0.1147419884800911,0.11174998432397842,188
15320000,persistence,zero_shot,CAMELS-BR,0.9979876274762166,0.9974602507806805,474.1693507820806,372.00430192618535,0.12500377896589226,-0.0010842212030180744,0.9975795098649328,625.8221398108973,1016.69921875,0.12280658632516861,0.1210082620382309,58
15320002,persistence,zero_shot,CAMELS-BR,0.9940672549697622,0.9821235536831939,611.6096413684797,370.7773890904018,-0.4903211555518211,0.000339892326514081,0.9822571828648196,1004.8185546620451,630.900390625,0.1060914546251297,0.11377538740634918,70
15320003,persistence,zero_shot,CAMELS-BR,0.9973734774815036,0.99798021776684,561.8806422623569,402.8383540256768,-0.07484581050166408,0.0001698535059686812,0.9984290088631003,382.22053948461394,246.56901766402396,0.10807011276483536,0.10580290108919144,157
15323000,persistence,zero_shot,CAMELS-BR,0.9965988229613103,0.9971269828807764,8.106885990246171,4.3958011002830375,-0.13056753984597944,5.061176428124842e-05,0.9976037317826731,16.07171428317465,31.32091952673165,0.2001403272151947,0.19775299727916718,181
15324000,persistence,zero_shot,CAMELS-BR,0.9834975674427865,0.9916848691210509,13.031835795393459,5.101966152083402,-0.10327591616045742,0.0008501143432685238,0.9989040532736017,8.81170582865852,6.119827346465247,0.18556667864322662,0.1735920011997223,177
15324500,persistence,zero_shot,CAMELS-BR,0.9961346726706152,0.9957005172029113,10.488882819556217,5.070206139950042,-0.3842801932764026,0.001837714797856424,0.9961398930348205,5.270358676118605,5.0269787286483885,0.1477990448474884,0.15582668781280518,188
15325000,persistence,zero_shot,CAMELS-BR,0.9991642418409792,0.9963495856463035,15.723728403533848,10.828176772396867,-0.24493726998549376,-4.656066487562782e-05,0.9963680342164362,28.278967449325304,25.0,0.10485710203647614,0.10478230565786362,181
15326000,persistence,zero_shot,CAMELS-BR,0.9937773492521614,0.9871393581870127,51.983861883277875,22.975589752197266,-0.7840181987242038,0.0005411428112737995,0.9872087584491837,155.75317368984759,72.179931640625,0.21661385893821716,0.2229739874601364,49
15326010,persistence,zero_shot,CAMELS-BR,0.9980531319936204,0.9966223565761475,27.80486853966001,14.98239237196902,-0.011329215066988009,0.0007846654341290907,0.9967329238263567,72.73172069703176,41.5691994659817,0.14231818914413452,0.13530641794204712,188
15340000,persistence,zero_shot,CAMELS-BR,0.9876464084227214,0.9914545300218432,1375.2992401655722,433.47777777777776,-0.18669324525344294,0.0005271471026563057,0.9941032146452566,432.854093970089,136.7132034589198,0.0903237909078598,0.08975057303905487,180
15340500,persistence,zero_shot,CAMELS-BR,0.9879033065293911,0.9678945135122182,613.4872604626086,422.9737548828125,-1.3055876728316698,2.6768447912790122e-05,0.968189391497925,813.3021336663397,1139.5,0.14382854104042053,0.13018546998500824,32
15341000,persistence,zero_shot,CAMELS-BR,0.9976798458213516,0.9940102661663568,509.346494969254,437.871337890625,-0.27709177772846477,8.093775219851843e-05,0.9940683352192512,303.88740809852965,358.90234375,0.08836665749549866,0.09191721677780151,28
15344000,persistence,zero_shot,CAMELS-BR,0.9974992174967011,0.997310412633058,7.5626405293074415,4.845076954883078,0.08273708884753156,-0.0016411511233386036,0.9975856137751326,11.923735335127244,10.090427578211353,0.14986193180084229,0.1505676805973053,184
15360000,persistence,zero_shot,CAMELS-BR,0.9973656386291545,0.9976588267467559,640.4609809211867,467.8906016248338,0.18009696333447603,0.000128287158401158,0.9980396851973221,566.0673988139574,289.8620361482338,0.11502504348754883,0.11544334888458252,188
15380000,persistence,zero_shot,CAMELS-BR,0.9967960555626014,0.9957031578815189,784.2991003055897,618.0866141732283,-0.1699415183458219,0.0005994305993648058,0.9959921832332191,313.5027910561563,383.0195817448502,0.09096693247556686,0.09514687210321426,127
15390000,persistence,zero_shot,CAMELS-BR,0.9979885210641638,0.9964997627910382,557.5114440216297,370.5049217711104,-0.16934492542103832,0.001050039671590057,0.9966362762336329,318.6353227813109,420.94861854646433,0.09671221673488617,0.09535586088895798,188
15400000,persistence,zero_shot,CAMELS-BR,0.9975969671784848,0.9977145677362086,527.5576007767341,379.9756794381649,0.19430928200456404,6.556933633411477e-06,0.9980378654238046,509.3924749012523,61.76311857048475,0.11444473266601562,0.11515171825885773,188
15413000,persistence,zero_shot,CAMELS-BR,0.7546795466144121,0.8688820358161486,14.306357184042572,6.998645507730544,-3.6695876314714253,-0.00037065458350736546,0.9583942145481785,43.20924386251011,29.734275828662824,0.46641016006469727,0.5299649834632874,176
15414000,persistence,zero_shot,CAMELS-BR,0.9687720240015789,0.9815678730859971,3.210089480808855,1.7282915952659788,0.5953903082779827,-0.0003192354142604707,0.9898097614365655,5.027340462628514,6.9687500993717,0.26292505860328674,0.24656988680362701,168
15418000,persistence,zero_shot,CAMELS-BR,0.9016379985975331,0.8698542355537038,34.446090769742135,17.244420146400277,-8.147693538069918,0.01209088796171369,0.8785676405683769,90.53011320093344,75.87105557995596,0.4777468144893646,0.4588870108127594,176
15430000,persistence,zero_shot,CAMELS-BR,0.9578902533319443,0.9777802400604348,58.28750252382183,31.347941017290307,0.33898883881334463,-0.0006393690008981157,0.9920670688172005,108.80877360991155,39.004609840018375,0.4125901162624359,0.4237554967403412,171
15431000,persistence,zero_shot,CAMELS-BR,0.9237630206712107,0.9126423222321713,6.6516348796860605,3.208011794159984,2.4190774397786328,-0.00200727842891546,0.918742342055145,13.253999750408546,10.186999670332318,0.3687093257904053,0.3981073498725891,171
15432000,persistence,zero_shot,CAMELS-BR,0.8990115167164907,0.9413238774939122,8.555900003362503,2.9651204620499207,-0.9145971698052962,0.002566128670691864,0.9717623565133536,32.40800662756571,66.82480218636448,0.32637208700180054,0.3219655156135559,166
15440000,persistence,zero_shot,CAMELS-BR,0.9931827068575142,0.978513240070135,18.933736081720077,10.089393702420322,0.723448570182986,0.0004179794585556229,0.9787138111728471,52.07000781914397,69.00724599634447,0.18711769580841064,0.2036658376455307,132
15445000,persistence,zero_shot,CAMELS-BR,0.9431955534878589,0.955985598896793,10.925249391147545,4.48240195659169,2.0270481208898334,-0.0007765803036108784,0.9652071095900601,33.183622677160905,9.213600495693257,0.25968360900878906,0.2641831636428833,171
15450000,persistence,zero_shot,CAMELS-BR,0.9970146359946077,0.9972196453267831,14.653614069016072,8.905319274740016,-0.1719278238961747,0.0017524522490589695,0.9976184154859411,33.65709434874021,31.622776601683793,0.16283293068408966,0.15946243703365326,188
15460000,persistence,zero_shot,CAMELS-BR,0.9984515203618516,0.9989872923926336,13.302105626506588,8.250184606998525,-0.015374698664936567,-0.0009818956132008338,0.9992992306574857,21.551650469081938,14.329455193285918,0.13220608234405518,0.13322211802005768,188
15460008,persistence,zero_shot,CAMELS-BR,0.9979230552996032,0.9951673493757823,13.252433520287374,7.9972059793312456,-0.2886705990140892,0.0011338077686982098,0.9952533045823381,32.78369621177745,19.194273539781133,0.1470508724451065,0.14165730774402618,179
15460012,persistence,zero_shot,CAMELS-BR,0.9536214479715706,0.9749170648859792,70.33932527281573,16.641482883029514,-0.8689991943126124,-0.0003727589973139406,0.990471131575054,288.28634911084663,26.274430038143873,0.17869678139686584,0.18566462397575378,162
15470000,persistence,zero_shot,CAMELS-BR,0.9648858152074961,0.9748589907157021,2.859752544817318,1.1289822882449134,-0.7260801837860583,0.001098976046395802,0.9816071506535832,7.364875266509631,15.133573022420324,0.23973119258880615,0.22456026077270508,169
15490000,persistence,zero_shot,CAMELS-BR,0.9979037870166497,0.9975748494483768,527.1882361542454,336.9680864050033,0.08759207517324528,0.0017570645121069012,0.9977961894810636,343.8530296548332,31.11269837220809,0.10718921571969986,0.1085529774427414,188
15490400,persistence,zero_shot,CAMELS-BR,0.9984167878492932,0.9971807442251481,570.6819159632503,378.79944626828456,-0.26996305432865936,-9.34672157524713e-05,0.9972845351087988,254.49717815760854,238.35074847779848,0.09197215735912323,0.09071381390094757,188
15490500,persistence,zero_shot,CAMELS-BR,0.9264816631074231,0.9466294905313883,26.23373921293845,9.093166881646866,0.4430699444533369,0.0010060813221410211,0.9540527588327781,95.49546090337391,108.215606255775,0.36784157156944275,0.381885290145874,156
15550000,persistence,zero_shot,CAMELS-BR,0.9987468242874837,0.9989617686193065,11.907801180759172,8.221419476448222,-0.08070166811555995,-0.0010473021235589616,0.9991456408653555,15.333858126464488,5.742110225261334,0.12966711819171906,0.12853819131851196,188
15552570,persistence,zero_shot,CAMELS-BR,0.8575287581595974,0.9247191573881887,12.283443276353918,7.26595744680851,1.9618469542597008,0.00043782970279103873,0.9657530121484097,23.29806858947754,38.2099463490856,0.12573163211345673,0.1419687420129776,188
15552600,persistence,zero_shot,CAMELS-BR,0.7391609794969032,0.8634682867541695,26.367733547679343,10.988914717798648,-1.7291891436603277,0.0001223867282755739,0.9630181082238057,91.98767229963495,140.95292417478203,0.20966991782188416,0.19419962167739868,184
15552700,persistence,zero_shot,CAMELS-BR,0.9085865767969703,0.9418538995672325,33.51462568524569,14.41571086338588,-0.49948987139842566,0.0004042055625674834,0.959405385160394,113.5377286280137,53.65476562790212,0.23676732182502747,0.27682116627693176,175
15553350,persistence,zero_shot,CAMELS-BR,0.9490516707161326,0.9643454546570559,0.8365793456743568,0.4632616130081383,0.9588748600168079,-0.002429061042761683,0.9740486996881759,0.4343399024375152,0.28263654562103235,0.23394247889518738,0.2434481382369995,185
15553500,persistence,zero_shot,CAMELS-BR,0.9902639400623906,0.9924402448040446,4.559327269181607,3.1113295031420756,0.06098077784153728,0.0010590978417543695,0.9941328139713141,4.642796092394707,3.1622776601683795,0.1489790380001068,0.1475529670715332,173
15556000,persistence,zero_shot,CAMELS-BR,0.989336685469977,0.972847189586459,7.446036295832724,4.481481575671538,1.5206331826522177,0.0002956416650110663,0.9731732342632177,9.262828941527529,6.0,0.11623577773571014,0.11089172214269638,81
15556010,persistence,zero_shot,CAMELS-BR,0.9575177990400955,0.9779560656958299,42.78251125567907,18.92554525023732,-0.15421909319125962,-0.0010876934675142884,0.9935242068451896,130.1833585001438,211.89172529164674,0.2763225734233856,0.2885870337486267,179
15558000,persistence,zero_shot,CAMELS-BR,0.9897211178150018,0.9787718823214493,16.224091915465003,9.356147603785738,0.49882156581149883,0.0007781520725159939,0.979310676441363,30.320006307842572,7.006015147872077,0.1934177726507187,0.20208017528057098,188
15558200,persistence,zero_shot,CAMELS-BR,-0.044074680987783,0.3030749993928805,10.796327286277432,2.807771307954917,22.54370959857146,0.001981293881456146,0.32244634024520336,43.500087432874125,91.21738405947748,0.8041276335716248,0.9518014192581177,185
15558500,persistence,zero_shot,CAMELS-BR,0.9987356934246298,0.9971845789279177,4.031182759535114,2.53661556212248,-0.27367784941656004,-0.0001429458884699697,0.9972300050254823,8.749981218600624,9.156419842978902,0.1935884952545166,0.19064491987228394,113
15558700,persistence,zero_shot,CAMELS-BR,0.5021666010542954,0.7263693334465411,7.168018994841072,2.6374468010790806,0.40375729631412993,0.006175970868907095,0.9255144090212644,24.74330869324297,51.39285090873029,0.6206454038619995,0.5769767761230469,188
15559000,persistence,zero_shot,CAMELS-BR,0.9379387388548919,0.9631490723376921,64.23264068745556,29.933642529426738,-1.3362034734886739,-0.0018754667674594772,0.9799401262556497,205.24896725311274,67.924134565312,0.2462671995162964,0.23778994381427765,188
15560000,persistence,zero_shot,CAMELS-BR,0.9804720574625203,0.9891827948248864,93.770928775895,50.99650809105406,0.34931203154588614,0.00041150715927728426,0.9949465240177406,264.82015369759785,218.98516164394084,0.28039655089378357,0.28677353262901306,188
15562000,persistence,zero_shot,CAMELS-BR,0.7183286507616546,0.847473085976719,4.1109507231401885,1.797127628104484,2.4935521094370996,-0.005414160316977529,0.9445734212249347,12.587955182837291,21.787531486571655,0.6748645901679993,0.6008815169334412,188
15564000,persistence,zero_shot,CAMELS-BR,0.8024399793927155,0.8703683437099126,9.256957922818634,3.809290500063645,-4.615179375389478,0.0037825654776167533,0.9204639881952696,30.857676682075343,45.23468362086163,0.4613606333732605,0.42295703291893005,171
15565000,persistence,zero_shot,CAMELS-BR,0.9393638732342501,0.9639006152331946,29.571227253586347,14.560614086731135,1.9858985720498388,0.0032249251794743347,0.9798234323992407,80.46434749999659,28.456259304283527,0.4056309461593628,0.415439248085022,171
15571000,persistence,zero_shot,CAMELS-BR,0.8915405685462338,0.9399200720665676,177.28108019568484,51.55813953488372,2.12050050821913,0.0008300706662693752,0.9706606065087746,158.65623214989066,133.0,0.23938873410224915,0.21483731269836426,86
15571100,persistence,zero_shot,CAMELS-BR,0.9844212130811258,0.9617274338106223,78.14806530927682,37.83775765555246,1.0924282588082845,0.00011596664865389655,0.9620211502167876,253.57421451250195,18.0,0.2155299335718155,0.20742321014404297,49
15571500,persistence,zero_shot,CAMELS-BR,0.9963007620975554,0.9972073270788078,64.25450794337138,38.80597014925373,-0.049399291943482145,0.0008668584788975447,0.9978446923409188,48.46648326421054,28.284271247461902,0.16930657625198364,0.16920650005340576,134
15572000,persistence,zero_shot,CAMELS-BR,0.9819200799913259,0.9846799326395981,6.0555531093916,2.6855319915933813,-0.4669098534157794,-0.0003124063390728335,0.9875355090494098,10.85859525487026,16.98528775146303,0.18881428241729736,0.181829035282135,188
15575000,persistence,zero_shot,CAMELS-BR,0.9988862349986777,0.994589408926164,4.484720497921832,3.497218017578125,0.5196866670976095,-0.0012035346975886076,0.9945994831303688,6.831128903034221,8.048004150390625,0.1297249048948288,0.1373196542263031,25
15580000,persistence,zero_shot,CAMELS-BR,0.9951276004049614,0.9974902539899021,93.42848858636103,57.123927782940605,0.04223188659255603,-0.0016292605543241356,0.999088993172179,144.21623182964484,148.44839680277536,0.20646095275878906,0.2167472094297409,186
15590000,persistence,zero_shot,CAMELS-BR,0.9932083625625154,0.9953016024494722,2.2657580408862668,1.0830378570455186,-0.2819680669659764,0.00038328154051914254,0.9966838139693306,2.910606805894959,0.837539145775588,0.20931605994701385,0.21344314515590668,188
15629000,persistence,zero_shot,CAMELS-BR,0.9991466531065873,0.9986224424708163,414.9521499758233,305.46977331283244,-0.12972544134614827,0.0016049157663942243,0.9986761715018625,171.23095469803863,149.12771529789728,0.0816744714975357,0.08169327676296234,188
15630000,persistence,zero_shot,CAMELS-BR,0.9988943578637666,0.9992780315881413,416.4577736133881,299.51339335825253,0.030702949790260916,0.00015536086698079987,0.9994720652282731,833.1788765722993,389.7567053628522,0.10510312765836716,0.1039145365357399,174
15650000,persistence,zero_shot,CAMELS-BR,0.99347126240064,0.9958375212873939,11.50704719079131,6.107060506844976,-0.17078055461988736,-0.00045526172267823517,0.9972965539346823,19.56065985544453,28.190023775422905,0.22823283076286316,0.23639003932476044,157
15660000,persistence,zero_shot,CAMELS-BR,0.9921896374247348,0.9919949163590054,3.0423392363762405,1.3785698233910326,-0.374042044310315,-0.0013004216859176104,0.9929344886771201,4.152142130095195,3.2334882157363043,0.22283686697483063,0.21608024835586548,159
15680000,persistence,zero_shot,CAMELS-BR,0.9976883879399797,0.9942134497012345,2.2709293880834807,1.2099302418624298,0.44747244042094425,-0.0020663804873462255,0.994320685236154,1.7021858235386178,2.0216312353084835,0.14173434674739838,0.1423645168542862,158
15700000,persistence,zero_shot,CAMELS-BR,0.9994926059099475,0.9994696725107552,316.1277161627655,243.07046247209823,0.04180841229601578,-0.0003796234152597597,0.9995197148744971,167.36950965304803,38.111950651609305,0.08880601078271866,0.08875475078821182,175
15710000,persistence,zero_shot,CAMELS-BR,0.9688230816328687,0.9841348651334398,0.9828611375577124,0.5676127317103934,-0.22874768414624555,-0.001361747442189306,0.9965520100458191,1.8164000733791712,2.867040118950118,0.16796483099460602,0.16281326115131378,188
15720000,persistence,zero_shot,CAMELS-BR,0.6835114334265951,0.7691539973734064,6.891444880723487,2.182875802897309,-5.642255286779078,-0.0021771916499025747,0.8440135109123115,27.883034247549194,60.79239845275879,0.37514743208885193,0.3456617295742035,95
15740000,persistence,zero_shot,CAMELS-BR,0.9369495300041873,0.9589953880537402,15.125776957158735,6.957648873329163,1.4045089504293868,-0.0003643865929348865,0.9724438267197454,50.480692899434715,95.97115624053845,0.3010120391845703,0.3112174868583679,188
15748000,persistence,zero_shot,CAMELS-BR,0.9949851747180093,0.9971283114229038,24.467527347237446,14.313402317939921,-0.037587071273621084,0.0022234922028116014,0.9984388576022508,57.12578579018655,31.23378017349578,0.18295441567897797,0.178652822971344,188
15750000,persistence,zero_shot,CAMELS-BR,0.9950514326442303,0.9946969684165556,14.304922850267399,7.749634043375651,-0.46970471216310233,0.0,0.995181608317318,33.128030072628235,46.29007763131779,0.15445028245449066,0.1536855697631836,180
15750550,persistence,zero_shot,CAMELS-BR,0.9943160062218219,0.99376093606235,19.986188911614086,11.39313827676976,0.4806810733544076,0.0008162357303302809,0.9943831629079043,37.89986807364902,31.144823004794873,0.15624114871025085,0.15661491453647614,188
15790000,persistence,zero_shot,CAMELS-BR,0.9984523013611275,0.998793946184622,36.49209307604634,22.988198700898923,0.06296119515346468,0.0005121135555494483,0.9990449731435115,58.73480891071135,73.06161783043132,0.14129579067230225,0.14093045890331268,161
15795000,persistence,zero_shot,CAMELS-BR,0.9972130997847256,0.9947482355018905,19.877509291501486,10.960350126833529,0.3332601955297074,-0.00022519931106426,0.9949217617879181,7.9526437144535205,4.17194727234978,0.14672718942165375,0.1502355933189392,148
15800000,persistence,zero_shot,CAMELS-BR,0.9977159270107978,0.9943439874773934,61.74784475046945,36.58880924043201,0.4843497400304502,-0.0005920070813035874,0.9944520145687156,20.824924636459166,16.192286288247093,0.1567150056362152,0.1564343273639679,147
15820000,persistence,zero_shot,CAMELS-BR,0.9964342705834732,0.9912617829261996,20.35200348329521,11.629122320211158,0.5029132209740261,0.0017363966824421213,0.9914132226885253,44.066581759117256,5.813722149996097,0.17336735129356384,0.1752709299325943,159
15825000,persistence,zero_shot,CAMELS-BR,0.9942480097292281,0.988566033312285,7.905061551877612,4.238095169975644,-0.7348468670947087,0.0004039734906196024,0.9888068010707473,4.546060565661952,2.0,0.19957658648490906,0.1891898661851883,42
15828000,persistence,zero_shot,CAMELS-BR,0.998937627037395,0.9988189094404625,47.42289917899798,30.453809778741064,0.02289763610512666,-7.774457417947245e-05,0.9989335458230856,54.22266574618224,20.99426848102646,0.11049242317676544,0.11188755184412003,188
15830000,persistence,zero_shot,CAMELS-BR,0.9988188519201636,0.9984658411315372,113.19379348465107,80.95236920295878,0.0970257101427478,-0.0008347686538263607,0.9985768254610792,120.46454299804607,54.76456266888395,0.12710624933242798,0.12656503915786743,188
15910000,persistence,zero_shot,CAMELS-BR,0.9945459703026502,0.9848010089509444,29.280456883557342,16.18458198856663,1.069475255554398,-0.0017191255600418759,0.9850069509763921,59.91497769404781,84.68879317711846,0.24614274501800537,0.24762259423732758,148
15930000,persistence,zero_shot,CAMELS-BR,0.9957362766328672,0.9912477404239225,10.866687083566987,5.102162606575909,0.7591886446261328,0.0009959917511038752,0.9914779918403804,13.018366240021667,9.05606901443424,0.1529226005077362,0.14997856318950653,136
16010000,persistence,zero_shot,CAMELS-BR,0.9985597158191262,0.9957923549609896,3.9169356512572158,2.689467032296317,0.02536977957804303,-0.0004195063327369769,0.9958480555168456,7.246129655934703,9.626945692688519,0.08755787461996078,0.08753466606140137,175
16030000,persistence,zero_shot,CAMELS-BR,0.9995561905474385,0.9997705433853339,1139.3139956606556,886.8558427526596,0.0032601442563784805,4.256810399848668e-05,0.9999005523810597,252.93734402021383,0.0,0.036089204251766205,0.036462265998125076,188
16080000,persistence,zero_shot,CAMELS-BR,0.6146229244720718,0.7712919921650573,170.15020580942044,120.71256290011935,-6.831049970542833,-0.0017462930055823743,0.8660693396310943,411.4153038924604,280.06085252067106,0.17466680705547333,0.19593431055545807,180
16100000,persistence,zero_shot,CAMELS-BR,0.8688149167025523,0.9203892555963497,162.73072849391522,105.87806211199079,-4.472285850924351,0.0005962863470336602,0.9470437961500459,13.66968889524357,3.8950489430908934,0.18353605270385742,0.17327815294265747,168
16150000,persistence,zero_shot,CAMELS-BR,0.9890593256781393,0.9907776276220244,45.49882649943598,26.855244811399874,0.08733694893319267,0.003541669447762831,0.992408447832484,79.37604101660665,29.68066542468565,0.3712902069091797,0.36583778262138367,166
16205000,persistence,zero_shot,CAMELS-BR,0.988750709863379,0.9806211690343938,44.171022701184654,25.44927043914795,1.8000531888752846,0.0008399358050332831,0.9808467643680284,17.75452150132795,23.5899658203125,0.2539454400539398,0.27903664112091064,40
16360000,persistence,zero_shot,CAMELS-BR,0.9985734591370774,0.9976072650923825,7.497543523217679,5.192631651225843,0.10547414465755771,-0.0007242689516892276,0.9976931692881907,2.1447610589527217,3.0,0.08166281878948212,0.08217114955186844,95
16365000,persistence,zero_shot,CAMELS-BR,0.9906204007374939,0.9867236050265938,1.4958810221178394,0.9668888303968641,0.5637282357764708,0.001580492379209434,0.9875096694532809,0.5196139208207673,0.5999984741210938,0.18585895001888275,0.17582108080387115,45
16368000,persistence,zero_shot,CAMELS-BR,0.9960474632673086,0.9901272248369196,11.281173533241553,7.203224360942841,-0.23748994702815465,0.0018409847084303738,0.9902946119349464,31.099903751675154,14.791015625,0.15499688684940338,0.1652865707874298,64
16430000,persistence,zero_shot,CAMELS-BR,0.9929805836157138,0.995659576599917,141.5964013971085,96.11624433244978,-0.22327109541504453,0.00011272507832082307,0.9973480025851039,197.81239550164068,173.70258047847733,0.20747818052768707,0.21629054844379425,175
16440000,persistence,zero_shot,CAMELS-BR,0.988958459452862,0.9725736921971008,60.15383881986932,27.368898241143476,-0.7914011708141915,0.0007459208655659702,0.9730668265657408,222.15067296924076,327.2026373003703,0.1818053424358368,0.1855248361825943,152
16460000,persistence,zero_shot,CAMELS-BR,0.9964177941224287,0.9978161041559648,127.02105488964521,97.44231103171765,0.08776876337145847,-0.0013737578521162142,0.9985679524039074,187.51526642558403,162.63526585611282,0.17868293821811676,0.17728546261787415,142
16480000,persistence,zero_shot,CAMELS-BR,0.9873844532868701,0.9928659736858952,69.92736106650294,40.262143449580414,-0.14359764310256576,-0.0005023185449228029,0.9965833971244237,55.453885477835264,17.095228815532007,0.22581112384796143,0.2324366420507431,188
16500000,persistence,zero_shot,CAMELS-BR,0.991893630790231,0.9925399724647148,91.64777862574253,59.07041708809989,-0.603184259614714,0.0016600821949329103,0.9936718879128388,107.15650043267927,121.36618044766598,0.21453391015529633,0.22045288980007172,175
16560000,persistence,zero_shot,CAMELS-BR,0.9891895167486833,0.9917480694549419,7.628073151196179,5.1875,-0.03552446405880665,0.00012038632057238602,0.9927605613193857,11.853269591129697,5.0,0.009523289278149605,0.00977269932627678,32
16661000,persistence,zero_shot,CAMELS-BR,0.9724991362613989,0.9411818963584563,15.419381149817914,13.830047607421875,-0.8111536159378978,,,24.080078125,24.080078125,0.036733463406562805,0.03438478335738182,4
16700000,persistence,zero_shot,CAMELS-BR,0.9576735916517339,0.9557721404870284,4.886915575481326,2.402338299979555,-0.42292470289081185,-0.0007984697454531467,0.9607773098264023,14.709205110814176,21.600883714025276,0.42497336864471436,0.3936096131801605,188
16820000,persistence,zero_shot,CAMELS-BR,0.9204222948261569,0.9496695720546783,31.936460354898443,13.0625,0.46187874056726513,0.00012848048363940136,0.9658292614713467,21.95449840010015,8.0,0.037308093160390854,0.03797837346792221,32
17050000,persistence,zero_shot,CAMELS-BR,0.9994439851734795,0.9994567031902524,1199.7880464411114,946.4095744680851,-0.046721552776335246,0.00030798271205485263,0.9995200961083699,880.3408430829504,1060.6601717798212,0.03684800863265991,0.037140727043151855,188
17050001,persistence,zero_shot,CAMELS-BR,0.9996757761883335,0.9993176030007693,1142.6736305852974,906.6255872140523,-0.004037258121720473,0.0003317226411443386,0.9993293369001814,608.8156991697533,763.6753236814714,0.0380297526717186,0.037529461085796356,153
17070000,persistence,zero_shot,CAMELS-BR,0.9156157499946349,0.9327545273977108,7.126958381251179,2.0983720115104387,-1.6985363392604536,-0.0003773775938784099,0.9460218435387837,26.133764615425196,44.209999084472656,0.31871911883354187,0.30838027596473694,43
17090000,persistence,zero_shot,CAMELS-BR,0.9803649686159667,0.9804213383406902,56.21994256678577,21.464035034179688,-0.8640563079588179,0.0,0.982986513430145,61.166165336820356,9.217761995152383,0.22309638559818268,0.21441030502319336,162
17091000,persistence,zero_shot,CAMELS-BR,0.9535285691891716,0.9766805058564824,2.1456860637086583,1.1695807672316028,-0.032822461808007734,-0.0002978931752203686,0.994296429618654,5.702244224498586,5.837159141771561,0.024465415626764297,0.023678964003920555,124
17091560,persistence,zero_shot,CAMELS-BR,0.9140630770852699,0.9538774328752991,1.9075364578787843,1.2888844281258667,-0.04344651271317637,0.0,0.9844281039262283,3.001429670045965,4.64648749701458,0.037204187363386154,0.03264407068490982,169
17091580,persistence,zero_shot,CAMELS-BR,0.9565326078340154,0.9750807968467543,3.3278330014160704,2.1300293849064755,-0.12691858781234472,3.7970534286073734e-05,0.9878665084501562,3.216827534700255,1.2837008824239915,0.041829463094472885,0.04623270779848099,104
17091600,persistence,zero_shot,CAMELS-BR,0.9045353964154939,0.93706663841552,6.455574898319542,3.7080178724980986,0.4618854057892277,3.423612047510731e-05,0.9550696757493202,10.15697729088941,16.174574159245452,0.05301195755600929,0.06195827201008797,113
17092800,persistence,zero_shot,CAMELS-BR,0.9377087217643607,0.968867885393527,6.851602654543567,1.4595728093927556,-0.16002952508804702,-0.00033107346829504454,0.9963965669877595,6.487727830512519,12.631491224099832,0.03790009394288063,0.040359977632761,110
17092850,persistence,zero_shot,CAMELS-BR,0.8710525841118422,0.9350335096932488,10.761672365599692,4.003427214541678,-0.23298551781350466,2.415216433992052e-05,0.9856893126720736,2.550051115633637,1.981493673426522,0.0655410885810852,0.05681029334664345,118
17092900,persistence,zero_shot,CAMELS-BR,0.9651125737580626,0.9825969613796687,3.1874754901018454,2.0,-0.41976721999618394,-0.0001818500809260288,0.9946051677652618,3.286335345030997,0.0,0.0456019826233387,0.04493197798728943,75
17092950,persistence,zero_shot,CAMELS-BR,0.9233298092905684,0.9560107227512425,5.625220068018597,3.231396781073676,-0.17932397257166163,-0.00012059278912424391,0.9790173035690847,12.965034261148864,7.475299188856316,0.054167285561561584,0.04965408891439438,144
17093000,persistence,zero_shot,CAMELS-BR,0.993095240496015,0.9948945164817801,19.760383303941996,11.40949809982116,0.20643578656376335,0.0002832121129190332,0.9960974702648827,38.24583059613089,50.11886702515965,0.047843631356954575,0.047979146242141724,166
17094050,persistence,zero_shot,CAMELS-BR,0.847173003726117,0.9211185866437647,6.343394126890426,3.8466474359685723,0.15614869026654793,0.0004380826189500841,0.9659225220084572,16.691247696881465,18.681833138847388,0.08235787600278854,0.08071035891771317,154
17094400,persistence,zero_shot,CAMELS-BR,0.9380242776783964,0.9622925494157011,6.165615259729713,3.453405106321294,-0.6780530419670361,-0.0004084666512737152,0.9787444905058772,14.354797787404143,6.466006829955815,0.16234897077083588,0.14422057569026947,188
17094550,persistence,zero_shot,CAMELS-BR,0.8608151644103846,0.929488078545096,8.777383040688198,4.499667358398438,-0.2980132354027753,0.00032648245810731197,0.9819453541991406,25.5952971458535,7.075701491507858,0.15939970314502716,0.18255779147148132,175
17095000,persistence,zero_shot,CAMELS-BR,0.9927946856147004,0.9960602773931699,13.771417747126847,8.029010124926296,0.10130152318819571,-0.00047091857695808967,0.998322585421449,11.950111511949574,10.010058948312937,0.08885325491428375,0.09237886965274811,106
17098000,persistence,zero_shot,CAMELS-BR,0.9440620344858034,0.9399569048170725,193.64938247599278,102.08333333333333,-1.2136383801254833,-0.0009550592705093001,0.9461047665480562,2.0,2.0,0.1506749540567398,0.15252606570720673,12
17100000,persistence,zero_shot,CAMELS-BR,0.99404710442232,0.9940186106228617,7.605522443015054,4.822695035460993,0.2084446819882416,9.635311870848443e-05,0.9947308433933559,13.550830232867652,11.40175425099138,0.09623195976018906,0.09549842774868011,141
17120000,persistence,zero_shot,CAMELS-BR,0.9933455124131982,0.9950320890014169,24.620781068286423,14.16163911755453,0.21138010562965365,0.00014163678843131383,0.996187357896545,50.70479585836373,29.171307442946254,0.11164034157991409,0.10542172938585281,149
17121000,persistence,zero_shot,CAMELS-BR,0.9977274649878263,0.9986936723362145,7.328017489395728,4.9579787152878785,0.015196482181979394,-8.781224632499474e-06,0.9993026362631229,10.816653826391969,3.605551275463989,0.09361767768859863,0.09053085744380951,188
17122000,persistence,zero_shot,CAMELS-BR,0.9963172660231311,0.9978472869435933,15.796631581971605,7.391571889787713,0.03161323135662941,0.0011118542315910196,0.9988466331875884,18.584191188824132,27.153819477272354,0.13261252641677856,0.12998414039611816,149
17123000,persistence,zero_shot,CAMELS-BR,0.9876196155210251,0.993380358518111,67.70452317319669,31.161290677866543,0.23715303915493524,-0.0007833202080499597,0.9974797931434145,72.64738455024532,54.7370737835937,0.10629846155643463,0.1052880585193634,133
17130000,persistence,zero_shot,CAMELS-BR,0.9977079773245509,0.9827279769278641,78.87627831274276,43.90751934051514,0.5394809241230013,-8.288629211656955e-05,0.982752194212825,180.98741787206308,148.1638864602155,0.10898412019014359,0.10911822319030762,128
17200000,persistence,zero_shot,CAMELS-BR,0.9885253860403781,0.981525158809209,16.02454430429065,8.600369039207997,1.2758467285566875,0.0006794398609458706,0.982303949502654,46.588275710320616,22.92095947265625,0.2130359411239624,0.22947710752487183,99
17210000,persistence,zero_shot,CAMELS-BR,0.9927661121198443,0.9695119475720313,19.575475307603853,7.757148020976299,1.1821896104224365,-0.0009509082458997349,0.9696544117513208,44.66575364238755,41.40976417752803,0.19027940928936005,0.18994411826133728,148
17228000,persistence,zero_shot,CAMELS-BR,0.9646142080267227,0.9570845077278015,0.9175225308646203,0.46082397217446186,0.4421358503129304,-0.00018914131011497914,0.9601376233192651,2.3416089619295475,2.7932940438047877,0.1083160862326622,0.12054597586393356,188
17229000,persistence,zero_shot,CAMELS-BR,0.9640006885150788,0.9565295757580724,1.9531902901885303,0.9508096461600446,0.4022145204788405,-0.00019081632742575828,0.9595093788759916,4.787984242384337,9.562604796032813,0.11487504839897156,0.12724576890468597,188
17230000,persistence,zero_shot,CAMELS-BR,0.9843458312843769,0.9809036845551271,4.830735326420229,2.6365837137749852,0.5189117594144916,0.000662915713273076,0.9823803076180235,10.853603179581754,17.703462492124174,0.10684219002723694,0.10898695886135101,188
17270000,persistence,zero_shot,CAMELS-BR,0.9501078586525784,0.9688389331639292,10.106988036671808,5.783380044473184,1.0684241807179646,0.0,0.9800743268167359,13.114970186537185,24.225965900704217,0.1143980547785759,0.11186471581459045,185
17280000,persistence,zero_shot,CAMELS-BR,0.9932771734004952,0.9959512261086612,34.823643054311205,20.6393599814557,-0.17875542891887486,0.0,0.9976737267069707,44.28342099745011,16.341227355211622,0.14007890224456787,0.1442273110151291,188
17300000,persistence,zero_shot,CAMELS-BR,0.9964340367773661,0.9945991599054136,33.86807054144883,19.305283566738698,-0.1542478454843856,0.0,0.9948600194392606,81.87455443082663,59.58897758487039,0.1227598488330841,0.1220170110464096,188
17340000,persistence,zero_shot,CAMELS-BR,0.9802520038355924,0.9892441141731907,51.616891446510536,37.37599449550983,-0.06451853810021728,-0.002443994487171199,0.9953251523148028,67.8098487737862,70.550048828125,0.1621956080198288,0.17595896124839783,97
17343000,persistence,zero_shot,CAMELS-BR,0.9964951153437237,0.9920794416894194,15.67645195083985,7.306153176292296,0.6222205255921807,-0.0028992079756172753,0.9922442071136649,19.6117607292835,9.678983913421497,0.14182673394680023,0.13878503441810608,124
17345000,persistence,zero_shot,CAMELS-BR,0.8309018032549559,0.9150311354378364,6.222319422665049,3.138510643167699,1.0110483527437362,-0.00048210390955273977,0.9853187817842394,13.430563798115546,23.137969503180415,0.25585347414016724,0.25402435660362244,188
17350000,persistence,zero_shot,CAMELS-BR,0.9683842423630249,0.9609261457082149,4.158277930805465,1.092644012137635,-2.671640003339842,-0.004196804700078119,0.9640815038876116,6.611753671510226,13.143203735351562,0.23693303763866425,0.2145928293466568,73
17354800,persistence,zero_shot,CAMELS-BR,0.9200847732433441,0.8743578367900664,10.657365271181824,5.389168903745454,-3.5211514859947917,-0.003816938535671364,0.878988306471184,36.06597471657826,53.86000061035156,0.22362565994262695,0.1775330752134323,58
17355000,persistence,zero_shot,CAMELS-BR,0.9744528270213816,0.9824814734344988,16.816711289865815,7.907601488397477,-0.6264505994949662,4.1422191376806056e-05,0.9874247833162972,54.32276258471902,61.66757613477487,0.23544396460056305,0.2466757893562317,188
17360000,persistence,zero_shot,CAMELS-BR,0.9980647924623378,0.9840681717351997,5.427723368203825,4.682143177304949,1.5738898580429654,-0.001301740132593078,0.9840681717351997,7.0,7.0,0.14852385222911835,0.1610414981842041,14
17380000,persistence,zero_shot,CAMELS-BR,0.9940714640403745,0.9929792567975302,82.07109810703932,56.19726233388863,0.5044436732637557,-0.001154807391320057,0.9935226549685524,119.27205717640231,88.34005495459851,0.1624729484319687,0.1601799875497818,102
17385000,persistence,zero_shot,CAMELS-BR,0.9771350534037673,0.9670020027334072,1.747880737065382,0.7364525929925606,2.418505040416731,0.0031543505206971384,0.9688236885229288,3.294738949752786,2.9361491856177753,0.35471484065055847,0.3488343358039856,188
17387000,persistence,zero_shot,CAMELS-BR,0.9893410104123433,0.9919079308858919,7.63862596493973,3.9787893333333604,0.30582733843259613,0.0002920737616423502,0.9937787486437415,16.29189786616392,23.905778620005737,0.23058991134166718,0.2309853434562683,188
17388000,persistence,zero_shot,CAMELS-BR,0.9804481337472548,0.9885066348076292,3.2295066396610173,1.4814755763224465,0.3749250011916044,0.004516385884658546,0.9933380344742272,10.094438430477942,10.074541245856873,0.32740524411201477,0.29293960332870483,188
17389000,persistence,zero_shot,CAMELS-BR,0.9893841339918175,0.9733864959393985,2.492434178748217,1.186596246792915,1.7539742684144601,0.0005974167002375658,0.9737955626049206,7.016520559021219,10.029097430187791,0.24545323848724365,0.2436126172542572,188
17390100,persistence,zero_shot,CAMELS-BR,0.9942678853275917,0.9956616226684631,146.49011519939265,104.41997755334732,0.295744134141868,-0.001931432157883009,0.9966886192704473,234.2554856772012,239.48963624873636,0.15378639101982117,0.15927410125732422,188
17393000,persistence,zero_shot,CAMELS-BR,0.977556852641979,0.9792632589215093,0.41666294415483157,0.19163126684725285,-0.9560354199771718,0.0015325636721193851,0.982303353520223,1.225971863175949,2.6954994201660156,0.18556421995162964,0.17768588662147522,96
17395900,persistence,zero_shot,CAMELS-BR,0.9943995648025175,0.9958399850263188,37.08395136516334,19.77300132600601,0.24152075870534095,-0.002015121781217079,0.9966657117004186,106.82004514998945,181.79100069246599,0.23229464888572693,0.23827753961086273,177
17410000,persistence,zero_shot,CAMELS-BR,0.9984186065675423,0.9969164315654394,130.05054684438207,86.43036460876465,-0.1546347545894608,-0.0007790126728334928,0.9970025936008943,132.90895776750662,125.3521982016987,0.11856310069561005,0.1170903891324997,160
17410100,persistence,zero_shot,CAMELS-BR,0.9938741613429519,0.9943309404152613,235.49997919793827,166.90956395617604,-0.3159830075659232,0.0008381118458162737,0.9951740415095909,223.27274946614,156.67437532293394,0.17664867639541626,0.1670677363872528,169
17420000,persistence,zero_shot,CAMELS-BR,0.9965244633469361,0.9981237712137334,122.78780040763435,48.90156967575486,-0.06596867801497157,-0.002974647119988922,0.999210407167316,60.115898530959164,84.82462675842773,0.11912401765584946,0.1202913448214531,148
17430000,persistence,zero_shot,CAMELS-BR,0.9970165128538053,0.9976208103637901,278.8536145977655,118.16664215455572,0.17620473004727605,-0.000285682474801173,0.9981353971265482,231.928106285596,270.13287312385893,0.09646058827638626,0.09558285772800446,166
17450000,persistence,zero_shot,CAMELS-BR,0.9775266608758811,0.9803392208464786,27.194541232843235,10.279888312909856,-1.001360330931015,0.001289685285418049,0.9838219845431854,43.664122063263285,18.069310999592652,0.18982075154781342,0.17486219108104706,179
17500000,persistence,zero_shot,CAMELS-BR,0.9991019523931441,0.9989072386142314,203.3144937636832,138.14639996467753,-0.013545534958444818,-0.001268286617533674,0.9989787579732005,248.10448498375675,190.65401182938373,0.08406296372413635,0.08537497371435165,188
17610000,persistence,zero_shot,CAMELS-BR,0.9735274439389633,0.9755203468295097,33.02137712066368,18.496032688928686,-1.4689502861450707,-0.0018898014931633539,0.9793341603300425,60.796348811494234,70.62861858125206,0.26265937089920044,0.2593543231487274,184
17650002,persistence,zero_shot,CAMELS-BR,0.9989379375524418,0.9975747042750791,224.16640250179194,137.31350306919643,0.012893618825161046,-0.0009657341601075377,0.9976275174741839,233.12873310444394,126.87415578777401,0.08180451393127441,0.08154184371232986,175
17660000,persistence,zero_shot,CAMELS-BR,0.9986031950407447,0.9950043429175728,14.15987324341741,10.01093084356758,0.47586372192757115,-0.0011517270480401048,0.9950432402361661,16.718409655484745,6.3499755859375,0.16103892028331757,0.16478362679481506,89
17675000,persistence,zero_shot,CAMELS-BR,0.9983378811032695,0.9965525367868133,42.32316235757458,26.629590697910476,0.2490567827770166,0.0004193608233999252,0.9966406886292876,49.44888907654967,33.6629852331484,0.17980211973190308,0.17933505773544312,184
17680000,persistence,zero_shot,CAMELS-BR,0.997870549016601,0.9965961010150722,50.487996677818664,33.350111270773,0.2333335874960347,0.0013958304475661376,0.9967542951579283,51.506845690750524,75.87362396431628,0.15621179342269897,0.15135407447814941,145
17710000,persistence,zero_shot,CAMELS-BR,0.9699380104381274,0.9819920206756214,832.4077386114227,219.54155085637018,0.9963183144485076,-4.420808896597045e-06,0.9898052862824039,342.3125881352595,234.6015625,0.1588139683008194,0.1566040813922882,52
18119000,persistence,zero_shot,CAMELS-BR,0.9755221601715994,0.9872952090428666,28.399091572989345,16.232127575164146,-0.0029584359737794444,0.0022012770833413665,0.9964249369030191,34.584678688691035,32.59601202601324,0.24818921089172363,0.23897524178028107,188
18121002,persistence,zero_shot,CAMELS-BR,0.9934274805281577,0.9958346906896439,9.15550130071907,6.227444006472218,-0.24119776509447827,-0.00021561818051506199,0.9972556937392015,12.732045365205945,6.7569580078125,0.15494845807552338,0.16185420751571655,98
18121006,persistence,zero_shot,CAMELS-BR,0.969230597023326,0.9801611025465102,20.549627707561523,9.652711098654228,-0.907532626134015,0.0025053597973312015,0.9873313083670494,9.144860264339972,7.350345642740606,0.14430570602416992,0.1645217388868332,171
18150000,persistence,zero_shot,CAMELS-BR,0.9742507318814496,0.9407532534938902,8.181062630399294,3.3804497623017857,3.8510532973962754,-0.0014405809805283776,0.9416852421948818,28.297797046555687,26.400009155273438,0.3522564470767975,0.33984363079071045,77
18200000,persistence,zero_shot,CAMELS-BR,0.9832033916721453,0.9770806884793558,28.225942434439446,15.013187290709695,1.0002824061434807,0.0004622354463835604,0.9784843837878245,35.491490515803655,50.716612668892274,0.2713712155818939,0.2703416347503662,162
18250000,persistence,zero_shot,CAMELS-BR,0.9389809882076293,0.9325028250765508,15.092435686148665,7.5342966415843025,2.8037528669030234,0.001700609149801316,0.9381361032419079,46.204492831616356,9.399570890059605,0.4843180477619171,0.5132121443748474,183
18280000,persistence,zero_shot,CAMELS-BR,0.9930631970936536,0.994006431923335,11.655421699912004,7.299616560022882,0.47976901298007035,3.2488562820426337e-05,0.9950753498015471,18.51306705280166,2.5377986418048932,0.1927352398633957,0.19722402095794678,188
18295000,persistence,zero_shot,CAMELS-BR,0.989212164732548,0.9899440963332777,86.71361880795753,43.94149270115128,0.8384196971081042,0.00022672849520042476,0.9914253919126123,184.8162147005094,84.34549639032664,0.17439565062522888,0.17986369132995605,166
18300000,persistence,zero_shot,CAMELS-BR,0.9926187432103414,0.9958424283204224,34.01307750363889,18.15106381761267,0.1814353119122517,-0.0017786604822652673,0.9980159402447877,40.61034350999755,39.147158262126766,0.20458391308784485,0.1955566555261612,188
18408900,persistence,zero_shot,CAMELS-BR,0.9047206501468639,0.9403692491396659,1.8711690430204293,0.6936709126339683,-0.07215205262272982,0.00033822655462724307,0.9598437448751974,7.490762796457942,5.040000915527344,0.17740197479724884,0.19138669967651367,79
18409000,persistence,zero_shot,CAMELS-BR,0.7535040575699478,0.8656868339281143,2.5334204056660803,0.8963489152015524,0.5619097034635746,0.0017379397323815252,0.9222938597870729,10.218649475518337,5.414956859751343,0.17175084352493286,0.19388413429260254,188
18409650,persistence,zero_shot,CAMELS-BR,0.8864068874192543,0.9304692218073001,23.90195626359883,12.394160544618646,-1.6287711127713091,0.0011787163292275409,0.9614041875423902,66.36633823259662,34.689974891216345,0.3668630123138428,0.32635554671287537,188
18415000,persistence,zero_shot,CAMELS-BR,0.9746755112881154,0.9683947729098603,28.857040475934244,13.908762112785789,-1.8481347688066037,-0.0005590455214105616,0.970967114787343,66.65184934246814,78.49883252304265,0.29160669445991516,0.2893552780151367,170
18420000,persistence,zero_shot,CAMELS-BR,0.9857887696035236,0.9786033653433713,3.547792571343677,1.8965789406162918,-1.0693363374070093,2.458249604954041e-05,0.9796599675216112,7.137444425406888,9.598469770920445,0.12362120300531387,0.12578743696212769,157
18421000,persistence,zero_shot,CAMELS-BR,0.9981517734615284,0.9983270150307614,2.870770999345383,1.8213226318359375,-0.011646496001185325,-0.0001640940112551774,0.9985885826058551,4.106404299662883,3.2093692790749326,0.07637340575456619,0.07443927228450775,165
18422000,persistence,zero_shot,CAMELS-BR,0.9983977650330396,0.9978814566214125,3.4310954027780127,2.3481341319479,0.08548969534925926,0.00031649157042162347,0.9980197690012106,3.9795172015234774,5.278826087174273,0.06434467434883118,0.06507492810487747,157
18423000,persistence,zero_shot,CAMELS-BR,0.9975594265980533,0.9987033088009144,2.2569076941146893,1.4859840311902635,-0.020218865079297727,0.0006258569374266582,0.9994831634392013,2.6645956736091665,1.8920884092387023,0.053489986807107925,0.05399351194500923,188
18423500,persistence,zero_shot,CAMELS-BR,0.9962519549796373,0.9946311929805086,0.9565800193375967,0.4880584008765943,0.09012457467017833,-0.0004452250766503983,0.9949314712997718,2.4403887665443205,1.903999367882066,0.10589060187339783,0.1052136942744255,132
18423800,persistence,zero_shot,CAMELS-BR,0.9988298604796775,0.9983245635882735,1.0438272959752093,0.6839023465695588,0.012961113882623878,-0.00026376915679509824,0.9984056318221985,2.402445680311136,1.4071463788147884,0.057551752775907516,0.057165034115314484,184
18426000,persistence,zero_shot,CAMELS-BR,0.9408253327185189,0.9701802967474463,0.255394575673834,0.08543314393712671,-0.16422246976137053,0.0,0.9947708791604407,0.8167260477729963,1.8317796397628476,0.15954308211803436,0.16291168332099915,181
18426500,persistence,zero_shot,CAMELS-BR,0.9893799400351878,0.9913166458661495,0.9184310414370311,0.31606519318934856,0.07843717331822019,-0.0007682470413266848,0.9930382875905458,2.9976511405516004,4.6195383088861615,0.23303858935832977,0.2397794872522354,184
18426800,persistence,zero_shot,CAMELS-BR,0.8675599999982205,0.9311198687084197,0.8390184658242031,0.3806228880063597,1.5073442601736344,0.00305420564406857,0.9821147102415442,2.057319725324105,3.523304048798872,0.34325751662254333,0.3266102075576782,166
18428000,persistence,zero_shot,CAMELS-BR,0.9985907759820385,0.9957860145541547,1.0661145831285919,0.5976455852549564,-0.07792944018203422,-0.00040477959375212827,0.9958407279897602,2.063281945625414,4.158679705282604,0.07952122390270233,0.08039211481809616,186
18430000,persistence,zero_shot,CAMELS-BR,0.999492094550495,0.9979972701396342,29.596777371349585,22.369230769230768,0.070065050591088,-0.001252161709306341,0.9980030676997256,36.776351096866584,0.0,0.06994140893220901,0.06978946924209595,65
18435000,persistence,zero_shot,CAMELS-BR,0.9983327119782364,0.9987612416125788,2.499900584408219,1.589285427236302,0.0010551397689766112,-3.211876097135302e-05,0.9990509185335861,4.123397732531646,2.4226536739650744,0.10095608234405518,0.1002543643116951,187
18436000,persistence,zero_shot,CAMELS-BR,0.9987881526258693,0.9989437398404143,6.0086246005141035,3.690895324057721,-0.07024136010703787,0.0004614130847124115,0.9991200130688943,7.018279652045325,6.18279389013559,0.0954156443476677,0.09539039433002472,188
18460000,persistence,zero_shot,CAMELS-BR,0.9990794361028651,0.9987178608040412,55.283955494344376,36.81335351822224,-0.0016996267048144964,0.0001438897702812289,0.9987844336324467,98.96711855134802,195.3147349557796,0.09444501250982285,0.09591037034988403,188
18470000,persistence,zero_shot,CAMELS-BR,0.9819587261063738,0.981665023304021,359.7768812129528,54.861702127659576,-0.697231807661121,0.002224590742323857,0.9839126834709184,885.7037556977745,0.0,0.09211011976003647,0.09275685250759125,188
18480000,persistence,zero_shot,CAMELS-BR,0.9947958196269102,0.9831412111337999,9.418924811288974,5.461691918698224,0.5950250051308636,0.0007472715444216821,0.9832892656833333,18.813354641436323,21.163565941146633,0.27731963992118835,0.2659647464752197,132
18500000,persistence,zero_shot,CAMELS-BR,0.9661643354356446,0.9774619997326043,185.00952773739218,49.70996919387503,-1.18150648070421,-0.00215531904961086,0.9851518450091558,57.855169700051604,38.23475728508353,0.21942450106143951,0.2291557639837265,158
18510000,persistence,zero_shot,CAMELS-BR,0.9985995860862539,0.9977163889605769,127.79427401330716,82.24705882352941,0.006486144298549439,0.00037539400384618143,0.9978159531936879,219.41108044541008,349.20624278497655,0.11137618124485016,0.1114688366651535,170
18514000,persistence,zero_shot,CAMELS-BR,0.9817037138847202,0.9814943749463912,529.7559454146104,81.20212765957447,-0.7597348167339785,0.0,0.983787460480836,1262.8093680362051,0.0,0.09960755705833435,0.10037010908126831,188
18520000,persistence,zero_shot,CAMELS-BR,0.9990986823128017,0.9986796247656766,120.11138447645611,78.81914893617021,-0.047027215912616466,0.0009056871595032531,0.9987479082377566,173.24808801253766,238.9518780005715,0.10543458163738251,0.10466300696134567,188
18590000,persistence,zero_shot,CAMELS-BR,0.9983894939753177,0.9966866041692041,58.78723371706558,31.515945267677306,0.2973195080168929,-0.002648542005871987,0.9967574857257527,161.92529348211755,205.13891593470476,0.16513128578662872,0.16218331456184387,140
18600000,persistence,zero_shot,CAMELS-BR,0.9991402250006591,0.9988793051416447,35.414927315805464,23.81610295351814,-0.0815345621902784,-0.0021955788747698712,0.998934848100778,50.66409945334843,12.848074971442289,0.14774928987026215,0.14806941151618958,136
18620000,persistence,zero_shot,CAMELS-BR,0.9600944659848535,0.9665784867149133,3.9653215588712305,2.242396535952229,-1.2553081654351506,-0.002117086921153196,0.9729899158138715,10.530262806535085,2.015770997358373,0.2038494050502777,0.20322643220424652,121
18640000,persistence,zero_shot,CAMELS-BR,0.997757672139024,0.997054090151764,19.174471527573992,11.529762086414156,0.22214404115511274,0.0007016153493749691,0.9972345174739108,32.918080138428486,36.0,0.18463212251663208,0.17931781709194183,84
18650000,persistence,zero_shot,CAMELS-BR,0.9987173919480106,0.9992749609718755,31.5301734866505,22.107637352738642,-0.020560456952741318,0.002007893903370965,0.999576037020899,33.773214557970874,35.66694839099261,0.1464701145887375,0.14361552894115448,163
18849100,persistence,zero_shot,CAMELS-BR,0.9808468374546793,0.9824015239953791,1041.5646500399127,158.14361702127658,-0.8706416372725658,0.0,0.9851041733671604,0.0,0.0,0.115569569170475,0.11658460646867752,188
18850000,persistence,zero_shot,CAMELS-BR,0.9991800193677953,0.9976281207698813,203.87149578867556,131.81667831096243,0.15323551440141653,0.001255928701290189,0.9976565442077006,273.67368164372203,261.13795070571865,0.1103716716170311,0.11074354499578476,188
18870000,persistence,zero_shot,CAMELS-BR,0.9876615513377633,0.9923363665633668,23.631111632095234,11.210225793940133,0.32103099960106757,0.0005582830234884539,0.995393345777574,42.67942998485156,31.174152926849043,0.3571930229663849,0.3433566093444824,167
18880000,persistence,zero_shot,CAMELS-BR,0.9937480539329319,0.994354018672953,31.094580503476017,16.909437749534845,0.3146849880258971,0.002603806288061214,0.9952207161884175,38.364999270398656,12.006659333868257,0.25574687123298645,0.2464611679315567,128
18901080,persistence,zero_shot,CAMELS-BR,0.9808473708062182,0.9824026756716837,1038.412846300402,157.66489361702128,-0.8705369570577521,0.0,0.9851054118346553,0.0,0.0,0.11556308716535568,0.11657793819904327,188
18940000,persistence,zero_shot,CAMELS-BR,0.9921557789425192,0.9852852699196779,4.7187803915906725,2.780512968699137,-0.016998843567141708,-0.001594790570202979,0.9857383737054357,9.661306729284536,10.821990966796875,0.11306364089250565,0.11592907458543777,96
18960000,persistence,zero_shot,CAMELS-BR,0.998433913403134,0.9947608674379094,0.3042713392125671,0.19603446982372766,0.09290839576798933,-0.0007199260714200739,0.9948118044250878,0.44721421155038854,0.4527690884017836,0.08129183948040009,0.08241704106330872,174
19100000,persistence,zero_shot,CAMELS-BR,0.9918838554841265,0.9881961855926257,6.401313420779822,3.517326595935416,0.4325609100348289,0.0005159153621475537,0.9888522010981454,7.783220901086053,7.190716625771801,0.18839339911937714,0.19024430215358734,188
19150000,persistence,zero_shot,CAMELS-BR,0.9936874633169998,0.9871147712148031,87.48919605553523,46.223713813944066,0.4392411532192265,-0.000376427790286904,0.9874581770409955,129.97199007305602,55.93221544525251,0.16893987357616425,0.16820934414863586,188
19200000,persistence,zero_shot,CAMELS-BR,0.9585431582642411,0.9372453259034104,3.7565521028800344,1.8328191094258999,3.251857683680324,0.0006990994252705773,0.9399050389571395,7.914543654491713,4.8728347320435175,0.3596651554107666,0.38100022077560425,188
19300000,persistence,zero_shot,CAMELS-BR,0.9511406319774883,0.9728962260565392,7.585442576458354,4.585106372833252,0.4002828072536607,-0.0010934313788360031,0.9879389860003777,10.735455276791944,16.80773631397161,0.23658913373947144,0.24300697445869446,188
19400000,persistence,zero_shot,CAMELS-BR,0.9622374344456242,0.9789905849627182,4.873839986545117,3.3018073403691672,0.7270976332200861,0.0011759269292731939,0.990744774549586,2.878193856906667,2.3853722589574224,0.23273040354251862,0.22213837504386902,166
19985000,persistence,zero_shot,CAMELS-BR,0.9578238698505823,0.9684775739196642,34.859464387995075,16.937165549823217,-2.174657988146983,0.0008130562553137349,0.9764362378124549,70.1345005366835,121.96205128196816,0.4061879515647888,0.4048604667186737,182
20000900,persistence,zero_shot,CAMELS-BR,0.5841825563743908,0.7119657886435291,0.7499439096351669,0.13579277101769505,-5.457162166145833,-0.002098245835122199,0.825215243471325,2.8843644153931547,6.444599866867065,0.3933703601360321,0.34418871998786926,83
20000950,persistence,zero_shot,CAMELS-BR,0.7349597015399292,0.8119619710232113,0.06234168920026982,0.022337233766596368,-3.038876164824296,-0.002424127767775398,0.8715383882589336,0.1875694602507051,0.43650001287460327,0.13500897586345673,0.08664395660161972,94
20001050,persistence,zero_shot,CAMELS-BR,-4.721325660524324,-1.2331627983487228,0.17282365807191752,0.023525333104965587,94.66597031470009,,-1.219119195225753,0.6690656738041512,0.0,1.401822566986084,1.641730546951294,75
20001130,persistence,zero_shot,CAMELS-BR,0.904652565264058,0.9317632159184155,0.10014743874593632,0.037561907299927304,3.602708712881709,0.007810118635325694,0.9464695763102733,0.09200220504277284,0.18800008296966553,0.1574818193912506,0.17953574657440186,84
20001200,persistence,zero_shot,CAMELS-BR,-0.0023437353515700643,-0.27038498958488355,4.502123603332048,0.6203371092830736,-30.74808489490374,0.0,0.030136150217004554,19.750121602833467,44.018499314785004,0.845042884349823,0.3161855638027191,97
20001300,persistence,zero_shot,CAMELS-BR,-4.906706065213576,-1.3308489364136564,2608.1259924781316,559.2174923549528,112.33240223298723,-0.013892346445461605,-1.330835630528095,7221.116239335749,12506.31982421875,0.5517623424530029,1.311759114265442,23
20001400,persistence,zero_shot,CAMELS-BR,0.9004497371983159,0.9360550378541541,0.30117060844968513,0.13571951529238283,2.6092553640053757,-0.0008111904960878859,0.9597367304564461,0.36500951871533777,0.20399999618530273,0.27211031317710876,0.2711643576622009,82
20008000,persistence,zero_shot,CAMELS-BR,-358.54782032462117,-17.847328728156537,17.7192640326532,2.3101650760878645,361.22216072742384,0.00162363430055373,-17.847306854384506,62.89234495089098,140.63109970092773,0.6709914207458496,1.7241601943969727,63
20009000,persistence,zero_shot,CAMELS-BR,0.5217871014452005,0.5748884361681352,2.6069400044734623,0.7405175374962433,-8.247937609457221,0.0,0.6671102365626429,10.501104506321632,20.938868723670176,0.5331697463989258,0.4550410509109497,171
20017000,persistence,zero_shot,CAMELS-BR,0.8987206535795622,0.945831656056967,0.20767131809593056,0.06489064540082251,1.4026212121853348,-0.00045902638429363984,0.9766338333780789,0.7222019694754825,1.4324867680762443,0.2706209719181061,0.2770499885082245,171
20050000,persistence,zero_shot,CAMELS-BR,0.8110492912921998,0.8765040210168057,54.453130696812295,22.492230110980096,-3.205986985000728,0.0010489016705969266,0.9235378295352294,195.26619458895146,306.24923683864824,0.3608763813972473,0.35663843154907227,188
20090000,persistence,zero_shot,CAMELS-BR,0.8059725878159163,0.8868576525769021,58.16370025260336,19.800989434270576,-2.6201396452995733,-0.0006273590149995789,0.9358609699648641,225.59484764908024,366.3597658023873,0.34424036741256714,0.29714280366897583,101
20090010,persistence,zero_shot,CAMELS-BR,0.9230864057694981,0.9519950739904666,20.62049711253348,8.59522734231096,0.7549258868937156,0.0,0.9681120346732871,60.98716277522097,93.88003483979985,0.216730535030365,0.22761768102645874,123
20100000,persistence,zero_shot,CAMELS-BR,0.8828925816690127,0.9033449233351067,7.208913657451975,2.8488391102888646,-5.095041155927692,-0.0028111732852344404,0.9233684302807905,22.20786457465218,15.466587903791705,0.39136192202568054,0.3444678485393524,156
20100010,persistence,zero_shot,CAMELS-BR,0.833342872971163,0.9131060808902729,9.342516102261326,4.382659496145045,-0.5189379325271498,0.0004376555740980663,0.9796315275255689,24.744837531830417,17.050187767330105,0.3465111553668976,0.3512035608291626,188
20150000,persistence,zero_shot,CAMELS-BR,0.8233836950473429,0.8854218861797444,1.2407762833293803,0.4975666508078575,4.608977469810661,-0.001279782260301364,0.9164570349704335,3.9979681118386403,2.721213076984534,0.391186386346817,0.4668770730495453,120
20200000,persistence,zero_shot,CAMELS-BR,0.8188679500076714,0.9047290753706909,22.21788774441009,8.6589465290308,-1.487277527515706,0.003913459794451974,0.9733690589335343,83.17915326744973,65.8636022896724,0.480286568403244,0.5137364864349365,184
20250000,persistence,zero_shot,CAMELS-BR,0.972126483390877,0.9860060909176831,29.76818121470202,12.44438295668744,0.07685586953573761,-0.0003014578130606793,0.9981036858480186,103.77843044639161,18.366778682733074,0.28703776001930237,0.3011783957481384,188
20489000,persistence,zero_shot,CAMELS-BR,0.6864372458922412,0.7307889943746875,129.31014022757088,54.391378698677855,-10.324203068982287,-0.0070081742973050615,0.7850237895678976,461.87882818001947,798.4200439453125,0.4603106379508972,0.38670775294303894,58
20490000,persistence,zero_shot,CAMELS-BR,0.8990791399563558,0.9314458036603654,83.6633312469599,38.59212262579735,-1.7324810963864858,0.0010323784961034574,0.952250517459987,269.7208691048517,500.5934144893718,0.40103578567504883,0.3677082359790802,188
20500000,persistence,zero_shot,CAMELS-BR,0.9373681061717589,0.932635696887526,82.08994886322617,39.43534522360944,1.2286751295530773,0.0007085661787391492,0.9382625870416301,240.66315381386534,377.53066258180127,0.23711222410202026,0.2526823580265045,188
20699000,persistence,zero_shot,CAMELS-BR,0.39225413705735956,0.7037660246198387,19.41629324404803,6.608129430842656,-0.1959489773685254,-0.0028498729511906608,0.9685903978350053,55.77537175715444,82.26996114921117,0.48204028606414795,0.5345836877822876,186
20700000,persistence,zero_shot,CAMELS-BR,0.5966357071067903,0.7266072271366237,41.46322280030251,12.444702285401364,-1.9399726333277882,-0.000688620945988247,0.8389231689738907,163.76033879176438,301.98527788697277,0.5622758865356445,0.5939761996269226,188
20899000,persistence,zero_shot,CAMELS-BR,0.7944994316714318,0.7516053410313093,46.97575567385983,17.4082660228014,-8.012115809220013,-0.0008285279064042493,0.7721488303203624,171.84263078205618,234.05005813313264,0.5515140295028687,0.5455023646354675,128
20900000,persistence,zero_shot,CAMELS-BR,0.765415878437262,0.7646000242804767,40.049031894782516,13.786890126289205,-7.530879354786097,-0.0017410459141676236,0.7940737725993049,154.62571444358724,197.57934701147303,0.407889723777771,0.36819854378700256,188
20950000,persistence,zero_shot,CAMELS-BR,0.3230952779810293,0.5726395969491236,27.107446726461173,7.730666523918193,-9.38455838831148,0.0,0.8114480093401204,110.30930758969286,208.09567949808945,0.7157362103462219,0.6954339742660522,188
21050000,persistence,zero_shot,CAMELS-BR,0.9537742052596271,0.9395705303715213,109.29980037054148,50.96713224370429,0.15179298436439528,-0.0003974041143698162,0.9424277603743871,331.89782382216134,600.2559312521087,0.2336779683828354,0.2499845176935196,188
21050020,persistence,zero_shot,CAMELS-BR,0.6909758239783304,0.8371998512830863,134.61233999682725,92.02593028027079,-0.5859345689025396,-0.0004888481375858161,0.9656821296389411,234.70429369458455,146.98434283845293,0.20290030539035797,0.2109072357416153,184
21070000,persistence,zero_shot,CAMELS-BR,0.9017607020855872,0.950153282363591,97.74666065950356,63.192716842002056,-1.069046983929655,-0.00021484459155188523,0.9891202368206597,139.46202435452747,112.3734407401946,0.15957322716712952,0.1652926653623581,188
21080000,persistence,zero_shot,CAMELS-BR,0.33055877174559734,0.6322423842531062,229.20963878213826,138.70744680851064,-18.97597081963078,-0.009976419246865494,0.7675311161337557,464.5310538596962,559.0348826325599,0.2658052146434784,0.2599913775920868,188
21210000,persistence,zero_shot,CAMELS-BR,-0.26005084540773815,0.28519292705618327,3.813968131179782,1.3253570371203953,18.652849498493264,0.0015832072828240347,0.330132465252596,13.136353626761958,12.554181215172942,0.552026629447937,0.5306530594825745,135
21220000,persistence,zero_shot,CAMELS-BR,0.9888349220980391,0.9909468473097739,8.847640997962602,4.099000225832433,0.713544170580455,0.0016929994493832048,0.9924566187075193,28.555372656039008,34.805224598200006,0.36647164821624756,0.3723515570163727,162
21300000,persistence,zero_shot,CAMELS-BR,0.6314407019844601,0.6734915184649882,11.465894623451137,4.14879869733538,5.673737455589178,0.001664737982611744,0.688881846343853,39.13649585391507,32.0218243106534,0.22810770571231842,0.2827776372432709,140
21500000,persistence,zero_shot,CAMELS-BR,0.9697523633659347,0.9769991559205178,39.809666212420616,15.034437956633392,-0.7989724023292804,-0.0009147274775757885,0.982277611711802,121.11635676770914,76.75290661871,0.31161993741989136,0.33865129947662354,162
21510000,persistence,zero_shot,CAMELS-BR,0.2743901490693189,0.6591033126443422,12.205384537695632,2.1436478787280144,2.0774787392727174,-0.000496185802010194,0.8977212864098187,51.22139809024323,97.13261444078485,0.3211580216884613,0.35880881547927856,188
21545000,persistence,zero_shot,CAMELS-BR,0.5473510025333841,0.761113177021602,1.1409554342334591,0.46504141489664713,-0.012114170236352367,0.0004663085744137951,0.9546234961321164,4.138463922944184,6.02815814983485,0.06270919740200043,0.05945683643221855,135
21560000,persistence,zero_shot,CAMELS-BR,0.931606852345577,0.9189622204277729,10.587339319942934,4.966072135501438,2.052226902855967,-0.0008913779545138764,0.924272163770519,34.11477439132735,41.15746444772452,0.3986736536026001,0.40115615725517273,144
21580000,persistence,zero_shot,CAMELS-BR,0.5195393946433726,0.6704604164282215,1.3117785999073852,0.3566256286823644,-3.1784652975759666,-0.001002147449988093,0.8070407029640945,4.998004222447972,7.736339553588332,0.13777472078800201,0.12378550320863724,113
21600000,persistence,zero_shot,CAMELS-BR,0.9333205370355906,0.9515850134018653,43.152708515007724,18.96805795205606,-1.3667885799362902,0.00012823104104635677,0.9625208711349412,142.48924273170257,160.37385498795123,0.3656240701675415,0.3540927469730377,185
21650000,persistence,zero_shot,CAMELS-BR,0.9502880003651116,0.9199912436141472,118.76366088188345,45.180705050204665,-3.3292474839048243,-0.0028776406344328126,0.9232923635700392,425.1444434733274,696.0084022384262,0.3419739603996277,0.30161410570144653,188
21660000,persistence,zero_shot,CAMELS-BR,0.8805256388704762,0.9326147350481636,91.570808915592,35.42729582837833,0.7157696889336361,0.0,0.9639468027335973,312.19756557105535,174.44097237089142,0.41751623153686523,0.4714190661907196,186
21750000,persistence,zero_shot,CAMELS-BR,0.864698818282388,0.9324262549353854,4.528292862584302,1.429775942662719,-0.3187450488409864,0.00044721432655842486,0.9870189507214977,17.889021411998037,10.50807409386447,0.16072005033493042,0.1493256390094757,157
21758000,persistence,zero_shot,CAMELS-BR,-0.9442663925123,0.20279000193863772,18.650265662872474,4.980406920115153,7.34188116593245,0.0001636915603176318,0.3376407704412562,14.247740964970705,4.1569976806640625,0.13223731517791748,0.2606351375579834,84
21850000,persistence,zero_shot,CAMELS-BR,0.6816331947642136,0.7802689436233831,58.220922193172775,27.13628870375613,-2.088746981613918,0.0018357834185178251,0.8620136327977216,222.6033209376915,301.724801905475,0.3085443675518036,0.28459954261779785,188
21860000,persistence,zero_shot,CAMELS-BR,0.6983362354106898,0.7111849756446051,83.47705225070847,32.53659800047515,-2.5747026894167213,0.0022309771684297357,0.7522157106165515,323.44003081244324,662.1264761267762,0.33896777033805847,0.30913910269737244,186
21890000,persistence,zero_shot,CAMELS-BR,0.8493353900376805,0.9040149754098442,94.85271024390684,33.56755410863998,2.117773819834571,-0.0005027195748248323,0.9325633832894613,378.6609390145126,459.2892006981331,0.2743748128414154,0.31984764337539673,188
21891000,persistence,zero_shot,CAMELS-BR,0.93624833008624,0.9670078086575684,31.845703436350828,13.023102699442113,-0.06944471714120974,0.0013413345777220625,0.988662919883219,91.14843201755878,45.580846055589774,0.2185903638601303,0.24279704689979553,188
21900000,persistence,zero_shot,CAMELS-BR,0.9474419938407589,0.9210746313828536,179.1096982528796,69.48156494789936,-2.682671777805124,-0.0010706706099752258,0.9250863465888027,646.370061798553,1017.5939186886245,0.2942596971988678,0.25576597452163696,188
22040000,persistence,zero_shot,CAMELS-BR,0.8711575097422017,0.9126330417112016,305.5615258387131,127.73254153149276,2.589723865156276,0.0003901367612742096,0.9348132187244251,836.9129632769734,1693.5436130307826,0.21936708688735962,0.22664204239845276,177
22043000,persistence,zero_shot,CAMELS-BR,0.8274807731647248,0.8305564930747968,303.0167294026393,191.12765957446808,-15.303774539401752,-0.0042750102124558455,0.8410752381092156,539.8582221287363,669.6211615533069,0.32671332359313965,0.33106619119644165,188
22045000,persistence,zero_shot,CAMELS-BR,0.7784738022282088,0.8569312831916194,259.90876942883017,162.94930160778196,8.675847485764299,0.002863211541837966,0.8890069507142092,512.1147550862928,722.0331282637667,0.3497125804424286,0.32727429270744324,179
22050001,persistence,zero_shot,CAMELS-BR,0.8421168185734285,0.8627404325024948,384.57588984600045,178.68420741869056,2.659376804573968,-1.5041117071576751e-05,0.8767501604810465,1303.6191517162238,400.66479864403385,0.2735525071620941,0.37364012002944946,184
22100000,persistence,zero_shot,CAMELS-BR,0.9537613180813089,0.9718594989485281,36.11086280612681,8.90766735091994,-1.6115481815569264,-0.002804688230927499,0.9838391521033278,16.893426141344097,12.402657393822459,0.3640095293521881,0.356749027967453,158
22130000,persistence,zero_shot,CAMELS-BR,0.9312722476556065,0.9609628655631676,9.19132731663033,2.574361092332056,1.8545596753162699,-0.00017366942685656528,0.980796834100548,7.68678996998646,3.3971731328788253,0.2340703159570694,0.22425858676433563,118
22150000,persistence,zero_shot,CAMELS-BR,0.9951475471712994,0.9936538315142894,14.051774461448783,6.2435395484385285,0.3646686707216509,0.0005183966843397558,0.9941107833580571,25.353424694022227,28.174677611589985,0.23570574820041656,0.23720669746398926,184
22160000,persistence,zero_shot,CAMELS-BR,0.9945156713632487,0.9876378845717044,1.919482513076375,0.953808356975687,0.7994216501023894,-0.0011106595082781279,0.9879053962004828,4.330803401088194,6.143028290361399,0.18412424623966217,0.18725398182868958,145
22186000,persistence,zero_shot,CAMELS-BR,0.8585784693817372,0.9272728961272734,5.077297544522181,2.4888196545977923,2.1554002128678524,-0.00020681494607429577,0.9678256070004754,11.795749515173236,11.431999206542969,0.12623022496700287,0.13794831931591034,86
22190000,persistence,zero_shot,CAMELS-BR,0.9250423209599459,0.9613223979180119,6.998132352604448,3.4555452515097227,-0.977855264574341,-0.002522517066123997,0.9894053939353734,15.921173746914524,20.73104796645001,0.3480042815208435,0.3287968039512634,170
22220000,persistence,zero_shot,CAMELS-BR,0.7927114793050702,0.8964394825327239,57.41706698555348,25.91534360249837,-1.0666124392752305,-0.013621847381164683,0.9842232049585878,151.28654502446622,6.59002685546875,0.4702886641025543,0.5622406601905823,66
22241000,persistence,zero_shot,CAMELS-BR,0.6057408056367071,0.776786442359368,13.853143656330388,4.206871843673814,-1.2591399821444065,-0.001668731983844058,0.910868538598659,33.39677976340965,53.487185885643605,0.539571225643158,0.6312189102172852,142
22250000,persistence,zero_shot,CAMELS-BR,0.9306141077062058,0.9556932969075935,64.407903543824,28.882518446963765,2.7433620260904985,0.002575446251711355,0.9714948152435263,201.27118192199723,193.50462830647888,0.42622676491737366,0.46539539098739624,184
22280000,persistence,zero_shot,CAMELS-BR,0.8962314042116666,0.9378638965285425,280.2698462064548,179.17449951171875,2.1185398193243477,0.001616018565521956,0.9650245388525722,703.233977942639,1321.6450975706248,0.21894019842147827,0.21841517090797424,188
22350000,persistence,zero_shot,CAMELS-BR,0.9695057178205889,0.9395654875035835,247.08032123933313,131.24421984084108,0.13028342031282727,-0.002417632153265667,0.9412305072467235,745.4559581022716,564.2943260890534,0.232323557138443,0.20782528817653656,188
22490500,persistence,zero_shot,CAMELS-BR,0.8395821131831052,0.7938529271539408,617.9124559284182,318.8776595744681,-13.511631716906946,-0.003953184130077451,0.8054186277875045,2084.5855223521053,3562.217076484812,0.37918874621391296,0.4142892062664032,188
22500000,persistence,zero_shot,CAMELS-BR,0.9539627341224821,0.9636732708514324,257.5884409488145,152.07120660010804,2.6128327496700536,0.00048041689220936976,0.9712196140785609,603.0509871740497,747.0513244188903,0.2577662765979767,0.24406449496746063,188
22511000,persistence,zero_shot,CAMELS-BR,0.8380692837704407,0.7748468152239327,11.295795191502775,3.328943044908585,8.119711960691305,0.004381256428344735,0.7768870825171882,44.171771229397166,96.94800567626953,0.20079927146434784,0.28783151507377625,93
22670000,persistence,zero_shot,CAMELS-BR,0.7035082553859793,0.78899444493938,33.91578429154488,8.500810623168945,-2.432791037509448,-0.0013599502762803133,0.8510307134615264,139.2407563577574,260.21992362061707,0.22275413572788239,0.20150098204612732,136
22680000,persistence,zero_shot,CAMELS-BR,0.7049333017154809,0.762708501120501,84.01570726020377,28.40381087427554,-1.9605250710196356,0.0012892007922590838,0.8233457094396419,324.8453761257889,684.6611299633046,0.27043014764785767,0.23076649010181427,184
22685000,persistence,zero_shot,CAMELS-BR,0.8580569379050998,0.9099435657675469,38.20903152443246,15.554868048809944,0.11958435850315283,-6.740494759192861e-05,0.9360718996274289,128.55332567881024,17.992937614278905,0.20529605448246002,0.22416952252388,188
22700000,persistence,zero_shot,CAMELS-BR,0.8700434147641658,0.931652717652713,59.560638350332994,30.0556541891659,1.3154061429350326,-0.0007602921743230656,0.9731902322029861,190.68985633430432,115.2377487243501,0.26905831694602966,0.284331351518631,153
22730000,persistence,zero_shot,CAMELS-BR,0.9309227989651176,0.9161405381683867,24.050259863664134,11.098936060641675,0.8764379492578229,-0.00260049419068787,0.9208532092560736,71.2460525222275,135.35139452550905,0.28956881165504456,0.3263109028339386,188
22738000,persistence,zero_shot,CAMELS-BR,0.9301769056839079,0.9591062720060463,22.453771977401516,11.697402954101562,-0.09590028291761202,0.0008917242704338038,0.979350215122243,66.0923763313346,97.30436317078205,0.24523323774337769,0.23698587715625763,188
22741000,persistence,zero_shot,CAMELS-BR,0.8504976225336409,0.9077362254633086,31.71286820562526,11.74480238414946,2.358660725484525,0.0012374396737218677,0.9366506042186231,38.27707182186603,39.988006591796875,0.16995182633399963,0.18701906502246857,84
22750000,persistence,zero_shot,CAMELS-BR,0.8403785165786992,0.9161426406084872,104.57248948348152,52.9607705902635,-1.2725987686547882,-0.003200889582470473,0.9653728851424598,219.51990334305623,234.63451367048177,0.31623297929763794,0.39554882049560547,114
22850000,persistence,zero_shot,CAMELS-BR,0.9136796254866499,0.9372245128218425,31.367614441359546,15.164896254843853,2.1892568658129474,0.00019496622353034135,0.9517019594460097,63.553454517005534,10.41633764765597,0.28071823716163635,0.32255199551582336,188
22900000,persistence,zero_shot,CAMELS-BR,0.9349091144899627,0.9527405788020883,123.69644533465744,66.7690548177538,-1.0457999841622512,-0.000589542767683509,0.9647107937787556,349.51647889020046,428.73158392436835,0.267036110162735,0.2653504014015198,179
22910000,persistence,zero_shot,CAMELS-BR,0.9173521008177189,0.9273940087301074,98.41210730945981,47.62531572707156,0.9335763499952756,0.0006102381440319798,0.9371551550263056,254.22579474081627,61.73382026294712,0.2629019320011139,0.2874563932418823,188
23100000,persistence,zero_shot,CAMELS-BR,0.9843330568008909,0.9882215832895773,312.5984418768856,176.7856208570076,-0.055950770008008,0.0005834523969395385,0.9911792035391249,440.166962851744,252.68829535510815,0.23391740024089813,0.22445693612098694,165
23100100,persistence,zero_shot,CAMELS-BR,0.9676558513851177,0.9693852160157106,282.7865338561529,155.62948186346824,2.400419006199021,0.0008445408161801525,0.973109249304151,646.5041668814969,944.0158612232218,0.2451823651790619,0.2326858639717102,188
23130000,persistence,zero_shot,CAMELS-BR,0.9475804410502566,0.9722263307028217,2.3126861178415425,1.2155834896133302,-0.6668458479679421,-0.00046067485089051896,0.9907830077257329,5.129308778147373,4.004586494745344,0.3995668888092041,0.3813651502132416,188
23150000,persistence,zero_shot,CAMELS-BR,0.8160380521350787,0.9071276273948207,17.90843631923608,8.006728087261225,-0.431560270535039,-0.0014944868490239377,0.9722852134286972,57.08075324050425,77.40536177551134,0.40973830223083496,0.39988934993743896,157
23150100,persistence,zero_shot,CAMELS-BR,0.8957149298545635,0.9238089463127805,10.075141919134401,4.400019610181768,1.1398628149719041,-0.0010776143590978393,0.9399448123123988,36.585754383143005,30.621179758187857,0.39763855934143066,0.37825965881347656,188
23200000,persistence,zero_shot,CAMELS-BR,0.9856759898991647,0.9779838692447886,510.03468789597326,238.66285714285715,-0.8359098828719044,-0.0006915642517042048,0.9790576372903002,1129.0736124018763,1069.3458280649904,0.25531506538391113,0.2702423632144928,175
23220000,persistence,zero_shot,CAMELS-BR,0.9725285678176951,0.9848827930291,2.7252770937936037,1.1784041638069964,0.01580599846672886,0.0,0.9932324171855408,7.897662743894035,4.545095360691363,0.15742148458957672,0.16258935630321503,188
23230000,persistence,zero_shot,CAMELS-BR,0.7539547667730002,0.8773053834736522,32.309899600496394,13.42617416381836,-0.1810153852757021,0.0016665226209739668,0.9690345047601681,108.25094435471695,47.68129263040674,0.4022475481033325,0.3963411748409271,171
23249000,persistence,zero_shot,CAMELS-BR,0.948534743683816,0.9638932320122933,23.953280151702764,11.06860883185204,-0.2977943795314287,0.0011801147780489164,0.9749509074909125,71.49467309828724,51.57661363266091,0.2714358866214752,0.26991304755210876,188
23250000,persistence,zero_shot,CAMELS-BR,0.9616539190576611,0.968688462438531,23.727535930301944,11.759161965141084,-0.6291239990550593,-8.654451574550623e-05,0.9751120319768627,51.96135781731916,61.624706936035054,0.3323436379432678,0.3100942075252533,179
23251000,persistence,zero_shot,CAMELS-BR,0.7238540270371557,0.8535948637045276,32.22233509595617,8.778634913308279,3.8970056136112343,0.0013853732464083474,0.9545890244701567,116.33229756198355,164.4372833551568,0.8429334759712219,0.884822428226471,175
23300000,persistence,zero_shot,CAMELS-BR,0.9852376857374731,0.9858107360020094,221.85776988284027,141.07921778902093,0.006401510759575553,0.00174638331124383,0.9877483387728939,492.8819416241794,509.5716057572891,0.18841958045959473,0.17772918939590454,188
23466000,persistence,zero_shot,CAMELS-BR,0.9738592483866563,0.985453074584851,5.342153632679958,2.8119957244142575,-0.6444758657068644,-0.001174284899252715,0.9917632139801853,15.558036056959654,13.873522452476934,0.2839421331882477,0.29082798957824707,188
23468000,persistence,zero_shot,CAMELS-BR,0.8570872157867488,0.8710602490316648,16.669125395288727,5.667068958282471,0.40025517183706055,6.328136795893079e-05,0.8835166544022143,64.20472147360441,89.88875135320443,0.2240479737520218,0.24380676448345184,188
23490000,persistence,zero_shot,CAMELS-BR,0.9008916716437606,0.8683539442328039,663.1902265532452,449.0531914893617,-11.910548286247066,-0.003236501794850301,0.8738959886909033,1272.9822465376335,2012.3658961530828,0.2740402817726135,0.2923961281776428,188
23495000,persistence,zero_shot,CAMELS-BR,0.8896134206065444,0.8997886329335726,678.6106658591542,367.85789457280583,7.770941817121693,0.0016861432391521766,0.912512758739134,1273.338838275397,1319.0213858538739,0.2848685085773468,0.33296388387680054,188
23600000,persistence,zero_shot,CAMELS-BR,0.9376538347530585,0.9665440945652837,518.283329110374,315.8918560920878,-1.0232994069991113,-0.002446355323529551,0.9864160068490896,864.8912085137268,454.5771505391086,0.22675925493240356,0.2116759717464447,188
23610000,persistence,zero_shot,CAMELS-BR,0.8670253450154781,0.891593207451158,6.322584348882602,2.5553331415993825,-2.5350012285474817,0.0,0.9157170755754596,19.55130950646455,6.836416559865425,0.5627350807189941,0.5105245113372803,175
23650000,persistence,zero_shot,CAMELS-BR,0.7178399643570632,0.6874351558385143,26.84941139627062,6.523115808313543,-10.195068124291065,-0.0008314328299375007,0.722282380766391,115.11592100749255,203.52266981347128,0.7513779997825623,0.679753839969635,154
23700000,persistence,zero_shot,CAMELS-BR,0.9699838835043985,0.9794804318124639,517.3688143067686,303.2500693238812,1.23164924884293,0.0006050395196987336,0.9854868126713976,1083.034506534649,657.0613191841289,0.2783268094062805,0.2651211619377136,162
23710000,persistence,zero_shot,CAMELS-BR,0.9862311337393767,0.9906747714295999,263.33581413854915,148.2012173267121,0.37120492832320584,0.0004229970090805883,0.9933028212396887,807.0849899383176,1237.5926622820818,0.2057022750377655,0.19277611374855042,188
24050000,persistence,zero_shot,CAMELS-BR,0.9435076308525249,0.9713482393646182,2.6498808496216726,1.386170285813352,0.12332351710897764,-0.0003163877677096758,0.9941050071417513,2.2624055620816503,0.7651464224920009,0.10180998593568802,0.10265346616506577,188
24070000,persistence,zero_shot,CAMELS-BR,0.9189573603864367,0.9370481523264714,2.9235344697530725,1.7238881363827958,-1.245714329219858,-2.6304275847158914e-05,0.9521715700753233,6.930974566040492,6.804420733850713,0.26022136211395264,0.24748776853084564,117
24100000,persistence,zero_shot,CAMELS-BR,0.867539304854103,0.9255156722001786,17.1693708443713,7.487373737578697,0.5804963054316109,0.00048442224645352076,0.9534519930824453,62.53713512569997,74.30407605724866,0.20463146269321442,0.2128189206123352,188
24150000,persistence,zero_shot,CAMELS-BR,0.4170653005082764,0.457442757700113,15.191815148467974,5.80543110493956,-9.731901444421238,0.0010921208593821646,0.5813760371229444,54.579100514002114,88.05112151472007,0.6513243913650513,0.5623505115509033,116
24180000,persistence,zero_shot,CAMELS-BR,0.7585677218321834,0.739967038414671,125.3342543599261,48.31154328204216,6.523841722322227,-0.0027035993411311694,0.7496219079311116,420.77637838574407,758.5069072403359,0.3762063682079315,0.4527962803840637,188
24196000,persistence,zero_shot,CAMELS-BR,0.8633498033250837,0.8831890276858265,10.919325156542552,3.5150945963281575,2.2349723804217443,-0.0009936120724697087,0.8981214642390679,22.44117449533743,14.986030586041677,0.6388483047485352,0.6959104537963867,132
24200000,persistence,zero_shot,CAMELS-BR,0.9787079735384104,0.9811658339191484,28.118617871709706,11.878611167271933,-0.6336878177280201,-0.004237498990436163,0.9841219790950833,46.37133587448725,71.5999755859375,0.317598432302475,0.32506462931632996,96
24500000,persistence,zero_shot,CAMELS-BR,0.4684693350230513,0.7339981046526067,61.10074540601502,24.996700183063947,7.947258789918475,0.002102848292525262,0.8877089480498581,160.87267364630765,202.97981282865234,0.5348371267318726,0.5612918734550476,147
24650000,persistence,zero_shot,CAMELS-BR,0.8842760460032768,0.9206189828009429,9.086254270407869,4.4836170546551966,3.505599382801205,0.001289685761360463,0.9406475262806737,23.456510533237523,35.39507471832482,0.33610397577285767,0.3849335312843323,188
24700000,persistence,zero_shot,CAMELS-BR,0.8982892499636279,0.9048154814231595,113.07366864758588,47.06037234602303,3.652419637347625,0.0014347886750995138,0.9149701074663694,415.28465296114894,599.8858554073661,0.3173293173313141,0.35139596462249756,145
24750000,persistence,zero_shot,CAMELS-BR,0.8688139401782611,0.8866875896613957,29.831035299228528,15.906352870604572,-4.629974951321438,0.010999445529611906,0.9083594181982398,99.90627429145167,98.26373920663985,0.540888249874115,0.52363520860672,136
24780000,persistence,zero_shot,CAMELS-BR,0.7237806671087167,0.8444152796765353,12.040368208073653,3.3124524851640067,-3.3189370835246566,0.0033735039361288063,0.9403633303036019,50.92945071181307,60.873826564521586,0.6240491271018982,0.6211704611778259,153
24800000,persistence,zero_shot,CAMELS-BR,0.9795988317592614,0.9819727397124245,19.625932588345055,12.012618301654683,1.1068527247474598,0.003505602302747487,0.9846764355103096,56.68447678351801,60.95704458513698,0.4199875593185425,0.42214933037757874,145
24850000,persistence,zero_shot,CAMELS-BR,0.8949996655547654,0.9304684433705018,165.39708626399099,74.24208595012796,1.5514006384536856,-0.000307960349006417,0.9498497970533171,489.527060409996,671.942690305457,0.30803704261779785,0.3584415018558502,145
24900000,persistence,zero_shot,CAMELS-BR,0.6425748968079528,0.7137072312106023,10.557052040250381,3.2964322989500023,5.165867393154935,-0.0010688320509960238,0.7367365454235857,41.292021553854084,64.474573115341,0.39601701498031616,0.4304473102092743,158
24950000,persistence,zero_shot,CAMELS-BR,0.9054431442981047,0.9058466107347748,34.17577050515508,14.798828359510077,0.47912798208636476,0.00103137172910071,0.9142847301978198,106.06361042791018,148.5038893953978,0.45985719561576843,0.4788609743118286,183
25080000,persistence,zero_shot,CAMELS-BR,0.625393993729211,0.7465466830064749,0.11045520191641182,0.03503703748186429,5.975395504069718,0.007086046375069294,0.7822770261738186,0.33695920528212503,0.5319324773229299,0.2682850658893585,0.34500396251678467,135
25090000,persistence,zero_shot,CAMELS-BR,0.3281958950949848,0.454560805301343,0.9368745627717856,0.19465959335517402,-8.705936123036562,-0.004467982093247554,0.6444493922426924,4.128295307355084,8.712999939918518,0.4988289475440979,0.360140323638916,99
25100000,persistence,zero_shot,CAMELS-BR,0.12994854868461814,0.03379661699747172,8.801286475365345,1.6115114010320415,-34.84335427629901,0.001222742073857995,0.253545129753602,37.35937358701871,72.23795902798834,0.9989691972732544,0.6509607434272766,149
25120000,persistence,zero_shot,CAMELS-BR,-0.11734538728317534,0.4634090369768116,2.2869498207954195,0.7628723527304828,2.966928154242301,0.003434202714075088,0.943182951645394,8.525636187187628,14.618353494026742,0.6556681990623474,0.657569408416748,188
25130000,persistence,zero_shot,CAMELS-BR,0.8303195045026395,0.8592190742824531,45.59238583085785,15.846464414448153,-8.371537162435633,0.0,0.8880687395144476,174.0725738232064,185.0094150808753,0.7319806814193726,0.7818011045455933,184
25140000,persistence,zero_shot,CAMELS-BR,0.9318743270888589,0.9582372881850709,6.761878516340056,1.8402572697714756,2.2084611220063555,0.0015736761401688691,0.9745552589363612,6.932677851295978,12.414655338747746,0.23219941556453705,0.23744019865989685,152
25200000,persistence,zero_shot,CAMELS-BR,0.9868543517880337,0.9918523952543488,88.50055468459395,45.284266083816,-0.4304396452719758,-0.001671333593718849,0.9949964134640928,160.29075982008175,275.2007750087746,0.24230772256851196,0.24489741027355194,145
25500000,persistence,zero_shot,CAMELS-BR,0.9261566152667939,0.9501142362797422,10.211798507994803,3.9679520998575857,2.514856747163093,0.0016600128712523227,0.9649901103142459,18.914713006133365,22.318714120665643,0.6492387056350708,0.6647359132766724,175
25700000,persistence,zero_shot,CAMELS-BR,0.9957870030652024,0.9902495866617484,53.09381468944864,27.982999311174666,-0.41488171520737216,0.0007437946386778423,0.9904634334736755,97.41611740005901,124.32453077786941,0.18067164719104767,0.17723725736141205,140
25750000,persistence,zero_shot,CAMELS-BR,0.9568528628944819,0.9397128715211756,29.750350733291658,9.724612353317854,-2.0503577358657954,-0.0015402117616026903,0.9434438296374955,117.96011863896062,134.91429855918284,0.5304774045944214,0.4944172203540802,162
25800000,persistence,zero_shot,CAMELS-BR,0.9937165250196027,0.9848664440586395,15.73911913109708,8.841029389804563,0.9632749871710584,0.00334668313810952,0.9851492144061114,30.634484269074072,13.4016927532798,0.2768748998641968,0.27509546279907227,151
25850000,persistence,zero_shot,CAMELS-BR,0.893395796504775,0.8122031046658229,0.7471851478851947,0.25182144343852997,1.4632889928813584,-0.000692670190149472,0.8125958030118057,2.7658634147682464,3.3000001907348633,0.36025506258010864,0.5170803070068359,28
25950000,persistence,zero_shot,CAMELS-BR,0.9966706524377648,0.9980429728749038,64.65044063202949,38.54761188588244,-0.09310873781969438,0.00045957979169066604,0.99880053458633,66.80334402269634,34.87617816438985,0.16298986971378326,0.16324083507061005,188
26015000,persistence,zero_shot,CAMELS-BR,0.9974737797939209,0.9909915777710946,5.26826097389354,2.231345558166504,-0.6851424377484616,0.0009393156492235669,0.991066578037019,16.252932341888247,1.8251620286312102,0.175974041223526,0.17790205776691437,130
26030000,persistence,zero_shot,CAMELS-BR,0.9986599868512338,0.998182787641099,42.516002345815394,27.9801271423813,-0.14119846757298285,-0.0010378018407640119,0.9982785781178355,52.56060576470157,37.337278584263416,0.12018488347530365,0.12136971205472946,129
26040000,persistence,zero_shot,CAMELS-BR,0.9912169327942633,0.994587945667549,2.687008522393426,1.3541372989086395,-0.09272006084389105,0.00058836203059787,0.9967546759565542,7.623181138136317,16.017388504342893,0.06492891907691956,0.06696771830320358,188
26045000,persistence,zero_shot,CAMELS-BR,0.7609724781296585,0.8557985522482705,3.4781214561565705,1.3024467711753034,-3.8661541891435856,0.005626792680301872,0.9264319465788962,12.083182664864953,13.043197248707454,0.4274979531764984,0.35639873147010803,188
26050000,persistence,zero_shot,CAMELS-BR,0.9864273975325701,0.9846260047502264,17.07995036682137,8.500267437526158,-0.20451603319242317,-0.00046373140123080053,0.9860292302897637,46.713003746306235,71.78984566478623,0.14994783699512482,0.12768834829330444,112
26100000,persistence,zero_shot,CAMELS-BR,0.9834010172626202,0.9839289310075556,27.755330553293003,13.287657165527344,-0.036720620456893865,0.0006049522138395977,0.9860966888648535,68.68263073525789,88.80336613509758,0.15062040090560913,0.157928466796875,140
26150000,persistence,zero_shot,CAMELS-BR,0.994456256165693,0.9918042423697282,4.700444310011213,2.4504779815673827,-0.1793007823398154,0.0015437874495852523,0.992213224749106,13.906824523232427,18.470826801759493,0.18149448931217194,0.1772504597902298,130
26200000,persistence,zero_shot,CAMELS-BR,0.9934853397539116,0.9789622362937441,33.52732567124983,17.17701488430217,0.9311393630312759,0.000296418230289492,0.9791523094859831,73.85284880753393,77.98819631743397,0.17908388376235962,0.1764611303806305,118
26300000,persistence,zero_shot,CAMELS-BR,0.9540596435921131,0.975535881256434,109.93499768105656,23.903951568603517,-0.773093277110726,-0.0007226848983457324,0.9915005459613605,52.166648193777974,41.7000732421875,0.12753593921661377,0.12875130772590637,100
26350000,persistence,zero_shot,CAMELS-BR,0.9988345807787709,0.998458126027194,66.21444643665913,40.03426650882692,0.1427880389741411,-0.00029628052050116593,0.9985470391417371,91.9533645589722,43.81810997895592,0.134062722325325,0.13533739745616913,129
26400000,persistence,zero_shot,CAMELS-BR,0.9974779168263228,0.9829579901084288,41.48140422589047,28.43103448275862,-1.0233756162410679,0.0008621532037143796,0.9829872838115757,51.20221349381945,45.0,0.11449620872735977,0.11216823011636734,58
26700000,persistence,zero_shot,CAMELS-BR,0.9962973431904725,0.9503169330265372,33.779079820844125,17.391914876302085,-0.5906048398632222,0.0002043715898013389,0.9503171076100868,106.01066032274026,129.030029296875,0.10067413002252579,0.0984971672296524,30
26710000,persistence,zero_shot,CAMELS-BR,0.9974156957514555,0.9887610702101406,4.059080985427685,1.826633544090916,-0.6699151021258359,0.0009552678707492532,0.988823412063239,10.35055787584778,1.2950077814127634,0.3039565682411194,0.2921890914440155,136
26711000,persistence,zero_shot,CAMELS-BR,0.9895852192569927,0.9899223624975027,14.41307826423707,3.5223850798995597,-0.8512614516138447,-0.003362666871453243,0.9913566575168511,0.5609056327189551,0.5819841534912881,0.16888143122196198,0.16939371824264526,184
26720000,persistence,zero_shot,CAMELS-BR,0.9692583309110481,0.9485157890668758,12.657343266980876,3.6629589991096188,-0.42996720797480764,-0.00043347483375703877,0.9491765737813139,52.46677122131862,92.71298115983184,0.39920416474342346,0.3599776029586792,136
26721000,persistence,zero_shot,CAMELS-BR,0.996512952944796,0.9931799050797423,7.383162711452157,3.7030207387548177,0.5418818864448768,-0.0007556922538189126,0.9933539978990128,14.350121651290992,22.49662417846948,0.2681146264076233,0.26401057839393616,188
26730000,persistence,zero_shot,CAMELS-BR,0.9975615016654557,0.9981533715242057,3.2840269587818045,1.5673479718546715,-0.1258276096662982,0.00151685195714725,0.9985184503056499,6.07254753613436,6.435801600637863,0.28594550490379333,0.29064273834228516,155
26750000,persistence,zero_shot,CAMELS-BR,0.99489041846739,0.9947884145011947,7.852338014980343,4.403147204125181,-0.4423044932499135,-0.0007439500966920226,0.9954281953478555,8.570438449904762,0.0,0.26583656668663025,0.263068825006485,188
26790000,persistence,zero_shot,CAMELS-BR,0.9779177537196317,0.981593341457482,4.157457726307413,2.0607975538011836,-1.0430403670039026,-0.004468961754683115,0.9848148777382169,8.493857974404706,7.816593507925963,0.384035587310791,0.40598052740097046,130
26792000,persistence,zero_shot,CAMELS-BR,0.994436409596103,0.9910632285573344,2.419361726588541,1.0035254760970271,0.7220336054570581,-0.005452528649465188,0.9914851382426706,3.735801232210028,3.0978788174733274,0.2305871993303299,0.22343486547470093,188
26795100,persistence,zero_shot,CAMELS-BR,0.9785957063500523,0.9781687577787141,2.095365547307059,0.7951550843084559,1.105911997867272,0.013438712844021428,0.9807605416098116,1.838677053426798,2.8995212781416653,0.21060478687286377,0.2122572660446167,136
26795700,persistence,zero_shot,CAMELS-BR,0.9951555867181019,0.9892610100904841,40.36095045652166,13.252859338008342,0.45671245713760955,0.0001544518626397512,0.9895070147918869,148.7581198018155,214.92780380641008,0.39838191866874695,0.3987240493297577,188
26796000,persistence,zero_shot,CAMELS-BR,0.9955700859241157,0.9937136279671078,4.263678100315395,1.8320851713775637,-0.11241261197770638,-0.00047287895659851864,0.9940163564686751,11.990505959421123,23.680876120008044,0.18389815092086792,0.1925477832555771,188
26798000,persistence,zero_shot,CAMELS-BR,0.9994759542196291,0.9959627380941396,3.4819348299180426,1.857767465504209,0.3522106747039966,0.00463257842405175,0.9959687214254198,1.9940221755189935,1.8193844106062362,0.13683146238327026,0.13625600934028625,127
26798100,persistence,zero_shot,CAMELS-BR,0.9995903523513414,0.9896612330662464,2.9838048426391603,1.6164037856188687,0.9862233364201443,0.0009946980709956282,0.9896614115384692,2.05153750916823,1.198028564453125,0.09372133761644363,0.09113240242004395,44
26799000,persistence,zero_shot,CAMELS-BR,0.9979291747966978,0.9978041655415252,11.434634781390796,4.391794045871877,0.05429566458863136,-0.009894130393651335,0.9980268690574647,2.450324827171598,1.32196044921875,0.14054769277572632,0.13199277222156525,188
26800000,persistence,zero_shot,CAMELS-BR,0.997654469177274,0.9952317490060065,18.27107343976971,9.21897507523313,0.4336859864570936,-2.1543228337292386e-05,0.9953670235473502,30.00614513429524,18.523719920994324,0.23085010051727295,0.23038546741008759,162
27100000,persistence,zero_shot,CAMELS-BR,0.9966979656901623,0.988931900307444,2.3911293804184584,1.7749999046325684,-1.0793893869121098,0.0018759366219732107,0.9889351713553148,2.0,2.0,0.1640799641609192,0.1686467081308365,20
27110000,persistence,zero_shot,CAMELS-BR,0.9988475405034941,0.9946192111403357,2.8781774163169147,1.95218564678983,-0.2515313039015439,-0.0021451120191352396,0.9946425871657426,1.244269764252422,0.579986572265625,0.1715497225522995,0.17047925293445587,82
27300000,persistence,zero_shot,CAMELS-BR,0.9961676705246831,0.9385142896660338,1.4010020659470814,0.8739999771118164,4.047545473269099,0.0011479793469645824,0.9385142896660338,4.0,4.0,0.23930221796035767,0.2418622374534607,15
27300900,persistence,zero_shot,CAMELS-BR,0.9741340654957356,0.956363142662201,7.118112651142077,5.845417658487956,-3.7920513132933436,,,4.1490020751953125,4.1490020751953125,0.19515696167945862,0.20721571147441864,6
27370000,persistence,zero_shot,CAMELS-BR,0.7484066107326335,0.8426670801580932,1.7096418026184235,0.5590957528019839,4.280929113714798,-0.0023560216333726874,0.8845597799807442,4.052080429997832,1.5845502524579722,0.49251899123191833,0.4892820119857788,188
27380000,persistence,zero_shot,CAMELS-BR,0.9949189265499343,0.9891027475079969,1.1925517215176182,0.47614253599812667,0.8876863158738346,-0.00023819827314634778,0.9892972826282839,3.9319058921346697,5.680504665880894,0.17509937286376953,0.1817403882741928,127
27500000,persistence,zero_shot,CAMELS-BR,0.9993690020158678,0.9975130396428149,99.84164409274703,58.245889282226564,-0.0483017409644434,-0.0004303212745113555,0.9975279321206688,151.98562255004333,30.900704444645328,0.12166948616504669,0.12234801054000854,170
27530000,persistence,zero_shot,CAMELS-BR,0.9751872868401623,0.9812925511598047,5.566267852398303,2.876276616403397,1.1224086625857326,0.0005700510878513046,0.9852898015721432,16.05247263337673,13.045373655436203,0.3423795700073242,0.3437206745147705,188
27540000,persistence,zero_shot,CAMELS-BR,0.922438549295536,0.9571771524380889,13.357778071426486,5.152405015335363,1.4094080940580218,0.0036234502619098413,0.9807321374614786,26.198292045527516,27.09736312219083,0.5805414319038391,0.5463278889656067,170
27550000,persistence,zero_shot,CAMELS-BR,0.9381970197414405,0.9596683950861338,7.889758896912533,2.9046378602152285,-0.5141579318749151,0.001307032164983138,0.9738275247576411,27.008215066477106,52.10164446221559,0.4289701581001282,0.3994106352329254,161
27660000,persistence,zero_shot,CAMELS-BR,0.9896422851258512,0.9733263338699022,2.664265791517798,1.3121820063524539,-2.0842399313347544,0.0004555970624580685,0.9737769384855115,3.9399674056252123,3.3335502729365123,0.3709043562412262,0.3899829387664795,139
28150000,persistence,zero_shot,CAMELS-BR,0.9517849517854948,0.92790710468474,6.172216981124239,2.291468872078534,2.73664632482124,0.0022302222752664386,0.9308305832480817,24.76477549864754,28.54053609137042,0.4518526792526245,0.44430214166641235,116
28200000,persistence,zero_shot,CAMELS-BR,0.9507580473981969,0.9703096620625093,5.036515237210072,2.8482400995961736,-0.0681387594824789,0.00034185019153519167,0.9835093736025465,13.253459899430952,1.5750783353622084,0.305240273475647,0.2802499830722809,178
28240000,persistence,zero_shot,CAMELS-BR,0.9606773666597677,0.976819847774569,16.324945357193158,6.400508249612679,0.9995586638281779,-0.00019578677585047055,0.9875823620408409,61.8761478346607,111.74831711529659,0.23228144645690918,0.231874018907547,133
28280000,persistence,zero_shot,CAMELS-BR,0.9411164537778298,0.9589718605246095,28.912910681695937,9.777399616038545,0.1048187483578529,-0.0012095722632746476,0.9713515604731954,58.13203989922568,119.67516305727656,0.2871822416782379,0.26426050066947937,188
28300000,persistence,zero_shot,CAMELS-BR,0.9984960853848099,0.9966509711816383,184.06555999334455,113.62377191358998,-0.23544601236729698,0.00028467727287086186,0.9967255975070626,322.46184721206185,146.85918831146256,0.1375540941953659,0.13448721170425415,124
28318000,persistence,zero_shot,CAMELS-BR,0.9442669834632014,0.9696460593097487,7.6873575711769515,3.1113793419467077,-0.49745018084543524,-0.0017417112252245404,0.9884008251146081,27.371809817289012,3.7206006364680366,0.2616022527217865,0.25409865379333496,144
28320000,persistence,zero_shot,CAMELS-BR,0.9922642477166056,0.9542080566809213,1.9175493908909527,1.3299991607666015,-1.6132241582826012,-0.0023078643025882524,0.954235606578779,3.0,3.0,0.20732922852039337,0.20283399522304535,10
28840000,persistence,zero_shot,CAMELS-BR,0.9963567249330904,0.9950424052093497,1.7661387740299295,0.6732790636461835,0.28366213225400955,0.0001491253053071337,0.9953098687940181,1.9994383115649705,1.759002685546875,0.12357480078935623,0.1239859014749527,86
28850000,persistence,zero_shot,CAMELS-BR,0.9955898432558831,0.9931552371489476,332.08964031108206,115.77908421769926,0.6283498802569332,0.0008517985701944203,0.9935090049858067,138.4269169045183,107.20878998211538,0.12840422987937927,0.128398597240448,158
29020000,persistence,zero_shot,CAMELS-BR,0.9502385020465799,0.9697908843947455,3.4818204455936708,1.4628827527679247,-1.7145646080253851,0.00017126764094899105,0.9825614717123926,9.383737054260253,18.14021984428897,0.5160692930221558,0.5031853318214417,145
29070100,persistence,zero_shot,CAMELS-BR,0.9686909268841868,0.9744259025760997,20.206462645579602,10.518379298930473,-1.8905048688162194,-0.00406844934711087,0.9796635269890183,60.271544090015226,72.64210899635356,0.4633018374443054,0.4980756640434265,188
29080000,persistence,zero_shot,CAMELS-BR,0.9827650475345793,0.9751907555946986,18.72311095438281,12.066706051545985,-0.5869843473222385,0.00013378843057929718,0.9763795162743651,46.38534251247909,30.0,0.324703186750412,0.30926093459129333,85
29100000,persistence,zero_shot,CAMELS-BR,0.9915350676227231,0.9859550924332275,61.447055449717986,36.14533345452671,0.9726746243801822,0.0013017835646788323,0.9865508035439982,81.54660535477538,20.419358825948073,0.27374258637428284,0.2728290557861328,174
29680080,persistence,zero_shot,CAMELS-BR,0.9614295256916331,0.9686352582413067,1265.8622198227058,847.2446808510638,-2.5396260534085178,-0.0002794877835409666,0.9745017830725815,1031.69021513243,1779.2155574859387,0.14703811705112457,0.1606149822473526,188
29690000,persistence,zero_shot,CAMELS-BR,0.9957453073528229,0.9859329797742469,156.61916389765335,94.8125,0.6187852438551935,-0.00020569627771162627,0.9860556742413137,322.56782232578627,448.0,0.10205651819705963,0.1036321222782135,32
29700000,persistence,zero_shot,CAMELS-BR,0.9668803643448917,0.9495909599983898,1233.384422023618,867.3409142388238,-2.998955148497043,0.0008280594410261105,0.951575231738843,1203.3624292639036,1467.566564797102,0.1424316167831421,0.14777030050754547,180
30050000,persistence,zero_shot,CAMELS-BR,0.9602962194476307,0.9785610144526513,101.14410252927289,65.58810210425007,-0.7433798129673038,-5.958953742785794e-05,0.9916557984297784,220.18444458383613,82.03106392271644,0.23915652930736542,0.2454749196767807,121
30055000,persistence,zero_shot,CAMELS-BR,0.9352116172668983,0.9421060062328037,48.1297198529707,28.532804367390085,-2.0469496848000457,-0.0013057789857581145,0.9520917307805155,96.98603090261108,85.07582120260005,0.31608250737190247,0.2968747317790985,188
30058000,persistence,zero_shot,CAMELS-BR,0.8913328323788129,0.8501481742247234,15.67086050589878,7.994876587731498,-4.939007052183991,-0.0036960423640331544,0.8586479675326387,49.89750021348924,68.31425525182628,0.45084571838378906,0.3756404519081116,175
30060000,persistence,zero_shot,CAMELS-BR,0.9712641425749423,0.9693389646659047,31.190262281484387,22.523997955322265,2.591371102176598,0.0013529125744212722,0.9718019961749614,25.653947064730605,36.0,0.3255927562713623,0.28285348415374756,25
30070000,persistence,zero_shot,CAMELS-BR,0.9384192248917844,0.9392775068484388,6.121576282797347,2.474072749531546,-0.6381646473976446,0.003565606933173978,0.9472293504473845,18.717299983556597,24.494415101100525,0.27359768748283386,0.24887418746948242,172
30075000,persistence,zero_shot,CAMELS-BR,0.9592546460746246,0.9789766939645296,20.729194689030262,9.55363180590611,-0.322061042385688,0.0010788728627469137,0.994331978203117,11.234463664051388,13.619476297143962,0.23613661527633667,0.22447919845581055,153
30080000,persistence,zero_shot,CAMELS-BR,0.9873402909805502,0.9908391833303687,35.21765860058129,21.475626100076212,-0.5477697545686574,0.0035217097362289507,0.9932282503979992,50.982282428443334,46.859500288994575,0.24207663536071777,0.23394489288330078,185
30100000,persistence,zero_shot,CAMELS-BR,0.9822092342879594,0.9706161115655795,17.576917327864532,10.917031109025798,1.4010578948003765,-0.0002236396150794781,0.9715731665179582,43.64025322075932,38.47959528022593,0.29886841773986816,0.29730287194252014,97
30200000,persistence,zero_shot,CAMELS-BR,0.9707671033260566,0.9816307774495768,45.14811718646134,28.226111597485012,0.911367349495248,0.0005298784055459901,0.9884637940975626,81.31246336050806,61.20001220703125,0.3523992598056793,0.31273844838142395,90
30300000,persistence,zero_shot,CAMELS-BR,0.9837240193817577,0.9895115545880813,35.43908938392578,24.067372198665844,0.10992368967832945,-0.0007770629379548165,0.9932511571171985,36.43268185178348,9.048844620483566,0.17964553833007812,0.1818872094154358,170
30400000,persistence,zero_shot,CAMELS-BR,0.989317176060649,0.9913990746036748,82.03778067695578,43.73110099548989,-0.16670756975611475,0.001226165544637451,0.9932345571079733,138.9953812521341,74.70632568524846,0.19322597980499268,0.18645189702510834,188
30511000,persistence,zero_shot,CAMELS-BR,0.9801765055631321,0.9860481331197947,112.08796623651205,76.87605176358609,-0.46799914960605543,0.002740341517309758,0.9899360882090091,175.00110319850808,111.94374005325258,0.17433202266693115,0.15680235624313354,185
31020000,persistence,zero_shot,CAMELS-BR,0.9989032033129797,0.9957414146524577,3.747094596763496,2.165902059905383,0.21425415576838536,0.0012054719402671103,0.9957582305160537,9.969130782559393,0.0,0.11740335077047348,0.11928607523441315,98
31490000,persistence,zero_shot,CAMELS-BR,0.9937619281496657,0.9907482151767315,6.696384519685306,4.750756066778432,-0.0566770820007475,0.0005568786128787098,0.9912632386131973,8.59001503641779,9.842227652624425,0.17128220200538635,0.169769287109375,184
31500000,persistence,zero_shot,CAMELS-BR,0.9853046762382036,0.9900501962677682,10.289609489790033,4.987234014145871,-0.42125311267765503,-3.294549446968345e-05,0.9931692266438311,14.696938456699069,1.0,0.1741650253534317,0.16963516175746918,188
31520000,persistence,zero_shot,CAMELS-BR,0.9886762894770496,0.98403866740298,14.395025347727913,8.327134001040887,0.4669419828940914,0.0002926345017278814,0.9848889836649288,34.262371073862106,60.26735097323903,0.18120884895324707,0.18275761604309082,167
31600000,persistence,zero_shot,CAMELS-BR,0.5818167449244127,0.7513325365086954,0.5603921500250257,0.23787234168737492,-3.829637746764375,0.0,0.8893938613482434,1.850640807210128,3.5018851925367254,0.3227149248123169,0.30909422039985657,188
31650000,persistence,zero_shot,CAMELS-BR,0.9981908201879525,0.9979491503220705,11.97115327102188,7.797872340425532,-0.15074348841966986,-0.00036382912464148764,0.9981413020575671,11.049886877249016,10.0,0.09168434143066406,0.09238351136445999,188
31680000,persistence,zero_shot,CAMELS-BR,0.9978706173054949,0.9977033897470912,11.40796247638934,7.324066079629434,-0.08111501147256252,0.00013274664392391375,0.9979432748016267,11.869862709942426,7.155917172938031,0.0770302340388298,0.07862021774053574,185
31700000,persistence,zero_shot,CAMELS-BR,0.9975955969166068,0.9956967915789358,14.131339601431517,8.378662109375,0.11275188739761935,-0.00014198594152142925,0.9958570579877806,16.311010317270352,14.51868182461686,0.06068011745810509,0.059750549495220184,188
31850000,persistence,zero_shot,CAMELS-BR,0.9826539118714493,0.9660297784030293,0.06944989519767242,0.037671234509716295,-0.33614713294761833,0.0,0.9668988846570412,0.0572276132117111,0.0,0.06947039067745209,0.0714285671710968,73
32300000,persistence,zero_shot,CAMELS-BR,0.9357146825241367,0.9651384194696617,0.5107639084230221,0.277340422919456,0.3484926695377201,0.0,0.9870263324524305,1.334272575813098,2.526351007124998,0.17763519287109375,0.18210774660110474,188
32320000,persistence,zero_shot,CAMELS-BR,0.9737720937754297,0.9814575896559289,1.8170382456582537,1.056979881837064,-0.11106646700893759,-0.0016986752141139386,0.9865895734367995,4.869728118623441,1.4356870775507526,0.2312987744808197,0.23079286515712738,149
32350000,persistence,zero_shot,CAMELS-BR,0.9490006851368982,0.930600802008048,8.139396303841192,4.045891061510359,-2.179557666141984,0.0005045340987590782,0.9349574081988765,29.068420095055426,45.60576789879478,0.2653445303440094,0.23992007970809937,175
32400000,persistence,zero_shot,CAMELS-BR,0.932480798542074,0.9573276605317229,20.43625294422438,9.1183973581363,-2.4749228537662042,0.00012636413756161868,0.9738692788769687,56.64511801683956,96.86608497285775,0.4280281960964203,0.4349178373813629,156
32450000,persistence,zero_shot,CAMELS-BR,0.9637576006426841,0.9789873447696633,14.533090591162557,8.067170343500502,0.9210234788067269,-0.0022255507007362674,0.9889845202422926,15.354024484518707,17.267466566102776,0.4366166591644287,0.441568523645401,188
32450002,persistence,zero_shot,CAMELS-BR,0.9701038810787656,0.9737537798249598,19.589688863552254,11.073692889812866,-1.250372819859663,-0.0032743138225146753,0.9784188986257947,34.15854755737186,6.509122027904297,0.42531296610832214,0.39510202407836914,183
32540000,persistence,zero_shot,CAMELS-BR,0.9952219534209483,0.9974645318829658,4.972126937510481,2.755515930500436,0.058045200371090594,0.0004401268704533768,0.9988954670794912,10.340515424171459,3.431860625374869,0.08617749065160751,0.08743281662464142,188
32550000,persistence,zero_shot,CAMELS-BR,0.994306547080548,0.9919134129006169,5.6713376523425225,3.220947787875221,0.0556406593605138,-0.0007040457160349747,0.992353801843916,14.722774660640745,18.66639496889168,0.14646853506565094,0.14778949320316315,168
32580000,persistence,zero_shot,CAMELS-BR,0.9921353223645304,0.9576090318443915,3.6158875252923424,2.2892853873116628,-0.47076949495658904,-0.0010452667335594983,0.9576796577575655,9.192388155425117,12.0,0.09963195025920868,0.10285517573356628,28
32600000,persistence,zero_shot,CAMELS-BR,0.9930517011434706,0.9643020486618983,34.318283794978065,27.733944163602942,-2.885944749518122,-0.0010344375050203858,0.9643132429569578,36.489990234375,36.489990234375,0.2500976324081421,0.27218735218048096,17
32620000,persistence,zero_shot,CAMELS-BR,0.9940687199218643,0.9929996604412077,42.120693344675345,27.272632030730552,-0.0732486600716316,-0.00017790861032643268,0.9936430504667759,51.739396337644585,19.763600007465705,0.16125857830047607,0.1662788987159729,188
32740000,persistence,zero_shot,CAMELS-BR,0.9305872659633079,0.9583888864345632,26.624267057170428,12.21193123282613,0.7434447038602052,0.0005363558243350747,0.9754454481925354,85.81797687250955,28.49624326861494,0.4830716848373413,0.5389915108680725,185
32830000,persistence,zero_shot,CAMELS-BR,0.9927150423279519,0.994206515068095,9.269334255667015,4.499888958877691,-0.45094514572780436,0.003329641826571361,0.9954515892830674,7.148273530236443,8.826842986785373,0.2524662911891937,0.2649146616458893,179
32850000,persistence,zero_shot,CAMELS-BR,0.8227769076175653,0.9006994440828526,14.002101832292208,6.547706574687491,4.590282489098386,0.0028959878140775025,0.9526550533026719,40.694387301046504,80.66467967729322,0.6699044108390808,0.6687033176422119,184
33025000,persistence,zero_shot,CAMELS-BR,0.9759726364074582,0.9836100983607827,3.2266326432678687,1.2766494418299474,0.05526948990982498,0.0008477630561237667,0.9887346046580837,10.719186749492259,19.967252355315367,0.14932693541049957,0.14584596455097198,172
33070000,persistence,zero_shot,CAMELS-BR,0.9669092759303182,0.9739958359676016,5.504952739429644,1.6342833534965302,-0.8328472933242757,-0.0006123347989407703,0.9799161983328196,11.03611036814539,16.198432257271016,0.11193951964378357,0.11468394845724106,179
33075000,persistence,zero_shot,CAMELS-BR,0.9737491057560514,0.9700350949162708,0.9593719372096009,0.285634775524554,-0.8540711902193735,0.0,0.9729872950117733,2.600806401419813,1.4236643903617363,0.1397121399641037,0.13939259946346283,184
33080000,persistence,zero_shot,CAMELS-BR,0.9895378554372257,0.986532263516474,13.645802318189679,6.824996616529382,-0.6666709303913935,-0.00013557096385903578,0.9875623781497012,17.7839751127665,7.909319949033861,0.1995423585176468,0.1967972368001938,184
33170000,persistence,zero_shot,CAMELS-BR,0.8876756291138991,0.9392746146458183,14.943998298534861,5.357503228009066,2.315870216182076,-0.0012424799769799252,0.9755666790804838,56.460220871366346,90.02396248009603,0.5713924765586853,0.48335203528404236,187
33190000,persistence,zero_shot,CAMELS-BR,0.9975566844074318,0.9981633940516205,14.306283853852431,8.603347015380859,0.12924727950205742,0.00029657601411223894,0.9985132726494236,31.599249895816687,53.35483423491525,0.16052040457725525,0.16092358529567719,185
33205000,persistence,zero_shot,CAMELS-BR,0.9303115768829151,0.9052465765721724,6.157534098497016,2.3683310620328215,1.9218916490948068,-0.0010654865332616094,0.9086192594166693,23.329712009885142,41.08426527508237,0.244083970785141,0.2500215172767639,188
33212000,persistence,zero_shot,CAMELS-BR,0.9495237720907341,0.9688764892744611,0.06868057478973245,0.024787232913869493,-0.1870158229359297,0.0,0.9815683722099985,0.1769694414449728,0.1789785504125366,0.09306260943412781,0.09372768551111221,188
33214000,persistence,zero_shot,CAMELS-BR,0.9699445117461135,0.9326109926838991,0.12092286013084497,0.03861701615313266,0.3801806153664275,0.00047535095456137464,0.9335324479763061,0.4421876991945769,0.9421517353513408,0.059603117406368256,0.06426206976175308,188
33215000,persistence,zero_shot,CAMELS-BR,0.9202875590546195,0.9400608083158294,1.730176399383961,0.3213918209075928,-0.5738076362134025,0.0,0.9557900720691478,7.540544543004119,14.854855865071205,0.07885874062776566,0.07413537055253983,160
33220000,persistence,zero_shot,CAMELS-BR,0.9509059065850368,0.9327408319745787,1.1840473172111154,0.5952127233464667,0.34175135346916863,0.0,0.9360309421073515,2.7439187470963304,2.1920299427189756,0.07635956257581711,0.08315575867891312,188
33222000,persistence,zero_shot,CAMELS-BR,0.907485260865016,0.95345070961705,0.2727314632663648,0.11526595658444344,-0.38505765125427743,0.0006540470092127777,0.9909404535707632,0.881078919490374,0.18721663667010177,0.11329501122236252,0.11432911455631256,188
33250000,persistence,zero_shot,CAMELS-BR,0.9553768131353805,0.9674550368394412,6.353718443962226,2.8282080406838275,0.8229303925657202,-3.4321728545233174e-05,0.9751522527913506,20.023574214425892,8.196969650797735,0.18633972108364105,0.1953033059835434,188
33260000,persistence,zero_shot,CAMELS-BR,0.9741557764709139,0.9736377867561498,5.311584387828478,2.5637514176576035,-0.20680239533189607,-0.0004687987100748074,0.9768337383284849,12.679239141275676,12.400845570092699,0.18110676109790802,0.16579470038414001,184
33270000,persistence,zero_shot,CAMELS-BR,,,0.0,0.0,,,,0.0,0.0,,,57
33273000,persistence,zero_shot,CAMELS-BR,0.8923066505713251,0.9452394601275445,4.246117895487964,1.382751041456409,-1.020398294142633,0.0008459527770513266,0.9873180124597498,12.721615301468283,6.966486982194059,0.24601100385189056,0.23216551542282104,184
33280000,persistence,zero_shot,CAMELS-BR,0.9859461837693007,0.9847247979317567,5.627542881148567,2.626086836275847,-0.5653533322544672,0.0002940013122079005,0.9862304278890414,12.045746137122432,17.0,0.1426490843296051,0.1433536261320114,184
33281000,persistence,zero_shot,CAMELS-BR,0.9702825995390318,0.977911829037838,16.065874631143807,6.5832875569661455,-0.20307951609888888,0.0008027549291047403,0.9832533227680688,17.710446851024944,18.336901008186157,0.24705404043197632,0.2580834925174713,180
33286000,persistence,zero_shot,CAMELS-BR,0.9945852803345204,0.9814236618101093,7.987093794704489,4.127511667168659,0.4833834280260556,0.000990191499331933,0.9815632746559224,14.146966670664437,24.99498702706728,0.2094532549381256,0.21408167481422424,184
33290000,persistence,zero_shot,CAMELS-BR,0.9962119721476733,0.9937220773965183,7.294265908913382,3.5874724802763565,-0.5499173378416268,0.0006772455524978217,0.9939983250399645,6.977522267080478,4.9169921875,0.17832347750663757,0.17619554698467255,184
33320000,persistence,zero_shot,CAMELS-BR,0.5451701572247516,0.5615124209498545,25.596056852158743,8.021829745922869,16.99547948251713,-0.0010705489680993795,0.5735793847632746,98.79662555639007,56.000508189395305,0.5246044993400574,0.6162834763526917,171
33321000,persistence,zero_shot,CAMELS-BR,0.8111157174455801,0.8674874954796377,18.710040033874932,6.521393805742264,3.8032558481793726,-0.002222487295532854,0.8950828037458278,69.04604075700496,60.012924982483185,0.5750377178192139,0.6082333922386169,184
33330000,persistence,zero_shot,CAMELS-BR,0.9434914467646474,0.9661924475026656,8.421814476966244,2.705091098180184,-1.8251758705138321,0.0001747634028257325,0.9804428142353233,29.429134682256002,20.682582906971387,0.6120363473892212,0.65770423412323,182
33333000,persistence,zero_shot,CAMELS-BR,0.9820093474696054,0.985015817673428,5.4227471521052175,2.10866272187495,0.021567619178381535,-0.0011229263447782023,0.986177462648434,20.341461004193555,41.46112029178202,0.3263145387172699,0.32305458188056946,182
33340000,persistence,zero_shot,CAMELS-BR,0.9587357830068586,0.9727231951499289,2.2703787935885393,1.1064362031348207,-0.36498360772510025,0.0006899714710199047,0.9814562091767285,5.110772980456732,2.886174770612683,0.3755222260951996,0.4267001450061798,188
33360000,persistence,zero_shot,CAMELS-BR,0.9787661561345303,0.8988620555934779,9.047801793765577,2.996467357096465,2.7332346649036605,0.001168858110545689,0.8989117076727378,36.663333181804404,73.56969484781081,0.28727880120277405,0.310286283493042,184
33380000,persistence,zero_shot,CAMELS-BR,0.9807794254484518,0.9863720655289601,27.540367446981215,9.72963377426231,-0.8432643083816791,-0.004667866627228297,0.9902266162078129,29.593465601276836,22.394526136621636,0.26173135638237,0.2719849646091461,183
33410000,persistence,zero_shot,CAMELS-BR,0.9864407939327294,0.9769240239798125,0.7409857193555771,0.37515336534251337,0.3570800307691344,-0.00035597573964267666,0.9776242899687303,2.710447668938664,2.8590159156375052,0.11930768191814423,0.1175893247127533,184
33420000,persistence,zero_shot,CAMELS-BR,0.9762233440390226,0.9614137843735858,1.5311355386872723,0.5778983318605903,-1.0883674841594266,0.00018524810312588874,0.9628882959025099,5.6705844915136066,5.546343415783571,0.1346721202135086,0.12273234128952026,179
33430000,persistence,zero_shot,CAMELS-BR,0.9589437043694807,0.9762898147845458,0.6084376726182729,0.3041327246304216,-0.18030397280339575,8.807122033922896e-06,0.9875820073416691,1.7810192747954694,1.6955615654162202,0.04089709743857384,0.0400308258831501,174
33450000,persistence,zero_shot,CAMELS-BR,0.9353914843200967,0.8858532388792327,1.2491235515228296,0.28417193635981136,-0.3275190862516392,0.00014363866553364878,0.8865183605861451,5.183067969753487,11.554441024103962,0.05037891864776611,0.04390570521354675,188
33460000,persistence,zero_shot,CAMELS-BR,0.996596782396193,0.9921650960778119,0.6401501621246067,0.30528330273098414,0.20068397290566564,0.00023507996895696416,0.9922968554868403,2.1152465154863522,0.7878287679344373,0.09709455817937851,0.09757108241319656,180
33480000,persistence,zero_shot,CAMELS-BR,0.9878319284682683,0.9817457023851149,2.387298800876978,1.0486034141792047,0.43616238305435645,0.0,0.9825439889371388,6.60718584037883,10.062799107309385,0.11547113209962845,0.11920899152755737,182
33490000,persistence,zero_shot,CAMELS-BR,0.9927679912315366,0.9348035640162079,1.4542021618547367,0.4580532672101414,3.5717564591768105,0.002671304715602077,0.9348226028404782,5.98096620906935,8.849054878369218,0.43858009576797485,0.44443193078041077,154
33520000,persistence,zero_shot,CAMELS-BR,0.8831162912272897,0.8641300138013679,8.294528398794855,1.9544693903383596,5.859578917366299,0.0022180633113887474,0.8719253000392654,34.62650785741138,17.86710397003604,0.6497815847396851,0.6278936266899109,179
33530000,persistence,zero_shot,CAMELS-BR,0.9634842521658981,0.9681326615941876,8.978211887490662,2.4481399854024253,-0.7440171897243322,-8.61931822824704e-05,0.9738566646721937,35.01945717347043,70.41972817896765,0.16187776625156403,0.15886715054512024,180
33550000,persistence,zero_shot,CAMELS-BR,0.9303247998776226,0.9603535267801581,16.53566075633947,6.1687275300543,0.5073661784608083,-2.452916020313431e-05,0.9793661873109639,46.81236778512339,22.644770001700778,0.22868941724300385,0.21065117418766022,166
33590000,persistence,zero_shot,CAMELS-BR,0.896856473472017,0.9429052337394386,44.695738502136265,15.146464974840702,0.18854627666321216,0.0008171226490892025,0.977116675814202,150.5092398034592,139.01404783902848,0.3222525119781494,0.34823399782180786,181
33620000,persistence,zero_shot,CAMELS-BR,0.9676026589062998,0.968603303117767,13.500333063211981,4.909951642744959,0.2043813758255267,0.0004975696518642048,0.9730441337166106,32.4403137206445,53.434933475416614,0.42017483711242676,0.38637575507164,177
33630000,persistence,zero_shot,CAMELS-BR,0.945846965462674,0.9546319376985207,56.692686503048385,23.8135728027861,0.8215337706683402,-0.0026190010226351465,0.9622304852283903,151.67193261713416,163.69165255374764,0.37128040194511414,0.3535691797733307,177
33631000,persistence,zero_shot,CAMELS-BR,0.9829118838398937,0.9615108029499624,1.6586808843201368,0.6535106529878016,2.158869764590838,,0.9622505946534643,3.7269852331644273,2.3841144496406432,0.48743337392807007,0.5161377191543579,188
33638000,persistence,zero_shot,CAMELS-BR,0.9517781857109039,0.9424281102066531,3.1549936102543694,0.9722872353951506,-0.7057289897141051,,0.9454906356440917,12.478142198769008,13.346348071251278,0.811507523059845,0.8337551951408386,188
33640000,persistence,zero_shot,CAMELS-BR,0.9249383879010925,0.9520534801677886,4.937703364002623,1.5318138098463099,0.09293449429398823,0.0017119239586334545,0.9678875601452863,18.95470967603417,11.51281699407946,0.7821804285049438,0.8312069177627563,188
33660000,persistence,zero_shot,CAMELS-BR,0.9920333636898598,0.9756021945608278,9.148549855261361,3.672898937730079,0.10025049261311343,-0.002264677722400729,0.9757822804094123,28.243583342061964,37.90118731649445,0.3535001575946808,0.3373886048793793,188
33661000,persistence,zero_shot,CAMELS-BR,0.9912937606762418,0.99048251936156,9.750655562049497,4.578584577957214,0.8086688149741496,0.00425889384371414,0.991479934332188,18.67242748416748,23.12175884949157,0.3777484595775604,0.377311110496521,184
33680000,persistence,zero_shot,CAMELS-BR,0.9851909716170141,0.9527974548015051,44.12356473062394,19.72927790421706,2.274058281359601,-5.523011446714743e-05,0.9531877236266818,136.88032725033028,145.168328543495,0.31939923763275146,0.3082726001739502,182
33700000,persistence,zero_shot,CAMELS-BR,0.9965413014175848,0.9874771710988511,0.5525402437402309,0.3356625204500945,0.3072590214766707,0.000282708015586294,0.9875651287984515,1.529827080823088,0.6148287851828557,0.08224289119243622,0.08143995702266693,184
33720000,persistence,zero_shot,CAMELS-BR,0.8898715972637073,0.8630078115623199,2.2614702532033517,0.8366494215714857,3.778492423587974,0.004768322220392321,0.868899348970418,6.359483409983302,8.167336903031078,0.5093740224838257,0.590410590171814,184
33730000,persistence,zero_shot,CAMELS-BR,0.9774982033553713,0.9664208758763764,11.632793710277646,4.611659872727316,-2.1248463536372877,-0.0014326955371677316,0.9682844319701724,35.92922809061335,39.530666712446966,0.3837113082408905,0.3678378164768219,183
33750000,persistence,zero_shot,CAMELS-BR,0.9821561352379907,0.9870627573333377,1.9329035466286173,0.7621827549404568,0.12359927714489491,-0.00048087870958409343,0.9905867869309279,7.380029634302657,14.460595305374158,0.16726548969745636,0.1676490306854248,180
33760000,persistence,zero_shot,CAMELS-BR,0.9767808969738488,0.9771327416470846,5.850146004599468,2.080751557589909,-0.06134467080850941,-0.0008951375322189085,0.9800057477609163,14.799211672081743,2.5314090136208804,0.2015778124332428,0.20790116488933563,179
33770000,persistence,zero_shot,CAMELS-BR,0.9951617819085725,0.9913265846654529,4.087238982240877,1.858104161775666,0.8324255955885457,-0.007135025890227326,0.9916325959382875,8.553451519469725,8.860424374684362,0.3092992603778839,0.3081335425376892,183
33780000,persistence,zero_shot,CAMELS-BR,0.9896827251136728,0.9735490614526511,24.982724969855905,10.101363325918188,1.1284759224191103,0.0010402939603105232,0.973953284288133,51.355147449131366,20.821767827892774,0.3089022636413574,0.3010135591030121,179
33790000,persistence,zero_shot,CAMELS-BR,0.9728504895890027,0.9417431542836037,1.0304638401982043,0.37473402314997734,-2.157854156461275,-0.001539979121252217,0.9430100436794941,3.660201981646372,2.830980397842764,0.28107377886772156,0.24308167397975922,188
34010000,persistence,zero_shot,CAMELS-BR,0.9088556963344068,0.9431731417730442,11.122925787145947,4.91557614699654,-0.4050866635408499,0.0,0.9669842698517189,28.443671964801066,24.404923189975353,0.17062300443649292,0.1535595804452896,184
34020000,persistence,zero_shot,CAMELS-BR,0.6715992224523115,0.7670296165585637,20.26515446192594,6.025375946708348,1.1991122982148976,0.00028602062127945464,0.7905188280676607,81.31170197117764,162.31056155456872,0.1809927225112915,0.179937481880188,184
34030000,persistence,zero_shot,CAMELS-BR,0.8834732937210439,0.9249318053437767,5.256930396587071,1.9758907919344695,0.130645140494799,-0.0005945411650401175,0.9472313076480642,14.76650523834596,18.072116168074352,0.26404985785484314,0.2686585783958435,184
34040000,persistence,zero_shot,CAMELS-BR,0.911992819150396,0.9434536137714913,23.898855688271297,10.928872250496074,-0.501524078603626,-0.00021872920477538152,0.9595405232135783,72.43565885904839,91.94746895308435,0.17497357726097107,0.16500699520111084,188
34040500,persistence,zero_shot,CAMELS-BR,0.9132870294792825,0.9400757580633071,18.960367884376335,8.608675832333772,0.14996026622331723,0.0007153529412906104,0.958582944704189,62.95340161739101,58.322081535773066,0.1622302383184433,0.14753279089927673,184
34060000,persistence,zero_shot,CAMELS-BR,0.8644468634645479,0.9111879543133204,26.343252439774062,11.260250578535365,-0.6689650785523484,0.0006698929153822093,0.9449250324697751,95.05963327665862,166.67210972640282,0.1561834216117859,0.13874556124210358,188
34070000,persistence,zero_shot,CAMELS-BR,0.9325025541908865,0.9456396929472758,18.855439960798158,9.158207426679896,0.4407402095902677,-0.0001979829118290751,0.954548911317802,55.90749783356414,93.64548653742665,0.13112379610538483,0.14351283013820648,188
34080000,persistence,zero_shot,CAMELS-BR,0.9041227552889695,0.9015484776281099,1.1397962101697547,0.27730867655380914,-0.6254293861236558,-4.6678504304602936e-05,0.9113252180672579,4.725275265034065,10.21291336131379,0.0780700072646141,0.06657189130783081,184
34090000,persistence,zero_shot,CAMELS-BR,0.9858943640332573,0.9805348359906302,1.4482090504261038,0.7263080970100735,0.15355048704384472,0.0,0.981651903996962,4.137258149267256,6.963551233874527,0.0957801416516304,0.09635695815086365,184
34130000,persistence,zero_shot,CAMELS-BR,0.9223931177418871,0.9311411875830349,12.029498189274968,4.645893013995627,0.26396642640221457,0.0004381127585379608,0.9384162120194867,46.52497781368895,69.34682983324986,0.1572207510471344,0.16527999937534332,184
34140000,persistence,zero_shot,CAMELS-BR,0.9604656015510755,0.9733982953760831,4.348302347380259,1.746771853255189,0.3499022234646489,0.0016327508145386783,0.9815606796179946,11.458850904801261,17.188198664598932,0.5002409219741821,0.48424822092056274,184
34142000,persistence,zero_shot,CAMELS-BR,0.9170049033594719,0.9070123091170063,3.407080465033881,1.0421808279575187,0.7986356476424319,0.00137524380793164,0.9157803288733314,11.958544779651103,12.62902341520827,0.5411406755447388,0.4932098090648651,188
34145000,persistence,zero_shot,CAMELS-BR,0.8488164993380181,0.8157902838125514,7.472322550081271,2.1500042262284653,1.0660245620698263,0.00016961487078700523,0.8210843461594985,30.327346167317607,52.53045583926302,0.3524738550186157,0.39414072036743164,184
34160000,persistence,zero_shot,CAMELS-BR,0.9636994205449024,0.9656914228693029,24.248889601115238,10.51137932487156,0.2090755365536731,-0.0007447141108000935,0.9702184804073537,78.59276450526929,49.64912415098283,0.2483139932155609,0.25212016701698303,184
34170000,persistence,zero_shot,CAMELS-BR,0.9704718601239415,0.9828809616361963,24.82627259228548,10.341467318327531,-0.7354102368398152,-0.0005573197894907476,0.9903936330197848,76.00410066890585,76.95588267512998,0.2512813210487366,0.25022271275520325,184
34218080,persistence,zero_shot,CAMELS-BR,0.8157812206892299,0.8787850536499016,62.081321067869645,34.34574468085106,2.9850087534756446,0.001884267820857058,0.92218405275209,62.00403212695123,138.50812250550507,0.2185426503419876,0.19955144822597504,188
34230000,persistence,zero_shot,CAMELS-BR,0.8297351029857466,0.8898027830313164,1.6045507690182488,0.36451034385548986,-2.7586554565484898,0.0023611661863238154,0.9334101188045953,6.580709511715988,13.918685749513113,0.8300238847732544,0.8344935774803162,184
34233000,persistence,zero_shot,CAMELS-BR,0.8888967507379352,0.916473479131675,5.257212765151912,1.8140855785943784,-3.7655802291357343,-0.002119263540976274,0.9388221906351533,15.417510712651122,1.85461971220422,0.5778759121894836,0.4821847677230835,173
34243500,persistence,zero_shot,CAMELS-BR,0.8137746735998209,0.6707468191736736,1.0367538185843554,0.15477391982921804,-15.055359818194345,,0.6765889852962368,4.4401652471814606,9.702923417627785,0.9416395425796509,0.7808405756950378,184
34250000,persistence,zero_shot,CAMELS-BR,0.9773358926114015,0.9868780102872431,4.334537743059561,2.179042341861319,-0.5388640776234066,-0.00022446877379594943,0.9933635239941522,2.339444261077109,3.605551275463989,0.32982340455055237,0.32182586193084717,188
34251000,persistence,zero_shot,CAMELS-BR,0.996354061374006,0.9949701239889729,0.5633469480752279,0.2966494339963664,0.4515640798691144,-0.0008039684999179703,0.9952827977911018,1.102178437833094,1.4176005986202334,0.18501336872577667,0.18410374224185944,184
34261000,persistence,zero_shot,CAMELS-BR,0.990588787679148,0.986673582200378,0.3644181756997001,0.16016223994975395,0.26547890982012357,0.0,0.9874267077370861,0.94187254764227,1.2437741185702373,0.13215312361717224,0.1362815946340561,188
34270000,persistence,zero_shot,CAMELS-BR,0.8663294288114558,0.8806806301473155,10.223462837248528,3.814174334194673,-3.2144127516255594,-0.00287130337018094,0.9018830549423549,33.90896826535037,38.07078652767326,0.482310950756073,0.43180105090141296,184
34310000,persistence,zero_shot,CAMELS-BR,0.9521223855969903,0.9597086509350784,52.18130784954406,31.27777777777778,-0.9595542715641766,-0.00040812778942020053,0.9672071476488819,66.52818951391959,94.0,0.21889187395572662,0.2229919731616974,36
34311000,persistence,zero_shot,CAMELS-BR,0.9355954061780181,0.9515407077455832,61.858609779716396,38.64360394685165,3.138756724906616,0.0009091908487048085,0.962619294447324,115.50939794159603,71.76977179877358,0.22186791896820068,0.21058234572410583,184
34340000,persistence,zero_shot,CAMELS-BR,0.5788550853215498,0.6712281411900742,3.7353198447618325,1.067419015665228,-6.322366620327446,,0.7730639606761021,15.216342805879963,24.95533527878451,1.2277792692184448,1.121435284614563,184
34410000,persistence,zero_shot,CAMELS-BR,0.955149597988372,0.949100249552094,1.6737979926566056,0.46169494370282704,0.22024833066140867,0.0,0.9506599668408905,5.964027135472258,10.329998016357422,0.053626932203769684,0.053768642246723175,59
34420000,persistence,zero_shot,CAMELS-BR,0.7564143618043921,0.5736241168978911,5.249836158756482,1.1863712782357285,-19.290174034162515,0.0048207827271763565,0.580141247772256,22.231096972760085,47.401138656073826,1.1805739402770996,0.9796981811523438,188
34450000,persistence,zero_shot,CAMELS-BR,0.1676095763432408,0.606799147832841,11.441519136880157,1.6399217338880787,1.4320942084746549,0.0,0.8972653633145441,49.05908945139137,107.2039496025449,0.9691712260246277,1.2618231773376465,184
34465000,persistence,zero_shot,CAMELS-BR,0.3733811653668311,0.6379767129662587,1.5090154564274618,0.32967988320287195,12.486028824913532,,0.7122769838735266,6.399257428463748,8.892621715394363,1.0419200658798218,1.2223539352416992,184
34470000,persistence,zero_shot,CAMELS-BR,0.5689780202130073,0.7577556359460874,7.375769198061399,1.8899787244723831,-10.721105606031994,-0.002364726469448207,0.8914942834693806,30.982963312192243,50.803856462329286,1.1051642894744873,1.1605075597763062,188
34471000,persistence,zero_shot,CAMELS-BR,0.9090703993836956,0.881147478503362,7.887716886692665,1.7127548661285446,3.061954914095114,,0.8855220924831768,33.65983871025068,29.365929542393886,0.8542299270629883,1.0569697618484497,184
34479000,persistence,zero_shot,CAMELS-BR,0.9832888118174885,0.9011327783345433,3.8214140348225447,1.2248663239019073,5.796528402158253,0.00045271142997734687,0.9011685549554029,15.018011543692968,18.52058486945389,0.7772586345672607,0.8119839429855347,184
34480000,persistence,zero_shot,CAMELS-BR,0.43618820521914337,0.7197342235916839,2.7592591441598375,0.728230854397283,5.502222270712162,-0.0011517135778111726,0.9261710584000468,10.68498129082966,15.392385100109333,0.9560205340385437,0.990558385848999,188
34564000,persistence,zero_shot,CAMELS-BR,0.8761494350266924,0.663616525331054,2.72646208930364,0.4612728953361511,13.293929511469965,0.0,0.663751008326152,11.791450857647268,24.0315730935745,0.9514940977096558,1.084267020225525,188
34571000,persistence,zero_shot,CAMELS-BR,0.9483866162967114,0.8846475224216671,1.0520585372414564,0.3922820841126731,9.260476147178439,,0.8865256424755293,3.3368535102856587,1.8593273879655716,0.6778099536895752,0.660550594329834,184
34580000,persistence,zero_shot,CAMELS-BR,0.9738585987856225,0.9626573845841413,5.601003506190408,3.651000601053238,-0.07326557280887401,-0.004425687534604664,0.9637199595478061,7.0,7.0,0.5256005525588989,0.4882409870624542,20
34600000,persistence,zero_shot,CAMELS-BR,0.75446614005919,0.8382226053591679,30.378666732157146,10.064748941925759,5.812795232949806,0.001957680693096722,0.8768302113055809,92.25522226992855,57.59073454203857,0.6807225346565247,0.7310047149658203,184
34610000,persistence,zero_shot,CAMELS-BR,0.9346601886139971,0.9622843517291693,30.238508494382597,8.58425487879109,-1.7588068257536926,0.0012002551116894675,0.9803441698522947,119.61589137558583,125.59347614826142,0.6615374088287354,0.72923344373703,188
34620000,persistence,zero_shot,CAMELS-BR,0.8762599211446818,0.9294075880457636,3.5101907178660845,1.3088336993899683,-1.0222224221707332,0.006683788822486061,0.9651871747664809,11.841835220916186,21.57752579739823,0.6161519885063171,0.5753436088562012,184
34660000,persistence,zero_shot,CAMELS-BR,0.9550276138638801,0.9584034806077482,71.7466288468075,38.265623214397024,1.3254770180961337,-0.0011231729964554429,0.9635977690435187,215.80243922781327,29.936286538449345,0.23094850778579712,0.25851091742515564,188
34690000,persistence,zero_shot,CAMELS-BR,0.9351920066589008,0.9470166205192229,84.97916695432914,41.455679999457466,0.19187223200025164,0.00019824384241398478,0.9563048365655683,279.08904667989304,167.79254109573793,0.23980562388896942,0.26456162333488464,180
34730000,persistence,zero_shot,CAMELS-BR,0.6491107662405393,0.8124713319555733,1.8605262456347833,0.4375654157756412,0.10958942321820676,,0.8719034884653902,7.442318024370869,16.59840233564736,0.5177547931671143,0.5442649722099304,188
34740000,persistence,zero_shot,CAMELS-BR,0.9255466137728069,0.8424695068890746,1.4848203277286816,0.39253936220375957,3.503292545704576,,0.8433522976599093,5.084224771243819,11.181596267271372,0.49736204743385315,0.6389415264129639,188
34742000,persistence,zero_shot,CAMELS-BR,0.9193800433430198,0.8279919135967313,5.551843347519621,1.1940351021206725,8.983360230430444,,0.8299363454672544,23.423387320346098,30.0114015081911,1.0438698530197144,1.3038381338119507,188
34750000,persistence,zero_shot,CAMELS-BR,0.7881715081863411,0.8431982058991726,17.692684705144472,4.800336398686657,-8.566551626492618,-0.042008920033936054,0.8886907967433141,69.98654347472758,128.09973391872612,0.873268187046051,0.9238447546958923,184
34751000,persistence,zero_shot,CAMELS-BR,-1.8958951150202088,-0.14152010821369476,41.239542782910675,7.569006495015777,45.85610155002907,0.00026499678938832205,0.002862209129193216,175.39750793734433,175.63800242345687,1.2372514009475708,1.4664075374603271,184
34760000,persistence,zero_shot,CAMELS-BR,0.6248678759566448,0.7466301989062396,52.581983723726665,17.611026119683746,-12.163367074663142,0.002335672278512488,0.8449488955044865,190.69347205692654,314.62396608826367,0.9834498763084412,1.0784366130828857,184
34770000,persistence,zero_shot,CAMELS-BR,0.6650005958202785,0.6979792065498942,111.50668304680715,35.15293512023661,-10.958834980669799,0.0029365784370971038,0.7588875392247654,441.1781189112219,843.2744922235621,0.9615815877914429,0.8630925416946411,184
34789000,persistence,zero_shot,CAMELS-BR,0.6623942458011124,0.7426472545760392,119.37678752346963,35.03821841141452,-8.464602096785145,-0.0002271959832382403,0.8201030415921586,439.03277282441104,763.878498978227,0.8036865592002869,0.6181600689888,184
34790000,persistence,zero_shot,CAMELS-BR,0.9197694922412709,0.9359077291383257,106.53915817405992,36.16638289233472,-0.6987839179627447,0.003315600222930905,0.9496598101421715,361.58761040721515,591.920602783853,0.5919325351715088,0.6072054505348206,188
34820000,persistence,zero_shot,CAMELS-BR,0.9461755594233503,0.9674515009563596,130.69218217713063,58.14686319102412,-1.8285649253950127,-0.0008155485437302927,0.9811859940096589,311.3473812053979,168.58789594392985,0.2911332845687866,0.2524586319923401,184
34879500,persistence,zero_shot,CAMELS-BR,0.9880143681753147,0.9827329208596071,54.17005822930774,34.633307083793305,-0.29862668280169236,-0.00017032777279096453,0.9836338331616138,89.41631745171073,53.119290527789786,0.18124186992645264,0.19155876338481903,184
34880000,persistence,zero_shot,CAMELS-BR,0.9892042117371594,0.9806394784355013,77.95743519464747,43.51063829787234,-1.3963017231662767,-0.0008116975162500636,0.9813175841306023,168.94703311985091,89.64373932405988,0.2301776260137558,0.23858097195625305,188
34930000,persistence,zero_shot,CAMELS-BR,0.9481542745009361,0.9198225052734688,18.3807609396108,6.337586119487558,3.992216814202025,,0.9228450806988899,65.17811027346843,115.14429623470193,0.6501073837280273,0.6386920213699341,184
34933000,persistence,zero_shot,CAMELS-BR,0.9401336665840273,0.9440596215812826,7.020210414426112,2.547496691710134,1.5533372426790224,,0.9506641384946898,18.026675985376297,11.227678939793526,0.6772189140319824,0.7342858910560608,174
34936000,persistence,zero_shot,CAMELS-BR,0.9733713544821252,0.9773383266554388,8.274069474003667,3.3581115988123678,1.498747185413291,,0.9808829799670062,15.348037590067307,23.908952372716602,0.5623165965080261,0.5113747119903564,184
34940000,persistence,zero_shot,CAMELS-BR,0.974213832780599,0.9836972646782687,34.96121714452202,14.282584923117057,0.9992421146490995,,0.9893912300430515,108.03832771740514,161.2177859195549,0.5452061891555786,0.5121585130691528,184
34948000,persistence,zero_shot,CAMELS-BR,0.8012557610876868,0.8910766762141378,11.376730236889669,2.9901640167682553,-0.12736791970594405,,0.941335468660838,46.49453358436762,87.27238123092694,0.6350512504577637,0.6930542588233948,184
34976000,persistence,zero_shot,CAMELS-BR,0.8724354559556629,0.915525602667224,12.105036312008812,3.0759702493315157,1.531148421703867,,0.9367403581485012,49.80374912300196,56.240621263347904,0.7335333824157715,0.7864225506782532,184
34979000,persistence,zero_shot,CAMELS-BR,0.6432316752954812,0.823989892770098,1.119721130185788,0.3832239338216629,-1.0808664282682012,-0.006380250953304453,0.9494923350219511,3.6756058330102293,5.0173984221135965,0.6443033814430237,0.5947337746620178,188
34980000,persistence,zero_shot,CAMELS-BR,0.9768899989788867,0.9799513813785008,46.884203829246154,19.80085173767546,0.930365784862704,,0.9833733845596422,119.71608392793179,30.961259754211444,0.5919933915138245,0.5458688139915466,184
34988000,persistence,zero_shot,CAMELS-BR,0.9895154978971956,0.9897896286379118,0.5250207731648536,0.24574469125017206,0.04894666217110105,-0.0014716505144544319,0.9910524454590448,1.7251434959990044,0.5590169943749475,0.24980254471302032,0.25619587302207947,188
35050000,persistence,zero_shot,CAMELS-BR,0.576185627155465,0.7862414930224718,10.781749021091736,3.2493537591195647,3.9098939762855163,,0.9587081279707818,37.00338854055564,55.426978939187435,0.7149755954742432,0.7221293449401855,188
35125000,persistence,zero_shot,CAMELS-BR,0.8179584516126442,0.8787987773667842,6.346804221734429,2.3401223516391965,8.112874674078046,0.000152059012093142,0.9171973709234429,20.217689307059576,16.59360842368804,0.9006158709526062,0.8476675152778625,183
35156000,persistence,zero_shot,CAMELS-BR,0.9662036558198862,0.9575655198376937,2.5441833446847375,0.8459016783884856,2.7937596016277073,0.0005193909635624605,0.9606744826706759,5.615554032990673,2.90133814382786,0.4026089608669281,0.44667017459869385,179
35170000,persistence,zero_shot,CAMELS-BR,0.7215995157434313,0.8371539007466101,24.6767810785586,6.5584981838064325,-5.59371277303477,,0.9253459874267619,100.89482857941078,168.1123920023908,0.7508946061134338,0.668796956539154,179
35205000,persistence,zero_shot,CAMELS-BR,0.8699641869513492,0.9033309516274419,4.91753310673109,1.6559710863240373,6.74019613788573,,0.9254375257149916,15.993307544560444,20.4236935140883,0.6822095513343811,0.6657019257545471,180
35210000,persistence,zero_shot,CAMELS-BR,0.7342632386132951,0.8169036502969382,7.224125451079498,1.541047273406192,-2.781332346831206,,0.8843170335705083,30.13428820064378,56.46281765355427,0.7498663663864136,1.0272877216339111,184
35223000,persistence,zero_shot,CAMELS-BR,0.7252337572409305,0.8202795442069691,3.9800378987654423,0.7108042531825126,-9.568403419728744,,0.8899822496472461,16.423000553733164,35.56120576476858,0.9836570024490356,0.8265612125396729,188
35235000,persistence,zero_shot,CAMELS-BR,-0.8463683904552728,0.23097334139537495,17.178501781201813,2.2644586670009987,15.100311171522462,0.0009081051618855737,0.38689268979209945,17.766953488376807,5.857733423879578,0.5168954133987427,0.7903602719306946,184
35240000,persistence,zero_shot,CAMELS-BR,0.1902457407410445,0.5018809222736866,9.858203087079508,2.2215728806534214,25.589974724334034,,0.5722945416111037,29.465359416743823,23.52771236737715,0.8705777525901794,0.7651304006576538,184
35251000,persistence,zero_shot,CAMELS-BR,0.5645764431421605,0.7487646362630207,4.885674632700305,0.9261718134078732,-12.38715419315778,,0.8063720664182237,21.136707996559572,27.36122325374793,1.2127004861831665,1.412516713142395,188
35255000,persistence,zero_shot,CAMELS-BR,0.6989770414196116,0.7108298756582007,20.023233161583395,4.6654379976832345,6.160345639485693,0.0,0.7248917149830131,82.21673333281093,158.87960558184037,0.7467094659805298,0.7805211544036865,184
35257000,persistence,zero_shot,CAMELS-BR,0.9321399717687957,0.8420114931294739,2.789953173000413,0.5941898442292091,-6.289992989813647,,0.8437839836573579,11.939330308457972,20.42516979857378,1.2408678531646729,1.1451880931854248,188
35258000,persistence,zero_shot,CAMELS-BR,0.1941195697845184,0.22834230906954744,24.045277093840046,2.763329117075025,-19.319974771568123,-0.002446001393722152,0.44895887364802833,107.23367308903057,216.35731224685853,1.5036628246307373,1.043418049812317,179
35260000,persistence,zero_shot,CAMELS-BR,0.7397808080512455,0.700305857877604,8.082286135422903,1.7500527364647258,-15.515636415983765,-0.0033494520673816516,0.7296206176512291,34.45723699640161,43.82043668480373,0.9226431846618652,0.9783303141593933,184
35263000,persistence,zero_shot,CAMELS-BR,0.8556384362301871,0.9271135464426241,0.08175071908969275,0.01569308532758596,1.0907093162579926,-0.014350567147402744,0.9851958142115319,0.24109834015123555,0.4782910508052844,0.3064163029193878,0.3071945011615753,188
35270000,persistence,zero_shot,CAMELS-BR,0.8465967107092764,0.843983725531044,13.0027765534049,4.010154196477317,6.798280491120323,0.0,0.8560358382278219,50.77216790809838,78.8606691397969,0.5120200514793396,0.5390966534614563,188
35275000,persistence,zero_shot,CAMELS-BR,0.7916079202123976,0.7001422545637763,25.604037188803595,5.091338433325291,-6.368277235617285,-0.000855771996352752,0.7053319077321079,104.9113061885259,225.94426298359792,0.6690411567687988,0.569439709186554,184
35279000,persistence,zero_shot,CAMELS-BR,-0.49167154942215197,0.3771333104986926,0.46155468103147035,0.08022127586833024,6.231768808104889,,0.6040200230507573,1.9947249326433263,1.910037173216015,1.2371859550476074,1.3515156507492065,188
35283000,persistence,zero_shot,CAMELS-BR,0.9040691398124119,0.9079300638164232,24.741785737059732,7.211671633564907,7.222148063975378,-0.0004319453617914436,0.9177059232182989,97.6000097638687,132.68202407137824,0.7141909003257751,0.8155198693275452,184
35301000,persistence,zero_shot,CAMELS-BR,0.9071265037061875,0.9081488392201321,3.6016885714075197,1.268102263446365,6.811444301927931,0.004330637935409429,0.9204314682640496,11.750578987840944,9.940925974216857,0.913665771484375,0.9972074627876282,175
35350000,persistence,zero_shot,CAMELS-BR,0.7811126072833269,0.5849619825760216,6.027544781574214,1.0170222499304067,-21.474826332943028,,0.5867339829792322,25.489558800465144,53.35926748341766,1.0613486766815186,1.113038182258606,184
35370000,persistence,zero_shot,CAMELS-BR,0.9412232716418978,0.9113432385123654,6.585095874440844,1.6996456391795578,6.467863614369388,,0.9152503213419929,25.556953511609432,13.99040922835681,0.937402069568634,0.8801770210266113,184
35370600,persistence,zero_shot,CAMELS-BR,0.7489728686386737,0.7719454501392666,7.688149366861758,1.87913151984867,-15.484100931739333,,0.8113271829733734,31.597683816147363,36.64134813322209,0.7135608196258545,0.6841520667076111,184
35390000,persistence,zero_shot,CAMELS-BR,0.9833175310271445,0.9106415203114647,2.253172336953776,0.4032287191577822,4.4105509796356825,,0.910666038617712,9.563084909228095,18.540927097292954,0.354326993227005,0.39790964126586914,171
35551000,persistence,zero_shot,CAMELS-BR,0.6932104544661624,0.8366766666561183,4.99709273361951,0.870134012101768,-5.427490599663174,,0.9210215730813537,21.55762358853211,12.535780145788863,1.5486739873886108,1.535111427307129,188
35570000,persistence,zero_shot,CAMELS-BR,0.8233131140922915,0.744755806395612,4.5389385078009585,1.114620658457684,-17.37395494765908,,0.7593929816397365,18.120340193497395,29.91520705880122,0.5605446696281433,0.7187091708183289,184
35571000,persistence,zero_shot,CAMELS-BR,-2.3222269522614236,-0.2808767402410859,4.663457113100081,0.5795247170633526,10.473212996307891,-0.0028411244707886585,-0.2219990174743791,19.13247472913038,44.866431040241096,0.3516058027744293,0.5233442783355713,186
35640000,persistence,zero_shot,CAMELS-BR,0.8729900812383564,0.9079790664694896,0.9591211400586589,0.17049893571380922,-4.413857905247795,,0.9349360824690539,3.680129607064802,0.0,0.35221827030181885,0.36758965253829956,188
35650000,persistence,zero_shot,CAMELS-BR,0.5588633173393869,0.5574536507773675,3.4097643164149516,0.41709676900908593,34.77935264211916,,0.5805813479407025,14.698686456710433,32.48955508840072,1.0792524814605713,0.871876060962677,186
35668000,persistence,zero_shot,CAMELS-BR,0.1583709626219476,0.4657169388661395,2.255219804821267,0.28139130221477343,27.74752217795234,,0.5228160092384996,2.2242784520102763,0.9899346726751058,1.2581770420074463,1.0293145179748535,184
35669100,persistence,zero_shot,CAMELS-BR,0.7299187476696625,0.8108239077763995,3.864324981620052,1.1077406715942377,9.083099711888142,,0.8480026772620427,10.63073637084718,5.319067151990062,0.621093213558197,0.7326884269714355,177
35740000,persistence,zero_shot,CAMELS-BR,0.32858893365774267,0.6168659081620448,2.5695364054743175,0.69418268336774,-2.4007114490708834,0.005947091964697115,0.8934819812098826,10.366025269745577,18.14099505462534,0.8576107621192932,0.6955420970916748,179
35830000,persistence,zero_shot,CAMELS-BR,0.2733113962515318,0.4827890045771327,4.197245663497636,0.9318446640428056,21.482330530574185,,0.5096458304801825,17.42835659624027,31.339162556101783,1.0572099685668945,1.505601406097412,188
35871000,persistence,zero_shot,CAMELS-BR,0.16764196405384113,0.5138417506697324,5.451761460456679,1.1278877400236422,12.580972158563153,-0.0032906880356304152,0.5711378624738297,22.307593120176364,9.266742261319688,0.6511810421943665,0.7755081057548523,179
35875500,persistence,zero_shot,CAMELS-BR,-0.44965781618309886,0.11775801424688481,17.79640915915737,3.470005116060925,37.42373142045342,,0.14540573068175733,77.94034229346204,158.18257491949996,1.0220268964767456,1.2106361389160156,179
35880000,persistence,zero_shot,CAMELS-BR,0.7650325345865227,0.8809863299545794,7.627458143326645,1.8956116946102022,-0.1920083173995777,,0.9867710118301714,30.81936063441197,13.522020919361758,1.028022289276123,1.02639901638031,188
35900000,persistence,zero_shot,CAMELS-BR,0.8075978820725916,0.7692297182433044,3.739347481052521,0.9325624931794779,12.84555364863966,,0.7790156430487986,11.626541085223321,10.636646080183175,0.8651989698410034,0.908754289150238,173
35950000,persistence,zero_shot,CAMELS-BR,0.38430808181819287,0.5971837880284467,13.27469610518599,2.7167510078415154,-4.163783069297358,,0.617115472563078,55.785815627849416,113.3984314061818,0.828424334526062,1.0821458101272583,184
36020000,persistence,zero_shot,CAMELS-BR,-0.13840606341042805,0.44707449927616216,0.265711326955088,0.06145797841538219,19.806850468870195,,0.5839680423099356,0.9771993339428809,1.1021230854376955,1.0415451526641846,1.1791930198669434,188
36045000,persistence,zero_shot,CAMELS-BR,-0.1683106924935449,-0.10153000494194009,0.3562358268261633,0.060786700596973456,62.6662934503625,,-0.09864702596709907,1.5418007670137652,2.0861692389861997,0.9679652452468872,1.0521272420883179,188
36070000,persistence,zero_shot,CAMELS-BR,0.8187960434520185,0.7342610212102606,8.255287073879824,2.1535393483614786,20.377696024447346,,0.7411233996363957,33.796305981301295,31.02608312882424,1.035392165184021,1.012283444404602,188
36110000,persistence,zero_shot,CAMELS-BR,-0.508339381498162,-0.11282567681585953,13.492656515910687,1.8545930337290777,52.21954884939212,,-0.1069568458972956,58.76933916241936,120.30147559639565,1.1139140129089355,1.4860460758209229,172
36125000,persistence,zero_shot,CAMELS-BR,0.7617478196478413,0.8568686379154143,3.818040416763444,1.0537585386946955,3.304286626213525,,0.9022169415040823,15.131574232558886,22.333757368945875,0.8448256850242615,0.9845987558364868,188
36130000,persistence,zero_shot,CAMELS-BR,0.47317135119219644,0.5014874318047329,24.734887345699597,5.506477186921984,-20.317174158493483,,0.6074105603763522,104.95099174427531,196.2775273647004,0.8618848323822021,0.8368992805480957,188
36160000,persistence,zero_shot,CAMELS-BR,0.6986210745742469,0.8340623180580238,23.777274854378295,6.623752764820273,1.479156053097536,,0.8997329317244267,96.25816278487727,177.2675742441476,0.7386261224746704,0.9517491459846497,188
36210000,persistence,zero_shot,CAMELS-BR,0.7965066185032335,0.8927413823203035,3.968539373717827,1.469941467941603,-0.2728836196263959,0.0003035596952526004,0.971811342109494,13.831824742123555,11.545719544691353,0.6291683912277222,0.5785363912582397,188
36220000,persistence,zero_shot,CAMELS-BR,0.39072654758177416,0.18430450584546898,5.3187046833233556,0.8120186205562006,-43.80306621585463,,0.22379543276508618,21.710120654845877,48.763767626534346,1.6411445140838623,1.5907604694366455,188
36230000,persistence,zero_shot,CAMELS-BR,0.8089759854548839,0.8328327930955413,4.082969860815649,0.7199840341023407,-8.822312784246355,,0.8652902186930764,17.653975366449,31.658805126769227,1.639892816543579,1.4105092287063599,188
36250000,persistence,zero_shot,CAMELS-BR,0.8761086448677006,0.8243276852226888,2.3132020228628285,0.5447271471495425,-16.22576613294319,,0.8335267499268705,9.453836898787314,10.08640464577182,1.1694309711456299,1.2770874500274658,188
36260000,persistence,zero_shot,CAMELS-BR,0.8328208105390967,0.9075398744343254,12.61333112612428,4.108491900198637,3.6480533183758808,0.00564524092378145,0.9548785031656298,47.74411459849151,70.51101842188291,0.7842491865158081,0.7311471104621887,188
36270000,persistence,zero_shot,CAMELS-BR,0.782652979240245,0.7929391005540458,16.735133872397046,5.305178618930439,9.200384691640314,0.0011298839627659901,0.8087341731279505,65.90090036969886,80.56975078252364,0.6875033378601074,0.7856648564338684,188
36290000,persistence,zero_shot,CAMELS-BR,0.7495639996180476,0.8746214778738624,33.859698214487736,9.032198710461207,-1.742550878014161,0.0011744510540867559,0.972131064447479,141.45079823008305,163.7459064388251,0.7776495814323425,0.8708184957504272,188
36320000,persistence,zero_shot,CAMELS-BR,0.6855450727784367,0.6680733848999683,65.15988365583871,12.439185143328901,-8.460577073648235,0.0022149233905076476,0.7055985874682686,279.7844971481446,568.3765806119736,0.9368848204612732,0.8876967430114746,188
36370000,persistence,zero_shot,CAMELS-BR,0.838502025960432,0.7440836982844083,56.57618787473515,13.383353973212449,9.772974004854456,-0.00435615080474866,0.7454500914277583,228.02192877001983,456.7997373029017,0.5221071243286133,0.5293200016021729,161
36386000,persistence,zero_shot,CAMELS-BR,-0.011286942694022972,-0.20947911879910963,2.5447785643854917,0.3427064047996388,74.63956967121115,,-0.20944610252003693,11.124085389255214,23.120338645772907,0.9981923699378967,1.3523906469345093,172
36390000,persistence,zero_shot,CAMELS-BR,0.6797617074419402,0.48260645261389623,6.857660957171178,1.1904654526250793,9.355656736618409,0.0005300793503325331,0.4827961796852299,29.107637963393262,63.709305121884405,0.4680017828941345,0.5837920904159546,188
36470000,persistence,zero_shot,CAMELS-BR,0.6064421984716852,0.3488997914364288,5.022540061147494,0.9360111685510926,45.91870763512828,,0.35169497025318275,21.632924972606993,41.28499472625416,1.188145399093628,1.3773101568222046,188
36515000,persistence,zero_shot,CAMELS-BR,0.8403990803082465,0.6521881954970252,2.2015101583133814,0.4624139290238016,17.115925964782075,,0.652943179941501,8.998879837643626,17.475472052358015,0.8270402550697327,0.9400929808616638,172
36517500,persistence,zero_shot,CAMELS-BR,,,0.0,0.0,,,,0.0,0.0,,,188
36520000,persistence,zero_shot,CAMELS-BR,0.7523480487595142,0.6831354249830713,5.5659345708452,0.6943186449981945,14.860454782713264,0.008317985088159577,0.6855716679718031,24.019265185327743,52.887823539020474,0.6296446323394775,0.810260534286499,188
36580000,persistence,zero_shot,CAMELS-BR,0.9533536997025917,0.8769069004380734,5.2743344886435946,0.9744744561203914,10.732498370871221,,0.8769224073670103,22.785991985457006,28.93551704989258,1.1604574918746948,0.9798003435134888,188
36586000,persistence,zero_shot,CAMELS-BR,0.5142324082003895,0.7206396887038792,4.2904136711017005,0.9002393449444889,0.5902568684622608,,0.8965715113907243,17.811689116591968,35.74847126554664,0.8696069717407227,0.756942093372345,188
36615000,persistence,zero_shot,CAMELS-BR,0.9537669678024129,0.880414364157796,1.2550967285256678,0.5441084672558181,3.727792486784353,0.0,0.8813116018093108,4.523354302811908,7.054845043458443,0.5084991455078125,0.5309069156646729,188
36628000,persistence,zero_shot,CAMELS-BR,0.9234391048765364,0.7297386944062805,6.822656364625741,1.236943540074169,12.375102198035727,0.0020404735888583485,0.729745791173651,29.509511980169087,53.950085075717475,0.9078653454780579,0.9334116578102112,188
36630000,persistence,zero_shot,CAMELS-BR,0.9517028851979172,0.9432237837574502,0.1740562259864551,0.03945372185293347,-3.066864435258577,,0.9481074956730062,0.6108539403739532,0.9717911850971375,0.5850539207458496,0.6605200171470642,188
37030000,persistence,zero_shot,CAMELS-BR,0.6157540683252227,0.7244026603736637,0.38887372655586105,0.061376436170454546,-18.252849289947424,,0.803054150584761,1.7061738390649792,3.3291504577093365,1.522934079170227,1.4534555673599243,157
37050000,persistence,zero_shot,CAMELS-BR,0.2696838226493622,0.3709777042439404,7.780380192961349,1.7447005124921178,-28.552996310672874,,0.5676059098585873,29.429900763218377,55.644627185233645,1.2430766820907593,1.0173298120498657,188
37080000,persistence,zero_shot,CAMELS-BR,0.8786813617781982,0.9342437997741213,1.732938484419435,0.44734734757629996,2.400929127954869,-0.02975683043397108,0.971483514722995,6.7065425216737165,7.423880477033596,0.8121539354324341,0.779291033744812,188
37084000,persistence,zero_shot,CAMELS-BR,0.9248622330527415,0.761806918134093,2.6492647398220366,0.3903347798116991,8.943617623388336,0.0014906772279584674,0.761913169674788,11.326405027086608,23.54369802085131,0.6663713455200195,0.7771704196929932,184
37090000,persistence,zero_shot,CAMELS-BR,0.6601498198186917,0.44948892301793364,3.7070002612023525,0.6260010788336079,20.678971440651214,0.006811782808206691,0.4496345029961867,15.973826138584757,34.57895568901094,0.4963482916355133,0.6521872282028198,188
37145910,persistence,zero_shot,CAMELS-BR,0.7903225806451614,0.6446781745361637,1.601281497599097e-05,2.564102499327885e-06,33.333333333333336,,0.6446781745361632,0.0,0.0,2.0,1.5,39
37150000,persistence,zero_shot,CAMELS-BR,0.7394218196103857,0.7726435741902538,7.807296165476999,1.449416516497335,-5.834505588416936,,0.818904507438625,33.48226138468173,68.94833948340352,1.3040636777877808,1.1911965608596802,188
37185000,persistence,zero_shot,CAMELS-BR,0.963001516009348,0.9141683702060485,0.5143391742505362,0.07344654202461243,0.8607385301069309,0.0,0.9147291189091176,2.2108591718679356,3.454416861982687,0.38085946440696716,0.38186079263687134,187
37190000,persistence,zero_shot,CAMELS-BR,-0.4246616652956612,0.2508647481381341,8.246737212684632,1.2478127821962883,20.620095048092924,,0.783838223059531,35.531595643040944,64.01699782704698,1.1190335750579834,1.0270711183547974,188
37220000,persistence,zero_shot,CAMELS-BR,0.9015883168737401,0.9459119104533406,1.7184406646402506,0.47527152218931723,2.0643269423449047,-0.0018651753043479533,0.9717027477912052,3.895029593142749,7.132371574674847,0.5025303363800049,0.5230695009231567,172
37260000,persistence,zero_shot,CAMELS-BR,-0.6289423344075411,-0.024869205559216123,4.147683980996328,0.5780146891332191,48.73998488702846,,-0.004399258114237581,17.403602905022982,38.320760732202736,1.5184988975524902,1.4949647188186646,184
37260001,persistence,zero_shot,CAMELS-BR,0.5513790491892474,0.6501634622759656,8.26859998212726,1.2432203373666537,-19.247863218937425,,0.7458760431892977,33.93763184668089,62.24146527838174,1.3114529848098755,1.2201523780822754,118
37290000,persistence,zero_shot,CAMELS-BR,0.8683215472400834,0.9339135469303126,6.091329556339337,1.7091353821704853,0.725382391271427,,0.979685681888391,21.64874483783533,11.494608171736123,1.2688210010528564,1.0305347442626953,184
37297000,persistence,zero_shot,CAMELS-BR,0.9473425903404242,0.8515820746947095,6.3248235900286955,2.1774961636714854,-6.053664066853943,0.0,0.8527355051192171,22.55764210063396,40.43199995406556,0.8922616243362427,0.8035140037536621,158
37312150,persistence,zero_shot,CAMELS-BR,1.0,1.0,0.0,0.0,0.0,0.0,1.0,0.0,0.0,0.04675553739070892,0.04675553739070892,22
37320000,persistence,zero_shot,CAMELS-BR,0.006674207006213129,-0.16170280664475145,9.459105709221316,1.0269987531803604,-40.855373657654326,,0.18339819089859366,38.41312531498969,85.38777721332357,1.2521942853927612,0.9072737097740173,165
37340000,persistence,zero_shot,CAMELS-BR,0.04907201212566015,0.07000697272072343,41.802462877496254,5.89800895245726,-22.06851776944878,,0.3962480428073616,180.77482471256167,386.6653197777124,1.5667247772216797,1.354405164718628,188
37360000,persistence,zero_shot,CAMELS-BR,-7.063152909852596,-1.8958503183918802,1.2794732555246542,0.2422192779380873,132.950204253148,,-1.891157038626142,5.477020138953219,7.7015721627681195,1.157647728919983,1.4593510627746582,166
37369100,persistence,zero_shot,CAMELS-BR,0.9271432656701014,0.9549255240883836,0.3831596914887926,0.06491352880702299,0.8149237393316454,0.0,0.9713242168979004,0.27226091620829274,0.25459600852257613,0.07090497761964798,0.08962569385766983,170
37380000,persistence,zero_shot,CAMELS-BR,0.041117326048978,0.13139871208894272,4.783080490957346,0.8561957526080152,-9.231704808868685,0.0005234998021481085,0.47628490802212586,19.713232663885904,42.478381755185524,0.4134767949581146,0.2676517069339752,188
37410000,persistence,zero_shot,CAMELS-BR,0.5284944786197143,0.605524776437105,21.71962143340973,4.48715055305907,-7.544927005248125,0.0,0.706985007979742,87.91407302660143,187.92458255306454,0.7869041562080383,0.7040669322013855,188
37412000,persistence,zero_shot,CAMELS-BR,0.7081705682745227,0.7191292128804867,21.548783832383446,5.477128652816123,-11.107988843790968,-0.0014313237873493923,0.7644753142488565,90.11400790257272,158.63276575162146,0.8889445066452026,0.8305836915969849,188
37413000,persistence,zero_shot,CAMELS-BR,0.5187058540359633,0.5616732867314709,43.135514509036454,10.53961710298949,-14.797636962967104,0.00037224946382118096,0.6594899413387105,182.79665465758833,324.0779851739535,0.9870635867118835,1.005983591079712,188
37430000,persistence,zero_shot,CAMELS-BR,0.38294919406647254,0.35266289904069714,5.3377207513594245,0.7878085291050275,-30.874427565225986,,0.47111243042081197,22.611039455722924,50.228408866446664,1.5391472578048706,1.1453278064727783,188
37440000,persistence,zero_shot,CAMELS-BR,0.7891315241957051,0.8130968127251741,1.8305012127247466,0.41827337630108913,13.98230643060145,0.007004065894896272,0.8370728195535879,6.827394226318439,1.4720522529324729,1.0865163803100586,1.1409881114959717,184
37450000,persistence,zero_shot,CAMELS-BR,0.5855906665191647,0.767436213213349,3.263358539781447,0.8045150790800596,11.519293509060732,,0.8773636887276344,13.86396219288368,15.213466901323361,1.3396483659744263,1.3636761903762817,179
37470000,persistence,zero_shot,CAMELS-BR,0.9338580923243331,0.963802814403721,1.750036414601694,0.6657308617487867,0.7774411774416339,0.0019143909394843187,0.9812687968819355,6.856754475627751,3.4738008856908924,0.3250479996204376,0.3266429901123047,188
37490000,persistence,zero_shot,CAMELS-BR,0.9249128659802286,0.7684952063882695,0.0034132407084571724,0.00024893616345968654,19.491878304522444,,0.7684952063882701,0.0034132407084571724,0.03309259646180255,1.3319449424743652,1.1146740913391113,188
37515000,persistence,zero_shot,CAMELS-BR,0.4819830185660461,0.14842506078753925,0.2585027896757241,0.022497874526108835,-59.33297899852211,,0.17679978391855933,0.2585027896757241,2.5057915023696324,1.203777551651001,1.439232349395752,188
37526000,persistence,zero_shot,CAMELS-BR,0.60905286117299,0.4613316270811284,1.680918629109377,0.24153883136967394,-35.443327110857666,,0.5007534283031242,1.680918629109377,14.668264432006719,1.7084351778030396,1.6167223453521729,188
37559000,persistence,zero_shot,CAMELS-BR,0.3128969081293702,0.15693878593457333,1.440421510255696,0.19474626882142632,34.86823652291724,,0.15715381269120454,6.24485273887183,13.476813868964642,1.6433374881744385,1.741743803024292,188
37560920,persistence,zero_shot,CAMELS-BR,-1.6320173662875535,-0.6140990278955647,0.05295409376926128,0.009041025088383602,47.99306732393568,,-0.6140967806700777,0.165312088058615,0.33059997856616974,0.6683512330055237,1.1039024591445923,39
37570000,persistence,zero_shot,CAMELS-BR,0.4211978935761622,0.515776602260871,8.354582720746043,1.1265920668820593,-19.749751475535767,,0.660875109508467,36.17958533161389,79.27908912419369,1.2046009302139282,0.9957969784736633,188
37580000,persistence,zero_shot,CAMELS-BR,0.9565143400514776,0.9432709188101431,21.361741264347863,6.915592546839118,-3.6810033064755623,0.028612597755936192,0.9475034729147715,74.62748968872968,127.59063209978629,0.3958990275859833,0.43461087346076965,181
37604000,persistence,zero_shot,CAMELS-BR,0.5417759913900326,0.580204991145686,58.58755020226116,12.428910088325365,-21.265884237995817,0.0,0.6701841755586049,251.34120085838174,404.80979575916285,1.058703899383545,0.7648656368255615,188
37610500,persistence,zero_shot,CAMELS-BR,0.981248497264162,0.9902382878091522,0.3454462315007141,0.09808339855887672,0.18106147880552897,0.0,0.9972252272723005,0.21246392825390584,0.22779891566703736,0.052800215780735016,0.051717378199100494,187
37710100,persistence,zero_shot,CAMELS-BR,0.9537023557528357,0.9419858827690791,58.860968054871286,15.720797864046503,0.7543654496436514,-0.001439464070351986,0.9454862872194402,242.28619440653236,371.28560435330644,0.8991197943687439,0.8589890003204346,188
37710150,persistence,zero_shot,CAMELS-BR,0.8937807552988719,0.8569790081441215,3.1180450779208053,0.7052143664753183,3.483154075561043,-0.0026820410311561363,0.8603213000360839,12.81386828636971,28.203771607666106,0.42625266313552856,0.44119971990585327,188
37711000,persistence,zero_shot,CAMELS-BR,0.7657244520534003,0.6972029200010303,8.550604812245187,0.6373079501766157,-19.55667080967203,-0.005110498494590769,0.7194300857524494,37.07402501839045,82.89426520212471,1.2044217586517334,1.0192763805389404,188
37730000,persistence,zero_shot,CAMELS-BR,0.6951594063305515,0.806717530697526,5.877336578904338,1.0763181099232206,0.8855304219562519,0.0008104117967259565,0.8487893353979981,25.455619449750536,19.501761108883954,0.350264310836792,0.4470434784889221,188
37750000,persistence,zero_shot,CAMELS-BR,0.9435430112747377,0.843349012417143,8.318420680191858,2.0367628938340125,5.149530592924656,0.0011356472110853576,0.8435988983855791,34.86417069783542,70.03440898961317,0.6360019445419312,0.6986867189407349,188
37761000,persistence,zero_shot,CAMELS-BR,0.7898139433513882,0.6824689107457973,6.619342955708578,1.049954759313705,-6.664448499664539,0.0,0.6844997531997314,28.315694493792957,62.223848901774495,0.6952936053276062,0.6004865765571594,188
38129000,persistence,zero_shot,CAMELS-BR,0.8928949944894482,0.8827109600565023,0.5495797965937802,0.2500755308156318,0.9676214860464868,0.00012768034887206993,0.8907475302496259,1.7185166540020564,2.3762531717177797,0.3468431532382965,0.3716171383857727,188
38155010,persistence,zero_shot,CAMELS-BR,0.9998500582069068,0.9972648181538564,0.004519486213088627,0.0008393938681392958,0.24170092950622493,0.0,0.9972648181538564,0.0,0.0,0.09748269617557526,0.09170493483543396,33
38170000,persistence,zero_shot,CAMELS-BR,0.9632345166852256,0.9619225984677812,0.5906877722386737,0.16784412949736224,2.9474784405564662,0.0,0.9651477984720092,2.3936610123909325,3.2681477690217906,0.5076044201850891,0.5586457848548889,179
38340000,persistence,zero_shot,CAMELS-BR,,,0.0,0.0,,,,0.0,0.0,,,135
38380000,persistence,zero_shot,CAMELS-BR,0.9981448565887251,0.9776561437378791,5.828464738964703,1.3186555303465783,1.0336260935477408,,0.9776663564596823,24.244840772510916,15.953127284007792,0.5310338735580444,0.545163631439209,178
38390000,persistence,zero_shot,CAMELS-BR,0.4301485253509809,0.624091422230622,4.935704976857724,1.3668965834096587,-21.65505061709815,,0.7653856266051146,20.22959912619325,31.5,1.410104513168335,1.227484941482544,58
38460000,persistence,zero_shot,CAMELS-BR,0.9845038674879124,0.8336093424175441,0.149330544407076,0.018556257204181748,11.536822193666803,,0.8336093427685142,0.6601178811206294,1.3669589035050518,1.2099051475524902,1.2033356428146362,176
38485000,persistence,zero_shot,CAMELS-BR,0.7209823217359529,0.46717944679665213,4.8352362141446,0.46895867720772716,-20.7600872497571,-0.006114309698779019,0.4673318897445171,20.650752553567116,37.702943343487064,1.0337166786193848,0.7520102858543396,184
38490000,persistence,zero_shot,CAMELS-BR,0.6792371364644056,0.7496331589719325,6.994498573745212,1.867560519890231,10.948771538498942,0.00504388553503507,0.7782123595239867,29.50963862522648,26.07920627626539,0.8533830046653748,0.7461584806442261,157
38500000,persistence,zero_shot,CAMELS-BR,0.9557740256973649,0.8947985274912944,0.00563965471746611,0.0004157608617906985,9.277225070041773,,0.896281026921701,0.02306561742888348,0.0,0.8607810139656067,0.9574964046478271,184
38580000,persistence,zero_shot,CAMELS-BR,0.10090711376191419,-0.20398909426204104,17.080285011618685,1.6870840502831035,-65.71952791949727,,-0.011474123322141816,73.97326221183337,164.23764376235096,1.818101406097412,1.5204092264175415,188
38590000,persistence,zero_shot,CAMELS-BR,0.5817956768924291,0.5917752145207291,0.9611864710988118,0.33176468970144496,-10.359167760778442,0.004232755901457164,0.6573824168751816,3.6979789857339562,5.009999752044678,0.9792060256004333,0.7623600363731384,34
38650000,persistence,zero_shot,CAMELS-BR,-0.0462500003908668,-0.09805697863930196,0.8284042896715615,0.08983166879883761,-39.66873704971649,,0.294414519493571,3.7047213752842256,7.765059281225505,1.7117327451705933,1.7204545736312866,180
38680000,persistence,zero_shot,CAMELS-BR,0.4141988651205917,0.189735900780433,9.55216157585808,1.1111102813100218,-49.55236207491366,,0.2466217096002633,41.02096120310499,85.21433376860101,1.6288647651672363,1.3602843284606934,166
38690000,persistence,zero_shot,CAMELS-BR,0.48973921816456245,0.6979107907359327,0.12488459956188222,0.05137700304628056,2.769186256758533,-0.00024064973648427277,0.7537009694546343,0.3930005018133334,0.5421695651875983,0.13558107614517212,0.17782585322856903,187
38750000,persistence,zero_shot,CAMELS-BR,0.5514196433976217,0.7477475672048863,5.969725853228089,0.8584709914157205,-7.535401633249312,,0.8546824245070289,25.31037185281178,51.963837528763705,0.8270529508590698,1.043154239654541,162
38771000,persistence,zero_shot,CAMELS-BR,-0.43012432866193784,0.3875130059056956,6.122151496972787,1.2184992719628265,-3.380098179464067,0.0016355493582995914,0.519698611257382,25.63992407728244,24.844221017196375,1.2523813247680664,1.2370017766952515,142
38790000,persistence,zero_shot,CAMELS-BR,0.9323784336706041,0.9634607155239635,4.786550533763589,0.9906938193066014,0.1214364786328679,-0.003466140284321406,0.9835707783534315,20.97920902539087,29.252523299471385,0.8805185556411743,0.9052741527557373,177
38800500,persistence,zero_shot,CAMELS-BR,0.6121271977144405,0.7303787996571675,2.2011752587342905,0.5009234510986499,7.855450412103597,,0.7673891731921278,7.511939361470622,14.883165575992045,0.6162912249565125,0.7539581656455994,179
38812000,persistence,zero_shot,CAMELS-BR,0.9223996504963383,0.9205721589851092,0.7931765502963685,0.14657527834562392,-4.136340945408446,,0.929861523769204,3.2856398685054056,0.7667195658309442,0.5858641862869263,0.4950290322303772,174
38830000,persistence,zero_shot,CAMELS-BR,0.4498214623109187,0.6417754115500844,7.817146407682433,1.6016202216294217,-3.0831668923855915,,0.8231965757329598,33.05683104706334,64.10202243693313,1.4131947755813599,1.2877528667449951,188
38841000,persistence,zero_shot,CAMELS-BR,0.9839366412644814,0.8758156369467837,0.027365993896326827,0.0023729326133441206,-6.995922171279165,,0.8758156369467838,0.027365993896326827,0.15780001878738403,1.287994384765625,1.2344361543655396,133
38849000,persistence,zero_shot,CAMELS-BR,0.13313689527753947,0.0644432987690976,3.1515499742455257,0.3787815222698871,-39.20172862843414,,0.30130654734609363,13.321139980769626,29.531522713615523,1.6745173931121826,1.4379899501800537,184
38850000,persistence,zero_shot,CAMELS-BR,0.16371445028969644,-0.11220305994962732,6.725856472763912,0.8590597969166044,-70.58834460598968,,0.050219550970677984,27.43711454086042,59.99830530409965,1.8929288387298584,1.9507580995559692,184
38855150,persistence,zero_shot,CAMELS-BR,0.7631444985594145,0.8787041432228477,0.062457087199784954,0.020016279418108074,3.4899376739465287,-0.025450311734264118,0.9565043300403002,0.0,0.0,0.26916739344596863,0.29234373569488525,43
38860000,persistence,zero_shot,CAMELS-BR,0.7426494059743052,0.8590942451318508,1.0429468192782636,0.2613681085407734,0.5779188598962863,0.0019037157571644495,0.9187173079798189,4.3334072629845135,7.989884305867919,0.5493030548095703,0.6077134013175964,185
38880000,persistence,zero_shot,CAMELS-BR,0.9965763818151391,0.9279861505702028,1.118655537763224,0.19873875336959324,6.745811519959459,,0.927987068215318,4.5815223357578345,8.560264601054541,1.3656128644943237,1.3659296035766602,188
38887000,persistence,zero_shot,CAMELS-BR,0.47565364041547364,0.3977961904935452,5.151876652873861,0.8733243403352193,-39.07273164478353,,0.47603953929167275,22.13264653875795,36.55218563606462,1.108383297920227,1.3839365243911743,185
38888000,persistence,zero_shot,CAMELS-BR,-2.1904080747757755,-0.7303899092401904,14.651172433688142,1.700833469319208,57.892339900371695,,-0.7296508834812532,63.4641986673114,140.25361755603825,1.017814040184021,1.3815479278564453,188
38895000,persistence,zero_shot,CAMELS-BR,0.3424984414498853,0.6332838209237728,26.904038719411812,4.066888945539137,-5.940065521946407,-0.007210038570881261,0.8933946627306808,116.2975424685856,217.88586109995717,1.0168683528900146,1.1835787296295166,188
39081250,persistence,zero_shot,CAMELS-BR,-3.671622720146095,-0.771090146655486,4.973497058302272,0.8556441356269444,46.76648538096785,0.0035224333761238596,-0.7396657236183954,21.285385944974845,45.302096030199124,0.7450500130653381,1.0390478372573853,188
39082000,persistence,zero_shot,CAMELS-BR,0.6252055676021322,0.33849069165997003,24.440931700759368,3.366545853943148,-43.33553256147923,-0.005201033256548675,0.34646635696396455,105.90453581955786,233.47825788895383,1.1108366250991821,1.3643406629562378,188
39082800,persistence,zero_shot,CAMELS-BR,0.914012945067003,0.9389887711607069,0.41403370999948347,0.1754244692187677,-2.856810762294697,0.002106038723757763,0.9572543991582932,1.4998025817197382,0.7092606725514438,0.5999954342842102,0.5662987232208252,188
39083000,persistence,zero_shot,CAMELS-BR,0.36849131722468464,0.5899955553729179,4.789909922330957,1.266629412929642,-7.035898745510757,-0.005479215017314486,0.8092847948136088,19.374032496848642,38.86680764849408,0.7962958812713623,0.7019030451774597,187
39084000,persistence,zero_shot,CAMELS-BR,0.3547854825253538,0.56848237294953,14.974348020315349,4.450503168577816,19.47546911237214,0.0018686559335164728,0.6164694432988339,56.00964697004058,32.94551195153601,1.0072369575500488,1.0982493162155151,187
39084010,persistence,zero_shot,CAMELS-BR,0.9357986941156138,0.8590149407214054,6.007862477115463,1.3474983602118198,12.876704480422086,,0.8597443436206731,26.111160533921495,30.27692718754559,1.2507981061935425,1.4541219472885132,179
39084020,persistence,zero_shot,CAMELS-BR,0.8943226776179631,0.9199017190819094,5.125121984412242,2.1408462201664498,-0.19592812948172664,0.0020595839888698404,0.9339947040787855,17.46145234020498,3.6090738694335607,0.9819249510765076,1.0389713048934937,171
39084200,persistence,zero_shot,CAMELS-BR,0.7433209515715012,0.7457103035674992,0.6621958517756665,0.17026290786202236,-5.674674383545613,0.0,0.7825592737094289,2.6755374348518592,5.464994067048148,0.443623811006546,0.3847140073776245,186
39100000,persistence,zero_shot,CAMELS-BR,-0.002251620533980425,-0.34742518190873195,0.19504619802030893,0.01814904483628406,-64.44276986489632,,-0.01661995537635419,0.8640250271178316,1.7268363717484456,1.8075134754180908,1.2081270217895508,157
39130000,persistence,zero_shot,CAMELS-BR,0.2646174123480718,0.37019107750682123,0.5568927734284467,0.1034508543567998,-32.08284291884835,,0.564924748234523,2.30651414373415,4.34666993606912,1.4939626455307007,1.3894801139831543,175
39140000,persistence,zero_shot,CAMELS-BR,-1.1990398262504547,-0.09097637576902518,6.381696368904913,0.9128473322452145,33.62851842448344,,-0.053265559993783684,27.1790471779909,59.83454892169582,0.9756006598472595,1.267098307609558,188
39145000,persistence,zero_shot,CAMELS-BR,-0.7396499217547321,-0.08950418989849607,8.883480183390702,1.593528705074432,41.48481067469588,,-0.0767791140266556,38.193509017312614,71.18436582729613,0.7956296801567078,1.0947819948196411,188
39150000,persistence,zero_shot,CAMELS-BR,-0.8434582222736027,0.2524908909764134,8.297601190256996,1.4451988517452097,14.884765325191934,,0.6466767603339943,28.663370232273394,43.74604036920256,0.9633093476295471,0.8937391638755798,173
39154000,persistence,zero_shot,CAMELS-BR,0.48516101516389654,0.7487683649492127,1.6792033678835125,0.41595280535644696,-2.7163501350184887,-0.00044875526248286043,0.9487322239878211,7.158354823496473,12.767511945788758,0.9855223894119263,1.0558302402496338,178
39155000,persistence,zero_shot,CAMELS-BR,0.92551907984833,0.950415747234701,5.986299339548386,0.9023984925476489,3.2101073316416477,-0.0013408461941860211,0.9668793882018835,4.796287707888408,3.5355339059327378,0.32270365953445435,0.3124009072780609,135
39170000,persistence,zero_shot,CAMELS-BR,0.5071605034593193,0.2985340771656755,4.600562348365551,0.8719263742765492,42.937105508496224,,0.30079649612038484,19.664480004740575,28.72226754246083,1.4193906784057617,1.2899833917617798,186
39180000,persistence,zero_shot,CAMELS-BR,0.017670137281119325,-0.17779075593553606,5.392498487355935,0.9000462862771955,-41.58174141391134,0.0,0.14867069811007028,22.094137452680233,49.90291742021785,1.3370025157928467,0.9950506091117859,188
39185000,persistence,zero_shot,CAMELS-BR,0.9235299473191411,0.9426816143363002,10.468306382288983,2.48807972114771,-3.191813878501414,0.0014470501521573857,0.9539452931624984,42.842808277357335,36.78171903885362,0.45881932973861694,0.4914284944534302,188
39187800,persistence,zero_shot,CAMELS-BR,0.3759774225432898,0.6819058113162897,18.7030951984221,3.994269612841658,-6.794335771304729,0.04512177149687169,0.9315460309527063,74.43208496364814,138.17143922064176,0.831303060054779,0.8470190763473511,188
39188000,persistence,zero_shot,CAMELS-BR,0.5475204296390124,0.5954506940668445,31.30258918144748,7.169293338837831,-9.45215759938146,0.00282853902232421,0.6850923798895499,131.10385437266814,273.9381863709505,0.8012270927429199,0.6623268723487854,184
39189550,persistence,zero_shot,CAMELS-BR,0.0711198430814215,0.4443185015171619,3.283529004602193,0.8417205456140879,-11.452136129542799,-0.00341017260178441,0.820419247820697,9.771729810579261,18.33515458498775,1.0927143096923828,0.9268442392349243,185
39190000,persistence,zero_shot,CAMELS-BR,0.6402177741929855,0.8064241100843207,1.2481603194644921,0.45348249986523487,2.8431752072640246,-0.00045110118244283404,0.882564902036787,2.9981257074824836,1.0544628149051218,0.46717455983161926,0.4772440791130066,183
39190500,persistence,zero_shot,CAMELS-BR,-19.261551433582717,-2.8789385653072292,0.7716285499735729,0.13500095903873444,35.16136123683715,0.00017727569491972697,-2.8547331747757947,3.170317986943782,1.0303092910325753,0.464465856552124,0.8656449913978577,104
39190800,persistence,zero_shot,CAMELS-BR,0.3216544862580192,0.6763169530243454,0.6271747258175041,0.22723779246563047,-1.318825658405427,0.0,0.930977924385721,2.036136008935275,3.277076988696255,0.3560829758644104,0.42745548486709595,127
39191000,persistence,zero_shot,CAMELS-BR,0.1360112870175949,0.5404828162300661,1.589483777567136,0.4774962676332352,-2.6048475447035124,-0.0001276959828472677,0.9276281973227003,6.155663504401047,8.81248126876163,0.4347851276397705,0.3476095199584961,188
39192000,persistence,zero_shot,CAMELS-BR,0.2746973172357021,0.574393642446388,2.204878839666816,0.7522824429609674,-8.10828128837703,-0.0019747880822036483,0.8559957942353681,8.23294897176678,14.343218143669196,0.6372405290603638,0.598760724067688,188
39195000,persistence,zero_shot,CAMELS-BR,-0.6866178437557775,0.2916066696905111,15.793863333825628,3.621273170636353,1.5965028687420666,0.0003024180016414791,0.775689391988271,41.70235246723434,84.33432386172201,0.5069210529327393,0.701663613319397,179
39200000,persistence,zero_shot,CAMELS-BR,0.8336296455104353,0.7532871633916294,12.220056533215852,2.2025702487457886,-10.27702170009934,0.0031220589864163484,0.7589375360178351,53.44001594045585,106.0486331272478,0.7615011930465698,0.6111456751823425,174
39220000,persistence,zero_shot,CAMELS-BR,0.2641744012104106,0.5628324896988727,4.334125011974978,1.4302440178783045,14.60893633282886,-0.0062204050414062725,0.6247366031476234,11.01323019603001,12.977444885866491,0.6434547305107117,0.8089544177055359,184
39310000,persistence,zero_shot,CAMELS-BR,0.4394771496701979,0.5884700727877286,0.9494236782930197,0.13749890715708254,-13.8852121566039,-0.0038442136881823297,0.7477799898469615,3.673679131106428,8.635483701411122,0.9965469837188721,1.0824580192565918,183
39340000,persistence,zero_shot,CAMELS-BR,0.9940707643813824,0.9869736600611243,0.3463662575358999,0.0690674311454807,0.7496889989814278,,0.9872339516609935,0.0,0.0,0.6995689868927002,0.6785054206848145,175
39345000,persistence,zero_shot,CAMELS-BR,0.5745461844651718,0.6576182211508306,3.6932732565997815,0.6977274365936007,-12.21120452570447,,0.7536670584393698,14.051682156249507,26.690827847573757,0.7586491703987122,0.7837386131286621,175
39360000,persistence,zero_shot,CAMELS-BR,0.2538957688963793,0.49170043519852424,7.91878759001769,2.5940857097080774,8.977416407338346,-0.00153558263222597,0.5222961969986933,29.932889980182004,10.535182702884745,0.5975783467292786,0.637583315372467,175
39370100,persistence,zero_shot,CAMELS-BR,0.36939052538381534,0.6867890375401693,21.03533810628356,6.975801091580777,-3.442577004349429,0.002027569454843524,0.9622647560462595,76.99425863619079,111.31594189075238,0.6376187205314636,0.5876594185829163,185
39431000,persistence,zero_shot,CAMELS-BR,0.5681925496291509,0.6655892531060024,3.277205563969799,1.3240717725550875,-4.79025249237569,-0.00067881140905705,0.7700967438643668,12.08985878428718,17.260888981069808,0.5653044581413269,0.45378419756889343,188
39433000,persistence,zero_shot,CAMELS-BR,0.7065172657454415,0.8483610794868598,5.5467770539725,2.223692493235811,2.1738739391144666,0.0007327249731604278,0.9316330277036614,9.43065024724153,8.9142803923564,0.5270299315452576,0.52110356092453,188
39450000,persistence,zero_shot,CAMELS-BR,0.8300154766074042,0.8274338210078683,4.2656273746301165,1.8160436191457383,1.30352902653225,0.0006468213519490382,0.8386320199843567,13.37203818474229,8.552544126034627,0.4235648512840271,0.4342758357524872,188
39450400,persistence,zero_shot,CAMELS-BR,0.7968526561005425,0.7445960838176485,4.623619235295135,1.4427473468983427,-2.909958189306488,-0.0012030553529355677,0.7569012723511674,19.23058395394947,37.06904220610134,0.3203180134296417,0.28553199768066406,188
39480000,persistence,zero_shot,CAMELS-BR,0.7939890309848788,0.8838092705887857,14.991193469945388,6.474582382973204,-1.923922837312954,-0.0013816171416977073,0.9530121674466874,42.72264015279954,67.48403527577959,0.5213920474052429,0.4581831097602844,188
39480300,persistence,zero_shot,CAMELS-BR,0.742065240264615,0.6762991634599667,12.828506086343223,4.437181587219238,7.112023178108342,0.0015528603359516169,0.6795134404924638,46.75729142638305,83.82992057267181,0.4560185372829437,0.513265073299408,125
39490000,persistence,zero_shot,CAMELS-BR,0.448049060577711,0.41176325193230234,26.169457370696655,6.488650559264923,14.411447470263704,-0.0019587742346965226,0.4135053531786148,107.03805266394409,160.3337092240955,0.4560168385505676,0.5929885506629944,107
39530000,persistence,zero_shot,CAMELS-BR,0.4775649937117835,0.13356955239156598,2.537605311616697,0.20927446083867912,-53.22818536160807,,0.13363591730273228,11.002738045315558,24.53850519021647,1.7948706150054932,1.5166499614715576,188
39535000,persistence,zero_shot,CAMELS-BR,0.4677855825735645,0.4937197917562859,0.026689677831444016,0.002690714384828295,-38.90690432738824,,0.4937197917562851,0.026689677831444016,0.2233018656264188,2.0,2.0,140
39540000,persistence,zero_shot,CAMELS-BR,0.879187948547688,0.7401344823542728,4.91960501340724,1.1654564253388324,13.172273978071994,0.0075581709154600996,0.7417024979468497,20.74378216918157,33.78713281468651,0.921751081943512,1.072965145111084,188
39540550,persistence,zero_shot,CAMELS-BR,0.6440259242877531,0.5715716577257253,11.239374586350136,2.8575121812675515,19.32543194255224,-0.00278196516101753,0.5784114565520149,47.19670530005186,63.16120101148728,0.8273437023162842,0.9586142897605896,188
39540750,persistence,zero_shot,CAMELS-BR,0.5537900215031585,0.7732511895689111,5.535936883573613,1.716011141367415,-4.501075910373055,-0.0034251588830790415,0.9081831687900358,21.808713861617306,26.07818344944256,0.6430487632751465,0.6559150815010071,188
39541000,persistence,zero_shot,CAMELS-BR,-0.34100681766702245,0.08021936524235507,6.954086031669661,1.3305632858388523,22.996060394184457,0.0018354617388106065,0.08673063069796416,29.845317377011344,61.78725518791317,0.8530843257904053,1.0765615701675415,188
39550000,persistence,zero_shot,CAMELS-BR,0.39898572081156947,0.6026500488903657,13.050795446960372,3.2956723494193905,9.748763914489862,-0.00048065172237169926,0.6305579090746312,53.40528413060498,8.918576300935918,0.6560195088386536,0.7067549228668213,188
39560000,persistence,zero_shot,CAMELS-BR,0.65564303048641,0.8074295955682819,33.924242509099926,9.034514977576885,1.957767862698262,0.00022747709301733365,0.9205860574824689,137.46626315524867,203.57822098726484,0.5161183476448059,0.4934045374393463,188
39570000,persistence,zero_shot,CAMELS-BR,0.4455004235553407,0.7292064711141912,3.8233791678951556,1.0539643510859062,-4.284594287877068,0.0013186927982798032,0.873227926780562,16.01735807891387,25.334503149430407,0.6540446281433105,0.6243363618850708,188
39571000,persistence,zero_shot,CAMELS-BR,0.15175575345099457,0.2909496977450299,3.4596926252121523,0.9119814095344949,7.458700514228443,-0.0006964741427964594,0.29846501219767463,13.756951182920607,26.36025379106582,0.5058180689811707,0.6000415682792664,188
39575000,persistence,zero_shot,CAMELS-BR,0.8470857660052774,0.70734636360183,2.2028501704624843,0.630677652619581,7.303756390762465,,0.7086638155688687,9.222177653407059,15.836410690967986,0.8389338254928589,1.024714708328247,188
39580000,persistence,zero_shot,CAMELS-BR,0.7898304877900022,0.8186638111722733,15.814718899396846,5.338728107036428,-1.7467102072760554,-0.0015471524783124864,0.855161245884464,59.38263413093952,108.39040405066342,0.7086962461471558,0.6579208970069885,188
39590000,persistence,zero_shot,CAMELS-BR,0.8010213693158952,0.8510034796285276,51.566536397789015,16.63840010825624,-2.238625824876247,-0.001321461132998615,0.8939588748962303,206.08967112930216,401.6391007776269,0.5744130611419678,0.518100917339325,188
39620000,persistence,zero_shot,CAMELS-BR,0.7148614700120435,0.7826589169936468,9.35168824502191,2.721753828551458,0.02258354416010951,0.0018077677349219688,0.8303092812579779,36.908198437045094,76.69397030965374,0.6887177228927612,0.6213108897209167,184
39640000,persistence,zero_shot,CAMELS-BR,0.8400468721651466,0.9001524194071953,8.120560957285509,3.0265779636674006,1.169952119066704,-0.0004325547725992675,0.9314261681932083,31.01783613109565,49.25360974648045,0.5902499556541443,0.6263566613197327,177
39650000,persistence,zero_shot,CAMELS-BR,0.8296553421206507,0.8563220226328564,9.287468378404064,3.241211771965027,1.1371049585197561,-0.001850485476271542,0.8710938174057105,34.446845847684784,36.69398392271311,0.3827429711818695,0.42163288593292236,188
39689000,persistence,zero_shot,CAMELS-BR,-2.277536878227876,-0.2932001743648005,9.226751226646641,1.2974739287920454,18.024118246199077,0.0034633218966204915,-0.2391254400764833,39.82698239243055,88.42527105863576,0.8523870706558228,1.045361876487732,188
39690000,persistence,zero_shot,CAMELS-BR,-5.383870977408975,-1.2281969256049377,19.384236006743777,3.1683314200094403,38.13004754190845,0.004724389188051872,-1.2233874313108988,83.7481317473126,168.42509745905008,0.6648921966552734,1.0627797842025757,188
39700000,persistence,zero_shot,CAMELS-BR,-0.6001280902826696,-0.029028720786903106,17.69502624659503,3.4347702447087207,13.155995904086403,0.00028740698196867004,-0.022506378666148352,75.7722796549379,151.68092771109315,0.7208086252212524,0.9339761137962341,188
39715000,persistence,zero_shot,CAMELS-BR,-0.9469922895877763,-0.24740199116973605,2.91555004204244,0.5946569234885751,28.66280587221142,0.002078482841438828,-0.24588341517573742,12.485851089061129,24.894843975783356,0.8035961985588074,1.1009653806686401,188
39720000,persistence,zero_shot,CAMELS-BR,0.6989619612248492,0.7138560909738497,7.100398582566135,2.2953049321051524,7.302432185745949,-0.002497757128363899,0.7289746586263777,26.798702268854328,45.4730297689763,0.7053321599960327,0.8288694024085999,184
39740000,persistence,zero_shot,CAMELS-BR,0.4007891987331762,0.5511687156776512,36.32790136152714,9.910926324255923,3.395446259317982,0.0004894047864009918,0.5679497948879108,151.5341682373,137.3433751833394,0.6335663795471191,0.7522212862968445,188
39745000,persistence,zero_shot,CAMELS-BR,0.7560479696398292,0.8431837535158266,12.70630677571937,4.060664871984974,-5.318643616416953,0.002434963080331219,0.9075092003090426,51.531802171300335,80.11037257870234,0.4913467466831207,0.6300628781318665,188
39760000,persistence,zero_shot,CAMELS-BR,0.6596480465841457,0.8257582268246499,47.68328971199199,12.84506431919463,-0.38554285142905664,-0.0010114439031406984,0.8960415039320091,196.72550390158432,412.31329025299465,0.7261574864387512,0.7128686308860779,188
39770000,persistence,zero_shot,CAMELS-BR,0.8420237999877335,0.8183565190401395,39.488428596412014,13.790300016707562,-5.539830708373427,-0.0003049126605118198,0.8357964348486737,143.9656251536479,271.3878413887764,0.7366044521331787,0.6179083585739136,188
39800000,persistence,zero_shot,CAMELS-BR,-0.4976220944783212,-0.1677886220870204,2.567355258408603,0.346103714219235,33.70815263210473,,-0.16748585770101787,11.07749638531733,24.575468468370467,0.8057879209518433,1.0853501558303833,188
39850000,persistence,zero_shot,CAMELS-BR,0.3216422178831143,0.5808729889660968,10.131317586907347,2.7918927393390636,4.287409597848318,-0.0004577984587679357,0.6203001320095137,36.39749042746786,73.50995580426748,0.667639970779419,0.7247369289398193,177
39852000,persistence,zero_shot,CAMELS-BR,0.4957632995774782,0.35275534438870826,16.949294527325982,2.873543011321825,17.82226569536668,0.0010925313404870768,0.3531425508111955,72.382327784559,159.68330364705736,0.905769407749176,1.014278531074524,188
39860000,persistence,zero_shot,CAMELS-BR,-0.9691057770721585,-0.12364818330367289,54.174736280520705,9.199079565545345,28.60220634171054,0.0018094544688492878,-0.10852241705482824,229.74082765234942,501.4296934782959,0.7712084650993347,0.9896368384361267,188
39863500,persistence,zero_shot,CAMELS-BR,0.8220725556536472,0.9076370925209869,0.3030418030635668,0.156232040411639,2.1252565213070254,0.0,0.965990036264766,0.8922390416384729,0.35340242900910995,0.39064517617225647,0.36637720465660095,103
39870000,persistence,zero_shot,CAMELS-BR,-0.8924206775832317,-0.031197725946952914,74.17901574862304,15.157022939083424,14.14797084825199,0.0003589847965880001,-0.02252983729042457,317.5285966399486,568.1033163230114,0.6898083090782166,0.912052571773529,188
39880000,persistence,zero_shot,CAMELS-BR,0.578358636815421,0.7720180784743628,7.199065290086794,2.4351197486674345,-9.887188692423228,-0.005244502539604526,0.8816820821537492,28.75549961834595,42.69595129292811,1.0959304571151733,0.9910088181495667,162
39890000,persistence,zero_shot,CAMELS-BR,0.7046403234146408,0.7775710006172534,12.15204509293479,3.9621635749961412,-9.95986679725848,0.000939885196805039,0.8406166192850328,46.82453335158886,62.91936657266729,0.8501562476158142,0.7678660750389099,184
39950000,persistence,zero_shot,CAMELS-BR,0.7743175497349538,0.826145901188505,3.8475796583400674,1.1840425464919115,2.6509269507565447,-0.0033474960681453836,0.8486008087717601,14.064545171420297,19.58148977092067,0.8095781803131104,0.859321117401123,188
39970000,persistence,zero_shot,CAMELS-BR,0.43181296264994995,0.5620686691243695,22.160075416330262,3.2825020720116433,-19.596333511314956,0.0015640189023830298,0.7112206122050229,95.34445118105575,198.73515055287012,1.1736948490142822,1.119022011756897,187
39980000,persistence,zero_shot,CAMELS-BR,0.16080220987228333,0.3528174300167901,12.110204511471942,2.210146973772747,12.974715424017985,-0.0012052479610533441,0.3634023527147088,51.26808157978866,34.17965162704578,0.45489686727523804,0.5481323599815369,164
40025000,persistence,zero_shot,CAMELS-BR,0.6791812993106504,0.7771836960689621,3.5756240176284724,1.175864893705287,11.348020661155397,-0.0015379859351860453,0.810939118466304,7.503963961496421,11.960075265146136,0.3678772449493408,0.40659013390541077,188
40030000,persistence,zero_shot,CAMELS-BR,-2.0180337923550593,-0.322357762236535,11.979380045348655,2.0357141797504728,11.434048252960554,-0.0008302724513369938,-0.3113580596623562,47.39904991276143,0.5999984741210938,0.12304694205522537,0.2914777398109436,63
40032000,persistence,zero_shot,CAMELS-BR,0.8778171568902084,0.9225235338132108,5.14851887392863,1.6625015947553847,-0.23710891065803824,-0.00011046392293628977,0.9468682259875824,17.56590215997009,13.844202310370903,0.30698516964912415,0.3458618223667145,180
40034000,persistence,zero_shot,CAMELS-BR,0.7087318900894517,0.8407004025515004,3.4872945558931625,1.4864864658665013,1.03730913356389,-0.0007311545854365963,0.9037659105088426,10.41854092704558,13.960658600363791,0.2788035273551941,0.31366848945617676,185
40035000,persistence,zero_shot,CAMELS-BR,0.644007884215781,0.8161869902167095,10.905274950354595,3.9013978306965162,1.9038934576083675,0.0026476506800852603,0.9615629092484953,29.21708444006871,50.84958186094896,0.44675442576408386,0.52903813123703,186
40037000,persistence,zero_shot,CAMELS-BR,0.7740141748007776,0.7852488025943525,13.285493557115924,4.466699893170214,-6.306414848952189,0.0005039780256715018,0.8200313784706721,52.39251908345271,36.155382206609104,0.49999329447746277,0.4121282696723938,188
40040000,persistence,zero_shot,CAMELS-BR,0.994365265491978,0.9943863983219638,0.27572041137865205,0.15717939172472273,-0.1891212868496709,0.0007600830738408171,0.9950610713069556,0.5523464924592345,0.5567753788691622,0.20613090693950653,0.19966137409210205,175
40043001,persistence,zero_shot,CAMELS-BR,0.8394944528236868,0.8692171176245944,10.744383890878897,2.0818617400970867,3.347789740117124,-5.4866904336186434e-05,0.8851285411588861,45.38197831328474,74.25967950375224,0.5772926807403564,0.5880051851272583,188
40046000,persistence,zero_shot,CAMELS-BR,0.8972768946276065,0.9200756551427786,16.757475192375512,6.31595736868838,1.2073300616827234,0.0018968018605479177,0.9365502448630644,55.030900410587506,89.37561188601732,0.39252185821533203,0.4100104570388794,188
40050000,persistence,zero_shot,CAMELS-BR,0.9819157469650215,0.9836007689264287,15.558536850470196,6.6744185610020415,1.0486892247118893,0.0004145452345712952,0.9860985540709476,32.69097494784558,28.552383665264703,0.28880763053894043,0.3135567009449005,188
40053000,persistence,zero_shot,CAMELS-BR,0.8286226835148754,0.9122498522744159,1.1219838196776872,0.21068244316476456,-1.5890804630936228,0.002809173169157589,0.9824240184147532,4.282365450373088,8.965080116956333,0.40876662731170654,0.4855205714702606,188
40056002,persistence,zero_shot,CAMELS-BR,0.9310497195774393,0.9506496999587607,2.546330604336798,1.2788235206230014,1.067772081218228,0.0019143206394544865,0.9623150808058362,2.227106019188021,2.0,0.3484570384025574,0.3657238483428955,51
40056200,persistence,zero_shot,CAMELS-BR,0.8260473253062126,0.8144677865629547,4.273036474389734,1.551653275946657,-8.125919724223088,-0.00224535529766692,0.8360871053226028,15.747524210695586,7.132266190707761,0.703431248664856,0.6544178128242493,167
40056500,persistence,zero_shot,CAMELS-BR,0.9725240459265153,0.9536044080796824,1.2602074105280057,0.4597333272298177,2.3006497335157094,-0.0013402326626167187,0.954441305052854,4.547252129189928,1.7000007629394531,0.3312857449054718,0.30876612663269043,75
40060000,persistence,zero_shot,CAMELS-BR,0.7306128111799342,0.8041908192786402,3.763463144786044,1.6595744338441403,4.492589968723243,-0.0002502346243426854,0.8328821383063205,10.383977544240137,3.5106980992974366,0.2742481827735901,0.3174896836280823,188
40060001,persistence,zero_shot,CAMELS-BR,0.7318365543751884,0.7061568201143831,5.376380287228119,0.9266683990540712,5.732612239467324,0.0,0.7133095674932701,21.582270091352736,11.637007545422579,0.3183004856109619,0.3266078233718872,184
40063000,persistence,zero_shot,CAMELS-BR,0.9183757766239677,0.9167683175004978,8.540597721960461,3.7272592685840746,-3.2575931244849565,0.0005948932637897357,0.9273576465935479,27.50002639729611,40.26512230023076,0.48170819878578186,0.46878451108932495,135
40066000,persistence,zero_shot,CAMELS-BR,0.5678668162161236,0.7849745665663507,2.963951599562806,1.1107978611550433,-2.7503767405170487,-0.002734494284468883,0.8921974367471097,9.551607335896549,17.76344593705098,0.3420489728450775,0.3498181998729706,188
40067000,persistence,zero_shot,CAMELS-BR,0.9936340339318974,0.9928723376513758,16.73094388974358,8.949264582465677,0.5584147286858056,0.0005207310197168045,0.9935151494098385,35.43605911658752,39.50316443020736,0.25493335723876953,0.25866538286209106,136
40070000,persistence,zero_shot,CAMELS-BR,0.9851421364483196,0.9910930144586498,20.86943266450603,8.652779463749782,0.39189306703312576,0.00020227200050602565,0.9948912743337969,62.210504086717776,114.5115472007054,0.2656483054161072,0.25765687227249146,157
40080000,persistence,zero_shot,CAMELS-BR,0.8995415689158398,0.8996477890052154,31.02213207236934,7.4821507134653915,-4.322197481866708,0.0,0.9020041282936121,124.76827396977272,132.90595013648604,0.6782023310661316,0.7650821208953857,104
40100000,persistence,zero_shot,CAMELS-BR,0.9932215640705796,0.9847089228019038,19.220032397697004,9.895840928909626,0.8400233858404214,-0.0009461643228516753,0.9850076181630367,44.35155424808316,50.58561466548519,0.27555352449417114,0.26750946044921875,188
40102000,persistence,zero_shot,CAMELS-BR,0.9938110867908536,0.9933412957673287,23.337530320348318,12.203191574583663,0.16976673491254474,0.0010976140434641873,0.9940281896361962,27.89085871750814,35.608987629529715,0.22948165237903595,0.23354202508926392,188
40105000,persistence,zero_shot,CAMELS-BR,0.8382535402805746,0.9191291266426116,3.09023160391851,1.3213903648968048,-0.6934492205190719,-0.0020765689012020878,0.9765165789785502,10.972629932566885,12.45311177902769,0.4207617938518524,0.4793843924999237,187
40130000,persistence,zero_shot,CAMELS-BR,0.8633350788340851,0.8645954578983205,9.054844777574303,4.330650540108376,1.8359103020931424,0.0010330891987136367,0.8755975305593182,21.15193790684409,19.190462758322006,0.33082184195518494,0.37845954298973083,188
40150000,persistence,zero_shot,CAMELS-BR,0.9603623736850232,0.9477703163562945,5.708865527170833,1.7208266106057675,1.3320063298611868,-0.0008883105715241819,0.9508217560904456,20.210301389090574,12.082154831206473,0.3087070882320404,0.3092266619205475,188
40151080,persistence,zero_shot,CAMELS-BR,0.2788205362147266,0.47837543891789336,8.83521496576688,4.137600792778863,5.267253852278722,,,11.207399368286133,11.207399368286133,0.24869059026241302,0.4544268548488617,9
40154080,persistence,zero_shot,CAMELS-BR,0.9319825820242214,0.9649499551485998,3.227617965167007,1.6087234819189031,-0.8103332014349663,5.1083854541784934e-05,0.9905753876474314,7.177497257393096,14.505699204033197,0.2753361761569977,0.280356764793396,188
40160000,persistence,zero_shot,CAMELS-BR,0.5725100269670331,0.7549792003216983,1.6756011741451933,0.6659785052461009,-2.4229387977391097,-0.0016803281759755519,0.9115072858401345,5.596490812617532,10.223365140145496,0.5007716417312622,0.39922404289245605,186
40170000,persistence,zero_shot,CAMELS-BR,0.9352332978887143,0.967265044999414,4.121287026757182,1.454748575101819,0.18550006778879968,0.0,0.9931594302506597,13.536379263718228,18.386966290598522,0.3550315201282501,0.3549140393733978,171
40180000,persistence,zero_shot,CAMELS-BR,0.0777714916976725,0.5805891163572104,2.511121503025816,0.9129680835820259,1.3468513621973037,-0.0017608386417571134,0.8504643523337739,7.78385501309226,11.434642416281953,0.5808032751083374,0.6554969549179077,188
40185000,persistence,zero_shot,CAMELS-BR,0.8108167684208819,0.7243188099852418,17.951692550025445,2.7176933136392147,-6.374314409621603,0.0005261731438750035,0.7354702247492986,77.2019558517737,169.70105618240234,0.5561862587928772,0.4433703124523163,188
40190002,persistence,zero_shot,CAMELS-BR,0.9876602741797788,0.9356040297566227,2.4917341148614414,1.2697630201067243,1.421763161771236,0.0005305761268614506,0.9356983538190681,7.287683055136103,7.8430023193359375,0.33665311336517334,0.3218165636062622,35
40269900,persistence,zero_shot,CAMELS-BR,0.9362415760295038,0.9621665306873469,0.8955065241395452,0.3377423858189065,1.571139745225464,0.0,0.976512664107682,3.3647655646290873,3.90680463082522,0.2768684923648834,0.26840299367904663,184
40270000,persistence,zero_shot,CAMELS-BR,-0.5656235307428774,0.3130906377740078,0.2938270774524904,0.21468748152256012,-1.497331407257313,0.0005482114142209777,0.4050953197469791,0.7496666218186815,0.619999885559082,0.029097968712449074,0.034463658928871155,32
40300000,persistence,zero_shot,CAMELS-BR,0.7899944083910894,0.8796337202324986,4.395294053496208,2.004677362339471,-3.4012559633615163,0.0009788173473575575,0.9250755600670515,15.641988233946599,25.059227833218902,0.301873117685318,0.3423290252685547,186
40300001,persistence,zero_shot,CAMELS-BR,0.5357035501501275,0.41762496554766515,44.868758698389506,5.16817388780739,-13.828660438964308,-0.0005456174498994423,0.4196627759868079,191.94674364577847,427.0562907709698,0.7547537088394165,0.47801390290260315,184
40330000,persistence,zero_shot,CAMELS-BR,0.9193666068365937,0.8992637525587478,36.697070138682975,10.237333339193594,-1.49935853517959,0.0005029137042605637,0.9045519040045342,147.4427458536343,260.5986362271803,0.44707027077674866,0.4025072753429413,184
40350000,persistence,zero_shot,CAMELS-BR,0.6991698761990176,0.8394171915434503,1.9363449322739852,0.6869852884727365,-5.3828940079373915,0.0013290379301000854,0.9237401364690592,7.863729675122574,11.459921694982354,0.4685765206813812,0.45999860763549805,136
40380000,persistence,zero_shot,CAMELS-BR,0.9615592171758045,0.9774434833702077,4.054340377404675,2.1690425695256983,0.4813299721123703,0.0010696270392569693,0.9873958045208135,10.790505488507682,12.0,0.39292246103286743,0.3919292986392975,188
40400000,persistence,zero_shot,CAMELS-BR,0.945133709465378,0.9105445264478123,8.194455962144287,2.5975228370504175,2.6737657294362047,0.0013145474390678855,0.9131103621915904,28.89569930785988,37.89799758902916,0.4328591525554657,0.4871867597103119,188
40410080,persistence,zero_shot,CAMELS-BR,0.977201663329422,0.9678473736068847,4.2330909013566815,2.0228030627424065,-2.22474635111038,-0.004087073868713705,0.9696017633701883,12.368190708291912,4.87424325870052,0.4301130771636963,0.4361862540245056,132
40410180,persistence,zero_shot,CAMELS-BR,0.9244239084052722,0.9326687453453699,7.290367668059532,2.8899998864927494,-0.6611928350744277,-0.0005486044292538524,0.9401466037958697,27.817404703796843,31.342891876261245,0.34388601779937744,0.37767377495765686,143
40410200,persistence,zero_shot,CAMELS-BR,0.9553152951494139,0.907763298760936,6.847084123211421,2.4248964622102935,-3.302991199692435,-0.000440343348350386,0.9099383016014175,26.82639936018556,42.51666779869279,0.5323858857154846,0.5406851768493652,145
40450000,persistence,zero_shot,CAMELS-BR,0.8743753993428066,0.8934053902125636,54.131314457753504,15.48435442934754,-2.2856148846439774,-0.0009423106386183509,0.9148986165655745,218.17312832551127,468.55362553287324,0.3838091194629669,0.3410806655883789,186
40450001,persistence,zero_shot,CAMELS-BR,0.9152241071402023,0.9503431467374638,11.850345235644058,4.992991482957881,-0.9505762333142102,0.0018521261202695712,0.9751388043864518,40.39206775667682,59.37610511363564,0.31728386878967285,0.29727086424827576,188
40500000,persistence,zero_shot,CAMELS-BR,0.9329075351727791,0.9148406323234143,0.7232892151527904,0.24384655166503,-5.521826068843736,0.0013025352967859921,0.9209915466107687,2.6441070115266467,3.2702594676390575,0.4641706347465515,0.48498204350471497,174
40505000,persistence,zero_shot,CAMELS-BR,0.9577521473972747,0.9300146954047441,9.603791352465183,2.5591063474087004,5.4760205222237754,-0.0007591138738495054,0.9326031114949023,18.96048522585854,15.264337522473747,0.6745004057884216,0.6870383620262146,188
40530000,persistence,zero_shot,CAMELS-BR,0.8929637181816101,0.8706260986662887,2.9616939046047515,1.1883505568072037,-8.073026497532243,-0.003566410759376616,0.8816881795547732,8.305712369926095,9.046474420809764,0.732681155204773,0.7010728120803833,182
40535000,persistence,zero_shot,CAMELS-BR,0.9468493428529696,0.9418249277117673,82.42426426943415,41.30659338144156,-1.5113527819909764,0.002492291066941564,0.9481327436444167,263.40861793039346,339.58283231046886,0.4083927869796753,0.38183924555778503,182
40540000,persistence,zero_shot,CAMELS-BR,0.6419401243279087,0.8154887189984054,3.127544198502797,1.0685270978498829,-0.051509472524061795,-0.0028828991202485745,0.8950803642064105,11.291209777238196,17.328732469125157,0.4510864019393921,0.4257407784461975,129
40549998,persistence,zero_shot,CAMELS-BR,0.8866707508053844,0.8817821943725628,4.025388912786374,1.3303590987591034,-2.4541101741949527,-7.174781984832165e-05,0.8918545792268397,15.5725302911735,24.83937488398149,0.5460597276687622,0.5443673133850098,188
40550000,persistence,zero_shot,CAMELS-BR,0.5025032411132235,0.7224375163588117,14.565240598227142,3.976260130967551,-7.351496481044973,0.000521087089042329,0.9026473222917246,59.01732142450438,78.50836533472679,0.540798008441925,0.4574790596961975,123
40550002,persistence,zero_shot,CAMELS-BR,0.518427606756042,0.3203238758960236,17.091510112901553,4.949487245999849,-23.888879199256465,0.0016008303286314668,0.3248736106281136,73.58111189363727,102.0,0.7925968170166016,0.4713233411312103,39
40570000,persistence,zero_shot,CAMELS-BR,-0.20796482606303335,0.46961641464032045,1.733887388919708,0.5682023667863437,8.758335855043283,-0.002254983461403886,0.7707989901931177,4.761155131094185,7.769999742507935,0.7673845291137695,0.6730682849884033,84
40573000,persistence,zero_shot,CAMELS-BR,0.6858448324873198,0.7838282603186747,1.9633785269594308,0.8042553079889175,5.491126766304902,-0.0011849889262746348,0.8182635449282936,7.010652551235546,9.783659308839194,0.41969946026802063,0.45489415526390076,188
40577000,persistence,zero_shot,CAMELS-BR,0.5539372478515325,0.5723633410097906,1.8536107235143655,0.7374042783011782,12.620287235479703,-0.0008486424550320469,0.5825827278731683,6.14198576903365,11.136650825435193,0.3133709728717804,0.4639306366443634,188
40579995,persistence,zero_shot,CAMELS-BR,-0.2240127725616181,0.3863911825456863,8.7837893901384,2.656079576774077,10.476568509987535,0.0015379072263465576,0.46915336753732717,20.99655158262746,35.0837984085083,0.4044642150402069,0.5940821170806885,88
40579998,persistence,zero_shot,CAMELS-BR,0.7047532364855671,0.7490938274592251,5.567815686899098,2.2604545761238444,-4.724283201654639,-0.0007092386401493234,0.805260463293748,20.46152518381515,33.640006937532036,0.49041548371315,0.43857836723327637,176
40580000,persistence,zero_shot,CAMELS-BR,0.7000815097007124,0.849975434244846,3.6094917947610505,1.7016489252131035,1.6944662658187764,0.002593290400272154,0.978156839550125,11.814027262860828,6.527250148939989,0.35761070251464844,0.39623552560806274,188
40585000,persistence,zero_shot,CAMELS-BR,0.9695098873091539,0.961738879564183,0.07644188417903726,0.042925531911525004,2.9229853527750342,0.0,0.9642460628470454,0.143282915877357,0.16763050006033944,0.3420076072216034,0.33336302638053894,188
40665000,persistence,zero_shot,CAMELS-BR,0.7716435537374983,0.8816459938571638,2.3358121826859173,1.1037012725681454,-0.17927944634925866,-0.0020502615347917155,0.947245887876635,6.5775760924180755,6.033654015099673,0.4802793860435486,0.4383077919483185,154
40675000,persistence,zero_shot,CAMELS-BR,0.6896117904201988,0.7852564190741358,0.9472122316220121,0.33548065509585384,-3.6477288289133414,-0.0011979030755883725,0.8648871426738309,3.4150680599663477,6.175504023287113,0.33330023288726807,0.31397050619125366,181
40680000,persistence,zero_shot,CAMELS-BR,0.9743778047036886,0.9417234787633902,1.763113946561729,0.5282952910245851,0.1905527068801748,-0.00110979140405491,0.9424400398324155,6.930951804636154,12.342015978470073,0.35232916474342346,0.32552370429039,172
40700002,persistence,zero_shot,CAMELS-BR,0.7813030619260728,0.8827195960170584,13.453949869634322,5.2447339600705085,-0.4209972806029934,-0.0014285792984076728,0.9631913137517848,49.577404218385695,54.68546424782366,0.4253985583782196,0.39864394068717957,188
40710000,persistence,zero_shot,CAMELS-BR,0.7817538100272589,0.6558139393895375,36.801105333505525,6.956086319466095,-2.637431391899686,0.0012720124671228641,0.6568905668291678,161.08344724285703,338.1559288059672,0.48523837327957153,0.429097980260849,177
40718000,persistence,zero_shot,CAMELS-BR,0.7748194848428304,0.7022657116375057,8.043901324367265,2.704838691219207,5.718488954480329,-0.0008407450496147016,0.7048120976137005,29.57202872847385,31.699996948242188,0.1421792209148407,0.2215738594532013,62
40720002,persistence,zero_shot,CAMELS-BR,0.9169328894319365,0.9553055790689852,14.554829060803163,6.709625621530462,0.36935484801797647,0.0012968139151794886,0.9810410586580222,31.19615360905892,11.661903789690601,0.41075122356414795,0.45256316661834717,187
40730000,persistence,zero_shot,CAMELS-BR,0.12559328335380882,0.4302651926444053,0.35219321376131574,0.09348297965257092,5.54319555129318,0.0,0.4591441065972016,1.461260533902139,2.5440930631821765,0.5008081197738647,0.5748981833457947,188
40740000,persistence,zero_shot,CAMELS-BR,0.7310709131109732,0.6764098541111514,34.717850923676714,9.533447143879343,5.17853182898646,0.0004245986171454823,0.6807304777483418,143.32799840270707,284.2289704189625,0.4467453956604004,0.4575502872467041,188
40770000,persistence,zero_shot,CAMELS-BR,0.9006173033390896,0.9193946955150649,2.4211677185618905,0.9330265116184315,2.438875045807803,-0.0008268358133136696,0.9325981132543535,8.215930527999332,11.726317081816052,0.2791893184185028,0.2901868522167206,188
40790000,persistence,zero_shot,CAMELS-BR,0.5599761014445104,0.7843290764710411,3.270000235469896,1.0466276725873034,2.3028391759928177,-0.002880761058997313,0.9525825986293899,11.476438497301572,16.220358110403033,0.7536441683769226,0.8086828589439392,188
40800001,persistence,zero_shot,CAMELS-BR,0.9299158775617893,0.9648969344201029,24.043220034987964,10.859742682913076,0.1415528151912141,-0.0008353746320973431,0.9953566302043246,76.85734774588491,75.62357140228465,0.4191809594631195,0.3995479643344879,184
40810350,persistence,zero_shot,CAMELS-BR,0.907874111061454,0.9054351189750647,0.08169933545886196,0.019691978645994063,3.628160186832954,0.002818363144944743,0.9095537776089327,0.3376079312701155,0.6729255701822234,0.5914133787155151,0.5951477289199829,187
40810400,persistence,zero_shot,CAMELS-BR,0.8290369292700963,0.8158875421002062,0.08083913384399599,0.019125000573694706,4.246689140744744,0.0,0.8253498967730638,0.3074530651514697,0.08570140176205192,0.3673849105834961,0.3721679449081421,188
40810500,persistence,zero_shot,CAMELS-BR,0.4727362163947857,0.733826668715496,0.2011731220628307,0.09291666544352968,-4.058707275928688,-0.0029919648874680432,0.957121205625768,0.6022376353889667,1.0419999957084656,0.27614837884902954,0.29024866223335266,96
40810800,persistence,zero_shot,CAMELS-BR,0.5320428061605076,0.6977283049530388,0.7065538477978067,0.19214408852720774,-6.45924034910418,0.0006773522774171023,0.8449560346032206,2.8956503301180954,5.094556660054778,0.4585613012313843,0.3863022029399872,186
40811000,persistence,zero_shot,CAMELS-BR,0.4757590498568355,0.6436524298923307,0.2927478810333532,0.1356979183231791,-9.348342562737882,0.0013794917279885879,0.7901241619462267,1.0112653332090795,1.3539999127388,0.3262636661529541,0.2668413519859314,96
40811100,persistence,zero_shot,CAMELS-BR,0.6102146520751861,0.7624881274352013,1.9024130735900768,0.45492978283065433,2.9338778550851887,-0.0003889704075029851,0.8385641230514886,6.995771508787637,11.077398108981123,0.5745835900306702,0.6170434355735779,188
40811500,persistence,zero_shot,CAMELS-BR,0.5406323702104388,0.7372017455767637,1.4235549187377041,0.4895189866612229,-0.8850118358692026,-0.0015196909644247109,0.9102281623819679,4.7982236922791195,7.263236505873452,0.4678255617618561,0.3972092866897583,158
40812500,persistence,zero_shot,CAMELS-BR,0.7117030481938899,0.8290455569362611,0.1234428893537551,0.04494117698906099,-3.906055371176342,-0.00032437023117594735,0.9184082141061691,0.45934626729941935,0.4327493419939722,0.2533344328403473,0.2323376089334488,136
40813000,persistence,zero_shot,CAMELS-BR,0.432448581007152,0.6893550176616614,0.21867460937101144,0.0751489354099365,-3.7408035625692238,-0.0024255361619847423,0.9215932768491713,0.7817524003555025,1.391471199317405,0.4368034303188324,0.47549858689308167,188
40814000,persistence,zero_shot,CAMELS-BR,0.6934369238999216,0.7041400280897179,0.05796486338972894,0.01879787266729994,8.511215594847114,0.0008348012375661643,0.7175473469436195,0.2141952320612284,0.06499999761581421,0.2965810298919678,0.3922646939754486,188
40815500,persistence,zero_shot,CAMELS-BR,0.8036331262837028,0.82712719848781,0.819074947695215,0.29011110685489794,-0.707249681616289,-0.001437429124392823,0.8588168230226214,3.188111525755171,4.500627519045049,0.4315609335899353,0.36862504482269287,162
40816000,persistence,zero_shot,CAMELS-BR,0.29648462593671454,0.6429160877106543,0.042587831036033134,0.015404255074904637,8.654430114470872,0.0013177284231013012,0.7603550562998099,0.14069790017189995,0.2030730534346549,0.6255013942718506,0.6803893446922302,188
40817000,persistence,zero_shot,CAMELS-BR,0.7352731546864538,0.7853565981202989,2.0740110383662262,0.7483222156763076,1.9254314534420605,0.000898080272947098,0.8056424098287167,7.783010647741379,6.078240140398041,0.3576631546020508,0.4248414933681488,180
40818000,persistence,zero_shot,CAMELS-BR,0.656437088272378,0.7289590531981629,2.0291907947859906,0.5391702147874426,5.292549505350374,0.0036269788786345014,0.7508081442362202,8.267669881159069,8.139410298049853,0.3248833119869232,0.40655750036239624,188
40819500,persistence,zero_shot,CAMELS-BR,0.4013156897363467,0.7111216784627337,0.3855393277846546,0.10663297954708972,0.22264680854552274,0.0008223437092100792,0.8643792674541995,1.5632831101477682,3.3340816413658163,0.35665494203567505,0.3648883104324341,188
40820000,persistence,zero_shot,CAMELS-BR,0.10123575177025868,0.5797173204852799,0.4339173762672992,0.1167058828560745,-0.3664138810193805,0.0033200667651940956,0.6929230436849598,1.841167503132022,1.869232010337851,0.46101129055023193,0.47020965814590454,136
40821000,persistence,zero_shot,CAMELS-BR,-1.5574533611315067,-0.02675883101659804,0.11420746319888146,0.037010417552664876,15.923969442535645,0.0024920624795260506,0.04879288092007583,0.15418559839663332,0.13199998438358307,0.24126507341861725,0.4119608700275421,96
40821900,persistence,zero_shot,CAMELS-BR,0.08253254848539782,0.5630475676500573,0.21714516662247985,0.06302916656972633,13.47511059602054,0.01401889426525731,0.7390785218143968,0.5396579039899477,0.7088000178337097,0.6398993730545044,0.7794168591499329,72
40821998,persistence,zero_shot,CAMELS-BR,-0.945935105644004,0.20065736066752948,0.7270996344078108,0.19147553086835653,4.632711712416208,-0.00021497214653371476,0.7551770519164501,2.9611088626725883,3.993603902964474,0.5956302285194397,0.7014201283454895,188
40822000,persistence,zero_shot,CAMELS-BR,-0.18157351115808829,0.27133121885180334,0.46665194283118155,0.11289090392264453,10.717967707657417,-0.00039621370990537697,0.2960057157402277,1.9380143605545948,0.8098456456439862,0.30537959933280945,0.45753172039985657,110
40822995,persistence,zero_shot,CAMELS-BR,0.13517123118436758,0.542672997402857,0.7632168213643981,0.18125372251218302,9.312157437025725,0.0,0.8973922512580944,3.0736532817875957,4.750112871992138,0.9386532306671143,0.9590608477592468,188
40822998,persistence,zero_shot,CAMELS-BR,0.06809401957414307,0.36243770218395255,2.4924950793993617,0.7952086925506592,-2.0489702109874375,0.0006163534699866156,0.7177992146646288,9.635690579392143,15.992263754927023,0.46963730454444885,0.4509097933769226,115
40823000,persistence,zero_shot,CAMELS-BR,0.2930067346026525,0.6665307589539908,0.606860081024635,0.19902659397810063,4.33049601959953,-0.0009948866858411117,0.8672616572565969,2.235619260198084,4.131466813177275,0.41154298186302185,0.39955487847328186,188
40823500,persistence,zero_shot,CAMELS-BR,0.4374963093512395,0.39770469647998674,8.897117313717468,1.7172601223784558,-22.999561469768114,0.0014467303961475664,0.4860891661602629,38.07161730141226,67.06165513166054,1.1729382276535034,0.755172073841095,188
40824000,persistence,zero_shot,CAMELS-BR,0.027091335524231708,0.3349729298711379,2.649144398558508,0.6319202102245168,14.285783845497884,0.0,0.35534084524305154,11.080629789404863,11.98853658862263,0.4551760256290436,0.6685987114906311,188
40830000,persistence,zero_shot,CAMELS-BR,0.5245048907346368,0.7659386144730189,0.7759865446819755,0.3114220712261347,1.9781923092528721,0.0018531626004520442,0.9017004515168295,2.0756444075779026,3.013511090739409,0.3859490156173706,0.44667255878448486,154
40850000,persistence,zero_shot,CAMELS-BR,0.9634371897277193,0.9337598499503574,28.772909418439998,12.005236385858547,2.021578686223021,0.0035205259217900714,0.9354741161306837,87.51901434742456,125.14711128629283,0.4363262951374054,0.47326070070266724,171
40865002,persistence,zero_shot,CAMELS-BR,0.9503031452129708,0.9738461501218202,26.65692599047232,12.737234014145871,-0.5354624919471853,0.001143646302510527,0.9887564632521387,66.5792760549407,66.12866246946176,0.3037552535533905,0.3015732169151306,188
40870001,persistence,zero_shot,CAMELS-BR,0.9660269430937181,0.975093146695575,94.30794577533558,45.60227272727273,-1.7625712804561948,-0.0006059788621276749,0.9812982126018864,231.86825761386334,189.5521036549054,0.3174125850200653,0.29117560386657715,176
40930000,persistence,zero_shot,CAMELS-BR,0.36448260878409267,0.44146433772898774,30.57846878515687,7.8933478910872275,22.65336839450415,0.001966900742686465,0.4549258056137844,112.47860396991919,202.37666451208858,0.5732659697532654,0.7111968994140625,188
40960000,persistence,zero_shot,CAMELS-BR,0.6935384589937486,0.7523941970869921,35.767581852791764,11.71194680447274,-1.8719147415087212,0.001960981222521703,0.8154902404226692,130.75821796649822,225.45759024703514,0.7148776054382324,0.6381159424781799,188
40963000,persistence,zero_shot,CAMELS-BR,0.5812377625074876,0.791144266364997,27.96353747193835,10.169946891196231,3.54655048739988,-0.0015369900654426047,0.9343402287588688,107.22733615296816,140.42617531465072,0.6534237861633301,0.6947275400161743,188
40975000,persistence,zero_shot,CAMELS-BR,0.39864444795162746,0.6476417585840546,22.333299298049063,5.740776907108925,0.5707076793376548,0.0018872049038419492,0.8825571196185327,82.98789999501722,171.31475536270594,0.8285983204841614,0.7396190762519836,185
40990080,persistence,zero_shot,CAMELS-BR,0.9796154593471194,0.9693105145775078,64.14603663554227,34.655740596629954,0.017465231472586884,-0.0019459792227291446,0.9707215081632379,183.4798431057172,348.840241164869,0.28260722756385803,0.2878565788269043,162
41020002,persistence,zero_shot,CAMELS-BR,0.8698161698048497,0.9139665096300438,91.52184938609545,42.67795718613491,-0.6876453033416269,-0.0007010072928742526,0.9369340359807529,303.1574312088819,191.1308452343577,0.13764649629592896,0.1499725878238678,186
41050000,persistence,zero_shot,CAMELS-BR,0.11327591671791282,0.34329334313659676,39.54059209057969,11.546767287606361,22.41840723895404,0.0010909398185008634,0.3626918624475287,153.0813094101771,178.25111925386537,0.713083028793335,0.8526917099952698,149
41075001,persistence,zero_shot,CAMELS-BR,0.6353811202699853,0.7989016880318178,50.018662797505385,17.531181308817356,8.809684045230568,0.0013606893265988053,0.8873039811798523,167.3673027179959,314.8449358047045,0.7789660096168518,0.7914723753929138,188
41090000,persistence,zero_shot,CAMELS-BR,0.21089146085665844,0.627837544674001,73.13100292973448,27.996010577425043,3.084745566871999,0.0008317913658116884,0.913131652314883,168.24916329861375,256.90854403853524,0.5618705153465271,0.6472442746162415,188
41090002,persistence,zero_shot,CAMELS-BR,0.7158316931947866,0.8583227664901752,52.852565755770996,20.432978338383613,0.9194025795930896,0.0018170753771436753,0.9827196976858897,163.8688209822492,208.87992680052005,0.6664988994598389,0.6837369203567505,188
41135000,persistence,zero_shot,CAMELS-BR,0.9485538875295042,0.9589571750709887,123.45890966872865,43.73776756448949,-0.6182902632008396,-0.001579306503662838,0.9667724145484267,416.5218813232119,310.9480231041322,0.1738167703151703,0.16248448193073273,188
41135003,persistence,zero_shot,CAMELS-BR,0.8818799860870761,0.8614807364106604,132.5250464290976,77.25,-6.459696916091751,-0.00020063067761342396,0.8691635352274198,377.11625086525595,612.1601097752123,0.19718143343925476,0.17006544768810272,116
41150000,persistence,zero_shot,CAMELS-BR,0.5793681700577924,0.7787555980436682,2.6655776140568936,0.8227659425836928,1.490131045390537,0.0,0.8658172166031419,11.103644229723997,15.390054749161587,0.444180965423584,0.43858039379119873,188
41151000,persistence,zero_shot,CAMELS-BR,0.6562197884824247,0.46531259682182735,3.493242894093104,0.6592266442983047,-10.611340548109776,-0.0005194576680721489,0.4675578271501786,14.73192215730421,32.560939284020826,0.5858584642410278,0.3898736834526062,184
41160000,persistence,zero_shot,CAMELS-BR,0.22215997069566185,0.6292025285662757,4.607248465659714,1.3940425686379696,8.86925158254504,0.0,0.8061168629906931,14.988815846993544,29.377711855115002,0.47738751769065857,0.6213933229446411,188
41162000,persistence,zero_shot,CAMELS-BR,1.0,1.0,0.0,0.0,0.0,,,0.0,0.0,0.2937047779560089,0.2937047779560089,4
41165000,persistence,zero_shot,CAMELS-BR,-2.385124669922282,-0.26957192435107924,0.8889978997356273,0.23880225655722753,22.61278721810774,0.0016178133838348138,-0.19096664387868612,2.167110979853834,3.5553409005474537,0.37046921253204346,0.6585646867752075,177
41170000,persistence,zero_shot,CAMELS-BR,0.41297927354109276,0.7196051153649021,2.3513994596967014,0.739939366249328,-0.428687014689465,0.0,0.9112597924948823,5.294656975903311,4.965580106880604,0.31760847568511963,0.3202264606952667,188
41180000,persistence,zero_shot,CAMELS-BR,0.8189931609404573,0.6644914559057367,6.83351285246134,1.3946685676879071,-6.736495663533433,3.152521959706549e-05,0.6664081614163961,28.85474792923104,62.70069062834004,0.5236965417861938,0.4298279583454132,188
41190000,persistence,zero_shot,CAMELS-BR,0.7017557494223442,0.7359513033537799,3.7327713958763304,1.3670512865751216,-2.787331632145786,0.0012741892378049114,0.7870351391405475,15.02040296071179,27.850045619495805,0.25600317120552063,0.21961435675621033,156
41195000,persistence,zero_shot,CAMELS-BR,0.6747718896476902,0.7206325071946726,11.13932322842769,5.120744684909252,4.079331555539095,-0.00011912245518044644,0.7386545097743382,38.78146454963703,24.73863375370596,0.28227755427360535,0.3102535307407379,188
41195050,persistence,zero_shot,CAMELS-BR,0.5154555255321236,0.675752671252851,13.148086939826722,4.510348853857621,4.959609543577524,0.0012370755206193278,0.7150234119387959,39.312211568190904,75.0173523324423,0.32136476039886475,0.41963496804237366,184
41199998,persistence,zero_shot,CAMELS-BR,0.8742785972713455,0.7421372286816806,15.315311053783345,3.761131220675529,-3.2996984152746003,5.6665385378360314e-05,0.7435387099745203,63.302480942452476,137.97585636142642,0.43864530324935913,0.3703410029411316,188
41200000,persistence,zero_shot,CAMELS-BR,0.2458399433251428,0.5803612777785774,17.637713369217373,6.310228692724349,8.821544536693008,0.0006247192686817254,0.6523279987280729,45.52655071016144,64.84366371046082,0.40631136298179626,0.47027745842933655,188
41200430,persistence,zero_shot,CAMELS-BR,0.4402456294500541,0.7168427351857967,22.992427875561404,7.321987244677036,-3.9333617728304184,-0.0005205287881996125,0.8106314137557488,94.15031584518388,165.98750557772107,0.5619470477104187,0.5103099942207336,188
41205000,persistence,zero_shot,CAMELS-BR,-6.512856211304441,-1.0342334605881187,0.9356628837695552,0.1343191470158227,31.284684433409943,0.0,-0.92378388114067,0.5752961269777012,1.0651056268186139,0.4066820442676544,0.7753019332885742,188
41210000,persistence,zero_shot,CAMELS-BR,0.08271238423617455,0.42710850123690725,0.3529724463226806,0.07572074830928381,5.6650151377851365,0.0,0.46197520878712894,1.511595431094687,1.9106377883453982,0.64699387550354,0.7464596033096313,188
41220000,persistence,zero_shot,CAMELS-BR,0.6957149012586812,0.7717065275082907,1.943432179558469,0.7586777831117312,-5.407346971308098,-0.004060471273455017,0.8333874706835045,7.20225910319286,14.10890546045055,0.40162193775177,0.36051565408706665,180
41230000,persistence,zero_shot,CAMELS-BR,0.39296823747486764,0.5888231364715655,18.78616522567521,7.6272728587641865,-8.702445308259305,-0.0019935687609852846,0.7805374131038065,70.63763668076882,114.48486849337343,0.413613498210907,0.29035109281539917,132
41241000,persistence,zero_shot,CAMELS-BR,0.5386021565789819,0.7720824508520236,3.581639442101619,1.2131702024885949,4.220595681978503,-0.007130204016117608,0.9116778998229509,11.958338508308884,18.65999937057495,0.9309859871864319,0.8404452204704285,47
41242100,persistence,zero_shot,CAMELS-BR,0.5672546704741663,0.7096078601806128,2.241801819966138,0.844468076178368,-5.6133055585600555,-0.0004459778811598848,0.8343230595875032,7.343723140391484,8.021532981842341,0.49987003207206726,0.4606105089187622,188
41250000,persistence,zero_shot,CAMELS-BR,0.5388149610593984,0.590009711257889,14.295984870590715,2.8978614495470634,-7.314440978398792,-0.00045013826215014804,0.6813471106782977,61.02526776864313,114.60336563607015,0.6988949775695801,0.5175986289978027,153
41260000,persistence,zero_shot,CAMELS-BR,0.627353569992978,0.7859683543756943,34.663789766835926,12.344850211847024,1.419332246444007,0.0028483820704089894,0.8414717431155306,126.21378567871254,136.18855849878156,0.4168262779712677,0.48838236927986145,183
41295000,persistence,zero_shot,CAMELS-BR,0.7306030456662367,0.842867180234433,2.0010256074997077,0.7770212952126848,1.4146033032405922,0.001049975090850315,0.9302077347548183,6.763948239140924,12.708462792576219,0.43273642659187317,0.39007389545440674,188
41300000,persistence,zero_shot,CAMELS-BR,0.42703501853767867,0.21003762240397894,32.3152811725667,3.447224607493015,-29.66991590664277,0.002435508717647906,0.21061181659717243,140.0220826434291,311.92500862424913,1.0427916049957275,0.6020938754081726,188
41340000,persistence,zero_shot,CAMELS-BR,0.8109905582234528,0.7276932133873347,52.64553524795153,16.388962811612068,-2.1579326475418656,0.002484422010898331,0.7356489935201197,213.25731638291495,433.7281483362361,0.5713754296302795,0.4759419858455658,188
41340005,persistence,zero_shot,CAMELS-BR,0.6370669534490077,0.8069655698685056,0.5694476647543717,0.2258348856554475,0.18796863971466768,-0.0018715710094403086,0.8869382670231972,2.045488648246211,2.8538221225011973,0.2509843707084656,0.25494906306266785,172
41380000,persistence,zero_shot,CAMELS-BR,-1.815140184767296,-0.12700934311192436,10.221320884900711,2.4854212810938385,31.890877601587217,0.0038542249355981335,-0.029679576945158548,24.22637683286359,19.92638223392496,0.6866804361343384,0.9295605421066284,174
41410000,persistence,zero_shot,CAMELS-BR,0.7542780318979379,0.8720411801702543,36.27036521726709,14.18349200774004,2.9357667178341984,0.0006169112456054556,0.9616247805985368,112.10898622467079,175.13976681680114,0.35396358370780945,0.4146941602230072,187
41440000,persistence,zero_shot,CAMELS-BR,0.8482910513858709,0.9061109994837989,1.9790204647310827,0.5488600940146344,-5.265164098692096,0.0010558959379406239,0.9276288714485552,8.34318671414991,6.886299748565991,0.5172296762466431,0.46997448801994324,188
41440005,persistence,zero_shot,CAMELS-BR,0.3957693710972131,0.7059797043325804,2.1016362200885568,0.6017543556897537,-2.661250995973628,0.0,0.9508200356768102,8.44022254290213,14.370721371902505,0.42947790026664734,0.39779284596443176,184
41470000,persistence,zero_shot,CAMELS-BR,0.4406952218071776,0.5873773038464543,0.5956619116677664,0.11137234158021339,-0.7025270267604666,-6.851831744903586e-05,0.6816451468539171,2.1057834728291,4.205431906576638,0.5122652053833008,0.5006421208381653,188
41500000,persistence,zero_shot,CAMELS-BR,0.6866998953941361,0.8270946843807367,2.077384425665008,0.6134149071146199,-6.725310391798312,-0.00023265443908698086,0.9017930586108782,7.555842973128328,14.670037845076498,1.1262383460998535,1.2071897983551025,188
41539998,persistence,zero_shot,CAMELS-BR,0.6576444969591428,0.7962140171104815,2.7697414999768553,1.30229619404544,6.275207190740049,0.0016075009827423818,0.852350423072934,6.359029479266243,6.719650572566535,0.4580356478691101,0.4687816798686981,184
41540000,persistence,zero_shot,CAMELS-BR,0.8044229523536428,0.8583443540091702,2.487420347004243,1.040326097737188,-3.0428053081742292,0.0005541165261303098,0.9013701982996871,6.848451887387494,5.179287432702509,0.34978532791137695,0.30728572607040405,184
41600000,persistence,zero_shot,CAMELS-BR,0.8670765875717432,0.8713759710085952,33.49259975150717,13.858360052108765,-0.8486306547197663,0.0007596845359449066,0.8892979594735513,112.53507084866449,224.54980962731403,0.357157826423645,0.35097163915634155,184
41600020,persistence,zero_shot,CAMELS-BR,0.10236753950240762,0.428482751870763,3.3178879236292236,0.7776425430907848,17.238409569687654,0.0,0.4694628216491453,13.964454575573978,23.67763051450602,1.0802725553512573,1.2080069780349731,188
41650000,persistence,zero_shot,CAMELS-BR,0.8748852218135759,0.8646698193802125,27.379280655408998,12.019767030756524,-2.32106485571925,-0.0016383152960630833,0.8783780075317366,98.5844701466791,162.60601516986253,0.3720420002937317,0.33694738149642944,188
41650002,persistence,zero_shot,CAMELS-BR,0.8688533495060663,0.933684996504433,44.649028392746125,18.31899433947624,0.3646608570168324,8.944849354000986e-05,0.973711488589181,149.64719693680462,77.62934559342068,0.4330076575279236,0.42208340764045715,188
41685000,persistence,zero_shot,CAMELS-BR,0.9480514877678743,0.932677664616097,0.757767802945982,0.25404277203811537,4.403013642833687,-0.0008657463436048049,0.9364687547468705,2.1734864073508247,1.9932013709568934,0.5820032358169556,0.6103662848472595,180
41700001,persistence,zero_shot,CAMELS-BR,0.6382220239768173,0.8141822235414985,20.817178640093495,8.131569798602614,5.593939571659332,-0.0006549539483171364,0.9194349313878296,68.31787623631128,112.26611341066776,0.5043929219245911,0.5449885725975037,172
41708000,persistence,zero_shot,CAMELS-BR,-1.8646476415504978,-0.14852774577957972,2.341828455695093,0.7178655805827309,41.84625664672365,-0.0022006871287941626,-0.03816689477889201,7.539440629860584,9.335223535507033,0.9797384738922119,1.1882102489471436,186
41715000,persistence,zero_shot,CAMELS-BR,0.3022381506606099,0.5076895924933345,2.6196892894966064,1.0253050648896707,15.558519044080226,-0.005127081072297668,0.537885099642222,5.808867446809924,8.421400955249226,0.5448751449584961,0.4992048740386963,177
41718000,persistence,zero_shot,CAMELS-BR,0.5408100122760668,0.5065116161093803,23.315018774541752,4.770965270817599,-7.0644457814660235,0.0007172151195480696,0.5229266713984129,98.79880778921742,213.1201908017828,0.7441142201423645,0.6494523286819458,187
41720000,persistence,zero_shot,CAMELS-BR,0.9734803407240078,0.9413679670021304,11.637748162584614,3.818000014465634,-2.0958964097351425,0.0006353093494048563,0.94210675047646,29.492937007584263,50.38352905464245,0.43034628033638,0.3911006450653076,101
41780000,persistence,zero_shot,CAMELS-BR,0.8048513706582476,0.8144226658546996,41.08918984165878,15.137765965563185,-8.221917925174461,0.0012392524895055781,0.8437310273971148,145.9003084301058,211.85136298829894,0.7149198055267334,0.6667287349700928,188
41780002,persistence,zero_shot,CAMELS-BR,0.7901526956646192,0.812234065917227,56.382323499552065,16.786090191432407,-6.798740085173772,-0.0008446103044060065,0.8477954660723906,235.4328407062026,380.6499117915476,0.5998547077178955,0.49995583295822144,175
41781950,persistence,zero_shot,CAMELS-BR,-9.692556739317595,-2.335163463451726,62.208564341162884,13.02776912368577,121.59902177541319,-0.008195450086345774,-2.333923010862018,246.71737852993095,425.87901306152344,1.09364652633667,1.6041525602340698,58
41818000,persistence,zero_shot,CAMELS-BR,0.8991053673436449,0.9305287323398244,77.0832978193495,30.41984194257985,-2.8090913590271973,-0.0007986083262944768,0.9531413285098453,261.0067293655432,178.03925990897275,0.49031829833984375,0.5178828239440918,184
41840000,persistence,zero_shot,CAMELS-BR,0.7733698394546031,0.8284255299657906,85.71398519613429,30.024571446010043,-3.7056189705092137,0.002373116481573099,0.8767376074969582,315.54978476726404,575.0778208207998,0.5146569609642029,0.47979119420051575,175
41880000,persistence,zero_shot,CAMELS-BR,0.11526459025818558,0.3649166648911252,5.392741219745871,1.2399149174861452,-9.73905168934271,-0.004424773355996829,0.690136472832854,21.612321646523842,46.0208523760953,1.044538974761963,1.0207977294921875,188
41890000,persistence,zero_shot,CAMELS-BR,0.5209524594057757,0.7227574061827937,25.192012073534976,6.798967976519402,5.134130891300575,0.0,0.7893567346192265,103.68162546575702,94.05669101971992,0.7474129796028137,0.9623810648918152,188
41940000,persistence,zero_shot,CAMELS-BR,0.6952393058735173,0.8210215528957616,16.993839571063607,4.197420258946876,-0.4635072951061164,0.0,0.8730710384121257,71.91210116302928,90.48571486236361,0.7802892327308655,0.8233328461647034,188
41990000,persistence,zero_shot,CAMELS-BR,0.951979357785462,0.9759476391544156,63.27080113234333,26.542377461778358,-0.12820242744754437,0.0003580922645708036,0.997226793679204,190.06756534106466,112.96323103544842,0.44728749990463257,0.48262515664100647,188
42030000,persistence,zero_shot,CAMELS-BR,0.9180133521930423,0.9447005374386415,141.477983173163,79.52009813713305,1.0193422719047278,-3.963692597907034e-05,0.9601292512864754,436.1326141397019,539.6994041214824,0.26312142610549927,0.26800692081451416,132
42089998,persistence,zero_shot,CAMELS-BR,0.9559512301880052,0.9727008336627438,12.211369124415295,3.4948878101211913,-0.37266782534334497,-0.003018042502971628,0.9816448467741172,49.755972171400444,23.278317360098246,0.7006434798240662,0.6925170421600342,188
42090000,persistence,zero_shot,CAMELS-BR,0.9148419908353661,0.8785292654512898,18.35088745294047,5.93297948811781,4.877802103313914,0.0011238088282472108,0.8828830380453669,71.71334989442838,36.05780626503179,0.5875370502471924,0.6637480854988098,187
42100000,persistence,zero_shot,CAMELS-BR,0.22571340680242402,0.4755971521199953,13.206872839100338,3.204399417848029,-4.918264144519454,0.004341086421084023,0.7598758798674239,52.3330889483604,109.96225171408493,0.9193924069404602,0.8813952207565308,188
42145000,persistence,zero_shot,CAMELS-BR,0.3759464302859523,0.6877296277292331,48.657211473184425,15.659042489021383,-0.26093670662007995,0.0006898181121385155,0.9863781933720035,181.2307202834885,307.824340663214,0.8085161447525024,0.7545620203018188,188
42145498,persistence,zero_shot,CAMELS-BR,0.9498813009193157,0.942992571446686,18.624249243588853,5.840735522949177,-0.8645989784217587,0.0021863146290407517,0.9485780521022589,70.37120867021406,95.73610019995483,0.6335503458976746,0.6198052167892456,184
42145500,persistence,zero_shot,CAMELS-BR,0.8986095899230102,0.936600296999773,22.661324382223285,7.678159766602066,-0.7111286769052679,-0.0027534257914439766,0.9594129655994403,87.90542534351904,113.21527001887833,0.6475867033004761,0.6407240629196167,106
42187000,persistence,zero_shot,CAMELS-BR,0.8202934476255834,0.8773312222451829,1.3808275447099332,0.30972021318813586,8.093004124984773,0.0,0.8913662111071742,5.8374979905288065,7.724591943116407,0.5898972153663635,0.7731929421424866,188
42210000,persistence,zero_shot,CAMELS-BR,0.9844905483261145,0.9880032045790851,110.44754069106331,46.024255669635274,0.40586573999419256,0.000674259766824975,0.9906333837723517,241.08034159688196,148.83328671773256,0.20464962720870972,0.20443572103977203,184
42250000,persistence,zero_shot,CAMELS-BR,0.9135716546043608,0.9266472100523756,1.9878765053839198,0.615265447408595,-4.744202183445572,-0.0018680428820857832,0.9408150691296137,7.6590973731717735,0.2771873471889908,0.36047008633613586,0.32546693086624146,188
42251000,persistence,zero_shot,CAMELS-BR,0.975843632816065,0.9673070422119244,3.6868905978334934,1.3692458982521531,2.4576333135911352,-0.00034477404122288877,0.9693020230221938,10.266150688469446,2.9004539661693713,0.3352954387664795,0.3509500324726105,177
42255000,persistence,zero_shot,CAMELS-BR,0.8251186676642162,0.7981111840948142,1.5487470687000513,0.47379126314257014,6.214294623484081,-0.00038044520859491573,0.8064913382609995,4.0126129951908,2.611008242379821,0.34810343384742737,0.42837950587272644,183
42257000,persistence,zero_shot,CAMELS-BR,0.944513593740055,0.9529815401568005,2.894985856459927,1.0211946423700515,-1.6916874557161456,-0.0005099560913446009,0.9620535904382319,9.576520864505268,7.840899034102387,0.4580391049385071,0.433309406042099,188
42290000,persistence,zero_shot,CAMELS-BR,0.9759761014604538,0.9838178796363688,16.771611940587068,5.424364434191461,-0.9483725471549665,-0.00011552396534171908,0.9878392426793831,66.4790044741774,59.83795747349491,0.3251522481441498,0.3483160734176636,169
42350000,persistence,zero_shot,CAMELS-BR,0.3064597535725825,0.5113028334771176,99.08047796711004,29.294100455518038,-9.683424101207939,0.003005774179579049,0.7430099440415361,369.54630696078556,698.6862194827008,0.7531547546386719,0.5937801599502563,159
42365000,persistence,zero_shot,CAMELS-BR,0.8069618027861121,0.5590734532433077,27.801105943493113,13.381273476282756,25.263145266463123,-0.009423182400733348,0.5594071444999227,88.87100219726562,88.87100219726562,1.1942259073257446,1.465644359588623,15
42395000,persistence,zero_shot,CAMELS-BR,0.9633341862774117,0.9755876917661533,30.50534800939418,11.470319027596332,-1.5922890695732614,-0.0010114010148455435,0.9835139042610408,95.11452533251963,52.215379613117335,0.4179345369338989,0.39714229106903076,188
42430000,persistence,zero_shot,CAMELS-BR,0.9128759662507959,0.8021093629192823,0.3147199464361506,0.12494091825051741,4.964063624177966,-0.0001872596218957627,0.802327463268793,1.1223737979159565,1.7539000511169434,0.22300998866558075,0.3335987329483032,44
42435000,persistence,zero_shot,CAMELS-BR,0.9037256512368872,0.9382031100336259,1.0635356770273363,0.39025193037866035,-1.3773644389264739,-0.0005117451246608798,0.9607955968900719,4.052172978874464,2.234201431274414,0.6030457615852356,0.5813823342323303,79
42440000,persistence,zero_shot,CAMELS-BR,0.6636170066990847,0.8016282201889051,5.379816222417911,1.8478949849166018,4.7170155473937,0.0013118406170135287,0.8596786079027012,16.729279231515573,19.03518173785211,0.624140739440918,0.6184505820274353,179
42450100,persistence,zero_shot,CAMELS-BR,0.9576409812473187,0.9106945276849052,0.12943630242978982,0.050915116660816724,-0.870493735447608,0.0017733225080248174,0.9121805291708265,0.4498717597318153,0.6424000263214111,0.2620949447154999,0.23559409379959106,86
42450130,persistence,zero_shot,CAMELS-BR,0.6350988227899106,0.7368830234512123,0.19574721345879953,0.08544420945016962,0.8563831867628626,-0.0004640087525885645,0.7630463260489189,0.6702431026906379,1.3338998556137085,0.1498917192220688,0.21792776882648468,95
42450160,persistence,zero_shot,CAMELS-BR,0.7311156942674677,0.866418630415765,0.13596989525898315,0.05660238365332285,0.24894974949160098,-0.0005815032233322161,0.9872347242149853,0.4460476392485126,0.27219998836517334,0.2214404046535492,0.19393447041511536,84
42450300,persistence,zero_shot,CAMELS-BR,0.8767472301594436,0.8735394256958564,0.24520675994691152,0.11703241221065627,1.846228557759162,-0.00020080201052078903,0.8814733310757167,0.7241613819580214,1.4852440749405014,0.18084920942783356,0.18607573211193085,179
42450330,persistence,zero_shot,CAMELS-BR,0.8422568678012794,0.8757310692021094,0.058352530977271055,0.02101195542744118,3.1110555687681405,-0.002269736300962742,0.8941399816234525,0.1424083138195422,0.04830002784729004,0.3447302579879761,0.39983025193214417,92
42450350,persistence,zero_shot,CAMELS-BR,0.9887770954883873,0.9875554509255722,0.3513797607617968,0.18614132211195025,0.16785087230287615,-0.0002582752848887676,0.9887218201640823,0.7923695870216747,1.2225354185672193,0.18997390568256378,0.19023220241069794,179
42450360,persistence,zero_shot,CAMELS-BR,0.6469783730019885,0.8255369239204042,1.9589544714066935,0.5617612914372516,0.7836262840751984,-0.0014527850302590538,0.9481166062551551,3.0561605907734113,0.0,0.396462082862854,0.46877342462539673,93
42450370,persistence,zero_shot,CAMELS-BR,0.9502125077938625,0.9690814672896064,0.026009877955914855,0.013284999380509059,0.7481481356278149,0.0007076719341034821,0.9800103410416113,0.059564546694531886,0.10259997844696045,0.21030859649181366,0.209208145737648,60
42450380,persistence,zero_shot,CAMELS-BR,0.26587405741921066,0.49264576000404414,0.5067882931124963,0.16238860861410068,9.522978623430742,0.0025783509537497667,0.516277913422096,2.0593525397298222,0.8430001735687256,0.29425597190856934,0.4630095064640045,79
42450390,persistence,zero_shot,CAMELS-BR,-1.6797900013082874,0.030700063353247264,1.0247158970009764,0.22126874731232724,7.769653508712663,-0.0038238040978949457,0.2086355627672566,1.241532490184128,1.322200059890747,0.38859400153160095,0.5362743139266968,96
42450400,persistence,zero_shot,CAMELS-BR,0.9474684701237915,0.8853487862233871,0.30838341255064,0.13475325412076453,3.2492910811629514,0.00045768427869036926,0.8864110516057334,0.9122561543647804,1.9601998329162598,0.34049364924430847,0.36958956718444824,92
42450510,persistence,zero_shot,CAMELS-BR,0.5294216539985425,0.7221204974225511,0.9101363941455054,0.3260382716026571,-1.1891767447470958,0.0023281036608372614,0.8927171720339786,3.2014344966077095,6.859700441360474,0.5381279587745667,0.4820100963115692,81
42450600,persistence,zero_shot,CAMELS-BR,0.8506289392935862,0.8861815371038648,1.8180759235526498,0.7178946992284373,-5.189102420322537,-0.0005690982178796523,0.9139722261958169,4.622306084266645,1.6009998321533203,0.41285163164138794,0.4013794958591461,95
42450710,persistence,zero_shot,CAMELS-BR,0.899315194903213,0.8920336192543435,0.11370273268621797,0.039967443858988067,-1.5390232548232508,0.0,0.8996223278417022,0.24237626772574722,0.38030004501342773,0.36311081051826477,0.4657630920410156,86
42450720,persistence,zero_shot,CAMELS-BR,0.9363264933108557,0.9439625636159559,0.0728154225029815,0.04123437701006575,-1.5629871694586865,0.0006507265200312862,0.9538741286879134,0.19705098966516132,0.3888000249862671,0.2912152409553528,0.2501009702682495,96
42450730,persistence,zero_shot,CAMELS-BR,0.8802095472660025,0.9276427417856548,0.281198525068968,0.13265877170968302,-2.979316972083266,-0.0035701016836313694,0.9595224907088458,0.7716950138281444,0.30900001525878906,0.2311602383852005,0.21135982871055603,97
42450750,persistence,zero_shot,CAMELS-BR,0.9672590424228988,0.9633565934404055,0.18437175375031345,0.06642102750695565,1.3347937470397062,0.0004803389283262148,0.9666102726773068,0.21521071165300198,0.180878089418929,0.16368021070957184,0.18881842494010925,176
42450760,persistence,zero_shot,CAMELS-BR,0.7428603684761705,0.7832924336472427,0.3170496414060714,0.10782609197675534,-7.886969887911723,-0.0045361834939099885,0.8294713432961159,1.2599462523780034,2.509300082921982,0.36286696791648865,0.25981688499450684,92
42450770,persistence,zero_shot,CAMELS-BR,0.9769516538123675,0.957434928478987,0.32336018232302316,0.1756944391462538,-1.2640623068094778,-0.003098268957097458,0.9587772777165552,0.7110447343980023,0.7029995918273926,0.21175037324428558,0.16410589218139648,36
42450780,persistence,zero_shot,CAMELS-BR,0.8663609735421219,0.8398361950867087,0.12268391086655706,0.06452074621685167,2.2814079100899276,0.0022838685030917294,0.846842669339758,0.37083071051032157,0.47534097743766573,0.23032598197460175,0.30674946308135986,188
42454000,persistence,zero_shot,CAMELS-BR,0.9450889762704672,0.9716474097578349,0.17818912030674208,0.10159943168136207,-0.46080122616663616,0.000424656911588845,0.9928943341364102,0.613860962696393,0.33321898035884334,0.1767934411764145,0.1718859076499939,176
42458200,persistence,zero_shot,CAMELS-BR,-0.16588665993721508,0.4855519923507461,0.9843438611371153,0.46512500249913763,1.7416263479298655,-0.005261245335594904,0.6475565525342579,2.1284865707697787,2.1284865707697787,0.6338161826133728,0.8297404646873474,56
42460000,persistence,zero_shot,CAMELS-BR,0.6335490493897027,0.7655357244360759,7.895514621674532,3.428718468417292,-2.861708379117569,-0.0007733997608664299,0.8724606339701432,23.508699136576766,46.34802177601848,0.21162861585617065,0.1935095489025116,184
42490000,persistence,zero_shot,CAMELS-BR,0.7511191635120901,0.7383872861264187,19.461887746009253,6.480024670032745,3.869068508108506,0.0009847331730091398,0.748766128491215,63.34258143628934,90.95600673546008,0.3787710666656494,0.4246531128883362,188
42540000,persistence,zero_shot,CAMELS-BR,0.46290450499915603,0.6520158827160816,52.51083682110809,17.20344927144605,-3.3304937904784255,-0.0017928391033559862,0.8313792472474919,168.69309820018228,259.597553948655,0.3982393443584442,0.40554195642471313,172
42545000,persistence,zero_shot,CAMELS-BR,0.2663770902069008,0.37924959593936414,6.9489179408459885,3.4380714126995633,-16.975444656827307,-0.0033231491010037584,0.5871677394184468,20.19999885559082,20.19999885559082,1.2157130241394043,0.9239212274551392,14
42545002,persistence,zero_shot,CAMELS-BR,-0.5547683995520878,0.23798461606645083,8.901776152308276,2.7997737738340263,10.407837016084704,0.0025380739646381524,0.8918312504004462,32.01042104788173,47.903262097399015,0.9366651177406311,0.8358088731765747,179
42545500,persistence,zero_shot,CAMELS-BR,-3.0296371662524253,-0.38352037446184073,23.241306225485275,5.261878743847,40.24517995067383,0.0011038770933347354,-0.24797300940226297,91.20394098267738,81.55914571849044,1.089073896408081,1.435778260231018,188
42546000,persistence,zero_shot,CAMELS-BR,-3.454086341320779,-0.4095956320984264,14.514991536036693,2.8200487419336784,15.195005251385863,0.0008744588839535231,-0.26577523367345,63.60105244544972,41.199411514814834,0.5371735095977783,0.7250136137008667,119
42600000,persistence,zero_shot,CAMELS-BR,0.8419932736331821,0.9211352537497094,22.318398924273815,8.58320997989539,-0.45381903506323407,-0.00037981203899565066,0.9897190836250644,86.19747425717173,142.79260671463695,0.4405084550380707,0.432516872882843,165
42645000,persistence,zero_shot,CAMELS-BR,0.9075772455143651,0.9293065206961151,3.1382439510197777,1.0501526518070952,-2.793260141480486,-0.0001232005885775274,0.9471811972161484,11.177948397771845,3.7503105397763825,0.40475931763648987,0.39244237542152405,188
42690001,persistence,zero_shot,CAMELS-BR,0.9819227659858234,0.9538109240719297,34.93442134715286,13.66604409010514,-1.8068809045427539,-0.0001808967447780377,0.9544304592785695,110.92604745914264,185.08390860067257,0.29027074575424194,0.27906298637390137,184
42750000,persistence,zero_shot,CAMELS-BR,0.9866802444075328,0.9896219381840448,44.448768267025855,22.13385192207668,0.42300380876349636,-0.0006146085179863509,0.9918936068461479,91.87385580447598,33.72895893590002,0.25661104917526245,0.2567838728427887,184
42840000,persistence,zero_shot,CAMELS-BR,0.312958847886195,0.6372043685949313,5.203919498314815,1.009327094367844,-0.5640323023796466,-0.0011182138119345472,0.950443107794267,21.456499563852706,45.864790962136624,0.8068667650222778,0.809080183506012,188
42850000,persistence,zero_shot,CAMELS-BR,0.6924090083223362,0.6826403353830917,40.365164929950154,11.8641199764164,-16.07358606134961,0.0,0.7265685272213358,158.18796171119152,253.05339740579552,0.7997816801071167,0.6532608866691589,174
42860000,persistence,zero_shot,CAMELS-BR,0.7000546939063961,0.716659498969382,42.592311307362465,11.93738657137307,-11.143509579102345,-0.0005869191576764847,0.7656732836110007,167.50978579886203,281.7080147546594,0.733634352684021,0.6559963226318359,181
42930000,persistence,zero_shot,CAMELS-BR,0.9504991801687784,0.9432669793526741,63.81580938987455,29.856950749465025,0.763890993302537,-0.0006720122903276227,0.9477238589874828,197.41949061661091,197.75747226853022,0.3181540369987488,0.33185455203056335,183
42940000,persistence,zero_shot,CAMELS-BR,0.9740228873574692,0.9825052321146935,54.76110300242092,24.39808437672067,0.3807008433558666,-0.0008627203594637894,0.9874496980372605,138.98770136601928,190.320658743573,0.3039582073688507,0.31497815251350403,188
42980000,persistence,zero_shot,CAMELS-BR,0.924592240156212,0.8976156690312024,97.04374992489839,26.46170827844641,3.926397378077476,0.0011755886363690425,0.901873614780236,370.9138567271139,243.42850804348487,0.3989940285682678,0.3629164397716522,182
43010000,persistence,zero_shot,CAMELS-BR,-0.28056435300785587,0.4080890735492365,0.5392146544888782,0.1467666673163573,22.333296742859627,0.0,0.5853138953061254,2.0726824756807942,1.0799999237060547,0.7836056351661682,0.9793307781219482,30
43010001,persistence,zero_shot,CAMELS-BR,0.4662708905811177,0.651228983293872,0.40660586910574736,0.10910810782901338,-9.9244405144456,0.0,0.8195690216409612,1.673557515635822,3.0146060259179577,0.6606676578521729,0.6582628488540649,185
43200000,persistence,zero_shot,CAMELS-BR,0.9898142190756244,0.9926222491565989,116.29918566131408,51.67141159721043,0.13603630529792052,0.0005845855417637349,0.9941216388746236,259.17055096006635,144.9016155651906,0.20373180508613586,0.2043757140636444,184
43250000,persistence,zero_shot,CAMELS-BR,0.26561186303168727,0.610679609233455,22.90349593407632,10.08694793961265,-5.103504859691668,-0.0013301250459768627,0.9302644844840073,70.38853500159885,72.89955467276482,0.6746647953987122,0.6823988556861877,154
43250002,persistence,zero_shot,CAMELS-BR,0.6139744308748585,0.7853635146323553,32.567082276211075,11.242284465517317,-6.018488831646369,-0.001143474954128941,0.9225204134084877,117.13296792949853,128.00072893719323,0.6525735259056091,0.6822736263275146,175
43300000,persistence,zero_shot,CAMELS-BR,0.6948649436958092,0.8468350735427987,30.632227862436373,10.887379412982552,-2.0838736855486677,-0.0012812718531807557,0.9423947980392251,109.27772513751061,123.65564581647763,0.5497686266899109,0.5018272399902344,187
43360000,persistence,zero_shot,CAMELS-BR,-0.21757532902170618,0.4481075452156341,7.460450524154346,1.6374074069267892,0.29789004259905916,0.0010246740264759704,0.8262523350710771,32.03103242948711,48.63324845177998,0.9005656242370605,0.9324361085891724,188
43429998,persistence,zero_shot,CAMELS-BR,0.9613016704472929,0.9777413451598281,30.99489705754156,14.080767595249673,-0.9363537977305032,0.00018426840184621734,0.9887572404085674,45.62785456315174,41.09789570526633,0.3928459584712982,0.40929660201072693,184
43430000,persistence,zero_shot,CAMELS-BR,0.9250402444446068,0.9547181719021726,39.838167341516396,20.16170217635784,-1.7990387146823819,0.001779334652904637,0.9749178149552655,77.55900979254442,46.75467891024384,0.4937146008014679,0.45482465624809265,188
43670000,persistence,zero_shot,CAMELS-BR,0.9900136454425267,0.9870959694319605,20.23929611064216,10.674587551551529,-0.007011305537233069,0.0018989169674691747,0.9879531406281798,46.548856237170966,81.45029324513719,0.3734727203845978,0.36820918321609497,158
43675000,persistence,zero_shot,CAMELS-BR,-0.15752982398042015,0.4677163388207831,37.0084374996184,11.66155957002589,10.241237913014034,-0.0024956656888801693,0.8367757135064245,140.4795488865839,223.4827371606372,1.1378766298294067,1.07180655002594,188
43880000,persistence,zero_shot,CAMELS-BR,0.9841732998856851,0.9747761748245347,30.047222963557413,13.353300996165459,2.142368352851359,-0.0012851155651454546,0.9759431040929585,50.81529414492701,23.739291762637993,0.3314926028251648,0.31407076120376587,183
43920000,persistence,zero_shot,CAMELS-BR,0.9592818030492212,0.9796056103083194,40.20788524542804,22.09623662887081,0.12930282187027897,0.00022455033580548803,0.9966791624365382,66.86329336788609,51.22987409705396,0.36117100715637207,0.3813420236110687,186
43980000,persistence,zero_shot,CAMELS-BR,0.9716247447986737,0.980689171439555,40.04699564901552,20.999468113513704,0.4833062115719208,-0.00012722104716934857,0.9868774057222699,88.48276668368818,20.988091861815356,0.31388092041015625,0.3473382294178009,188
43980002,persistence,zero_shot,CAMELS-BR,0.9812519396437464,0.9817415288842132,27.387686247818294,12.955387091636657,-0.9455948053368468,0.00014970662423436504,0.9842773263607876,58.26830051724986,36.90584714393687,0.34641849994659424,0.34873655438423157,180
44200000,persistence,zero_shot,CAMELS-BR,0.9942626326602282,0.993573774928227,103.50387272701464,50.765816384173455,-0.5660971692618325,-0.00022859110436656074,0.994141860793463,297.75851742455296,307.8050354425246,0.20657359063625336,0.21049831807613373,188
44250000,persistence,zero_shot,CAMELS-BR,0.9609587168460819,0.9660879143803287,2.6713440028981275,0.9585385802071854,-0.5958870962342898,-0.0006687290239610431,0.971768938871635,7.689527620559157,12.604456440486054,0.3051990270614624,0.32460957765579224,179
44260000,persistence,zero_shot,CAMELS-BR,0.9283160710298455,0.9565300983933688,29.923152374168286,9.715904113460095,1.6484583204823315,-0.0029770957003581247,0.9757076607869469,66.10521915855055,34.532593299664015,0.5253089666366577,0.4979095160961151,188
44260001,persistence,zero_shot,CAMELS-BR,0.9285283004239027,0.9641689244482364,3.9179754440391386,1.5021277082727311,-0.2190005828751266,0.0002811716240944881,0.9960338860957283,9.715656941614037,4.583120358229614,0.16772690415382385,0.17032469809055328,188
44290002,persistence,zero_shot,CAMELS-BR,0.9963458668926307,0.9878406735052151,90.78746405475997,49.13728479456019,-0.6945208525060049,-0.0018674594684984294,0.9879244181482584,166.71284125099285,47.76465548803275,0.19008345901966095,0.18838708102703094,135
44300000,persistence,zero_shot,CAMELS-BR,0.9770964667392903,0.9834707404108375,202.93804735393948,100.18085106382979,-0.0016628836064619657,8.817868098077303e-05,0.9878315816093387,245.24518343894135,273.3093485411723,0.23193345963954926,0.25043997168540955,188
44350000,persistence,zero_shot,CAMELS-BR,0.1606602014093942,0.15083010451967505,2.2463762115384567,0.34174492592639466,-11.711507872582201,-0.0014639404640920152,0.3397838808476541,9.606931898728838,17.41655763482596,0.7809886336326599,0.574987530708313,187
44400000,persistence,zero_shot,CAMELS-BR,0.9710566891503087,0.9853677420367731,214.53428035353352,121.01418439716312,0.17804703216408074,0.0005540913191418011,0.9972115901969797,317.855312996338,214.11445537375565,0.2233581840991974,0.21615205705165863,141
44500000,persistence,zero_shot,CAMELS-BR,0.9945153248120078,0.9936591946653459,95.96529618757218,49.09569897858993,-0.49728369385606497,-4.078020518435803e-05,0.99424002038862,154.38532439345087,104.25636918121893,0.1634666919708252,0.16515225172042847,184
44535000,persistence,zero_shot,CAMELS-BR,0.7456457304144366,0.6604110526795551,1.285428309936817,0.3102063558318398,6.076562327266377,0.0005602219095589963,0.664690544285243,5.298378977298856,6.51277202875513,0.4314841032028198,0.518607497215271,110
44540000,persistence,zero_shot,CAMELS-BR,0.8931182129400258,0.852909742607335,0.4695728921060277,0.16060637952165402,-2.2915889721609126,0.0,0.8576529769130864,1.8130719313615795,2.8639356275836496,0.2933904230594635,0.22812752425670624,188
44600000,persistence,zero_shot,CAMELS-BR,-0.002302915217188062,0.17755584660967494,8.127425380447546,2.1726595825178827,-22.02109457828622,-0.002069684542229156,0.5535491440331546,32.98451362438436,68.59480727448464,1.1336091756820679,1.1696854829788208,188
44630000,persistence,zero_shot,CAMELS-BR,0.9280554309200192,0.7554529299086369,2.742875800095354,0.6354622559503038,10.097540021567047,0.0017627964958564328,0.7555103460698475,11.49503207286104,23.941836287285458,0.9121864438056946,1.014771580696106,188
44630500,persistence,zero_shot,CAMELS-BR,0.9894513450306863,0.9636961999670813,2.3170495288715935,0.9483109298774174,0.020499182119447793,0.0023837263084013002,0.9639402812175673,7.301553268668341,13.149207441846977,0.7500126957893372,0.7175220251083374,175
44634500,persistence,zero_shot,CAMELS-BR,0.9886048167316654,0.9637466306484711,1.3531556704589,0.6306472119429837,1.6208077130852763,0.001925749068490759,0.9640522961862568,3.494314609423466,6.084025519387474,0.47312822937965393,0.4764349162578583,184
44637900,persistence,zero_shot,CAMELS-BR,0.985754173342555,0.9867717804581737,2.0439223050502475,0.784782073351258,-0.6318961837594318,-0.004698819605778091,0.9884916461565191,7.033147414384248,10.939385694765758,0.4947609603404999,0.4889237880706787,179
44640000,persistence,zero_shot,CAMELS-BR,0.9676552430861418,0.9164944071790821,8.120884562317789,2.0143918135064713,2.3975208463061604,-0.002172300678240209,0.9171777561333996,33.07324551906866,58.156686289149796,0.6506153345108032,0.7137556076049805,188
44670000,persistence,zero_shot,CAMELS-BR,0.9890242485108796,0.9401567790418917,3.3043110529454744,0.9350134896844696,2.7636996124313185,0.0012142310854105845,0.940256186511325,13.738746845553965,15.802209253734251,0.6446956992149353,0.6594793796539307,188
44740000,persistence,zero_shot,CAMELS-BR,0.46145591421896004,0.7140000283032766,0.24923027693495386,0.15094414906776907,-12.361033416236577,-0.004606587651045994,0.8182454592024306,0.5325973588628943,0.5123467203401437,0.5852508544921875,0.777799129486084,188
44750000,persistence,zero_shot,CAMELS-BR,0.9790628805695325,0.9782211743521257,1.7616196454717004,0.35476967692375183,0.45806429239062446,9.058632797543775e-05,0.9808535807896632,7.192287654771952,14.564511663629508,0.4363660514354706,0.3957676887512207,178
44760000,persistence,zero_shot,CAMELS-BR,0.2615332160854634,0.287049634021894,0.009059384336710639,0.0017177632253151387,12.228011287643422,0.0,0.2899595279024262,0.03768260809059181,0.07024375949462544,0.5188477039337158,0.6667576432228088,152
44770000,persistence,zero_shot,CAMELS-BR,0.9894015602182844,0.989157853242675,0.3947110761815931,0.10505036805245213,0.932038662179323,0.0,0.9902832742617619,1.2908237398144717,1.4181069105815278,0.745943009853363,0.72457355260849,133
44850100,persistence,zero_shot,CAMELS-BR,0.7738745416248023,0.887068139244162,6.250134147884154,1.2028217229021751,-0.8833497699246243,,0.9722263367030581,16.815728997454197,1.0149434330479188,0.7797877192497253,0.778847873210907,143
44890000,persistence,zero_shot,CAMELS-BR,0.35926195019233975,0.6079732696866286,0.8266972639824296,0.21058245049948227,-8.228993014126392,-0.006668543163637061,0.8425009398081941,3.3214358601753564,6.070246886368509,1.211643099784851,1.054650902748108,188
44900000,persistence,zero_shot,CAMELS-BR,-0.32271436589665115,0.0268911623087581,25.216646116130367,4.033677353110461,-7.469223485675019,,0.6511533379737149,106.03654041370056,203.2106848768574,1.7501392364501953,1.398995041847229,182
44909000,persistence,zero_shot,CAMELS-BR,0.41361331206742413,0.5065911780639614,0.5275950782199678,0.2294653802956608,-18.004290948139936,-0.013791950906796233,0.6327817172691798,1.7977365598009785,3.6357988013229017,0.45502975583076477,0.44337761402130127,182
44940000,persistence,zero_shot,CAMELS-BR,0.9825860312519703,0.9682144093599762,6.263914452138841,2.0545085071631233,-0.8788503203891656,-0.0005633233219080741,0.9685912149742636,23.0624931112231,45.522492591713565,0.45225897431373596,0.4160977602005005,145
44950000,persistence,zero_shot,CAMELS-BR,0.9950167289756132,0.9965963757562338,2.2954885503130225,1.054473553804007,0.18600602406246125,0.0003461981719417445,0.9975980709918089,3.772979146152761,4.151670023139548,0.2986956834793091,0.29749956727027893,188
44960000,persistence,zero_shot,CAMELS-BR,,,0.0,0.0,,,,0.0,0.0,,,188
45131000,persistence,zero_shot,CAMELS-BR,0.94902764195763,0.9412488335926288,6.339634956219398,2.183744513470194,-0.24315348975919795,0.0,0.9466450812326505,22.819500958979287,35.954059156126604,0.15444661676883698,0.15430086851119995,184
45155000,persistence,zero_shot,CAMELS-BR,0.904551965778727,0.9494955135751781,4.8759596317255784,2.667574174942509,0.058441573006972565,0.000723520044035521,0.984960181629887,11.72430962843616,7.115126182954948,0.12634974718093872,0.12031394243240356,186
45170000,persistence,zero_shot,CAMELS-BR,0.9157827523551825,0.9534218516099049,4.4850185996918785,2.070937805987419,-0.2995391432177518,-0.0003441341304650249,0.9810949886977299,13.050673849576224,7.727667065184582,0.10652998089790344,0.09582482278347015,188
45170001,persistence,zero_shot,CAMELS-BR,0.9369388247828578,0.9576756728317777,3.132457649410997,1.2159021315367327,-0.42699338278751525,8.529969683819961e-05,0.9720728873333642,9.430213473807967,13.725862327756857,0.10642411559820175,0.10671905428171158,184
45210000,persistence,zero_shot,CAMELS-BR,0.9791475147528569,0.9853734102285193,6.821591503708472,2.26115257843681,0.04111672717487565,-0.0005787343201436226,0.9892722117632696,16.929878449465434,0.0,0.12188324332237244,0.1337195783853531,184
45220000,persistence,zero_shot,CAMELS-BR,0.9517622129034189,0.9728497194789167,1.3046945943996915,0.3566053218029915,-0.22005506265452432,-0.0007261756605150878,0.9874801984579342,5.201158626406042,7.339850797512798,0.19521725177764893,0.18786045908927917,188
45239998,persistence,zero_shot,CAMELS-BR,0.7772701692616665,0.8737805097323659,6.248342846847465,1.7234947833609073,-1.939116285820913,0.000661274239009451,0.9485075926875173,26.235706844628325,55.06793869418274,0.2811616063117981,0.2623421847820282,188
45240000,persistence,zero_shot,CAMELS-BR,0.9134043386623002,0.9358729087228612,1.5611370090478967,0.6500000040581886,0.19173955911175183,0.0,0.9482242331123542,5.628853729532605,10.959241484129882,0.17258118093013763,0.16794312000274658,188
45260000,persistence,zero_shot,CAMELS-BR,0.9741508661690675,0.986863190429222,8.538457653523093,3.338171172560307,0.2399469889875176,5.911695627734779e-05,0.9960594858295383,25.710596126495137,23.670085334658037,0.12206237018108368,0.12204723805189133,171
45280000,persistence,zero_shot,CAMELS-BR,0.9815809952187232,0.9779168212150264,8.597995808029545,4.712765957446808,-0.49326386533896477,0.00017365680936319398,0.9796961910758238,20.5621010599598,29.866369046136157,0.13450689613819122,0.13105307519435883,188
45298000,persistence,zero_shot,CAMELS-BR,0.9905582242937145,0.984951090095276,133.7618416953689,49.88271640209442,0.665156661296735,0.0004855859345479323,0.9855681985165146,492.94329460813583,65.69732713916189,0.16357135772705078,0.16664263606071472,188
45480000,persistence,zero_shot,CAMELS-BR,0.9942692733525124,0.9956547173544477,95.19983807509719,45.5675544942764,-0.27580697244398117,0.0006224015502667157,0.9966850126517108,136.41831876599917,57.47348725737006,0.15090401470661163,0.14814037084579468,187
45580000,persistence,zero_shot,CAMELS-BR,0.9640871896672841,0.9815115063494362,0.5222996724167587,0.23190739306997746,-0.09683696465497245,-0.0003829892071756302,0.9955234906509166,1.3035549507701851,0.9630260598037783,0.07896877080202103,0.07630488276481628,188
45586000,persistence,zero_shot,CAMELS-BR,0.9561707123362103,0.9645532681043103,1.1904489019794555,0.5517713701402819,-0.42701495527251554,0.0,0.9715881263257949,3.336145343883436,3.6936674855009555,0.10668442398309708,0.10136624425649643,185
45588000,persistence,zero_shot,CAMELS-BR,0.9440520194253348,0.9670947912222716,1.1897982436464476,0.5526032143450798,-0.037572100469816426,0.0,0.982738838549432,3.472388109339576,7.305402940886894,0.1075211614370346,0.10567973554134369,188
45590000,persistence,zero_shot,CAMELS-BR,0.967617863613013,0.9833654939408407,0.9766303519412105,0.4891483986631353,0.4649748599599039,-0.000743527827707527,0.9948330010178198,1.2464347953455925,0.505934815622229,0.06656519323587418,0.06783002614974976,188
45600000,persistence,zero_shot,CAMELS-BR,0.9365587989553905,0.9468915850594247,1.1846549443025036,0.5284610758436487,-0.05658094012386331,0.0,0.9573737030083698,3.684390004057642,7.826328532305447,0.10003095120191574,0.09559332579374313,188
45700000,persistence,zero_shot,CAMELS-BR,0.987459396587915,0.9934896762188893,0.8439956208094724,0.35069363928855735,0.06153830130247361,0.0006096001732314033,0.9977072732600177,2.8772935498365184,4.208881421988117,0.18831118941307068,0.18311011791229248,188
45710000,persistence,zero_shot,CAMELS-BR,0.9627156145854977,0.964769273027715,1.3043931422777089,0.5732260764913356,-0.05956953359269892,-0.0012454552730612103,0.9693784772924257,4.259607713257387,0.8376707137122432,0.14101627469062805,0.14865903556346893,188
45725000,persistence,zero_shot,CAMELS-BR,0.8898657342526388,0.9368317254272764,0.7065458711471032,0.2370893549411855,-1.0169597746303738,0.0,0.9698375015707286,2.862706411302464,2.090992454544409,0.2355596274137497,0.2717461585998535,188
45726000,persistence,zero_shot,CAMELS-BR,0.9811248136320652,0.9816223141975823,0.25442415518128825,0.08061595752518227,0.06064022130059324,0.0010752817143034193,0.9838475048808292,0.9459462958558431,1.2581959498554285,0.3615209460258484,0.3409056067466736,188
45740000,persistence,zero_shot,CAMELS-BR,0.9291617332699734,0.931195144837581,3.5535617736068,1.2354611065370817,0.08978541707388892,-0.00012219780208009168,0.9407856150149154,13.35154465658003,23.413670535747887,0.11359554529190063,0.10562722384929657,141
45740001,persistence,zero_shot,CAMELS-BR,0.953440170106766,0.9760662293518102,3.559863074566723,0.9968127240525916,0.4612900970038862,0.0005528755368827062,0.9939633332949399,14.634405501008025,31.528289871035795,0.14234040677547455,0.13774606585502625,188
45760000,persistence,zero_shot,CAMELS-BR,0.9750141498102279,0.9844770613908431,0.6678561217579266,0.2133632923694367,0.21417978171752253,1.2548165121168721e-05,0.9904477985007341,0.6254667565422721,0.0,0.05742549151182175,0.05867408215999603,188
45770000,persistence,zero_shot,CAMELS-BR,0.8336627811794449,0.90150788191962,4.422292823575521,1.2580594001932348,0.024571684422006274,-3.142981917128498e-05,0.949995501896929,17.456162459346647,30.78975647856459,0.08767785131931305,0.08452156186103821,188
45780000,persistence,zero_shot,CAMELS-BR,0.8187382601185021,0.8481511481174511,3.6941984765807594,1.4696551092739762,0.38635941152455017,0.0008526011955651098,0.8634399831040162,13.885423752634772,19.636699090526857,0.07288895547389984,0.07813545316457748,145
45810000,persistence,zero_shot,CAMELS-BR,0.9365195078067754,0.8777284793256839,0.12521182187508906,0.03712765937869219,2.672957717926335,-0.0009606285426994807,0.8794609929002892,0.49562834680946716,0.7639067880802077,0.5663734078407288,0.5573576092720032,188
45840000,persistence,zero_shot,CAMELS-BR,0.9806400336403432,0.9687328163091464,2.2610747714757733,1.2114882367722533,-0.43680071828118155,0.0,0.9700026476622208,6.645461718677857,6.737292071060835,0.1131102666258812,0.10202445089817047,188
45880000,persistence,zero_shot,CAMELS-BR,0.970218749015824,0.9817137919229735,4.260624034769732,1.3737127020003947,0.304347638250215,0.00019576381904307712,0.9892952097851279,16.744119522506782,0.5226395760607809,0.16371719539165497,0.15676763653755188,188
45910000,persistence,zero_shot,CAMELS-BR,0.9177693335655722,0.8755552456904433,11.536021291331018,4.473404255319149,0.4383326171035668,0.00031731211719076766,0.8779046579913634,43.22383601671652,88.81441324469807,0.08775246888399124,0.09296023845672607,188
45910001,persistence,zero_shot,CAMELS-BR,0.954912092554737,0.9697842426390431,15.455029124696637,5.398349356144033,0.18867937472130633,-0.0002818964360224996,0.9788976116525334,48.253722690619384,41.961864792449674,0.14973720908164978,0.1435307264328003,188
45960001,persistence,zero_shot,CAMELS-BR,0.976002726708291,0.9372519447574854,9.98913434169375,4.429853885731799,1.1803697671593871,-2.4474478292148098e-05,0.9378702093712885,29.651302939815558,9.54311055337358,0.11164243519306183,0.12957561016082764,188
46035000,persistence,zero_shot,CAMELS-BR,0.9969359378556866,0.9976551882444507,71.2265441902421,39.4299387830369,0.14699896497260392,0.0004902006860292175,0.9981229597566762,45.1476290486371,61.326400326332134,0.1370384693145752,0.134872168302536,188
46105000,persistence,zero_shot,CAMELS-BR,0.9971389439770518,0.9963802042495429,70.50936060028953,39.00514870501579,0.09507541213813284,-0.00026995043386583185,0.9966258890138153,109.42039595904461,82.11875171276682,0.14561334252357483,0.14399993419647217,188
46110000,persistence,zero_shot,CAMELS-BR,0.9182569820711582,0.9284974887806116,1.2733797924247783,0.3644799833185971,-4.941580581517657,,0.9412314195971471,1.5087293796109134,0.5084991455078125,0.1990889459848404,0.17440155148506165,60
46150000,persistence,zero_shot,CAMELS-BR,0.9967369449700012,0.997777318237468,76.78531568204457,41.5472723778258,0.14910094781044175,0.0009296097838499637,0.998426806434861,169.6315544982344,44.236641663068376,0.13751180469989777,0.13299117982387543,188
46200000,persistence,zero_shot,CAMELS-BR,-1.2972701602924421,-0.09660406919129505,1.9761153105406255,0.3568180880529132,27.939682023642444,,-0.06526972441539436,8.529055104177495,17.408367143330615,1.2315549850463867,1.4295222759246826,188
46295000,persistence,zero_shot,CAMELS-BR,0.9360437181160078,0.8119793511332869,4.623869087375934,1.1539137645696218,7.51761792794691,,0.8123963474286622,18.419012676699108,33.96228481623196,0.8361669778823853,0.8857191801071167,182
46360000,persistence,zero_shot,CAMELS-BR,0.9972158384211333,0.9975991484170218,69.79816660891026,39.439090809923535,-0.10262336073320373,-0.00046211279930076163,0.997994954214,121.176807213067,20.80506301294606,0.12432744354009628,0.12375704199075699,188
46400000,persistence,zero_shot,CAMELS-BR,0.9111326128550459,0.9534899497256014,0.67104051754029,0.23288405195195624,-0.030481957156688208,-0.001051160715613471,0.9876558400639041,2.3860054482476976,1.7063073893569816,0.0986209362745285,0.09717369079589844,188
46415000,persistence,zero_shot,CAMELS-BR,0.9870549625557864,0.990905224850516,1.009542042068379,0.49595958121279454,0.22142231926997052,0.0007747064345720034,0.9934233118057221,2.030324767346983,2.535473484466244,0.11437956243753433,0.12202217429876328,188
46420000,persistence,zero_shot,CAMELS-BR,0.905045225920179,0.9195990699263403,0.32957049408100353,0.14016552081053285,0.21097828237243413,0.0,0.9309117066543449,1.1965626446637798,2.146780557431209,0.07701797038316727,0.07989444583654404,174
46450500,persistence,zero_shot,CAMELS-BR,0.983825954661054,0.9907653417696708,0.6043459592580712,0.3484271816585375,-0.027286629078195738,0.0001355381858093611,0.995182716503127,1.2617830406134931,1.3631658680653667,0.060864973813295364,0.05973426625132561,184
46453500,persistence,zero_shot,CAMELS-BR,0.9655966336541324,0.97718566074192,0.934678899146826,0.5986816139631373,0.11708939942591241,-0.0004800053117775859,0.985033703933301,1.5481070657251297,1.5672205144946116,0.04953133687376976,0.050400037318468094,186
46455000,persistence,zero_shot,CAMELS-BR,0.9831164016444202,0.9914993364951502,1.7440097915194277,1.1317877160741927,0.033081044121506774,0.0,0.9983044129843222,4.246211264834579,8.817017861242281,0.0932769849896431,0.09479241818189621,188
46460000,persistence,zero_shot,CAMELS-BR,0.8859509200883178,0.9083504890483547,3.7252402332057413,0.9483143667156777,-0.43909301620274876,-0.0004218603485695834,0.92893048744566,15.306338213366285,30.044050454751627,0.08024881780147552,0.06971482187509537,178
46490000,persistence,zero_shot,CAMELS-BR,0.872674907044796,0.9335243372802459,1.093414634903857,0.37615427936826434,1.8587641465096323,-0.0009458916850502621,0.9767432030452282,3.8029855570943076,6.484158717938609,0.21677307784557343,0.24588188529014587,175
46520000,persistence,zero_shot,CAMELS-BR,0.9705720481977326,0.9656492930039817,0.9114743043995361,0.47217555756264545,-0.5288737322793169,-0.00051635504231398,0.9688720068552449,1.7969084402418918,2.3174428947199472,0.12812504172325134,0.12340220808982849,188
46530000,persistence,zero_shot,CAMELS-BR,0.9957178533599805,0.9948071621755755,0.34247593921489805,0.24861749013264975,-0.014705889993189758,-0.00013561816401161907,0.9952433490276398,0.3253368097295439,0.22841685736976713,0.07880616188049316,0.07568798959255219,183
46543000,persistence,zero_shot,CAMELS-BR,0.9741088889384313,0.9498896462686808,2.455476211986422,1.3316201656422717,-0.12768039213885554,0.00022929498876617625,0.9513917652879975,8.042717848332154,10.139860237085127,0.13473033905029297,0.12428510189056396,188
46550000,persistence,zero_shot,CAMELS-BR,0.9141476181515371,0.9280417325931491,7.971656139219897,2.915283791562344,-0.5406357048225398,0.00015388513992005415,0.9417177245447705,28.959065261787202,59.54012868013619,0.11861544847488403,0.11086654663085938,188
46555000,persistence,zero_shot,CAMELS-BR,0.5545046777405749,0.7686498544121402,1.5756166008615269,0.4987143688696496,-1.9472627046428244,-0.0007410542265873232,0.9651754240827553,5.6716927764647895,9.445512067295686,0.7936097979545593,0.8800820112228394,188
46560000,persistence,zero_shot,CAMELS-BR,0.8825473480129571,0.8686484356330535,0.5845226395245807,0.3166667267128273,0.8972487211769088,0.0005150767729334275,0.8742016097409392,1.5432645005985821,1.3656497211097667,0.05664559081196785,0.0675523653626442,108
46570000,persistence,zero_shot,CAMELS-BR,0.9646048014679494,0.9716836580253518,1.0918858686823514,0.6827893415664105,-0.97489841091222,0.0009520352877594659,0.9778569117738561,2.975283089066279,1.3735793695416145,0.23485104739665985,0.23434939980506897,188
46582000,persistence,zero_shot,CAMELS-BR,0.9372175420013121,0.9686167652288151,1.1165337052486208,0.5738829906950605,0.0465866398015147,-0.0007636915912494682,0.9956301500070275,3.336315917089077,3.2015628336235458,0.203326016664505,0.20683428645133972,188
46585000,persistence,zero_shot,CAMELS-BR,0.797378756286198,0.8601874180527221,3.0650358658392602,1.2444444821204668,-0.23402906850229635,0.0006379820969040079,0.9090006450108108,10.63521408341452,16.323296153954733,0.16089488565921783,0.14915242791175842,162
46590000,persistence,zero_shot,CAMELS-BR,0.813496035908366,0.8591450200087725,6.779774108276373,2.282255842330608,-1.5358760584717492,-0.0008377087988341138,0.8966896627021758,27.555730043523923,43.71451707617005,0.15175573527812958,0.14656108617782593,188
46593000,persistence,zero_shot,CAMELS-BR,0.927056928558686,0.9184312933761358,3.1994099289828974,1.3345745675107266,-1.2567206037458534,-3.308525287001266e-05,0.9263821862898374,10.044501375057926,10.889673328386712,0.12282490730285645,0.11200965940952301,188
46595000,persistence,zero_shot,CAMELS-BR,0.9008237063208617,0.9480247530213162,3.1192049550324534,1.3804468442607858,-0.5944892834261782,-0.00034711753255539483,0.9845252185434322,8.516518295797606,3.868459505136432,0.09956702589988708,0.09937664866447449,179
46610000,persistence,zero_shot,CAMELS-BR,0.9553743356679695,0.9755310966778399,11.769078385506079,4.409908396674988,0.5110316040422482,0.0003674839745367569,0.9900406758577113,39.460372729627956,84.33508734999263,0.10655348747968674,0.10363156348466873,187
46620000,persistence,zero_shot,CAMELS-BR,0.9832014901321616,0.9910024590836538,5.027583489578353,2.5531914893617023,-0.058942956316720155,-0.0003586199286970699,0.9965794850174292,8.130190649671137,9.219544457292887,0.08094832301139832,0.08152031153440475,188
46650000,persistence,zero_shot,CAMELS-BR,0.9961019198545822,0.9959473484191327,3.9362390894436285,2.2971948258420256,0.08872347355779647,0.0,0.9963764406753077,9.743783017681112,12.73560511765031,0.10692707449197769,0.10590209811925888,188
46675000,persistence,zero_shot,CAMELS-BR,0.997513366498967,0.9908590173563411,2.9775404221625132,1.836571104983066,0.11521614010264987,-0.00022883162421159786,0.9909190181134219,7.705912254169176,2.1450157066717512,0.08664204925298691,0.08671345561742783,188
46750000,persistence,zero_shot,CAMELS-BR,0.7932489268458655,0.8653600967706516,0.6902642388289152,0.15699095675285826,0.3330072022094071,-9.720798457873124e-05,0.8964905733130228,2.933109911740249,1.1306227143995407,0.13051578402519226,0.13106369972229004,188
46770000,persistence,zero_shot,CAMELS-BR,0.9718758250605177,0.9822470369371796,1.162978577421383,0.6146074457371489,0.07522933262506522,-0.00028268934532228035,0.9890958041870709,1.9925719650029285,0.8506039036839351,0.09132523834705353,0.08756285905838013,188
46780000,persistence,zero_shot,CAMELS-BR,0.9911247890289309,0.9915097495974939,0.8980518798903505,0.5113170907852498,-0.11341732204559762,-0.00026429316860376514,0.9925845423693753,2.353011790827901,1.1141873437382328,0.09508049488067627,0.09357105940580368,188
46781000,persistence,zero_shot,CAMELS-BR,0.9808788581265795,0.9865469427271354,0.31812762594759175,0.12023680550711495,0.006438515626349217,0.0007302268573209877,0.990258456643279,0.4370393181011797,0.4165082049464171,0.059226419776678085,0.05909501761198044,182
46784000,persistence,zero_shot,CAMELS-BR,0.9575990402237307,0.9719963776298577,0.6240161115333065,0.25194368417235624,0.09694746385272891,0.00031841295230567064,0.9809950888992658,1.2632831467752434,1.4357091294632272,0.1271606832742691,0.14149093627929688,174
46790000,persistence,zero_shot,CAMELS-BR,0.9674789367972874,0.9755247433687615,4.316362610286354,2.2259040994847075,-0.061302409102516726,-0.00018270483450599784,0.9815101706888437,11.195528426326023,4.975591287268438,0.09549945592880249,0.09329606592655182,188
46830000,persistence,zero_shot,CAMELS-BR,0.9568842423585624,0.9307195411033344,2.601633404332748,0.9375372737287039,0.5734274728646732,0.00036227003105168774,0.932352052592033,7.667035096920094,15.469001770019531,0.0477452427148819,0.0517386756837368,83
46870000,persistence,zero_shot,CAMELS-BR,0.9882948984908174,0.9937191695485573,3.362356112658663,1.6673857100466465,-0.1896045621173535,-7.372423504497551e-05,0.9967289823000667,8.321600093406238,4.163483822409679,0.1001511886715889,0.09724760800600052,188
46902000,persistence,zero_shot,CAMELS-BR,0.9971713912280946,0.9974379243168991,4.694209314944044,2.7904989364299366,-0.09501934338962349,0.0001838852623092871,0.997708288039077,13.932149255120905,6.47523545277581,0.06537657976150513,0.06622304022312164,188
46998000,persistence,zero_shot,CAMELS-BR,0.9976188639220089,0.9987278407254441,62.92530307954681,37.08457362398188,-0.021390394950069492,0.0002333123787703409,0.9994548046541754,54.017598602018495,73.92644758104761,0.10448994487524033,0.10628149658441544,188
47225000,persistence,zero_shot,CAMELS-BR,0.9508441286191579,0.9582832455565697,0.9442367327153925,0.3875714247188871,2.505775688349313,-0.00020826886456074,0.9609860264044409,3.178997526113298,1.0,0.40579497814178467,0.44680097699165344,63
47236000,persistence,zero_shot,CAMELS-BR,0.972723419644493,0.9448863680213515,0.8335558728460941,0.4125403835225785,0.817593908267467,-0.006044880795916724,0.9459993945110842,1.9224897121347035,2.6501007080078125,0.4194701910018921,0.43550795316696167,57
47249000,persistence,zero_shot,CAMELS-BR,0.9908021548462909,0.9022615429670446,0.49052681391967623,0.09137021944510745,5.231809697623037,,0.9022657050963716,2.117436878960311,4.221406349757993,0.8198710083961487,0.8341165781021118,188
47250000,persistence,zero_shot,CAMELS-BR,0.9821729361430623,0.9385310366332004,1.1655261077530779,0.43176199353876565,0.9796373522507472,-0.0021399276408702733,0.9387885310487037,4.303256255941697,7.700004577636719,0.48592424392700195,0.49932724237442017,84
47302000,persistence,zero_shot,CAMELS-BR,0.9952105456995017,0.9966789214704425,86.73860216987,51.5,0.07808282563430247,-0.00039231867217403085,0.9976866003705961,50.785824793932406,42.69074841227312,0.14305303990840912,0.13713312149047852,188
47441000,persistence,zero_shot,CAMELS-BR,0.3243704409805199,-0.04735192156916712,1.547307878498316,0.15710837597953542,-67.84710543982946,,-0.04300672386282556,6.900349552292204,14.624785416967763,1.7660388946533203,0.9671812653541565,179
47480000,persistence,zero_shot,CAMELS-BR,0.9765178241729243,0.9859577186232585,0.12658841763788703,0.031123370392774435,0.4109244973670955,0.0,0.9920978933153359,0.4662731136554179,0.0,0.24263453483581543,0.2441026121377945,184
47750080,persistence,zero_shot,CAMELS-BR,0.9905451710419947,0.9850538392079219,41.39489381605602,13.398936170212766,-0.4887171789256097,0.00016439297263225877,0.9855583747533887,135.5348663628662,27.294688127912362,0.081792451441288,0.08154130727052689,188
47900000,persistence,zero_shot,CAMELS-BR,0.9982357395470197,0.9978039571755888,0.18970711297974457,0.11817051175472548,0.07184887755661888,0.0020917080540268397,0.9978943534409284,0.2629601439933206,0.0,0.2430572509765625,0.2623748779296875,139
47960000,persistence,zero_shot,CAMELS-BR,0.9617393649093116,0.9003177064657357,0.10138448408411695,0.03631958734128893,4.612956445694789,0.0006568423963773506,0.9010344500908596,0.1928730043418284,0.05000019073486328,0.3143157660961151,0.32814329862594604,97
47961000,persistence,zero_shot,CAMELS-BR,0.9772315249754657,0.9759204022932165,0.06323143736209266,0.04059523911703201,-2.101559670873528,-0.0013238273509225667,0.9775732602251175,0.11224972924966639,0.05000019073486328,0.10078468918800354,0.10055281221866608,84
48017000,persistence,zero_shot,CAMELS-BR,0.9378525031911058,0.9376998389776129,129.81025432399235,72.43617021276596,1.297611963838924,-0.0010402149811291183,0.9439022546193141,171.82170992048705,137.37721790748276,0.0879436805844307,0.08769117295742035,188
48020000,persistence,zero_shot,CAMELS-BR,0.9941251907222488,0.9930424679782328,51.85329618530027,18.92556535436752,0.0779584678500827,0.0,0.9935886173508495,126.07358395242476,148.7880131070323,0.11027403175830841,0.11122428625822067,188
48070000,persistence,zero_shot,CAMELS-BR,,,0.0,0.0,,,,0.0,0.0,,,187
48280000,persistence,zero_shot,CAMELS-BR,-0.4496278495329089,0.13726059447315186,2.6892011456907907,0.37763032031820176,-1.8696759027811236,,0.8376618781295567,2.6892011456907907,21.216292382685612,1.6973549127578735,1.850421667098999,188
48290000,persistence,zero_shot,CAMELS-BR,0.9898152939581827,0.993626676673002,72.03048911565875,30.04791097438082,0.06300246401312407,7.740340106961001e-05,0.9961346637744697,27.664567712879997,13.053163559345027,0.11500692367553711,0.11998948454856873,188
48395500,persistence,zero_shot,CAMELS-BR,0.9914861850251515,0.9931358500107328,73.27474951564416,33.86805043321975,-0.21106520903992965,-0.0003688266034432069,0.9944926952852898,91.28021895503146,38.19792213037662,0.12745968997478485,0.12660551071166992,188
48400000,persistence,zero_shot,CAMELS-BR,0.9407802383984933,0.8450216172941666,0.1683904544773774,0.019965895166286843,13.074104175337375,,0.8450216172941668,0.7183745594072432,0.5650468545782337,1.079010009765625,1.0173028707504272,173
48420000,persistence,zero_shot,CAMELS-BR,-0.051001990997962876,-0.3848409433396327,3.1493936979804844,0.30797712141251626,-70.16012439845238,,-0.008942111455405577,13.653245847029314,29.705611012185432,1.9354898929595947,1.8994355201721191,188
48430000,persistence,zero_shot,CAMELS-BR,0.5741431505852532,0.7232107073239448,0.6988892516130605,0.11613297620986371,17.276413447300918,,0.7726013682013917,0.6988892516130605,3.3976918211135048,2.0,2.0,188
48460000,persistence,zero_shot,CAMELS-BR,0.9945485951558679,0.9418625866087107,2.705877852632918,0.384466078674909,3.6722708540341933,,0.9418625866087107,11.193625527017089,19.073739502302274,0.32734763622283936,0.36382782459259033,103
48561000,persistence,zero_shot,CAMELS-BR,0.9954958309808524,0.9934854770691824,186.09617329296623,100.0,-0.5987709438520931,-0.0008528048723710907,0.9938041937536052,192.35384061671346,25.0,0.11536670476198196,0.12686216831207275,84
48590000,persistence,zero_shot,CAMELS-BR,0.98973720288626,0.9893118904475536,81.20699946250302,36.80351841703374,-0.19417615518494122,0.0,0.9904899445652452,130.52430700376806,33.92731481763423,0.1271502822637558,0.1291968673467636,188
48820000,persistence,zero_shot,CAMELS-BR,-0.005347593582888166,,0.677608541558104,0.04941968207663678,-100.0,,,0.677608541558104,0.677608541558104,2.0,,188
48830000,persistence,zero_shot,CAMELS-BR,0.5022362421289345,0.7424911894342139,1.564150186124013,0.21641436966951624,-0.3273564886987116,,0.9684701677244512,6.7754887040153635,12.428795103990593,1.7446527481079102,1.7147189378738403,188
48840000,persistence,zero_shot,CAMELS-BR,0.20441745178936,0.06295532109207302,1.7686460032104339,0.17168936359218046,-36.25037837004635,,0.11108823503931264,7.6443298153001935,17.078128142495892,0.9002885222434998,0.8253298401832581,188
48841000,persistence,zero_shot,CAMELS-BR,-0.32095666639054454,0.3388723353315475,1.4535210536627712,0.2574016105543862,24.215949544768037,,0.4356585144757523,5.921842148751564,7.1936820584989,1.2810814380645752,1.4467312097549438,186
48850000,persistence,zero_shot,CAMELS-BR,0.5733286005426712,0.7728390967765234,0.2809369490200735,0.07487555539442434,-1.543643690429326,-0.0003427386446399755,0.9506654304442645,0.9137106945554871,1.5352702694769955,0.23447129130363464,0.24592094123363495,180
48860000,persistence,zero_shot,CAMELS-BR,-1.469051217738468,-0.4952112161698643,2.3019729387245973,0.34861862294448964,89.21715270721512,,-0.4784583323267546,9.966013383277167,14.631019421777374,1.9367399215698242,1.9311922788619995,188
48880000,persistence,zero_shot,CAMELS-BR,0.54026973323439,0.7764269928742735,4.857550781455164,1.06475318658557,0.9504641414512156,,0.947780956268603,11.411483806885736,5.014641238414859,1.7791950702667236,1.9051393270492554,188
49030000,persistence,zero_shot,CAMELS-BR,0.9756394292749474,0.9721575357018937,177.7284005302265,105.97266209379156,2.013112314949513,-2.8177597298764158e-05,0.974017686296099,453.98950223320765,887.9616550127873,0.1141696646809578,0.12257575243711472,188
49042580,persistence,zero_shot,CAMELS-BR,0.5145689574620496,0.7038990538206336,272.57891693498016,202.36170212765958,-16.757880624060583,0.0003097511937787175,0.7511602661889307,461.1638537439811,606.4222951046572,0.162687286734581,0.16076001524925232,188
49100000,persistence,zero_shot,CAMELS-BR,0.012989369879955137,-0.4738665261237578,33.4611731799164,2.5263374686355697,-97.00598644424545,,-0.38419330531048446,33.4611731799164,323.548895012683,1.9739142656326294,1.245452880859375,187
49130000,persistence,zero_shot,CAMELS-BR,-0.02147641212797935,0.008083982513929722,0.7329541552187303,0.08051550890353912,-33.11863028503571,,0.38482874400324585,3.127803172432243,6.783636097729104,1.5886881351470947,1.3272292613983154,187
49160000,persistence,zero_shot,CAMELS-BR,0.1853491729925011,0.5091405823244651,0.8800832416585755,0.09775000002155913,-17.595064344201962,,0.7884046409320862,3.815774027938124,8.498116898439804,1.114044427871704,1.4422242641448975,188
49330000,persistence,zero_shot,CAMELS-BR,0.962975771413593,0.9424178303378675,156.64977896545608,96.29385213649019,5.551630769721673,0.0024534151493163367,0.944225620934469,153.41126159234017,52.56327148397494,0.1747974306344986,0.1759040802717209,188
49340080,persistence,zero_shot,CAMELS-BR,0.8022981125110891,0.816352022595062,168.47894306209056,99.31382978723404,-8.955074154835508,-0.007286020123440132,0.8284089730704108,265.4392585884763,168.625324313995,0.09612409770488739,0.08778125792741776,188
49370000,persistence,zero_shot,CAMELS-BR,0.9531289432927064,0.9445183602700746,159.1925246412439,99.38552369462683,4.984434792877418,0.0023996187973084507,0.947745597607626,90.58017987359634,22.83458821620146,0.1574980914592743,0.1561557948589325,188
49380000,persistence,zero_shot,CAMELS-BR,0.48112211959790985,0.6937645381324853,2.210276677993247,0.42466807842224913,12.293589615870326,,0.766931931699619,8.885156904508104,7.700555157666861,0.6415977478027344,0.8297429084777832,188
49480000,persistence,zero_shot,CAMELS-BR,0.9510337551145365,0.9070255543778902,1.6021504369850017,0.4058635633388289,7.122528695071154,,0.9089193832538309,5.864719592100464,2.069147608410095,1.02762770652771,0.9854231476783752,129
49490000,persistence,zero_shot,CAMELS-BR,0.9411662783355185,0.8122283807626822,9.772034703826947,2.0403568838734074,11.729842247586586,0.02071968859034859,0.8129137580167011,41.86519547970859,60.00879514898688,1.090437889099121,1.2052210569381714,188
49510000,persistence,zero_shot,CAMELS-BR,-2.7567272407089596,-0.7252844370452585,85.17335170792207,8.988075868830222,61.35780499876647,,-0.7238092414462622,361.34010196175126,766.3223435405318,1.5012738704681396,1.6802536249160767,162
49525000,persistence,zero_shot,CAMELS-BR,0.8476585022457173,0.6745650416338916,51.78660331948276,8.612090989253781,9.986973892239249,0.007488056738057275,0.6751070374662724,222.23447249391361,481.90447350537175,1.2268606424331665,1.305489182472229,188
49600000,persistence,zero_shot,CAMELS-BR,0.7673900271353886,0.7800862247755883,14.558394747446103,2.14205374523973,-9.596949662769054,-0.007307940199367924,0.8135576361755582,62.679065368910805,137.06915987314264,0.8405632972717285,0.7939771413803101,188
49660000,persistence,zero_shot,CAMELS-BR,0.9600200948598453,0.959171914419717,142.2028120429001,85.73084307731466,3.264523045412259,0.0008349289998176336,0.9626461697665984,80.47406580905076,22.64991119106305,0.1472289264202118,0.14788563549518585,188
49705000,persistence,zero_shot,CAMELS-BR,0.9653106411803861,0.9747479534369198,132.77653640002976,76.32721142058676,1.5003208472412255,0.00015514898550398736,0.9804811527673559,293.98181864950715,15.846200818333589,0.1575608104467392,0.14859865605831146,188
50040000,persistence,zero_shot,CAMELS-BR,0.7634384651730775,0.8510581046192988,2.3920437382790496,0.6735786980301297,-2.5752938752620507,0.0026853611308503347,0.8880167765790602,9.319588312908824,5.325965281166073,0.8539419770240784,1.0610824823379517,150
50042000,persistence,zero_shot,CAMELS-BR,-0.3401641013712733,0.2753797065917697,2.2218953165944764,0.42670565464739074,11.394352676729381,-0.0008864226462746289,0.3033044051403697,8.924713727377803,2.4921557659491365,0.2630658745765686,0.4021781086921692,177
50043000,persistence,zero_shot,CAMELS-BR,0.5704831416116352,0.41674757271181695,2.3939571839902185,0.4466063808303009,-26.04343643321029,-0.0038978979211525093,0.4437251887017871,10.355626521222947,21.056397604513442,1.1810777187347412,0.9758760929107666,188
50046000,persistence,zero_shot,CAMELS-BR,0.41659485512861105,0.504474458754449,0.7830119602138479,0.24504534588303678,-5.952036255828282,0.0017547399404965833,0.6446248785845491,3.0647684818820426,6.0354002714157104,0.3383614122867584,0.25908347964286804,86
50046100,persistence,zero_shot,CAMELS-BR,0.43016635352666655,0.5130076137081383,2.7367470600227097,0.6000902108018004,-19.683462795491906,0.002469931265500186,0.6508485587367261,10.958611073343356,20.738753125377414,1.1246243715286255,0.7232125997543335,184
50047000,persistence,zero_shot,CAMELS-BR,0.8642812093545273,0.924188311751545,1.6198743822748243,0.5609869362138535,-2.6962723319538884,0.0,0.9595046956448072,5.316133728916455,7.1070097056580614,0.7592626810073853,0.7601059079170227,184
50080000,persistence,zero_shot,CAMELS-BR,0.7651366958717835,0.8061033746352304,7.404758647362046,1.944426988054366,9.478201586417972,-0.006605214770831872,0.8199184828713941,30.141877191226204,4.580892285953613,0.7787819504737854,0.8616687059402466,137
50146000,persistence,zero_shot,CAMELS-BR,0.8707047690971145,0.9319465219703817,2.4157239594477233,0.38862192214691993,-0.24344525532303243,,0.9431682953297793,10.248134496499976,22.25948178798237,0.8158832788467407,0.7413042187690735,187
50150000,persistence,zero_shot,CAMELS-BR,0.6280292217205586,0.8057964508874367,3.8433789679533907,0.6535022607010402,-1.9592669080449943,0.0,0.9548059589773811,17.07692391789684,28.190150874020542,0.858063280582428,0.8327091932296753,178
50169000,persistence,zero_shot,CAMELS-BR,-0.8169210691039046,-0.014491065020830973,18.11929511987357,3.1736549638124587,15.621405278242637,-0.001589288349481452,-0.0030898490850577165,76.3203959379685,157.69115384193242,1.1658333539962769,1.3795841932296753,171
50169500,persistence,zero_shot,CAMELS-BR,0.6343200731337062,0.6626825021595639,10.329451137599035,1.413765645175371,-17.97721541342969,1.226929666344953e-05,0.7212202420143901,42.581277267223896,93.92790510915091,1.4765044450759888,1.2357558012008667,186
50191000,persistence,zero_shot,CAMELS-BR,0.5457970314852677,0.6192524313643513,9.228107680020424,2.369933454914296,2.418563034896931,-0.004050405175390747,0.6345702387373136,38.37807559265139,70.10139368326,0.948625922203064,0.9565311670303345,188
50230000,persistence,zero_shot,CAMELS-BR,0.6843426398710927,0.8350492287749697,2.785895529597883,0.8881654263810909,2.4306338193630856,0.0014419981460039102,0.9616851456993496,11.30116356729688,16.93354996768952,0.6698417663574219,0.610908031463623,188
50250000,persistence,zero_shot,CAMELS-BR,0.7261699529733483,0.7533072643612981,1.5659870217137928,0.5347311849306736,12.163926070734279,-8.006132923295273e-05,0.772713795742523,5.790284454776591,4.298588715723654,1.2630820274353027,1.3834034204483032,154
50290000,persistence,zero_shot,CAMELS-BR,0.8174051584761107,0.8477022048849138,7.911466671673888,2.5092111736036546,-4.874185700438409,0.0,0.8578301763800904,33.95420906366963,52.638901346348156,0.8237128853797913,0.8748687505722046,179
50330000,persistence,zero_shot,CAMELS-BR,0.6629927263689726,0.7933688376528868,1.2454406115936516,0.2826635865089686,-2.403992872498415,0.0,0.8997248960848052,5.208105419704635,11.19881632776208,0.49243247509002686,0.497257262468338,184
50340000,persistence,zero_shot,CAMELS-BR,0.6754978179180715,0.8070562805381485,0.8576012660105341,0.3078641224166621,-1.1616149490394772,0.002309335603013149,0.9146312188244649,3.0399456158247014,4.040791728274347,0.8203766942024231,0.7597514390945435,184
50360000,persistence,zero_shot,CAMELS-BR,-0.10873161540511034,0.19434390114273659,3.5072155037721067,0.6028670324607098,-8.946746421736155,0.0,0.6567997859569514,14.456216476754202,29.180018260960235,0.7463592290878296,0.5949933528900146,188
50380000,persistence,zero_shot,CAMELS-BR,0.498687285960576,0.7544813246937656,9.240269097278555,2.5083850632679274,-3.3416896731013237,0.000366032918017109,0.9028544875396037,38.958555040916416,66.36827712352236,1.0485103130340576,1.0415802001953125,188
50420000,persistence,zero_shot,CAMELS-BR,0.5614273920746673,0.4424144460012106,1.005208650377381,0.20168426231052097,13.57738208359132,-0.003102815397449027,0.44439151605113514,4.079580664685821,8.547047489885726,0.9383367896080017,1.0974119901657104,178
50430000,persistence,zero_shot,CAMELS-BR,0.5387342448811749,0.40459084256471967,3.0681482957233905,0.29116453550929244,-18.6801706577317,0.0,0.40468920521433027,13.404566084788584,28.35831442608159,0.9441425204277039,0.6528763771057129,172
50465000,persistence,zero_shot,CAMELS-BR,0.8386339192736993,0.8993763141069017,7.157193693993224,2.380713024426028,5.838982228036966,0.0004958385492456058,0.9287709295208851,26.74771360521966,38.55118994110334,0.9621447920799255,0.990706741809845,183
50494000,persistence,zero_shot,CAMELS-BR,0.8647441956879487,0.8863261549125391,11.579172003379995,2.5649236823327444,7.681056401307812,0.004976694446662502,0.9044421259541401,15.64626362263965,29.215689640154775,0.7661986351013184,0.7407545447349548,169
50520000,persistence,zero_shot,CAMELS-BR,0.084744187795038,0.2859595336084825,46.356432580783164,9.936550990473933,-15.255773485811392,-0.005831056113411899,0.6136898286299395,195.8505495477476,371.76612890004407,0.9076948761940002,0.7956249713897705,164
50540000,persistence,zero_shot,CAMELS-BR,0.8858555274859925,0.7357677866942847,9.443630215344461,2.5434632583501493,12.291707076804341,0.0036225459387082895,0.7367266008260105,38.23355701945355,58.74009709613789,0.8931741714477539,1.0124735832214355,188
50590000,persistence,zero_shot,CAMELS-BR,0.9685440024687826,0.9359971121834928,13.827277357794134,4.614035128152858,-0.03758189677162725,-0.0026925257989314014,0.9370125847606072,52.65085226498036,30.805843601498726,0.5811695456504822,0.5626596808433533,171
50591000,persistence,zero_shot,CAMELS-BR,0.7470473535874859,0.8192067879772607,35.11377789813425,7.421493970333262,0.5920196002571466,0.0,0.8434293647187907,151.3132469883879,204.00083618397838,0.6916542649269104,0.8469207286834717,188
50595000,persistence,zero_shot,CAMELS-BR,0.3286385297161899,0.6786184899772802,20.650841623515984,5.939697145570254,-5.2790181781404515,0.0005377627326718891,0.8938436815199392,83.52780311170523,137.03270803708665,0.6183015704154968,0.6195173859596252,141
50620000,persistence,zero_shot,CAMELS-BR,0.8887872649199144,0.8668280378547578,0.11539950601041894,0.032657444318558305,1.840688979116851,0.0,0.8730523507455195,0.44755426014915345,0.39089206067881993,0.1442377120256424,0.17050676047801971,188
50660000,persistence,zero_shot,CAMELS-BR,0.8265626012130242,0.7819756695658546,5.722821688806343,1.5825132791032182,-2.427499771599197,-0.0009350098152871647,0.7862378506971993,23.565055407134462,50.004363709766515,0.7318476438522339,0.6837437152862549,188
50690000,persistence,zero_shot,CAMELS-BR,0.8872244277025821,0.8434146770254405,0.9240246363662133,0.28284794057321827,2.364525450037735,-0.000289983099480879,0.8478718812867481,3.489135279927705,2.1505813167606567,0.31777581572532654,0.3659522235393524,171
50700000,persistence,zero_shot,CAMELS-BR,0.9469731467513162,0.9512883381858893,0.20740175828216695,0.09819893550841098,2.7698058242163905,0.0012517320933396608,0.9580213530668202,0.42260739717502577,0.42433463939507515,0.2832048237323761,0.32621219754219055,188
50705000,persistence,zero_shot,CAMELS-BR,0.5211411677164663,0.7549909019218795,2.0957083928525067,0.556887646687081,0.2188703275676743,,0.9742102628371152,7.715372084598649,6.8209232646751605,1.3072552680969238,1.3527601957321167,178
50715000,persistence,zero_shot,CAMELS-BR,0.5170805972258841,0.7649439832077003,0.3490497643218879,0.1160576928120393,-0.959784348986072,0.002090693591419706,0.9569096427131818,1.313550786659679,1.9174234539759583,0.6407551765441895,0.6298254728317261,156
50720000,persistence,zero_shot,CAMELS-BR,-1.2020888377987924,-0.4800012511486216,1.398182611346079,0.1640101032173063,32.55089336840743,-0.002926642642215158,-0.47991679943282195,5.766995341509432,13.46248553775572,0.8452313542366028,1.1571130752563477,188
50730000,persistence,zero_shot,CAMELS-BR,0.7927993362346675,0.8677099788547722,0.021614222945228856,0.004843085040734645,6.2130467394438895,0.0,0.9055444920673646,0.050561685708062555,0.05657406279891378,0.8019096255302429,0.7381817102432251,188
50740000,persistence,zero_shot,CAMELS-BR,0.820601763123931,0.831245334265922,0.5316529413335019,0.13744202331996502,5.835355567176522,,0.8406457582897465,2.2668715685135536,2.9276721306162266,1.0768601894378662,1.0437308549880981,188
50750000,persistence,zero_shot,CAMELS-BR,0.9058753822914253,0.9370707132262948,10.672962498499288,4.675120503069406,-3.201585499182619,0.006131824500516549,0.958621882350694,30.173148361405545,7.106335201775948,0.8476191759109497,0.8732378482818604,166
50755000,persistence,zero_shot,CAMELS-BR,0.9116957275380186,0.8785315850417463,5.895833401727971,2.0798785947860883,-5.270454362343807,0.0012595405439662678,0.8858742223112077,22.415167016785308,13.922176690628632,0.9546331167221069,0.8945257067680359,187
50775000,persistence,zero_shot,CAMELS-BR,0.939866319560955,0.945308311493271,1.68824883746528,0.7332933584373155,0.7291908004150135,-0.0012594913612221405,0.9528084829792259,6.051904643709879,2.871410431090301,0.48311808705329895,0.5087600946426392,167
50785000,persistence,zero_shot,CAMELS-BR,0.9151489451777497,0.9380736593670899,5.40035225593871,2.13273893265014,1.100479714470085,-0.0016337122867528045,0.9522188314804952,14.307651937623701,10.750771126419469,0.6669878363609314,0.6268658638000488,188
50795000,persistence,zero_shot,CAMELS-BR,0.8772607172132527,0.9380089812582605,8.022784812403799,3.4247819946167315,0.9168902772063592,-0.001841869165563132,0.9865405506898993,18.664340330558694,19.229212478000576,0.6093995571136475,0.6135073900222778,188
50820000,persistence,zero_shot,CAMELS-BR,0.9785685921831526,0.9356066391390911,0.25647318451917966,0.06335158913614268,-4.173160696968407,-0.0014015455042057784,0.9362810479827322,1.0230596400487326,0.9891891773217051,0.6862305998802185,0.7101322412490845,188
50840000,persistence,zero_shot,CAMELS-BR,0.6108857343706071,0.5372649373131476,5.754497792705562,1.6035020622484228,12.723618124810876,0.0012122070605364021,0.5411008773245645,23.114820745917203,49.271197363582026,1.0409128665924072,1.1925346851348877,188
50850000,persistence,zero_shot,CAMELS-BR,0.8437857371835737,0.8180649361730851,5.321109087046699,1.9588403060204453,3.641560031916493,0.0,0.8243732788746679,18.83062626273835,26.096296033473173,0.7253928184509277,0.785287618637085,144
50870000,persistence,zero_shot,CAMELS-BR,0.7352208354906995,0.7821081090689979,2.455427144947809,0.9711428677642738,-4.226138491226895,-0.0017276349281296031,0.8313223682554207,9.326564756298398,17.687424950861708,0.7119655609130859,0.6641436815261841,182
50890000,persistence,zero_shot,CAMELS-BR,0.952731535474105,0.9761944374421133,3.22718442037129,1.7752127444490473,-0.2932955556262048,0.0010377871384325416,0.9949974311449213,6.072642515543459,8.348651580664859,0.6320680379867554,0.606176495552063,188
51060000,persistence,zero_shot,CAMELS-BR,-2.7020949070932536,-0.323699114113013,8.698444338116031,2.2237096970440238,17.38238830502409,0.0022918918188041416,-0.23647794135483546,24.891335899711894,20.8820035476087,0.6106545329093933,0.6684965491294861,186
51060100,persistence,zero_shot,CAMELS-BR,0.5704167350014926,0.7903383415115638,1.1651623002014935,0.3308145174101078,-1.031059715626565,-0.001822313837612331,0.9468330120451666,4.9744583593084375,7.6385535759798495,0.5818466544151306,0.5624451041221619,179
51120000,persistence,zero_shot,CAMELS-BR,0.714011070807042,0.5986627028599472,28.637876910538438,7.794607968961305,-17.611884018094926,0.0011141121025621398,0.6187558483211126,119.40229494065443,226.05375856585172,1.151749610900879,1.109386682510376,188
51135000,persistence,zero_shot,CAMELS-BR,0.8415834425913992,0.6975461562264265,1.6288323058421095,0.20616667381217402,24.422859688252117,,0.6975521358821337,7.021414952340799,10.707075446123367,0.9533958435058594,1.0058810710906982,186
51140000,persistence,zero_shot,CAMELS-BR,0.8145254588633883,0.8787625360784904,6.131901404999921,2.549025726777886,-5.4303303657800095,0.005092930274521158,0.9250783713882766,23.062821042326345,22.182968764718634,0.6886236071586609,0.6999768614768982,167
51158100,persistence,zero_shot,CAMELS-BR,0.8142750758036208,0.7136397927535755,0.6985748358636973,0.15576968397548857,-5.75205386713489,-0.002753351602811746,0.7199976417837821,2.998374263429343,6.021913576201442,0.3863966763019562,0.30235224962234497,188
51166000,persistence,zero_shot,CAMELS-BR,0.7838934538165017,0.8676363953252015,0.5646852458516743,0.07927074334881407,-5.308415898156012,0.0,0.9199182435054399,2.2305214359455627,0.9582255584829625,0.47554606199264526,0.45823004841804504,188
51170000,persistence,zero_shot,CAMELS-BR,0.8002858730880144,0.8550188130545705,1.2581877473324674,0.30462288874459553,-3.866000284023327,0.0004899747574915597,0.8994908585891587,5.32370751771919,9.548786251263797,0.4036683738231659,0.43676283955574036,166
51190000,persistence,zero_shot,CAMELS-BR,0.958644987763111,0.9289477757515544,9.732117331595942,3.8711039206766067,2.481600478277459,0.0015407598798418617,0.9302483655934813,35.516382833349724,58.799830202669796,0.6817067861557007,0.7200863361358643,188
51230000,persistence,zero_shot,CAMELS-BR,0.8074600888698252,0.8497308364813414,18.12991041978855,5.982893996315296,3.989332013028915,-0.003979880925936527,0.8718566774157873,71.63788280265797,109.68647873067627,0.9696812033653259,1.0366177558898926,179
51240000,persistence,zero_shot,CAMELS-BR,0.9193330902330522,0.9560044596445632,21.50890367937175,9.506959248096384,0.5355611142865835,7.802568318886205e-05,0.9791837457316257,78.8371797528542,93.3671286265247,0.5814654231071472,0.6032721400260925,188
51280000,persistence,zero_shot,CAMELS-BR,0.8616516152539022,0.9144372205683525,36.74431447150072,10.515010545862483,1.5311313641110629,-0.0038714734878219637,0.944633629046304,151.05774365995254,262.68893036921634,0.644457995891571,0.6760040521621704,188
51310000,persistence,zero_shot,CAMELS-BR,0.8799238105870153,0.9013711382824495,0.4147165419718047,0.15381913844178965,2.8072431172572916,-0.0012049466163353804,0.9127047643711672,1.0140364781313684,1.9153200184429882,0.4562619924545288,0.4458669424057007,188
51330000,persistence,zero_shot,CAMELS-BR,0.9047640556947474,0.918664142574232,27.16774959104204,13.764990388779413,-3.6685244342424896,-9.546436449518747e-05,0.9344924002701114,67.35903983228017,51.78459882281977,0.6502312421798706,0.6579771637916565,105
51345000,persistence,zero_shot,CAMELS-BR,0.2603089099315876,0.27027831396570046,12.614934527005733,2.3301193520164816,-33.14095724707722,,0.4530665811786416,56.34040539219774,98.23004691324988,1.6047791242599487,1.1935871839523315,160
51350000,persistence,zero_shot,CAMELS-BR,0.9501529008204533,0.9371636527714262,26.230827175784718,9.674945757988302,-2.330136065340084,-0.0036587927706830045,0.9408908400738883,95.35784794168434,49.84080746481217,0.6010367274284363,0.6564045548439026,187
51410000,persistence,zero_shot,CAMELS-BR,0.8411628162525884,0.8546849974357558,0.7670232247366243,0.18819671380715292,-0.3388402556244396,0.0,0.8794794928558423,3.084520012102865,6.189608430078616,0.02937137521803379,0.02429593726992607,183
51430000,persistence,zero_shot,CAMELS-BR,-0.03553138795597599,-0.37733675183709536,2.0220676788130874,0.2398129032138655,-56.85054749456449,,-0.028370600802102297,8.313860835111287,19.225619230825178,1.9441593885421753,1.4738894701004028,186
51440000,persistence,zero_shot,CAMELS-BR,0.38973663975597395,0.28935689010841315,3.631772279867598,0.6449240137245402,-29.12851607997414,0.0,0.35693500396160804,16.09596957550009,32.23676041601789,1.5723203420639038,1.3655441999435425,179
51460000,persistence,zero_shot,CAMELS-BR,0.1958923268830146,0.5702074080326431,15.499475635286105,2.4239690479753637,-15.914773735763918,0.0012068813711485354,0.8215976657938096,65.86932064446778,139.89231479869727,1.5774931907653809,1.445188283920288,181
51490000,persistence,zero_shot,CAMELS-BR,0.8496763957820508,0.8474836271062003,78.16420200362076,25.456451523688532,-7.079360942603704,-0.001955712761744579,0.8671414448271091,295.77356203690687,459.64605948490413,0.636536717414856,0.6401412487030029,186
51490080,persistence,zero_shot,CAMELS-BR,0.8893750521341055,0.9020284320202991,6.907743405469004,2.265478736542641,-3.424834530197274,0.0,0.9183321744014096,13.016803386397777,31.043447765559538,0.24871450662612915,0.21087396144866943,188
51560000,persistence,zero_shot,CAMELS-BR,0.31548497398457775,0.6695912701989051,11.04432763397542,3.6381910151623664,-5.830097956184565,0.00026024080140998537,0.8998544941676455,37.61546528575027,31.0969079814365,1.0265737771987915,0.9605923295021057,188
51640000,persistence,zero_shot,CAMELS-BR,0.8637168933068247,0.8779020229693733,0.7331285896832936,0.2810777849621243,1.4025479564475762,-0.0018092718162599948,0.8902572107582086,2.8887770979900855,5.520887610625251,0.35221490263938904,0.3515394330024719,180
51650000,persistence,zero_shot,CAMELS-BR,0.24788264210379907,0.18246861907293133,21.686066355117667,4.050494455628925,-22.188950151668006,0.0025302195523153326,0.32493533602594415,87.85899935081791,152.09370425632346,0.9989590644836426,0.5569058656692505,108
51660000,persistence,zero_shot,CAMELS-BR,0.38860972873082267,0.6987318036034715,3.253842376179149,0.7008000246683757,1.20717325277712,0.00438373919280401,0.830354599658625,13.994872254933133,24.428365156777605,0.6532811522483826,0.7661550641059875,150
51685000,persistence,zero_shot,CAMELS-BR,0.3911813490875242,0.3379283198146823,24.525734152128752,4.424285099468129,-23.173289776235027,-0.0028610418173496584,0.43205004186815066,105.26136455614635,228.4455179576128,0.865626335144043,0.6497038006782532,187
51750000,persistence,zero_shot,CAMELS-BR,0.915928456382107,0.9406284997387453,0.45765204299802165,0.23422074222818334,0.03229933047848061,-0.003914438926792031,0.9553765390008602,0.8666981717721387,0.5918905658159826,0.33638107776641846,0.3777225613594055,188
51790000,persistence,zero_shot,CAMELS-BR,0.9720670803273542,0.9847907018897422,1.2724815045658335,0.8710140419006348,0.5945207061298242,0.00393693961748396,0.9932459793851822,1.4252575816116124,0.5858993530273438,0.34066078066825867,0.3357999622821808,50
51793900,persistence,zero_shot,CAMELS-BR,0.96765244931009,0.9837969614255463,1.3158947254926288,0.7544086053047652,-0.08164571332528978,0.0004824942564074994,0.995642761624768,4.03641038137662,6.930698394775391,0.3983423709869385,0.381746768951416,81
51794100,persistence,zero_shot,CAMELS-BR,0.8872631536575031,0.9273244799992354,1.8877720017591337,0.8562074720859527,-2.502782022653926,-0.0024432141164023834,0.953850091306213,7.267469353753204,1.689199447631836,0.32287392020225525,0.29260092973709106,80
51795000,persistence,zero_shot,CAMELS-BR,0.9063994915593365,0.9295274760101001,5.962296968147129,2.596815180056023,-0.7495101320818798,-0.0008647420762769829,0.948179828469156,22.595404252975055,30.016189549576907,0.454032301902771,0.43517404794692993,165
51820000,persistence,zero_shot,CAMELS-BR,0.9055006051471308,0.9509657875318253,2.581621360888351,1.3063601845054216,0.22407292605275475,0.0,0.9838487267086709,8.136531016312391,5.490694742872028,0.46738433837890625,0.47704604268074036,186
51840000,persistence,zero_shot,CAMELS-BR,0.9753513580022081,0.9631827632845389,0.06157457880901963,0.027829254446879396,1.4047104803700572,,0.964889933304072,0.1469775238910729,0.29755042845963525,0.5130582451820374,0.4984012544155121,188
51870000,persistence,zero_shot,CAMELS-BR,0.9414216740265412,0.9509319330742254,1.334235082611498,0.7758867230187071,-1.5790480890431462,0.0018889306410565104,0.9607202647420747,2.6046030298355736,0.9120267816952429,0.3903212547302246,0.3798621892929077,188
51890000,persistence,zero_shot,CAMELS-BR,0.7818503896819861,0.8010896356515205,12.47234310885567,7.399234463354785,-4.627774043914464,0.0006744887308479091,0.8340641188657549,35.00459509409696,62.43510407154949,0.5829572677612305,0.5541085600852966,167
51940000,persistence,zero_shot,CAMELS-BR,0.8559254445339681,0.9276051108185025,0.8889557785053297,0.5773168601419615,-0.9329497070087338,-0.00231087931641075,0.9891588956493552,0.9688839841203337,1.4017801610871021,0.4084469974040985,0.40064239501953125,184
52020000,persistence,zero_shot,CAMELS-BR,0.8748107749287111,0.9268999022729988,4.823103684524712,1.0071021956620647,0.2077360264210764,0.002938861434407518,0.9644025621595642,14.548367278250156,28.538869006481534,0.32709625363349915,0.26162925362586975,183
52050000,persistence,zero_shot,CAMELS-BR,0.7553657582216589,0.8697902541761093,5.07457767729427,1.0513569363888273,1.6284138006130084,,0.9278478174018627,21.656135894398194,45.16484760757853,0.8447748422622681,0.7969939708709717,188
52090000,persistence,zero_shot,CAMELS-BR,0.8089797792178703,0.891282420479162,9.102114578371108,3.029537936094506,-5.264929167873406,,0.9467332010679861,31.193012716346,59.51832753764659,0.45823290944099426,0.5554459095001221,174
52130100,persistence,zero_shot,CAMELS-BR,0.17438151103594512,0.5287120462197157,0.4111246870183252,0.22390869454197262,17.12673911946218,0.01628707093519906,0.8048665653024658,1.0997945963157663,0.0,0.569232165813446,0.5464800596237183,46
52200000,persistence,zero_shot,CAMELS-BR,,,0.0,0.0,,,,0.0,0.0,,,161
52210000,persistence,zero_shot,CAMELS-BR,0.7010766228219265,0.7786525797181939,0.1990136633837135,0.07056799912452698,4.8800383580368045,-0.0012612621060063313,0.8044910820388652,0.4605276056508876,0.48192322471154336,0.22009901702404022,0.2832271456718445,125
52230100,persistence,zero_shot,CAMELS-BR,0.45375448909090865,0.5764775950236964,0.02458514315798127,0.0045902256370711145,-17.833060740576027,,0.7192080741940254,0.08852810114165167,0.17410900591299286,1.443320631980896,1.1433959007263184,133
52250000,persistence,zero_shot,CAMELS-BR,0.9814308866524158,0.9754600962124228,3.28237762882982,1.2738137287917988,2.230920352602301,-0.0031627616517093185,0.9767762436363325,3.024186206152266,3.5355339059327378,0.5095768570899963,0.48059341311454773,129
52264000,persistence,zero_shot,CAMELS-BR,0.8235863602637065,0.7822684116110397,14.597037697084305,3.142690995160271,6.378232078989252,,0.7871364625461601,58.739552092650776,92.52439340167383,0.5046292543411255,0.6496798396110535,153
52265000,persistence,zero_shot,CAMELS-BR,0.7749384239510849,0.7145982489463247,12.191832185345566,2.886218527089335,-14.638981934367127,,0.7366207362975277,52.56042632074745,90.30138539786061,0.893405556678772,0.872006893157959,119
52270000,persistence,zero_shot,CAMELS-BR,0.7659866662970991,0.850246155919183,50.06179332247674,10.226646528641384,1.0876207221874863,-0.007171608388822179,0.8839207933930733,209.17533401708369,425.84366104163576,0.5599128007888794,0.6364895701408386,180
52360100,persistence,zero_shot,CAMELS-BR,0.9997604970363708,0.9976222997068276,0.11903510127894128,0.030403921855430976,0.23679612940646078,-0.0055730722869173285,0.9976252375586799,0.1347728014812249,0.0,0.27101215720176697,0.2616541087627411,102
52370000,persistence,zero_shot,CAMELS-BR,0.4085580171007771,0.42992493230839346,9.50677722285324,1.2245862026119287,13.365134634236897,0.0,0.4357246744617691,41.16549822157585,90.97709172206818,0.7862311005592346,0.8457415103912354,188
52391000,persistence,zero_shot,CAMELS-BR,0.569697414296198,0.18118079839843826,49.471053974565976,7.082779599316168,-58.81832353946809,0.0,0.18734509427446455,213.49424998845808,363.3172635295469,1.5266263484954834,1.7523077726364136,149
52404000,persistence,zero_shot,CAMELS-BR,0.84250366518342,0.7693280803507864,43.641544068582476,9.463450563581366,10.56688108981053,,0.7711198506421488,185.82883035190306,154.17999267578125,0.6009840965270996,0.636658251285553,95
52404100,persistence,zero_shot,CAMELS-BR,0.5157527703955798,0.663818469558828,9.81083956861871,1.9989159228849878,-8.31676947943593,0.0024326441687643058,0.805509255316958,41.93432610848567,86.67173323781319,0.9510546326637268,0.8736521005630493,188
52405000,persistence,zero_shot,CAMELS-BR,0.7542927255614922,0.8713136694570904,33.67073233433316,7.816934659682652,-3.7690565548449615,-0.0024361915673853235,0.9557666969336687,143.68344613675276,217.64394026774812,1.010954737663269,1.011569857597351,170
52406000,persistence,zero_shot,CAMELS-BR,0.014961844293190585,0.17428245681098098,1.7958116992824134,0.2775119371204214,55.09658608815669,,0.19910347973343345,7.90622518420489,3.332081911660012,1.6409504413604736,1.482411503791809,176
52570000,persistence,zero_shot,CAMELS-BR,-0.3813362114103753,0.2989803134038068,64.4626936101349,8.777727920355069,29.995177205895647,-0.0004133801696932539,0.40000376558213135,124.27306092667833,72.38533831712105,1.0588288307189941,1.226646065711975,180
52680000,persistence,zero_shot,CAMELS-BR,0.40223534674219596,0.7119893365507299,115.13502478457617,17.19353141103472,0.9139397418808494,-0.0020765023794427073,0.9416172473828938,490.3450172317849,441.42773261318723,0.77040034532547,0.6358309388160706,182
52695000,persistence,zero_shot,CAMELS-BR,0.869934677045855,0.7744265248237513,112.0756182445489,18.582510973680467,-9.142543953155428,-0.001800689428783777,0.7806690917998739,482.2722350878926,1006.6445568055337,0.5299890041351318,0.489499032497406,187
52720000,persistence,zero_shot,CAMELS-BR,0.08267395091607199,-0.02255430371688094,3.1863708067911367,0.8021212220191956,-24.437879760483618,-0.0036146390972217526,0.2149941028763066,12.762297986922917,18.009999990463257,0.795686662197113,0.3809921443462372,33
52740000,persistence,zero_shot,CAMELS-BR,0.10248546258803248,0.3373004804590509,3.240395660681802,0.47927298932462126,12.226755243371587,0.0,0.3540558164205455,13.856498217400869,30.62810330681833,0.6039462089538574,0.7522075176239014,185
52760000,persistence,zero_shot,CAMELS-BR,0.6965529362575961,0.6481811037196095,31.54978195760653,4.409487560285744,-10.511270081998704,-0.0013797815292884014,0.6802974437430875,132.22787045158924,258.84270691609237,0.9148889780044556,0.7271398305892944,141
52790000,persistence,zero_shot,CAMELS-BR,0.4415992802525821,0.5582900693691961,85.13006189078766,14.64750563139294,-10.396462584909447,0.0009920684577243606,0.7074693194700234,366.98635323130935,748.0021383801746,0.9887834787368774,0.8525516390800476,188
52830000,persistence,zero_shot,CAMELS-BR,0.8907298081354632,0.9260522062394969,54.112093272010554,16.029656400705907,2.2099577922869913,-0.00014850385263172686,0.9358483209884205,226.09000038049717,400.91841333021716,0.5022338032722473,0.5668556094169617,188
52831000,persistence,zero_shot,CAMELS-BR,0.7595967241666206,0.8038062123308478,72.10717001507861,23.62589179303335,-4.381794855512798,-0.0038405045582524805,0.8476248233185503,278.7805423647323,492.8674801143174,0.8650189638137817,0.9085471034049988,138
53050000,persistence,zero_shot,CAMELS-BR,0.5883757653717772,0.5962247040299796,6.195084788776044,1.6490148785321608,-12.392325154101155,-0.0013838749389952498,0.6633127125698446,25.0233695010197,49.20919265138575,0.9286075830459595,0.8602462410926819,161
53070000,persistence,zero_shot,CAMELS-BR,0.8237073183935921,0.7667483068478975,1.3772357255415502,0.3827142798668378,0.5564639939279201,0.0,0.7784300773590266,5.383954540535211,8.349677650711715,0.9971322417259216,1.0200037956237793,154
53090000,persistence,zero_shot,CAMELS-BR,0.19685599891594674,0.41529423468340443,104.01921020717306,23.680341764770706,-20.995931746131678,0.0024046287413622552,0.6779712547747188,435.80303369543714,817.4498559052511,1.3805917501449585,1.3072447776794434,145
53090800,persistence,zero_shot,CAMELS-BR,0.6157311045459799,0.7956858211333175,6.579360743487265,1.979105792429417,2.9126995177551342,-0.004490173757332919,0.8788786294881601,26.94039949976427,32.637210227117684,0.8468247652053833,0.8546329140663147,188
53091000,persistence,zero_shot,CAMELS-BR,0.9866238902092693,0.9294677041130301,0.00271944855816359,0.0007260000283713453,-4.8421037454761295,,0.9294939044539088,0.010950190604977404,0.013999998569488525,0.9145262241363525,0.9495575428009033,50
53125000,persistence,zero_shot,CAMELS-BR,-7.865265776031981,-1.5948005089039734,14.59536791002879,1.8824201547028243,58.05286055164919,0.0,-1.5763094495197314,62.229936349779365,138.5056342136959,0.889146625995636,1.2904765605926514,184
53130000,persistence,zero_shot,CAMELS-BR,0.09858819177963729,0.5286726803045985,12.567802451500093,2.005775085695045,4.200893279853912,0.0,0.9393185043300896,53.33866637581396,110.11404050457266,1.7290960550308228,1.8019312620162964,181
53140000,persistence,zero_shot,CAMELS-BR,0.8208955866409252,0.8068904597559611,4.751619441090216,1.380421240081829,12.460266186863668,0.0,0.8172347912440054,19.598250638919367,23.485594997796646,1.2101751565933228,1.2405427694320679,188
53150000,persistence,zero_shot,CAMELS-BR,-1.9091914145781508,-0.20813305014264594,0.6744182667404252,0.13874999913387,33.42602244978537,-0.0007006781237207521,-0.1433582732662544,1.5977998994198754,1.2095660719437664,0.5725953578948975,0.8882728219032288,180
53160000,persistence,zero_shot,CAMELS-BR,0.6747132645684493,0.6093493056322901,2.3937711409961477,0.5137609389015424,12.975847795295588,,0.6135349254478615,10.142198625004415,19.82958407108129,1.0280416011810303,1.090959072113037,169
53170000,persistence,zero_shot,CAMELS-BR,0.40146915217067913,0.5826466929627041,30.41223318403597,5.758561364334563,-11.223749903408759,0.0032749509246151193,0.7690735843582233,127.87882440354012,244.38154146798826,0.9952224493026733,0.8218439817428589,184
53180000,persistence,zero_shot,CAMELS-BR,0.01607901499844988,0.20772632978405425,71.09346328562306,9.334511335969705,-26.332141913865062,,0.5614444411057984,303.9390632837749,608.9741720211634,1.3516604900360107,1.5169216394424438,183
53460000,persistence,zero_shot,CAMELS-BR,0.970012849753011,0.9844155644877306,1.6119039011426368,0.8148404172760375,-0.1011239644797919,-0.0009876136630414915,0.9952632772268045,0.8830402269550472,1.0833743659442039,0.27742236852645874,0.2602698802947998,188
53460500,persistence,zero_shot,CAMELS-BR,0.9312905782919337,0.954445069391601,4.5624745672369915,1.4629009978267997,1.6555248675178873,-0.0007413698807122726,0.9670387684912429,18.442928229518646,27.38937998488952,0.49880871176719666,0.5141826272010803,187
53470000,persistence,zero_shot,CAMELS-BR,0.8910377003580466,0.8653009204520306,3.77182670862686,0.9084692992472121,3.7864330559100536,0.0013603127772789936,0.8696969051931185,15.257450207136941,31.60441788757566,0.5262476801872253,0.5827794075012207,182
53490000,persistence,zero_shot,CAMELS-BR,0.9754411641517934,0.948000691384723,2.660645970999576,0.85027500403964,-0.9989245702565044,-0.0003038482797276089,0.9488068672917555,8.99162421264767,20.00809633958913,0.13900582492351532,0.13179805874824524,184
53500000,persistence,zero_shot,CAMELS-BR,0.9985137583130216,0.9634969798843473,0.23213974246082292,0.06396862104827282,2.5669912512410487,,0.963496979884347,0.8238972290064986,0.4292841966968005,0.27979761362075806,0.2945735454559326,102
53540001,persistence,zero_shot,CAMELS-BR,0.921335449549166,0.8385738375578948,5.255551494652673,1.4676751411084592,-2.1756221073129685,-0.0012051850025764504,0.8411477792654574,17.443918054669307,37.05925274586031,0.5569090247154236,0.4628046751022339,169
53620000,persistence,zero_shot,CAMELS-BR,0.9866727625186145,0.9567576042109617,9.185433407375875,2.589378621392164,-1.301104185256977,-0.01040244286798241,0.9571464571281547,27.71391705520543,44.28010184927797,0.8102837204933167,0.8117750287055969,176
53630000,persistence,zero_shot,CAMELS-BR,-0.38024193256986116,0.20807987800669836,24.685236844009815,3.3630361835161846,18.942684295609467,-0.0007361421540849553,0.2313991388982214,109.41710209376586,188.19871672766243,0.48347944021224976,0.668054461479187,180
53650000,persistence,zero_shot,CAMELS-BR,0.8715267351358079,0.8108969657994771,27.26711151570375,6.467119702100104,-6.736905076648988,0.002993207593716289,0.8203553328886741,109.07399845807873,160.9641452044681,0.7332485914230347,0.7423064708709717,172
53670000,persistence,zero_shot,CAMELS-BR,0.20203426786617118,0.43959327348695587,0.41968987146119385,0.13062520821889242,4.787566397891784,0.0,0.46153658393984254,1.5845024021590335,0.5546719508731305,0.1922888159751892,0.26041656732559204,123
53730000,persistence,zero_shot,CAMELS-BR,0.9128652143934222,0.7944185705694392,1.0141191905511646,0.35017872839532,3.4986361815816975,-0.0011188911972372165,0.7950493934650766,3.8743359070874916,8.196184905379708,0.40119776129722595,0.44052988290786743,188
53732000,persistence,zero_shot,CAMELS-BR,0.6390469293315362,0.7242796080118947,1.0864285975409402,0.21459787228005997,-1.5674243688802854,-0.0006620996269074315,0.8096117792937946,4.638746105563214,10.31755041116571,0.3331754207611084,0.287066787481308,188
53780000,persistence,zero_shot,CAMELS-BR,0.5624684604611473,0.5273310752904734,35.70646893704348,4.785219611639672,-16.857738558328116,-0.0011502437781309664,0.5891604594519507,154.58405186772075,339.263812254845,1.0577610731124878,0.8504294157028198,188
53790000,persistence,zero_shot,CAMELS-BR,0.7613748267938265,0.8365875380421081,69.72732646069407,14.681953380937161,-10.479250824857735,0.0010423874470914356,0.8744249091534395,296.93152395553443,345.3936322045524,0.8192266225814819,0.8875375986099243,184
53860000,persistence,zero_shot,CAMELS-BR,0.8697679595937775,0.9331671239251402,6.580780360319042,4.966666539510091,0.396265310953704,,,7.6999969482421875,7.6999969482421875,0.2725728452205658,0.2827741801738739,6
53880000,persistence,zero_shot,CAMELS-BR,0.679707928046991,0.5584943937661448,136.20039203885895,28.19692693365381,-18.670350485861498,4.986334720731567e-05,0.5799353243994045,576.0102381202282,850.3627869592092,0.7875354886054993,0.6784810423851013,188
53920000,persistence,zero_shot,CAMELS-BR,0.823475907888602,0.8870691602453872,1.8864355249464169,1.0263835566679704,2.7355745790272317,0.006393707944515634,0.9186324917212737,1.5740074330146165,1.5,0.5209665298461914,0.4979725480079651,73
53950000,persistence,zero_shot,CAMELS-BR,0.7171627312506174,0.6843135011258862,122.45300238695046,22.053695007068356,-16.57111578999958,0.0012429712525144875,0.7189962168703934,521.2465598615506,1043.4393381083314,0.9094904661178589,0.9298309087753296,164
53980000,persistence,zero_shot,CAMELS-BR,0.9859190578845417,0.9752674726832306,0.6296528296794246,0.23491176577175366,-0.47907125819818086,0.0005091982382111242,0.9761753533739993,2.04859883511382,0.16970546564087313,0.2374783605337143,0.23540231585502625,170
54001000,persistence,zero_shot,CAMELS-BR,0.5786688260983956,0.7340346383370786,22.042743910512296,4.669989926502742,-2.747107197717293,0.004728596473365945,0.8695403979672914,90.64703236939356,183.781298594826,0.8511489033699036,0.8729990124702454,188
54002990,persistence,zero_shot,CAMELS-BR,0.4533001548295532,0.6729861613465253,18.835359222486108,5.6792857544762745,5.369453103627966,-0.001196535190403518,0.7319064620757556,73.97579731181654,99.37054419416202,0.4949190318584442,0.5267876386642456,140
54003000,persistence,zero_shot,CAMELS-BR,-0.09199443119353612,0.501807843386388,74.62033555915053,20.416844982514405,2.40780823975916,0.0003832504793183644,0.8827209573779413,300.012770083382,421.2844714390763,0.950291097164154,0.9111045002937317,187
54010000,persistence,zero_shot,CAMELS-BR,0.836534935191231,0.9013118389194025,85.0151205076096,29.1980215215428,-2.0288057616723685,-0.000728048980235551,0.9475589094728218,311.77459806725756,523.8110346298558,0.5872613787651062,0.6158795952796936,187
54010005,persistence,zero_shot,CAMELS-BR,0.8960500105996604,0.8652856248650147,37.8838739175503,13.568336963653564,5.831142099395713,0.0014571407783822501,0.871315030767805,104.05008503627916,102.04281118713213,0.6335264444351196,0.6855175495147705,184
54060000,persistence,zero_shot,CAMELS-BR,0.8291991218669224,0.8486684805997007,63.89616910739519,22.501063864281836,3.0266984797480996,0.0,0.8639024382034353,235.66671381423384,261.5205536855564,0.48629042506217957,0.4892677664756775,188
54095080,persistence,zero_shot,CAMELS-BR,0.9814541928651414,0.9453262891261096,0.0045883376503845314,0.0021052736985056023,4.4143414803463255e-07,0.0,0.9453262891261096,0.0,0.0,0.004073324613273144,0.004258475732058287,19
54110002,persistence,zero_shot,CAMELS-BR,0.8916823271415051,0.9409232918362775,11.381066613873974,3.5938919640873324,-2.3873333440521765,0.0013178161886889736,0.9696554138022087,44.76861927866714,74.71157059084521,0.7835933566093445,0.7021556496620178,187
54140000,persistence,zero_shot,CAMELS-BR,0.8864196893535228,0.9178060577217377,27.567132758243797,15.02127659574468,-3.475238922675934,-0.002878972417919349,0.9407473871132381,51.391633560337425,41.06701839676214,0.30499565601348877,0.3020702004432678,188
54150000,persistence,zero_shot,CAMELS-BR,0.4414199689381815,0.6964356887441027,106.43923564118506,24.082637413688328,4.453541835326149,0.004547047984649451,0.9161238257766662,330.1144450557244,774.1254142642636,0.5225781798362732,0.44425246119499207,184
54165000,persistence,zero_shot,CAMELS-BR,0.8437674900079811,0.8365376753533926,7.291005169002746,1.5093673459039285,-5.152197395420648,0.0,0.8565190759052748,28.016564919379558,21.967687320606675,1.2915438413619995,1.10112726688385,104
54193000,persistence,zero_shot,CAMELS-BR,0.8800662110817684,0.8709451367507637,21.81360326429333,4.914339409154037,9.84588509757295,-0.0028243020389793483,0.8827346918824243,61.8260033081519,25.492615056405345,0.902749240398407,0.8365646600723267,154
54195000,persistence,zero_shot,CAMELS-BR,0.3967286757730255,0.6653061437874852,75.19303120824763,37.64452863776165,9.500890922013703,0.003698770202700867,0.8818100231444589,226.63474624157502,450.3095569980762,0.5411754846572876,0.5294561982154846,184
54200000,persistence,zero_shot,CAMELS-BR,0.8485798619115588,0.891417581608949,69.51887888177373,25.303723375847998,-1.8881132079522898,-0.0007544712612644611,0.9248071610445776,234.16020157148824,315.75306807693886,0.6506294012069702,0.5659038424491882,188
54200500,persistence,zero_shot,CAMELS-BR,0.9178156624099191,0.8667699462333178,41.25577760140756,19.379047301507764,-6.270876547673605,-0.002876601839551133,0.8718532032316273,116.49824878656528,174.69163129155837,0.4287324845790863,0.3992416262626648,186
54220000,persistence,zero_shot,CAMELS-BR,0.33979515564435603,0.6756946147392109,3.276647992451116,0.9055127682203942,6.751523169197253,-0.00583576052098379,0.8226455543234659,12.176297727571434,18.143427414898948,0.9621853828430176,1.0431278944015503,188
54225000,persistence,zero_shot,CAMELS-BR,0.5485320590430547,0.6073621860200011,6.928317595826964,2.097269614105639,-13.132117676357527,0.0,0.701173620081152,25.789822772550334,44.221191871613286,0.6234182119369507,0.6034013628959656,184
54230000,persistence,zero_shot,CAMELS-BR,0.7448362771343031,0.7716040967734848,13.292031596031327,4.806554218997126,6.024112232521692,-8.392456732012055e-05,0.7889379856824177,43.84623808127224,66.64799498515652,0.514701247215271,0.612555742263794,184
54234000,persistence,zero_shot,CAMELS-BR,0.855646629864743,0.9172975607979341,0.3810567828961627,0.14286595376882147,-1.932331199217609,0.00014566663504202854,0.9625199347480381,1.378428616647279,0.8667637849160966,0.2906106412410736,0.3100893795490265,188
54235000,persistence,zero_shot,CAMELS-BR,0.8091417629670155,0.8718069438165528,5.360258845225714,1.5111803539255833,-3.4915498141243955,-0.001405623864289279,0.9191393332690322,21.988715983450582,37.1654098109441,0.438162624835968,0.4207477569580078,188
54250000,persistence,zero_shot,CAMELS-BR,0.5386085147502394,0.7728369513652568,0.6631843040376844,0.20847501028329135,-0.24046292547718098,-0.001409698876974716,0.9734944351702938,2.083542720706178,2.8262077463273867,0.6359008550643921,0.673621416091919,80
54260000,persistence,zero_shot,CAMELS-BR,0.6601892222115686,0.8170656389116011,27.445696362803254,8.5457821480102,0.594288892960129,0.0,0.953201912094847,88.21689096164847,145.45257119895072,0.678671658039093,0.6697075963020325,180
54270000,persistence,zero_shot,CAMELS-BR,0.872352286317327,0.8542699341741737,24.928549949723877,8.865425444663838,-0.16866366916296385,-5.8455710172647043e-05,0.8665402021914351,97.99846937580199,148.43180252223578,0.5469089150428772,0.54224693775177,188
54300000,persistence,zero_shot,CAMELS-BR,0.7346775176273828,0.6794338965209175,3.127179516222355,0.9460122347512143,-10.793841167576216,-0.0010747202114012241,0.7049920113065381,12.566577241719065,22.12744369654084,0.5704906582832336,0.42612600326538086,188
54360000,persistence,zero_shot,CAMELS-BR,0.4521686264124931,0.5495728823882038,42.37072264079698,12.68138302640712,8.129188671505334,0.0004865898284764844,0.5636184067791516,170.28945945066593,327.99466459075217,0.43135201930999756,0.48621493577957153,188
54390000,persistence,zero_shot,CAMELS-BR,0.5869879757986224,0.7566734326002298,57.65032021094238,16.41193450792976,-3.9037684086735456,-0.00037962153466070125,0.8993040259841873,223.82071397404357,428.28522771882155,0.7504850625991821,0.7156379222869873,184
54430000,persistence,zero_shot,CAMELS-BR,0.7021139710702341,0.7286722802996528,1.985134931239275,0.5385145937268798,-11.364416015535182,0.0002259521106574014,0.772135107503044,8.25867390634381,10.619416574696425,0.6045066118240356,0.4907829165458679,185
54450000,persistence,zero_shot,CAMELS-BR,0.7878203363680932,0.894287717908624,0.4321928058532018,0.16753676051602645,-0.9680389377094181,-0.0010580676328415832,0.9848622056942863,1.7166037897128084,1.8281821312739637,0.253132164478302,0.2519659399986267,136
54480000,persistence,zero_shot,CAMELS-BR,0.6761859353675501,0.5692402091721795,7.854088497662593,1.0321848272275524,-11.771353784507145,0.0,0.5889899571544226,32.31255778400013,60.23163515106146,0.48488473892211914,0.3337991237640381,119
54485000,persistence,zero_shot,CAMELS-BR,0.2936119100391389,0.44126853797766485,10.638087083672866,2.332970144095547,-27.83343219913216,-0.003061370918113371,0.619021592933658,45.31818957878583,73.372161314576,1.0218149423599243,0.8892441987991333,184
54500000,persistence,zero_shot,CAMELS-BR,0.5813653326460109,0.6612082278602971,69.60152841844317,19.52500496012099,-12.259095041470802,-0.00021408300952422202,0.7551153611361211,273.9272444617474,541.0045156655564,0.643527626991272,0.5738650560379028,188
54502000,persistence,zero_shot,CAMELS-BR,0.7191390231922389,0.7931402700397394,58.767230953173126,18.763651005683407,-7.81040139730189,0.0001012447526217812,0.8557777161835454,230.02573776065617,398.16652691015923,0.6383166909217834,0.5843406915664673,186
54530000,persistence,zero_shot,CAMELS-BR,0.777311451256574,0.7901658208307204,88.43361944423731,34.11809677965059,-5.223731949876813,0.0015618908189793338,0.8235617274440457,332.8578829275743,570.5661767168083,0.34345677495002747,0.30726349353790283,127
54530800,persistence,zero_shot,CAMELS-BR,0.814746130413263,0.8766458155368242,72.6266105202693,42.58112704435134,5.969918155777611,0.0,0.9081682820947078,163.67827417078857,222.93603009770902,0.4491874873638153,0.430938184261322,187
54540000,persistence,zero_shot,CAMELS-BR,0.4580182927966546,0.7386416168162926,6.257206910018725,1.1890451811782827,2.104581938518185,-0.003930408562756858,0.9121253978147582,26.075851023572906,49.60550284454256,1.6873257160186768,1.649104356765747,177
54547000,persistence,zero_shot,CAMELS-BR,0.8124439017524843,0.8962188912911006,0.6762765913838313,0.09347468690027165,-0.9076363355619206,,0.9615178981974335,2.2625467780682067,5.046384657212789,0.4011933207511902,0.29920196533203125,158
54548000,persistence,zero_shot,CAMELS-BR,-0.005347593582887722,,0.0008824831937804349,6.4361701778909e-05,-100.0,,,0.0008824831937804349,0.0008824831937804349,2.0,,188
54548500,persistence,zero_shot,CAMELS-BR,0.9403261812337149,0.7942428995038759,0.05839540839400262,0.011008218823842807,-6.737244845086261,,0.7945607005783331,0.21227065025907918,0.41569995880126953,1.7436635494232178,1.5549535751342773,73
54550000,persistence,zero_shot,CAMELS-BR,0.8020435193752633,0.8881180087152769,193.59795296724215,60.24734044582286,1.2391782604584556,-0.0005591479367551069,0.9325972604637915,770.0120778273546,1526.4406310105874,0.5392782688140869,0.506991982460022,188
54560000,persistence,zero_shot,CAMELS-BR,0.4868233897313229,0.6508773352470785,12.295181625980655,2.9620978248790957,-12.556542930549018,,0.8019356804020972,46.064736597760145,67.80927098690022,0.8607392907142639,0.9386464357376099,142
54580000,persistence,zero_shot,CAMELS-BR,0.7841768187888143,0.863043318860537,158.93648784038905,66.655575475575,-2.276818993129607,-0.004143367614156873,0.8997398012573764,578.7237583402429,1017.0290675909952,0.6095411777496338,0.706958532333374,162
54590000,persistence,zero_shot,CAMELS-BR,0.6197662162412803,0.7983441042657689,3.7617187511895778,0.9882898356111066,7.823798920216879,0.0004890617540439235,0.9042514761696128,15.071160060574643,17.831117226488292,0.7643885016441345,0.7300620079040527,148
54660000,persistence,zero_shot,CAMELS-BR,-0.8670659943040193,-0.11049468970181975,2.368809650151481,0.43633509776059615,18.990347829102976,0.0,-0.10522054671240277,10.030730035072574,21.779347506260677,0.2976412773132324,0.4795854985713959,188
54710000,persistence,zero_shot,CAMELS-BR,0.8824193221645678,0.8989522802274739,115.31695439893768,37.3203622671274,5.530703618063431,-0.0004012757425321759,0.9121531728455188,467.68546796002465,235.78575604729468,0.5881631374359131,0.5809056162834167,130
54710500,persistence,zero_shot,CAMELS-BR,0.8546587465680847,0.7958976914053784,104.45685138545062,43.0132033165465,6.238435128558796,-0.001611618757170634,0.8015509135487437,400.2287540624064,822.3772841025972,0.4994829595088959,0.42863747477531433,188
54730000,persistence,zero_shot,CAMELS-BR,0.6975735086766421,0.8335053932244971,7.092973359471823,2.5713297014540815,-0.11348650483581355,-0.0012171527982074697,0.8956281894452022,26.11371946356411,39.023326007489004,0.37317293882369995,0.44021156430244446,188
54730005,persistence,zero_shot,CAMELS-BR,0.8483307811870135,0.8187443567333499,7.08380768349568,1.7038023002049618,7.9309283992654445,-0.0008200137153907792,0.8269002367750832,25.84056153613544,30.182776443000733,0.798263669013977,0.7638059258460999,174
54760000,persistence,zero_shot,CAMELS-BR,0.8027442388113224,0.8966879283179914,124.38975422217314,42.84338241464951,-0.488697944459431,0.0009733562769449443,0.9741250141652585,496.8923424646429,697.993194809233,0.512933075428009,0.5309910178184509,136
54770000,persistence,zero_shot,CAMELS-BR,0.883805739258985,0.9093169880067559,2.9713671270527566,0.8243719202079131,1.4064151319643439,0.0,0.9244136228525156,12.398018271550244,8.793607697019128,0.7358550429344177,0.7106955647468567,178
54780000,persistence,zero_shot,CAMELS-BR,0.7776435360542268,0.7338159371622814,221.81838053929917,65.18220377903359,-17.92146546661699,-0.0017544501807925557,0.7441629655761379,874.3192562978123,451.6001854041321,0.7202230095863342,0.5123435258865356,102
54788000,persistence,zero_shot,CAMELS-BR,0.9694154922337185,0.9745598530907661,15.002479453434212,8.137245419150904,1.6600560527781458,0.0025053827074422077,0.9783366447705872,38.039686641134054,10.80596923828125,0.27204760909080505,0.28105565905570984,95
54790000,persistence,zero_shot,CAMELS-BR,0.9665860721632691,0.9500756774815411,80.6400958876208,38.52601479719029,0.9692399563208793,-0.0020679060896035863,0.9517425873387717,282.97817586174233,289.7525244145464,0.6045423746109009,0.5790627002716064,187
54810000,persistence,zero_shot,CAMELS-BR,0.8690493774415341,0.9159664645797364,319.45562388595357,74.64493681509283,-3.4055298869688695,0.002512345851129763,0.9206288513914195,1381.8093663743925,2690.308625418281,0.6344559788703918,0.7274476885795593,158
54940000,persistence,zero_shot,CAMELS-BR,0.7994157767576202,0.8975981082672884,92.22598970493026,46.82251392130079,-1.0310803167989298,-0.0026598669964359445,0.9657526280143228,331.5731861562056,560.394950012935,0.5135815739631653,0.5902279615402222,179
54945000,persistence,zero_shot,CAMELS-BR,0.8961369155420807,0.9243252725101082,140.93323007527562,63.0100946783382,5.176974638873104,0.0008596925958178486,0.9416647689401967,511.6744090978184,843.7659749977305,0.6541318893432617,0.5931515097618103,187
54950000,persistence,zero_shot,CAMELS-BR,0.9644166553966911,0.9815065508841604,122.66786531360225,57.894795983137485,-0.08935266527474892,-0.0026578939157363944,0.9941289656798521,238.21297700593746,376.23061078210554,0.4910527765750885,0.47030892968177795,167
55130000,persistence,zero_shot,CAMELS-BR,0.4902017016102703,0.7531291597518631,39.33181453054028,9.52691492311498,2.024502688159843,-0.0007391354303265193,0.9296487667093971,167.9159372402254,259.61509971494337,0.7498520016670227,0.8028374314308167,188
55150000,persistence,zero_shot,CAMELS-BR,0.8407200347030785,0.9189022839477679,6.031352550887245,3.146223361187793,0.9782128644104185,0.0,0.974263883784351,20.659961184366544,26.349192476294853,0.5154671669006348,0.5111252665519714,188
55170000,persistence,zero_shot,CAMELS-BR,0.8585897943009764,0.9267367353964343,5.1792149006223,2.3172532577960814,0.5393064425284178,0.0007747815191468648,0.9738831021650969,14.6735079851838,7.329333280699225,0.6441612839698792,0.6635124087333679,171
55240000,persistence,zero_shot,CAMELS-BR,0.5453229961863719,0.7280115702307922,1.0876171350130666,0.5491404179087345,1.8731302688843967,-0.0017971832570107676,0.7857477159274869,2.9797021753990034,1.6726414029456378,0.6188268661499023,0.6038777828216553,188
55241000,persistence,zero_shot,CAMELS-BR,0.9459635611479745,0.88932426438865,0.5044943706851004,0.3677565274031266,0.247555271598869,-0.001234002593360298,0.891690495609553,0.9957612488728316,0.7479000091552734,0.3753413259983063,0.31769418716430664,23
55330000,persistence,zero_shot,CAMELS-BR,0.8140254414132669,0.8608695887181725,3.4051165155417795,1.140385175073469,-0.7593093962013912,-0.001820079068883023,0.882410570170188,13.496269663865943,15.74855886506949,0.5949891209602356,0.6203730702400208,148
55340000,persistence,zero_shot,CAMELS-BR,0.9099027840244307,0.9263537129272387,9.616695836164416,2.9170503096873532,-1.1712229841591992,-0.0013087283740793806,0.9351359651745559,40.89303424628191,56.86139836978902,0.5096328854560852,0.4798121452331543,179
55350000,persistence,zero_shot,CAMELS-BR,0.8761377570853561,0.7992773568799617,6.894289559205243,3.2366400985717774,4.979901970527245,0.0011020487721315492,0.8020624260763219,24.799856354697432,28.071337695236398,0.5313901305198669,0.6182822585105896,125
55354000,persistence,zero_shot,CAMELS-BR,0.9031232422485973,0.9486939448445139,0.7005597819601836,0.3791416174656636,-0.2831785442789298,0.0010286520736733848,0.983732126789086,1.7836414295412506,1.8498885033036991,0.45605799555778503,0.4515364170074463,185
55355600,persistence,zero_shot,CAMELS-BR,0.9379290597756597,0.9579559641750993,0.37745041955367364,0.17707837610631375,0.3417101054963659,0.0006346365600108702,0.9700680243798061,1.2610152100484786,0.8081345702135069,0.3859763443470001,0.3948250114917755,185
55357000,persistence,zero_shot,CAMELS-BR,0.7484415661685795,0.7255086501135848,5.468446665886603,2.5666585538976934,6.776676128092363,-0.0027990385942733113,0.734832749372001,20.473618627171835,31.829283399886084,0.6949978470802307,0.7264602780342102,186
55360000,persistence,zero_shot,CAMELS-BR,0.8299838055517492,0.8478598462372233,5.879201834034649,2.0938413316311117,3.8098871955784284,-0.0015920397467279676,0.8630446686788529,24.75103784337795,28.782576493733515,0.5396726131439209,0.5756039023399353,179
55370000,persistence,zero_shot,CAMELS-BR,0.8844887420630777,0.797326143803597,5.415741762050416,1.9750190662576796,2.1255581532151995,-0.001928154948500481,0.799159737610248,21.17004631087732,41.39989085140635,0.5401149988174438,0.5819821357727051,188
55380000,persistence,zero_shot,CAMELS-BR,0.988529687350545,0.9515472041571198,2.791285351276326,1.5406363910397156,-1.2057128103198156,-0.00015789651918475707,0.9517212301528248,9.77501512072589,12.419763613967834,0.48880356550216675,0.4749411940574646,151
55430000,persistence,zero_shot,CAMELS-BR,0.915143003729405,0.8749818636148354,2.908882201640754,1.1173935951070582,4.9655035286405536,0.001132957821431916,0.8790474845850065,11.145940575732258,11.796822524200735,0.4181736409664154,0.41630440950393677,188
55460000,persistence,zero_shot,CAMELS-BR,0.749670860689263,0.64618736136815,10.911066670859112,2.2545410548487017,-8.400559583443473,0.004314244174024411,0.6592323542913073,45.26758098167866,80.46720783808667,0.5267364382743835,0.4717201590538025,124
55465000,persistence,zero_shot,CAMELS-BR,0.8167376376710886,0.8560063011922048,3.9490746180490905,0.8064327483985856,-3.3276921913572957,0.0,0.8805130995613696,17.037376386070136,35.22002069166147,0.4985925257205963,0.4245457947254181,171
55470000,persistence,zero_shot,CAMELS-BR,0.9135121646671053,0.9454189530982269,7.809490904285057,4.014534286830736,1.1665362602367289,0.001746023082880582,0.9637215560407038,21.354234844117617,14.422205101855956,0.47731828689575195,0.4912848472595215,161
55490000,persistence,zero_shot,CAMELS-BR,0.8875292576162632,0.937168248335339,16.804725386156214,4.14311737960644,-1.4753217340011593,-0.001965776838397583,0.9571001318773271,73.02997877449272,82.53775546298948,0.5912723541259766,0.6347790360450745,178
55510950,persistence,zero_shot,CAMELS-BR,0.9212453122949997,0.9551775643289224,1.1708130165366357,0.4404786996991257,1.8397615575866406,0.0008418305591272914,0.9685608728090711,3.9825955773493735,7.60125673309913,0.6114069819450378,0.6234689950942993,183
55520000,persistence,zero_shot,CAMELS-BR,0.925990749132177,0.9614372488844264,3.3582825259074536,1.6141489186185471,0.9228259181091465,0.0009620817671084931,0.9882377963138009,7.943613165780762,7.211101069718905,0.30222243070602417,0.3020511269569397,188
55520001,persistence,zero_shot,CAMELS-BR,0.9405438695684384,0.9323010331458408,2.3169170727768873,0.8904662074361529,1.729908763314637,-0.0007302292183887539,0.9372839726021478,7.867881560988726,7.387465885050921,0.4253157079219818,0.4736308455467224,175
55550000,persistence,zero_shot,CAMELS-BR,0.9308417284058796,0.9617115725877244,7.8610178332247065,3.7367021606323565,-0.9659344322323017,0.0003463254370177776,0.9838708429221641,24.978670407195043,41.939300301990706,0.40275904536247253,0.3894461691379547,188
55559000,persistence,zero_shot,CAMELS-BR,0.9399545208981893,0.9351091508676749,2.5046471573500835,1.1607182633481632,-0.9348359529815692,0.0007290996754351423,0.9418599130252082,8.737324093602888,10.237317383127948,0.5968208312988281,0.5886669754981995,181
55560000,persistence,zero_shot,CAMELS-BR,0.9648587953160125,0.9816852343725042,10.001403025854076,3.111717647885623,0.0777166152790118,-7.037534490151806e-05,0.9933057432890664,39.633712127778644,30.83682707921283,0.6426888704299927,0.6434655785560608,146
55560500,persistence,zero_shot,CAMELS-BR,0.9351066841770409,0.9535307523651748,5.1119980045880515,1.8384590595960617,-1.1237632139744649,0.0012785647148884569,0.9670719905006103,20.30771153897174,18.626959417135733,0.6975225210189819,0.6796298027038574,188
55568000,persistence,zero_shot,CAMELS-BR,0.8682337965334801,0.9266304069811812,9.946809077488405,3.785152090420513,-1.8822403198401554,0.0016945986997827234,0.9584278944648302,35.326749406351105,43.4544039284637,0.667516827583313,0.7126317024230957,159
55590000,persistence,zero_shot,CAMELS-BR,0.8783394605128445,0.8929116206510003,1.4523113793874838,0.5120465147287346,0.39412490101533315,0.000582770302429831,0.9041908850622133,4.811663079127813,1.0977248505031587,0.5121322274208069,0.5476642847061157,172
55610000,persistence,zero_shot,CAMELS-BR,0.9183311012869351,0.8610261924584446,5.434123833678739,1.1208848243822223,5.016956126294584,-0.0004005071685698573,0.8622472397608891,22.552186624071012,3.409245490926325,0.5387083888053894,0.59446781873703,184
55611000,persistence,zero_shot,CAMELS-BR,0.8562766058188458,0.9218674207514759,3.3643695051531366,1.040081529179588,-1.6140259954104705,0.0025187741842762,0.9668167156253301,13.621149414295706,22.285855563066733,0.8457695841789246,0.7698222994804382,184
55630000,persistence,zero_shot,CAMELS-BR,0.9400168091710961,0.9691649244906718,15.700326690619185,6.379720058033173,-0.08651403393157278,0.003614590501974966,0.9904728899098838,52.998403464273466,18.190410442309346,0.585848331451416,0.6186176538467407,187
55631000,persistence,zero_shot,CAMELS-BR,0.9026333783263392,0.9452730049637386,10.770191567564858,5.242905902101638,-1.7751308957162524,-0.0010247774405772493,0.9756922085816552,33.20230350329231,37.480502075244914,0.6631029844284058,0.637847363948822,188
55660000,persistence,zero_shot,CAMELS-BR,-1.6825145774949677,-0.11249600829572892,27.69908629250972,3.331814917885227,30.358849670280442,-0.000617468867477277,-0.029463696691247376,15.401579495485985,17.655358357559482,0.6476926803588867,0.9720473289489746,162
55664000,persistence,zero_shot,CAMELS-BR,0.9188456025865328,0.9479000835758916,2.2082513422945627,0.8193784856027172,-0.7686089393547736,-0.0006977619047490377,0.9673645717042745,8.71759855905241,15.53393747840397,0.5569466352462769,0.5474421977996826,186
55699998,persistence,zero_shot,CAMELS-BR,0.9470243613127576,0.9549294238145473,23.054373303191113,8.50604499163835,-3.0793855703916493,0.0014500796556084772,0.9628240784996304,81.85737546479862,71.10288111886331,0.5883325338363647,0.6470089554786682,184
55700000,persistence,zero_shot,CAMELS-BR,0.9561501095562165,0.9747924375471329,22.265150179897205,10.229787096064141,-0.45308039098360214,0.0004456408299907712,0.9840306140047484,66.08025423679906,86.95401083331349,0.29276376962661743,0.33236226439476013,188
55720000,persistence,zero_shot,CAMELS-BR,0.9494857220505385,0.9742885568459981,13.851422210088662,6.819650101789179,-0.4822036181460429,0.0011082581391069213,0.9943095305652682,23.80915596356897,14.902318430066003,0.6602605581283569,0.6555536985397339,187
55740000,persistence,zero_shot,CAMELS-BR,0.93036668141241,0.9582809481701356,29.655267024109925,16.445614606974512,-1.0740424515697375,0.0017409589899639796,0.9769328484126786,85.95018927424077,128.47699056159277,0.3846591114997864,0.40018218755722046,179
55744000,persistence,zero_shot,CAMELS-BR,0.9547676557698379,0.9116024016766349,1.2932493510457919,0.5330908811855607,-0.7362011685942135,-0.0008827781834940835,0.9136174670965282,4.659102003632766,9.120337583966291,0.38331979513168335,0.365090936422348,164
55746000,persistence,zero_shot,CAMELS-BR,0.970551021401651,0.9365559319244177,0.7740650014780399,0.19926292872255186,-5.044564190782531,-1.6154246904605263e-05,0.9375307567612243,3.200693569808769,0.0,0.5210195183753967,0.5386247038841248,89
55747000,persistence,zero_shot,CAMELS-BR,0.9922207280838569,0.99208226580566,0.4009798248418068,0.15669234616866828,-0.43404052534302295,0.010970202213777147,0.9930398432788959,0.6473315524650279,1.0734397957048787,0.2802484631538391,0.2863340973854065,170
55779000,persistence,zero_shot,CAMELS-BR,0.617454413237132,0.7377468951241744,3.95884258760855,0.8268968504140658,-9.203979070876768,0.0014182582648986641,0.8400513776129099,17.03861146618974,25.753310316823654,0.9973561763763428,1.0151461362838745,188
55780000,persistence,zero_shot,CAMELS-BR,0.7645945295846485,0.8802157887118589,4.784313191888132,1.2409135322821767,2.6509903323525608,0.0,0.9605935860052087,8.816782685245636,7.02923531246681,0.7389674782752991,0.6271629929542542,133
55780002,persistence,zero_shot,CAMELS-BR,0.9788096594355421,0.9179971020492258,1.4490352902418537,0.4926702063134376,1.8480786125180175,-0.0037487765713310143,0.9181451458725175,5.474211148082334,10.974740959013207,0.5899609923362732,0.6209836006164551,188
55790000,persistence,zero_shot,CAMELS-BR,0.36895419887247227,0.37974203416707086,8.474705070352817,1.4021159910406185,-12.717052018901596,0.001668790699154904,0.47547011772759606,36.59331544294519,78.77676416250206,1.1340364217758179,0.9087772965431213,188
55795000,persistence,zero_shot,CAMELS-BR,0.9276070138712272,0.9567682648831037,0.7072461148808493,0.31028242580818405,1.0854615374662115,0.0016453287697849178,0.9724615657586859,2.193927701293522,3.826250002305765,0.24115437269210815,0.2579326033592224,165
55800005,persistence,zero_shot,CAMELS-BR,0.949845727659668,0.9149934064573304,6.358232359661035,2.206663297068688,2.818276530793565,0.0,0.9174272232874726,22.732740831744653,18.141948690168185,0.5315150618553162,0.557864785194397,186
55810000,persistence,zero_shot,CAMELS-BR,0.9803510967082048,0.9535505291777011,4.133606290376223,1.8914989960658086,0.4628374277968465,-0.004120813859430108,0.9541002187848746,12.655310139139036,17.564010620117188,0.46743273735046387,0.46398621797561646,77
55850000,persistence,zero_shot,CAMELS-BR,0.7715981567233946,0.8829094455087841,27.99079550594609,7.425332836641205,2.4691214119303946,0.00027083784090428317,0.9681253809422206,118.41671389479197,199.93428898693807,0.6441073417663574,0.6237292885780334,180
55884990,persistence,zero_shot,CAMELS-BR,0.8779146627871645,0.9116065875983583,7.999613693184293,2.38254153086467,6.33460730954095,-0.003442276548251612,0.9292116655856812,31.558895254924536,41.06007851758098,0.5607749819755554,0.48981866240501404,188
55884998,persistence,zero_shot,CAMELS-BR,0.5927930711191974,0.6191090717027652,14.520099274672024,2.9757185755892004,-4.639158353707977,0.0011576193931692527,0.6807225336289593,62.23344138423234,127.82597229590735,0.6675586104393005,0.5454145073890686,188
55885000,persistence,zero_shot,CAMELS-BR,0.7270050244228417,0.815800721159779,5.198667381800219,1.6341214716434478,-1.7239568117737907,0.0,0.8841371952763128,20.838563513857462,32.99007479906348,0.7704118490219116,0.6824837923049927,140
55885100,persistence,zero_shot,CAMELS-BR,0.93758765395316,0.9590967524222873,5.623033431010836,2.438741220206749,2.4407888343947297,-0.0002491620745171119,0.9676952894928178,20.845118612804264,18.354995727539062,0.3279150128364563,0.37571629881858826,82
55895000,persistence,zero_shot,CAMELS-BR,0.8476634914093373,0.8303454328943091,11.436559782686107,4.008591010215435,-0.7262562893409202,2.5370510547125663e-05,0.8439515608984987,42.515051535306156,74.79779251993875,0.5943190455436707,0.5892197489738464,188
55900000,persistence,zero_shot,CAMELS-BR,0.653021337184509,0.8286048991071655,0.8320694874231115,0.29347543324743,-1.5204996852799975,-0.0016002920713649484,0.9385069643210521,3.1135690774944758,4.890329847400034,0.4433513581752777,0.37020260095596313,175
55920000,persistence,zero_shot,CAMELS-BR,0.7887077146826975,0.8894430514558747,21.531372231305667,6.740556809035215,-0.4951599208885879,-0.017091193311235632,0.9466836462127481,87.03710565322844,7.9499969482421875,0.6015307307243347,0.624914824962616,77
55960000,persistence,zero_shot,CAMELS-BR,0.9764958513800618,0.9794805986542089,16.408268085157452,7.438884981580682,1.5619776096886475,0.0020599704618966125,0.9824795101343974,36.938114937025695,49.29457265832282,0.5698769092559814,0.5429359078407288,148
55970000,persistence,zero_shot,CAMELS-BR,0.971351248104234,0.9841671017964754,2.9526499933408568,1.6634575001736904,0.6814378218043214,0.0008585002193519826,0.9930476817844155,8.002216548762133,0.894425485017063,0.28948789834976196,0.3003648817539215,188
55990200,persistence,zero_shot,CAMELS-BR,0.8562447691763336,0.9247191133879411,0.9426941795423188,0.23612977884848543,-2.3040373657861393,,0.9715985515318263,3.8174073529615242,1.4688538976420742,0.8868007659912109,0.9027689695358276,188
56005000,persistence,zero_shot,CAMELS-BR,0.9417762590333032,0.8642556496311069,0.09918727312143845,0.05720755570339707,1.3959899904010407,0.0,0.8651961878904663,0.30052735300557953,0.44570174499351944,0.14921678602695465,0.1735905408859253,106
56010000,persistence,zero_shot,CAMELS-BR,0.8311722542339561,0.8629745189389102,4.919145595670794,2.475074671987277,-5.1163012896391535,-0.0011945101108197,0.8936368069181087,15.678648441025127,15.60000228881836,0.3846134841442108,0.4162493646144867,67
56012000,persistence,zero_shot,CAMELS-BR,0.8607924489690608,0.9277626054513337,0.5453363749603776,0.24662964285155872,0.6901109570379318,0.0,0.9835849847444785,1.0611739516941154,0.2757715502538129,0.297752320766449,0.2923917770385742,162
56028000,persistence,zero_shot,CAMELS-BR,0.8670096683561359,0.9272170233522274,9.216225637395135,3.756435564369153,-2.2957834769300063,-0.0002805659927186885,0.9648166765940911,33.074833219123306,34.96412763907657,0.5217737555503845,0.5082167387008667,157
56040000,persistence,zero_shot,CAMELS-BR,0.7434484866736413,0.8726864101760883,0.31830064058825297,0.17468707263469696,-0.9590983841583365,0.0,0.9792216743884791,0.5364388839603349,0.4684014671061697,0.2997332215309143,0.2898262143135071,147
56050000,persistence,zero_shot,CAMELS-BR,0.6819895633156718,0.8019057762139645,2.0472015561819075,0.8534042442098577,-0.027272248072524524,-0.0017770099783561595,0.8845837349984176,6.966703906221074,13.018833319461047,0.2611154019832611,0.2529626786708832,188
56055000,persistence,zero_shot,CAMELS-BR,0.8301959078742804,0.9132773082755102,11.182135373714353,4.237201480155296,0.23951217782075887,0.0,0.9789138937023321,37.31857177469366,27.17223429106858,0.476508229970932,0.5031483769416809,188
56065000,persistence,zero_shot,CAMELS-BR,0.788257568702883,0.8454142966338559,1.9615673285637611,0.5591794035013984,-1.8816488884978604,0.0018152405350113573,0.8921976655127053,8.043799903461409,13.923992348462598,0.3249455392360687,0.3031296133995056,170
56075000,persistence,zero_shot,CAMELS-BR,0.9188754700122431,0.9512132970931747,18.110287473638223,7.740396758343311,-0.4865654618658047,-0.0007115569116529011,0.9699688577484282,62.839605184974516,29.450942599210624,0.415316104888916,0.3820549249649048,188
56085000,persistence,zero_shot,CAMELS-BR,0.8808915337738923,0.9290235974933736,1.688342957711748,0.6596150847786632,2.353434733010401,0.002213622542041927,0.9608021721589158,5.07515110888121,7.653511633002136,0.43110817670822144,0.43716520071029663,179
56090000,persistence,zero_shot,CAMELS-BR,0.6799996362540726,0.7789063355706028,1.9527668414790074,0.6303005715799049,-4.73031407808656,-0.0017468297845024995,0.8601552340068306,7.991485456271861,12.3177988220938,0.30197763442993164,0.26005807518959045,169
56092000,persistence,zero_shot,CAMELS-BR,0.2471641978008564,0.5943454447224756,14.480250199775996,4.147528786608514,3.405285207818115,-0.003214887185513729,0.6514193273551749,59.513473581463074,115.02811307879301,0.49304184317588806,0.5511926412582397,188
56093000,persistence,zero_shot,CAMELS-BR,0.24404747325677179,0.43426009698707024,38.5492709756882,10.384788056637378,7.655247944089871,-0.0024584317515707055,0.443893705988193,158.00249695607133,337.50299216165206,0.405672162771225,0.5004337430000305,188
56094000,persistence,zero_shot,CAMELS-BR,0.24199555924784366,0.43396355181285595,42.400007327672306,11.409489768616696,7.620918169124363,-0.002706534709213858,0.44368458066746697,173.7521025975847,371.07982875363973,0.40619388222694397,0.5005394220352173,188
56097000,persistence,zero_shot,CAMELS-BR,0.24054620235039748,0.43373277326380977,51.969037171942134,13.960522783563492,7.616254612075699,-0.0024566646964583085,0.44340557421508664,213.14262200074558,455.446453291211,0.4057295620441437,0.49980902671813965,188
56105000,persistence,zero_shot,CAMELS-BR,-0.26930632330820026,0.2981979720379858,1.5618189557503306,0.387619049978905,7.095744926266578,-0.006704460889732845,0.33990169335732145,6.493076685050351,9.502894558883282,0.5406861901283264,0.7159978151321411,147
56110000,persistence,zero_shot,CAMELS-BR,0.8679657418047639,0.9288301317809677,25.062537446794014,13.413670032582385,0.04874972820500939,0.001236882550121901,0.9672879221004353,71.09948382484069,38.28687905839628,0.3361265957355499,0.3590347468852997,188
56110005,persistence,zero_shot,CAMELS-BR,0.8704700813668419,0.926593408775336,30.582018082320932,13.904353473497475,-1.4947609084769928,0.00038644713076518497,0.958530621966072,102.90579834819744,94.71722566822643,0.4106236398220062,0.43684908747673035,184
56130000,persistence,zero_shot,CAMELS-BR,-0.12490303065121555,0.4982992982079294,4.7781000200811174,1.536292555008797,9.05736321953017,0.00016770422404280283,0.7133941840346494,18.384528808945063,17.113108157101028,0.84381103515625,0.9291354417800903,188
56145000,persistence,zero_shot,CAMELS-BR,0.5137978892358432,0.6709275407173636,3.452281338168498,0.8936117063177392,11.93882327930249,0.008388668373963726,0.7144190181945498,14.117194987665037,21.06012618903119,0.558319628238678,0.6886810064315796,188
56148000,persistence,zero_shot,CAMELS-BR,0.4990053970063766,0.6509060496818401,11.2682734419668,3.1456110874811807,-0.2810218483611384,0.0023699848231362435,0.7995923284866389,44.196513034018324,89.08369311644437,0.7162027955055237,0.6651566624641418,180
56150000,persistence,zero_shot,CAMELS-BR,0.589022079427713,0.7934378766956932,0.4033712710999014,0.174458333778949,2.6786533802255463,0.0,0.904647054558267,1.0289120365475466,1.6958331288080633,0.21910904347896576,0.25939589738845825,168
56152000,persistence,zero_shot,CAMELS-BR,-8.3723836447536,-1.3915449693174695,0.7613292622539635,0.1302178780126838,17.11108676639227,0.0,-1.3186820674012707,3.243109693049662,1.6453585959263555,0.3241603970527649,0.650905430316925,179
56155000,persistence,zero_shot,CAMELS-BR,-6.839304783224086,-1.082641173092877,4.802989966861956,0.7889771340574537,48.14432929817193,0.006628769742296783,-0.9533360415142971,7.31851609432507,15.38716967055376,0.6468029022216797,0.9985922574996948,175
56158000,persistence,zero_shot,CAMELS-BR,-0.12021073611041388,0.3611882867545485,0.9997421960922653,0.271045749093972,-6.506434029950221,0.0,0.8667866449647409,3.60692709119917,6.302226362279739,0.5486948490142822,0.44045642018318176,153
56160000,persistence,zero_shot,CAMELS-BR,0.6069531406656239,0.765052116857386,1.5429304803797406,0.4925212755482248,-3.4771192359884497,0.0,0.8979104733161658,5.129928252691713,8.163642181232971,0.5398591756820679,0.5179975628852844,188
56170000,persistence,zero_shot,CAMELS-BR,-0.042951189287706804,0.5058811302826328,4.5537252673850475,1.1801063779820786,1.8663417276483456,0.0,0.9346869499552328,14.794569214623916,28.84751700833964,0.4914313852787018,0.46800094842910767,188
56182000,persistence,zero_shot,CAMELS-BR,-13.990857664257199,-2.0543397139566744,2.422148251783875,0.36981521627825237,29.35730903964482,0.005584961811427482,-1.9588104770853603,0.868875980254366,0.8993515603283009,0.29030752182006836,0.6272574663162231,184
56185000,persistence,zero_shot,CAMELS-BR,0.8731481667972891,0.8898494094520517,0.1494067207365941,0.0486046800836485,-0.6196452927566165,0.0,0.9077338483745797,0.46057411987557756,0.8726110351651627,0.19210568070411682,0.18582072854042053,171
56195000,persistence,zero_shot,CAMELS-BR,0.0637129937156734,0.5367444352107569,8.935696706726228,3.0096571377345493,8.095973533545399,-0.002741501909852336,0.6499278929193658,20.95156882477898,27.859737486906806,0.41988250613212585,0.5602537989616394,175
56240000,persistence,zero_shot,CAMELS-BR,0.7693345850168457,0.6813236829929021,13.180953449390193,4.789962650000394,-2.358875047937511,-0.0011133716648694877,0.6939600618657005,50.25122053663488,103.24484332257992,0.4673464894294739,0.43025532364845276,182
56335000,persistence,zero_shot,CAMELS-BR,-0.06047347324809227,0.5171879832610589,15.78455332974343,5.201063790219895,3.1396046419706756,0.0013099621172996921,0.878482075777435,59.41864940284504,95.92999968176528,0.2736169397830963,0.32458075881004333,188
56335001,persistence,zero_shot,CAMELS-BR,0.6187746376720533,0.5221410677797909,34.6403431380703,10.272129724125662,-11.92507906311489,-0.0007425964506908855,0.547243639476214,140.4818588318796,260.9211111172736,0.6245460510253906,0.47435784339904785,167
56336001,persistence,zero_shot,CAMELS-BR,0.6652157043132277,0.8155039788433156,2.492915644998457,1.1098113284920745,0.7682423277164726,-0.0027471010843295417,0.8841292212076175,8.346617390669492,10.57700605160127,0.3247290849685669,0.3404119610786438,106
56337000,persistence,zero_shot,CAMELS-BR,0.8752256436860432,0.8865970610560165,4.192040024641203,1.635573209960604,2.8665714643641764,-0.0013095280353345139,0.9035331524164915,13.737318346034911,23.893759597845087,0.3832877278327942,0.40418386459350586,183
56340000,persistence,zero_shot,CAMELS-BR,0.19573255575171433,0.3382243130026821,4.927820358027833,1.2093085183742198,-7.697449610138205,0.0,0.5837760561660654,19.509021942207216,43.063446824535,0.4795014560222626,0.34980475902557373,188
56385000,persistence,zero_shot,CAMELS-BR,0.7672564203111543,0.7994090002505083,3.77090303059751,1.5351054519414902,4.60559551636772,0.0013687225291518258,0.8182071232498007,12.44345591334057,16.120495628524775,0.3632141351699829,0.41863900423049927,184
56400000,persistence,zero_shot,CAMELS-BR,0.8625948428532786,0.9290219051347063,6.7256213631224036,3.0939467726869787,-0.4685697343099962,8.3138529031683e-05,0.975599997930998,17.111792121462937,7.799105442884798,0.4306100606918335,0.4340839982032776,188
56415000,persistence,zero_shot,CAMELS-BR,0.8384341541338269,0.8109458890173549,7.463520523490259,2.9593765266013867,3.4664465320350994,0.0026526331879402325,0.8187671938544517,27.132432342626156,38.213850945390405,0.2915371358394623,0.3186643719673157,132
56425000,persistence,zero_shot,CAMELS-BR,0.7933116031621307,0.787357358998816,73.68298290723367,21.742365256599758,-0.6009060727246283,0.000585514690439607,0.7971276377129975,300.2369575328719,633.2414067529656,0.3615289032459259,0.32821691036224365,184
56430000,persistence,zero_shot,CAMELS-BR,0.9154048564631825,0.9565861098822479,26.88204534832814,13.57340439329756,0.17457684012465702,-0.0006082276384540685,0.9863769708628705,85.19565716631335,89.12070466507768,0.2693552076816559,0.2621959447860718,188
56450180,persistence,zero_shot,CAMELS-BR,0.7441568157246351,0.6865356941050473,8.233453664723463,3.3653742014932977,3.326989347013679,-0.003205385713779353,0.69128474030881,29.568731133822503,44.297529370815745,0.365066260099411,0.4482259750366211,139
56458080,persistence,zero_shot,CAMELS-BR,0.831754489865816,0.887778713703487,2.3879936155038073,1.1111393191597678,-5.448783028988165,-0.01140697232124794,0.9255936693077466,7.529094195362894,2.2264976501464844,0.39858296513557434,0.30700111389160156,66
56460000,persistence,zero_shot,CAMELS-BR,0.851980583604731,0.9232127375694975,1.9282641735694066,0.8289824581526696,1.6214062696033074,0.0016355290559707455,0.9807907618904164,6.955957767000369,9.187562934823404,0.4498535692691803,0.45518919825553894,188
56470000,persistence,zero_shot,CAMELS-BR,0.7941167468361032,0.8706870223855094,1.1872211371344676,0.4226329824391832,-1.2019003294350235,-0.0006372611320583088,0.9280969343071985,3.936305459636002,7.614292566923622,0.36392074823379517,0.3243369162082672,188
56484998,persistence,zero_shot,CAMELS-BR,0.9392436350182523,0.9648832578112424,3.926639680415445,1.798330507013533,0.5071181681039371,-0.0009823346502685314,0.9796427085921147,13.107408445174123,17.860327517112495,0.33984315395355225,0.3192928433418274,180
56485000,persistence,zero_shot,CAMELS-BR,0.7699938520514218,0.825986301703774,6.352768332009438,2.2050532609858413,-3.4956288314479877,0.0006889884095000534,0.8749228064196514,25.381480363200925,53.05062616044529,0.4330868124961853,0.40499943494796753,188
56500000,persistence,zero_shot,CAMELS-BR,-0.7559833240510765,0.19356084931137807,5.896939053164836,1.4205409659350172,11.338119175767577,0.0,0.27395334800139115,24.938397779660686,22.521626538272162,0.4200454354286194,0.5662062764167786,188
56510000,persistence,zero_shot,CAMELS-BR,0.5500160962800154,0.7773162007589441,16.031601322980638,4.993177183130954,-3.0138790413099517,-0.0014960841907278692,0.9442809308738187,62.89840869334067,48.39255020509842,0.4831652343273163,0.4735085964202881,188
56520000,persistence,zero_shot,CAMELS-BR,0.2873311178271618,0.3221103679507652,2.4767035737915926,0.7095087662077787,-5.376845267889179,0.0003643691356478981,0.48630355026163263,10.32153487470568,17.152456540318187,0.23297543823719025,0.16982761025428772,114
56539000,persistence,zero_shot,CAMELS-BR,0.8901583926426443,0.9441329983458515,60.43219527708134,20.103553432888454,1.0950018717976764,-0.0007349555632494009,0.9878760119062329,249.41222086264042,473.6589955361522,0.2775031328201294,0.2774525284767151,180
56540001,persistence,zero_shot,CAMELS-BR,0.9584324688026747,0.9226906083485316,12.164002752505565,7.407407407407407,-1.0459299681673488,-3.8299402429888343e-05,0.9246480391480407,34.82336380458767,39.0,0.1902000904083252,0.15452665090560913,54
56565000,persistence,zero_shot,CAMELS-BR,0.889843528269174,0.910091681755039,1.1511470906130177,0.47833334029405966,-2.5388349157902392,0.0010806128257629197,0.929152875278485,4.11763155202556,4.328972243690926,0.28620898723602295,0.22964142262935638,174
56570000,persistence,zero_shot,CAMELS-BR,0.1894690728377204,0.4270247682701488,4.864008588542738,1.2154472502795133,13.392252304123339,-0.000646101812992985,0.4496815827740104,18.765937598410122,0.5183247180224765,0.3780069351196289,0.5193285942077637,110
56590000,persistence,zero_shot,CAMELS-BR,-0.5919008648579998,0.349082774400141,1.6389775891080005,0.5254414862299219,7.101623230333483,0.0018864594767927928,0.594160717334028,3.447022315549035,5.578503207091739,0.7171943783760071,0.8134855628013611,188
56599000,persistence,zero_shot,CAMELS-BR,0.7563021487586928,0.7686282950763725,5.147572815025557,1.0207346234566126,10.227252956408389,0.0014076314796253112,0.7844692181574435,21.416047627846126,7.554393356479475,0.5300719738006592,0.45314207673072815,156
56610000,persistence,zero_shot,CAMELS-BR,0.6370377295783236,0.7151332666634254,13.459130519807859,4.975184077744956,5.417591673959373,0.0008602182632600694,0.7398829385729909,43.53583553114713,63.479647211804924,0.4169188439846039,0.5042664408683777,182
56610100,persistence,zero_shot,CAMELS-BR,0.8003720124312272,0.7481321177301328,13.475047397515477,4.672333652558534,6.217137575470293,4.356016642943772e-05,0.7543505221484639,48.01214631596347,79.13080719730185,0.38701358437538147,0.4435165226459503,184
56620100,persistence,zero_shot,CAMELS-BR,0.9455315554239049,0.8428180554042498,36.92786401838825,8.880120028415694,6.77523230180757,0.0010231041499050991,0.8430653884640638,148.64816241560777,282.0996334323555,0.5268057584762573,0.5722533464431763,160
56631000,persistence,zero_shot,CAMELS-BR,0.4775073895866472,0.7323060075495214,3.6700302550061448,1.2590761145819789,4.241591579149851,-0.0014921414886235728,0.841008658140586,10.307763701365792,13.465883195782679,0.41400253772735596,0.49332818388938904,184
56631500,persistence,zero_shot,CAMELS-BR,0.3629707445660937,0.5829414764382195,8.989194814814702,2.7861702163168727,-2.225121236811934,0.0010091451995949113,0.8066146191261581,33.25873239386926,64.54889803654233,0.3847549259662628,0.4155940115451813,188
56631900,persistence,zero_shot,CAMELS-BR,-0.6778577371032068,0.25130435787543826,6.845203594608509,1.5366414899521685,12.33495189402037,-0.0014335726019876344,0.3613518253261795,27.497533989174293,19.024802131972358,0.4555342197418213,0.5476921200752258,188
56632000,persistence,zero_shot,CAMELS-BR,0.2884787430427709,0.6078532821478435,3.7488017473675512,1.3073803238332906,-19.095398348137095,0.0,0.7942491311847082,12.92171125070097,17.977312860656205,1.2255815267562866,1.2581614255905151,188
56633000,persistence,zero_shot,CAMELS-BR,-0.05036667982239518,0.5019071282862226,14.05377952563457,4.23321269674504,-0.010944941748569165,0.0012010687696347097,0.9287913347698193,50.5382365879613,82.64061552115719,0.8179950714111328,0.9594696760177612,188
56635000,persistence,zero_shot,CAMELS-BR,0.5783002638798099,0.7719123810145223,3.375007137523648,1.0438235375811071,0.06725821689323007,-0.0029646146343816748,0.9447446809285804,11.288049860957276,18.491821096649108,0.5212200284004211,0.5270029306411743,136
56640000,persistence,zero_shot,CAMELS-BR,0.2118797957012135,0.5139140589256965,11.405544711011581,3.3400208420931974,3.67826154691149,0.0028019059131074928,0.5454471526193418,45.20302577293878,94.34970798124546,0.6381719708442688,0.6405494213104248,187
56650500,persistence,zero_shot,CAMELS-BR,-0.34343425731734145,0.30730413301532433,19.26216584845117,4.424033331447805,5.723930180838638,-0.0012619501418732314,0.3588161731867149,81.74261942034445,70.82769517076916,0.6072186827659607,0.7096643447875977,169
56651000,persistence,zero_shot,CAMELS-BR,0.779424990515602,0.7231886282025207,11.375567519844788,3.491035550018477,-7.0373592333654855,2.550374571725668e-05,0.7434690682529175,42.6998983367145,79.96703736465322,0.5972753167152405,0.5145399570465088,183
56652000,persistence,zero_shot,CAMELS-BR,0.8962442168896344,0.7652609014022447,7.71750720695648,2.7961499867615878,-2.3753757514283644,0.003464080558476402,0.766224529502797,30.644948546287704,48.47699737548828,0.4187953770160675,0.34664106369018555,54
56659998,persistence,zero_shot,CAMELS-BR,0.7776975320807376,0.885928957432027,23.50356796889041,7.931676000356674,0.9281573211313285,-0.0004753337406332922,0.9564132487768501,67.52446358609537,67.04008008480922,0.4322435259819031,0.41830360889434814,176
56659999,persistence,zero_shot,CAMELS-BR,0.7917201798613264,0.8367592099986086,51.71061633323345,18.578588379130643,-3.3605794949957457,-0.0023772640567222836,0.8792087433017433,205.25918574654176,222.88225591105274,0.5294639468193054,0.5011809468269348,170
56660000,persistence,zero_shot,CAMELS-BR,0.7988450577464332,0.8836205112567331,17.538259170050406,8.02234055133576,2.8251062441418733,-0.0010338938480471682,0.9271413205483079,56.641681296723796,43.01743832447488,0.38004249334335327,0.38815170526504517,188
56661000,persistence,zero_shot,CAMELS-BR,0.8869706272109573,0.7122684935450241,48.44245770618855,14.954193556308747,-10.414342514742064,0.0001497115689845785,0.7132564047825396,206.73175146264708,328.5770263671875,0.8178586363792419,0.624965488910675,80
56665000,persistence,zero_shot,CAMELS-BR,0.898091375017664,0.9467067597303964,0.34825858378787633,0.16890756823435552,0.04956624764098448,0.0,0.9804478254142762,0.4942250321783305,0.9427973527948696,0.16533900797367096,0.16164763271808624,119
56667000,persistence,zero_shot,CAMELS-BR,0.569511133608072,0.7865170880265118,2.2423383025962074,1.050434782885123,0.6061168356708697,0.0,0.9096979039334852,4.19792563187449,5.100000381469727,0.227853462100029,0.2167021930217743,69
56670000,persistence,zero_shot,CAMELS-BR,0.8613211354229594,0.9167957684744913,4.627219355860967,1.7826541712943544,4.374061826873218,0.0015430547666282404,0.9494014192061481,10.995624584317378,17.08306388952716,0.418562114238739,0.4359138309955597,188
56681000,persistence,zero_shot,CAMELS-BR,0.7704786513746544,0.8492684730290705,64.96888494818558,23.568617120702218,-1.0338934022999358,-0.0005043438196406479,0.9091155800558977,225.956190444077,402.62699859795794,0.4231641888618469,0.40058648586273193,188
56685000,persistence,zero_shot,CAMELS-BR,0.7032305315192697,0.7900616615527347,0.5270850952111026,0.22640000979105632,-1.2823451691956873,-0.0014342844766147668,0.8629454682381494,1.6892972641932913,3.0,0.13869169354438782,0.14397276937961578,75
56688080,persistence,zero_shot,CAMELS-BR,0.7577438441318616,0.8067463108584682,35.44263231847509,13.32409569557677,0.8904864803153918,-0.002834122970024968,0.8270120435778032,140.8788825318719,155.43809056984713,0.42835482954978943,0.5132655501365662,188
56690000,persistence,zero_shot,CAMELS-BR,0.8091824439866984,0.8352082045663818,31.607035301559165,11.499999908690757,-4.146049848822432,0.0010132593921351376,0.8672771913244599,115.42140182825713,203.92277950243812,0.2797997295856476,0.29261162877082825,188
56695000,persistence,zero_shot,CAMELS-BR,0.7762003988250534,0.8254616982145419,45.12734395870493,18.950964109432064,2.0531584934450455,-0.0010065094329661586,0.8485142164174703,149.95103746301956,232.347005323816,0.31944042444229126,0.3639862537384033,169
56696000,persistence,zero_shot,CAMELS-BR,0.7757660822900915,0.6477625348120106,44.05700699971747,15.3845017377068,7.169916962495549,0.0027399001651303503,0.6496069892646799,173.1565704860019,325.6574804169647,0.405756413936615,0.479239284992218,187
56700000,persistence,zero_shot,CAMELS-BR,0.7040460914687652,0.6827399476239481,35.45233130485551,13.174482858592066,-5.370422992636781,-0.00027423743999749513,0.7173084645266116,138.317569382924,258.7595408869014,0.3015095591545105,0.2403651773929596,145
56719998,persistence,zero_shot,CAMELS-BR,0.8518932977792518,0.9109714802932634,105.23237651764036,32.32636058076899,0.7465452523916484,-0.0012810110365300935,0.953901608302812,430.5480716613606,855.2344728307809,0.2965860068798065,0.27955567836761475,188
56720000,persistence,zero_shot,CAMELS-BR,0.7800676409189682,0.8316329586760169,152.86016068094477,55.441489361702125,1.297593595050721,0.00023410329221104642,0.8532383019073255,605.2494527052462,701.6712193043121,0.26643314957618713,0.2969811260700226,188
56750000,persistence,zero_shot,CAMELS-BR,0.6537503107886493,0.787594877094005,4.439027617616224,1.2042234095625897,-2.0427574192883173,-0.0003675928301973691,0.8892476038122008,13.539589066153345,17.766208041800454,0.7728509902954102,0.8626428842544556,188
56765000,persistence,zero_shot,CAMELS-BR,0.7708661730835132,0.6900006025080572,10.797661225855611,2.4845096256504666,-3.893811724940877,-0.004440738503149709,0.700368262621829,44.20792007934425,88.26546341933953,0.8568827509880066,0.8805789947509766,188
56775000,persistence,zero_shot,CAMELS-BR,0.6431285512027336,0.5566401962741513,12.381177220353834,3.7916981073526235,-10.733284991308496,9.342007511198812e-05,0.5778455011040236,48.254460371676736,74.32950210571289,0.35272204875946045,0.27748334407806396,52
56780000,persistence,zero_shot,CAMELS-BR,0.9944360537676292,0.9908643481176385,0.5675529847197271,0.3069091016596014,0.42745185554350973,-0.001268094260715764,0.9911621263832243,0.6480735989448669,0.9899478752221837,0.08800661563873291,0.09178353101015091,110
56780001,persistence,zero_shot,CAMELS-BR,0.31652657464974066,0.3104235060547861,18.158242980197244,5.863111061520047,-17.08972587327344,0.0010458772860191187,0.4436548816348921,67.95922726690111,106.79999923706055,0.5709503889083862,0.4230762720108032,45
56780005,persistence,zero_shot,CAMELS-BR,0.5496564481692265,0.7353814936039815,11.889445395965657,3.6841176047044644,5.276507948156995,0.0017524522490589799,0.7919427473686385,46.30407602677816,4.0,0.6036251783370972,0.6105886697769165,68
56787000,persistence,zero_shot,CAMELS-BR,0.3378399519552453,0.6868798120828916,10.473886397764415,3.2592327907437184,-0.330252987494003,-0.0010515901632241163,0.904337610401252,31.32446358753865,40.16313255595006,0.5693336129188538,0.5889310836791992,183
56800000,persistence,zero_shot,CAMELS-BR,0.5516624372712353,0.6843174097177772,12.778564054652469,3.2444908121653966,-0.1768633242301021,0.0012771517337177504,0.7109072033292282,53.90576215413607,99.93637158941941,0.5454044342041016,0.6257364153862,175
56815000,persistence,zero_shot,CAMELS-BR,0.8149150819392734,0.8558751118553347,9.817863559349174,4.023417798778679,-0.5777042267740071,-0.0026783086972063004,0.8929013886119884,34.45968668803567,53.52102390649865,0.2756023406982422,0.24674269556999207,158
56820080,persistence,zero_shot,CAMELS-BR,0.7868562698295539,0.7495895236885541,62.391352374057654,22.47872340425532,5.076894571057995,0.0012865853897268548,0.7556550690320989,254.47219887445465,254.85387970364508,0.4820270538330078,0.5384852886199951,188
56825000,persistence,zero_shot,CAMELS-BR,0.8094383682493569,0.8336201487922565,53.85053700109262,19.71537032853002,-2.3525512094316077,0.0003755613880940603,0.8644887222250514,208.63005907955625,362.8128706189795,0.4139809310436249,0.3718157410621643,184
56830800,persistence,zero_shot,CAMELS-BR,0.8166979790883474,0.8341040241655678,113.83823122424148,34.60401969260358,-3.899745073661009,-0.0025200131752698522,0.8628507157667594,456.190614330627,967.3157393433138,0.43975383043289185,0.43203043937683105,188
56831000,persistence,zero_shot,CAMELS-BR,0.8532969776578081,0.8329871222149478,113.97328008733629,45.0832154058641,-5.335407938182523,0.001284578288920299,0.8487844177285048,432.757365840329,521.3668146266563,0.41306737065315247,0.36822283267974854,186
56845000,persistence,zero_shot,CAMELS-BR,0.941680297210051,0.9695971818325941,1.210803949521664,0.5213090393771517,0.27611221659468344,6.519051807755277e-05,0.9878078737888892,3.7428783789701643,6.660148942558308,0.5905424952507019,0.5624768733978271,188
56846000,persistence,zero_shot,CAMELS-BR,0.6597948863960911,0.721178647357079,32.94772875543821,10.184125830297885,-3.810841608688827,-0.002653496352841688,0.7916224755651599,134.80424293598142,245.43784299773785,0.652983546257019,0.5344035029411316,184
56846020,persistence,zero_shot,CAMELS-BR,0.88682090296513,0.9109573098535693,3.4301755732728942,1.7416925583293732,-1.9473423065000905,-0.00031286835876814627,0.9316085229218628,11.653515140199566,19.58410733557905,0.2706085443496704,0.2512746751308441,187
56846200,persistence,zero_shot,CAMELS-BR,0.8595426891488601,0.9224094405154266,120.23449144820671,54.51777312334846,-2.420413395690473,0.0017480617354414633,0.9663897351896494,426.135533100607,713.098057771731,0.4613550007343292,0.4666362702846527,187
56846890,persistence,zero_shot,CAMELS-BR,0.9585128982884799,0.9587121338200623,3.218436475755984,1.4936208885107467,2.8014485554165263,-0.0015164181422912468,0.9633595659689672,11.792896315604404,13.438771119826844,0.4164194166660309,0.43352919816970825,134
56847000,persistence,zero_shot,CAMELS-BR,0.8673422386896363,0.9103510768031063,3.147934942589061,1.6498360555680072,0.8106598205419534,0.0020871796175965726,0.9417276626863589,9.691822342051333,3.259602138837972,0.2690466642379761,0.23829032480716705,122
56850000,persistence,zero_shot,CAMELS-BR,0.9002455201955324,0.9083643684945684,142.4215001745774,62.678527090890064,2.8476434726185706,-7.386528142870608e-05,0.9191039852636969,542.4842184721582,148.22203198687382,0.3081560432910919,0.3603465259075165,175
56851000,persistence,zero_shot,CAMELS-BR,0.8553720013900905,0.7387687394859088,1.654320732612579,0.5551124512746527,12.634470137584996,0.0019338638366298427,0.7408695191189656,6.006659303507732,7.639675578830488,0.5928221344947815,0.6886695623397827,185
56860000,persistence,zero_shot,CAMELS-BR,0.8178169862797328,0.8121800532296315,11.335367273788208,2.6080059448014135,-2.095494979108167,0.0015046264506972003,0.8335326192446527,44.75407515941457,97.6864075812781,0.4123062789440155,0.3313973844051361,184
56870000,persistence,zero_shot,CAMELS-BR,0.6105229165767869,0.7920488522730552,3.4732981696476535,0.9714646556455157,6.3687643646374745,-0.0006799746632131752,0.8827793779988264,13.84324020821338,20.103076692981674,0.4599229395389557,0.5443053245544434,184
56880000,persistence,zero_shot,CAMELS-BR,0.8643335329854981,0.9312591317271015,7.353134056220638,1.9079193540867543,-1.1228947826942466,-0.0010481519410443021,0.9868496530396823,29.766088948556572,55.34266207417838,0.510663628578186,0.45946866273880005,149
56891900,persistence,zero_shot,CAMELS-BR,0.9532481654418341,0.9279762042563577,12.764195927749862,5.008347853701165,-2.830751839852787,0.0006590954258033528,0.9314942409448149,39.50750735565847,69.2192019445443,0.40589991211891174,0.381345272064209,188
56892000,persistence,zero_shot,CAMELS-BR,0.9115127105452573,0.9472051667432667,11.355445416997417,5.3159572824518735,-0.367250569348115,-0.0006620357645655602,0.9675446859587142,38.03874366407299,36.6893078687738,0.25352150201797485,0.25678279995918274,188
56915500,persistence,zero_shot,CAMELS-BR,0.859549879265766,0.7924341624468584,3.2238601755708127,1.1364653486441942,2.997320790394518,-0.0006242304567678162,0.796288891711749,12.980200825647564,16.279306483167574,0.48680177330970764,0.5603144764900208,153
56920000,persistence,zero_shot,CAMELS-BR,0.931125101368584,0.9552996278541465,179.0085268437251,95.22985461873746,2.0657063372523297,0.00054793452396509,0.9696835453910815,556.7224090595822,372.07581457155936,0.4254850745201111,0.4472949206829071,109
56923800,persistence,zero_shot,CAMELS-BR,-0.05915222756037819,0.31140817511334173,0.28806341892255793,0.06900957399146988,-6.1310985463117555,0.0022955106445742973,0.768306978230483,1.0058874024540179,2.172303651881575,0.8093975782394409,0.7774743437767029,188
56924100,persistence,zero_shot,CAMELS-BR,0.3692452506825782,0.6536966842041311,0.3335249195100239,0.12489202321368328,-2.412568683666474,0.0011861719375833163,0.9184417348273799,1.1614498635150043,1.8005821742236288,0.5522581338882446,0.543027400970459,188
56924500,persistence,zero_shot,CAMELS-BR,0.18077731006746678,0.18442424928512613,2.347486148605591,0.4772396812458401,-13.947114318983576,0.0008803540515766664,0.36607703014955695,9.733630747222273,21.10627509574668,0.8015429973602295,0.5639887452125549,184
56925000,persistence,zero_shot,CAMELS-BR,0.6249981486689573,0.8127427614804376,0.759307334631,0.3089893541120468,4.1285753681956265,-0.0014568526230752353,0.9502691107376332,2.377654328458729,3.0992984021016685,0.29705020785331726,0.27690795063972473,188
56928000,persistence,zero_shot,CAMELS-BR,0.14229170950044612,0.5801352617019495,7.071545163757297,1.3970404129396095,6.924359009024552,0.002144335750493418,0.6815966516116375,30.40463443418216,63.62882663832733,1.0730419158935547,1.0858328342437744,188
56935000,persistence,zero_shot,CAMELS-BR,0.3077710310887548,0.2893689782293428,13.254973627192069,2.802815945224559,-15.654579396614217,0.000749825821603366,0.42082634541266883,56.485192879905625,106.1587471292133,0.7231736779212952,0.4844784736633301,188
56940000,persistence,zero_shot,CAMELS-BR,0.9061700586567119,0.7880853959376855,10.831348238088221,4.234993278580224,7.210512711380537,0.0004768667298590268,0.7891494918198066,38.30752285580545,64.5210061387325,0.612665057182312,0.6851997971534729,149
56940002,persistence,zero_shot,CAMELS-BR,0.7173466474940715,0.7489202342997607,11.702091191732737,2.951582630228552,-4.404390409978732,0.0017025908786340374,0.7974031452709444,48.0032052961742,94.48740805068665,0.4236910939216614,0.3500293493270874,161
56941000,persistence,zero_shot,CAMELS-BR,0.9359116065150229,0.9667289388636959,126.85541014070789,61.46448087431694,-0.2543780970165713,-0.0006094433699526235,0.989574367033906,413.5591856070906,418.0071769718793,0.2778308689594269,0.2615646421909332,183
56943000,persistence,zero_shot,CAMELS-BR,0.8976383705785611,0.8545328025035884,0.5920935444580623,0.1951436343345236,-3.6438376644949013,0.0,0.8625754435482761,2.0409508986774516,2.4037577076598566,0.3122306168079376,0.28344398736953735,188
56948000,persistence,zero_shot,CAMELS-BR,0.9244509774888967,0.9573908892130053,161.67687647870292,74.27960441226051,-0.08574632545008226,-0.00012940880615025172,0.9780216236966307,451.76294935166175,649.8271476876575,0.2618895471096039,0.2689213156700134,168
56948005,persistence,zero_shot,CAMELS-BR,0.9315210351028579,0.9630138836707489,162.52081650630146,69.73043557871942,-0.8459686484657402,-0.0019894139050105134,0.9857558588010548,556.3590855578574,548.1393870154617,0.3411671221256256,0.34485936164855957,184
56960000,persistence,zero_shot,CAMELS-BR,0.9441716013663528,0.8860751083292724,5.0115986090317035,1.7907456159150812,5.528024512669159,0.004195914706900235,0.8879091926443476,12.898568869628601,21.365392449165007,0.33963996171951294,0.4268750250339508,169
56960003,persistence,zero_shot,CAMELS-BR,0.7769268140957453,0.8774921819298063,5.763354103259228,2.327773454579267,-2.4837935365938404,-0.0014245229787344174,0.9561119841516043,21.845050028332533,37.462260881646486,0.49963974952697754,0.4804592430591583,188
56960005,persistence,zero_shot,CAMELS-BR,0.7572549799045538,0.8789633667112245,9.00188292609677,3.4606472317208636,1.2674710298962217,0.0025127308725144647,0.9820680902509626,26.75019476274953,34.956599439157756,0.36966899037361145,0.3886624872684479,188
56960080,persistence,zero_shot,CAMELS-BR,0.9451814957031583,0.8531648346760731,2.904192252373861,1.705266490127101,-0.4202825001329395,0.0052018834978935224,0.854338224608826,8.623067968438653,11.920394897460938,0.5059439539909363,0.4234675467014313,33
56963000,persistence,zero_shot,CAMELS-BR,0.8109272966815356,0.8696216344894223,2.3058276767436006,0.9233510925414714,-4.136884810481773,0.00039469282644108775,0.9138800985882012,5.98636883307175,7.816968748793664,0.3158022463321686,0.2884213924407959,188
56967000,persistence,zero_shot,CAMELS-BR,0.839072507486499,0.9140276789165355,10.666093124648464,4.032978717316973,1.1292797607214944,0.0019866767503101367,0.961172439206713,41.633411657556735,82.85819901188837,0.37334075570106506,0.35387492179870605,188
56972080,persistence,zero_shot,CAMELS-BR,0.8549218476988966,0.811053404766092,14.665230407810245,7.761230254173279,-0.20741076693424432,0.0022905377860166984,0.8221069770385723,43.22222336928414,79.9320068359375,0.4924826920032501,0.43720367550849915,70
56974000,persistence,zero_shot,CAMELS-BR,0.8726000583496802,0.8839596726778882,11.565254099634547,4.826595605687892,1.6522061253021396,0.0010580668993588095,0.8957056497999347,42.1797813406966,68.50182479321262,0.30983132123947144,0.3118133842945099,188
56975000,persistence,zero_shot,CAMELS-BR,0.817341390283048,0.8815298077600254,10.262855324658982,4.253647616723689,1.650365839210034,0.0006632827574250093,0.912239224125214,38.12026392997846,39.58072473710671,0.4809536039829254,0.467080682516098,164
56976000,persistence,zero_shot,CAMELS-BR,0.5356957478665466,0.717062372956279,21.173056933878826,6.625064310875345,0.9000604466500997,0.003148435441411152,0.762748337060408,84.03652473531899,140.3232298632188,0.5157500505447388,0.5910995602607727,188
56978000,persistence,zero_shot,CAMELS-BR,0.8895121975675773,0.9162170955530385,17.629581230763247,6.764834217403246,0.6971510950210416,-0.0020997674786454937,0.9305696370848506,66.58487451531948,87.07779906605057,0.4933105409145355,0.49038198590278625,184
56982000,persistence,zero_shot,CAMELS-BR,0.9024866061697822,0.895229784915187,15.635509258322427,6.05638295538882,-0.2216554950627345,0.000878604772304916,0.9067160935979957,56.55104798901613,68.00735254367721,0.28339478373527527,0.2771522104740143,188
56983000,persistence,zero_shot,CAMELS-BR,0.6797027828145148,0.8065810635378425,3.5399664659145142,1.0755760928858882,5.006848052260701,-0.0008057964938231847,0.8591406359544156,5.79830347032711,9.451960736362336,0.3951484262943268,0.38139253854751587,184
56985000,persistence,zero_shot,CAMELS-BR,0.6049719136263498,0.7952384844721776,3.1959893847994927,0.5544733926653862,-3.7168340085229645,0.0,0.8906775853515044,13.574556664088059,20.14329773761924,0.9049230217933655,0.9021251201629639,188
56986000,persistence,zero_shot,CAMELS-BR,0.5593980252164634,0.7494010741591102,3.026200126228208,1.236170198055024,0.17664720041299653,0.0007600308072719716,0.9165448789896811,8.70936256147743,15.201315539300086,0.3052738606929779,0.309337317943573,188
56987000,persistence,zero_shot,CAMELS-BR,0.7164423249276467,0.8231701516683292,4.816870872095887,1.8419868496229064,-0.049282806572036736,0.00013020136514131989,0.9084807342866674,17.569817470321034,17.73873030851531,0.5889511108398438,0.5956601500511169,159
56988000,persistence,zero_shot,CAMELS-BR,0.948517350169631,0.9712297565085024,3.7301774527411555,1.3369780346587463,1.0990068408353997,0.0,0.9858548908170996,12.76338541604246,19.138441927482557,0.47596079111099243,0.4501810371875763,182
56988500,persistence,zero_shot,CAMELS-BR,0.8909719148634938,0.921415911433596,7.38094594278648,2.9734482521651895,-1.153495879124474,-0.0033084247844548872,0.9383099120787634,24.016125399531315,24.738502502441406,0.6675310730934143,0.6782051920890808,93
56989000,persistence,zero_shot,CAMELS-BR,0.7871874459125513,0.8829006777215187,3.7881042167092254,1.5784574810494767,-0.6880232523696753,0.0007523011400578476,0.9591986970039625,14.815421407880155,15.156683242740783,0.3497510850429535,0.3629768192768097,188
56989001,persistence,zero_shot,CAMELS-BR,-0.1432172847966815,0.26235226291754954,13.148671896610654,2.1846040226947303,8.259817886097713,0.003203291095333776,0.27120839215202286,54.48890748968792,117.22118878900662,0.38343358039855957,0.5218484997749329,174
56989400,persistence,zero_shot,CAMELS-BR,0.561176267895759,0.6198530700666378,43.80857711599641,9.063592137230767,-3.552729529679261,0.0022177401859396727,0.7086562300962349,185.30359081752596,372.34929093313144,0.563382089138031,0.5391682982444763,180
56989500,persistence,zero_shot,CAMELS-BR,0.876783436181214,0.9374695599421813,8.897565224479347,3.7431998116629464,-0.5298357650081796,0.0023530608336669295,0.9799222707324413,30.501856615156694,33.26409475695979,0.4020821750164032,0.36708512902259827,175
56989900,persistence,zero_shot,CAMELS-BR,0.917209758656208,0.8849355213048664,24.419253572021816,11.330297388929003,-2.0949271217856795,0.0015165282414064084,0.8916705273112114,83.05467675113421,129.94859743141936,0.40552350878715515,0.39074569940567017,188
56990000,persistence,zero_shot,CAMELS-BR,0.8741198609069311,0.920760425827551,32.11345006268603,12.580211568385996,1.2419988946072031,0.0021793521736398792,0.9538611553384937,77.87123684890734,120.19923433772256,0.3342145085334778,0.3839714825153351,188
56990500,persistence,zero_shot,CAMELS-BR,0.8678199690188718,0.7675682273378814,3.099675364855589,0.8460638183726374,-9.121533851081878,0.0,0.7740900829595941,12.896985454157246,25.219836057513003,0.7679193615913391,0.594875156879425,188
56990990,persistence,zero_shot,CAMELS-BR,-0.45666041987982364,0.18040004802653786,5.089267470947747,1.3607307587351118,16.935450724892565,0.0018683270709983109,0.20664906081648027,20.24170951168823,5.596663221041698,0.46385854482650757,0.6301445364952087,182
56991000,persistence,zero_shot,CAMELS-BR,0.4541538204519152,0.7335523486174864,1.9733489193743512,0.8892079461919199,-1.596990808677536,-0.0029221771627766964,0.8675335727541709,6.007925408673559,8.74135316891791,0.34057119488716125,0.37226173281669617,101
56991300,persistence,zero_shot,CAMELS-BR,0.7310647530188847,0.8320586898210831,5.579999194877217,2.1978602799755786,0.26267216361175677,0.0005331929691376365,0.9110793457552999,18.75125965467207,32.069803269730336,0.37982848286628723,0.36410096287727356,171
56991380,persistence,zero_shot,CAMELS-BR,-0.6537576925845985,0.3257345301409067,10.176126759928438,3.2785464270501254,-1.8388608373198454,0.005789239900391648,0.524910953293723,42.05586507424749,0.3852996826171875,0.9738215804100037,1.0112125873565674,97
56991500,persistence,zero_shot,CAMELS-BR,0.41074980485656254,0.4891043150621823,13.2494330664719,3.898521269889588,-9.719058561297855,-0.0013011381387960236,0.6299769907995924,54.8365040065619,109.09806671513957,0.5522027611732483,0.4177301228046417,188
56992000,persistence,zero_shot,CAMELS-BR,0.5793626823360137,0.7820066119871929,13.515987869148228,4.3598978415213,2.615777187688553,0.0036408558457486813,0.8791331385498191,53.874806882499435,43.731192531434125,0.5671854615211487,0.5737027525901794,183
56992400,persistence,zero_shot,CAMELS-BR,0.927371341268082,0.9357031322596793,214.61864269979688,80.6498403346285,3.0488985410055056,-0.00025874798096583475,0.9448950847438388,854.9936382428489,738.4578525549038,0.4334683418273926,0.3828943967819214,188
56992500,persistence,zero_shot,CAMELS-BR,0.8602675334762819,0.7833103616313357,0.4060864527947725,0.1322239358374413,-3.4126420660909633,0.0028541607881414233,0.7911930134708114,1.597095882713023,3.0649319775287607,0.4225185513496399,0.3630823791027069,188
56993000,persistence,zero_shot,CAMELS-BR,0.6704268130541106,0.7934278245885404,1.726710562764823,0.763186162456553,3.0468620841256597,-0.000872194251921022,0.840201605042361,4.781008296506015,6.992098859806129,0.40190020203590393,0.41891351342201233,188
56993002,persistence,zero_shot,CAMELS-BR,0.32799636703589274,0.3751781919627829,5.459588352953179,1.3127661647898305,-13.372280734918755,0.002767482837579431,0.5261765189381109,23.280130181004964,42.07145772739045,0.8702856302261353,0.7103805541992188,133
56993551,persistence,zero_shot,CAMELS-BR,0.8819251840875847,0.9210645037358647,3.4438401794841367,1.4322339839902531,-2.7652102467791746,-0.0042307240392481585,0.947794566091656,12.556066164045681,18.159048186965673,0.6786801218986511,0.6397525072097778,153
56993600,persistence,zero_shot,CAMELS-BR,0.8880965768188434,0.9338016178455305,3.194702102267843,1.191329759486178,-1.3335637888989418,0.0006291531592810366,0.9663043118708381,12.102892035092303,16.523922200338006,0.5436304807662964,0.4545726180076599,188
56994000,persistence,zero_shot,CAMELS-BR,0.7372325198641095,0.7696441432088805,4.6250925248803725,1.3709250186220743,-9.811532880957996,-0.004181776583707362,0.8155509500446657,16.680752631383864,32.28761415863827,0.32202258706092834,0.32526275515556335,120
56994500,persistence,zero_shot,CAMELS-BR,0.9570353376085863,0.9481969002002597,142.85294372287964,67.0008083011793,1.500293076743566,-0.0008866514930663469,0.9518146065175549,486.8976870783384,289.2571550472291,0.3430912494659424,0.40029650926589966,184
56994502,persistence,zero_shot,CAMELS-BR,0.9240181712162265,0.9215017420687777,245.4780330551346,105.95221784037929,-1.5133993835923238,0.0003974612382913797,0.9312283785339316,874.385137984378,1671.5640746963409,0.28947514295578003,0.25097551941871643,186
56994510,persistence,zero_shot,CAMELS-BR,0.923467948381551,0.9274310173913402,216.54219958062475,101.45224189758301,-0.9931615718834974,-0.0029941777740891615,0.9375952108303233,695.5849830528476,1425.7379312930148,0.43516573309898376,0.4158466160297394,188
56995000,persistence,zero_shot,CAMELS-BR,0.881396859596731,0.9348518136948682,1.9422107320336186,0.9201648840482565,-0.8731356161139967,0.0008536621101442668,0.9682560246181547,4.211936686836076,1.8027756377319946,0.6273089647293091,0.6224850416183472,188
56995500,persistence,zero_shot,CAMELS-BR,0.9022333348537119,0.9457154034593052,3.0993579361353345,1.2717772596374606,2.139716441110229,0.0003853968476837666,0.9764992178735418,10.822813951772451,8.597874039506902,0.5947629809379578,0.6692834496498108,132
56998000,persistence,zero_shot,CAMELS-BR,0.9775585954975129,0.9341283676443747,120.7071544417741,57.70434862219769,1.523857844444083,-0.0014175742001460712,0.9344448349520701,438.4310710746731,521.0708079423583,0.2680042088031769,0.2958272099494934,115
56998200,persistence,zero_shot,CAMELS-BR,0.8701665424564633,0.8643475422156349,191.98017725974393,73.78962666937646,-3.44494514218489,-0.0013502292477464463,0.8793587283230647,753.0221279623129,1182.5892991204473,0.4122380018234253,0.3653606176376343,188
56998400,persistence,zero_shot,CAMELS-BR,0.9381473326885063,0.9616303147202876,2.7536811224149815,1.3701159449175317,0.15453955979664297,-0.001332320281472895,0.9738698693603096,9.379085077416473,14.186972729986637,0.41690266132354736,0.42903587222099304,188
57040000,persistence,zero_shot,CAMELS-BR,0.1239306801722252,0.5919622192086835,1.9435402043743961,0.6073244745109944,5.842270104364608,0.0,0.7709463591106741,7.712231308987361,10.775537079739562,0.6121948957443237,0.7531333565711975,188
57040005,persistence,zero_shot,CAMELS-BR,0.7596592401013009,0.8657515607764071,0.9369349331230115,0.4221116974949837,3.317763127375389,1.3529582918064484e-05,0.9459006046924113,2.9125006203122883,4.237717506205356,0.43659234046936035,0.5192094445228577,188
57040008,persistence,zero_shot,CAMELS-BR,0.6968487689842888,0.6723372608465703,0.8324223472056603,0.273745749026854,11.640558887742955,0.0009633922336655561,0.6821932864335226,2.7180358373480895,4.593385975388117,0.7450907826423645,0.8512913584709167,188
57040010,persistence,zero_shot,CAMELS-BR,-0.23117434826481786,0.3084198795468236,2.031276465048582,0.7849622498143394,9.316315666562366,0.0,0.34930434459488713,6.445675274246532,9.37640855096482,0.33972838521003723,0.48156291246414185,106
57117000,persistence,zero_shot,CAMELS-BR,0.6416703890134989,0.6311944607271645,1.0950556982365471,0.32579709398885104,10.096773675141218,-0.00010175493200212903,0.6368599695035357,4.413215080891977,5.478890951214373,0.65027916431427,0.8501985669136047,172
57118080,persistence,zero_shot,CAMELS-BR,0.4601380765106453,0.7048617513966089,2.9052598841775192,0.717208230407799,-2.0489129945583135,0.0009891414928325341,0.927893018252124,12.276366574212322,24.87400627089626,0.5734362602233887,0.6246920824050903,170
57119500,persistence,zero_shot,CAMELS-BR,0.9323172095019963,0.9648836098591818,0.7782752587034552,0.3063544926972225,-0.9526209056482655,0.0017733355311253824,0.9848053713946022,1.6916637544634543,0.6699255040138224,0.3782273232936859,0.3714751601219177,145
57120000,persistence,zero_shot,CAMELS-BR,0.9025126162352869,0.8852000412493081,8.800365442887221,5.438571466718401,4.334043532611624,-0.0006331162213881478,0.8924278475822264,21.9260119492807,35.0,0.1250665932893753,0.12903718650341034,70
57120080,persistence,zero_shot,CAMELS-BR,0.8088729216314707,0.862637570785297,2.1906489079643694,0.9188497179358669,5.737636182802678,0.0017709380781059103,0.8892406046445391,6.1175363331222465,4.705457376938715,0.42755693197250366,0.47516340017318726,169
57130000,persistence,zero_shot,CAMELS-BR,0.9214968821666343,0.9463278579465785,3.823998771384046,1.4258875860257094,3.2034547841077954,-0.00011050066595961333,0.9613395898446497,7.0737890198409445,11.710913781625797,0.42829540371894836,0.42754098773002625,178
57170000,persistence,zero_shot,CAMELS-BR,0.886397366051023,0.917859843536743,3.220744812621336,1.5926358233327451,2.0519989184355576,0.002307221602053749,0.9357555251520855,8.923481383127154,6.606387689205602,0.3417317271232605,0.36667558550834656,184
57190000,persistence,zero_shot,CAMELS-BR,0.5620555335585717,0.7843471621257613,1.2082799582369084,0.49765956655461735,0.259900304733802,-0.0005258787163518984,0.9778847849239339,3.7883018293297446,7.538716894832001,0.22732964158058167,0.2321251630783081,188
57200000,persistence,zero_shot,CAMELS-BR,0.5543673125757205,0.7793935593448855,2.9314907447245457,1.2354550401816207,-1.2622780217364082,-0.0017335179843664759,0.9054322894349424,10.532116477103253,17.550909608976642,0.3703153729438782,0.38696780800819397,178
57230000,persistence,zero_shot,CAMELS-BR,0.843117561444935,0.9171812003010061,7.733909645687394,3.5684914349177697,-0.5739248232515008,-0.0009087318162259387,0.9651245385810383,21.318640578579583,11.865495887987617,0.3243735432624817,0.3050591051578522,179
57250000,persistence,zero_shot,CAMELS-BR,0.20079164435397379,0.5230033915681795,2.750446851196799,0.920002193554588,4.2891828097701135,0.0015665599862845995,0.5697101443230927,10.780936189799528,6.885787690912001,0.2507188618183136,0.31968459486961365,184
57255000,persistence,zero_shot,CAMELS-BR,0.8211350610884072,0.875132787494196,1.2613501726968939,0.6704385227331237,0.812571723518604,-4.542030554331722e-05,0.9015085397354895,2.1654753396752837,2.0718312795419145,0.19737279415130615,0.2261907458305359,179
57256000,persistence,zero_shot,CAMELS-BR,0.8797911774533251,0.9392196828495533,0.3726557276620299,0.18033924554624864,0.8899688469317362,0.0007234871373094608,0.9903203742120353,0.9340234312849519,1.0843070554060654,0.23091375827789307,0.2664323151111603,186
57257000,persistence,zero_shot,CAMELS-BR,0.4665704515765031,0.6769727100417592,2.8345997305175032,0.9759299449104676,1.406091594508537,0.0008565620716404921,0.7231115288211389,10.549982866789845,21.22351167385529,0.22845326364040375,0.2467321902513504,187
57300000,persistence,zero_shot,CAMELS-BR,0.7888587562488466,0.8907504886337918,1.988366829298844,0.8383938902761878,-1.0068344421540774,-0.0013378127413141237,0.9563962903749942,6.0109306664500854,0.6954002380371094,0.4317339360713959,0.43650829792022705,82
57320000,persistence,zero_shot,CAMELS-BR,0.5713637160114918,0.6886955036225804,1.4673504364680747,0.4792835997111762,2.667921268129654,0.0006256960867329145,0.7491623629883462,5.347431280017807,9.542900085449219,0.46267062425613403,0.4439300000667572,67
57350000,persistence,zero_shot,CAMELS-BR,0.5958444092006638,0.7953787356580311,2.377445610518849,0.9922142895630428,1.943510605107332,0.002382774634326911,0.9783547136914139,8.283039029782492,9.54244070450269,0.4245016276836395,0.4460986256599426,175
57360000,persistence,zero_shot,CAMELS-BR,0.4060333246192316,0.5626701865408792,6.109040772549488,1.6414733503175818,-3.4416221832277967,0.0,0.7360943395914026,24.09336596174214,49.86758419237192,0.4286511540412903,0.36777451634407043,184
57370000,persistence,zero_shot,CAMELS-BR,0.6195650662085374,0.6460761505996838,7.725314935323909,2.8052114144615503,-3.7392771950070647,-0.0002273134540509425,0.7111430993908661,29.584856533411084,53.28242818290105,0.5259605050086975,0.43001919984817505,184
57390000,persistence,zero_shot,CAMELS-BR,0.7611755534096168,0.8630941008632498,6.245686918756145,3.1472281490234617,-0.06299297683116946,-0.001349989157891484,0.9428690587361972,17.75134009003189,19.3755100790278,0.4486064314842224,0.4247225224971771,188
57400000,persistence,zero_shot,CAMELS-BR,0.611795371019371,0.6663964468830714,11.038897514061563,3.657747218142385,-4.094163373655069,0.004546433438262578,0.7448551879124236,42.52739643900424,77.06812775085581,0.49638089537620544,0.37393009662628174,184
57410000,persistence,zero_shot,CAMELS-BR,0.6871992017791535,0.7691705249823064,14.955033666569015,5.537680253039959,-2.9109294165020074,0.0018317157432596286,0.8441025151841131,57.100517559708905,95.8713258687817,0.5578750371932983,0.47628656029701233,172
57413000,persistence,zero_shot,CAMELS-BR,0.448130446265272,0.6850978658704485,17.282760104045547,6.016437077227934,-2.550954869487673,0.0005813047693392429,0.8985881646519436,61.34587459685381,120.76523664604495,0.48792529106140137,0.46660539507865906,162
57420000,persistence,zero_shot,CAMELS-BR,0.8175942793212483,0.7175005940505428,4.04620468764854,1.350854709368794,8.673386321211495,0.0,0.7200942360887423,15.594919009157607,22.542705308267937,0.43342700600624084,0.5299723148345947,119
57440000,persistence,zero_shot,CAMELS-BR,0.7003039872445345,0.8482207143525052,1.5617109249742316,0.598966853981987,0.38531945747332513,-0.0028349876966426296,0.9403741462944568,2.9545728375604283,1.6263931950001524,0.5751051306724548,0.6001514196395874,187
57450000,persistence,zero_shot,CAMELS-BR,0.8928338578809111,0.9460517356612611,9.287776117194124,4.558609023023007,-0.45732498221308493,-0.0009214352794106595,0.990557689566783,13.160254722737342,10.421005249023438,0.44092583656311035,0.3884948194026947,67
57460000,persistence,zero_shot,CAMELS-BR,0.7225551676611217,0.8415427241235389,33.71684458849972,13.323633422242834,-0.5749370129718395,0.0023722028850855885,0.9370198004586002,132.90088876271605,262.5641380287547,0.49034759402275085,0.4651753902435303,188
57474000,persistence,zero_shot,CAMELS-BR,0.5177894025640969,0.4260463943169247,4.167527994193336,1.2564228914598836,17.454978817134133,-0.0023223746702055632,0.42825859042933134,16.074129438982062,34.55105823080221,0.5786417722702026,0.7008776664733887,188
57476500,persistence,zero_shot,CAMELS-BR,0.38096211961917814,0.5219565865654957,8.413539740129025,2.117591352890367,-3.4681979366226123,0.0028601839893335097,0.6976233537871813,34.91528798291037,71.64700723219902,0.5729638934135437,0.511299729347229,184
57480000,persistence,zero_shot,CAMELS-BR,0.3169254224013961,0.6598963900140806,6.961239871466382,2.254260217630735,-5.597683690106703,-0.0009187899442005092,0.9379807575065566,27.523037868755864,47.07368730855822,0.5888150930404663,0.6766616702079773,186
57490000,persistence,zero_shot,CAMELS-BR,0.7100982108188874,0.8525527222967327,11.73902638047966,4.42095606198182,3.642375180115797,0.0014783595180243962,0.9582842374728409,33.038306931332585,60.680386345549174,0.49336037039756775,0.5334376096725464,185
57550000,persistence,zero_shot,CAMELS-BR,0.6570574300742991,0.8274649062626516,13.631810586622628,4.843504007884435,2.79556939021261,-0.00281591095513262,0.9354126697473945,41.35085311843925,73.72242556020298,0.5000333189964294,0.5100113749504089,175
57552000,persistence,zero_shot,CAMELS-BR,0.8495787938289481,0.8357091269811593,0.9779392984239336,0.38767552724544035,3.8388991870560276,0.001057535315541567,0.8447010845944125,2.8113611845173803,5.018201866974243,0.31169596314430237,0.3794591426849365,188
57555000,persistence,zero_shot,CAMELS-BR,0.6519343042714789,0.7949701648626966,56.27763714847711,21.71613073348999,6.222633772671996,0.0026464690143655177,0.8534677022560555,214.51549162578388,335.2823197737697,0.4647952616214752,0.484283447265625,188
57560000,persistence,zero_shot,CAMELS-BR,0.8895506531307708,0.9401677035107354,27.53034507771515,12.986510504846988,-0.7229073304310548,-0.0021058657469853227,0.9700752868076429,75.05050485142172,120.51519631410277,0.4877108335494995,0.4792194366455078,184
57580000,persistence,zero_shot,CAMELS-BR,0.8350335534301536,0.894321445694407,29.65959039118097,11.186477198745266,-0.9636633442456176,-0.0011779632727345925,0.9373128006766006,106.33777989993175,79.8070068359375,0.3713783323764801,0.3374707102775574,99
57630000,persistence,zero_shot,CAMELS-BR,-0.009243208927055546,0.4535389004434073,4.453614567344167,1.510006386231869,1.8570370356137162,0.0,0.9140916759286636,13.772321506707783,25.27305503513748,0.7017437219619751,0.6104522347450256,188
57650000,persistence,zero_shot,CAMELS-BR,0.9142750320612204,0.9565496691112602,0.5271962721385811,0.2042039978504181,-0.7515012715542847,-0.0020094421698258202,0.9913573701119458,0.6568123061735425,0.5211000442504883,0.2080557942390442,0.2150759994983673,75
57700000,persistence,zero_shot,CAMELS-BR,0.8898240556820084,0.9150133965644521,2.528965130327569,1.0728250152390937,1.2763414900179817,0.0010517582673620941,0.932551291676404,9.262951224469138,15.043901933856699,0.3447948694229126,0.3737616539001465,184
57720000,persistence,zero_shot,CAMELS-BR,0.6869875343645535,0.8295398773147451,3.206081440238756,1.280138980510623,3.863905062402865,0.0013455744730295725,0.9403550873606813,11.326040374106105,19.789100618028957,0.5887448191642761,0.5682666301727295,172
57740000,persistence,zero_shot,CAMELS-BR,0.7290854999580401,0.7969314908412725,6.776164219964624,2.404323204446234,-1.161176288228895,0.001653776552822353,0.8577431189798191,22.958597329609816,37.12340617801616,0.5126796960830688,0.4497573673725128,181
57750000,persistence,zero_shot,CAMELS-BR,0.7132415017351776,0.8461001033499054,15.779451833444563,6.818944619354589,0.9097668033846549,1.869427301470078e-05,0.956858848539891,57.59854561397977,78.9768457119887,0.3714584708213806,0.4001699686050415,179
57760080,persistence,zero_shot,CAMELS-BR,0.8926383621210108,0.8440336295998656,12.258469439236725,5.569343065693431,-1.6306483300589392,-0.0016384006445538113,0.8517325342880958,40.35379252844237,55.10898293381942,0.3917485177516937,0.3423207402229309,137
57770000,persistence,zero_shot,CAMELS-BR,0.8484204377166822,0.7207030120039986,1.3870766130989187,0.4435908715214048,10.885921991597415,0.0019385542881315658,0.7224449451732129,5.4163076521223115,9.259959237695702,0.5943948030471802,0.6833440065383911,175
57774000,persistence,zero_shot,CAMELS-BR,0.7163173239879534,0.8527460981683561,0.595178424621461,0.23972499429288766,-2.3040465057602457,-0.006215366424975305,0.92822795535227,2.0139774701656257,2.578676021279338,0.5811636447906494,0.559837281703949,184
57775700,persistence,zero_shot,CAMELS-BR,0.8492155214002453,0.8964278520357429,9.192063497132438,4.692750289478404,3.5243282380491037,0.0,0.9210742359138747,28.649861145440436,39.02638281892496,0.47092241048812866,0.4720708429813385,187
57779000,persistence,zero_shot,CAMELS-BR,0.858428648787173,0.9100237028182445,11.201651954415224,5.698298959171071,0.9739375448361819,-0.004992625602015067,0.9367375305272989,28.09302120100322,37.73357056993974,0.5530928373336792,0.5520722270011902,187
57830000,persistence,zero_shot,CAMELS-BR,0.6289141591868824,0.7409955295395378,31.987201847378234,10.731545953802724,5.6344096727293715,0.0024946499367566773,0.7771659789146848,127.6441950249116,131.79097525297175,0.4688989520072937,0.5167416334152222,183
57880000,persistence,zero_shot,CAMELS-BR,0.7845668249575471,0.8898260808777727,4.780162007851699,1.5643084126134073,-2.350066307857342,0.0005262546429954766,0.9746473394984351,13.847524693349895,4.303681748552875,0.6231862902641296,0.670374870300293,155
57930000,persistence,zero_shot,CAMELS-BR,0.7589871043582195,0.8133687748845848,38.135011621362665,13.786818606741477,-2.800030378510152,0.0018099434612595632,0.856413583410647,135.39297294685485,256.63323427795046,0.641065239906311,0.5759112238883972,149
58030000,persistence,zero_shot,CAMELS-BR,0.6396303681304395,0.8168322444326894,4.966558210080229,1.8929510192668184,1.4331920809640692,-0.000374299197131946,0.9794131386917593,16.099354193868553,19.82722350896504,0.34722569584846497,0.3292805850505829,188
58033000,persistence,zero_shot,CAMELS-BR,0.4667930716742097,0.6596939865480149,1.0556640162472466,0.4052127669466303,-0.568852838993088,0.0016408519238816244,0.8341050009452419,3.764987343002012,6.42834144600115,0.27769529819488525,0.26607540249824524,188
58035000,persistence,zero_shot,CAMELS-BR,0.42173484402447503,0.7139600664207315,0.30711065396164366,0.14672872566796363,-0.043489896439236175,-0.0008667383262637891,0.9865392794425417,0.8808779203189193,1.207031287623729,0.35436075925827026,0.3506918251514435,188
58040000,persistence,zero_shot,CAMELS-BR,0.8703054508746721,0.894790732783923,9.638659022675132,4.591827844892229,-1.700938034455676,0.0003574400927560586,0.9172292366841339,29.250534466426167,36.948041791929825,0.3963896930217743,0.41766369342803955,175
58040100,persistence,zero_shot,CAMELS-BR,0.815316090093664,0.9006842131629471,7.5517950576863875,3.9113298223373736,-0.5037847774089573,-0.0006173236889011335,0.9490506336764459,21.258183385985664,26.502687659612626,0.34251806139945984,0.3385201692581177,188
58040200,persistence,zero_shot,CAMELS-BR,0.8494535630480868,0.8653427642179081,6.949280917005824,3.283191457707831,2.7640830550489848,0.0008056322918903788,0.8794154170807326,20.298640090327773,5.0005797038151245,0.32414841651916504,0.34117045998573303,188
58045000,persistence,zero_shot,CAMELS-BR,0.8847420609636443,0.9001939346597723,7.0554327951700575,3.630250986586226,-0.7286374600374665,0.0,0.9126543888438251,21.75137039046475,32.07220671388161,0.3314632773399353,0.3331274092197418,188
58060000,persistence,zero_shot,CAMELS-BR,0.4591509795326525,0.6163719685204647,3.566733491061271,1.44318571635655,4.934886871523571,-0.0007941608855651146,0.6460326426500147,13.041673952730449,21.852828948248284,0.2766570746898651,0.32285094261169434,175
58065000,persistence,zero_shot,CAMELS-BR,0.22840110337595787,0.47488196202478683,1.2747826001443616,0.39028324160961747,-7.765873334997615,-0.003996164869708039,0.7459199787325308,4.9111446593569354,9.33395176799832,0.6076240539550781,0.48604124784469604,173
58068000,persistence,zero_shot,CAMELS-BR,-0.2108763770795834,0.4256912907636866,8.037262234035445,3.1976382605572966,3.6509082536859583,-0.0006370644379005159,0.5310282840645097,29.315885665431708,20.43571932081099,0.34964287281036377,0.41733136773109436,188
58070000,persistence,zero_shot,CAMELS-BR,-0.00561895704537374,0.545192953873587,18.511939055256587,6.895100679328974,-0.40999944353840473,0.0008807860468564317,0.7209916756403144,77.3939812349517,96.26992395551942,0.4387204945087433,0.45612242817878723,139
58075000,persistence,zero_shot,CAMELS-BR,0.01404260797693102,0.4361283608769183,1.3242442422439769,0.5159255278871414,-3.071936551544948,0.0010405266470023076,0.8764095329290389,4.45551580080209,9.121154302466469,0.42412441968917847,0.4287495017051697,188
58078000,persistence,zero_shot,CAMELS-BR,-0.12713700061593913,0.3171690464818716,15.274747325393035,5.583584881843405,6.119547615085319,-0.0012785986875751016,0.3458104102122139,60.939578311275035,79.46859366336503,0.40853458642959595,0.5131804943084717,188
58082000,persistence,zero_shot,CAMELS-BR,0.6502554268755056,0.8118187495446919,2.406105394585865,1.2132819218838469,3.8364303741683874,0.0016012856429586369,0.8864053037302374,7.300702110641739,7.870099229877799,0.35249003767967224,0.3658396601676941,188
58087000,persistence,zero_shot,CAMELS-BR,0.6509660436019722,0.7766073875291154,10.05059445989581,5.068191502956634,3.5951509171214893,0.0010810067633980312,0.82054884810851,32.848348388248205,16.931502787931276,0.3521735966205597,0.40747812390327454,188
58087300,persistence,zero_shot,CAMELS-BR,0.9501076746226096,0.9738659990885121,7.609829252864216,3.0990946955934784,-0.7967287584571691,0.0024191479501636595,0.9912871477142806,2.318816644892699,0.978520129363796,0.1550493836402893,0.1356835961341858,169
58088000,persistence,zero_shot,CAMELS-BR,0.44453066094357985,0.6623666962968504,35.29413473554218,13.496202275722842,-5.581223213843318,-0.000278676300034527,0.8557597399203094,143.80307721133622,222.09598150349322,0.4391559064388275,0.36328044533729553,158
58093080,persistence,zero_shot,CAMELS-BR,0.8921947740875296,0.9358108609283735,10.84690106192263,3.5081916565590716,1.2691720970586944,-0.0003046034588884295,0.9608696481648343,1.491515860791885,2.04939015319192,0.11870676279067993,0.12382198125123978,188
58096000,persistence,zero_shot,CAMELS-BR,0.9112812438589855,0.9540425858188896,11.27140804140159,3.862755457560221,-1.201317470874283,-0.0005296578790828822,0.9868788172342026,18.845394121211452,5.537368781845898,0.13590045273303986,0.13802598416805267,186
58097000,persistence,zero_shot,CAMELS-BR,0.8603533120411043,0.9123029445231644,11.969460346975048,5.6098349753846515,-0.41641289320444413,-0.000779555815900744,0.939086901708856,35.62170122093884,20.596238942917918,0.2551221549510956,0.26173266768455505,188
58099000,persistence,zero_shot,CAMELS-BR,0.9488815369507927,0.974259978275311,8.495721008972925,2.410183551043448,0.04385428026668162,0.0006793521764406375,0.9961424468478864,10.419656910014044,9.613455491262094,0.10840564966201782,0.10515657067298889,169
58105000,persistence,zero_shot,CAMELS-BR,0.9602843958211073,0.9790830088519781,4.647008035680674,1.8851064316769863,-0.07197081348236474,0.0,0.9927344555798732,3.5118845842842465,8.48528137423857,0.10332951694726944,0.10000856220722198,188
58105200,persistence,zero_shot,CAMELS-BR,0.8656699770952645,0.9329111297430048,10.892896879237998,6.1283297640212036,0.11874875429991935,0.0012364618212967072,0.9901250890148495,19.77145078770954,28.758686185927676,0.25570249557495117,0.24989987909793854,188
58105300,persistence,zero_shot,CAMELS-BR,0.9662916317248839,0.9794780895788373,6.050165647878289,2.2670447166929852,-0.739391321913577,0.0009622615452343063,0.987704872623811,2.800108238057766,4.4031694619945965,0.12571172416210175,0.11613260209560394,188
58107100,persistence,zero_shot,CAMELS-BR,0.030496462003931524,0.47503504517025463,0.656878095903835,0.21347340513417062,-4.240123498837903,0.0,0.8921732742878123,2.6292263818007777,4.347665776597548,0.6044259667396545,0.5472264289855957,188
58110000,persistence,zero_shot,CAMELS-BR,0.9362377200900657,0.9544679438183202,9.828598883509688,6.109239132507987,0.29598627515584075,0.0,0.9676774591992227,18.439088914585774,29.832867780352597,0.27288177609443665,0.2698616683483124,184
58110002,persistence,zero_shot,CAMELS-BR,0.7038885575578733,0.8531296288961029,18.082267148699078,6.110916484485973,-1.4666599786491004,-0.00021649104773106484,0.980169977357753,0.3975028991699219,0.0,0.2592771053314209,0.28711163997650146,55
58116900,persistence,zero_shot,CAMELS-BR,-0.04531892682629968,0.3572046097032405,1.2476779712126802,0.4362148958000731,11.826185286302909,0.0002537021286207926,0.3912699448486239,3.754138440406609,2.863500771186437,0.4336283802986145,0.5379067063331604,188
58118000,persistence,zero_shot,CAMELS-BR,0.7165960695740838,0.7555124750804753,3.0028151105527168,1.1325744289032957,-3.8333889581839897,-0.0007627926930852021,0.8066002468879017,11.139570298757636,23.046652519533318,0.39000266790390015,0.34276825189590454,188
58120000,persistence,zero_shot,CAMELS-BR,0.6832270579893613,0.8406677281424826,1.8049442545484993,0.8771558511764446,1.158712308755673,-0.002367618425262511,0.9407769871452479,5.297134026095917,6.554636297043019,0.2992365062236786,0.34941405057907104,188
58122000,persistence,zero_shot,CAMELS-BR,0.9074479301227137,0.9517257671457415,3.756299205309708,1.8535095757626472,0.694822144916512,-0.0018383491319928797,0.983357336218343,8.717816916915442,8.0064284375955,0.3073018491268158,0.3102503716945648,188
58126000,persistence,zero_shot,CAMELS-BR,0.8569684120614605,0.9260469039371011,5.447557054779423,2.675978683410807,0.7729189866158103,0.0,0.9741307226815957,15.787035846155753,17.75464414192153,0.29549291729927063,0.31851524114608765,188
58128000,persistence,zero_shot,CAMELS-BR,0.8355144688762877,0.9162105589172262,7.323284705085231,3.435319185256958,-0.068997202987881,-0.000877961636497681,0.9874473836862381,22.912704203143765,44.04543109109048,0.28899282217025757,0.2763943672180176,188
58128100,persistence,zero_shot,CAMELS-BR,0.9782976418690493,0.9856450427427076,2.2866401999998422,0.7393617021276596,0.6642235455794778,0.0,0.9903929578131996,0.9486832980505138,2.1213203435596424,0.1307833194732666,0.12263936549425125,188
58128200,persistence,zero_shot,CAMELS-BR,0.9499464147609911,0.9619320933106529,3.318290152052188,1.007398861519834,0.7609567303601997,0.0015271862151032198,0.9702883590918457,1.1998109274819329,2.249215556316194,0.23712240159511566,0.22172440588474274,188
58129000,persistence,zero_shot,CAMELS-BR,0.8502347755408456,0.8344295923869648,7.309884724149923,3.946276527770022,-2.7480360679374933,0.0002421499822583776,0.8503554755373162,22.4349054495153,38.008946905443736,0.3366300165653229,0.29248809814453125,188
58132000,persistence,zero_shot,CAMELS-BR,0.7550428950823538,0.7056569874853762,1.3279701517569908,0.5223629496853661,-6.151288840032813,0.0042529292794471815,0.7294710793440659,5.038497296728308,5.484325751814802,0.6738681197166443,0.6836283802986145,135
58138000,persistence,zero_shot,CAMELS-BR,0.9177501351190444,0.9559468311635826,1.0119545771339624,0.449196791078182,1.6186298268060488,0.001204943930441349,0.9832599801200884,3.0072775101138696,1.5260519840792124,0.5300150513648987,0.5110034942626953,188
58140100,persistence,zero_shot,CAMELS-BR,0.6315968241740177,0.8168897460430167,23.00599239835758,10.914486509380918,3.523606948854023,-0.0005380343729480984,0.9034057663422785,12.765738853068312,7.94000244140625,0.15838654339313507,0.1523553878068924,33
58141000,persistence,zero_shot,CAMELS-BR,0.5434393067019897,0.742166344898,1.132395385962227,0.4528938471937979,2.042594514496918,0.0007948427972303881,0.8120293286805556,3.870119342541408,1.3772215980237732,0.24910905957221985,0.25828665494918823,179
58141800,persistence,zero_shot,CAMELS-BR,0.5889491412686223,0.7917375655846495,2.7057332383938966,1.5670535156433596,-2.498185023213731,-0.0004534199527896632,0.9725323921990108,5.592702635159142,4.163234895343795,0.356513649225235,0.36947253346443176,187
58142000,persistence,zero_shot,CAMELS-BR,0.6521347684284884,0.8282838739867437,2.1277744009799693,1.234521246970968,1.8532803402054179,0.0005719229219442075,0.9500376667759607,3.804142260507544,6.351377827304567,0.2464214265346527,0.29650431871414185,188
58142200,persistence,zero_shot,CAMELS-BR,0.7432622775664139,0.8727259939549761,3.1322167456772694,1.489756387598971,0.3440920601608179,0.0010490402379781938,0.9791746703493001,8.375158888441872,5.720493967695102,0.39394626021385193,0.3887541592121124,188
58147000,persistence,zero_shot,CAMELS-BR,-0.9267644524882523,0.23453409265263436,1.6832716181600167,0.546207448824289,16.589493870987017,-0.0031478783625285695,0.589319150934783,4.945973667837637,6.032672784547404,0.8620218634605408,1.0555118322372437,188
58148000,persistence,zero_shot,CAMELS-BR,0.3385890387822075,0.6643086686225086,0.6341802889268515,0.19110106557924697,0.4500439072513194,-0.0020420904605890113,0.9727035995416917,2.5235320362315607,3.391726119497163,0.6761706471443176,0.6944156289100647,188
58152000,persistence,zero_shot,CAMELS-BR,0.9373751335113185,0.9625174876779757,8.68714206838175,5.073936178329143,0.5591616990380202,2.5695393772110463e-05,0.9776053966038777,10.601886624558858,8.602325267042627,0.15754538774490356,0.14720089733600616,188
58152010,persistence,zero_shot,CAMELS-BR,0.9494324777880594,0.9697682729289425,9.58997834120548,5.910253118961416,0.7255527605429569,-3.6906141565418854e-05,0.9821049223158755,12.88575380924318,8.996671249614964,0.1586271971464157,0.17557771503925323,188
58152100,persistence,zero_shot,CAMELS-BR,0.8622684604170535,0.9260777795242954,11.82461704395474,6.263932331188305,-1.7694095591952979,-0.0001901910738804271,0.9716272135964783,36.53055937651591,72.01235897379493,0.21725185215473175,0.21741308271884918,148
58155000,persistence,zero_shot,CAMELS-BR,-0.16540324918865323,0.47313948155703167,0.36349962803616426,0.1187765963296307,8.987526547862712,0.0022957575754239713,0.8308772705772741,1.4122616333525737,2.028386230511243,0.6749539375305176,0.7386572957038879,188
58156000,persistence,zero_shot,CAMELS-BR,0.6002212647928002,0.7411732448276558,0.3538227918993933,0.15220437900428355,7.2132580405276965,-0.0050692014879214105,0.7878628388614701,1.3081393431661679,1.1562276369767526,0.5842457413673401,0.6850478649139404,137
58157000,persistence,zero_shot,CAMELS-BR,0.38407558316649026,0.49578830078011904,0.2485144009742968,0.10813978452595972,-13.097747726429676,-0.003500391147160574,0.6559523312638265,0.9050972303625141,0.9369999766349792,0.7416408658027649,0.585750937461853,93
58158000,persistence,zero_shot,CAMELS-BR,0.9242156942547404,0.9619912803626444,8.549951402042284,5.3452381406511575,0.026026391998799938,-0.000780378669770149,0.9940504671679131,10.63014581273465,8.0,0.16502916812896729,0.16548492014408112,84
58158100,persistence,zero_shot,CAMELS-BR,0.9292712084862047,0.9444975116580817,12.878286133525293,7.785729387973217,-0.1478004000430831,0.00016852614189076867,0.9562010473682362,30.977353865586604,63.42760694629373,0.21532315015792847,0.22038164734840393,188
58165000,persistence,zero_shot,CAMELS-BR,0.5942495742686529,0.7416073764703162,1.1887091580430575,0.45277127655262644,5.410288126103402,0.0010827685795365694,0.7843813963256698,4.005660023019781,6.82740759196035,0.3522177040576935,0.4205617308616638,188
58165500,persistence,zero_shot,CAMELS-BR,-0.010562744288048043,0.4497243436630264,1.3194706392877606,0.4804574409697918,-1.3263583159247645,0.0,0.9158188507503855,4.498952412446709,9.105864419392065,0.37863102555274963,0.3760981559753418,188
58170000,persistence,zero_shot,CAMELS-BR,0.3465131916585632,0.31736900806429635,2.907365559948979,0.8808510645906976,-12.570379068819616,-0.00014023901008475975,0.4222861808679269,12.239678130439982,20.670400171085767,0.5486857295036316,0.3292238116264343,188
58170100,persistence,zero_shot,CAMELS-BR,0.13080917737811026,0.5335732340294331,4.32026984472636,1.3966223435833098,9.640687574402481,-0.00135748509477248,0.6082659992110491,16.85369798189299,24.178347702477982,0.5961806178092957,0.6875646710395813,188
58177000,persistence,zero_shot,CAMELS-BR,0.8646679991639739,0.9084993734999358,2.839911557182877,1.0249044955446478,3.2735637892018015,-0.001245573556127335,0.9324876044382069,8.200489152447027,4.573173664926036,0.6154959201812744,0.6210853457450867,178
58182500,persistence,zero_shot,CAMELS-BR,0.8688930498081935,0.9324080243410718,13.02231059828642,7.684840547277572,-0.11515017665695199,0.00024237400907205827,0.9858471326157598,27.2258419122097,28.031008296907142,0.13019947707653046,0.12866385281085968,188
58183000,persistence,zero_shot,CAMELS-BR,0.9409497291127296,0.9624164502555275,12.466165840878832,7.0304371425083705,-0.1628785372571289,-1.114501728330386e-05,0.9767770650719633,37.73963547396258,14.70956829717417,0.18827809393405914,0.1916975975036621,175
58185000,persistence,zero_shot,CAMELS-BR,0.10064087570941338,0.23215560395419588,1.6612202969044993,0.33581382812971766,-10.189744308093683,-0.0027477924230492924,0.5515113402467753,7.120831831022284,14.83578295743222,0.6869707107543945,0.5027315616607666,188
58190500,persistence,zero_shot,CAMELS-BR,0.5149498214808872,0.7517518403690819,0.16622892316573687,0.07522666846712431,8.473006390396923,0.00623027961605295,0.8612551209946202,0.6087171132839125,0.9300000667572021,0.5818594098091125,0.5708980560302734,75
58192000,persistence,zero_shot,CAMELS-BR,0.8960110352376265,0.9480707303914387,14.650262030972065,8.728938759697808,0.03516909103796177,-4.6266339347476e-05,0.9946696647607579,23.490757059769006,32.323835062720306,0.16127680242061615,0.15629319846630096,180
58194000,persistence,zero_shot,CAMELS-BR,0.5396609263624121,0.7339697329949919,1.4647519804668951,0.6992553231563974,-4.576433079694487,-0.00013632398742292884,0.8981254231123469,4.832902589456677,8.634749504481318,0.41047197580337524,0.3650830090045929,188
58198000,persistence,zero_shot,CAMELS-BR,0.003067627535183859,-0.20081005297829435,1.756424497541159,0.29940782545665123,-19.83359926808243,0.00013272378253019988,0.11811925605510121,7.7996121117467805,16.023231943287712,0.5743986964225769,0.2795763909816742,179
58200000,persistence,zero_shot,CAMELS-BR,0.6658570603269343,0.8300945545697807,0.3818617437490512,0.18222872459111697,1.10354274745217,-0.007524301376680857,0.9243661010025522,1.0708032033386832,1.7438889425465625,0.37988197803497314,0.42194294929504395,188
58201000,persistence,zero_shot,CAMELS-BR,0.9295540650708738,0.9454991146804231,15.27505591369204,9.629878512295809,0.7240673277430175,-0.0008817729058770343,0.9585012447162009,27.29974773093403,50.74472132920201,0.2461843639612198,0.23527465760707855,165
58204000,persistence,zero_shot,CAMELS-BR,0.7785477907749367,0.8819588397374851,25.2225143870596,11.861129719723937,-0.8263726244794906,-9.748632716635643e-05,0.9667391167665739,66.47930483070355,129.23653890369192,0.2086249142885208,0.1969655603170395,186
58206000,persistence,zero_shot,CAMELS-BR,0.8925744419301022,0.9325313350624886,13.35364615434509,7.859909504017931,-0.5839758699357372,-0.0013844569967049018,0.9606802887351688,20.438109434766297,18.1886344445692,0.18555164337158203,0.17727512121200562,188
58207000,persistence,zero_shot,CAMELS-BR,0.49039134660034545,0.6378189080218686,1.9594982064429813,0.7873457546563859,7.768150419574294,0.0,0.6701494476566032,6.3606675439097,1.8184613019119449,0.3918123245239258,0.45949825644493103,188
58211000,persistence,zero_shot,CAMELS-BR,0.8943974133012872,0.9430383643847051,1.8619866379875358,0.9360352495137383,-1.084902745354578,0.0035631128524839482,0.9731448792922197,5.741213007855743,11.482164279628398,0.5034003853797913,0.4996137022972107,170
58212150,persistence,zero_shot,CAMELS-BR,0.5538926320943891,0.7630980855159517,2.2950603140060792,1.044504611105319,4.088187216464292,-0.0024022476315738207,0.9391292552044422,7.724600046188127,8.87336220286868,0.5019434094429016,0.5049293637275696,151
58214000,persistence,zero_shot,CAMELS-BR,0.8989437710696975,0.947743053528966,13.592489608942824,8.338069308887828,0.5577402560166019,-3.3036860928999275e-05,0.9851614033903758,34.32735824247367,38.60101318359375,0.18523499369621277,0.16541793942451477,88
58214250,persistence,zero_shot,CAMELS-BR,0.8504009371249553,0.9244080835559904,18.607341763531352,11.646639772517952,-0.23215703597857726,0.0006170398191615526,0.9916960082487281,43.95059500032642,76.46451355382739,0.21705563366413116,0.21001635491847992,167
58215000,persistence,zero_shot,CAMELS-BR,-0.13717228433405615,0.3674432193585042,0.6850938826855365,0.25200000012967183,11.526819110649384,-0.003830816784883919,0.42079981578857173,2.4299602413920796,3.9259269427888053,0.5939627289772034,0.6520882248878479,188
58217500,persistence,zero_shot,CAMELS-BR,0.4838166368768083,0.6158642097525644,0.926341908419216,0.33261702138375726,-6.91012875644985,-0.0022510791096885877,0.7591524092257756,3.6205551605907003,5.279893947670547,0.9924479722976685,0.9243830442428589,188
58218000,persistence,zero_shot,CAMELS-BR,0.9326761014076365,0.9598366780699794,15.971665773488427,9.09863329645413,-0.13520218333954628,0.0002540180960650404,0.9747618134191067,51.27856536775841,65.47935694113846,0.220244362950325,0.22257177531719208,134
58218100,persistence,zero_shot,CAMELS-BR,0.9582650640366166,0.9742873752114188,13.309879496331993,7.969164219308407,0.6968072296658956,0.00018454150629145915,0.9841071004026866,11.422151797864451,9.798729914705687,0.21431490778923035,0.21083423495292664,188
58220000,persistence,zero_shot,CAMELS-BR,0.549113780954354,0.7806954235379172,1.5003024886931111,0.5202971804008055,-0.44062829687692384,-0.0015276372353249836,0.9471028749566638,5.585712969093442,7.245985716089122,0.5061656832695007,0.5545370578765869,178
58227000,persistence,zero_shot,CAMELS-BR,0.5119689762121655,0.594497650745869,2.248381229606155,0.7490355178449281,-8.878596953612464,0.0013129290873865294,0.7011484081201603,8.807848451508889,13.056316428115323,0.45870909094810486,0.3484553098678589,169
58228000,persistence,zero_shot,CAMELS-BR,-0.1593545529698599,0.4937882499747601,4.9898639759173,1.9488151980483013,-1.5487227726453958,-0.0011850024298065698,0.7806236947140319,18.494005199772822,20.793999195098877,0.5988656878471375,0.6373062133789062,92
58230000,persistence,zero_shot,CAMELS-BR,0.8087574490139758,0.9028889447930721,23.521463725249934,11.965372329062603,-1.413808653419122,0.00028755481531079824,0.9812417874887727,71.59603853091897,23.637266780646392,0.19943760335445404,0.19796082377433777,188
58230100,persistence,zero_shot,CAMELS-BR,0.9289787228393968,0.9607773392997916,19.315119573552813,11.388010619789041,1.8165358862262195,-0.0008000989132984464,0.9795423008352377,36.353866134834554,56.59044149875631,0.22593262791633606,0.21994295716285706,186
58230150,persistence,zero_shot,CAMELS-BR,0.7872877235063965,0.8647699158497925,29.884472759438793,15.811301657238847,-1.030792049221022,-0.0007880797754095895,0.922778324119534,106.45611544410663,157.46191871856234,0.24565039575099945,0.22810260951519012,159
58230200,persistence,zero_shot,CAMELS-BR,0.9093629021017329,0.9474198613120286,19.031003769575896,9.985074626865671,-0.768007447344944,0.0,0.9736263763883078,43.41000542995326,12.747548783981962,0.19138124585151672,0.18226946890354156,134
58230600,persistence,zero_shot,CAMELS-BR,0.8239134738634084,0.9060728072021484,27.608153334631638,15.568263477182644,0.11073340713727915,-0.0004984279793469742,0.9568770578075438,68.87016835238613,111.69746678519103,0.23368123173713684,0.23425103724002838,187
58234900,persistence,zero_shot,CAMELS-BR,0.4088712127828793,0.654427237043399,105.5161144441325,50.01389004742658,-3.7499405925923317,0.0,0.8511701002521744,392.6702300588529,598.8910179170892,0.37877151370048523,0.31609296798706055,135
58235000,persistence,zero_shot,CAMELS-BR,0.8594493442009405,0.9294957981710374,24.260308373724367,14.603591107307597,-0.8273747752800888,0.001623088656663772,0.9861397076971065,69.48458657866122,82.40994406124851,0.27474913001060486,0.26816949248313904,188
58235100,persistence,zero_shot,CAMELS-BR,0.8003235482231362,0.8994053738614641,32.39438483136695,17.045566842911093,1.184421873923656,0.0005866066563423016,0.9718540784140622,81.68446869909425,63.490925913853566,0.24015022814273834,0.2484663873910904,188
58240080,persistence,zero_shot,CAMELS-BR,0.8564195404463539,0.9044831323291125,22.648446473424496,11.76063829787234,0.4384182103246037,0.0,0.9293521002089312,63.148238296883626,109.34349546269316,0.1311189830303192,0.1238400861620903,188
58242000,persistence,zero_shot,CAMELS-BR,0.8759869981649038,0.9344863522267031,20.339753077740788,9.345187897377826,-0.7074952574346938,-0.0003064644387476131,0.9808958260666283,70.8251627890346,35.190040351088264,0.17319102585315704,0.1640767604112625,188
58247000,persistence,zero_shot,CAMELS-BR,0.6407407232611269,0.5620475741725472,0.705318846750989,0.2766565707596866,7.40089845416878,0.0022163951830604864,0.5639720684274567,2.91241493065498,4.160000324249268,0.3195854127407074,0.3991581201553345,99
58250000,persistence,zero_shot,CAMELS-BR,0.891808259446502,0.9447819037090363,19.75171362359284,9.941998299132003,-0.16823643583968567,-0.00011825027746091912,0.9893418410140999,39.61554443604027,61.048863535442344,0.15194369852542877,0.1492622047662735,188
58256000,persistence,zero_shot,CAMELS-BR,-0.9464462774442717,0.22504633960420306,3.007747400512693,0.6530531814440768,7.906112242636366,0.004003859087478825,0.6826213221171873,12.69395993580118,17.841705388706718,0.4609271287918091,0.5138852596282959,188
58258000,persistence,zero_shot,CAMELS-BR,0.6959587370634397,0.7782310252187474,3.454488709640645,1.1527532063266064,2.1242669778661263,-0.0011813479776023005,0.8175565552081095,13.38479097566298,26.767026329904933,0.4660003185272217,0.42048290371894836,188
58270000,persistence,zero_shot,CAMELS-BR,0.5241941239518639,0.6184887204506311,4.085736412472732,1.3251909765791385,-6.346750956690719,-0.0004471897672266526,0.7258275853232767,15.900928750971241,31.794427227921044,0.5083096027374268,0.451875776052475,188
58285000,persistence,zero_shot,CAMELS-BR,0.5234689106770352,0.5360563513705774,1.5305515514105446,0.48226276864396767,-9.51802730294687,0.0,0.6183069262224574,6.054070103015208,9.826870195161739,0.5323101878166199,0.37820810079574585,188
58286000,persistence,zero_shot,CAMELS-BR,0.06799797229451177,0.5420062911925665,3.3840073812563354,1.2011574487736885,5.923574873081699,0.0009325855854771664,0.6511797327564142,10.744919278811736,9.874870856900015,0.37884342670440674,0.3956872522830963,188
58287000,persistence,zero_shot,CAMELS-BR,0.6223762691094432,0.7303102407139284,3.4288115254094342,1.3507153212658467,0.8989552778214338,-0.0013518518109154228,0.8218898640428114,11.236063238920481,20.46503631194073,0.5867671370506287,0.5592129230499268,163
58300000,persistence,zero_shot,CAMELS-BR,0.8671761073720907,0.9196395902461993,26.748179827337356,14.382256528164477,-0.9345350227611811,-0.00027074965766860776,0.9568397674450484,81.19920846659167,87.56032566745431,0.18322567641735077,0.16949650645256042,188
58300001,persistence,zero_shot,CAMELS-BR,0.8972717828134341,0.9475786417007481,38.6022502055286,21.773255813953487,-0.7068068128885918,0.0008735782487232979,0.9886124288881694,110.4058170770202,11.423659658795863,0.1526419222354889,0.13755404949188232,172
58305001,persistence,zero_shot,CAMELS-BR,0.7508745297588526,0.8232229963297513,65.27492362938985,33.12745587122923,-2.551498055814371,0.0006841110460537071,0.8816907432673347,207.0888878946016,202.20787327738694,0.24963319301605225,0.21885837614536285,173
58315100,persistence,zero_shot,CAMELS-BR,0.713070726843904,0.8469423371472686,56.581200875744464,24.37325568377653,0.23256240703314707,-0.00028445656422518544,0.9176915726342603,134.36149048262396,35.433719232017616,0.18253429234027863,0.1924336552619934,187
58318002,persistence,zero_shot,CAMELS-BR,0.8199042450101517,0.8968785166314263,62.307983254568285,31.938611163887927,-0.7756746964137797,0.0006900544383329626,0.9388244178379518,86.85632738996131,50.36716023370133,0.2719137370586395,0.2665487229824066,186
58318080,persistence,zero_shot,CAMELS-BR,0.7697541758024069,0.8453304524844013,40.77759654535917,14.094733948403217,-3.6952953136851185,0.0,0.9030915023989042,153.79294331090182,161.23585209251695,0.2796158194541931,0.2534049153327942,188
58321000,persistence,zero_shot,CAMELS-BR,0.8047323721247119,0.8743142108871356,33.71909750787647,13.636575597397824,0.9175744466918365,-0.00046683326665888057,0.9021117540368925,128.18482744522757,141.9137898870342,0.2640358805656433,0.26486700773239136,188
58335000,persistence,zero_shot,CAMELS-BR,0.13485425179174348,0.179578103339181,7.141251566002747,1.6319320797920227,-5.587466266547994,0.002676484808815216,0.4367770513778071,29.235466849735694,61.11391549278589,0.4744538962841034,0.4052877724170685,162
58338000,persistence,zero_shot,CAMELS-BR,0.6228786282466023,0.7761526697288641,4.640179128458219,1.970234068150216,4.0532505822708496,0.0012308713085496838,0.8860849457393178,16.417309677033163,30.668265617779216,0.39636147022247314,0.4214363992214203,188
58339001,persistence,zero_shot,CAMELS-BR,0.12340531759791507,0.5276599356231839,1.3130568639622837,0.41762180880153,5.893837469716689,0.0,0.8945536562025446,5.004185162140048,10.232643010339565,0.7969980239868164,0.8659851551055908,188
58347000,persistence,zero_shot,CAMELS-BR,0.5073192239858908,0.7355110491901757,0.49500819446023464,0.17880794701986755,2.0408163265306123,,0.9345223939218639,1.1766968108291043,1.9364916731037085,1.1836735010147095,1.159999966621399,151
58350001,persistence,zero_shot,CAMELS-BR,0.44463040611169236,0.7301005448514493,11.15758825268843,3.3640372835575265,4.249702203214345,-0.002295544164365875,0.920738182644599,43.89200760124619,85.18842644622565,0.6377729773521423,0.6793468594551086,188
58358080,persistence,zero_shot,CAMELS-BR,-0.4524612933671026,0.24301183572430474,0.7376128591974003,0.25754011083732953,-7.872219229145005,,0.912712588737938,2.5457355003312285,4.330127018922194,1.6563034057617188,1.6346749067306519,187
58359000,persistence,zero_shot,CAMELS-BR,0.5284673745912349,0.702964880333625,1.3890096565852077,0.6141304347826086,-2.1956087824351296,0.0,0.8593516739247609,5.039841267341661,9.617692030835672,0.49900200963020325,0.3571428656578064,184
58380001,persistence,zero_shot,CAMELS-BR,0.8133845990287738,0.8612469251061122,52.02125622121907,20.200343322753906,-2.0102837174204087,0.0,0.9013642101898908,183.79402382463758,150.68187861694548,0.41236159205436707,0.36838650703430176,175
58385000,persistence,zero_shot,CAMELS-BR,0.8466423028350267,0.9011747259501515,57.68724540654847,30.476946397261187,-2.3071530410092924,0.00021928890265811296,0.940198266262713,156.47306270924895,212.28298965294871,0.261741578578949,0.28347548842430115,165
58400000,persistence,zero_shot,CAMELS-BR,-0.9567379017462629,0.24192180872329705,3.105554407468931,1.1213409776896075,9.907097051602406,0.0012225538815334603,0.5524246214954218,8.269189772266893,10.744591815172845,0.7012466192245483,0.8322024345397949,183
58405000,persistence,zero_shot,CAMELS-BR,-0.9017896219512467,0.25482657741943027,12.865769947877354,3.6923697375236673,10.116844739645062,-0.0017347246575919427,0.5150752757118074,51.3354061314346,54.22460655220412,0.5794721245765686,0.7021350860595703,188
58409000,persistence,zero_shot,CAMELS-BR,0.3244249933110681,0.5774364327627622,9.017851200463227,3.4207041901601873,-9.974288396806271,-0.003919516609477491,0.8134371642146538,32.18485586190703,52.79999828338623,0.5541324615478516,0.47527486085891724,71
58420000,persistence,zero_shot,CAMELS-BR,0.23857496400934763,0.625054771572416,11.271608787608827,4.82733831380276,-3.330052086881022,-0.0015492322766185763,0.9589094746446578,37.03128396112305,53.10974438258128,0.5661401152610779,0.5854099988937378,188
58425000,persistence,zero_shot,CAMELS-BR,0.10489202267573694,0.5419554765405614,10.267410312787211,3.4628121249647026,1.5785409745170393,-0.0012096809547375367,0.6125263603785813,41.7006252859474,34.88355665880769,0.3877063989639282,0.40038973093032837,166
58427000,persistence,zero_shot,CAMELS-BR,0.7567251784092537,0.8581033298243764,7.438453385081093,3.206808567047119,0.5214053937178044,0.0009895736916776861,0.9367711062450294,25.536992991489136,42.35717212426948,0.3387213349342346,0.32190433144569397,188
58429000,persistence,zero_shot,CAMELS-BR,0.5171417004681271,0.7399749215222218,8.333420441263195,3.2953960942287073,-7.347186126166965,-0.0008453288790139599,0.8940457385794202,31.614988726511633,42.64549451550243,0.5538612008094788,0.49348944425582886,153
58430000,persistence,zero_shot,CAMELS-BR,0.5061651828448719,0.7381889757922311,12.55848701395345,5.446517642027413,-5.517129633641777,-0.0010502006685300363,0.9314522483805866,44.913857536684304,66.18972517844978,0.5054489970207214,0.48037436604499817,153
58434000,persistence,zero_shot,CAMELS-BR,0.5768493167775571,0.7645801044869096,1.4729776778253054,0.5310797835601136,-2.306075310225499,0.002017402403611857,0.9278212040333292,4.908642771269531,8.573218271056414,0.5497433543205261,0.5328543782234192,188
58435000,persistence,zero_shot,CAMELS-BR,0.3362678076937584,0.646339531332357,2.0934891272928082,0.8877810915795769,7.803615810733005,-0.0016836541804008884,0.7359911901582458,7.427857681898409,6.662305015916709,0.5036799311637878,0.5624606609344482,164
58440000,persistence,zero_shot,CAMELS-BR,-1.0755008672562232,0.13158745811882133,29.50751189364128,7.091331783462973,9.692167002567782,-0.0007151891720337897,0.2393601124843241,33.58347544983446,9.302811785306183,0.4118960499763489,0.5351970195770264,136
58442000,persistence,zero_shot,CAMELS-BR,0.32967340160476577,0.6664152685321065,27.212628335417975,10.88801568891944,-0.8343353501644685,-0.001985022602331129,0.7868160433057987,103.87061095708181,110.86667043760313,0.4513764977455139,0.467815101146698,164
58470000,persistence,zero_shot,CAMELS-BR,0.6934903848554975,0.8208247234079921,2.55105191324535,0.6420856327452558,-0.2461654961684058,0.0,0.9134291999335085,9.096458214776176,18.75971172469091,0.19321364164352417,0.192079558968544,188
58480000,persistence,zero_shot,CAMELS-BR,0.7372097554594268,0.7505034155202879,11.404299347370975,4.054255333352597,0.23735684862063616,0.002625279713346914,0.7761512473724936,43.49942505555196,71.69379331573968,0.4759135842323303,0.38070258498191833,188
58480500,persistence,zero_shot,CAMELS-BR,0.6241949317196402,0.7401680768680402,7.461252730896009,2.972517234307748,-4.18191583253505,0.00226100865854827,0.8405615470818759,25.753626134851146,34.34984563178697,0.3461206555366516,0.279315322637558,162
58491000,persistence,zero_shot,CAMELS-BR,0.4535388267022926,0.7247554924692925,7.315967527020193,2.8722887647912856,5.390351333465452,0.0014298321999915414,0.8414757059908964,18.900182083075304,25.643404525090563,0.34021517634391785,0.4071487486362457,188
58500000,persistence,zero_shot,CAMELS-BR,-0.3920443994656424,0.41408653494432324,6.332285442238481,1.838014875320678,2.5988393306924897,-0.0040189593496507015,0.6429016363837543,23.88041548544316,44.15992401103199,0.8065052628517151,0.7959383130073547,188
58512000,persistence,zero_shot,CAMELS-BR,0.8302034032376319,0.8793060514457158,9.857357645769236,4.032299843240292,2.063050296267101,-7.011708996886024e-05,0.9025615436873791,37.6660087074515,14.310080531529087,0.28073760867118835,0.28246867656707764,188
58512030,persistence,zero_shot,CAMELS-BR,0.7004065866917475,0.742747246384812,4.438381308475502,1.6437798655695386,-3.682333054626624,-0.0011742463986985745,0.7988624748566001,15.97113359011401,28.799427806601816,0.3947352170944214,0.3661958873271942,144
58512040,persistence,zero_shot,CAMELS-BR,0.16632427421163098,0.5106430491064804,10.644092286508894,2.8577170194463526,5.5940440435376795,0.0007972396154446344,0.5477970339721854,43.34073728975717,31.542127012081096,0.35452044010162354,0.39567482471466064,188
58512080,persistence,zero_shot,CAMELS-BR,0.8066410391850198,0.8823187151018199,8.617622480173376,4.048446555826116,0.544539745137482,1.3331168085896003e-05,0.919061292220848,25.970521024246924,17.839528154423338,0.4327714741230011,0.4117620885372162,187
58516000,persistence,zero_shot,CAMELS-BR,0.8565686977446769,0.8072254643699798,11.705236276237384,5.9081521863522735,3.5362178464220277,-0.0016551847622314556,0.8120037869325193,30.743847701177312,38.28837943815329,0.28233689069747925,0.33385854959487915,184
58516500,persistence,zero_shot,CAMELS-BR,0.8519243138651406,0.9030037340595928,12.020663757334567,6.077437794352153,0.41376355286302324,-0.0001697763562496478,0.929154245561422,40.56748908040058,44.93035925108051,0.32029983401298523,0.3619881868362427,166
58517000,persistence,zero_shot,CAMELS-BR,0.5604542634454999,0.7761662707584815,7.944011401682603,3.803586878807716,1.3046706723747328,0.001387077342122815,0.8812180999368909,24.139046827378387,28.166359351275343,0.379279762506485,0.4630994498729706,153
58519000,persistence,zero_shot,CAMELS-BR,0.8143004983374328,0.7988419928330961,20.65012885060327,8.190957576670545,1.3468086568568451,0.0026206414224175297,0.806347315368533,76.53234610280806,148.9244775045392,0.27760615944862366,0.281406044960022,188
58519030,persistence,zero_shot,CAMELS-BR,0.8555693371098814,0.9141431281770874,13.259337643766402,6.611656497825276,2.6077223393944267,-0.00012234328655905992,0.9476889612354106,45.10884770925962,72.73879561007573,0.33488529920578003,0.3573106825351715,176
58520000,persistence,zero_shot,CAMELS-BR,0.8461585051232846,0.8876330658709972,19.30785404714198,8.735010277884347,-5.097023738009597,-0.002610290762825016,0.9178747940738023,54.0994275992006,42.461416526415555,0.32405564188957214,0.27815017104148865,175
58525000,persistence,zero_shot,CAMELS-BR,0.3094720625013241,0.6739365725907877,2.9524861074482343,0.9189159467499307,2.178002953098841,-0.0008053756198184991,0.8615596306234652,8.628311580116273,17.570282633307457,0.3734589219093323,0.4136423170566559,188
58530000,persistence,zero_shot,CAMELS-BR,0.6656965184801613,0.757899299132438,5.177573709148915,1.9964005553976019,-4.587493998305717,-0.0009755781671856416,0.8397331089275442,16.202873106752413,33.62466998278631,0.3279314935207367,0.2912087142467499,188
58535000,persistence,zero_shot,CAMELS-BR,0.6794408957110307,0.835434501915745,9.859251916733593,3.788509079750548,-1.7511900897046422,0.0,0.9741642443610112,34.175521130423725,49.310276449660456,0.4409511983394623,0.4251609742641449,188
58542000,persistence,zero_shot,CAMELS-BR,-0.006443514678991402,0.5320648452323509,5.388974934475387,2.3095401315898685,2.8837390325447485,-0.0005694935076905397,0.6796974015186734,18.484288335686376,22.259931126654635,0.369870126247406,0.39525294303894043,182
58544000,persistence,zero_shot,CAMELS-BR,0.7786169854693437,0.8899849661682219,3.1910831975916056,1.4857612087371501,-0.38970882288296554,0.0005432084695082291,0.9860491126831112,8.393777156367412,3.0987795353833576,0.31091877818107605,0.326193630695343,188
58550000,persistence,zero_shot,CAMELS-BR,0.7958288117775622,0.8925691422392709,12.890229827760825,6.390533975932909,1.7078735333145647,0.001540399438764755,0.9702226021041971,45.1680077442429,80.4198031865776,0.3130830228328705,0.28743016719818115,184
58550001,persistence,zero_shot,CAMELS-BR,0.6928365073327629,0.7080439127573601,25.45151636079912,8.937858434404646,-7.04427625357782,0.0015060871602923104,0.7556018855171853,98.18513375981286,155.23328200370935,0.3913193941116333,0.30323636531829834,175
58560000,persistence,zero_shot,CAMELS-BR,0.5490658132949853,0.7743946132265286,1.3917374348774854,0.6003478621628057,4.901566642781012,0.0012127864956901213,0.943006297595992,4.6561472568978415,4.519021739156322,0.7934289574623108,0.7158898115158081,188
58573000,persistence,zero_shot,CAMELS-BR,0.5141261784791222,0.5906424096999822,1.5333862828728546,0.6115489356378292,8.309187515112706,0.0,0.606320007315196,5.77525655991692,6.8485352922835885,0.5199472308158875,0.5615440011024475,188
58578000,persistence,zero_shot,CAMELS-BR,0.7771929339855248,0.7695122516251245,2.490688767256608,0.9893097722012064,6.111348238893763,0.0007956643816633014,0.7802606533162596,7.907622482513865,6.25731556845018,0.38553789258003235,0.4430905878543854,184
58585000,persistence,zero_shot,CAMELS-BR,0.7808585072725809,0.8188155763083244,33.04485449932099,13.231720853533064,-3.690650265200583,-0.0009282446296129294,0.8594247292669055,121.168064652492,233.37540013761435,0.3825701177120209,0.33383360505104065,175
58590000,persistence,zero_shot,CAMELS-BR,0.8299923179247448,0.8926902470483106,22.1588858175937,10.014361716331319,-0.24246016900332137,6.946343970852878e-05,0.93845638611272,72.74750854840322,135.1240171102088,0.33360424637794495,0.3194943070411682,188
58610000,persistence,zero_shot,CAMELS-BR,0.7844469231364712,0.8804474375209954,5.128671982510883,1.9567348513492318,-0.1079212684292335,-0.0014982470199857729,0.9500212333678417,18.23550728868469,28.372067689192455,0.35737526416778564,0.3796166181564331,129
58620000,persistence,zero_shot,CAMELS-BR,0.9114356915221726,0.8633573115770062,35.81464954711473,20.334943413011956,4.179770131404324,0.0013372209723366054,0.8666682800005865,83.42750785808886,20.916918232439443,0.2933948040008545,0.3167121112346649,165
58630001,persistence,zero_shot,CAMELS-BR,0.727892057639911,0.8159845816901485,73.6895803714416,25.856382978723403,1.5441409971419497,0.0,0.88520217364435,285.3811486416017,484.6627693561782,0.40576374530792236,0.3524881601333618,188
58630002,persistence,zero_shot,CAMELS-BR,0.7687316330959804,0.8272680883418968,95.24572167598768,36.83101378095911,-2.3082604687109414,0.0,0.878197871208745,291.32739182854,449.4780153483254,0.5112688541412354,0.40526533126831055,188
58636000,persistence,zero_shot,CAMELS-BR,0.7771353670319143,0.7892555027143412,135.16773979331742,66.03345923953586,4.243404614344018,-0.0016111823312748904,0.803591564651926,242.57390040054256,134.75118057211205,0.29079365730285645,0.32349297404289246,144
58645000,persistence,zero_shot,CAMELS-BR,-0.0024733213981262825,0.5435231207635576,6.2320739234823295,1.8369076506782125,3.8794019576159924,0.002559764004192987,0.8656693178434306,24.687785803013536,37.50864765073871,0.5897212624549866,0.5827793478965759,131
58648001,persistence,zero_shot,CAMELS-BR,0.9281493325030928,0.7944875899115031,5.046047071593397,1.7952670995899707,3.7425964735057797,0.0003093622611727437,0.7948220363162782,19.535755302372472,37.831320215911965,0.36171954870224,0.4376765489578247,173
58651980,persistence,zero_shot,CAMELS-BR,0.8739023122573456,0.8998569418451382,85.04748458726357,53.863297969736955,1.733396709373477,-0.0016533025530434588,0.9160530983076118,228.5058185055888,184.04483149493765,0.291212797164917,0.3218859136104584,188
58658000,persistence,zero_shot,CAMELS-BR,0.21422407434282753,0.6309062814898252,3.712900092970845,1.0190074535760474,-1.7203810346768869,0.0008379271534059186,0.7792869815116152,14.428226859889975,27.664926682404204,0.7501491904258728,0.6722585558891296,188
58670002,persistence,zero_shot,CAMELS-BR,-4.693520753139388,-0.9056820185547205,17.96833354972857,2.780119497711594,40.20150815550646,0.000317445114448197,-0.8609813917584548,76.65529603834402,17.717744104107485,0.5854780077934265,0.9570403695106506,185
58710000,persistence,zero_shot,CAMELS-BR,0.38885432791097607,0.6068083847572521,8.231742536981624,2.49633663258654,-4.1834225526090165,0.0006976747498547119,0.8194496688294097,32.87965571625438,62.387937266183556,0.4441700577735901,0.3824877142906189,188
58720000,persistence,zero_shot,CAMELS-BR,0.6888481277192962,0.7825300304407271,4.38100174942381,1.0799349568372856,-2.2247714646262073,0.0009221625241157411,0.8620621550401532,18.276975451560688,32.887425193566635,0.38729017972946167,0.36935776472091675,163
58725000,persistence,zero_shot,CAMELS-BR,0.8465128527546263,0.916762337400059,1.8631818658838752,0.7519172571954273,0.14416588093970759,0.0008297040352711425,0.9705653001475496,5.093450992565581,3.919053755818227,0.2509227395057678,0.26960691809654236,168
58730000,persistence,zero_shot,CAMELS-BR,0.7218991286602767,0.8535725791701598,17.738634221289995,7.757446735463244,-2.2684879288027164,-0.0018371113865845567,0.9578876016129138,59.4767595208053,79.69002446981679,0.3421500325202942,0.3148810863494873,188
58730001,persistence,zero_shot,CAMELS-BR,0.5738709653759679,0.7707136761206566,20.43212129942963,6.811346107355043,-2.741987215585688,-0.0006432994114965885,0.9435318146505605,83.57392021084382,130.5362314404419,0.37076810002326965,0.3722999691963196,179
58731000,persistence,zero_shot,CAMELS-BR,0.6635845920789171,0.7148755940141023,13.611685865672476,5.6448049682507415,1.4014781669593452,0.001290531456152405,0.7273050745231855,53.94620217876036,92.58284785412943,0.2663377523422241,0.3166733682155609,139
58731300,persistence,zero_shot,CAMELS-BR,0.6802269389449647,0.8007368527467194,9.271596773254709,4.409212173299586,0.4895855077407131,0.0006690683043370383,0.8947038952866309,32.495696618314014,50.821251396942856,0.37493565678596497,0.3560655117034912,188
58735000,persistence,zero_shot,CAMELS-BR,0.8356945899414688,0.8014352585548246,17.426432814916552,7.360404745061347,-5.659375294031382,0.0013206032806459458,0.8175392653948468,67.81642524385649,94.72771569357498,0.39155372977256775,0.35757210850715637,188
58736000,persistence,zero_shot,CAMELS-BR,0.33527042053012246,0.6756989917291505,20.234381598517345,6.444716516961443,-4.8951563001936105,0.0029380183655934033,0.9314178773160695,80.68829839434906,103.55545067657984,0.7064142227172852,0.6994128227233887,188
58737080,persistence,zero_shot,CAMELS-BR,0.8253892945012182,0.9116120341300717,0.30997830514638225,0.15932467154094151,1.6817535959964236,0.003921019288151115,0.97821064677743,0.29441886672168255,0.42729997634887695,0.2718336284160614,0.3088519871234894,77
58737180,persistence,zero_shot,CAMELS-BR,0.19971299235978712,0.48640828906782774,0.38531276610829357,0.17757826266081436,-4.12899189625449,-0.0007500872331115689,0.7753264612652685,1.1516856759198266,1.6287000179290771,0.1440892219543457,0.16055330634117126,23
58745080,persistence,zero_shot,CAMELS-BR,0.5893658631311641,0.7655948714220904,2.4226001152312033,1.0535638427480738,0.43397598841487606,0.001221681770364403,0.916878980822836,8.701107606947796,14.800246997499112,0.284085750579834,0.3163120150566101,188
58750000,persistence,zero_shot,CAMELS-BR,0.4101088447165794,0.5605093243590192,7.001919237860159,1.131641113758087,-2.955748509382219,0.0003278974860551516,0.7281412446093611,30.867923902721927,64.4681308465022,0.34080228209495544,0.3008633255958557,180
58753080,persistence,zero_shot,CAMELS-BR,0.6285013187658115,0.7512704943219759,4.709415393364174,1.903801616281271,-13.40679964748627,-0.00562408253538421,0.837569199901537,2.351245524964223,2.110300064086914,0.4317406415939331,0.5242752432823181,64
58755000,persistence,zero_shot,CAMELS-BR,0.6118195140971944,0.776335625360884,10.536747951981486,3.5611601490184572,-2.17236003178311,0.001843774718831603,0.9140696221333432,38.57218366744027,70.12176106415394,0.36457300186157227,0.36960914731025696,163
58765000,persistence,zero_shot,CAMELS-BR,0.843364630486753,0.805191484337038,22.258441967562618,9.982432210767591,-3.7249410173636197,-0.0023498496090036854,0.8185798823563777,80.89808403170004,133.0,0.35811561346054077,0.3035464584827423,74
58765001,persistence,zero_shot,CAMELS-BR,0.8081041103583091,0.8331286003446826,19.280349882743582,7.151040607310356,2.6793506949939485,-0.0010748648947688996,0.846069170099381,75.89301969619814,135.93111520968918,0.47862717509269714,0.5311939120292664,188
58765010,persistence,zero_shot,CAMELS-BR,0.7346692710780687,0.843412398887996,10.627002052746535,6.2194565534591675,-0.3098085817453938,-0.00456692128630563,0.922104931582847,27.840405911230043,14.272003173828125,0.3570690453052521,0.3833233118057251,32
58770000,persistence,zero_shot,CAMELS-BR,0.8355567232631846,0.8954831317864724,40.990497093770216,18.39945818219866,-4.23234076053707,-0.0017417317233402,0.9335640990557081,146.54496186202522,169.89983249915628,0.4432021975517273,0.3705165386199951,175
58788050,persistence,zero_shot,CAMELS-BR,0.6821189487423371,0.7845831950759143,42.68575476808468,13.049882168465473,4.593450621342125,-0.0009674150372532796,0.8225954693896996,160.6820819329711,61.86977508658975,0.48817482590675354,0.5334671139717102,188
58790000,persistence,zero_shot,CAMELS-BR,0.695746097627597,0.7297041901369561,44.918452348454295,14.88107198349973,-1.8213273685775113,-0.0017314307963902705,0.7663801437243948,175.03398122722217,361.9038537986559,0.45860493183135986,0.39442965388298035,188
58790002,persistence,zero_shot,CAMELS-BR,0.9129963243054289,0.9495977847568614,38.37511841246514,18.26673013959612,2.3493451024821654,0.003191199730101797,0.9718205211153982,130.80831297232265,149.0539709820299,0.4240094721317291,0.4102306067943573,175
58792100,persistence,zero_shot,CAMELS-BR,0.9023968514320443,0.9465827857836024,47.292247975217734,17.962165069580077,0.6232667936757007,0.0007691833236414605,0.9739015635041497,187.79746131298572,235.4381091420518,0.45722416043281555,0.4564058184623718,175
58795000,persistence,zero_shot,CAMELS-BR,0.9280128045222512,0.961930052494178,123.52395629617044,70.83778485979353,0.9946696216360468,-0.0024539046642917724,0.9852588217049202,282.71354127714267,394.58445491984673,0.39049237966537476,0.372270405292511,175
58805000,persistence,zero_shot,CAMELS-BR,-1.5569856594551563,0.02341919086639499,0.3218130184171577,0.09215159529938977,6.565771755745392,-0.0019921547239508224,0.15581546320278028,1.1846932553375853,1.0116277395912878,0.44284430146217346,0.5421963334083557,188
58820000,persistence,zero_shot,CAMELS-BR,0.6259205173928428,0.7889476552039372,1.5502111122870752,0.7283420163266202,4.901924275328877,-0.0012411420330129212,0.856889671074135,4.045806480495824,4.027422781766122,0.4424757659435272,0.5241464376449585,188
58825000,persistence,zero_shot,CAMELS-BR,0.724244846190776,0.7671518764193173,3.140321559727636,0.9780068968204741,4.4393269167171026,-0.0003997162979389596,0.7849867749999231,12.341092242556112,1.5144371348616699,0.35877856612205505,0.4209871292114258,188
58826000,persistence,zero_shot,CAMELS-BR,0.702822129327821,0.7931005947300775,1.9022213612268957,0.6750962867381725,4.941482686094907,0.0036121794483790545,0.8266966765143392,5.226691318448891,8.225092770706912,0.4553658366203308,0.5308762788772583,188
58827000,persistence,zero_shot,CAMELS-BR,0.6180391259246533,0.8012105153201685,6.038265280845289,2.5799941572737186,0.9724443845799184,-0.002234699892394696,0.8913438906219255,21.130824738639582,2.016265805341849,0.35941705107688904,0.3681488633155823,188
58829000,persistence,zero_shot,CAMELS-BR,0.7090304591141253,0.7918478460778524,6.107579442805912,3.24848747792217,6.645288636169408,-0.00028036647194349014,0.8218545535485298,17.76453782806981,14.998232516555927,0.2984617352485657,0.3359304666519165,177
58829400,persistence,zero_shot,CAMELS-BR,0.22571198702719464,0.5438862108815105,16.903802844559284,5.6448413895328615,8.883046694271679,0.0,0.5989295599807175,70.75160624364841,40.61760349306264,0.46640539169311523,0.6026443839073181,179
58830000,persistence,zero_shot,CAMELS-BR,0.6008284286019049,0.8046514308779498,1.3025937291570784,0.3833221458099984,-0.08980645050193048,-0.0014196076777260565,0.9629987203595649,4.115688922019079,6.233888933954113,0.1423465609550476,0.15336230397224426,185
58846000,persistence,zero_shot,CAMELS-BR,0.801105313637538,0.7392764455298082,9.51105195573998,4.4477115276881625,-6.325562356902643,-0.0013865185114449313,0.7539019318036522,34.65986739876348,60.57647242608186,0.4158652722835541,0.29019710421562195,175
58850000,persistence,zero_shot,CAMELS-BR,0.7478130691349202,0.8074200326412951,10.593572175575243,3.643064799516097,1.1447313288716967,-0.00027450602146829664,0.8232714154333007,41.97061792324781,74.63091877743022,0.33518388867378235,0.3536379039287567,184
58856000,persistence,zero_shot,CAMELS-BR,-5.124423037145551,-0.7359466733064777,0.47156322949735574,0.07262075615097892,10.661441477397716,0.0,-0.5960619159108618,1.981160881208926,0.999554668644195,0.3285207152366638,0.47763168811798096,106
58856500,persistence,zero_shot,CAMELS-BR,-12.623060857567706,-1.819061490932215,0.3927513239317397,0.048779092051766136,32.05253938859319,0.0,-1.674486411577048,1.6816021497209472,0.6795053949109466,0.3832261264324188,0.7800694108009338,110
58856900,persistence,zero_shot,CAMELS-BR,0.8581545646803741,0.8633531325397578,0.7883709181263531,0.39478722468335575,2.6676334118309533,-0.0007607877911643031,0.8749044300313423,2.3064822040552073,3.6062447744559964,0.3251296877861023,0.34069931507110596,188
58857000,persistence,zero_shot,CAMELS-BR,0.9275693329038678,0.9345376050941465,0.49380821319763496,0.19676117123441494,-0.07824142931458321,0.0005648337415121484,0.9455349962292813,1.7748041532191448,2.5269270214272397,0.16629233956336975,0.16323499381542206,188
58858500,persistence,zero_shot,CAMELS-BR,0.23226211576027322,0.6358286515688343,3.5247823722617726,0.9934711638313012,7.865139602096115,0.002442089241582063,0.8523500595920457,14.813778997163233,25.802236271645494,0.6202867031097412,0.6577781438827515,149
58860000,persistence,zero_shot,CAMELS-BR,0.8053574242564153,0.6804006208260751,1.9089423773297127,0.4416119602625955,2.6437302411040156,-0.0006271687243608586,0.6811604096269849,7.934486796480766,16.36789383485186,0.4487554430961609,0.47967174649238586,167
58861000,persistence,zero_shot,CAMELS-BR,0.5343152897089303,0.7322696365795683,1.4483215601176151,0.5317714255196707,3.6438541211578985,-0.0003876769622172746,0.7989306265324143,5.207689655682155,3.9495628359111885,0.37445637583732605,0.48761096596717834,175
58862000,persistence,zero_shot,CAMELS-BR,0.18362527119615812,0.07147316387002955,3.05290978860253,0.3997872316456856,-20.023382368731408,0.0,0.10867519490477417,13.216540095384188,29.350540411423896,0.6408054232597351,0.31397169828414917,188
58863500,persistence,zero_shot,CAMELS-BR,0.22683334645659714,0.6380639805978174,2.772234519905143,0.9508147547709062,-4.887862909836882,-0.0011947535347865204,0.8631398083961472,11.15940482045803,15.373157764269992,0.5405089855194092,0.5385714173316956,149
58868000,persistence,zero_shot,CAMELS-BR,0.845948405759791,0.8890267512380275,2.724893842937135,1.477023768992651,-2.654196454005443,0.0006549544220748795,0.921969581338501,7.40670518458002,0.20000076293945312,0.44295400381088257,0.35951873660087585,84
58870000,persistence,zero_shot,CAMELS-BR,0.7417410569600129,0.6894986480586522,6.352786126038463,1.7120851278305054,-8.63390327777017,0.0003675538333798023,0.7132679076314303,26.60272569144528,54.387012240808644,0.5459709763526917,0.4450754225254059,188
58874000,persistence,zero_shot,CAMELS-BR,0.7665722790419192,0.5912283799354583,25.97469520955323,5.86320937020438,-6.1592267223610095,0.0017169758821492832,0.5930416346798382,111.79696619188569,232.88604133401287,0.4754302203655243,0.3602539002895355,175
58880001,persistence,zero_shot,CAMELS-BR,0.9162195793114812,0.9457180151421652,143.38967440001238,72.68966979980469,2.0889154291239933,0.0010651869127276115,0.960576046014831,469.30439135522295,810.7512150281024,0.37079253792762756,0.36156731843948364,175
58905080,persistence,zero_shot,CAMELS-BR,0.7705772555407163,0.8754287888650568,2.651083253598709,1.229268954524511,-1.1883675514631236,-0.0009713414859266536,0.9607435371022052,6.31643838143095,2.9396853740219964,0.5048637390136719,0.4547477066516876,158
58910000,persistence,zero_shot,CAMELS-BR,0.6677598062664721,0.7921952794340874,2.3345656805893245,0.7899175543100276,-1.7020030102169914,2.602157291420326e-05,0.8941663041565673,8.206238234650373,17.08551904483251,0.5516849160194397,0.5299169421195984,188
58912080,persistence,zero_shot,CAMELS-BR,0.5285222597627992,0.5885353952566978,6.435292713370595,1.4060517577564016,-7.146380043838158,0.00307663717312337,0.6879870604437259,26.112628044282342,57.25260353088379,0.553240954875946,0.5232044458389282,85
58915000,persistence,zero_shot,CAMELS-BR,0.7988981467457529,0.853812801461266,5.211512820884461,1.965401907947576,4.850055597914394,0.003971875231707608,0.8759285474783008,19.425597729140918,9.644946428450075,0.4332171678543091,0.4829418659210205,107
58916000,persistence,zero_shot,CAMELS-BR,0.8455824966051584,0.9152970381852573,2.939010301499744,1.3617340364354722,1.621604388027017,-0.000547412985346829,0.9578191122568553,9.832395744584971,9.517022738793733,0.5055250525474548,0.5810649991035461,188
58917000,persistence,zero_shot,CAMELS-BR,0.7341347217856133,0.76987229501657,6.982923387293168,3.31838666453506,5.044528568821901,0.002229507510326332,0.7870657105908639,14.518763976242438,16.45047259824042,0.4042990803718567,0.4631240665912628,165
58920000,persistence,zero_shot,CAMELS-BR,0.8383410209828103,0.8666742967153649,24.08851387088674,10.638442371913365,-1.006828488890071,0.0010681129028272743,0.8836827365378837,80.43555399998569,127.06344813276752,0.5181066989898682,0.4807645082473755,175
58930000,persistence,zero_shot,CAMELS-BR,0.6093062150281972,0.8053856899323601,6.982871629676816,2.4378514412471226,-2.456356590168491,0.0007241686784775839,0.9197247899993368,27.981080097985686,46.94230455831175,0.3690774440765381,0.30313074588775635,175
58934000,persistence,zero_shot,CAMELS-BR,0.29257259930440327,0.519933866866938,18.17037541665714,4.664832701001848,4.152420824617308,0.0009531761065374941,0.5378494635754196,74.16412260368837,149.46028880821382,0.36215290427207947,0.43482375144958496,175
58940000,persistence,zero_shot,CAMELS-BR,0.9124817836645468,0.95532686658737,32.31404315955231,16.650576428004673,-0.47020776016356675,0.0006210759496242876,0.9920137312028336,73.74080419970994,29.149130213883094,0.43152090907096863,0.42765870690345764,175
58960000,persistence,zero_shot,CAMELS-BR,0.9000800075261904,0.936664728901062,36.5031867575839,17.35123141697475,3.1477804132506506,0.0017100722594412497,0.9563483399331784,87.49580144136611,87.665539279097,0.4387120008468628,0.42212367057800293,175
58972000,persistence,zero_shot,CAMELS-BR,0.8121066720771344,0.9030978978102419,166.65161456853,65.02659574468085,-0.08784970942019192,-0.0004913632578581618,0.9609663933912703,634.917553702841,85.67671795768089,0.3384627401828766,0.33807429671287537,188
58974000,persistence,zero_shot,CAMELS-BR,0.9534422885566355,0.9558332763386759,114.9832126778637,65.64437639508928,3.327031074047779,0.0005191989857572278,0.9611017749936358,217.9406294115676,367.9002411025674,0.3131403923034668,0.30575820803642273,175
59100000,persistence,zero_shot,CAMELS-BR,0.8843441800609776,0.8656282110678442,4.063283651755343,1.8680313686107068,0.7613475668100232,-0.001662398109821982,0.8728668005748821,12.170582641470226,16.827775771604667,0.5071001648902893,0.548127293586731,188
59120000,persistence,zero_shot,CAMELS-BR,0.8823331147243301,0.937316187105584,0.7203431703960463,0.3159651252201625,1.1680017418296658,-0.0044006770861300185,0.9791381744779554,2.1352270600068977,4.37202310250425,0.2583032548427582,0.2795421779155731,175
59125000,persistence,zero_shot,CAMELS-BR,0.21887188771989496,0.42242147120584783,3.32322272102608,0.9089969043378476,-2.217482198649685,2.7938341663674704e-05,0.6614666777998806,13.113823207073727,26.6832663426674,0.3799634277820587,0.37938421964645386,162
59135000,persistence,zero_shot,CAMELS-BR,0.8287273769481355,0.8130112863211926,0.9454305953899426,0.4340594162259783,2.958967480105525,0.0010029616464680771,0.8215670612572181,3.2996866236365556,6.06837577802273,0.35639506578445435,0.40815800428390503,175
59180000,persistence,zero_shot,CAMELS-BR,0.719117609884629,0.8589151540392457,4.29716577479038,1.9100531669373209,-0.034631405042938136,0.002479769551409935,0.9526972206667551,14.45171232961047,25.249157218842814,0.48710352182388306,0.486142635345459,188
59181000,persistence,zero_shot,CAMELS-BR,0.8140848603251369,0.7554384393168875,9.499036462402339,4.428802573934514,-9.400223315793252,0.00011206906606754316,0.7706054223556521,34.53595060423638,51.13082727254902,0.6826249361038208,0.5946444272994995,188
59235000,persistence,zero_shot,CAMELS-BR,0.32296168336332653,0.5682901348575944,3.4626158417177386,1.2096276593969224,-3.7802521158311677,-0.0004138694548883517,0.8151300607360785,13.334866041030816,26.210421503073313,0.3699713945388794,0.30328425765037537,188
59240000,persistence,zero_shot,CAMELS-BR,0.20767518117714867,0.41601716097097163,13.140094379369913,4.34332249714778,-12.373084772304287,0.0006631278731463273,0.6847137847005058,51.81251348273884,87.73094204023113,0.6463424563407898,0.5741031765937805,169
59245000,persistence,zero_shot,CAMELS-BR,0.47268981717857705,0.5559034827439673,7.37915602689979,2.932180866282037,-9.190788104088497,0.0010468545681055937,0.6766363139348104,27.193642922352648,51.309307985815565,0.4758712947368622,0.33249399065971375,188
59245100,persistence,zero_shot,CAMELS-BR,0.42897001044869465,0.7166959064852424,1.2949418893851474,0.5552065132752709,-0.46425638963197413,0.0007404268236846819,0.9865030108859347,4.163644963449297,6.001953995961489,0.42297792434692383,0.40885820984840393,184
59251700,persistence,zero_shot,CAMELS-BR,-0.23476824052160827,0.3984756110309152,2.0969269159217028,0.9689608055192072,11.877772415999376,-0.0011145001645630048,0.4846394571106355,4.307481131142212,4.521100044250488,0.3760789632797241,0.5065338015556335,74
59316000,persistence,zero_shot,CAMELS-BR,-0.2598707821851092,0.4013030800030193,36.807745300314885,27.55081083967879,-5.493330444684007,-0.00030587312633995577,0.9374211983470695,72.01746026980187,58.240879114244144,0.24922367930412292,0.22327841818332672,185
59355000,persistence,zero_shot,CAMELS-BR,0.34272717450055856,0.6809778739003359,0.4161132395570825,0.13582553571843087,-2.575906088689338,-0.0006980032045379014,0.9471103635529808,1.4902835912297634,2.0005722685042397,0.3397465944290161,0.3357388377189636,188
59360000,persistence,zero_shot,CAMELS-BR,0.2773240209490815,0.6617033314832996,0.6591429127134852,0.23161169093974093,3.982913752177975,-0.0011927523953192826,0.8781068088976784,1.6522832144136028,3.0884380514500878,0.23043926060199738,0.30199161171913147,188
59370000,persistence,zero_shot,CAMELS-BR,0.16247915030585303,0.2410406031623633,27.088504073472222,5.864171271628522,-6.947070266480326,-0.000602573344926402,0.48175786727265746,113.99431725244449,248.14559100583222,0.5376638174057007,0.4130937457084656,188
59380000,persistence,zero_shot,CAMELS-BR,0.61751598099878,0.8007756829133604,1.4765198812175502,0.572644682640725,2.156120489519396,0.0,0.891797883846353,4.285847259712884,7.518910068407861,0.30640366673469543,0.32344213128089905,188
60005000,persistence,zero_shot,CAMELS-BR,0.6417637911799123,0.776754617877018,3.34665750083961,0.8827096967286961,-5.444618714712312,0.0008957204383218849,0.8873023953641409,11.07839095529717,16.43000389821154,0.4563640058040619,0.4095671474933624,186
60010000,persistence,zero_shot,CAMELS-BR,0.9748836387620592,0.9382349121498798,9.67692476441587,3.7966359697404455,4.0747406372175705,0.0025859744416742887,0.9390702963518357,23.406247320623468,31.82529594162501,0.34352368116378784,0.38439643383026123,183
60011000,persistence,zero_shot,CAMELS-BR,0.5965241659957937,0.794718453144526,11.630110631010957,2.036326071390739,3.4949900015067183,0.0,0.9008764872482017,9.023064498436739,10.64812165547568,0.25810208916664124,0.30246734619140625,104
60012000,persistence,zero_shot,CAMELS-BR,0.9408602405391789,0.9632628328071079,28.078848099655218,10.840949650228458,0.6304410593475424,-0.0006671779279432237,0.9681790049738629,108.16567532283956,149.76727111771905,0.4234321117401123,0.42251136898994446,137
60012100,persistence,zero_shot,CAMELS-BR,0.9619318614754162,0.9772729003016916,20.91638526358621,9.07943401166371,0.9302765996649398,0.005027354596876327,0.9868652867474946,57.72092436540728,13.34486882594209,0.26555755734443665,0.29912734031677246,112
60015000,persistence,zero_shot,CAMELS-BR,0.9693656309548646,0.967515493342663,40.78110839873534,16.772649618295524,-1.709176566685844,0.0005349013566563129,0.9705014614523396,129.16204292799543,173.64331256918592,0.34931355714797974,0.3725278675556183,117
60018000,persistence,zero_shot,CAMELS-BR,0.9965676901050808,0.9944667914706881,0.30717996071836395,0.2049999918256487,0.2928577278891424,0.0,0.9946849440585636,0.49999969482441664,0.39999961853027344,0.15317237377166748,0.15887326002120972,84
60019000,persistence,zero_shot,CAMELS-BR,0.9210166621623835,0.9540463449038237,0.10552693202380924,0.05854348028652316,-1.5513794288416736,0.00015045812421103644,0.9768769075917114,0.2367556003900692,0.30809140768383625,0.3367331624031067,0.37817487120628357,138
60020000,persistence,zero_shot,CAMELS-BR,0.9819155312138292,0.9881821389872258,9.815111421696354,4.303354542558364,-0.13313289004653572,-0.0011417816907549998,0.9919931356645079,28.637963112024924,29.52105232968256,0.2718851864337921,0.2778055667877197,181
60030000,persistence,zero_shot,CAMELS-BR,0.9856695176705128,0.9875387979962573,17.99496926843666,7.546882984486032,0.2783938990259903,-0.0006994249184214228,0.9890398140534774,65.96137533066064,116.23875054947722,0.2333611398935318,0.22113575041294098,188
60038000,persistence,zero_shot,CAMELS-BR,0.8347758024523741,0.9106149977646256,34.978408354598685,15.733989066265998,-1.4636147530559964,0.0012307210621836408,0.9567283670299266,17.94520804320993,13.44350016067624,0.15176096558570862,0.16479119658470154,188
60040000,persistence,zero_shot,CAMELS-BR,0.9795055902202746,0.9887786375447888,25.63074946761894,12.038113025908775,-0.3818255253558132,0.0014938094850065857,0.9947473856322803,74.24543235042876,79.30185361399201,0.22553715109825134,0.2265409529209137,188
60050000,persistence,zero_shot,CAMELS-BR,0.9004607087731972,0.9485401571962793,5.477781015596572,1.8471324095066557,1.3610433819898562,0.0,0.984351249849122,9.834646905017145,9.402632495614027,0.34911665320396423,0.36846479773521423,188
60100000,persistence,zero_shot,CAMELS-BR,0.6441369648094661,0.6487529068057464,0.9252779194135898,0.20875531922471016,-7.737176606500611,0.0009471527676829898,0.6968940666336358,3.4702723409383354,7.667196885114578,0.5793219804763794,0.5322496294975281,188
60110000,persistence,zero_shot,CAMELS-BR,0.6703801699512744,0.7712043461622513,11.453473286188027,3.936049263745068,0.2487472605708672,0.001552105011032888,0.8029722860968384,43.943701804554586,74.54923149018154,0.3774881064891815,0.4635375142097473,187
60125000,persistence,zero_shot,CAMELS-BR,0.9256636176809269,0.9424418925973012,141.7681165270822,53.94886363636363,0.6198854538131305,-0.0018160192146743845,0.9553474664904182,518.4864725547063,951.1974032765228,0.32802844047546387,0.29941225051879883,176
60130000,persistence,zero_shot,CAMELS-BR,0.9123345707344785,0.9542127969401875,0.40413979765888347,0.1309606433509195,1.3545497483987514,0.0014542443790706433,0.9862237984941298,0.9043619335519371,1.4632585203607478,0.2731233239173889,0.3115512430667877,188
60135000,persistence,zero_shot,CAMELS-BR,0.6260692881830945,0.777687960032431,10.2097185423819,4.300904214382172,1.3803883859001016,0.0033869215467518775,0.9047365288242474,34.09398696775107,45.53602937077095,0.4736904501914978,0.46990323066711426,188
60145000,persistence,zero_shot,CAMELS-BR,0.7298351929718687,0.8336934929547059,0.6190202883276782,0.23309700725656143,-8.417058621428536,0.001179829744896551,0.8943126128388109,2.3761105537309035,2.3163808574503153,0.681117057800293,0.6220186352729797,133
60150000,persistence,zero_shot,CAMELS-BR,0.18277988717792426,0.6126225610850169,10.388124879949702,2.8510644055274597,4.707329695977766,0.0007656853999128167,0.771054641334584,40.583559880147845,29.59546426107788,0.528969407081604,0.5597391128540039,166
60160080,persistence,zero_shot,CAMELS-BR,0.7381601749577563,0.8700321864913789,106.37546409629492,73.44148936170212,-0.826549312455587,0.00033195987200439897,0.9737872972983327,71.00211264462487,114.81506869744929,0.20879408717155457,0.19913262128829956,188
60180000,persistence,zero_shot,CAMELS-BR,0.8423538420043661,0.8934044174615756,5.8068638924736815,1.4476923499351892,-1.989694175876422,0.0033704740894565065,0.9314417585896405,22.76282625420183,44.971991553204255,0.3598167896270752,0.3156478703022003,156
60190000,persistence,zero_shot,CAMELS-BR,0.07872203681889733,0.49532782480686977,19.862256135707995,6.109873681255941,-6.201102558216521,-0.0016020633258190635,0.886662790001132,82.17298711884595,118.29762779839668,0.4957931339740753,0.48501232266426086,178
60191000,persistence,zero_shot,CAMELS-BR,0.514397827920839,0.7594993783528239,4.321683452527892,1.4340550845319575,2.1194100128762767,0.0012791649720407458,0.8885357173835458,16.18835954449397,18.66623654994717,0.4700751304626465,0.5007262825965881,187
60200000,persistence,zero_shot,CAMELS-BR,0.9295848000420306,0.9433600842863326,17.854270187840868,7.800245511649859,-2.542769545716414,-0.001063213787355216,0.955832869726708,51.72657144855397,18.225672969245974,0.29882925748825073,0.29350975155830383,101
60200600,persistence,zero_shot,CAMELS-BR,0.683605992588912,0.8429822894439299,10.894674386741817,5.992180256133384,-0.023741110327824406,-0.00019559007267019347,0.983294855258624,30.096818337528955,24.7985009633642,0.3444124758243561,0.34546953439712524,188
60203000,persistence,zero_shot,CAMELS-BR,0.6720463251057458,0.8380659464277045,15.832942711236402,9.817708538567766,-0.7509149326374529,-0.001062119389921179,0.9611750198528224,37.104532974745965,31.11253943486383,0.5526632070541382,0.5554776191711426,188
60210000,persistence,zero_shot,CAMELS-BR,0.9605504722289215,0.9797122795288602,113.49969821442261,53.38850578220411,-0.47237284188816075,0.00037888863074450607,0.994142347431718,227.69619135057036,272.6031914706796,0.2964847683906555,0.30156850814819336,174
60220000,persistence,zero_shot,CAMELS-BR,0.7892168507310551,0.8938466017671755,13.98687908406804,5.355889787010968,1.1048327450213267,0.000592382063811684,0.9638243881834478,49.25347302607792,68.99538867971866,0.4504285752773285,0.4413880705833435,187
60228000,persistence,zero_shot,CAMELS-BR,0.7882052724178716,0.8876707151970249,16.141703293043726,6.775111852808202,-0.6072197822353501,0.0004915339445287527,0.9665182732727088,55.1444080707337,74.27414552166489,0.2813757061958313,0.26776471734046936,188
60229800,persistence,zero_shot,CAMELS-BR,0.9359213652093208,0.9468376709555968,14.534511712831996,7.498283552745032,2.694652808059145,-0.000723083504452441,0.955694429591225,31.400611146954915,27.596424188880274,0.31171923875808716,0.31639963388442993,126
60230000,persistence,zero_shot,CAMELS-BR,0.7549525078033623,0.8219318066355481,17.123647543567305,7.621808559336561,-2.6973231665632396,-0.0008344278509307603,0.8775879620536412,53.31129306957393,70.51950084905593,0.33000048995018005,0.26341065764427185,188
60235005,persistence,zero_shot,CAMELS-BR,0.9074246826396862,0.922441938695624,33.67620884088125,15.729569783774755,-2.5298194653285577,-0.000993630994636098,0.9379558524913733,106.89013050791921,104.10811687856044,0.3907034993171692,0.3206323981285095,186
60250000,persistence,zero_shot,CAMELS-BR,0.9027597680027653,0.9038112367237204,3.9974026050705516,1.744825541973114,2.5528225924810664,0.002215729930060877,0.9128318948031594,14.030941355902401,2.866881213720212,0.1870424449443817,0.19141757488250732,160
60265000,persistence,zero_shot,CAMELS-BR,0.887091871703521,0.9335804694614296,8.85992548552057,3.5759567169660933,-0.05248145634146612,-0.00030691562464386576,0.9604244844425085,32.473591257772384,42.93434239987782,0.36863967776298523,0.40630772709846497,178
60272000,persistence,zero_shot,CAMELS-BR,0.8445865211069802,0.9164830010715166,3.3753558302862245,1.332467071553494,0.4925759231582217,0.0029810837852937908,0.9613324063786058,10.899545242823647,13.93421961865293,0.3383418321609497,0.3665068745613098,188
60285000,persistence,zero_shot,CAMELS-BR,0.8953305048553467,0.945382222769479,1.008841999907737,0.2987320837490061,-0.09697357329567288,-0.0011552085376612814,0.9851545791548267,4.06559462197583,7.742269958987575,0.3302569091320038,0.30552130937576294,187
60300000,persistence,zero_shot,CAMELS-BR,0.8534146814170672,0.922586994108825,9.631045502820074,3.6561168964872968,1.745862547673615,-0.0003586190112614615,0.9730084483135224,32.560067376294384,57.706152185014034,0.4204319715499878,0.389834463596344,188
60305000,persistence,zero_shot,CAMELS-BR,0.9436135553179856,0.9363297717407144,41.66713140485189,18.17819138790699,-2.032495614698908,0.002240117229972645,0.9423704604170436,143.8328891457027,193.03885619221847,0.3281618654727936,0.32436034083366394,188
60320000,persistence,zero_shot,CAMELS-BR,0.9378750860569051,0.9294498251992118,46.30114417652226,21.421276579511925,-2.266714094498632,0.0002964905585253093,0.935316733829168,161.96048900889377,213.60009363293827,0.27967187762260437,0.2889438569545746,188
60335080,persistence,zero_shot,CAMELS-BR,0.7394647655857812,0.8692525126825724,56.22130473746566,37.17553191489362,-2.791357485814055,0.0008062149435445476,0.9714038284439999,30.222508168581903,15.652475842498529,0.21470972895622253,0.18924137949943542,188
60340000,persistence,zero_shot,CAMELS-BR,0.416457487778475,0.6205411474191996,94.88163675075616,62.677077080221736,-3.081745251828795,-0.0003916466950840058,0.8154500245539116,125.27032687608681,166.6839599609375,0.2783713638782501,0.22335322201251984,85
60350000,persistence,zero_shot,CAMELS-BR,0.8942065374275061,0.9349767165293932,76.11545472207813,37.22659577714636,1.16043071648945,-0.00019480310286723937,0.9580306293026454,203.30805853843242,33.94112549695428,0.2638562023639679,0.28440555930137634,188
60351080,persistence,zero_shot,CAMELS-BR,0.6798503151222791,0.8420903186860713,64.56894715085737,43.180851063829785,-1.997800928082894,0.0018210688943411726,0.9664923086325973,44.31026968999399,75.59100475585703,0.19487877190113068,0.16764599084854126,188
60360000,persistence,zero_shot,CAMELS-BR,0.7894514833889863,0.8849130296042405,65.56107413349154,34.74246122481975,-0.6841633089060697,0.0035752699487421862,0.96008254722871,102.88953667811133,224.04316600914004,0.21308262646198273,0.20709511637687683,188
60381000,persistence,zero_shot,CAMELS-BR,0.9589888798746455,0.9599944038951939,2.2800862258713783,1.3037683605496349,3.257128030730829,-0.0016632574279624932,0.9654102162401806,5.190041499659771,5.030267032699271,0.48841145634651184,0.4826233685016632,183
60381005,persistence,zero_shot,CAMELS-BR,0.9639847200344008,0.9190240196092895,2.245982724592324,1.1985542127885014,2.0753000539124535,0.0,0.9200101088889173,6.3724232278417725,10.441503083778745,0.31831470131874084,0.3641420602798462,166
60400000,persistence,zero_shot,CAMELS-BR,0.9177799741379519,0.9582329740614947,60.84386496282479,28.72289156626506,-0.6094236135612792,3.9877272389639284e-05,0.992574035092262,191.11805542938927,321.86099484094063,0.2083747684955597,0.20231065154075623,166
60430000,persistence,zero_shot,CAMELS-BR,0.6140494826431782,0.7806814388686029,16.371170819534118,6.042640521171245,1.0525697768036706,0.0006298253565127677,0.8464274968555683,56.94703845962354,15.312132412969063,0.24541138112545013,0.27897676825523376,188
60432000,persistence,zero_shot,CAMELS-BR,0.8866727535231925,0.8670616196670141,1.2271433825075535,0.5759640689035064,6.5699122891672985,0.0013979344624559034,0.8740336002031095,3.3271428124194484,3.8014442020674317,0.44271039962768555,0.45995795726776123,103
60432500,persistence,zero_shot,CAMELS-BR,0.0876353285596313,0.40638177047650315,12.32272949514086,2.6848397764814904,-5.881361931718697,0.002214569690233377,0.7768618995418604,51.168919853830694,93.84400102240521,0.545972466468811,0.4521486461162567,166
60433000,persistence,zero_shot,CAMELS-BR,0.5352952038632803,0.6437663276631889,8.505976778377113,3.130125323290466,-10.633399559832647,-0.0010969464119463604,0.7518837638487598,32.370568624929476,56.727289410740354,0.39714524149894714,0.355571448802948,186
60434000,persistence,zero_shot,CAMELS-BR,-0.1353737820597274,0.4197237746859891,0.06091512012402757,0.015635536845065346,4.41613383667112,0.0,0.49246214106193675,0.1854063705162263,0.2812420471469495,0.09706299751996994,0.1580435037612915,121
60435000,persistence,zero_shot,CAMELS-BR,0.630336546273456,0.7963572647255717,0.8977609971814368,0.34333351050508754,-3.534945107682122,-0.0006899510972605549,0.9352816747567069,3.179209780166731,4.232780428061371,0.3818434476852417,0.41053205728530884,179
60435100,persistence,zero_shot,CAMELS-BR,0.2597288420238023,0.6518489535824908,0.40474445859430996,0.15045397258786994,2.3512950650115956,-0.0020718664893696302,0.9056257357137261,1.3247383379649738,2.0873732698587593,0.6023363471031189,0.6021106243133545,176
60435150,persistence,zero_shot,CAMELS-BR,0.5332156988088952,0.7126983291869724,0.1258153753993771,0.03144967308255777,3.6812764290473527,-0.00020702371708991585,0.7620642080139675,0.5147539620381621,1.0155066451048034,0.25889673829078674,0.3519710898399353,153
60435180,persistence,zero_shot,CAMELS-BR,0.6822058304156078,0.8334583552638232,0.3761264348381885,0.111059657425027,-0.9888824619293138,-0.0025129511979462595,0.9620111590913683,1.355565233490009,2.758211318064011,0.399364173412323,0.4009377062320709,176
60435200,persistence,zero_shot,CAMELS-BR,0.6795168887046126,0.7851757632903339,0.7434110961031226,0.2802971622652628,-2.9367852106406875,0.0014319281004731774,0.87245321568538,2.829808036358023,5.054198954208063,0.3440311551094055,0.36526113748550415,176
60435300,persistence,zero_shot,CAMELS-BR,0.4521039653810819,0.6414318440130916,0.09864755459917775,0.026898883376790826,5.090158362638011,0.0005838311409914337,0.6784498604518968,0.2199483728289949,0.07712538456813202,0.28496211767196655,0.34969669580459595,179
60435400,persistence,zero_shot,CAMELS-BR,0.9052333575349447,0.9508425473743384,0.2638670014334015,0.13390056014726948,1.3973557105135053,-0.0006351687824788232,0.9844822215450363,0.5484320412281363,0.8566092207899346,0.21598634123802185,0.2338792383670807,179
60436000,persistence,zero_shot,CAMELS-BR,0.9088965392616943,0.8923364883842152,0.8902112051131296,0.2988182403952689,2.501412791926238,0.0,0.8971283501537204,3.3887129101388553,5.387853958768495,0.37258583307266235,0.41436290740966797,148
60436145,persistence,zero_shot,CAMELS-BR,0.7243928392570509,0.8196463170573113,0.25658801458431985,0.18346523331559222,-8.926543399450399,-0.002067260414835969,0.8620945726369561,0.2834668596350571,0.35829997062683105,0.31522536277770996,0.37135085463523865,23
60436185,persistence,zero_shot,CAMELS-BR,-0.5936914796247175,0.12615158288257367,3.6630804090537588,1.7077695701433264,6.281206660366013,0.0,0.8570705623223849,9.786144174228479,13.564599752426147,0.48314204812049866,0.401870995759964,23
60436190,persistence,zero_shot,CAMELS-BR,-0.4521142737668671,0.37088881403658536,12.666736389834783,3.0391349548316864,-1.1255389417275707,0.0018708127043062031,0.8038946248947452,33.973021121056284,62.39749007112653,0.47836923599243164,0.46835073828697205,166
60436195,persistence,zero_shot,CAMELS-BR,0.4212362387494589,0.7100329223059176,0.2256294664922959,0.11514545404563913,-5.248248721587736,-0.004058468347142782,0.9427063677436062,0.5836033970350603,0.822799950838089,0.8541562557220459,0.7441462278366089,22
60436300,persistence,zero_shot,CAMELS-BR,0.755395717777247,0.8478088778476511,9.06222621766694,3.971147266666541,-0.1617854759217134,-0.0009647679083691456,0.9190277415339804,21.657310920316963,41.295005798339844,0.3602251410484314,0.3783063292503357,89
60436350,persistence,zero_shot,CAMELS-BR,0.5087485372833436,0.7533324717089186,4.641329988183375,2.290714613950936,1.227120815582229,0.00046597806730807115,0.9851312781611548,11.461256382932671,17.17145495792765,0.37505388259887695,0.35777273774147034,157
60436400,persistence,zero_shot,CAMELS-BR,0.5570574726380919,0.7280379649438097,0.7544201258170182,0.2955402257224626,-0.5389446575311092,-0.001198059273029406,0.8733634287957408,2.686448364727971,5.3632001876831055,0.49102991819381714,0.48133695125579834,92
60439500,persistence,zero_shot,CAMELS-BR,0.5373237150938539,0.7721520697190788,7.6279621587572315,3.1377317897204695,0.3476227593539108,0.0030664168429099803,0.905129617313934,22.986040691198507,42.19974767787285,0.3761746287345886,0.38446488976478577,145
60443000,persistence,zero_shot,CAMELS-BR,0.624308857081316,0.8115801274254199,5.357490410984991,1.960823518826681,2.9799688439653336,0.0007186830763174848,0.9242427948256924,16.225816640553376,20.282133675296066,0.33550938963890076,0.29822081327438354,136
60443830,persistence,zero_shot,CAMELS-BR,0.15558371102857382,0.5094200358632619,4.8080137028553285,2.0597510570660233,-0.15909064479015336,-0.003112947627392681,0.8722507316068583,14.444470389725042,22.855000495910645,0.6116259098052979,0.6612823605537415,96
60443850,persistence,zero_shot,CAMELS-BR,0.552326791737474,0.7787444047445953,1.351992035192854,0.6315425450497485,-0.5546028612729162,-0.0016687970468036144,0.9845017759493228,3.566466331364072,6.096310431513582,0.34150949120521545,0.33860135078430176,188
60444035,persistence,zero_shot,CAMELS-BR,0.8125211712360076,0.7659936231435752,0.6227818352626037,0.35819629165861344,1.5520337462930534,0.0059160979172501495,0.7798535423150335,1.6413789387684787,2.3182997703552246,0.8363073468208313,0.7511882781982422,27
60444100,persistence,zero_shot,CAMELS-BR,-1.615756908860408,0.05769110243918296,6.64300386247333,1.9643082172549955,10.558411365269807,-0.0007514467238903116,0.2829089752774204,24.973216599820606,28.52456673996627,0.36434242129325867,0.4647345542907715,171
60444500,persistence,zero_shot,CAMELS-BR,0.796837232508249,0.8828031342305043,3.505204438406762,1.611004866344828,-2.0119781077007466,-0.0013282770302197044,0.948073014730231,9.856621510296138,12.147316517165846,0.30855369567871094,0.30212095379829407,142
60444700,persistence,zero_shot,CAMELS-BR,0.7365135319412132,0.8307634985158916,2.6630359824174468,1.2929968054477985,2.2227956466535086,-0.0004225041316220802,0.8704010275610505,8.227417691697875,7.51603981311207,0.27951133251190186,0.2984563708305359,156
60444850,persistence,zero_shot,CAMELS-BR,0.3291860527745488,0.5497475342439555,4.6154615953136595,1.8133817201568967,-6.271802465531776,0.0017824598456530963,0.7813430610139188,16.298294554528898,27.545267223485673,0.46590307354927063,0.3640107214450836,126
60444950,persistence,zero_shot,CAMELS-BR,0.6799553594345942,0.8400531250015997,30.94289524200098,16.090425531914892,-3.8382488952831157,-0.0010186851757268463,0.9515873763591148,61.128553066468044,135.52306076826926,0.2389785200357437,0.25412771105766296,188
60445000,persistence,zero_shot,CAMELS-BR,0.8461949826195807,0.9121581551716403,45.35527517073346,21.593688739243373,4.190336694818152,0.0007618283626995709,0.9483077951286134,109.48386498090117,168.75735763698177,0.24334721267223358,0.283880352973938,186
60448000,persistence,zero_shot,CAMELS-BR,0.9067557842601466,0.8619353307050251,0.7545033149538012,0.3078729904986717,-6.147758071094066,-0.0011301119682560687,0.868821174362743,2.9003426951545457,1.4969005584716797,0.28421881794929504,0.3134059011936188,74
60453000,persistence,zero_shot,CAMELS-BR,0.8658112230762759,0.8958895285723623,0.26749669012840166,0.13536000788211822,-0.1913013165753325,-0.001173754184553212,0.9133702537491435,0.4617436032497502,0.03660011291503906,0.17287606000900269,0.2070062756538391,100
60453500,persistence,zero_shot,CAMELS-BR,0.6560082949820001,0.7828296055553295,49.61355983145067,22.03723404255319,-4.391486265235583,-0.0018745572300104835,0.8584489251935021,140.6996801702122,312.7459032505462,0.26065126061439514,0.24708881974220276,188
60454000,persistence,zero_shot,CAMELS-BR,0.5548233375313737,0.7336607994590796,55.725812368839286,34.80480344087175,0.23067841520634463,-0.014165295252861074,0.8908564040095589,103.86723811126123,113.67501018848772,0.4110073745250702,0.34271082282066345,103
60470000,persistence,zero_shot,CAMELS-BR,0.8438895460549332,0.805581551084188,0.19162812896443526,0.06762234248379444,-0.06624219788896168,0.0025066667028729554,0.8118742004453232,0.6179248159011065,1.2071002091138359,0.24764934182167053,0.2928588390350342,188
60471000,persistence,zero_shot,CAMELS-BR,-0.45036328462586406,0.389934852744405,0.6968797293682849,0.20038830045055836,2.8419052184293134,0.00136635256553393,0.5877945546338738,2.7888017404357783,1.9746814082026043,0.28289151191711426,0.36185142397880554,188
60471185,persistence,zero_shot,CAMELS-BR,0.44105719364967577,0.6708224680382807,0.9555635911742636,0.35092247503527096,-5.691669752824762,-0.002805512090761802,0.8575907829158392,3.725981004812131,1.3447999954223633,0.4331718683242798,0.3760986030101776,89
60471200,persistence,zero_shot,CAMELS-BR,0.663197124351179,0.8103838722922626,0.8435920454226372,0.39531859894131505,-2.601001512602375,-0.0013664049545574868,0.9314633937402006,2.3625988072163877,1.7638568958135223,0.3982844948768616,0.3039477467536926,172
60472000,persistence,zero_shot,CAMELS-BR,0.867844216514603,0.9139337852472914,0.007018354909300989,0.0048479529544275405,3.8949028704119453,0.002332153096182588,0.9355480771518169,0.01197218998908138,0.009848856201059719,0.18814364075660706,0.20116913318634033,171
60472100,persistence,zero_shot,CAMELS-BR,0.8767567275623693,0.8935571011472944,0.015361910658003988,0.008643275028780886,-0.7013617757663767,0.0,0.9129497083213763,0.048172144170293765,0.09423639785766437,0.10736802220344543,0.1088402047753334,171
60472200,persistence,zero_shot,CAMELS-BR,0.5709414913989381,0.7867700549945567,0.149062567810234,0.05809834541866134,1.2599180133328607,-0.001488446550483167,0.9082515713919159,0.5215783780043539,0.8962294252389386,0.2128230631351471,0.22212883830070496,181
60472230,persistence,zero_shot,CAMELS-BR,0.7514440504764985,0.8273042377950383,0.23851462267649617,0.08807016489255494,-1.762503972413994,0.0016218015576798736,0.8873908647480758,0.819528358404012,1.766131733752968,0.2570643723011017,0.20978744328022003,181
60472235,persistence,zero_shot,CAMELS-BR,0.7420231716774947,0.8015536698635204,0.2938044674633601,0.12293858324056087,3.2393752931980146,0.000583476387683423,0.8245961926211822,0.9628782502441225,1.1049379417593592,0.18853957951068878,0.24263596534729004,184
60472240,persistence,zero_shot,CAMELS-BR,0.7267382511963638,0.778200520738249,0.5671248138992058,0.21214722428056929,3.325482685711218,-0.0016334411361749006,0.7988646836024275,2.098779273153063,1.2638536383677565,0.2381162792444229,0.2503263056278229,180
60472300,persistence,zero_shot,CAMELS-BR,0.6445686510697493,0.6919472159028506,1.0723169542633286,0.2870190345236789,3.5783240998575674,0.00024213473735404736,0.7086876530989641,4.486253087152602,1.2418667754127806,0.3909633457660675,0.4281117022037506,184
60473000,persistence,zero_shot,CAMELS-BR,0.6429801118654503,0.8210740704386134,0.9925730066182484,0.33178333975374696,-1.1874305774007947,0.0009178112106973252,0.9287504646985277,3.423713391057941,4.225748689646486,0.3480064868927002,0.40557175874710083,180
60474000,persistence,zero_shot,CAMELS-BR,0.5327460025193419,0.611339895049614,1.1429413611145793,0.3898085102121881,-3.7070955944591626,-0.0011101241811796187,0.7128851882872329,4.341634397824771,8.22951374251342,0.4061926007270813,0.32387953996658325,188
60474100,persistence,zero_shot,CAMELS-BR,0.6968651992529122,0.8429633870333841,0.8014493887255332,0.3964841582410322,0.6641451499636738,0.0,0.9260561105096876,2.039070958244779,2.3717674079670443,0.3510760962963104,0.3674396574497223,183
60476000,persistence,zero_shot,CAMELS-BR,0.845415531539397,0.8713004944465429,2.7208004342799397,1.1894578287400395,-1.515563710652371,-0.0012663238293674252,0.89702610200012,8.804355307954964,12.918978966915704,0.3279145359992981,0.30095720291137695,166
60476100,persistence,zero_shot,CAMELS-BR,0.6733523458075312,0.7960968264699155,2.1759969137306734,0.9867579670662575,0.6054806875376761,-0.000829480879866791,0.8422152631051638,6.4351720226147116,9.212513792737559,0.26455533504486084,0.30022087693214417,188
60476150,persistence,zero_shot,CAMELS-BR,0.6363343299911259,0.7530990874416568,2.465068674267707,1.0807446380879016,1.7508560073422499,0.0,0.7891287356129244,8.9225452325369,16.34885451131109,0.25796887278556824,0.30001041293144226,188
60476155,persistence,zero_shot,CAMELS-BR,0.8066233821655231,0.8909486172693745,1.5564707817363497,0.6414236752028318,0.9025237864742591,-0.0008994037785484861,0.914093407148086,6.0098584449907,9.700998306274414,0.36923980712890625,0.37626734375953674,97
60476160,persistence,zero_shot,CAMELS-BR,0.7941704067146577,0.89318015635717,7.129365560096977,3.5506608953530137,-1.6548879943848294,0.0026376481358819613,0.9573709028944364,12.169706098071371,7.822622645558678,0.29614686965942383,0.31850701570510864,176
60476170,persistence,zero_shot,CAMELS-BR,0.7163009713738024,0.6527540536463818,10.404073668376283,4.874309748411179,-12.104092473980563,0.0007679260882879381,0.6731610260559227,36.20460221075407,42.69999694824219,0.40417295694351196,0.38164421916007996,92
60477030,persistence,zero_shot,CAMELS-BR,0.9960865202522167,0.9835344543888991,0.006834761253876938,0.005800008773803711,1.2869549274151324,0.0003278386969501994,0.9835344543888991,0.009299993515014648,0.009299993515014648,0.07296717166900635,0.07138283550739288,13
60477050,persistence,zero_shot,CAMELS-BR,0.9769691223459029,0.9732679532121407,0.0038501947231102895,0.003519999980926514,1.9806437167541104,,,0.006099998950958252,0.006099998950958252,0.07652487605810165,0.07879055291414261,5
60477200,persistence,zero_shot,CAMELS-BR,0.8805446824936718,0.8992689420410662,1.2553382417365706,0.23809730321974368,8.005763115132572,-0.0046606752301662155,0.916236892106509,0.94392187324911,1.7122001647949219,0.3615398108959198,0.3641783893108368,74
60477300,persistence,zero_shot,CAMELS-BR,0.5934458610899651,0.7742540945661636,0.33311984630749936,0.2523625139147043,2.4046300323852394,0.004505012647285398,0.8416987635591221,0.2845001220703125,0.2845001220703125,0.38846567273139954,0.393238365650177,16
60477400,persistence,zero_shot,CAMELS-BR,0.9583834629666744,0.8938977341711165,0.5019635589318547,0.240277852877292,-4.739572707771936,-0.0019034694869978774,0.8951941773539361,1.6821031312785124,2.410594227805413,0.6669307947158813,0.7624380588531494,131
60477500,persistence,zero_shot,CAMELS-BR,0.9331458595718767,0.9657810438764989,0.004788102637254552,0.001320987663887165,-0.23166012436813982,0.0,0.9890178871506706,0.003794736170287754,0.0,0.12123551219701767,0.11429309099912643,81
60477600,persistence,zero_shot,CAMELS-BR,0.18564405520378902,0.6205970945518857,0.7327950181941661,0.4055093766655773,-1.5597830100921433,0.00633673707931209,0.877030880449574,1.0098048937517885,0.38430023193359375,0.9449033737182617,1.1353298425674438,32
60477700,persistence,zero_shot,CAMELS-BR,0.7902766249504558,0.8727769986424412,0.1231711922517876,0.03997391316553821,0.35486537839305193,0.0018958937562695132,0.9332181983703105,0.29792267365371944,0.4430999755859375,0.3537115752696991,0.36921849846839905,92
60477800,persistence,zero_shot,CAMELS-BR,-1.2000522534377756,-0.13928405186488435,1.7755775098881774,0.36029110882017346,13.690478887912779,-0.0007096302051725414,-0.11998563352525515,4.439046895710998,8.061120128672101,0.2467833161354065,0.42307209968566895,135
60478100,persistence,zero_shot,CAMELS-BR,0.8506255250401953,0.9227287575289159,0.1402863196169521,0.0632606381748585,1.9792094128278883,0.0,0.9769807642552925,0.42619888243229404,0.5933521406893468,0.215454563498497,0.22960332036018372,188
60478150,persistence,zero_shot,CAMELS-BR,0.17868277270063504,0.6087557619197798,0.9250298762097681,0.39245569970034344,3.161264489289682,0.0016857382923472115,0.9311396129033533,2.572325881910133,3.2431411645883825,0.5043696761131287,0.503544270992279,158
60478200,persistence,zero_shot,CAMELS-BR,0.164995420171404,0.5259661544813453,3.964031091376337,1.5223789689647165,-3.261708155136442,0.0,0.8825315936297005,14.33145184151753,24.233002621530098,0.5593169331550598,0.5510885119438171,157
60478300,persistence,zero_shot,CAMELS-BR,0.7424436582365643,0.8699230946400801,0.7904566945442237,0.3585833277967241,0.020137289469729213,-0.0009910127436417865,0.9914845620056958,2.5105859922751455,1.474347433727568,0.1820857673883438,0.21190406382083893,144
60478400,persistence,zero_shot,CAMELS-BR,0.18384169904826098,0.5580525203018971,2.8744362791978406,1.033803347779923,-0.6608290540698434,-0.001282176875606597,0.9177473628892621,10.553115324548516,13.988461683588724,0.3697960078716278,0.38188743591308594,119
60478480,persistence,zero_shot,CAMELS-BR,0.21711096978131383,0.5542584120028607,0.4194078027831346,0.14507801816868307,-5.2546180946454735,0.0,0.8790569999837804,1.3679270800976988,2.604547229026292,0.34459173679351807,0.3312796950340271,182
60478485,persistence,zero_shot,CAMELS-BR,0.06653828842934373,0.5331528570072651,0.10598513824747745,0.038732954459688204,3.64391855467438,0.0037012425340940264,0.9619747236977829,0.27390531146936625,0.5356999784708023,0.3725174069404602,0.4382728934288025,88
60478493,persistence,zero_shot,CAMELS-BR,0.8394034770202423,0.7111437327463117,0.03392577862624312,0.013152778562572267,3.8650894515151046,-0.0014525207589040825,0.7113196240683641,0.1309561588821393,0.18519997596740723,0.1416538506746292,0.1841197907924652,36
60478500,persistence,zero_shot,CAMELS-BR,0.8808651643527791,0.909007706727931,0.38623151775014614,0.12778859108425022,-2.0719431212005106,0.0,0.9318950967561587,1.5356985898849558,2.55953802542912,0.3009774684906006,0.2731049954891205,114
60478600,persistence,zero_shot,CAMELS-BR,0.5472919977884129,0.7457614801931065,0.2840538087086704,0.12580773464882572,-7.307510630953476,-0.00029122881790589333,0.9061429352636389,0.8337834207668595,1.5862037396729982,0.44956427812576294,0.4540020823478699,181
60479200,persistence,zero_shot,CAMELS-BR,0.8992314628500134,0.8990623007761833,3.6123781775375607,1.58196810839024,0.6428298017544715,0.00033858616545131073,0.907427214940923,9.59986985171374,5.517701574947353,0.3644390106201172,0.40250736474990845,188
60480000,persistence,zero_shot,CAMELS-BR,0.1618460253525854,0.2343088175857141,24.366393400639904,5.291029740917556,4.443720469582338,-0.005112668535085921,0.4436202853523251,79.8695972905969,225.06098283921662,0.7517873048782349,0.5047081112861633,188
60480045,persistence,zero_shot,CAMELS-BR,0.8362538737802377,0.904347555356009,4.846261128759788,2.0118757058243726,-1.989401072968451,-0.0027286624254842864,0.9544380626190131,11.001858775176668,20.92329141697681,0.4555665850639343,0.43130117654800415,181
60480055,persistence,zero_shot,CAMELS-BR,0.7401371256185143,0.7320418785720693,5.398646983862197,2.3711433267593383,10.958796343911551,0.0027318419260144583,0.7428625975946935,3.6014396388291043,7.0752129594100355,0.3870474398136139,0.4945814907550812,150
60480200,persistence,zero_shot,CAMELS-BR,0.5663673402651657,0.5212250720765916,0.1971563224557754,0.058783332258462904,-9.463959223952067,0.001721239920660738,0.5658117687103295,0.800728296225596,1.216480869096004,0.40033861994743347,0.341378390789032,120
60480310,persistence,zero_shot,CAMELS-BR,0.6708823942313527,0.8321385494884765,0.7816156636946031,0.14632439195382885,-2.6372394357891706,0.0015978576203428442,0.9074477072760649,3.1390475988798907,5.804900169372559,0.4947880804538727,0.6032178401947021,82
60480500,persistence,zero_shot,CAMELS-BR,0.5653871611105057,0.5861491424237294,0.5282981648536493,0.15429249641795953,-6.852320906855536,0.0,0.655925025597343,2.1240202710756613,3.2978895600833558,0.33704426884651184,0.29901668429374695,120
60480550,persistence,zero_shot,CAMELS-BR,0.33226419851032796,0.6606697715394196,0.47566136219189614,0.16602288761052741,3.756721946024727,-0.0018882905202397757,0.7685583320915208,0.35627719277080827,0.6430001258850098,0.3171389400959015,0.3570757508277893,83
60490000,persistence,zero_shot,CAMELS-BR,0.8493569723927991,0.9236378735275474,6.861032999418227,3.433450239139367,-0.17927598916368692,0.0010362414127784401,0.9794189322163093,19.33522089934087,38.567658644027176,0.26967084407806396,0.2624005377292633,181
60491000,persistence,zero_shot,CAMELS-BR,0.3426864096362321,0.611661626260108,0.7749077098508761,0.23189277313607576,-1.2728508864050703,0.0,0.8633986743368173,2.523752232573967,5.289099931716919,0.4538712501525879,0.42837953567504883,83
60492000,persistence,zero_shot,CAMELS-BR,0.8832792324349178,0.8422658856520855,0.20453240255655827,0.10249890501682575,3.6243356729927396,-0.0001816702083496987,0.846707145776242,0.6995510826229475,0.14139986038208008,0.33317288756370544,0.34936532378196716,91
60492200,persistence,zero_shot,CAMELS-BR,0.720991522729892,0.8472135741264546,10.910151191977517,5.296852119114934,5.973209793642431,0.005247304863347759,0.9070502930619607,26.885777797746318,22.897003173828125,0.413237988948822,0.5247763991355896,98
60495000,persistence,zero_shot,CAMELS-BR,0.9963732344872526,0.9868041505265669,0.1600129888434351,0.05173529070966384,-0.7454870876653379,0.002281304802124677,0.9869187204255266,0.5625357154670434,0.1695207769202828,0.14789366722106934,0.14675770699977875,136
60500000,persistence,zero_shot,CAMELS-BR,0.943028554432193,0.9697928079887342,6.916405255163191,4.026625648457953,0.47406907489174577,0.00023690502566514615,0.990243789668611,16.522336473136523,11.42161030094587,0.31617119908332825,0.31484130024909973,188
60510000,persistence,zero_shot,CAMELS-BR,0.9300455611734749,0.9467980402061186,60.25785339968337,33.518831178739475,0.5507706519901672,0.0006887348811380582,0.9600415240278204,142.15660378610625,105.57461816175325,0.2958226203918457,0.2781261205673218,154
60510010,persistence,zero_shot,CAMELS-BR,0.8157649509950586,0.8828310064577689,37.20263002234316,26.425702957879928,-3.60140984531632,-0.0030107169795639925,0.912950867320942,20.7551348457233,23.54901123046875,0.20987485349178314,0.1780368834733963,84
60540000,persistence,zero_shot,CAMELS-BR,0.8818375885923906,0.9185849892816076,8.783257431681893,3.565393067420797,-0.994897774854358,0.00032140189783271163,0.9457730194559834,29.677741246906397,47.21191257478185,0.27660495042800903,0.2404966950416565,188
60544000,persistence,zero_shot,CAMELS-BR,0.8578785653908572,0.8870503213747473,0.4003235251709943,0.1492117061973252,-3.027264235991204,-0.002328733008587946,0.913718698273511,1.3993521839975587,1.2067312103035308,0.23986384272575378,0.20652425289154053,188
60544100,persistence,zero_shot,CAMELS-BR,0.864163500724147,0.9320940568647245,0.14218571834954147,0.05280691258450772,-0.1308866783010738,0.0010197461779598571,0.9979750026957208,0.41293951293005066,0.48572401963653966,0.16271498799324036,0.15778499841690063,188
60544990,persistence,zero_shot,CAMELS-BR,0.7971712485262478,0.8856485082699417,51.386545664301416,35.06761039571559,-0.14560164238381548,0.00012414121635637328,0.9547258631725808,114.76167168173596,199.69002317691564,0.21900086104869843,0.26615744829177856,188
60545000,persistence,zero_shot,CAMELS-BR,0.9510239605206446,0.9728131557493432,63.21360800427243,27.217191247379077,0.02149135768841133,0.0005053915432067929,0.9876435091289677,221.0907752660165,253.02401344513387,0.22798818349838257,0.2098580002784729,136
60555000,persistence,zero_shot,CAMELS-BR,0.9846907959627174,0.9894038941074795,0.32662745553718564,0.15163139523343838,0.13618821646412604,-0.0010284588777256833,0.9923198135438056,0.5310188692194596,1.2174127644897745,0.14155811071395874,0.13850559294223785,188
60564000,persistence,zero_shot,CAMELS-BR,0.8869894805428493,0.8837998785863569,7.31189487305671,3.2332105585869324,-3.0877845459769024,0.0008762451327875755,0.8981304762466008,24.526988734391665,33.00843714642957,0.22804462909698486,0.20942991971969604,188
60565000,persistence,zero_shot,CAMELS-BR,0.2779242095493425,0.23774933752815786,28.366044705126782,7.7187498807907104,8.594014761073447,-0.0007080469506895969,0.23789078174532285,110.32905329059975,156.0,0.2929983139038086,0.41072171926498413,32
60570080,persistence,zero_shot,CAMELS-BR,0.682041630492463,0.8387111945128147,109.80902183607567,72.67021276595744,-5.517075065982503,0.0008861332305116695,0.9441024558381708,74.56540752922899,44.553338819890925,0.2613844871520996,0.29024574160575867,188
60590000,persistence,zero_shot,CAMELS-BR,0.9847731088557945,0.9775717654954527,3.8695451069645426,1.6769680571048817,1.493747907894169,0.0008830634690389083,0.9783405920198366,13.648772878857502,20.112185361118765,0.22654391825199127,0.22704677283763885,188
60591000,persistence,zero_shot,CAMELS-BR,0.8108494754926212,0.8836665125078995,7.370724741162203,2.8676042678825397,-1.3130434519747005,-0.0007529369782231024,0.9378595001093614,23.329168057027324,45.82987533743079,0.30987945199012756,0.2822365164756775,188
60600000,persistence,zero_shot,CAMELS-BR,0.9773041603317927,0.9859839340779071,59.295640421307304,31.2972972972973,-0.8278359849954727,0.0007962687125029136,0.9913803333427866,124.48995943448612,121.8400590938793,0.26066485047340393,0.2601669430732727,148
60610080,persistence,zero_shot,CAMELS-BR,0.5367784748782845,0.7746399765209955,446.24698580542315,318.6489361702128,-3.3198389870431297,0.0017028707606625022,0.9440603644672908,161.97283722896256,166.29191201017565,0.2783142030239105,0.24895316362380981,188
60615000,persistence,zero_shot,CAMELS-BR,0.9008473352469727,0.9441435997634595,0.5529550344130524,0.2921171119199932,-0.7700601763337201,-0.0002512835917745024,0.9756867018458318,1.7830971552646464,2.227417969386544,0.302134245634079,0.33307409286499023,181
60618000,persistence,zero_shot,CAMELS-BR,0.9035721752919478,0.9202002136436003,1.8932832065308327,1.3014370810310796,1.129821373650618,-0.002655292645408149,0.9325811956266007,3.8243022488553504,4.65987452036859,0.27203017473220825,0.2732102870941162,159
60620000,persistence,zero_shot,CAMELS-BR,0.8137206971083258,0.8435099145064109,5.14744778415849,2.092925622108135,-1.0526415056581457,0.0005363528733526024,0.8741790900244304,16.89908377562067,29.45216644297698,0.4094696342945099,0.356388121843338,188
60625080,persistence,zero_shot,CAMELS-BR,0.5339191385056958,0.7730833235635001,429.0423899108636,300.98936170212767,-1.3355841503724655,0.001197950446514745,0.923541153726764,314.77293403340764,428.55396392986495,0.2521660327911377,0.25347575545310974,188
60635000,persistence,zero_shot,CAMELS-BR,0.7680761198970786,0.883514268881952,2.1791357163542058,0.8593494490436886,-0.6259031231797781,-0.0040580721281405045,0.9639395768490665,8.181176216139121,5.88567230789845,0.37015631794929504,0.42122215032577515,184
60640000,persistence,zero_shot,CAMELS-BR,0.9163685142765121,0.951753216861979,4.896015675864961,2.3946027010679245,2.446647218077572,0.0034617609106291497,0.9748560807597587,7.262940386090504,5.132235130714747,0.42772504687309265,0.4400935173034668,184
60640100,persistence,zero_shot,CAMELS-BR,0.5847350364607782,0.7967207945662884,6.205205909815336,2.2015919617631217,-1.5068755948896213,0.001672640890687676,0.9515318523400705,24.47589552249811,29.710026885620263,0.5345941781997681,0.5831107497215271,176
60642000,persistence,zero_shot,CAMELS-BR,0.7085570072615086,0.854007954525752,2.7407220490776276,1.1049766122026647,0.6296182529706211,0.0009605168932606822,0.9525034899007756,7.890092657847233,3.1607362482863226,0.3589005470275879,0.36356601119041443,188
60645000,persistence,zero_shot,CAMELS-BR,0.9299474851863896,0.9645691846003198,6.37370931640676,2.987111160490248,-0.020539023598393335,0.0015411617841617868,0.9876356610777991,22.012178529886405,19.300259065618782,0.27559736371040344,0.2842353880405426,180
60650000,persistence,zero_shot,CAMELS-BR,0.6869012720302063,0.7824019219427664,18.057031858319018,7.389744734630904,-4.054536877815845,0.0013786996326965173,0.8630787723403646,63.935718727232604,92.29007355145086,0.43513888120651245,0.4035585820674896,179
60653000,persistence,zero_shot,CAMELS-BR,0.44202238202039856,0.6645956231357051,0.44338339076519134,0.1681531928083364,-1.7968193087450237,0.0,0.8655578414898184,1.5440885519675736,2.959661649646585,0.4791524112224579,0.4935374855995178,188
60654000,persistence,zero_shot,CAMELS-BR,0.8680221351972156,0.9298480654904044,3.419828649047405,1.3723040672197735,2.418522259119976,-5.701256664646104e-05,0.9749690562031152,11.42364131574744,14.917324042899743,0.3662538528442383,0.3542479872703552,146
60655000,persistence,zero_shot,CAMELS-BR,0.7962920211229034,0.8946005226649532,14.594489619404031,6.931848197147764,1.7039111217572998,0.0007478309074038774,0.9586438397339568,40.35934768625771,60.25048828342492,0.34326547384262085,0.3616577386856079,116
60655500,persistence,zero_shot,CAMELS-BR,0.7710828165392323,0.823057380276877,24.648511778476138,10.190348195713877,-4.336968825736424,0.0019277825119079356,0.8705432789221762,94.80556151621307,112.56688945480666,0.5192658305168152,0.45934534072875977,151
60664800,persistence,zero_shot,CAMELS-BR,0.3279244887322321,0.5129903709439004,0.2816865781932937,0.0534621600632195,-4.884024821047448,0.0012433754490033568,0.7293204223693439,0.976987141123475,1.9683490136488158,0.3987571895122528,0.2680785059928894,111
60665000,persistence,zero_shot,CAMELS-BR,0.8031071610580224,0.8890569010853908,5.431937743657969,2.2112727761268616,-0.07187362484625397,0.00023283923534498513,0.9343931250665891,17.69149147119704,10.866991598218808,0.41510817408561707,0.4154142439365387,184
60670000,persistence,zero_shot,CAMELS-BR,0.9425041202717453,0.941652176784601,12.16290148333365,5.237013172793698,-1.406349272506756,0.0011407757896417792,0.9491188181842097,44.58699361921591,50.798622028555066,0.268294095993042,0.25696852803230286,154
60675000,persistence,zero_shot,CAMELS-BR,0.9047822509565547,0.925617375052026,24.274979439043058,11.21755305756914,2.2518310192530833,-0.001629609264898628,0.9390324315942412,68.6345394098336,19.924858845171276,0.2341395765542984,0.23766228556632996,188
60680000,persistence,zero_shot,CAMELS-BR,0.9575451527636502,0.9717550389110783,18.613924135183066,10.252882430007338,0.35707933420232835,-0.001900862766702701,0.9815239344214234,43.1551243353133,10.720472308072821,0.28783321380615234,0.27418211102485657,179
60700000,persistence,zero_shot,CAMELS-BR,0.6366643394822796,0.8162401184669666,4.584049600413517,1.4526714492630173,1.3636760253061524,-0.00019857173535960115,0.9191304565391102,16.860528026744554,24.71765643712217,0.3180467188358307,0.35420122742652893,182
60710800,persistence,zero_shot,CAMELS-BR,0.9312469585407891,0.9645179228053065,1.024255064734734,0.560594139581031,0.24676361218776932,-0.0010506127586074315,0.9894174601145507,2.9258736361730886,3.2770068012404856,0.29751530289649963,0.3008030354976654,188
60710900,persistence,zero_shot,CAMELS-BR,0.9081758888696269,0.8860934436984614,4.835312872594873,2.2448872011501657,-1.6521744128949731,0.0013654210379850963,0.8930796824661502,15.511403972723516,34.32885643182009,0.33273208141326904,0.30501800775527954,188
60711010,persistence,zero_shot,CAMELS-BR,0.914433893852577,0.9288006674228543,2.3261119563237354,1.5881441449548335,-1.6529315747366873,0.0013127364871517964,0.939973510571357,2.87592895210714,4.57823210240158,0.20963378250598907,0.21580418944358826,188
60715000,persistence,zero_shot,CAMELS-BR,0.9326829891230806,0.9338365455138833,8.826175126369911,3.480526679054985,-0.2353268347154062,0.0015033487332206628,0.9374663594780783,33.31088917525965,64.6418635915855,0.308491587638855,0.3199869394302368,179
60750000,persistence,zero_shot,CAMELS-BR,0.9769940005283708,0.9527338633260822,3.7058930134325614,1.6522098455740057,1.61017972406429,-0.000182983775005547,0.9537638884770897,9.335023846274728,11.088980572670717,0.35766133666038513,0.36515235900878906,184
60765000,persistence,zero_shot,CAMELS-BR,0.9838023978624288,0.9827187955132844,6.62803880863803,3.494429798229881,-0.803838202702898,0.00011666279623610137,0.9846918334615725,11.2966945349513,12.183658248208403,0.27354028820991516,0.26681727170944214,184
60772000,persistence,zero_shot,CAMELS-BR,0.9833871547945542,0.9773571965472164,13.969135191413407,6.860005163011097,-1.2701985722933298,-0.00014843517213678284,0.9787722656822454,22.4714696146989,37.385009765625,0.25066643953323364,0.2415340393781662,84
60774000,persistence,zero_shot,CAMELS-BR,0.9300171550999388,0.9197653719291681,2.4586292510889916,1.0377363053114055,0.9670001823059168,0.0,0.9248535017266561,7.655163234906531,13.862624044074384,0.2453857809305191,0.2501169741153717,179
60778000,persistence,zero_shot,CAMELS-BR,0.9657279569227798,0.9820402890925681,1.397162449765231,0.5184032262540331,-0.542512164321395,0.0009659174096492106,0.9942736579888248,1.5323440560132129,1.2286466121853379,0.1667311191558838,0.17528420686721802,153
60781000,persistence,zero_shot,CAMELS-BR,0.9512062293205905,0.9128972977867669,15.514017113607762,6.068033522747933,-1.2143710398083958,0.0010724293108663532,0.9158558911007374,58.42349531191327,73.75125324180611,0.34533342719078064,0.32549387216567993,188
60785005,persistence,zero_shot,CAMELS-BR,0.9610846369367254,0.9793685523724185,2.052945682464234,0.8674423850100973,-0.2696537740897535,0.0010319999144703992,0.9922383571231665,7.348594389435632,1.3008281890218565,0.16119980812072754,0.17345207929611206,184
60790000,persistence,zero_shot,CAMELS-BR,0.9487402479836805,0.974032017570386,14.318609626400248,6.739949993465258,-0.03597758821957371,0.0004889068766383599,0.994688913221514,45.95599003632935,78.33264513799662,0.25145697593688965,0.25657781958580017,184
60794000,persistence,zero_shot,CAMELS-BR,0.9146766131567317,0.9479806785116833,19.631731875495113,13.059879227439955,0.07549270653014022,-0.001415626114377063,0.9672546164722131,46.76923249936307,77.9646206829434,0.2637821137905121,0.27188634872436523,101
60798000,persistence,zero_shot,CAMELS-BR,0.9274429345471329,0.907131569339934,27.74403462988316,15.147905857005018,-2.3089935929923247,-0.0013696109269333862,0.913963705082159,89.69983332014607,98.39518172582054,0.28457340598106384,0.28741151094436646,188
60805000,persistence,zero_shot,CAMELS-BR,0.9888838976766853,0.9817301742715069,32.89145936959581,19.940032756074945,0.7811249508264988,0.0007633769551861624,0.9824649622478968,66.09857156263051,54.462362680446475,0.22900302708148956,0.23638814687728882,188
60805050,persistence,zero_shot,CAMELS-BR,0.8907960798674726,0.9375277472758532,0.6783764515971298,0.24107562794404871,0.05872102523266583,0.0,0.9716322886462013,2.587028463020702,4.471624477547674,0.15426702797412872,0.1576915979385376,119
60810000,persistence,zero_shot,CAMELS-BR,0.9507704129271103,0.9690349124321491,2.3121412568025153,0.9031386090361554,-0.6044018783787537,-0.0017857086562318714,0.9810721173008925,4.664169084709732,5.356934805358512,0.1970953345298767,0.21458826959133148,184
60811000,persistence,zero_shot,CAMELS-BR,0.26342518042556284,0.6354230737494193,1.152802407931523,0.4808895558241632,7.756549063668763,-0.0017543339047636046,0.7640236760014586,2.352450696154716,4.126263993211159,0.5377246141433716,0.5900824069976807,182
60835000,persistence,zero_shot,CAMELS-BR,0.822088616610652,0.8882673888122199,5.388303737142585,1.6315819226115582,3.3922403610258667,0.000425849940437633,0.9219767103025589,10.796585072274627,16.357622701200516,0.3315693736076355,0.31409966945648193,166
60842000,persistence,zero_shot,CAMELS-BR,0.9192970202860344,0.953356223176303,7.147080726577143,3.0627959678912986,-1.770062797420451,-0.0010367712970752556,0.976352645727204,12.643778807025901,4.157028151236704,0.3693704903125763,0.3777082860469818,145
60845000,persistence,zero_shot,CAMELS-BR,0.9306813447812767,0.9332374627557166,14.04317816140933,6.1628437853874045,-0.052114685668212264,-0.0007511530348233396,0.9403956481631279,40.483470924012614,84.88951832595515,0.3431206941604614,0.35749542713165283,188
60848000,persistence,zero_shot,CAMELS-BR,0.79500441873874,0.858234400806124,2.5473916185963232,0.8731021383683458,2.909528164795079,-0.0006794124275277813,0.8879080654153395,5.638156810957312,4.610888921399751,0.5191426873207092,0.4941021502017975,139
60850000,persistence,zero_shot,CAMELS-BR,0.9595594781632368,0.9781497825925807,3.9587088036243263,1.8578161566243696,-0.517565400850678,-0.0008766158447958694,0.9909564606981499,9.502049854161436,8.035560339286231,0.3385171592235565,0.34794437885284424,173
60855000,persistence,zero_shot,CAMELS-BR,0.7593627198602986,0.7492959677533022,11.09450892711037,4.082769854863485,5.76936739143742,-0.0006598648772477046,0.7595928668326553,40.025857740674894,23.094713821209744,0.2751154899597168,0.27310889959335327,150
60856000,persistence,zero_shot,CAMELS-BR,0.8575154807277362,0.8932064413865808,2.8149148392709553,1.014747862486129,-2.9324006610876237,-0.0018785196477388924,0.9224280579938656,10.934705287716165,6.41324038192561,0.5037029981613159,0.47443249821662903,188
60870000,persistence,zero_shot,CAMELS-BR,0.9002890019064907,0.9130026083230729,4.645797026009699,2.0602583451704546,-0.821866734614943,-0.00044114945269841353,0.9281986039683975,15.658009302092138,27.26571322342299,0.30491936206817627,0.2906729280948639,154
60877080,persistence,zero_shot,CAMELS-BR,0.8372542421344642,0.8683648403840079,249.92137061356257,144.7872340425532,3.2876470415101005,-1.7591709314980844e-05,0.8931386652090746,388.44613526202056,648.2688485497356,0.1283860057592392,0.11039818078279495,188
60884000,persistence,zero_shot,CAMELS-BR,0.9142417291316234,0.8973208431558907,11.136737041279869,5.810826270811019,1.3449399073670867,-0.0007882590217446438,0.9033035648522505,26.06793401055165,32.57616805340004,0.22669610381126404,0.246880441904068,186
60885000,persistence,zero_shot,CAMELS-BR,0.9639914894815715,0.9675793831410994,17.277600596285943,7.096774205853862,-1.4326255588487957,3.633416781378268e-05,0.9729989196703677,17.12819313296064,20.940391591371924,0.2628147006034851,0.27089086174964905,155
60890000,persistence,zero_shot,CAMELS-BR,0.8876467219309728,0.9393742848411426,22.813205694180745,10.892908030542834,-0.5843810213298322,0.0002511003765313692,0.9787206010205127,76.25751043566362,77.23051615222602,0.259235143661499,0.24181777238845825,174
60891000,persistence,zero_shot,CAMELS-BR,0.8953306280502878,0.922009612571994,21.016017912687268,11.699761329813207,0.7559710007542473,-0.0005799061847638863,0.9379875764235133,52.07438759424878,66.5318153709921,0.22582826018333435,0.2374490648508072,188
60895000,persistence,zero_shot,CAMELS-BR,0.9291261478243203,0.9597125496775831,1.9403406785298203,1.1340714227585567,0.733056142091583,-0.0005598522832927118,0.9788458706170958,4.376316917770321,4.664046040348294,0.13347209990024567,0.1417081207036972,105
60895500,persistence,zero_shot,CAMELS-BR,0.862031496812305,0.8964352563249377,3.5310457417849572,1.596104259139921,-1.5329442733378784,-0.0008750306344119437,0.9225006184383968,11.769616653129452,23.609550181499145,0.17504271864891052,0.16087983548641205,163
60900000,persistence,zero_shot,CAMELS-BR,0.9679567594839115,0.9416756478950311,4.061232927560235,2.5339198573943107,-1.0845444554972217,-0.0037001905776058216,0.9430800479120676,9.001127762850308,2.3330001831054688,0.1445089876651764,0.1378137767314911,31
60901000,persistence,zero_shot,CAMELS-BR,0.7963336153332441,0.8947359412453478,9.557450403632837,5.34155528124641,0.3314321325253936,0.00045281763736676646,0.9804168607444524,31.243558135247596,57.58722087116538,0.22965019941329956,0.24523933231830597,170
60901800,persistence,zero_shot,CAMELS-BR,0.8856517441861941,0.9429112781527318,42.119633781042076,22.6217552753205,-0.11050749750402257,0.0,0.9935230818906123,100.91481556243365,62.289646009589745,0.28234848380088806,0.2764222025871277,188
60902000,persistence,zero_shot,CAMELS-BR,0.8871187950247776,0.9427653763853311,30.97552506072567,16.34333297403101,-0.4412730118872754,-0.0005708699050729921,0.9918842238027143,59.74563251716906,112.4773427596794,0.24579747021198273,0.24907313287258148,187
60903800,persistence,zero_shot,CAMELS-BR,0.8962129811581508,0.9480500325325926,41.34764394224256,20.47872340425532,-0.010534910058205378,0.0,0.9972673326717824,110.1190265122245,101.8258316931416,0.30643418431282043,0.2889240086078644,188
60904000,persistence,zero_shot,CAMELS-BR,0.8048497535349493,0.8790649997491169,61.83923218343722,33.602553076922575,1.7610739510474078,-0.00044883640041429307,0.9152752529058156,171.73108677914638,228.34361182674266,0.2874020040035248,0.31426119804382324,187
60905000,persistence,zero_shot,CAMELS-BR,0.9485103173746582,0.9634132933389569,31.238997495818598,16.94967312282986,1.1011628431721878,0.0016767853317508283,0.9727410858807729,40.23213889417266,44.94441010848846,0.24538519978523254,0.25030091404914856,153
60907000,persistence,zero_shot,CAMELS-BR,0.9390936249805052,0.9362989642253347,31.58928581525049,16.253191521827212,1.3214190814318039,0.0017400575089215175,0.9417155156894504,85.89295663789902,162.01234520862909,0.20089218020439148,0.2165519893169403,188
60908000,persistence,zero_shot,CAMELS-BR,0.8783356353717922,0.9373654592151425,38.148506007946075,21.585106382978722,0.4633042013267348,0.0,0.9800339795456012,104.62217738127991,116.97221892398211,0.25213226675987244,0.25814902782440186,188
60910000,persistence,zero_shot,CAMELS-BR,0.8043830341568183,0.9013616320776072,2.3457237146043615,0.883938882001646,1.2829787983006056,0.0003792216654159436,0.9812025024243785,9.305182975184524,13.294573234839003,0.25587570667266846,0.24158133566379547,157
60920000,persistence,zero_shot,CAMELS-BR,0.9106217848873718,0.9441682392946621,22.195133173016,10.240425556264025,-0.28690855019944206,-0.0015799396345186753,0.9671191920424917,79.62662871175696,53.600373133029585,0.15744031965732574,0.15333804488182068,188
60920400,persistence,zero_shot,CAMELS-BR,0.8362326956586955,0.903286800336095,26.241038071831515,14.80776596069336,0.8897569078178833,-0.0011561141201326189,0.9389618778644553,53.709403273542335,36.74914965002592,0.2052963376045227,0.20973606407642365,188
60920700,persistence,zero_shot,CAMELS-BR,0.8821820381327563,0.9361044769122863,24.289301156364278,11.52994209112123,-1.8584842554075078,0.0006744327720319045,0.9738946625653335,83.19281733337417,144.9530029296875,0.21266460418701172,0.2218741923570633,86
60921500,persistence,zero_shot,CAMELS-BR,0.84504080428077,0.906746110260117,27.690937589811167,15.555691495854804,-2.1945921622974405,-0.0021010513151837624,0.9494682579070158,62.572358114426216,71.22148552227762,0.2192879617214203,0.2358485758304596,188
60925001,persistence,zero_shot,CAMELS-BR,0.9576825196841843,0.9639787832762944,4.106969561665723,1.828723308094387,-0.7498104012176298,-0.0005068488701795472,0.9701931371850662,10.31771356985749,17.066791560934693,0.30306389927864075,0.30969831347465515,179
60930000,persistence,zero_shot,CAMELS-BR,0.9416111880024394,0.9450054709072978,1.5103367939417085,0.883687040779028,0.0015769369932065874,-0.00034542610427896504,0.9518187044757692,2.344354888149978,0.60487594762479,0.13672935962677002,0.1458452194929123,178
60940000,persistence,zero_shot,CAMELS-BR,0.9912325289836076,0.9934511352534967,1.059619399316119,0.583267822265625,0.029852468035876815,-0.0007008071753048951,0.9950729587754851,1.3081786246730893,1.0354826560037775,0.07150527089834213,0.0703992247581482,175
60943000,persistence,zero_shot,CAMELS-BR,0.7073010913726668,0.8520391114952097,8.490241934851019,4.220372342048807,0.45295564984947806,-0.0005772180294149835,0.9435307052561559,6.082762530298219,7.0710678118654755,0.1774023026227951,0.1874023675918579,188
60945000,persistence,zero_shot,CAMELS-BR,0.8984374471712964,0.9192679561676248,10.34818693785242,5.911382130214146,1.3922912627565258,0.0008048742934071663,0.9326739508805812,27.42695964589431,36.1545472383592,0.13995453715324402,0.15753890573978424,182
60950000,persistence,zero_shot,CAMELS-BR,0.8251951083634913,0.9011428868527559,10.263206671843376,5.32278241281924,0.08323329464343261,-0.0008013779723867473,0.9585533620168314,21.48763894314627,43.21898909220473,0.1704908162355423,0.15585435926914215,184
60960000,persistence,zero_shot,CAMELS-BR,0.7556923693363972,0.8606505167844525,0.5452364950358101,0.2599806100130081,-0.7730082156219527,0.0,0.941899738072197,1.5453078330906111,2.2143837380041127,0.10719745606184006,0.09505506604909897,160
60960700,persistence,zero_shot,CAMELS-BR,0.5961862661779028,0.7965883568278647,6.852519959580546,4.206097897697003,2.8684281063648682,0.00018444858548029297,0.9708257747690582,12.280889387344347,20.023107242867116,0.35949331521987915,0.36200234293937683,188
60960800,persistence,zero_shot,CAMELS-BR,0.7139274958298243,0.8390926239587604,3.737841392941697,2.3834817274561466,-5.63527253250256,0.00016063042814252332,0.9179687117258093,6.776167717739537,8.967634745793415,0.20950622856616974,0.21745243668556213,159
60961050,persistence,zero_shot,CAMELS-BR,0.7738327241078309,0.8654814805511566,4.540811645461005,2.9229600201261805,1.312750885898756,0.0003095997297685466,0.935196857503432,7.171092924976182,9.162942261918726,0.21899856626987457,0.18698416650295258,188
60965000,persistence,zero_shot,CAMELS-BR,0.985983433702897,0.9862923348810334,2.9626262567760704,1.6066365395822833,0.18993052477717381,0.0,0.9879485159135512,2.1149974670704186,2.0155644370746373,0.0773824155330658,0.07906550914049149,124
60968000,persistence,zero_shot,CAMELS-BR,0.8644424550063231,0.9138239550944574,9.394897134113062,5.5136185521664824,0.5954896175962664,0.0010755500466754914,0.9487086132907799,28.207669798886407,44.74881026088199,0.15078158676624298,0.13431516289710999,184
60970000,persistence,zero_shot,CAMELS-BR,0.8698202477077647,0.934160021998514,10.498199107754338,5.884555878846542,0.8976491000830016,-0.0011137598994127359,0.9894943854826477,31.155312208109326,29.96961823019129,0.15344403684139252,0.14371126890182495,184
61004000,persistence,zero_shot,CAMELS-BR,0.9396443107461001,0.9656941845011743,1.103570793430437,0.6463244544698837,0.8707862112964736,-0.0030048012639772234,0.9818599139713652,2.1513925788086254,3.7705310321052847,0.23507927358150482,0.2272501289844513,188
61006000,persistence,zero_shot,CAMELS-BR,0.9785155435857493,0.9886628595255857,0.16677100467435874,0.11286702276544368,-0.05812526654192395,0.0011306559710708066,0.9961347882178516,0.2569407338483421,0.2900002002717045,0.1323510855436325,0.12796485424041748,188
61009000,persistence,zero_shot,CAMELS-BR,0.9472634671610115,0.9660527842830648,2.276507279839291,0.9791789885929653,0.23127474526850908,-0.0006576303998786313,0.9775722192918936,6.879046408966614,9.939797675348673,0.29421180486679077,0.29138195514678955,175
61011000,persistence,zero_shot,CAMELS-BR,0.9633437042642209,0.9792103334512996,3.1439955411178135,1.2780320035650374,0.15915235435638347,0.0005460153182629719,0.9895789220812218,6.736691498381574,5.190860301546989,0.2110278606414795,0.20501896739006042,188
61012000,persistence,zero_shot,CAMELS-BR,0.95045302309582,0.9434060569356452,8.366642862212165,4.026026976175149,1.5565845374189313,0.0003529218246757053,0.9478244675784901,23.441159728719146,38.33359897746663,0.27720674872398376,0.297904372215271,179
61014000,persistence,zero_shot,CAMELS-BR,0.8423967325652933,0.9113173098696957,2.0141948036109474,0.7553474058423724,-3.130104289976776,0.0010672023901573437,0.9498384779698311,6.815706748076153,8.699328490229673,0.35638734698295593,0.3464265763759613,175
61016000,persistence,zero_shot,CAMELS-BR,0.572092109663033,0.7856446884856086,0.8378905021904013,0.2711176371829395,0.4405737430146439,0.0,0.8999581110273143,3.29604292501582,2.6842970388547056,0.3326165974140167,0.3211272358894348,187
61024000,persistence,zero_shot,CAMELS-BR,0.8015430366545411,0.8758274209113109,4.985423098955679,2.0000120394570486,0.5762880061328716,-0.0005210819129883304,0.9101504585201993,14.693567011994478,29.55440593762668,0.3434698283672333,0.31552863121032715,175
61027000,persistence,zero_shot,CAMELS-BR,0.6782006302945579,0.831915095119915,0.26793821875363305,0.11182887923908744,-2.2513451393244526,-0.0022296993636115557,0.9642484783537796,0.9415731594876307,1.7305057314260115,0.2811422348022461,0.26300492882728577,187
61031000,persistence,zero_shot,CAMELS-BR,0.5505953376859871,0.7419641857271853,1.7467012954821108,0.5435888837149114,-1.3827450074093075,-0.0022169791321394704,0.9046740802786042,6.901031200862703,13.481945938257137,0.4180751144886017,0.3734220862388611,162
61041000,persistence,zero_shot,CAMELS-BR,0.6090851301000578,0.804077560122984,0.4954200555967605,0.17032446759812375,2.2444683426837018,0.0008132328607811049,0.9760504835322323,1.630124401350541,2.494797058719772,0.20807471871376038,0.2226388156414032,188
61043000,persistence,zero_shot,CAMELS-BR,0.799139624155814,0.8929703318450201,0.4799691824001833,0.16060428058399873,2.1515088815210888,0.0,0.9502822863422956,1.820900875845988,2.3104112020920438,0.48189255595207214,0.4930815100669861,187
61045000,persistence,zero_shot,CAMELS-BR,0.9344677761757892,0.9642069181660792,1.215859182186016,0.5365363974934039,0.12559785176515106,-4.719869242538442e-05,0.9801562151311035,3.976927678017221,5.712012541896801,0.3757975399494171,0.3906644880771637,184
61052000,persistence,zero_shot,CAMELS-BR,0.9080125035868628,0.9158053968467481,0.9948185449680015,0.4461285142259225,0.6914694793763756,-0.0004922797700131279,0.9259577744346724,3.395782354926355,1.9205530254307417,0.23297519981861115,0.26313018798828125,179
61060000,persistence,zero_shot,CAMELS-BR,0.8926543409801498,0.9246762787447397,10.363519421820927,4.348946254304114,-2.102986360833883,-0.0008679634840065911,0.9482796528362823,33.384812537291886,24.43255282948646,0.2908681035041809,0.24599608778953552,188
61061080,persistence,zero_shot,CAMELS-BR,0.9443442035950704,0.9434003150349128,22.049991556904832,10.287234042553191,-2.159079335981261,-0.0003076476201217433,0.9505488975972324,56.38705525207004,58.69412236331676,0.2778286933898926,0.27901530265808105,188
61065001,persistence,zero_shot,CAMELS-BR,0.8829771267501686,0.9234066720498243,32.72151003643546,18.032905322879387,-2.020507896965699,0.0008848220378302098,0.9516729189864896,104.49153372459101,50.22291036068903,0.30632126331329346,0.3004777133464813,179
61065080,persistence,zero_shot,CAMELS-BR,0.9459059537722109,0.9415606697078812,23.74700429035118,11.207446808510639,-2.1646573746246585,0.0012606197728832168,0.9479725525868704,66.44471386047199,64.20669746996803,0.2655402719974518,0.2602382004261017,188
61075000,persistence,zero_shot,CAMELS-BR,0.9006161028122289,0.90928324800548,4.708415467549856,2.190057079429212,0.9763615407922178,0.0003496027128170563,0.9195745320055824,12.878967876855121,13.986384517992708,0.3602094352245331,0.3623565137386322,184
61078000,persistence,zero_shot,CAMELS-BR,0.8871031799399617,0.9380362807673694,8.782357906830155,3.796275004427484,-1.9025942332921413,0.0006292169863547463,0.9717711725592479,31.279366605784055,43.387487242593416,0.3689579963684082,0.3404068648815155,188
61078600,persistence,zero_shot,CAMELS-BR,0.9311484425641627,0.9648078429867433,6.097242938754469,3.131393177942796,0.4893221109992686,0.000777504371305332,0.9900521166570512,17.318631083285602,2.011993408203125,0.43038421869277954,0.4217805862426758,88
61080000,persistence,zero_shot,CAMELS-BR,0.7513715454000346,0.8757574745884161,0.3522378733550046,0.16084574234295398,1.2753449915253643,0.0003136238452233313,0.9851923273415122,1.1166453889529397,1.4182955308064773,0.32983121275901794,0.3476003110408783,188
61081000,persistence,zero_shot,CAMELS-BR,0.835759924359765,0.9001096154125999,0.7610220277812084,0.3682925377754455,-0.2191478383361745,-0.0010490341508359747,0.9474971488165534,2.1036532273791777,0.5515426336503146,0.2999162971973419,0.26578909158706665,188
61085000,persistence,zero_shot,CAMELS-BR,0.7065752003493344,0.830922430413174,7.964454243977705,2.9517957339895533,0.36621911207483143,-0.0010899615204251895,0.9309269114809003,25.63887120904107,47.869394346208416,0.5279303193092346,0.4667518436908722,188
61087000,persistence,zero_shot,CAMELS-BR,0.9346157935591188,0.9587766046067002,0.7546016815613797,0.27024466433423633,-1.3000094179985202,0.0,0.9721936992301554,2.9136177637639737,3.487612813103233,0.3988049626350403,0.3434002101421356,188
61088000,persistence,zero_shot,CAMELS-BR,0.8194362466152437,0.8025820838403607,6.7532681802862635,2.7936702281870742,-0.848700020760107,-0.0014709294296921128,0.8220994517281914,24.553471640885235,42.15613749608563,0.4445747435092926,0.3676051199436188,188
61089998,persistence,zero_shot,CAMELS-BR,0.5845916891070775,0.7718827856847654,14.553362549173757,5.455973400789149,-2.7466233068251005,0.0016229130271303224,0.9342300152092973,50.74100885083426,75.056247082673,0.42305707931518555,0.4108775854110718,187
61090000,persistence,zero_shot,CAMELS-BR,0.7281889844679855,0.8519280139159764,9.745032666652692,3.818521333501694,0.8068367341011282,-0.0005607910871272097,0.9413732592800205,26.349298613271163,45.90422103893726,0.3795761466026306,0.36164700984954834,188
61093000,persistence,zero_shot,CAMELS-BR,0.8100843281553035,0.8394246342978336,0.44873351030970243,0.1716595621819192,-1.3110858361130677,0.0,0.873512732336098,1.6565970356151483,3.6138622289468025,0.25877514481544495,0.21688319742679596,188
61095000,persistence,zero_shot,CAMELS-BR,0.864024687355106,0.9045451096735811,1.8424438641943373,0.8061169931229125,-1.8871633667233398,-0.001911289089186639,0.9345827517570854,5.892452706756975,10.049875355417363,0.3233014941215515,0.3136334717273712,188
61100000,persistence,zero_shot,CAMELS-BR,0.7796940073125759,0.8867505021503002,1.3387222751953225,0.6172804605701695,2.9947735701239284,0.0011097390989079532,0.961191724752806,2.435768383036818,4.294393736582282,0.4147101640701294,0.40974926948547363,184
61105000,persistence,zero_shot,CAMELS-BR,0.8811513011684603,0.9167932487170953,7.3913327598837615,2.7954611614772253,-4.022246924738807,-0.0019709794529910764,0.9421492892653155,28.980788056828107,16.0923245269262,0.4083179533481598,0.4143075942993164,175
61106900,persistence,zero_shot,CAMELS-BR,0.7990189424473774,0.7533950006408792,35.55197762859249,8.591872432015158,-3.9785003007355413,0.0019218412577249391,0.7700536759320059,145.7647187838541,323.77398681640625,0.47423893213272095,0.39488786458969116,88
61107000,persistence,zero_shot,CAMELS-BR,0.9539534198806671,0.9523479543018423,10.974286110005345,5.772845123125159,-3.1239357708393927,-0.0032913294748759224,0.9578843467340503,22.43758514454377,23.821791417484075,0.378525048494339,0.3727356791496277,184
61110000,persistence,zero_shot,CAMELS-BR,0.5761492046473795,0.7811832878633996,1.0446677019067099,0.42883707666664983,0.28616266458319195,-0.0024712080471519134,0.8789337987310463,3.1749590177242997,5.171769594603941,0.45316410064697266,0.4320239722728729,178
61115000,persistence,zero_shot,CAMELS-BR,0.7581237611594227,0.841322207295671,5.873902622194217,2.3958829590614807,0.053127638862244156,-1.7009880815058165e-06,0.9036501155117834,23.05664239383317,42.53662564856289,0.3869418799877167,0.345695823431015,188
61122000,persistence,zero_shot,CAMELS-BR,-0.17241087584684434,0.4373384531585851,10.379987816298874,1.688546783746557,6.179748558260603,0.0018418622266829464,0.920252342676271,24.970837292417098,54.8493465068744,0.6277185678482056,0.6997652053833008,188
61125000,persistence,zero_shot,CAMELS-BR,0.7061357650797355,0.6780300519835771,2.397613880611841,0.9405952848139263,-10.152351953579553,0.0,0.7143993069821282,6.050686567080208,7.500000953674316,0.7752270698547363,0.6524398922920227,42
61135000,persistence,zero_shot,CAMELS-BR,0.8552545693601545,0.9107104744353611,42.53482683496048,18.001130479447387,-3.0132478657241584,0.0014444209057309504,0.9497765870528323,138.09541599864426,220.96007688227505,0.3616929054260254,0.36119982600212097,188
61140000,persistence,zero_shot,CAMELS-BR,0.4363052065827786,0.7135398491206475,5.085479012620744,1.6357325780072383,7.233849502833265,0.0007122573402323813,0.898245986968099,19.101519633187976,31.15147853273187,0.451592355966568,0.547219455242157,175
61145000,persistence,zero_shot,CAMELS-BR,0.9079151404229558,0.9455064661249305,43.9926741823465,24.456649496200235,0.5218562390153166,-0.0009168002532667294,0.9720222917346495,120.85536993000515,204.59925271174717,0.24610333144664764,0.2622944712638855,188
61150000,persistence,zero_shot,CAMELS-BR,0.9402414768572875,0.9422137390909584,58.788749104540365,34.93617021276596,4.882418812989922,-0.0003726684116219167,0.9496347498281298,182.92676130080037,140.8900280360537,0.302426278591156,0.26414692401885986,188
61165000,persistence,zero_shot,CAMELS-BR,0.6149733198486463,0.8087491702574918,2.4696352372807784,1.0579605510360317,-1.8552928161006306,-0.0005382231914817012,0.9274684779492174,6.387442913515153,5.481788533983357,0.2587739825248718,0.2952233850955963,152
61170000,persistence,zero_shot,CAMELS-BR,0.9148229958596935,0.9261659835606729,0.22819578241173893,0.10641420698730197,0.5406160381697224,-0.0030860991793330277,0.9365949590792799,0.6354964570191246,0.783390375806513,0.166922926902771,0.18984511494636536,169
61173000,persistence,zero_shot,CAMELS-BR,0.6877844840989852,0.724455862909773,2.7107872385595524,0.8204140167557792,-4.986542356250657,-0.00017262704885212185,0.7810201878284406,11.470678075673751,19.718939955804338,0.35873985290527344,0.3234747648239136,178
61175000,persistence,zero_shot,CAMELS-BR,0.6657477545190833,0.7175726740385016,4.959129205509371,1.8916892948604764,-7.0765973993332745,-0.00032270728796094696,0.7793016783305178,17.861105570411635,28.815099716186523,0.28201431035995483,0.19000843167304993,84
61176000,persistence,zero_shot,CAMELS-BR,0.6405682548291907,0.8028916040756892,3.9165518259176806,1.216012773361612,-1.8711891436278627,-0.0007787611414087417,0.8543700453036432,16.351039936884092,30.129366079621217,0.30339229106903076,0.3058270812034607,188
61195000,persistence,zero_shot,CAMELS-BR,-0.2850058207356536,0.4215316322166215,6.319876385022052,2.3267021248949336,-0.9996329230207978,0.00082574793187307,0.8613901660042922,17.623816191866293,25.057219430098105,0.5802876949310303,0.5586913824081421,188
61196000,persistence,zero_shot,CAMELS-BR,0.8947257832927036,0.9253536092308017,1.3527673140827785,0.6316489551929717,-3.022774853772393,-0.001749234286833868,0.9478667775755417,4.551830090777515,3.89679427319531,0.45865222811698914,0.43794938921928406,188
61197000,persistence,zero_shot,CAMELS-BR,0.7641182721028594,0.8638258255904615,2.714580786936661,1.2369680480754122,-0.6145735446875199,-0.001042311965709631,0.9404272486100004,8.309391865793925,12.612096608027562,0.31481197476387024,0.28828513622283936,188
61202000,persistence,zero_shot,CAMELS-BR,0.7716422701116756,0.8634217535965043,7.984027203530977,2.9881595609819187,1.2269675299629506,-0.0010268362190327049,0.8993897595701826,30.97896710347981,42.993147426966,0.6506240963935852,0.6735286712646484,136
61203000,persistence,zero_shot,CAMELS-BR,0.9428133977132912,0.9039324811913253,5.67692292122939,3.260112180709839,-2.5671049814359366,0.007202696816100605,0.9075908969809169,10.882791585944773,11.890998840332031,0.6987646818161011,0.5961876511573792,25
61230000,persistence,zero_shot,CAMELS-BR,0.9650821312973895,0.9777968257646243,68.81570361356329,40.505319148936174,-1.2069428771024773,-9.526754186942217e-05,0.9857021608955411,189.3684239782335,218.2292372712694,0.22273093461990356,0.23566719889640808,188
61250000,persistence,zero_shot,CAMELS-BR,0.7099857597352859,0.8451705006508895,1.0243335830077454,0.42037038629947426,1.3509536049677606,0.0,0.9138520573578577,4.024261462931153,4.568962537466813,0.27984490990638733,0.26690414547920227,179
61250100,persistence,zero_shot,CAMELS-BR,0.7189453352880725,0.8609563277433149,0.8415965895306202,0.356288047183467,-0.33421777585322193,-0.0008040184677895502,0.9772144244603875,2.098018723453317,2.075922968322803,0.26468706130981445,0.28652963042259216,184
61255000,persistence,zero_shot,CAMELS-BR,0.9291610932923269,0.932214912018221,0.08503093475361172,0.04510106067074106,0.0055997528680295115,0.0,0.939949938803649,0.2273323319861664,0.3050410494774761,0.07812921702861786,0.08447549492120743,188
61255300,persistence,zero_shot,CAMELS-BR,0.7726284315737065,0.7613593265030731,5.830345439693916,1.969753110666334,18.059679618059718,0.0,0.7790635403106172,13.914277935603431,2.6400070190429688,0.6386528015136719,0.651572585105896,81
61262000,persistence,zero_shot,CAMELS-BR,0.3570187123575945,0.643038623475598,1.439505587178149,0.5074999919709038,3.013359801337979,-0.0017552300708901045,0.7098898100434066,5.837467431132483,3.892013232650036,0.2500954270362854,0.29164940118789673,136
61262100,persistence,zero_shot,CAMELS-BR,0.7308676380649025,0.8505521289379142,0.7782564631451294,0.3458574629844503,-1.4780475065804433,0.0,0.9474667018520119,2.8692280251690407,5.381395210629608,0.23590777814388275,0.27645304799079895,188
61265000,persistence,zero_shot,CAMELS-BR,-0.719616932952448,0.21506295202162218,1.3233482927459648,0.6451041648785273,11.39748689821335,0.005554863064815919,0.2989406132991449,3.675590373344603,5.323999404907227,0.42413899302482605,0.5445902347564697,48
61266000,persistence,zero_shot,CAMELS-BR,0.6744651792422063,0.780756131569095,0.0716026633038839,0.028186169987980354,2.1830277186977067,0.0,0.8184065305266268,0.16996309982776386,0.25612497657191347,0.2505068778991699,0.2840300500392914,188
61267000,persistence,zero_shot,CAMELS-BR,0.6924546991373361,0.8460847495255344,1.083260848880498,0.6061336974734846,-2.8466883754662358,-0.004528229640022054,0.9655695760402685,1.5037420483516257,0.9134628511505043,0.38065004348754883,0.36477378010749817,184
61269000,persistence,zero_shot,CAMELS-BR,-0.7090543721165006,0.2775861600598689,6.561058806217024,1.7607462833176797,9.547136779541061,0.002818803671576083,0.7668383322439434,23.39632539671433,30.000001907348633,0.6466208696365356,0.7460473775863647,67
61271000,persistence,zero_shot,CAMELS-BR,0.2817296351638716,0.639862708958731,13.984888392297927,3.696635591222885,-0.7059058055927858,-0.0007237995163469693,0.9917126823483755,56.235260059808155,100.22637628855887,0.40892332792282104,0.42401808500289917,188
61272000,persistence,zero_shot,CAMELS-BR,0.9595332643318031,0.9700308362692732,3.5217560303380373,1.4861701143548844,-0.0945648546113219,-0.0015209009034155459,0.9767427672187305,8.264805009576454,13.65613623111254,0.2136542946100235,0.21891844272613525,188
61280000,persistence,zero_shot,CAMELS-BR,0.5513784100716785,0.7677004067499238,2.3982795795335923,0.8709590435028076,1.220437774185816,-0.00116571258330532,0.8626632975242843,8.074143440559048,11.254245779774292,0.2765829265117645,0.35028111934661865,188
61284000,persistence,zero_shot,CAMELS-BR,0.7091091094927209,0.850164904982163,3.508106733884469,1.0062164814917596,0.15414639979677988,-0.0006761739227704802,0.9785779138845174,14.29584651840347,27.65774186789884,0.3013267517089844,0.2844555079936981,182
61285000,persistence,zero_shot,CAMELS-BR,0.7022870257784521,0.8044148716195785,8.243456179719198,2.8147291033608575,-5.406480291010715,-0.0003021785673315916,0.8854298169348715,32.866670164911696,58.70446553874703,0.4945359528064728,0.46635180711746216,175
61295000,persistence,zero_shot,CAMELS-BR,0.8258025955516006,0.862253997271408,1.351990907013418,0.5219016183653603,-6.430738001517279,-0.0026920593562180656,0.8954104577047348,4.465124205210915,1.5923976648778753,0.5789394974708557,0.4913208484649658,184
61305000,persistence,zero_shot,CAMELS-BR,0.9413537467126405,0.9706796896384302,9.559822565932567,4.592916962820724,-0.062217603353642216,-6.979545540445123e-05,0.9964126750003062,12.012674422708047,18.472586218761197,0.3175622820854187,0.3089602589607239,179
61315000,persistence,zero_shot,CAMELS-BR,0.07901180589492873,0.048974127097927034,0.6774223191890891,0.17018749751150608,-14.753070818704199,0.0,0.1923099676641683,2.082278076388333,4.254999876022339,0.3933567404747009,0.1540655940771103,48
61317000,persistence,zero_shot,CAMELS-BR,0.710174442885765,0.8551063486047441,0.8049408866356612,0.3471345155559785,0.8689738286402229,0.002238153734426887,0.9891316282233913,2.2006157908486803,1.006876122197641,0.24569518864154816,0.2909802198410034,171
61320000,persistence,zero_shot,CAMELS-BR,0.8345024608631244,0.8912652087477918,2.1037280805407144,0.5828467810407598,2.651944245408572,0.0,0.9198412565106971,1.2441648256854763,0.8393483123447257,0.2435869425535202,0.28240829706192017,188
61323000,persistence,zero_shot,CAMELS-BR,0.900736168948602,0.9179810230983367,0.06955065101439781,0.028306665023167928,-1.061583116460852,-0.0008735875615717278,0.934479523091602,0.2221486057303037,0.1700000762939453,0.15095974504947662,0.12145757675170898,75
61335000,persistence,zero_shot,CAMELS-BR,0.8654598743633055,0.9110084026869554,0.7499735370272306,0.2873586947503297,-3.0198146943613327,-0.0010907160532329322,0.9435295315486067,2.177769713427218,1.8207283929865974,0.3253225088119507,0.27927663922309875,184
61343000,persistence,zero_shot,CAMELS-BR,0.8171531872975792,0.8485693780695195,1.9401069122071903,0.6266090470425626,3.449777546621679,-0.0018158331591430245,0.8666114911441335,7.058153468763529,10.816572991661191,0.2649725377559662,0.31542930006980896,188
61350000,persistence,zero_shot,CAMELS-BR,0.40722765145048134,0.7160654737846219,17.503837780246773,5.2965904600480025,-2.3932291238279206,0.0,0.8894588621976024,69.2629628282372,88.14735738849282,0.41343119740486145,0.4285244345664978,170
61360000,persistence,zero_shot,CAMELS-BR,-0.1138650127274401,0.4212576765536672,2.026843143349466,0.5864163637161255,-0.3333912714165203,0.000809316438998342,0.9488521455137299,6.223702252252985,10.713223497256426,0.5192446112632751,0.5266786813735962,110
61370000,persistence,zero_shot,CAMELS-BR,0.8696927363650164,0.9272443706586516,7.874219637611014,3.51428868200468,-2.9150887925891364,-0.0006349521872387569,0.9681835632782223,14.992589430520217,18.44384499844725,0.5391702055931091,0.5038857460021973,184
61380000,persistence,zero_shot,CAMELS-BR,0.9132393224432002,0.9513921976222075,2.8280696961044183,1.5812234092266002,-1.604555304427132,-0.002361521660585628,0.9784235102599305,3.7934153376224895,5.3712213053038305,0.4267463982105255,0.4489615559577942,188
61389000,persistence,zero_shot,CAMELS-BR,0.4610941607861895,0.7359519405016479,2.406177890581103,1.2143884734284105,-0.9460619707712268,-0.00023478684229742523,0.9406099236212062,8.09902976463638,11.527161289046402,0.33579060435295105,0.3240635395050049,139
61390000,persistence,zero_shot,CAMELS-BR,0.6211340783013524,0.7374283732252889,6.252119416024819,1.4965074620928083,-4.504516046371196,-0.0004662487990361626,0.8407085911269248,26.143903268880464,52.913142937956636,0.4369336664676666,0.4768214225769043,175
61405000,persistence,zero_shot,CAMELS-BR,0.9464773225152241,0.9675363263316272,0.25671053609291195,0.11650326906466017,1.5896997352847604,-0.0006709425590416124,0.9805290571472733,0.1859839403132271,0.07516652122320419,0.2275393158197403,0.22773142158985138,153
61410000,persistence,zero_shot,CAMELS-BR,0.9290245805934061,0.9580635895301031,19.901545292365437,9.008770841233273,-1.0678184396819639,8.12041861214148e-05,0.9781168596031953,62.33912710859833,19.0981060403472,0.26021304726600647,0.2831898331642151,188
61415000,persistence,zero_shot,CAMELS-BR,0.9863668270947705,0.9924706253185775,12.498246747012086,7.289361974026295,-0.14785718500099565,0.0005794255209286316,0.9967331815999182,9.1104335791443,7.648529270389178,0.24147361516952515,0.24412889778614044,188
61425000,persistence,zero_shot,CAMELS-BR,0.9561250316162733,0.9735049736086535,16.974034477008402,8.319781465733305,-1.3877645641381118,-0.0010774810853282947,0.9843380750753903,31.94626574573168,51.70581880818218,0.30798470973968506,0.29856598377227783,188
61429000,persistence,zero_shot,CAMELS-BR,0.6611638857752394,0.8297385662602981,2.397266314634931,0.6472941149364818,2.3140739464408684,-0.00086719797684532,0.9696150626374506,9.419591568258673,14.450285341944118,0.5103088021278381,0.4809151589870453,187
61431000,persistence,zero_shot,CAMELS-BR,0.6617951116209175,0.8028607859829631,1.1857610369403127,0.3662499966139489,-1.6369081555930318,0.0,0.9173019683352724,4.5978276625800545,6.091994589503262,0.31672799587249756,0.28436610102653503,188
61434000,persistence,zero_shot,CAMELS-BR,0.2546529812141327,0.6263572372705368,2.2245793613478897,0.7404270468531429,-0.1900261843927357,-0.0009713355182603359,0.7296655603039781,8.689250319184245,15.536893859019214,0.4397415518760681,0.49859267473220825,185
61440000,persistence,zero_shot,CAMELS-BR,0.8406724934695382,0.8732223860272197,1.8532604189686643,0.769176473025403,-3.9089859574591133,-0.0027689168881095336,0.900736444743942,6.423686906022618,10.307764064044152,0.44051119685173035,0.3769182860851288,153
61443000,persistence,zero_shot,CAMELS-BR,0.7505479881867119,0.7284912984743919,0.3163592959086561,0.09354255562450023,-3.711627017790975,-0.0005760447137946132,0.756371813289527,1.196152937393767,2.6482447108854505,0.25458863377571106,0.20698975026607513,188
61447000,persistence,zero_shot,CAMELS-BR,0.78794761462793,0.8645540480914217,0.516418780431737,0.2607500023664312,2.4095433851988455,-0.0026083228587723394,0.8998911077168847,0.9861033858866849,0.4030509866592558,0.2660370469093323,0.2340206503868103,188
61450000,persistence,zero_shot,CAMELS-BR,0.9280814747906478,0.9123102114795899,7.512598698803403,3.5298935961216054,1.0549678759054946,-0.00039440659561992483,0.9175142923390096,11.9022684682351,5.0990195135927845,0.27346697449684143,0.3116171061992645,188
61452000,persistence,zero_shot,CAMELS-BR,0.6663562498117692,0.7989690590539512,0.41543374320393517,0.20542553257434926,5.180871650186283,0.0008233562363132944,0.8496396126441085,1.178397256322356,1.9438236192701872,0.25640249252319336,0.3214246332645416,188
61460000,persistence,zero_shot,CAMELS-BR,0.9268164575893882,0.9629053801919664,8.643807753985993,3.7293663713383802,-0.635721920005423,-0.00013230806761397804,0.9928402730227153,12.582889143242793,5.39670983610909,0.35622096061706543,0.3555225133895874,187
61470000,persistence,zero_shot,CAMELS-BR,0.8719474352973924,0.91506838934664,0.3340245166896293,0.12984946594443372,3.070366606352459,0.00011213176636526608,0.9378453628669947,1.1430704185090321,1.9717122867392867,0.17615598440170288,0.19346603751182556,186
61470005,persistence,zero_shot,CAMELS-BR,0.9620454166996909,0.9532324874243199,0.3854492699135648,0.17669148838266413,1.6602150203985535,0.0,0.9564904902266095,0.692899503387197,1.2248466574781602,0.19754905998706818,0.19060677289962769,188
61473000,persistence,zero_shot,CAMELS-BR,0.8919070393968527,0.9411264187110068,4.2987436305338615,1.8501990096454315,1.22609636553014,0.001490519753199946,0.9746177631498659,10.972314572175698,17.316922601185553,0.2825987935066223,0.3100906312465668,187
61484000,persistence,zero_shot,CAMELS-BR,0.8547593562057384,0.7275414781866469,2.841547581726117,0.6739611851818421,13.655307527785968,0.0,0.7293929356561207,11.996024748007219,4.9226230611136135,0.48532649874687195,0.49394112825393677,170
61485000,persistence,zero_shot,CAMELS-BR,-0.2826743404602108,0.39834531174113197,1.70760337556175,0.3713194533354706,-1.5636559227736928,0.0019202894655636887,0.8927886568253549,3.4687651750302737,8.614232829357949,0.44630783796310425,0.43490681052207947,144
61486000,persistence,zero_shot,CAMELS-BR,0.5448838397760942,0.6083056076800152,1.1686882475283407,0.35558491214266363,-2.188439948914828,0.0005180126570616395,0.6935888567123276,4.515427093709724,7.687730190198863,0.29246681928634644,0.21549482643604279,106
61487080,persistence,zero_shot,CAMELS-BR,0.41448409351682536,0.6859026320080851,0.9178114023565563,0.48128864507417424,4.965239884550939,0.0003972555922788709,0.773128614729085,2.390371338114496,3.734351161293513,0.38103795051574707,0.44874170422554016,185
61490000,persistence,zero_shot,CAMELS-BR,0.5296922421476444,0.7357830854959218,1.455557017585823,0.5528191467548939,-1.1252359458419339,-0.0011743339454614813,0.9188181942292517,4.946279424678653,8.930512242833085,0.35376179218292236,0.32695937156677246,188
61500000,persistence,zero_shot,CAMELS-BR,0.856514844379578,0.9223891588254706,4.925428396127512,1.8135893064386703,-1.7294929162540453,0.0003773531916332479,0.9708321082732628,17.40748642237545,36.46728784223952,0.3953430950641632,0.36046573519706726,187
61505000,persistence,zero_shot,CAMELS-BR,0.6219139988328022,0.7712535077872428,0.7314039558352008,0.26094679930742753,-2.429170050827175,0.00044894155740011696,0.8951698902255183,2.6987719732435163,3.2100000381469727,0.3641825318336487,0.3233054578304291,188
61510000,persistence,zero_shot,CAMELS-BR,0.9699931322929817,0.9804841553463226,11.969976196298067,5.803951263427734,0.6370159624486478,-0.0004146580899715181,0.9869894339066339,22.597421620733684,11.45794378113353,0.3471750020980835,0.32624515891075134,187
61513000,persistence,zero_shot,CAMELS-BR,0.9194240292286148,0.9580370981626254,0.28850101882254797,0.1054467980531936,0.9209510672833668,0.0,0.9865107533513378,0.9608433061188726,1.347026267536856,0.2608383893966675,0.24501436948776245,188
61520000,persistence,zero_shot,CAMELS-BR,0.9366770507249351,0.9529522797232146,3.30198256451094,1.3201850136333608,0.27297772699064754,-0.000364880825081855,0.9647714344196275,10.1824376301649,13.563161748478047,0.39302706718444824,0.3714931607246399,187
61525000,persistence,zero_shot,CAMELS-BR,0.6284343095641076,0.796689211456711,0.05134571959791204,0.015202127951890864,-0.2603758742252282,-0.0012433758588664594,0.8626067983153795,0.12613049516001668,0.03063495278074866,0.14235369861125946,0.16642287373542786,188
61526000,persistence,zero_shot,CAMELS-BR,0.6057681685395512,0.6965069186487275,0.21689623074631614,0.09203125350177288,-4.841517535693362,0.0012190107938591125,0.778274375076732,0.6992138568387297,0.8700000047683716,0.17234961688518524,0.13121788203716278,32
61526080,persistence,zero_shot,CAMELS-BR,0.22073740818790144,0.553416343833204,0.28262864502269447,0.13842105434129112,-6.478406627264152,0.013696518608090263,0.8700265555252324,0.9700000286102295,0.9700000286102295,0.9086378216743469,0.7708703279495239,19
61530000,persistence,zero_shot,CAMELS-BR,0.9495434438737117,0.9728404145812894,0.8167940281483053,0.3779074916227616,0.29940465104160874,0.0009365044582791554,0.9887142908268913,2.4165418827206953,2.0265401118422606,0.4265696704387665,0.40378227829933167,187
61537000,persistence,zero_shot,CAMELS-BR,0.9305747286327293,0.9595385598780699,21.209570148667616,10.927141890806311,-1.259665422849771,-0.0005297491042274664,0.9776775848325991,55.68077034314962,19.152677197094913,0.3667193651199341,0.35420480370521545,136
61540000,persistence,zero_shot,CAMELS-BR,0.9427104159593329,0.9567611942719828,20.023233086886552,11.330344759184738,-0.5707416835196484,-0.0014252719748885801,0.967685647994977,51.564280272297026,44.68780594300866,0.29747602343559265,0.31222015619277954,145
61545000,persistence,zero_shot,CAMELS-BR,0.9624698107055512,0.9809991311390283,0.6361122897740452,0.2650359800393633,0.11145154471920811,-0.0021328626760670037,0.996941588003072,2.1444279422936745,2.9300167035092572,0.20055058598518372,0.22496244311332703,139
61550000,persistence,zero_shot,CAMELS-BR,0.9883628605493671,0.9879023484758269,27.37923191810778,14.186170212765957,-0.09712873817841015,-0.001984179678166883,0.9892778467974588,28.073118814980283,24.020824298928627,0.2047712355852127,0.18608856201171875,188
61565000,persistence,zero_shot,CAMELS-BR,0.7853533955389107,0.8354288383130987,3.6185545409986246,1.5003404287581747,-2.3936213423137103,-0.00134998839993173,0.8801058524013601,12.820649508963767,20.396355255260843,0.4396081566810608,0.37197014689445496,188
61566000,persistence,zero_shot,CAMELS-BR,0.8650599634393706,0.9222737978291878,2.482619390837392,1.1677411692483084,0.6834558370064796,0.0,0.9553509618125873,7.389914491175198,8.8775315373376,0.2920701801776886,0.3146950900554657,175
61568000,persistence,zero_shot,CAMELS-BR,0.9302540365812565,0.9558230722480506,2.276596739167916,1.0520074747978372,-0.4461031217847655,0.0005213599831196715,0.9706964700586896,5.313684362468291,2.741146869874978,0.3731612265110016,0.3758338987827301,188
61573000,persistence,zero_shot,CAMELS-BR,0.9800385328355566,0.9840281497546076,29.080667339956516,16.679787229984363,-0.4982203572315716,-0.0009871566798367523,0.9874369596705457,57.01403336021755,18.506755523321747,0.3239440321922302,0.3224916458129883,188
61585000,persistence,zero_shot,CAMELS-BR,0.982469487231572,0.9827904802774913,0.6274561757366843,0.3795850454492772,-0.25898883697451364,0.0,0.9851473678763921,1.3813694791225566,1.3416403600038216,0.11877968162298203,0.11285210400819778,188
61595000,persistence,zero_shot,CAMELS-BR,0.9872412972496282,0.9650172633706785,0.37133942637974354,0.16876364241946828,-1.041894188804111,-0.0008165018138022503,0.965455890352384,1.0305663474570035,1.0739337098153907,0.20006516575813293,0.19763578474521637,110
61605000,persistence,zero_shot,CAMELS-BR,0.5836561422551247,0.7890202386875904,0.3744773296507223,0.1844264689613791,1.753973657286536,-7.609480800199568e-05,0.8935060606682135,0.8384509912819886,1.3583078233784787,0.18806646764278412,0.21901528537273407,136
61610000,persistence,zero_shot,CAMELS-BR,0.63089723719301,0.7963770754609795,6.023751801427287,2.705277232413596,3.770858387663063,-0.0016113226172488494,0.8653185866638087,15.500806675097362,11.465858239909387,0.32711416482925415,0.33585208654403687,188
61615000,persistence,zero_shot,CAMELS-BR,0.9962120947043162,0.9973677023901557,1.3876098322111077,0.7405851064844334,0.08002152903467882,-0.00012048980172778972,0.9981517133098636,0.5504545518303308,0.3807898574513522,0.07481550425291061,0.08126737177371979,188
61635000,persistence,zero_shot,CAMELS-BR,0.6226881406089669,0.809891413745416,3.093545988691849,1.3645212555185278,-2.9134522303775783,-0.002821389372079928,0.9620950696221976,9.825662717313111,12.712741561109974,0.49240046739578247,0.43497830629348755,188
61642000,persistence,zero_shot,CAMELS-BR,0.9503321562185928,0.9685908230312987,1.2974811521448395,0.5176300830234682,0.685165734333575,-0.0012518685934189457,0.9798720677138368,2.2286020770157826,0.5700880471208727,0.3331344723701477,0.31960126757621765,173
61645000,persistence,zero_shot,CAMELS-BR,0.9872191466819656,0.9903554134628689,43.3258370354123,24.055615103818518,0.08797124324902314,-0.0013314455464066757,0.9926548702163611,40.798284277650694,39.223717314910374,0.2035188525915146,0.19534419476985931,187
61657000,persistence,zero_shot,CAMELS-BR,0.9849166534688367,0.9804280889167026,89.2056484090074,49.56010631804771,0.10156367741087566,0.0007871359516139591,0.981743345112967,213.7458771532214,135.66502865514016,0.21066422760486603,0.2155567705631256,188
61661000,persistence,zero_shot,CAMELS-BR,0.9060824241332266,0.9483503865282603,120.85616561002358,82.43617021276596,0.4602439137778742,0.0008982524988617284,0.9755640396511824,81.1461644195214,49.62358310319802,0.18854503333568573,0.18420282006263733,188
61680000,persistence,zero_shot,CAMELS-BR,0.8170309195173237,0.9063780261635669,0.37308574042196285,0.18328192037470797,0.9521837818190813,0.0008536621356285672,0.9836406459525201,0.780493439264971,1.4713599517042384,0.21415087580680847,0.23715269565582275,188
61684000,persistence,zero_shot,CAMELS-BR,0.6795328769542059,0.8019824037326218,5.5772657260906895,2.034006377483936,-2.091972476588433,-0.0005348930201937441,0.9012773425768315,22.227268081866885,27.77208365868979,0.4455723464488983,0.4035171568393707,188
61684500,persistence,zero_shot,CAMELS-BR,-0.5632454377484419,0.25777994207633104,10.158981021089987,2.8091672554350735,9.483008515229537,-0.0009210373039582019,0.335650547627927,16.652476173800736,25.507825405365384,0.3877689242362976,0.5017679929733276,171
61685000,persistence,zero_shot,CAMELS-BR,0.4498546946529759,0.6514763518668099,7.816531139551925,2.823776438911968,6.163195101260398,-0.001186161755412328,0.6996664992471768,28.38949346868642,34.82310655066115,0.43284425139427185,0.48581254482269287,187
61689000,persistence,zero_shot,CAMELS-BR,0.7056529637679315,0.8248846012568753,5.700914645093945,2.2246701793467745,-0.8133375113972566,0.0015775394152406103,0.9206932236851157,21.580637514171215,41.61351546493538,0.4475937485694885,0.43451690673828125,188
61690000,persistence,zero_shot,CAMELS-BR,0.7811268899754136,0.8556051494436444,7.755040959671583,3.241276642109485,-1.8930048327000824,-0.0013783344254023472,0.9110374022528126,28.267649436306822,48.12410879048104,0.2942541241645813,0.3127036690711975,188
61695000,persistence,zero_shot,CAMELS-BR,0.430823735774033,0.5622788230705205,12.441032300656984,4.201961143928416,-7.657410070866478,-0.0016836396086552796,0.7162141223128893,51.13795959535764,87.98793599491815,0.5593421459197998,0.4511525332927704,136
61700000,persistence,zero_shot,CAMELS-BR,0.16737782111780908,0.5753257039273119,4.251833251539845,1.4798292568389406,7.705256151049754,0.0,0.6781530761458613,16.20202184814799,23.428090094987535,0.4294620454311371,0.4962512254714966,188
61710000,persistence,zero_shot,CAMELS-BR,0.367562291892936,0.6172017809434813,2.254880096723122,0.9661183841954702,8.281331672015172,0.00036665089240714606,0.6710807566779385,6.635993093656317,8.312358786692174,0.36020320653915405,0.4844988286495209,174
61730000,persistence,zero_shot,CAMELS-BR,0.9340267715776551,0.9592725963870066,126.51306799920744,49.48791214659974,1.7348461807627449,-0.0009292897302793542,0.9745972610411866,158.99654084287494,217.79348015953096,0.2709031403064728,0.23140430450439453,182
61730080,persistence,zero_shot,CAMELS-BR,0.927371341268082,0.9357031322596793,214.61864269979688,80.6498403346285,3.0488985410055056,-0.00025874798096583475,0.9448950847438388,854.9936382428489,738.4578525549038,0.4334683418273926,0.3828943967819214,188
61731080,persistence,zero_shot,CAMELS-BR,0.8550670003493187,0.9189885110767365,180.13288534573226,114.81382978723404,-3.717284187623984,0.002287127460290868,0.956843967185804,192.1028370430796,12.98075498574717,0.1981058418750763,0.1872245967388153,188
61734080,persistence,zero_shot,CAMELS-BR,0.8776185869544111,0.9279871210526037,157.30582424190635,105.98404255319149,-4.210865943675141,0.003154763699972328,0.95772794630758,130.41127251890458,121.74152947946727,0.1903877705335617,0.19126442074775696,188
61740080,persistence,zero_shot,CAMELS-BR,0.8581678498562919,0.9215163134806825,191.5891409662098,134.73936170212767,-3.84116983366288,0.0022408948535231395,0.9596351940645175,257.9342939587522,268.06715576511795,0.1833283007144928,0.19988150894641876,188
61756000,persistence,zero_shot,CAMELS-BR,0.9736974609292554,0.9778682492172472,2.590879021844619,1.228423815706502,-0.13927865175677726,7.373331797309521e-05,0.9817243902745671,5.2525295382817125,8.809081714589787,0.15802998840808868,0.17610211670398712,184
61760080,persistence,zero_shot,CAMELS-BR,0.8375490806714214,0.9092150798175473,174.87240028940738,120.75,-1.190799815618093,-0.00033084646176462056,0.9501095595203516,160.03843288410442,231.93533581582605,0.21656601130962372,0.20790794491767883,188
61770000,persistence,zero_shot,CAMELS-BR,0.7397812459042568,0.8224781931081656,2.205164224209911,0.7471267069605264,-5.569653396539653,0.00039399284963092737,0.8878376720376607,8.263532603101556,14.475092139104321,0.4838433563709259,0.4251338839530945,176
61772000,persistence,zero_shot,CAMELS-BR,0.879175168921112,0.9299131518209249,3.5858149099559027,1.380526634057363,-2.1923492467492234,0.00013127249811738587,0.9584885923072423,13.455903336949067,2.6042874341849753,0.405761182308197,0.402357280254364,165
61774000,persistence,zero_shot,CAMELS-BR,0.7663770360160811,0.7947717186897898,10.661661850149459,3.8812233792974595,-5.2488944426712,-0.0014364314556748817,0.8344024391293116,39.999336704095256,66.6232685818883,0.3366551995277405,0.28362220525741577,188
61776800,persistence,zero_shot,CAMELS-BR,0.3091730754090086,0.6351666885603017,3.1127184840337034,0.9354698815977717,-5.251417066930251,-0.0013112935579671688,0.9189951152604867,12.878392148628556,17.533765604981554,0.37639790773391724,0.31936177611351013,166
61776900,persistence,zero_shot,CAMELS-BR,0.9660260484890439,0.9565184704246746,7.189883049007325,3.3067106840222382,-1.8513471361975,0.00026796479075395785,0.9598198212144862,13.95088669224883,6.496728529168949,0.21518248319625854,0.19983413815498352,172
61777000,persistence,zero_shot,CAMELS-BR,0.6898863589822264,0.8273063701685119,1.2013475022523552,0.44878125805407765,-1.5894475836189241,0.0020411824248000796,0.9388089460211272,4.211687422865647,7.850867917518374,0.3022913634777069,0.25250789523124695,160
61780000,persistence,zero_shot,CAMELS-BR,0.9605982974841742,0.979576073444243,6.730924034098195,3.488936130036699,0.5064471341224887,-0.001020695841837907,0.9942255836218359,19.95501729109609,9.019985338020645,0.24462883174419403,0.2512306272983551,188
61780500,persistence,zero_shot,CAMELS-BR,0.9686305346426529,0.9668233995459894,7.863666805434869,4.060983850600872,0.2519185121982043,-0.0005126507182231163,0.9699408755974707,18.657846704229485,39.0925337365127,0.18093541264533997,0.19125443696975708,188
61782000,persistence,zero_shot,CAMELS-BR,0.9523913222845617,0.9730114733270407,8.684857660381951,3.1058507625092853,-0.09045291888982122,-0.000204612645568647,0.9876423836163861,31.62307707743263,68.89673551402683,0.19732554256916046,0.17832063138484955,188
61782100,persistence,zero_shot,CAMELS-BR,0.9795635389023347,0.9861517812223345,9.672726428298674,4.506824022051932,-0.2129928062925459,-0.0006731694521078108,0.9887690621611558,32.08349525476001,50.68026525535241,0.23569075763225555,0.21279272437095642,174
61782500,persistence,zero_shot,CAMELS-BR,0.6193812060039697,0.779856680091101,0.8510137972966434,0.2659733982637842,-0.3438433938494099,0.0009833175974648563,0.9155858508319634,3.196730378039667,6.593636856966923,0.3569657802581787,0.31302857398986816,188
61783000,persistence,zero_shot,CAMELS-BR,0.5865148610641333,0.7606978960509152,2.305818132599394,0.6827770974262651,-0.8386611353172103,0.000109894755662171,0.9101387142814242,8.962390808637917,17.260187931870643,0.24776384234428406,0.2405824512243271,166
61783445,persistence,zero_shot,CAMELS-BR,0.9409636836922579,0.957047419646864,10.27868838719644,5.353342071492621,-2.1431604245386464,0.0011579063322922564,0.9686689091569315,24.13183592138979,21.018399833946123,0.22453728318214417,0.2047852724790573,188
61783450,persistence,zero_shot,CAMELS-BR,0.9465343914905124,0.9499555282507745,10.185946030712312,5.29470531483914,-1.49499914901651,0.0010647770736113803,0.9576846871285025,27.447558900843017,21.77495471699658,0.23350487649440765,0.2183787077665329,188
61783500,persistence,zero_shot,CAMELS-BR,0.9937463448035104,0.9864899293430587,4.672470131682667,2.500822590243432,0.5451118364353924,0.0006964420372057752,0.9868111223607408,9.426694057278,7.375068155891576,0.14718623459339142,0.15253417193889618,186
61784400,persistence,zero_shot,CAMELS-BR,0.9497432213530971,0.9694184232347935,9.669928237093112,5.621861696243286,-1.0652176361543524,0.0010802269487426783,0.9827323590152712,18.14817068836844,3.7197396144233603,0.22837518155574799,0.22391170263290405,188
61784500,persistence,zero_shot,CAMELS-BR,0.9488489127552354,0.9483296614413562,10.618932444485512,6.038549052908065,-1.816715370835049,0.0017433160072925398,0.9549898667241968,24.90137634215711,29.199649981080118,0.24533496797084808,0.22718721628189087,188
61785000,persistence,zero_shot,CAMELS-BR,0.8928835774246479,0.8775350072871932,0.6017540843217847,0.2088351179944708,2.5284666364472685,0.0,0.8844087399054728,2.2920281932248896,1.5378635522640236,0.21455486118793488,0.25751158595085144,188
61787000,persistence,zero_shot,CAMELS-BR,0.9387236834773595,0.9427313134400572,12.744458422811118,7.116932784186469,-1.160797797269607,0.00039089356341493776,0.9515527948929517,32.089398981212234,63.220744072701905,0.22835710644721985,0.22058448195457458,180
61787500,persistence,zero_shot,CAMELS-BR,0.9857202161189293,0.9923672316507891,8.505278061391955,5.065977358136858,-0.1681159579924615,0.0030297997061854154,0.9971060767287969,19.79889247954097,25.096577525223154,0.2586495578289032,0.2432280331850052,175
61788000,persistence,zero_shot,CAMELS-BR,0.9806882733603353,0.9803194147431148,12.228232669798123,6.045996256172657,-0.5624075700071975,0.001355937655077596,0.9826511907152446,6.84849304767543,7.832995811504414,0.2216126024723053,0.2393193244934082,128
61794000,persistence,zero_shot,CAMELS-BR,0.8529707182727531,0.9140173594997105,4.897412925596716,1.8203033297291438,1.2452596683841446,-0.0026279966430576077,0.948147306111881,14.747739125408451,17.02213780246868,0.7877281308174133,0.8284274339675903,149
61795000,persistence,zero_shot,CAMELS-BR,0.5955491959459782,0.763964194492171,17.50725787842785,7.655769086898641,4.13367503658271,0.002249368782184763,0.8240825242015788,56.23292482963664,105.09848372366918,0.35474535822868347,0.3820399343967438,188
61795100,persistence,zero_shot,CAMELS-BR,0.7386599468045733,0.8676982430245005,13.623538942812301,5.159870214436365,2.5996234381231593,0.0002913530395190801,0.9590312451428026,48.95110931740081,99.40937203747214,0.36388716101646423,0.3640056848526001,184
61796080,persistence,zero_shot,CAMELS-BR,0.7540897575562855,0.8490410920704865,236.41676822482864,155.5372340425532,-3.751973880756263,0.001854260432048253,0.8903411259988412,135.59867255987427,43.15669125408017,0.22526781260967255,0.2275087982416153,188
61800500,persistence,zero_shot,CAMELS-BR,0.8012105728544737,0.8045163452302181,3.46157260546428,1.393535942362066,7.824800477316942,0.0007980503766137695,0.818199691150681,8.281535573355425,8.785267634382652,0.4738670289516449,0.5717107653617859,114
61802500,persistence,zero_shot,CAMELS-BR,0.873172231466118,0.9121330445364935,7.896860692450116,4.106170238332545,-0.6270888932470617,0.00036855755016754893,0.9409455242710285,25.020446610036327,24.421643406344845,0.32537341117858887,0.3062717914581299,188
61802502,persistence,zero_shot,CAMELS-BR,0.9494813093945131,0.9593411850646368,5.252376165417242,2.945533778294023,0.45490215110617954,0.0019055571127080742,0.9667019882578656,10.386522518096143,13.925737852996406,0.33989179134368896,0.3359701931476593,166
61807000,persistence,zero_shot,CAMELS-BR,0.981578264645582,0.9674298018813885,2.1662397077616777,1.2178191009988175,1.508536694846299,0.0012575675833236578,0.9684284078573255,5.72179969858896,7.113718485584022,0.32307377457618713,0.3239947557449341,188
61807002,persistence,zero_shot,CAMELS-BR,0.8382492126911449,0.9193470960745663,2.239515831253482,1.1709976282464452,0.01067765495779686,0.001181669434786807,0.9899597042127667,6.077480778668171,6.859858133303903,0.29215294122695923,0.2712750732898712,166
61810800,persistence,zero_shot,CAMELS-BR,0.6181220497215908,0.7855363294466166,1.874809271919555,0.6036475317074301,0.16052484377218926,-0.0008961398013176379,0.8504570570911996,7.302590185116551,11.971950660334326,0.4016258120536804,0.4406796991825104,183
61811000,persistence,zero_shot,CAMELS-BR,0.6876115665286837,0.803763671237789,1.6576494962519555,0.5247606558210038,0.04918002458897066,0.0,0.8936912406410318,4.716628148858813,10.061450847825864,0.3052321672439575,0.2704065442085266,188
61811080,persistence,zero_shot,CAMELS-BR,0.8895584006147991,0.8832423560960331,9.089683186202471,2.473404255319149,-1.065228826933193,0.0,0.8964199585635109,34.10411865289747,67.95586803212802,0.1820094734430313,0.1597766876220703,188
61812000,persistence,zero_shot,CAMELS-BR,0.9287902612371719,0.9306760568609247,3.990428087211776,2.025794140836026,0.542951897933096,-0.0004205511346849931,0.9382339592043575,3.177642377969223,1.5932098162422592,0.10888082534074783,0.12163495272397995,188
61813000,persistence,zero_shot,CAMELS-BR,0.9468211908277677,0.9667491201803425,3.6389316730997896,1.6228041591414486,-0.5107387109271654,0.0008772422969496726,0.9802206456896245,8.598301732176683,10.41034023130051,0.1273352950811386,0.125737726688385,166
61815000,persistence,zero_shot,CAMELS-BR,-0.10570829603706589,0.41222984395200946,1.6149043883198475,0.34311222622884396,2.881571299570703,-0.00115984653698035,0.8873958684077754,6.867916529578051,14.091519655068236,0.5075100064277649,0.6096273064613342,188
61817000,persistence,zero_shot,CAMELS-BR,0.5634280361866929,0.6385817231422327,41.9520996137335,12.82499997159268,-3.2846154202315514,-0.0007937339913480345,0.7285506099720265,170.05763728806772,371.44649682020156,0.27401405572891235,0.24571430683135986,188
61817002,persistence,zero_shot,CAMELS-BR,0.9683736444617258,0.9719515718687753,14.377136398496939,8.591654435117194,2.2802659543786286,-0.0028110347912495767,0.976343871766015,40.367955710264745,42.18642630531466,0.35791510343551636,0.3518903851509094,188
61817004,persistence,zero_shot,CAMELS-BR,0.875833598787604,0.8946038870509607,6.784393044140905,4.237205890899009,1.4698542680181768,0.0006573939225640651,0.9077154487392762,17.344800534911947,37.49295557396621,0.16795608401298523,0.19242240488529205,188
61818080,persistence,zero_shot,CAMELS-BR,0.9077230474312119,0.9057212933957333,10.971917732256482,5.457446808510638,-2.097599029210367,0.0006517031885140412,0.9173280676915239,37.15777173082369,25.495097567963924,0.22206813097000122,0.20044267177581787,188
61819080,persistence,zero_shot,CAMELS-BR,0.8646985149950359,0.8847685431031289,14.118985256768669,7.803191489361702,-2.6790358938789667,0.001955712761744593,0.9072569774074426,42.261093218230876,47.43416490252569,0.24076643586158752,0.23688195645809174,188
61820000,persistence,zero_shot,CAMELS-BR,0.8486171321565986,0.864897862820116,16.524614425333016,9.119316466311192,-3.165734562754457,-0.0005087735124149079,0.8889201823990658,56.845478466032574,32.79563261641364,0.31667906045913696,0.28954648971557617,188
61821000,persistence,zero_shot,CAMELS-BR,0.7802876985706102,0.8507084922037532,2.554163899003877,0.8108946853562405,-4.82060313283702,-0.0020186944958973715,0.9037743066315767,10.459225820416144,14.406998634338379,0.6014559864997864,0.6108767986297607,38
61822000,persistence,zero_shot,CAMELS-BR,0.3138779980124401,0.5565631821296573,0.6267007646135563,0.25237661953289786,9.13167772708391,0.0034571434951541323,0.5960253056231075,2.3378247730896224,3.4269636891403006,0.6707884669303894,0.7670828104019165,154
61824000,persistence,zero_shot,CAMELS-BR,0.813190317076445,0.8958858607998679,0.6215753216723492,0.3123936177568233,2.804061722927982,0.0,0.9299854314192049,1.9454187659039854,2.8340874185075804,0.29935258626937866,0.3147141933441162,188
61826000,persistence,zero_shot,CAMELS-BR,0.8719677186091149,0.9174236822792268,3.000862273925386,1.4963376988683428,0.5720511201359126,-0.00011493166860284537,0.9484711920493782,8.102233877617929,8.844943162041895,0.47314631938934326,0.4716596305370331,175
61830000,persistence,zero_shot,CAMELS-BR,0.8698829069180709,0.9339213258147627,22.241409657024928,10.956690433177542,0.31949015742318115,-0.0013477117051881853,0.9907842105926102,62.8377287032406,68.90931972229036,0.24651528894901276,0.2312522828578949,188
61832000,persistence,zero_shot,CAMELS-BR,0.8335225294137791,0.8619479904283152,2.2933831558465503,1.3031153839368086,-0.8557817012063277,-0.0024984228872623956,0.8774686352596973,5.341745656020652,5.756000518798828,0.5193691253662109,0.5658352971076965,52
61833000,persistence,zero_shot,CAMELS-BR,0.8901171835105481,0.9448282642954055,28.820316394430957,17.073144131518426,0.49658296914159616,-0.0006405769479329512,0.9907847685888416,66.87852327524969,109.1169712691925,0.25956451892852783,0.2645319700241089,188
61834000,persistence,zero_shot,CAMELS-BR,0.9647057754813426,0.9768048441966597,21.212406977555855,11.62220599027288,-0.24476455404772543,0.0013565856488862698,0.9843589883593536,53.02646830947657,35.09582198271643,0.2453295886516571,0.26458561420440674,149
61840000,persistence,zero_shot,CAMELS-BR,0.9785491609886648,0.9833824567023081,19.972034964108566,11.107978800509839,0.8578647945748069,-0.0004391820394717104,0.9870521082604984,26.962937525425527,38.41874542459709,0.282909095287323,0.28970351815223694,188
61855000,persistence,zero_shot,CAMELS-BR,0.9686090911469712,0.9339106540943793,18.861240309860406,10.632198088350352,-0.8058875156035963,-0.000873360279154977,0.9353451617400154,59.47027534896593,98.99908327407063,0.2642142176628113,0.2562510073184967,171
61860000,persistence,zero_shot,CAMELS-BR,0.7662262148839192,0.8802480208376912,1.0286352874413038,0.49073171688289174,3.3478141043731147,0.00035062753175874387,0.9581236325754335,2.4955226045596866,3.042663828273285,0.35194143652915955,0.362384557723999,164
61861000,persistence,zero_shot,CAMELS-BR,0.5968838265295675,0.731886527016103,6.509104159763966,2.1701893698661885,8.066893254571804,0.002968143415534051,0.7746555430117962,22.158018477320894,13.4405077877303,0.4915687143802643,0.4821549654006958,188
61864000,persistence,zero_shot,CAMELS-BR,0.927552052724325,0.9500203363535361,3.2690658849514493,1.4386171127887482,0.36133769292004225,0.001515467290141263,0.9657993271886028,9.38914401718133,19.150068710244064,0.22840939462184906,0.23487024009227753,188
61865000,persistence,zero_shot,CAMELS-BR,0.9405283622175887,0.9622641805727121,3.7050508320198126,1.8917649210767542,0.3894443838758859,0.0013731461646125237,0.9766705498549563,7.527461850648297,2.709762117175508,0.3306436538696289,0.3169330656528473,188
61868000,persistence,zero_shot,CAMELS-BR,0.834746496898525,0.9019724406696992,0.34702865755858725,0.16133333775732253,3.2147842637680966,-0.00016938427225157704,0.93838039533589,1.1091387841178355,0.7778176616100868,0.26844409108161926,0.31528887152671814,180
61869100,persistence,zero_shot,CAMELS-BR,0.8885873929641183,0.9112051514592908,5.108506346274006,2.314925564096329,1.9431404591237755,0.000131127064365813,0.9217383263669531,16.803286715003413,33.811980125393426,0.27331268787384033,0.2824633717536926,188
61871000,persistence,zero_shot,CAMELS-BR,0.8693040708615275,0.9346403177965229,4.719967099854766,2.7899776671795133,-0.5280572668551865,-0.0014981601806414845,0.9927390562871854,11.01276086095049,18.053861619450224,0.3130960464477539,0.31920066475868225,188
61873000,persistence,zero_shot,CAMELS-BR,0.8371580761044082,0.9186557380593545,6.410149532948901,3.0965957083600633,0.2967937932859806,0.00184596970522799,0.9929111851353805,20.05747470197175,41.88565773358277,0.32158416509628296,0.31990304589271545,188
61873900,persistence,zero_shot,CAMELS-BR,0.8722402591707907,0.896766103058149,10.580438355274199,5.272105311789708,1.6761980866358046,0.0001402130748311952,0.9120754951494294,34.813286978068696,60.79891748641463,0.36639147996902466,0.4006485939025879,171
61874000,persistence,zero_shot,CAMELS-BR,0.8386509555024888,0.9189808842306462,9.98985802436423,4.430984611206866,0.8204558370512146,-0.00044161071005028446,0.9895563040902455,32.500904451286026,60.691856926918,0.3785165548324585,0.4123288691043854,188
61875000,persistence,zero_shot,CAMELS-BR,0.8010418829993645,0.8994366419947727,2.188617925041591,1.0643967992051484,1.1792931467256134,0.0014763695135753332,0.977332287969214,6.514475816592111,9.985915235793643,0.4822283983230591,0.49258214235305786,188
61879000,persistence,zero_shot,CAMELS-BR,0.9973463701309133,0.9952407456392353,0.9650700341660639,0.5304463917777043,0.25084732136200955,-0.00038992818516959266,0.9954086501566178,0.9541369170804925,1.5939857066047916,0.13566139340400696,0.13932256400585175,149
61880000,persistence,zero_shot,CAMELS-BR,0.8422150804068822,0.9142531382759415,9.286313955630794,4.382445249151676,1.8004921100626576,0.0005038680353270444,0.9700052634987142,30.15923576869963,33.99206720352107,0.4768916964530945,0.4913342595100403,188
61883000,persistence,zero_shot,CAMELS-BR,0.779095865071338,0.8154602677159578,12.790068141971329,8.307692307692308,0.3513867207453775,0.001956635615383796,0.8345502853819029,22.20923231451281,0.0,0.35207393765449524,0.4102661609649658,65
61884000,persistence,zero_shot,CAMELS-BR,0.8624757551129703,0.9301240686138988,19.939866149361723,9.396597750643467,-1.0302185747804804,0.00024123317572654138,0.9857775044855337,60.48844136539896,55.76917762378057,0.3699376583099365,0.3674516975879669,188
61884002,persistence,zero_shot,CAMELS-BR,0.8363670849876916,0.9172987061156662,16.38313074324706,5.971047832610759,-1.4513197502401065,-0.0017551576220384522,0.9845433875091948,43.23637847257995,0.0,0.4784711003303528,0.4400292634963989,188
61884090,persistence,zero_shot,CAMELS-BR,0.7539339955332552,0.7889070243034219,30.421078462508177,12.890355848314034,-6.7264653539274235,-0.0028799446337259595,0.8330130627566136,112.17385903390874,211.74863050942855,0.5871503353118896,0.5457037687301636,180
61885600,persistence,zero_shot,CAMELS-BR,0.9624149330060376,0.9109582306082828,0.985536991878104,0.39230971259455527,-3.65973840039523,0.00020683333716961863,0.9124948297865699,3.262617411280973,5.582617299817136,0.48352324962615967,0.4747210144996643,155
61886000,persistence,zero_shot,CAMELS-BR,0.8658826707227792,0.9271907761180228,17.412430936867096,8.567623559166403,0.47647747271551044,-0.0008927414068061329,0.9653391151202535,49.43785696512366,39.58196592730387,0.48564550280570984,0.5524442195892334,136
61887000,persistence,zero_shot,CAMELS-BR,0.8043946164085664,0.7859221299073328,1.1627108585086496,0.5440434670966604,1.023370871973708,0.0,0.7945347587828319,3.9264706334312236,7.046860423660423,0.4974587559700012,0.5283231735229492,184
61888500,persistence,zero_shot,CAMELS-BR,0.9439343420215587,0.9579405978904515,14.854661338917179,6.5593109130859375,0.021571386312772084,0.0015255142410483709,0.9661191645118091,48.60525597177172,43.19598388671875,0.40963268280029297,0.4126199185848236,61
61888700,persistence,zero_shot,CAMELS-BR,0.546321213794206,0.7759103320886271,3.815714697045456,1.3881419156048749,0.9768107681119218,0.0011910439979365833,0.9729362683676785,13.60708395376749,20.978533024976638,0.5828127264976501,0.6147751808166504,148
61890000,persistence,zero_shot,CAMELS-BR,0.8531684441149259,0.8822037470869144,28.70947981620714,11.85898411648716,2.6430428696275,0.0004395518248671848,0.8996126387841642,99.99052524602077,79.46310635759583,0.36839228868484497,0.41538479924201965,167
61890800,persistence,zero_shot,CAMELS-BR,0.24145287728475184,0.6460724334947923,2.665521442103703,0.9407569179168114,2.7470831804981186,-0.0017198902058498632,0.8506745810484926,9.914746291933978,15.937299966812134,0.5143759250640869,0.5301473736763,65
61892000,persistence,zero_shot,CAMELS-BR,0.9536786472060764,0.9349483748062672,1.6036789776211853,0.8425532148239461,-1.7986691251537443,0.0,0.9389044028395229,4.712112380055949,5.774658188605928,0.3383323848247528,0.35072603821754456,188
61894600,persistence,zero_shot,CAMELS-BR,0.7817453495262257,0.8251667527864507,6.5106099375546025,3.12585941649772,2.32644767087939,-0.002635221710144603,0.8466695995754693,16.777437928961117,14.171500926566255,0.33430543541908264,0.3844297528266907,185
61895000,persistence,zero_shot,CAMELS-BR,0.3530076026056702,0.519252927765445,7.5293450823044,2.482925139672575,10.744666772101725,-0.002290749223481856,0.5424139900476836,20.78197025215576,14.135868903559917,0.3604617118835449,0.5348153710365295,171
61895002,persistence,zero_shot,CAMELS-BR,0.9360971304945144,0.9515991546219424,3.00176824185935,1.4461685198804606,-1.408757431828101,0.0005980985369645059,0.9636294992670094,7.044380386737108,15.605722396484774,0.3301464915275574,0.3196200132369995,184
61895020,persistence,zero_shot,CAMELS-BR,0.844544962914576,0.8488014864820119,5.2648805093579645,2.1000919725666654,2.6512525267157856,0.0026906299972922626,0.8590904094528559,18.19254126377492,22.945543966540594,0.46476930379867554,0.4872799217700958,188
61895050,persistence,zero_shot,CAMELS-BR,0.7079290421112865,0.8073647017851983,5.801133633934997,2.481592295720027,5.127262244845373,0.0010253674295793332,0.8451453515043952,20.49057169481872,21.835498809814453,0.5002040863037109,0.57033771276474,65
61895075,persistence,zero_shot,CAMELS-BR,0.6463016646162923,0.79666035983379,10.845929010468561,3.6245138315444296,-5.6238603720185765,-0.0031759085534981066,0.8560958385604059,43.646047766264346,51.25444924709935,0.6113803386688232,0.6141412258148193,188
61898200,persistence,zero_shot,CAMELS-BR,0.45383886074980295,0.6797792763820955,0.3962098084853741,0.11281034444597945,-1.6049425837994735,-0.0005977152769233406,0.8758368918634829,1.5347965279201639,3.1440252375585476,0.6910096406936646,0.6765205264091492,174
61898300,persistence,zero_shot,CAMELS-BR,-3.7203719537287014,-0.6879972328341448,0.37118896150564284,0.09491752472120463,28.71844249184462,0.003474633866798544,-0.6573014142748108,1.380951437101112,2.1909998655319214,0.2884178161621094,0.6301053166389465,97
61898500,persistence,zero_shot,CAMELS-BR,0.9357740692869221,0.9633342308202397,25.279710720579427,12.163550930638467,-0.1002263778395062,-0.0016715930642396092,0.9820701064622338,89.39672797013506,37.83711924512668,0.41695988178253174,0.3910614252090454,186
61899000,persistence,zero_shot,CAMELS-BR,0.9512004165979059,0.9539150748318391,25.76996270564965,14.23097346691375,-1.38460512659256,-0.0006071507716397632,0.9605542880233213,76.0112339634571,105.97883699710621,0.45176371932029724,0.4124256372451782,188
61902000,persistence,zero_shot,CAMELS-BR,0.9338408592546694,0.9540840602939374,20.396624944844913,11.08577879439009,2.1519059909693037,0.0019921144883232496,0.9658333510297155,57.8084294173428,83.86731876355023,0.37630829215049744,0.3941745460033417,188
61910000,persistence,zero_shot,CAMELS-BR,0.9928362025212756,0.983002660415747,10.267503495912813,4.236640484579678,-0.44969799305913155,0.0005384196580870415,0.9833221040471362,20.530533820030943,3.082513973255848,0.2415662705898285,0.24551498889923096,145
61911000,persistence,zero_shot,CAMELS-BR,0.8325213329269178,0.9055011973251568,0.44265260313653615,0.2042727176890229,-0.4020848805223745,0.0008705791256356753,0.9594249035461282,1.2304247997954256,2.131520889536031,0.19016113877296448,0.1804293543100357,132
61912000,persistence,zero_shot,CAMELS-BR,0.9678483630369875,0.9698706851977741,25.54283415215318,12.58332412982809,-1.9487606048037038,0.0007281568564869306,0.9742768253302838,18.979019806632262,11.8023959821034,0.3007616698741913,0.2966531217098236,145
61912500,persistence,zero_shot,CAMELS-BR,0.7182391166614449,0.8149639354397211,1.0113489033767413,0.40986127488185903,3.888418459357944,0.0,0.8537457394019957,3.2872270693593535,0.5185846256512386,0.42361336946487427,0.42173898220062256,173
61913500,persistence,zero_shot,CAMELS-BR,0.9794317691649522,0.9888858946578176,0.5676965156091273,0.3153499989624483,0.403689086232756,0.0007132205341476155,0.9951756594386643,1.168308995909054,1.39232028234431,0.18212197721004486,0.19046759605407715,166
61915000,persistence,zero_shot,CAMELS-BR,0.9242838875419022,0.9573651266220077,16.246681046482543,8.808157205581665,-1.5142833699863265,-0.00023250142957984693,0.9774264599071834,21.117101074731043,10.56201171875,0.2176516205072403,0.18397220969200134,32
61915005,persistence,zero_shot,CAMELS-BR,0.9828962061178084,0.9466237225821804,16.105543252002708,9.109270258152739,1.350719000338064,-0.0006512458980468382,0.9470382385473921,30.45638354895538,50.01587503424953,0.25044265389442444,0.27143800258636475,188
61916000,persistence,zero_shot,CAMELS-BR,0.7613300717553684,0.6595913173168444,0.7946770618832701,0.2701926657912928,0.26709850340329594,-0.000514812778796234,0.6620721961641527,2.777172509688091,5.0875258867682245,0.3715773820877075,0.44380471110343933,109
61917000,persistence,zero_shot,CAMELS-BR,0.9110487857327253,0.9002745072921734,0.45752067746999364,0.238666668418766,1.3112319114306639,0.00027914058316724083,0.9065167889541808,1.3745665989302047,1.9105405508339361,0.29456275701522827,0.3040018081665039,129
61921000,persistence,zero_shot,CAMELS-BR,0.8489812225229798,0.9236921329714327,1.4360028851810966,0.7273599992479597,0.3956521626849724,-5.1078045696966584e-05,0.9880110333731867,3.407247131797351,3.073338516324861,0.22737915813922882,0.21314296126365662,175
61923000,persistence,zero_shot,CAMELS-BR,0.8985638971568044,0.9275150238307764,0.26522464350831015,0.09650354710876519,3.4929749776252725,-0.0008470345763903174,0.9444919057153625,0.8442069085874543,0.0,0.34873759746551514,0.36619505286216736,141
61924200,persistence,zero_shot,CAMELS-BR,0.19625654726392583,0.2328996713956063,0.0976212206623484,0.030960784969376584,23.897398908972125,0.0020906941504820024,0.2331121321602604,0.34464040706600163,0.23500001430511475,0.3290275037288666,0.45784926414489746,51
61924300,persistence,zero_shot,CAMELS-BR,0.2899649957478966,0.6665546207167818,0.16974223201274768,0.05033695681587509,1.6973988834114693,0.001536821603919063,0.8915373536797084,0.4577385707497172,0.7216027297940237,0.44453948736190796,0.4428834319114685,92
61924400,persistence,zero_shot,CAMELS-BR,0.690399044702867,0.6261130843196745,0.15266714586496427,0.05112903156588154,2.4663818483213045,0.0,0.6276344011362454,0.5581097561684277,0.777999997138977,0.32418739795684814,0.38006114959716797,31
61924700,persistence,zero_shot,CAMELS-BR,0.41387371332579215,0.5524065418581658,1.2511531043828776,0.5115454820069399,-14.54653742391051,-0.001815817362435095,0.7077557464598058,3.892000198364258,3.892000198364258,0.6918039321899414,0.7301440834999084,11
61924800,persistence,zero_shot,CAMELS-BR,-0.1212336685024229,0.3222485305426578,0.07850911441507359,0.026459459074445673,-4.2450927068265765,-0.0026367093438573316,0.820033710073774,0.23645295614269723,0.48261423694605604,0.3218477964401245,0.3024570643901825,185
61924900,persistence,zero_shot,CAMELS-BR,0.9403974926541112,0.9681105178736016,0.23141952169858387,0.12332386382199316,-0.6225119731474588,-0.0013002819476519885,0.9888808034534877,0.5895805121605384,1.0350211405811136,0.44387054443359375,0.41321319341659546,176
61924950,persistence,zero_shot,CAMELS-BR,0.9775346360009493,0.9817432331469513,41.015841300616735,20.434942158785734,-0.37122559810920047,0.00040349129507422435,0.9853063009724791,142.65561594616392,284.8399658203125,0.24081911146640778,0.2336471527814865,88
61925000,persistence,zero_shot,CAMELS-BR,0.9848082682065927,0.9842694180198891,29.434729262824153,19.17894635301955,0.4785667078356392,8.698983053843923e-05,0.9860276018453005,55.87652053654769,32.32772374318959,0.22821082174777985,0.22515006363391876,188
61930000,persistence,zero_shot,CAMELS-BR,0.9771475408093591,0.985979773362297,36.62888930768845,23.73936170212766,0.2628025345382778,0.0002990270245532851,0.9915031108359734,100.14938841550656,34.52535300326414,0.19511789083480835,0.19831542670726776,188
61935000,persistence,zero_shot,CAMELS-BR,0.8384768736300695,0.9151824362101408,0.633112892627632,0.32462772661752076,2.566232709387431,0.00037412703754353266,0.9666463692760368,1.0969013699106207,1.554059677972625,0.35166135430336,0.3656191825866699,137
61937000,persistence,zero_shot,CAMELS-BR,0.9806913717794937,0.9702714968759186,176.91580252115347,115.90153358861019,0.10781301803474282,0.0005318659630243767,0.9717888886618326,338.77499889598704,485.990234375,0.2161797434091568,0.20068387687206268,95
61941080,persistence,zero_shot,CAMELS-BR,0.8508661393509052,0.9161164573152274,241.42244691068066,173.75531914893617,-4.224062302802703,0.0011418572248787888,0.9507156006288358,140.5354047918175,108.60248615938771,0.18040570616722107,0.17407618463039398,188
61945000,persistence,zero_shot,CAMELS-BR,0.9692821151199499,0.9792177910573701,383.4928323648925,164.85148514851485,-0.31054013731274765,-0.0002492064501445554,0.9860092124344677,267.5540443848059,280.6920020235703,0.19239987432956696,0.2077416330575943,101
61945080,persistence,zero_shot,CAMELS-BR,0.9133169856312213,0.9455402673037997,5.705291948120634,2.5279780906406257,2.1860977031984836,0.0022827215263494134,0.9624564206151209,17.495609119955724,22.614579046706357,0.3299176096916199,0.3615237772464752,183
61946000,persistence,zero_shot,CAMELS-BR,0.6087229438786993,0.8057069851444564,17.65682665252412,6.913882884573429,0.0898686510733762,0.0,0.9241615428201075,55.429026171646186,62.126039575978126,0.4710111618041992,0.5016704797744751,188
61953001,persistence,zero_shot,CAMELS-BR,0.6936809352106081,0.7455883940508661,1.438762553002758,0.6074934830139209,-6.125066861846699,-0.00017419648428939477,0.8049359438222895,4.92752224352031,8.402499181249736,0.48901045322418213,0.47603583335876465,154
61956001,persistence,zero_shot,CAMELS-BR,0.5377246184444886,0.7617665740247328,1.7769980050641065,0.5051719825358907,0.20674313510844455,0.0,0.8519019473292804,6.92103716590871,11.747647327849638,0.5774443745613098,0.5610569715499878,157
61960000,persistence,zero_shot,CAMELS-BR,0.7784494427089472,0.807738981110445,5.5469738331897664,2.8689375147223473,7.53713533874957,0.0028758566720863757,0.8378772852181499,13.994354935332673,15.365001678466797,0.6550292372703552,0.5160207152366638,32
61964000,persistence,zero_shot,CAMELS-BR,0.6078931632426949,0.7962684963005116,3.494473611935235,1.327584670541065,-3.7964975225248274,0.002083894549385755,0.8795837137922653,12.532833663695161,24.64499119621488,0.6367815136909485,0.6086794137954712,183
61970001,persistence,zero_shot,CAMELS-BR,0.9371566616198207,0.9189807389202251,1.580954244875768,0.6859619208744594,1.0298746623998045,-0.0005756266659521954,0.9232308694431135,5.406580520565153,5.442471995171747,0.5439941883087158,0.5549842715263367,105
61974000,persistence,zero_shot,CAMELS-BR,0.9542748621146455,0.9651746245540288,4.5975795722128625,1.9407810318399463,-0.6560843606563359,-0.0014298510462694806,0.9738602927790343,11.61913127582227,9.199030657706425,0.3912505507469177,0.3892371654510498,169
61977000,persistence,zero_shot,CAMELS-BR,0.9799597682347754,0.9866019479235909,4.530451310423037,2.5878425983900435,0.19927821780427754,0.00031361689571682803,0.9902806019752436,12.852633617251959,5.490489036109039,0.24044114351272583,0.2348809838294983,178
61991000,persistence,zero_shot,CAMELS-BR,0.9840509842277873,0.9798737409661261,5.160932093608662,3.2500966482974114,1.3642156518301758,0.00039060910402419907,0.9813049426462699,6.849501350340706,4.715232632730547,0.23939034342765808,0.24129439890384674,188
61997000,persistence,zero_shot,CAMELS-BR,0.7862281154062817,0.8830534264887648,3.0512607081076766,1.390537057904636,-2.4414875555181075,-0.0008076432401468332,0.9584160600453154,7.775949597113514,6.525463060023399,0.539014995098114,0.4722549319267273,170
61998080,persistence,zero_shot,CAMELS-BR,0.7397915302807415,0.8512797751040433,373.0868004074895,254.64361702127658,-3.940326043315382,-0.0005068817941404902,0.9024953939507849,263.37311935731026,319.00626953086675,0.19500881433486938,0.17277958989143372,188
61999500,persistence,zero_shot,CAMELS-BR,0.8281176963895014,0.8433249112648117,1.6845157182646426,0.7252062723040581,2.37482239300798,-0.0005992878677901596,0.8578010912998357,5.065074388169439,6.472009236580335,0.5180413126945496,0.5405013561248779,160
62010000,persistence,zero_shot,CAMELS-BR,0.7746775194212874,0.8715522395849671,6.652826486373978,3.3772279248379244,-3.0665357773125517,-0.00024407717625394513,0.941224269140279,18.877896808705433,20.838906792725997,0.29062312841415405,0.30962300300598145,101
62015400,persistence,zero_shot,CAMELS-BR,-0.8122049344471856,0.2605517669740024,0.768283278755084,0.19399468248036314,4.231720098011871,0.0007172664270268768,0.7279649326044404,3.1773364173488092,4.011315529148596,0.647451639175415,0.7150896191596985,188
62016000,persistence,zero_shot,CAMELS-BR,0.8927237527619837,0.9099214910664253,8.285226473179385,4.118321168161657,-0.795936938551566,0.0005725618849591434,0.9268216437667238,21.203133565867212,38.04234538135448,0.4661512076854706,0.4435916841030121,137
62016500,persistence,zero_shot,CAMELS-BR,0.9306108650627383,0.9249883700938014,9.420956909056589,4.69027342707474,1.4712818374508314,-0.0004886588728417636,0.9311984737708243,27.463465770274208,31.771292055238852,0.4472467303276062,0.4731692671775818,161
62020080,persistence,zero_shot,CAMELS-BR,0.6081315822595412,0.7989704760453129,626.0013552768961,438.02659574468083,-2.4025898544659876,0.002994049975423639,0.8851866872450194,508.88476102158927,113.43720729989786,0.09633374959230423,0.09638272970914841,188
62070000,persistence,zero_shot,CAMELS-BR,0.6499080607959229,0.7896445817840118,0.43402872615390525,0.16301063654270578,-2.056568926341323,-0.0004848583662628919,0.9038826314071797,1.5608138765703206,2.670102953836825,0.28906071186065674,0.2556752562522888,188
62070005,persistence,zero_shot,CAMELS-BR,0.8693184994688881,0.9340600351220847,1.212678125181665,0.39037433155080214,0.37654653039268426,0.0,0.9927939389966723,0.0,0.0,0.13071544468402863,0.1291532665491104,187
62075000,persistence,zero_shot,CAMELS-BR,-0.013773337661310059,0.32632158319000615,6.096781522118513,1.669688179768542,-7.760524750169577,0.0028475722219301752,0.751039662698028,20.383392448559206,41.74127020780588,0.8857306241989136,0.7171326279640198,186
62085000,persistence,zero_shot,CAMELS-BR,0.8302018231392307,0.912579958089387,0.7214989134261506,0.31351553505251867,0.7539068312282269,0.0011379211081461449,0.9684604272182611,1.2681214827851381,1.2590354559907573,0.1261707991361618,0.11318756639957428,161
62087000,persistence,zero_shot,CAMELS-BR,0.9438503640302935,0.966351633931332,1.1558247536505228,0.4346915082411563,-1.876303402297036,0.0018232895308579744,0.980743550985289,3.0859177772931417,0.544671714906021,0.1944362372159958,0.17516495287418365,188
62095000,persistence,zero_shot,CAMELS-BR,0.6633609815931387,0.7494528161625122,0.46413417454680905,0.17507978766522508,-2.4118705439269106,0.0009394280026193396,0.822206675027071,1.7796599965395998,3.7470586613430004,0.28582945466041565,0.26389992237091064,188
62095050,persistence,zero_shot,CAMELS-BR,0.783024979341562,0.8473709638923584,0.3743005569796458,0.19721277169090637,4.310948728194445,-0.0010001771415130579,0.8744083014819193,0.6071315986543406,0.8506496749079802,0.3679867684841156,0.4149027466773987,188
62095100,persistence,zero_shot,CAMELS-BR,0.7655142320887474,0.872766480325469,0.31207609492047866,0.14554255408175448,4.0304058721791565,-0.0026165631816499665,0.9253642703253036,0.9497260298200153,0.8860046430750407,0.4108482003211975,0.456188827753067,188
62100000,persistence,zero_shot,CAMELS-BR,0.9373843263949624,0.9663610968865113,0.3526279801686736,0.21336702368360885,1.2664572023768048,-0.002697572708159117,0.9855691702162012,0.8238398076830107,1.1430759339806744,0.3594798445701599,0.34146809577941895,188
62107000,persistence,zero_shot,CAMELS-BR,0.8881913694222326,0.9418602783401825,0.41351079716144995,0.24246808743857323,-0.12409719454889905,-0.0001361489348801169,0.9799997285153644,1.1638643062437546,1.8159845572051687,0.4542747139930725,0.4348195195198059,188
62107100,persistence,zero_shot,CAMELS-BR,0.8798579930494993,0.9389752579672553,0.6211113737416627,0.4070904155043846,-0.09045990421476387,-0.002242351266693563,0.9843836085578144,1.1599491444532346,1.728777679710545,0.49011683464050293,0.49779316782951355,188
62110000,persistence,zero_shot,CAMELS-BR,0.9206130858706665,0.9363099700375066,1.018436423300484,0.36359034891588143,1.4191796886469705,0.0005926234157050993,0.9473763681422503,3.3668531157097377,3.2477417373088295,0.3237583637237549,0.34203505516052246,166
62112100,persistence,zero_shot,CAMELS-BR,0.9669393080056645,0.9636096850515024,1.9759151657921623,1.0841543116468064,0.7782014743862773,0.00017614511490615312,0.9669055888934661,5.089626856328738,3.2201690388645896,0.3031425178050995,0.3117868900299072,188
62120000,persistence,zero_shot,CAMELS-BR,0.9327418533375023,0.966218050798706,0.5169052482009113,0.28907445295059936,-0.2755944341535868,-0.00046265023276294975,0.9952738045265094,1.4744354093820924,0.32311002301870356,0.45437493920326233,0.45048391819000244,188
62120002,persistence,zero_shot,CAMELS-BR,0.9527865935861293,0.973810145154286,0.2709480471371788,0.1629574455796404,0.12114151995372299,8.476836751929694e-05,0.9875803700179674,0.7754956837473862,1.2979680908627726,0.27100157737731934,0.2823593318462372,188
62126000,persistence,zero_shot,CAMELS-BR,0.8436214976712224,0.887145624902766,0.4617655339880736,0.22949444353580475,1.7682737371646262,-2.773862482488218e-05,0.908327455013324,1.5437690733761769,3.077031497311869,0.3883373737335205,0.3973986804485321,180
62127000,persistence,zero_shot,CAMELS-BR,0.8203747737955149,0.9044395186814621,0.571046904883039,0.26794149409583273,-0.5904330425652253,-0.0006060802312507756,0.9730960904291784,1.8806940701428785,4.099006075222431,0.4292747974395752,0.4147380292415619,188
62128000,persistence,zero_shot,CAMELS-BR,0.43960182034920847,0.5150020344993173,0.47838358938152314,0.12081383144918909,-4.592328386358979,0.004953911322698304,0.6123390557964388,1.9936409461880795,3.615604202302835,0.49862125515937805,0.4086567461490631,188
62130000,persistence,zero_shot,CAMELS-BR,0.24360957076915868,0.40392933047506585,1.1348003547467225,0.29659574534347716,-3.9560441445426515,0.0008903233508426363,0.6415834784286398,4.5725601543989765,9.932680968060403,0.7118897438049316,0.6099773645401001,188
62143000,persistence,zero_shot,CAMELS-BR,0.9728718343303738,0.985207602241897,2.547777924792148,1.3885744987650122,0.12612978681272802,0.00011597695833310759,0.9932845699256091,7.405797245006763,15.409943407842379,0.24600724875926971,0.24664922058582306,188
62148400,persistence,zero_shot,CAMELS-BR,0.6656122919952252,0.7380650717017117,0.7617449870390819,0.2624152959044514,-2.7689884930610558,-0.0005457408671439862,0.8123275618357653,2.8376775331494852,5.698420920251314,0.5901489853858948,0.5629879236221313,183
62148500,persistence,zero_shot,CAMELS-BR,0.7706155862399511,0.8856626419053976,0.3923331185225319,0.17142245954370752,-1.0417496295173245,0.00027319608435154644,0.9851147274704982,1.06439739655248,0.5049594084940741,0.5499452948570251,0.5476936101913452,187
62160000,persistence,zero_shot,CAMELS-BR,0.9663461145021995,0.9822550956324879,4.020555374862747,2.0480850427708726,-0.5332874476080376,-0.000634641045402555,0.9936660817560351,11.486471193421387,24.066991983823378,0.24984213709831238,0.26656287908554077,188
62160001,persistence,zero_shot,CAMELS-BR,0.9638775576746779,0.9715911512557112,3.597125002341322,1.6911010666096464,0.3945713923838306,0.0012234190007951243,0.9775404260326486,2.9790225184158063,3.6795240940385465,0.29099273681640625,0.3039228618144989,188
62166000,persistence,zero_shot,CAMELS-BR,0.9250906208431255,0.9621409119055317,3.7583720963878076,1.9432221412658692,-0.3924728054179007,-0.0006340968044741511,0.9942471842253076,5.536283691895385,4.334273625856077,0.258379727602005,0.25638535618782043,180
62176000,persistence,zero_shot,CAMELS-BR,0.3947612260956843,0.7022139631543136,0.6088370642073545,0.27985211996965004,0.13634142555983764,0.0,0.9746679963354397,1.5224632032266765,2.624781820316372,0.34188133478164673,0.32341083884239197,142
62180000,persistence,zero_shot,CAMELS-BR,0.9507088310193826,0.9430783810781609,5.371067717242334,2.390768951177597,0.22840099187715285,-0.0008812333281821051,0.947302784883961,10.884652472625822,20.925833537128085,0.30755379796028137,0.3341364562511444,160
62203000,persistence,zero_shot,CAMELS-BR,-0.01986109134640235,0.5468820586577736,0.4949223056086133,0.23657546965581067,5.517134526854155,0.0021392884006543687,0.8024082938294528,1.0239189475242578,1.144750819352361,0.30705952644348145,0.3472062945365906,106
62206000,persistence,zero_shot,CAMELS-BR,0.2228214529163517,0.594335508471866,2.499513851153044,1.0030318961498585,-2.867299657915664,-0.0024975315915093015,0.9500086876208664,9.540753718127256,10.71128318814368,0.5573694109916687,0.5181261301040649,188
62224000,persistence,zero_shot,CAMELS-BR,-4.730337001061812,-0.5829900768777239,3.370758343356286,1.4844942582749772,24.289257789997677,0.001907981006658458,-0.36455876476845517,6.351034277199265,6.3200002908706665,0.4115760624408722,0.7854569554328918,87
62239000,persistence,zero_shot,CAMELS-BR,-0.3702150326272544,0.22490664721400933,18.128498128982972,7.6121168821416,4.630525459144043,0.0016094895306009499,0.8643230801849205,59.606836858168535,100.18739858285267,0.6062003970146179,0.6533292531967163,188
62250002,persistence,zero_shot,CAMELS-BR,0.09058503178668775,0.5162404570779082,25.7313061520289,9.899446849716442,3.5064174355162527,-0.0007561241247958615,0.587331626322346,77.78690049983832,43.78269380384444,0.32138708233833313,0.366115003824234,179
62255000,persistence,zero_shot,CAMELS-BR,-0.049892629449011405,0.25764528366666506,3.2369536350264365,1.1038087358891637,-5.516543680532847,0.0003820912105756049,0.6972250280072458,11.764820937947572,22.374736043305266,0.5287216305732727,0.4104359447956085,183
62290000,persistence,zero_shot,CAMELS-BR,0.5068205666316894,0.7609452802920951,0.23063280200722128,0.05319148936170213,0.0,0.0,0.9334400351960527,0.3872983346207417,0.3872983346207417,0.0056603774428367615,0.007169811520725489,188
62292300,persistence,zero_shot,CAMELS-BR,0.7472887662588061,0.8559252134145103,1.8137394075368676,1.0877981475733836,-2.5634590954046064,0.0007104545278012048,0.9400322578638536,4.900556950543215,7.368992937643476,0.7199508547782898,0.6869286298751831,109
62294000,persistence,zero_shot,CAMELS-BR,0.5786876761561098,0.7428265250474964,0.8168413394905797,0.3450392092170279,1.5094664109788616,0.0007856046390306605,0.8806721402563027,2.8658482927485727,3.5649633887761323,0.47467318177223206,0.43033283948898315,153
62299000,persistence,zero_shot,CAMELS-BR,-1.8051555014513956,-0.011423928324009625,5.915790673018756,1.7983203202020377,15.758155830961899,-0.0007553744095800292,0.5152368289733469,14.19451859796337,23.443242370584517,0.9852069020271301,1.0687147378921509,128
62320000,persistence,zero_shot,CAMELS-BR,0.8467048785790787,0.8806265288826216,1.59473511408245,0.7539361653492805,-1.4005145486708321,-0.0017353536897017005,0.9094473630116127,5.64143084776807,8.219689336955176,0.5123412013053894,0.5080503821372986,188
62324000,persistence,zero_shot,CAMELS-BR,0.4109447318547229,0.7159187787148484,0.9731542658216277,0.37303408641706814,1.8694663740988382,0.0,0.8746555870951486,3.58261792083512,1.8481827519165537,0.5375837683677673,0.6047876477241516,176
62326000,persistence,zero_shot,CAMELS-BR,-0.19698660373822996,0.472721977127076,4.464407198899492,2.019891883875873,-9.342931544487428,-0.003950547789941878,0.7684177629772597,10.567726011548862,6.743000030517578,0.5819477438926697,0.5693743824958801,74
62335000,persistence,zero_shot,CAMELS-BR,0.18832079649286082,0.6174895517297245,51.80356769247123,29.181818181818183,2.3397617697107203,0.00042219029703664986,0.923256583692741,133.63280762120982,214.76615189549773,0.367366224527359,0.4255230724811554,187
62350000,persistence,zero_shot,CAMELS-BR,0.8417178793922938,0.8583005351057278,1.2690650946425264,0.5517074307228657,-2.5488879141993785,0.0011473395522286194,0.8794236568054885,4.132003131063397,8.624272633412582,0.37044376134872437,0.331804096698761,188
62358000,persistence,zero_shot,CAMELS-BR,0.6991170827013947,0.8404664179850561,2.198082858174959,0.946643609949883,4.2515997196919475,-0.0005068703365936379,0.9182634026547971,4.756541600812468,6.312684855256742,0.4928666055202484,0.4224267303943634,188
62358001,persistence,zero_shot,CAMELS-BR,-0.17702280587750896,0.3808482487172563,2.2311374335722762,0.9143545367500999,-6.200253847816849,-0.0015612625008426771,0.9192795189984164,7.777357680031042,11.655588278041725,0.4300828278064728,0.3672289252281189,110
62365000,persistence,zero_shot,CAMELS-BR,0.6924278225382804,0.8410252492810188,2.5355861672790985,1.2298989593982697,-3.007209367486847,-0.0010917250888841067,0.9655761016376796,7.268133204996257,14.10445435838754,0.3850529193878174,0.38597041368484497,188
62376000,persistence,zero_shot,CAMELS-BR,0.17280525277358527,0.5717094787518525,53.842120231182,29.21279316760124,3.058232287837654,-0.0008233831800142956,0.9501259055204968,162.81543289056074,340.00095797630735,0.32410159707069397,0.32408446073532104,188
62376050,persistence,zero_shot,CAMELS-BR,0.18542576540936795,0.6230263319947673,0.2477378977067369,0.07779032268351124,-1.4131090402956787,0.000821272257780086,0.8784111966001458,0.9663255978674316,1.7058278203608972,0.29349571466445923,0.2637660503387451,124
62376510,persistence,zero_shot,CAMELS-BR,0.02890924850870169,0.562444998451717,0.8591882186674713,0.38428301068971743,7.590155008118192,-0.0003566053730151928,0.8046920181842236,2.4020244407410942,3.7999998331069946,0.295619398355484,0.4740999937057495,53
62385000,persistence,zero_shot,CAMELS-BR,0.6958988418596439,0.8047318162386173,0.48292613240478277,0.22895652314890985,-2.051426960836413,-0.0011495877774503668,0.8925617293540297,1.4075846035604522,1.9147357425803926,0.37434154748916626,0.33176231384277344,184
62385100,persistence,zero_shot,CAMELS-BR,0.783473387474912,0.8795621508768311,0.47109000921125826,0.23638298219822823,-3.0225939032362747,0.00010619099069443354,0.9517550428343176,1.149558065692536,0.32133533347246235,0.346375972032547,0.3363315463066101,188
62390000,persistence,zero_shot,CAMELS-BR,0.08764168974056541,0.5716431626003489,2.500296587828508,1.1563158286245245,-5.0658759629451895,-0.002013920212833458,0.8877549377178073,9.01215515258605,10.62000036239624,0.2702525854110718,0.23380646109580994,57
62395000,persistence,zero_shot,CAMELS-BR,0.2876443669358394,0.2676867951855557,13.100314787881581,3.8643447086677787,-18.439091814917326,-0.002950255876836611,0.410959010641058,52.449810213091176,107.19037646652684,0.9384051561355591,0.7551866769790649,161
62400000,persistence,zero_shot,CAMELS-BR,0.5728387961696395,0.7804606438685068,5.66589977172677,2.50335102385663,0.5653059517721499,-0.00020159853945221629,0.8804676479943949,19.032331171537418,28.09008957905951,0.5146077871322632,0.5374833345413208,188
62400100,persistence,zero_shot,CAMELS-BR,0.1808730672353488,0.5524873750687684,7.516125642978056,3.0167872518935104,1.0157127550476734,0.0026026122529662927,0.6253822154389361,27.030562899062172,39.38873254744281,0.6763732433319092,0.7832920551300049,188
62400200,persistence,zero_shot,CAMELS-BR,-1.7727061638089014,-0.5366552694218152,2.269563923588904,1.4729999542236327,-16.60745896138818,,,4.77400016784668,4.77400016784668,0.2297220081090927,0.11219017207622528,5
62410000,persistence,zero_shot,CAMELS-BR,0.6062885536526625,0.792202884214048,53.68137474804318,24.617872370050307,6.935393280169825,0.005267257833713696,0.8890885978467425,125.63757399759038,124.19742348374221,0.597296953201294,0.5724795460700989,188
62420000,persistence,zero_shot,CAMELS-BR,0.5738912246798551,0.7362258816503777,6.181212260098428,2.609860122837919,13.093274805706542,0.0008916418558783546,0.799800584262089,16.97477765133205,13.223876764050955,0.7022576928138733,0.8653721213340759,188
62428000,persistence,zero_shot,CAMELS-BR,0.8380752966990541,0.8271563649392817,8.10034070732932,3.449527329140967,-3.1837268545614665,0.0007728691561400859,0.8466666233108724,24.27596532444717,44.45492507637477,0.6392821073532104,0.5568768382072449,182
62472800,persistence,zero_shot,CAMELS-BR,0.5830094311471257,0.7947447789506114,0.5448812379197802,0.2703518485581433,2.1850527615973903,-0.00213314776582345,0.9296904083224209,1.4195939876959625,1.6091004007958596,0.4548930823802948,0.5048651099205017,135
62473200,persistence,zero_shot,CAMELS-BR,0.9443374689416557,0.952984826207819,0.5590856544099643,0.3204136658057892,-0.21703545768004565,0.0001760420679437283,0.96223954364398,1.6713766355530133,2.199745149927996,0.39524367451667786,0.37465330958366394,139
62474000,persistence,zero_shot,CAMELS-BR,0.9910324426181178,0.9897771611962521,0.17467179642515523,0.07524723142057985,-0.1394705011323569,0.0,0.9903077236062329,0.6240912834353051,1.0747036958575242,0.11939047276973724,0.11930948495864868,182
62477000,persistence,zero_shot,CAMELS-BR,0.5883588277034997,0.7531820845626477,1.5832673340557528,0.7402330497215535,-1.315260175401736,-0.00010210858441399122,0.8918340256000153,4.867866699017282,9.797444572207715,0.17388632893562317,0.14902207255363464,145
62477100,persistence,zero_shot,CAMELS-BR,0.7982221893445625,0.8880822337356161,4.012090039878051,2.2374674237292744,2.866610157795165,0.0006857786946381974,0.9378593146853619,9.522170133584964,7.564368754104784,0.3793220818042755,0.4258832633495331,184
62478000,persistence,zero_shot,CAMELS-BR,0.9324273630867478,0.9141200653565331,1.658251928140363,0.699097511040259,-5.665862107634399,-0.004770230892984274,0.9207446529300313,4.062819915972138,2.0849921473227826,0.42731332778930664,0.41592341661453247,158
62490000,persistence,zero_shot,CAMELS-BR,0.7292682723911864,0.8466407904498446,1.782772190546259,0.5874525329829017,-3.0452937170000816,-0.0007431184029301832,0.9376135510920443,6.818513476810807,9.049236275929369,0.7771852016448975,0.7983937859535217,158
62496000,persistence,zero_shot,CAMELS-BR,0.94667470167349,0.9651429181139026,2.5208141414696783,1.376117044306816,0.9347273677519726,0.00038779186711615163,0.9764642653996921,4.719852769139796,9.114002370807945,0.4608936607837677,0.502590000629425,188
62496001,persistence,zero_shot,CAMELS-BR,0.8355962474829337,0.893490844244471,3.1459018977892654,1.371783355043994,2.8896394725912433,-0.0013239602160468704,0.9233599633075666,9.862485272482255,11.621426087008729,0.7192810773849487,0.7936131954193115,180
62510100,persistence,zero_shot,CAMELS-BR,0.8288077477008352,0.9056689036070054,2.6862609102534876,1.3103908589391997,1.9833023113768824,0.0015677000751572676,0.9499556044398538,3.709537483903964,6.540806367211761,0.2986467182636261,0.3325798809528351,132
62512080,persistence,zero_shot,CAMELS-BR,0.8606792013311846,0.9233830448802935,2.6201447869846772,1.6189405063413225,-1.5781624972585457,-0.0005663851390216024,0.9694561075219547,4.59133114564055,5.865301585748582,0.333101361989975,0.31062257289886475,106
62512092,persistence,zero_shot,CAMELS-BR,0.8860775858918415,0.9426735716019756,3.360694262647178,1.739573889884396,0.6257922532865464,-0.0013649740094640924,0.9933113763850882,3.1447783926531767,3.2119915020233827,0.4075840711593628,0.43886688351631165,138
62515000,persistence,zero_shot,CAMELS-BR,0.7716752598037309,0.8815253330575039,8.528295206544689,3.2564706171260163,-1.0815612003202137,-0.0026923229716854687,0.9402300307449319,23.420120282421188,43.28844013674762,0.2933516800403595,0.288878470659256,136
62538000,persistence,zero_shot,CAMELS-BR,0.8761728448621477,0.9115928942368572,3.5376357104229785,1.6323175606904206,2.223553032027245,-0.00021310392524782028,0.9310113255415559,9.204547098163784,0.2661549881227792,0.26933223009109497,0.26554831862449646,108
62540000,persistence,zero_shot,CAMELS-BR,0.9793892235899907,0.9819459448654648,8.839045152546714,5.008863579143178,1.3196724344147481,-0.004052015481787626,0.9848163727800172,24.52112791626263,13.152946437965905,0.4657306671142578,0.46617355942726135,132
62543000,persistence,zero_shot,CAMELS-BR,0.7087724578284806,0.8369728733635385,3.465211548962836,1.2093278389485156,7.793336928444755,-0.0017101585797206845,0.9158505996730456,11.983224188445098,17.957000732421875,0.9620518684387207,0.9716730713844299,61
62545000,persistence,zero_shot,CAMELS-BR,0.9008087754390844,0.9168137228477979,14.921977139499973,5.1620783619374535,-1.7559473722532783,-9.044407941983384e-05,0.9337378895054982,55.76101200946388,6.625698413972091,0.3474961221218109,0.349873811006546,179
62555000,persistence,zero_shot,CAMELS-BR,0.9137593419313812,0.9501625539122022,16.359945451112946,7.283510492203083,-0.6521143199693382,-2.200655630093737e-05,0.9748942728778175,59.206730531900675,58.309518948453004,0.38632866740226746,0.3839695453643799,188
62557000,persistence,zero_shot,CAMELS-BR,0.9865481651277398,0.9579747424471794,8.394754880497521,3.330946652270923,1.4845989761772767,-0.0010928392504780046,0.958340993841947,29.06077271755696,28.677141041357118,0.7625601291656494,0.7848623394966125,107
62560000,persistence,zero_shot,CAMELS-BR,0.8020685906375883,0.8876987978191324,70.76405371294481,37.8238125253231,2.0105945922271027,-0.0009921464294254025,0.9334094335538631,173.632829041355,142.44236662656135,0.3814840614795685,0.40030375123023987,188
62584500,persistence,zero_shot,CAMELS-BR,-1.8672833027591258,-0.0017022950063985132,0.2765272972222505,0.05591967927807189,13.652501019846877,0.0034856399550826783,0.2519520367107574,0.49440132343303544,0.9214083323738183,0.5415320992469788,0.717475950717926,188
62584600,persistence,zero_shot,CAMELS-BR,-0.9729028093871355,0.1940776691680115,0.520517647314193,0.12763934396207333,4.650533839130542,0.0013229599425385145,0.7328791713010953,1.3872709958313252,2.417000497284462,0.7145696878433228,0.7541437745094299,183
62590000,persistence,zero_shot,CAMELS-BR,0.8730513924726169,0.8718722208979408,3.959014045852182,1.8052426278591156,-3.3534820966695333,-0.0004166183466195808,0.8888077435159629,14.084551598134208,16.47707340983117,0.3832883834838867,0.3226081132888794,136
62597000,persistence,zero_shot,CAMELS-BR,0.5090333055524278,0.6920273537627981,0.7755868041340006,0.357882984141086,4.847431517776524,0.0003401359002759424,0.7397984238804781,2.7006467447952858,2.877482831746988,0.3386448621749878,0.3664555251598358,188
62600000,persistence,zero_shot,CAMELS-BR,0.7656315936130044,0.8292980573782515,2.5808372610820416,1.1777023036139351,-5.230943985753586,-0.0011917193928146289,0.8813318987352262,8.777694757606344,15.18192496573809,0.5161248445510864,0.4710615873336792,175
62605000,persistence,zero_shot,CAMELS-BR,0.7839614832785953,0.8883277377403717,3.336515274566304,1.3996648978679738,0.790853912894534,-0.0015962147537700241,0.9521890076953919,12.63675441255269,17.516997426330708,0.5452498197555542,0.528751015663147,188
62610000,persistence,zero_shot,CAMELS-BR,0.7049762467616876,0.8013113519861429,3.573028629740044,2.0149832715590796,-2.975546940041242,-0.004330780922969825,0.8798950391460961,9.489348367904395,13.63640022277832,0.5172656774520874,0.4639343023300171,48
62615000,persistence,zero_shot,CAMELS-BR,0.4939822823964416,0.5345254319682102,11.779845935216317,2.7519000815806414,-4.782874627311003,-0.00082130711542144,0.6239796482370393,49.99867000626481,105.0460848439889,0.6708549857139587,0.5686296224594116,177
62620000,persistence,zero_shot,CAMELS-BR,0.8403614078769261,0.914345650054822,0.6054542733228846,0.28089362414593394,-1.1979815968686003,-0.0011037229096114275,0.9731613526998967,1.8907608828211244,2.9889617934275416,0.3606317639350891,0.3693901002407074,188
62622000,persistence,zero_shot,CAMELS-BR,0.582809179729736,0.7783898836318527,2.052872727655546,0.9371170211345592,2.9227938267770153,0.0003905131695322271,0.8650977927856632,6.770015016310794,6.225250847864332,0.42523038387298584,0.4700072705745697,188
62625000,persistence,zero_shot,CAMELS-BR,0.8272732254105136,0.8731931933784949,2.195171758326749,1.0083242646285466,5.308426885430048,-0.004617465480584063,0.8969942143735415,7.327455319912069,8.813721805763908,0.46417486667633057,0.5418530106544495,140
62628000,persistence,zero_shot,CAMELS-BR,0.7615167117678247,0.8568673804129555,5.841847141845883,1.9219786353567814,-6.443250082811376,-0.0007714614611098736,0.9230240738786417,23.73556943779633,39.235070877054405,0.6581652760505676,0.6055142879486084,188
62632000,persistence,zero_shot,CAMELS-BR,0.8135218727220282,0.8977622874918793,7.4728139860524925,3.2696011076482496,-3.9679146969177665,-0.001280973053137669,0.9585615079652838,21.577898091739314,4.282475706150632,0.562832236289978,0.5459191799163818,178
62635150,persistence,zero_shot,CAMELS-BR,0.8548486577998982,0.9215949973920361,13.491215293846299,7.216209201670405,2.121060302004208,0.0002257880855897447,0.9721121310942604,44.093927465188635,56.010172291783604,0.5378386378288269,0.5098535418510437,134
62655800,persistence,zero_shot,CAMELS-BR,0.5887839581650578,0.6638271207723836,0.06782188060189692,0.030173154610315424,-8.431964310487556,0.0,0.7509712858004177,0.22466253368665015,0.2744076066614738,0.43916746973991394,0.38420918583869934,149
62660000,persistence,zero_shot,CAMELS-BR,0.9555495602862468,0.9751740122767932,2.0515198679109217,1.1812567372139686,-0.8174477097014016,0.00017168966561165178,0.9887732038415664,2.5416525551663582,2.4041641349935836,0.2649664282798767,0.2667851448059082,183
62662000,persistence,zero_shot,CAMELS-BR,0.8742190422960374,0.9354493447761264,0.47084903394101657,0.24132620618942588,-0.42252228172765455,-0.0009276324324090368,0.980283189707759,0.6938658526593391,0.08273156622858029,0.2742632329463959,0.29922956228256226,187
62663800,persistence,zero_shot,CAMELS-BR,0.5631756945794467,0.6711186080123748,0.6467918010033802,0.25507180408594454,-3.1775306257149634,-0.0005023853682182538,0.7820497497061248,2.1967205527424634,2.3151312213593287,0.3519020080566406,0.34412673115730286,188
62665000,persistence,zero_shot,CAMELS-BR,0.4652989006171011,0.7370865232620037,1.2799942857570392,0.5952955905128928,4.344813328031299,0.0,0.8603582006946763,0.5295618380491024,1.0754940740061356,0.2720731198787689,0.32505449652671814,136
62665100,persistence,zero_shot,CAMELS-BR,0.8192363680517449,0.909189823726453,1.6827650509421652,0.5024042548017299,0.07513258405890971,-0.000381109821907432,0.9957002535225709,3.517406123617013,0.12515793263879857,0.33394503593444824,0.35663869976997375,188
62665900,persistence,zero_shot,CAMELS-BR,0.8744558527676475,0.9348069248007713,0.386578297175689,0.14794444491465886,-1.4998053225777304,-0.0002304449333754236,0.9827403618108318,0.41187923657548103,0.4030509866592558,0.19592073559761047,0.20862174034118652,180
62669900,persistence,zero_shot,CAMELS-BR,0.8024218489143696,0.8680643879521776,3.7780480195255546,1.3468648485235266,-1.0320617631878184,-0.0002846202252188186,0.8832979975640647,15.097086893518325,27.551506556973727,0.383988618850708,0.44363144040107727,185
62670000,persistence,zero_shot,CAMELS-BR,-0.4029832334181198,0.4002626973333333,6.672490920035894,1.946034215900996,0.8565542978871269,-0.0017447698189917123,0.5825046643046446,27.52588528682731,25.15667974360853,0.27662932872772217,0.31434836983680725,146
62675100,persistence,zero_shot,CAMELS-BR,0.9114330683833987,0.899922316287632,4.8089299074130585,2.8175001068318144,2.5365898383743453,0.001997614047115504,0.9065451607062313,10.397115582502668,7.632171110382688,0.2895607650279999,0.3180968761444092,188
62676000,persistence,zero_shot,CAMELS-BR,0.8397213545373603,0.8210227270123596,3.7130816303017067,1.8411170269580597,-2.9165952151397683,-0.0005965121953167398,0.8391226737545704,11.020029958257856,13.524995740792397,0.39420855045318604,0.3528342843055725,188
62676100,persistence,zero_shot,CAMELS-BR,0.21464218121950296,0.6328086424830904,0.9650107807046745,0.2846428576324667,5.962999961346889,0.0010282885812238516,0.8358011149565836,3.988876787088584,3.516617872740579,0.45702001452445984,0.5199727416038513,112
62678150,persistence,zero_shot,CAMELS-BR,0.8030141547617144,0.902016454503808,7.748448785800763,3.239945114313901,0.0779372003393525,0.000929506152211516,0.9882339265030932,28.254791146547102,55.28115796760264,0.47932836413383484,0.46495434641838074,182
62680000,persistence,zero_shot,CAMELS-BR,0.7349980290403817,0.7960133597824172,7.181107174589779,3.048829727984489,-2.051620796710223,0.0022109956879645346,0.8532005923518692,26.50738528501729,28.701474917014362,0.49736592173576355,0.4627355933189392,188
62690000,persistence,zero_shot,CAMELS-BR,0.8168560685720012,0.9076757323411976,6.816241539281075,3.4183857959249746,0.4409174196558435,0.001305607679886649,0.9806195956341603,14.707639585410776,22.543907308836285,0.4885202944278717,0.4845433831214905,184
62695000,persistence,zero_shot,CAMELS-BR,0.8911024275553538,0.9446049845140247,22.33973704911724,11.739203481762498,-0.3011453664104712,0.002667984088371069,0.9857779782960542,61.692310669627744,55.858845709419064,0.6134044528007507,0.5543500185012817,108
62705000,persistence,zero_shot,CAMELS-BR,0.8688710680823792,0.8191352226130394,45.63171109291818,18.910296904279832,-3.6053925575492065,-0.0019139904510714484,0.827733357430845,174.18954159476084,295.20434994441973,0.6363081932067871,0.5725305080413818,188
62706000,persistence,zero_shot,CAMELS-BR,-1.4832228707399544,0.08823368536330989,0.552608841422669,0.13067021363593162,2.890370114133229,-0.00033409308608339273,0.28989822189985404,0.7533341413001869,1.4844426808814746,0.14782781898975372,0.20533323287963867,188
62706300,persistence,zero_shot,CAMELS-BR,-0.09205678223958058,0.46088465743163987,1.0817172466587874,0.31877778257020034,16.541683531995517,-0.0033333592796585543,0.804691266301016,2.939335293698804,4.957493479983462,1.1017062664031982,1.1507041454315186,171
62707000,persistence,zero_shot,CAMELS-BR,0.8897860914502089,0.9337955047513553,22.091373350999493,11.954787234042554,-0.3145999523123147,-0.0003346626910679107,0.9589847875334916,59.273096764046336,39.05124837953327,0.3013692796230316,0.31609034538269043,188
62707500,persistence,zero_shot,CAMELS-BR,0.6982694831446021,0.6310948147260077,20.038307408982728,9.881382624308268,-4.270693674279979,-0.0010300736050292292,0.6532197696182112,65.90468282780067,88.52000427246094,0.2688741087913513,0.23639731109142303,30
62708000,persistence,zero_shot,CAMELS-BR,0.20098172407738746,0.15532656135306377,3.1711623534967055,1.2811304330825806,-22.83030319098397,-0.004661738408060787,0.2574533651286416,11.71319497061003,16.31999921798706,0.6515167951583862,0.3106370270252228,46
62709000,persistence,zero_shot,CAMELS-BR,0.4006643020069012,0.3834336382859249,22.252772767833488,5.092211751172142,-19.87854895505973,0.000671069925545293,0.48925970593638046,96.09740619641339,168.75423595948035,0.7001556754112244,0.4172460734844208,137
62714000,persistence,zero_shot,CAMELS-BR,0.8320294277923611,0.9075242111651938,37.50572961391048,19.12646553733132,0.32224440152798356,0.0,0.9511885837111334,109.83386083021377,101.09682792819336,0.45563897490501404,0.48756322264671326,187
62715000,persistence,zero_shot,CAMELS-BR,0.7213747872226737,0.7834018459586023,51.205627671110754,22.645989255702244,-3.3925541853969357,0.0009536135408030333,0.8434046962572055,186.20372843040457,152.28058034814887,0.613061249256134,0.5310325026512146,188
62721000,persistence,zero_shot,CAMELS-BR,-0.0610351095030941,0.3741418036631178,9.224364322113386,2.813941438464408,17.97831700813395,0.0011750502276248673,0.42156510825505655,36.048515469613676,18.340193278726726,0.7857520580291748,0.9958920478820801,188
62725000,persistence,zero_shot,CAMELS-BR,0.8998378166532656,0.945258572318858,93.41241857698147,46.983510524668596,1.8675777018338762,-0.0001353989811730058,0.9747850373329359,158.4376849111347,112.68762132550319,0.37517133355140686,0.3708527088165283,188
62728000,persistence,zero_shot,CAMELS-BR,0.6045681916375474,0.5467679912757475,4.607794351367878,1.4838085022378475,-5.651267687961968,0.001683478953806528,0.5794879656210175,18.6891185027694,37.90595560641684,0.363896906375885,0.2858220040798187,188
62728001,persistence,zero_shot,CAMELS-BR,0.7040268792040973,0.8222528532546697,4.937740139757426,2.152871344349172,-0.7107944337127189,0.0012455041438016491,0.9142843920842361,16.618965404425296,27.610958576134994,0.38368257880210876,0.3601113259792328,101
62729080,persistence,zero_shot,CAMELS-BR,0.754288796842237,0.825251986079993,105.51368772757561,59.723404255319146,-8.131038647342995,4.14258851979734e-05,0.8729832900026007,275.4774037920352,405.2388184762166,0.3105827271938324,0.2810497283935547,188
62741000,persistence,zero_shot,CAMELS-BR,0.24617080323261464,0.5022243451049831,3.0825277711458066,1.3083664089886111,-1.5000142298382146,-0.0008195841534711203,0.7840141456290126,10.61693294624967,15.691266955975788,0.3043820261955261,0.29700878262519836,134
62742000,persistence,zero_shot,CAMELS-BR,0.7182517715955988,0.7358531337621534,1.6681836672032837,0.731655158873262,-5.6279575733203036,0.0,0.7785802642986105,5.999222320868809,4.204456991067567,0.32959526777267456,0.25001880526542664,116
62743000,persistence,zero_shot,CAMELS-BR,0.5210451256916768,0.7498368840815677,4.288411807414113,1.8909545808225066,0.9013666594354808,-0.0006931531908275189,0.8453996619141082,15.02929525320709,11.493867718817947,0.4193553626537323,0.40526342391967773,185
62744080,persistence,zero_shot,CAMELS-BR,0.7736122983452155,0.8461334977722368,122.5581060628065,73.52127659574468,-3.3286995115356657,0.0035853208807013065,0.8994607437621142,362.85796119142816,580.6108851890395,0.33306124806404114,0.26925158500671387,188
62750500,persistence,zero_shot,CAMELS-BR,0.48018795549438065,0.7383356888672863,0.629837537888811,0.19020212425830516,0.23319731806713923,0.0003691032496231216,0.9879923691493255,2.512103601876315,4.461139117017542,0.29240697622299194,0.3085409700870514,188
62751000,persistence,zero_shot,CAMELS-BR,0.8399206937245687,0.887391331097627,1.7462051117120687,0.7979385506507405,1.9928238347313458,0.0,0.909115784892099,5.59325383284668,9.83916283317149,0.32817503809928894,0.3097316324710846,179
62751100,persistence,zero_shot,CAMELS-BR,0.8497043502648174,0.7334062170605666,2.010932028010361,0.6260279850526289,3.714225194509416,-0.0001732603041568071,0.7349914935738094,7.753279189322345,13.314155138498396,0.3999394476413727,0.4504539370536804,143
62752000,persistence,zero_shot,CAMELS-BR,0.9831168237727238,0.9772475715066794,2.416123198900741,1.0581935466604029,-0.09596413047913827,-0.0001038755782753753,0.9785793528081346,8.515947414042834,2.6935573457675197,0.13015131652355194,0.136609748005867,188
62754000,persistence,zero_shot,CAMELS-BR,0.9845019536093966,0.984370337893612,0.7496642446820078,0.3648180222128802,-0.1576827914635907,-0.00017096711271210544,0.9863550200947371,1.400754713540973,2.9507568352625135,0.06736468523740768,0.06391696631908417,187
62758000,persistence,zero_shot,CAMELS-BR,-0.2616804310778711,0.4488252094684292,1.4902207500392526,0.3899478744319145,1.212995118797155,-0.0005908279560448938,0.8139572103891453,6.025026274395166,11.072200409373249,0.2674977779388428,0.37164533138275146,188
62760005,persistence,zero_shot,CAMELS-BR,0.6394717517936238,0.8079250702368315,1.1426561073486605,0.4722191608966665,-2.2075779907571538,-0.002090888851795288,0.9525273077897738,4.279662709974439,6.289626975323169,0.37581250071525574,0.3400004506111145,188
62760050,persistence,zero_shot,CAMELS-BR,0.611176988845235,0.7941321771888044,0.08758111722053002,0.03144148887788996,-1.0814900194486108,0.0,0.9572947451181255,0.2840374061953151,0.4767729815328512,0.3212372660636902,0.3153870403766632,188
62760070,persistence,zero_shot,CAMELS-BR,0.1972219015018042,0.6248619884342963,1.0339268212533657,0.2953829821100102,6.174174033459454,0.0017914812874813037,0.8398114829898765,4.370044640056657,7.255687591285392,0.5499131679534912,0.6196998357772827,188
62760090,persistence,zero_shot,CAMELS-BR,0.529435443658661,0.7697236954002011,0.009724370670773924,0.004450704010439591,0.22488496286606902,-0.0005336520151393837,0.8957334347678858,0.01997498231440644,0.024748734812718252,0.022804729640483856,0.02625950425863266,71
62760110,persistence,zero_shot,CAMELS-BR,0.5509831144073646,0.7782517200924678,0.04767325620396752,0.018356383005355265,-0.9072685947188706,0.003019086163505028,0.9441597659138297,0.17872912399631546,0.32790852874928295,0.28435051441192627,0.259891152381897,188
62760130,persistence,zero_shot,CAMELS-BR,-8.948852565120104,-1.4674390734391638,5.401747485779641,0.5301765799126092,56.459667096089184,0.0,-1.3755974884380633,23.391663418133597,10.314707860024074,0.8217943906784058,1.1854381561279297,188
62760150,persistence,zero_shot,CAMELS-BR,0.9099059807813725,0.9496219661601166,0.5356396776663626,0.23289097243166984,-0.8425015101278581,4.0686156651079976e-05,0.9737342625490157,1.1822061106492274,2.303104547165491,0.1873636394739151,0.21058136224746704,188
62761800,persistence,zero_shot,CAMELS-BR,0.8423826355408651,0.9159609841759755,0.12773879728129314,0.05554140449329546,-0.07408040358811548,-0.000418024464417232,0.9612950012857773,0.0,0.0,0.06254096329212189,0.0591086708009243,157
62763500,persistence,zero_shot,CAMELS-BR,0.9468287023635863,0.972423695828922,0.26024670693703283,0.0835159587416243,-0.5869369320887652,-0.002519708325648344,0.9924832637189154,0.7563663409949061,1.5950079145205287,0.17031431198120117,0.1484726518392563,188
62765000,persistence,zero_shot,CAMELS-BR,0.8516050203714532,0.9208772523970578,1.1882719241392876,0.6803476147473178,1.3228863895916452,0.002156968078424978,0.9733865789463321,2.9151610683885636,3.205365295436037,0.2117360383272171,0.225559264421463,187
62767500,persistence,zero_shot,CAMELS-BR,0.5603721552185315,0.7784185138721276,3.008705929596594,1.575447836647863,-3.3595305973267706,-0.0011978031558943312,0.9612399956982657,9.217407523441087,17.485731125284847,0.3324776887893677,0.31407859921455383,184
62768000,persistence,zero_shot,CAMELS-BR,0.06063527188620854,0.529584449753578,1.930457882742014,0.4728750002104789,-14.573003392732113,0.003148472814833065,0.8363475277131371,6.0012098699099194,8.75735414903268,1.0168143510818481,1.0089718103408813,128
62768500,persistence,zero_shot,CAMELS-BR,-0.3815952417460222,0.414419956542567,0.9287166903645507,0.3688700549346579,0.6631500243715567,0.0011362122208641873,0.7582185172801489,2.5086915605943587,3.8646344555101466,0.20824672281742096,0.21774578094482422,177
62770500,persistence,zero_shot,CAMELS-BR,0.48436189602916624,0.6618599273706469,2.9924959002218725,1.3289335116426995,-1.4358459262705865,-0.0017387309407104583,0.8301244178441586,10.031809895584653,21.846666289004887,0.39025649428367615,0.3381040394306183,188
62772500,persistence,zero_shot,CAMELS-BR,0.9084465632497121,0.9273128192325683,2.884914786203478,1.7650565077356026,2.0795024286773987,-0.002146477882779694,0.9398703165103484,5.790965800536996,11.21104388607402,0.2161790430545807,0.2176419347524643,177
62775100,persistence,zero_shot,CAMELS-BR,0.776331968475908,0.8675613072877879,0.9092740034216784,0.44363635855835754,-1.362716442959683,0.0007074970748082374,0.9364055052417873,3.1248839948256357,5.789999961853027,0.25689342617988586,0.20871558785438538,77
62776450,persistence,zero_shot,CAMELS-BR,0.8520519798658714,0.9230641002628377,3.6399510564514825,2.2866170634962106,-2.105963831734028,0.0003978345778637687,0.9767972865172894,9.532230489069546,8.102320713421268,0.32434961199760437,0.31707316637039185,146
62776580,persistence,zero_shot,CAMELS-BR,0.8918302659721062,0.7863045559341788,6.528471873959305,1.9717518106291565,-2.908583485644198,0.0,0.7879683476455096,27.649581204900212,46.01847789289691,0.2428792417049408,0.21607016026973724,158
62776600,persistence,zero_shot,CAMELS-BR,0.9701483679148774,0.9803491971490516,1.7672485974059213,0.776381044552244,-0.6769265067451153,-0.001628071832750962,0.9870774110891133,1.1931321967540964,1.3583792054710087,0.15424002707004547,0.1533745676279068,116
62776780,persistence,zero_shot,CAMELS-BR,0.9112836854091145,0.9082926063191601,3.2493689542500337,1.8927167012141302,1.0956919063368968,0.000791246803753985,0.9159956724500259,9.384946516677388,12.422855941431502,0.21410369873046875,0.2360691875219345,156
62776800,persistence,zero_shot,CAMELS-BR,0.9486520940602996,0.9736008911009575,2.669104492658814,1.6741691650228296,0.5024239690554204,0.00039975209595182436,0.992753392008114,4.7056508518569995,7.936543962608285,0.2282540500164032,0.2342562973499298,188
62776900,persistence,zero_shot,CAMELS-BR,0.4001401025313942,0.44598763136730457,0.4684644732792819,0.1408465877175331,1.0756442621889373,2.0650389708763185e-05,0.4527059093513196,1.9764883999630385,3.7203986527479,0.1727336347103119,0.19905820488929749,176
62777000,persistence,zero_shot,CAMELS-BR,0.9935739778693046,0.995188280068927,0.25464489938579604,0.10951851032398364,0.3393931010239006,0.0,0.9951882800689272,0.0,0.0,0.04147657752037048,0.03921734169125557,27
62777100,persistence,zero_shot,CAMELS-BR,0.5780757964360289,0.7873617366416916,0.6036176849756701,0.31390425689676976,-0.18890280497886122,-0.0008497694285152868,0.9911614713937721,1.5904846939727217,2.5207690398270794,0.2154495269060135,0.22722937166690826,188
62777300,persistence,zero_shot,CAMELS-BR,0.9731649139367015,0.9845660901212148,2.447695578773342,1.4290857260567802,0.7476788282463109,0.00043953669617101745,0.9914720608114814,5.801942892012193,5.057712110671616,0.20533089339733124,0.2012302279472351,175
62777500,persistence,zero_shot,CAMELS-BR,0.41093042074520014,0.5512243571641628,0.9636739810146956,0.31374481936980936,7.472306950179929,-0.00014152828934545052,0.5701879815315567,3.605339891462038,6.090570994020787,0.47183576226234436,0.49368685483932495,145
62780700,persistence,zero_shot,CAMELS-BR,0.9609872043712924,0.9689785980371884,3.3909466342812653,2.2197259267171225,-1.4311998981446932,0.00021726641989528936,0.9752102611011009,8.303333590606677,3.082412252616886,0.20597109198570251,0.22141599655151367,144
62781000,persistence,zero_shot,CAMELS-BR,0.6017863993013524,0.7014493397537733,1.3620708890228694,0.34038587724385055,-2.0422064112200418,0.0,0.8011461673898999,5.376287330125784,11.703799468447793,0.41852444410324097,0.37495359778404236,184
62790080,persistence,zero_shot,CAMELS-BR,0.667609905211646,0.7738538119995297,174.2955120819664,100.8936170212766,-5.039406437259285,-0.00011977497926737336,0.8562242132222341,542.3258245741207,862.4050672392875,0.31822142004966736,0.2566114366054535,188
62795000,persistence,zero_shot,CAMELS-BR,0.9116932740633911,0.848701396064526,8.510428418873744,3.5906002061120397,2.5039069162166254,-0.001679229952327381,0.8512983012859763,30.355537684830743,52.027731795368275,0.3574647605419159,0.4002123773097992,145
62796000,persistence,zero_shot,CAMELS-BR,-3.725978433743758,-0.6369170112731579,0.5918230345747688,0.2145465111663175,40.70112855066708,-0.0003739045230738737,-0.5811631503970964,1.857720103585286,0.9480000138282776,0.509524405002594,0.9436109066009521,86
62798000,persistence,zero_shot,CAMELS-BR,0.7009824005273693,0.7678422074749826,2.6474672583644163,0.806891034810971,-5.209245678959693,-0.0003109985871330434,0.8317502637418479,11.132391597228956,4.7406974069135135,0.37220001220703125,0.3778347074985504,156
62800000,persistence,zero_shot,CAMELS-BR,0.8222240080129521,0.9076409703835766,6.293055750011419,2.7274881949558614,0.7536013796507492,-0.0008622695269758559,0.9801233112198442,21.990596641422307,43.54566586381581,0.386797696352005,0.4164648652076721,187
62805000,persistence,zero_shot,CAMELS-BR,0.951785663017044,0.9734584285786478,57.40561315264205,35.005045951680934,0.7227123121054931,-0.0010211657996641397,0.9881119881531133,117.32281335133732,84.89528158129485,0.28531214594841003,0.29837727546691895,188
62810000,persistence,zero_shot,CAMELS-BR,0.533101350510798,0.5497838796791434,7.232338696382415,1.401776577563996,-4.198306015208856,0.0,0.6305962327106184,30.576095964381768,67.7874186006625,0.38117700815200806,0.3081902265548706,188
62813000,persistence,zero_shot,CAMELS-BR,0.9332624483165112,0.9032077975735691,3.21497033088576,1.6453191625311019,0.7563407647433368,0.0007575427570853197,0.9063503912521922,10.1319296580757,20.015618901248097,0.33023667335510254,0.3709007799625397,188
62815200,persistence,zero_shot,CAMELS-BR,0.9685753223602741,0.9823807583995566,1.9306277635230482,1.0865473747253418,0.39792477407556676,0.0004328826474133962,0.9910771436698306,5.2068655700203585,7.270171149107736,0.14854303002357483,0.15435531735420227,188
62817900,persistence,zero_shot,CAMELS-BR,0.7639456290504386,0.8814109256324338,1.9786605435015434,0.9057276654750743,0.7467947386344816,-0.000848865999686527,0.9792982709221265,5.867829111460991,11.898160720617524,0.22993741929531097,0.2433389574289322,188
62820020,persistence,zero_shot,CAMELS-BR,0.3865148750047652,0.6897711301771547,3.137493127823721,1.0247716235984219,0.4423708916855732,-6.237128350805414e-05,0.7722855763223956,12.262534096451303,14.252955230755184,0.657986044883728,0.5431017875671387,183
62820080,persistence,zero_shot,CAMELS-BR,0.6658598572837835,0.8206153827611703,184.99644907460458,105.34574468085107,9.682832252343111,0.0005432839782622927,0.8885370116812865,279.7727649361174,616.3416260484115,0.28539881110191345,0.2877412736415863,188
62823000,persistence,zero_shot,CAMELS-BR,0.8411676583651099,0.9161243083449577,0.8265218188788304,0.48257479725814445,1.2129299581665114,0.0016159975650732288,0.9646611625988062,2.180246755172549,3.6307027932682137,0.3839641809463501,0.3803909420967102,123
62824000,persistence,zero_shot,CAMELS-BR,0.9316824973767663,0.9585758876634661,0.6080978358762903,0.2997534184055474,0.18863788928442785,-0.0005154412060865976,0.976773775968378,2.101391522978561,3.520567712979004,0.2468540519475937,0.23323379456996918,131
62829580,persistence,zero_shot,CAMELS-BR,0.5647598703601078,0.7598926859650175,227.29536038173728,129.11702127659575,-8.78196799367298,0.005460862315626151,0.8890939852593942,656.7641890359126,1364.1466196857286,0.2637576460838318,0.20666897296905518,188
62845000,persistence,zero_shot,CAMELS-BR,0.8807319199965388,0.9196490911053731,144.21646255513653,95.62389353379847,-5.129948624607796,0.0003325991872795975,0.9426975107281237,140.57979082258674,32.98646228895584,0.27902165055274963,0.30213499069213867,187
62849500,persistence,zero_shot,CAMELS-BR,0.5975038448585992,0.8017209045468819,1.6934890571123737,0.7160578968101426,1.298375586953343,0.0,0.9336291713057671,6.3918487352283035,7.693781988936366,0.5568484663963318,0.6693479418754578,171
62860000,persistence,zero_shot,CAMELS-BR,-0.4964693468781396,0.20607370328660668,5.391246973600858,1.1849515066002354,5.416838869886721,-0.0015171788969696193,0.23770183872780348,22.522610046647237,44.951919915195234,0.7202066779136658,0.8133140206336975,165
62870000,persistence,zero_shot,CAMELS-BR,0.8238610625060097,0.9022626394284724,219.43760748605087,131.2670981224547,4.840879164706948,-0.001728036710158743,0.9506629612498247,269.17411453135344,53.15719667928306,0.317631334066391,0.3107481896877289,188
62871000,persistence,zero_shot,CAMELS-BR,0.769698677630499,0.8531690813717283,0.8179106719941448,0.2834424637658622,0.99116558170585,0.0006651980387349064,0.909539053645443,2.8835194939871376,6.063663171820066,0.478158563375473,0.4793306589126587,186
62880000,persistence,zero_shot,CAMELS-BR,-0.2543966114188616,0.44934227082652767,0.5930063896230108,0.15551063953403463,1.502591556487632,0.0,0.6146810886154213,2.493959252953795,4.877745769763048,0.8525388836860657,0.8048324584960938,188
62885000,persistence,zero_shot,CAMELS-BR,0.9315034451038945,0.9490694873867167,125.1517164391267,83.22872340425532,-3.621849891324922,0.0016054998191735899,0.9609218089286076,167.83801714748657,25.93260495977988,0.31878021359443665,0.3226533830165863,188
62885600,persistence,zero_shot,CAMELS-BR,0.9962933486529559,0.9945848928983054,7.968639409989167,6.086756943071142,-0.4978666717202059,0.0,0.9948811566084435,10.762033454214725,4.065008501295289,0.2105216681957245,0.21068798005580902,188
62885700,persistence,zero_shot,CAMELS-BR,0.9969489313420964,0.9912117876869188,3.5138856636304694,2.7444759734133455,-0.8668021531014175,0.00019726975428662787,0.9913100002033299,2.8138797615904694,2.3221603473427197,0.1213531494140625,0.12247753888368607,188
62900080,persistence,zero_shot,CAMELS-BR,0.7426731534008574,0.8704309223142331,251.22811114560255,166.13829787234042,-2.520191003949773,0.0017574155119393815,0.9638514867183582,235.6017826757684,232.17342655868265,0.341935396194458,0.31610020995140076,188
63001000,persistence,zero_shot,CAMELS-BR,0.9390227934148094,0.945903416815998,3.5327692884317545,1.810769117795504,0.7539006709853466,-0.00032566546318269635,0.9534953432776105,9.576904512698691,9.373630238475986,0.29101163148880005,0.32172274589538574,130
63001200,persistence,zero_shot,CAMELS-BR,0.9622342190141571,0.9706019719008817,4.676905830287494,2.4861429463262144,-0.009626095347338347,-0.00036710282217431583,0.9773855394797916,12.794012666500109,10.214162633244424,0.13068917393684387,0.12457183003425598,184
63001223,persistence,zero_shot,CAMELS-BR,0.937380131916369,0.945500440193786,6.175289971079567,3.5432554204413234,0.5594563195881984,0.0,0.9536369507329542,19.6807825817703,14.953794729735662,0.11231981962919235,0.1297236829996109,188
63001225,persistence,zero_shot,CAMELS-BR,0.8990053088972307,0.9443891962404926,0.29273954715451267,0.14698456513120772,0.07708340944247936,0.0,0.9783158839494214,0.27986720711945784,0.5687766323983368,0.09850814193487167,0.10433485358953476,188
63001230,persistence,zero_shot,CAMELS-BR,0.9183086954719784,0.9531597666163324,6.661217238771459,4.338047940680322,-0.10476783450154321,-0.0006966508064865365,0.9747298226923272,11.11108847576527,6.536039469232088,0.10002517700195312,0.1108504980802536,188
63001500,persistence,zero_shot,CAMELS-BR,0.9832580233358823,0.984493545627125,5.293369423087674,2.6741487624797413,-0.22306009893002002,0.0004894288820587447,0.986885722517512,14.973189014743037,28.132896092112762,0.08591531217098236,0.08488917350769043,188
63001560,persistence,zero_shot,CAMELS-BR,0.9204498251248476,0.9601693271590468,13.554828478348755,9.123896830790752,0.29399919656549117,0.0004445934858395145,0.9960438483691281,28.56296949916223,3.6705980338455366,0.1494569331407547,0.1511041224002838,148
63001580,persistence,zero_shot,CAMELS-BR,0.933897083878644,0.9666459093918347,12.433950854941767,9.013457489013671,0.069822636858042,0.00033764282974020274,0.9895572990303364,18.057531901330794,0.0,0.1349649280309677,0.1591804474592209,50
63001600,persistence,zero_shot,CAMELS-BR,0.8014120842869193,0.894949033936314,1.4091780203605877,0.7083718287639129,-0.5288279861595974,0.0002214372438522961,0.9714484725072601,4.5003730411286,8.771641104624655,0.09012958407402039,0.08964680880308151,156
63001605,persistence,zero_shot,CAMELS-BR,0.8276325874886719,0.9081763870422755,2.903510927861377,2.1390386472774456,0.5549700630263237,0.0,0.9580043213516316,4.726918428312172,3.9666150179672095,0.20831315219402313,0.2102857530117035,158
63001608,persistence,zero_shot,CAMELS-BR,0.714401109740552,0.8571182754118507,11.149123215669086,7.128882784177275,2.4462505879440184,-0.0014865710951809212,0.9639101106536858,15.016064647515773,29.581140367204096,0.41069495677948,0.45343220233917236,187
63001638,persistence,zero_shot,CAMELS-BR,0.8052541967160525,0.9026521328955541,9.249387722742538,7.0666889129801,-0.38533833282370084,-0.0018827834043585283,0.9790881688803503,9.76087939305948,13.831177751076616,0.2827577292919159,0.2793068289756775,188
63001642,persistence,zero_shot,CAMELS-BR,0.8424251521259314,0.9186687931336177,2.111665939853912,1.3336268227274826,0.030270003471231762,-0.00044061320412990077,0.971275521697268,3.4209914219139037,0.6559525257625101,0.21796731650829315,0.22352728247642517,164
63001650,persistence,zero_shot,CAMELS-BR,0.8390288716220856,0.919619771963427,7.166988008275102,5.3028181360123,-0.2726585184120695,-0.001072210133715743,0.9871317740645058,9.761767370956484,11.172569830089783,0.2159615308046341,0.21371930837631226,188
63001675,persistence,zero_shot,CAMELS-BR,0.6791059349102171,0.8253904632375839,11.588790348400082,8.257599442869752,-0.6668825730885681,-0.00019667013474478426,0.9495018453314938,13.086812544380836,22.082455999110742,0.19945110380649567,0.16260765492916107,182
63001750,persistence,zero_shot,CAMELS-BR,0.7241416563749306,0.8628250184630506,3.5307499733123144,1.7249914737457925,1.0279824361978958,0.0,0.9811152628431311,9.155663689485536,9.275732172080888,0.37279993295669556,0.38529646396636963,188
63002000,persistence,zero_shot,CAMELS-BR,0.9192952604536242,0.94869405653051,31.534135613833318,13.874432477084072,-0.4035972375673806,0.0004258793981547597,0.9665515770137635,72.0490027645832,142.97699978759448,0.1325395256280899,0.1374349296092987,176
63003100,persistence,zero_shot,CAMELS-BR,0.967186541573768,0.9758749599894229,15.093373179363915,8.871224503768119,0.23254349087756146,1.1387658592502438e-05,0.9822232218570506,6.0321012550355695,3.052303559676629,0.09849787503480911,0.10895021259784698,152
63007080,persistence,zero_shot,CAMELS-BR,0.7822042836364995,0.8891011376760727,655.0082588402502,441.1170212765957,-2.1526280345118733,0.0030546091768947504,0.9508047302128552,539.8869326071896,799.8840540978424,0.09477167576551437,0.08345203101634979,188
63010000,persistence,zero_shot,CAMELS-BR,0.9498039572883916,0.9033699622480815,1040.6920125121044,707.0028504716589,7.071567109574471,-0.0033452919424079974,0.9046714195733248,679.1222073328886,59.32536610499611,0.19195666909217834,0.16274739801883698,188
63050000,persistence,zero_shot,CAMELS-BR,0.5909245702343133,0.7628653972747559,0.8619742244334906,0.24611207020693812,5.548137615889343,-6.209503777927783e-05,0.8282692753027059,2.215153719020806,2.810133514923085,0.6170423626899719,0.6859425902366638,116
63100000,persistence,zero_shot,CAMELS-BR,0.7424350999956761,0.709664742663593,5.343561913824588,1.5524071362204181,-4.208166461864402,-0.001895635231803118,0.7338352374947816,22.267772990209338,43.84408403464356,0.38436126708984375,0.32035526633262634,167
63140000,persistence,zero_shot,CAMELS-BR,0.7771367896086943,0.8828875068582259,5.445700601142581,2.1868108672064706,1.5785597271212537,-0.001382198724421196,0.9471637465474159,18.210058351811817,33.529680851601206,0.3843664228916168,0.39939752221107483,185
63160000,persistence,zero_shot,CAMELS-BR,0.7933856694220066,0.8943537299041592,10.39592544407209,3.199800018310547,-0.2623365808957459,-0.002905589661171092,0.9616916134464849,41.29515645030761,43.791384690018255,0.2725641429424286,0.3171732723712921,125
63165000,persistence,zero_shot,CAMELS-BR,0.9585623754966925,0.975024963942741,9.069286415960855,4.28255299304394,0.8991030428450604,9.662500620351983e-05,0.9845024030772488,28.971857467340673,20.39619575174318,0.2531580626964569,0.25248706340789795,188
63170000,persistence,zero_shot,CAMELS-BR,0.9692297449490294,0.9844820931886175,10.183888852321218,5.470212459564209,0.17021562336985355,-9.453764810538057e-05,0.9938282372833395,26.642071991494955,48.088460154178364,0.27895379066467285,0.2810457944869995,188
63180000,persistence,zero_shot,CAMELS-BR,0.9790295001918333,0.970263651956597,6.249161373284316,4.2956955951193105,0.7940729265588002,0.00020181802595875195,0.9716260974272183,7.564563709052342,10.182998657226562,0.2181342989206314,0.2426793873310089,23
63250000,persistence,zero_shot,CAMELS-BR,0.9136154758091374,0.9543797365197801,3.834535456005622,1.8815938158238188,0.7912574654715714,0.0009248824674199657,0.9823401504250028,6.542020111380113,13.883066250573785,0.12335890531539917,0.12392493337392807,188
63257000,persistence,zero_shot,CAMELS-BR,0.7190087947044734,0.8602085587240832,1.2689288189692476,0.654132475244238,0.7699029903619642,0.0006192352627403183,0.9612593184808318,2.67597410139212,2.1210477885491374,0.17533254623413086,0.19053159654140472,188
63259000,persistence,zero_shot,CAMELS-BR,0.880824131379892,0.9394062211477837,2.0920720941100206,1.2042568000587257,0.07006833430394331,-0.0003635817812214122,0.9836212618988522,3.9714396387912982,7.14551150180519,0.11172420531511307,0.11607514321804047,185
63270000,persistence,zero_shot,CAMELS-BR,0.8259381917566093,0.9133119182542127,12.392590549487762,7.573716576724129,-0.06004138801241447,0.0006849771938358101,0.9900779428478946,18.30627051063142,16.204432453834666,0.14913541078567505,0.14915703237056732,187
63280000,persistence,zero_shot,CAMELS-BR,0.970398143373091,0.9799372872350203,4.993442220197918,2.407965881002825,-0.13039749318935254,-0.0003401972579813095,0.9864582144701174,7.370661752047946,10.259142264341596,0.10183073580265045,0.10389174520969391,177
63350100,persistence,zero_shot,CAMELS-BR,0.9382992235300479,0.9685494359685306,10.6962379490892,7.9719935707423994,-0.47634242490187223,-0.0008132530055809366,0.9921513138417363,22.26347844781132,39.40056363898382,0.13917262852191925,0.14540405571460724,184
63390000,persistence,zero_shot,CAMELS-BR,0.9259115123500076,0.9543515705847252,16.095175256954366,10.322424593838779,0.020856356963294274,-0.0006059239934289211,0.9712953129133644,37.34792667179698,6.363961030678928,0.14815089106559753,0.1462172120809555,165
63650000,persistence,zero_shot,CAMELS-BR,-0.341409436626815,0.39554768174194765,2.498279577762194,0.49237158780540924,0.9995855253966778,0.002368462096856769,0.8677518033070395,10.59546837715376,16.078890611253456,0.2041599303483963,0.21588055789470673,183
63670000,persistence,zero_shot,CAMELS-BR,0.442873056953595,0.7012397150934329,10.338150808262554,4.532372385897535,-3.1331770655555435,-0.0018142276862498363,0.9376087093046445,26.983320596207896,30.160872738317938,0.6288712620735168,0.6387738585472107,188
63700000,persistence,zero_shot,CAMELS-BR,0.6006652199751523,0.7973342181080103,12.024155551311742,6.176595703084418,0.38431729762771755,0.00035444993498295364,0.8996102191704264,23.616476926864816,36.830693721405794,0.3566555678844452,0.35367268323898315,188
63710000,persistence,zero_shot,CAMELS-BR,0.7199993626044956,0.7435643633725351,10.71428362961647,4.489540901589901,1.9205223517029721,-0.00047010731687028434,0.7585896052176417,40.32116613997853,63.83423955295213,0.39630359411239624,0.43494436144828796,188
63730000,persistence,zero_shot,CAMELS-BR,0.2734785229794141,0.5598382364467464,0.18459484903143264,0.0878461532659464,-1.185809099134394,-0.0005991646681383963,0.8440295898511467,0.5939041236384758,0.7775361760116319,0.2181975096464157,0.19097891449928284,143
63790000,persistence,zero_shot,CAMELS-BR,0.18115897556353422,0.470756054388732,3.093290536121386,1.1106892797233021,-6.313417870470942,-0.0008892230533313998,0.7877543749807718,12.075569542378327,16.050831553498867,0.6300272941589355,0.5125541687011719,177
63810000,persistence,zero_shot,CAMELS-BR,0.8977328557383069,0.944489889495173,16.61612505084794,9.142640531732795,0.0530362169128743,-0.00068951712824924,0.9787732184272118,47.860734389288304,51.2055013373192,0.32806745171546936,0.3561287820339203,178
63900001,persistence,zero_shot,CAMELS-BR,0.759769010871294,0.8739750393138032,13.024483816473449,6.408395642819612,-0.48041480059878067,0.0012266583338233382,0.9719970813249523,37.54204680802567,25.21505512133072,0.17237207293510437,0.1751697063446045,184
63930000,persistence,zero_shot,CAMELS-BR,0.9215307907241197,0.9558700019213043,12.10394396679839,5.062209751295007,-0.1628391183882485,0.000409500560705078,0.9776561841272775,4.801521926188967,3.1472442832304615,0.14925070106983185,0.14957506954669952,184
63950010,persistence,zero_shot,CAMELS-BR,0.8393969906340493,0.8714104087851119,6.894843374461074,3.188702885570422,-0.6638331821302691,0.0012377524486461445,0.9014252361179204,18.11752846311206,31.577450236958963,0.3643975853919983,0.3548460006713867,183
63950100,persistence,zero_shot,CAMELS-BR,0.9163021778478234,0.9530437594429308,6.546787183584915,2.8875886771989907,0.09076979682503473,-0.0002708938580807327,0.9746015659767479,21.341935291921303,43.87412892590256,0.2607308030128479,0.25866538286209106,184
63950150,persistence,zero_shot,CAMELS-BR,0.6853690560454841,0.8161304011956643,2.589614395158532,1.2058829842729772,-1.4707089689342256,0.0008260213118582056,0.9223175030959239,8.093307632080547,11.091048066763767,0.41008034348487854,0.40181612968444824,188
63950250,persistence,zero_shot,CAMELS-BR,0.5944007447531017,0.7765035368390811,2.746951445167514,1.335835995564934,1.0374779983686853,-4.237599048828242e-05,0.8484478140776728,8.861700846430795,15.629906169768754,0.17805695533752441,0.1925317794084549,131
63950280,persistence,zero_shot,CAMELS-BR,0.9419185452249481,0.9700163610470971,10.659531080925692,6.495483816486516,0.25684270170459256,0.0007252727948162379,0.9904708885076569,15.267226717372997,23.787018397595315,0.19711825251579285,0.19884257018566132,146
63950300,persistence,zero_shot,CAMELS-BR,0.8550750178825199,0.9272605921486128,3.2964840175405037,1.374892411024674,0.534443037790166,6.028748645940836e-05,0.9935386872252768,8.505173780666569,14.979804920096187,0.2049468606710434,0.20552648603916168,184
63955000,persistence,zero_shot,CAMELS-BR,0.9208051310722685,0.9486523943684643,10.822325823809079,6.360265929842256,0.3142059291812947,3.0081244399916482e-05,0.9649749586909157,13.446844980881556,13.811056592040263,0.16320569813251495,0.1668994128704071,183
63970000,persistence,zero_shot,CAMELS-BR,0.9361842348173911,0.9669211628210259,22.794920443111373,13.400042575338613,-0.13678325971414992,-0.0003872226561740053,0.9917850697029693,35.60970706030072,24.9458638552396,0.1656993329524994,0.1667737364768982,184
63979000,persistence,zero_shot,CAMELS-BR,0.8910420432394084,0.939908393214491,42.10095583129349,20.691620469759297,1.0014469176059722,7.224311777412513e-05,0.9699096493065419,21.11885151267879,4.20001220703125,0.17493149638175964,0.1678684949874878,179
63995080,persistence,zero_shot,CAMELS-BR,0.7936928070781843,0.8972293327683547,647.0351490008508,444.218085106383,-2.107854344687627,0.0022921490209700367,0.9592051719845487,561.1816996303426,475.52129289864615,0.0962466448545456,0.08815077692270279,188
64005000,persistence,zero_shot,CAMELS-BR,0.6204629173010863,0.7003031744922837,11.891596157774877,5.050079880876744,-6.8522575168207185,-0.00041856003830207343,0.7832886968641756,40.955709966913815,72.26663295826621,0.5025098323822021,0.4677428901195526,188
64015000,persistence,zero_shot,CAMELS-BR,0.8407521037759287,0.9169276884712241,2.1509144437143424,1.2841217402049474,-2.543378140157745,0.0038515758437870605,0.9741958498691874,5.41540082931733,3.7857322715052706,0.4592958688735962,0.481510728597641,175
64035000,persistence,zero_shot,CAMELS-BR,0.3537633711407081,0.6926538210933653,3.8057538024231476,1.149191493683673,2.3129442341855366,0.0014724708460124927,0.917203456268503,12.195113189126657,25.75152285425993,0.37480559945106506,0.42820245027542114,188
64040000,persistence,zero_shot,CAMELS-BR,0.7907343741440195,0.8198493181585736,3.1466269511929044,1.2938646985136943,-2.371872581940649,-0.0020756800301405254,0.8371728512053815,11.405308789567089,15.723508470534366,0.4522857964038849,0.44238752126693726,184
64065000,persistence,zero_shot,CAMELS-BR,0.9758588160430227,0.9824169284784264,1.2993350856647734,0.7335314151218959,-0.0864849698115571,-0.0002583523367838819,0.9872322269102847,1.047045833841663,1.3943037297169876,0.26208725571632385,0.25789663195610046,175
64075000,persistence,zero_shot,CAMELS-BR,0.9727403437921212,0.9796267470328233,4.97071687976212,2.7606870392535594,0.9768406644053004,-0.0006547207693931092,0.9843391995806178,13.489244718249436,7.150425890942969,0.29428520798683167,0.2962087094783783,188
64082000,persistence,zero_shot,CAMELS-BR,0.9558838310336303,0.9724050044916673,8.841446248793375,5.919148992984853,-0.36392022805578805,-0.0024681294496215096,0.9835909465994113,9.57601169589929,2.449489742783178,0.2921818494796753,0.29553863406181335,188
64095000,persistence,zero_shot,CAMELS-BR,0.7993411967539256,0.897402273949694,4.434725477622982,2.3368913712708848,0.6787873002323718,-3.7219750566192325e-05,0.9808292961038696,12.679931671657815,21.785561430070523,0.3011544942855835,0.30086368322372437,184
64113000,persistence,zero_shot,CAMELS-BR,0.8135457116061052,0.8984532559660435,2.7984521824705553,1.4921170498462433,-0.17695490615339496,-0.0010488210719541494,0.9472596710251218,6.451934139407602,10.285847857631735,0.31467923521995544,0.31056252121925354,188
64120000,persistence,zero_shot,CAMELS-BR,0.9346096847717651,0.9647973378985415,2.820800856073705,1.8286169336197224,-1.1946643832873896,-0.0019363830118220276,0.9863576420901906,4.6593396245281795,4.286122651967043,0.2555789351463318,0.2532849609851837,188
64120100,persistence,zero_shot,CAMELS-BR,0.9187536014210199,0.9516365980460977,3.3686059401970554,2.1476541681492582,0.16576872655966682,0.0017173428735950819,0.974739661320994,4.794664715198145,4.21020999720757,0.3077773451805115,0.3050920367240906,188
64135000,persistence,zero_shot,CAMELS-BR,0.9461079538474039,0.8923402369358462,3.1496043311260453,1.1432988342296864,7.56062034666083,0.0039135501385771515,0.8944016014118701,8.612666016223248,7.037458824825927,1.0528781414031982,1.0775829553604126,168
64185000,persistence,zero_shot,CAMELS-BR,0.823205053080155,0.9103060687666606,1.7772324621543607,0.9309925297328404,0.02149032028560779,0.0014207687393754127,0.9738391658397474,5.582439847393894,3.4723905090180804,0.39015641808509827,0.37903136014938354,175
64190000,persistence,zero_shot,CAMELS-BR,0.8381950149386752,0.8722334373297941,2.108574637109528,1.2203510340223922,1.1154984447723417,-0.0006419484318804652,0.8914242350512411,5.012067570469261,7.816867359158263,0.3655029833316803,0.3936396539211273,188
64191000,persistence,zero_shot,CAMELS-BR,0.883750899797894,0.9400422078651698,1.1252403445898185,0.5894828503472465,-0.775305730914452,-2.0239369671840035e-05,0.9788122832756129,3.6750653653184497,3.174395760205024,0.3642096519470215,0.3452523946762085,175
64215080,persistence,zero_shot,CAMELS-BR,0.8320163961202836,0.9157374953365128,26.639735958055095,11.441489361702128,-0.6214624003696431,0.001019707355494611,0.9924635963102063,23.104833549137144,0.7071067811865476,0.10703477263450623,0.08696763962507248,188
64219080,persistence,zero_shot,CAMELS-BR,0.9742443168221836,0.9867960974573697,20.731330325854387,9.725851099541847,-0.2623533257243047,-0.0007720024188628809,0.9968230386624266,29.77112437260307,40.23450942028609,0.12067195028066635,0.12013973295688629,188
64219200,persistence,zero_shot,CAMELS-BR,0.4822596401156304,0.7145950684944966,101.5230431390908,64.71370453886934,13.814926865073005,-0.012002995119180116,0.8151777274098696,151.23558722597303,10.0830078125,0.21527718007564545,0.20272821187973022,91
64220000,persistence,zero_shot,CAMELS-BR,0.8826773532532223,0.9367584940101016,46.722990821244,21.02765955823533,-1.0823125712608823,0.0008396305091907252,0.9775134187068077,87.28000916590236,138.39978323682448,0.23250289261341095,0.21088998019695282,188
64220050,persistence,zero_shot,CAMELS-BR,0.6425220403041088,0.7272540734776275,23.046155472511565,10.51050070498852,2.546661107156439,0.001476815309910856,0.7522349768901221,71.16802112893426,61.8135991058039,0.15793174505233765,0.1346091330051422,188
64230500,persistence,zero_shot,CAMELS-BR,0.5405094861037654,0.7754375460997607,6.269485773090324,2.150734518880898,-2.087251161671007,-0.0016799965837250123,0.9216788721623829,26.40857617899056,41.83793383425552,0.5757562518119812,0.5081021785736084,177
64231000,persistence,zero_shot,CAMELS-BR,0.7469079171509139,0.8744105200881892,12.809251796961917,5.3756257968241945,-0.6488027570986864,0.003746821475682574,0.973334929795256,49.838842263899004,92.01654418939744,0.35735630989074707,0.41803547739982605,179
64240000,persistence,zero_shot,CAMELS-BR,0.411441132841569,0.7186114878472162,2.03666778416704,0.9641428470611573,0.03901665547032184,-0.001148535423494074,0.924541617994741,6.412117304945481,1.8199996948242188,0.43223488330841064,0.40316975116729736,70
64241000,persistence,zero_shot,CAMELS-BR,0.7142048234667527,0.7862364485465432,180.65385640042956,70.57638533910115,15.50812077982713,0.0009966477586174985,0.8287712364953347,479.1349209206949,656.2499389648438,1.1726356744766235,1.3520498275756836,36
64242000,persistence,zero_shot,CAMELS-BR,0.3661060905212399,0.6947820326557275,16.9337328493875,6.499797810899451,1.557094287663022,0.00030187950725029354,0.9477004388828156,55.81015472005945,77.86450988228788,0.46275970339775085,0.4917343854904175,188
64242200,persistence,zero_shot,CAMELS-BR,0.8897247125617134,0.8433279619240033,2.054241618634164,0.9355577256944444,10.354671043864368,0.0067619257974003005,0.8482927666338761,3.3527793850886773,1.5,0.5029401183128357,0.601821780204773,45
64245000,persistence,zero_shot,CAMELS-BR,0.7396080621760213,0.8582316383460016,17.262574881474556,8.010638318163283,0.4436961728576048,0.00047889975019336714,0.9204324911947482,55.172835957441784,72.18032973047436,0.363171249628067,0.3533606231212616,188
64247000,persistence,zero_shot,CAMELS-BR,0.8146585992305149,0.893231030446386,11.998459581353629,4.884658256736961,1.4087328090854676,0.0010436837953382988,0.9329218978388799,46.72473552883039,43.54173718996315,0.4011608958244324,0.3852565288543701,185
64250000,persistence,zero_shot,CAMELS-BR,0.7076257967118371,0.848535277626653,6.403610076137844,2.945904280277009,-0.4437036535562136,0.0006090083212165042,0.9752071780594235,20.889926369420028,6.063829011263155,0.4506959021091461,0.4750981330871582,188
64250010,persistence,zero_shot,CAMELS-BR,0.5825630261713781,0.793890806213233,6.127107568515822,2.448987680641725,3.3784948937903905,-0.00022801916106139283,0.9441494879036655,19.821375596037694,35.12298101143384,0.556058406829834,0.5838758945465088,187
64270080,persistence,zero_shot,CAMELS-BR,0.9165724593333503,0.9315641214166389,35.183301290736495,11.288758298184009,-2.4161904405710275,-0.0016140335494363375,0.9458662701114331,83.57680057565042,91.70320819796416,0.16266386210918427,0.18031629920005798,188
64273000,persistence,zero_shot,CAMELS-BR,0.8630339882895263,0.9285320231065183,76.32812725891088,40.24752109608752,-2.1939541981088877,0.0006254530733723253,0.9777280842005895,137.4500369103866,18.040255390448472,0.23439201712608337,0.2281070500612259,188
64275000,persistence,zero_shot,CAMELS-BR,0.784133247535598,0.8901820666138163,81.36942417633861,50.57340425126096,2.390975647057657,0.0010025977147201624,0.97530610859117,154.1486295754847,146.0975701372203,0.37957584857940674,0.35470935702323914,188
64278080,persistence,zero_shot,CAMELS-BR,0.6603393057195228,0.8099665145627868,74.29055291821886,43.1947870457426,-2.5857258090059276,-0.0011208314977199062,0.9217243480745575,150.35189644148133,317.57968182229115,0.17337054014205933,0.12641972303390503,188
64278500,persistence,zero_shot,CAMELS-BR,0.9665722845193832,0.9745338410996234,69.53707584393719,36.83342347109228,1.7583980286017087,-0.0008786678246618558,0.9802642151522343,161.20713649122425,21.56011800739446,0.23743608593940735,0.2244832068681717,133
64280000,persistence,zero_shot,CAMELS-BR,0.9451824206338705,0.9694260473476959,51.47507987377418,37.65934298900848,-1.2036515609730671,-0.0008205604592297494,0.9857461454363355,101.83427779995836,87.96571003406727,0.20559769868850708,0.2028682678937912,188
64290000,persistence,zero_shot,CAMELS-BR,0.7865708466193047,0.8910732635158466,0.9161760730577478,0.4720900971610267,2.3462136085693985,0.0014947960460576903,0.9624679695856668,2.673944849906404,3.534970614728538,0.30789998173713684,0.3084016740322113,111
64310000,persistence,zero_shot,CAMELS-BR,0.7886021816022704,0.8428567726501076,1.685114033135737,1.0806258648968814,0.44596028588705156,-0.000835772266372466,0.8680958161558974,3.966453815306849,6.231937962247513,0.31058213114738464,0.33256933093070984,178
64315000,persistence,zero_shot,CAMELS-BR,0.6991044396739006,0.8271550425734233,8.345172150586352,4.122514627133197,-0.4560774037758757,-8.944787532143977e-06,0.9311242346284925,25.693696386805026,51.816517404618374,0.3383335769176483,0.3407413065433502,171
64320000,persistence,zero_shot,CAMELS-BR,0.929952779072905,0.9623759908517454,6.318956419661103,4.1608777249113045,0.986381917428781,-0.001094730142576019,0.9857419858257477,15.685704258326737,20.159255775630132,0.23498845100402832,0.21697260439395905,188
64320010,persistence,zero_shot,CAMELS-BR,0.8673743006440898,0.8735728824658857,6.650673527400214,3.6094990577406554,-2.4851229906581005,0.0,0.8917829920061262,23.385594602380934,26.839121957612278,0.3055464029312134,0.31233641505241394,131
64323000,persistence,zero_shot,CAMELS-BR,0.8967665615491178,0.9451798858945764,8.56590571335364,4.7502127708272734,-0.4230384486107777,-0.0005824838954593941,0.9823651209141125,22.96463686216159,25.663198413440995,0.23130951821804047,0.22214116156101227,188
64327000,persistence,zero_shot,CAMELS-BR,0.5676648529678145,0.76844774368745,3.1125241463778437,1.3317880734153416,4.042458143550849,0.0014514344542545963,0.8500279093029208,10.792615646710773,21.750081451744784,0.30100351572036743,0.35033467411994934,184
64328000,persistence,zero_shot,CAMELS-BR,0.864714758065665,0.9297451553097552,7.701620551440077,4.10478191172823,-0.6664179675303377,0.0008642028752811823,0.9828177250272209,24.09575869313563,34.30122998859214,0.2999097406864166,0.29596900939941406,188
64328050,persistence,zero_shot,CAMELS-BR,0.9452123200269974,0.92863841801491,3.3391698108009678,2.0217368087768555,-0.32748318153235534,-0.0004228394956282619,0.9333503287629872,7.798056591757519,11.398361148951912,0.3147253692150116,0.2953854501247406,125
64332080,persistence,zero_shot,CAMELS-BR,0.7936536898404869,0.8503633288370588,57.69379288587098,24.250650041090335,-1.4321456542341704,0.0009915886408414084,0.8967415827182041,210.72769085517595,405.65705058204117,0.2066367268562317,0.2093830704689026,183
64333000,persistence,zero_shot,CAMELS-BR,0.8780486639757007,0.914754411004856,1.5292217153190586,0.7625425546727282,1.1394336342024942,0.0009417689885476282,0.9346996496036747,4.197468689665312,6.151923441689646,0.23756013810634613,0.2461286336183548,188
64334000,persistence,zero_shot,CAMELS-BR,0.7090722248875375,0.8526584434448296,3.967180318606352,2.9500614867295925,3.531012912867617,0.0015339840821579302,0.9392706253993668,5.046340921052443,6.138811494196709,0.35373684763908386,0.3443569242954254,179
64335100,persistence,zero_shot,CAMELS-BR,0.8707727305425954,0.9349291139772264,90.56028289798996,64.1680845301202,0.4943616355083257,-0.0024302305969154062,0.9931253628670658,106.22249778942059,66.2572067866927,0.27017536759376526,0.24683338403701782,188
64336000,persistence,zero_shot,CAMELS-BR,0.8835217985598296,0.8474900219461698,2.523492040360608,0.5636585101303531,5.448355530952465,0.0043363915168752876,0.8486903947970195,9.238679480140114,2.0999984741210938,1.7101777791976929,1.7242915630340576,82
64344000,persistence,zero_shot,CAMELS-BR,0.8736807373288425,0.9364640543658163,0.4772489224504521,0.1784184401762401,0.4905029467853654,-0.000558007815141804,0.99347885439261,1.6479178075090946,2.679482755680624,0.1935098022222519,0.22522889077663422,141
64345000,persistence,zero_shot,CAMELS-BR,0.9257079232511498,0.9417941851815559,1.5519919359031877,0.6645083747096567,-0.027387213952119068,-0.0006479524878575463,0.9549938101053768,4.4033953510323505,7.521166535156712,0.1549489051103592,0.1561678946018219,179
64345075,persistence,zero_shot,CAMELS-BR,0.9133150025166568,0.9489727652366136,63.06278675224973,39.78643673024279,1.9456933341054103,-0.0012190934814597116,0.9686315215634259,161.96196807333843,111.69698001004137,0.1827574372291565,0.17749707400798798,188
64345080,persistence,zero_shot,CAMELS-BR,0.9086348373522564,0.9484135435236398,70.11586562677292,44.93239885695437,1.9690515064377128,-0.0011365460541291512,0.9703365276511718,198.4012352828168,157.13474640288948,0.1889432966709137,0.1819313019514084,188
64346000,persistence,zero_shot,CAMELS-BR,0.7954002091197128,0.8949516300665701,0.9594150888722403,0.3641489287640186,-0.7981606641263798,0.00041310389214180895,0.9808111774209155,3.6641914133080955,5.536787125298896,0.11906123906373978,0.10950002819299698,188
64360000,persistence,zero_shot,CAMELS-BR,0.6101696600562517,0.7962271573583743,14.051446251440648,5.296374674404369,-0.26294339815663487,-0.0005394414130240645,0.960541220390721,52.34556106058882,93.44035810943811,0.49107396602630615,0.46995651721954346,170
64362000,persistence,zero_shot,CAMELS-BR,0.7906476550947403,0.876523221374075,32.25642135628096,13.180847888297222,-4.805429023088631,0.0017495449134434238,0.9350414690362835,118.23790854034529,178.68139076412723,0.7754681706428528,0.7648229598999023,188
64362001,persistence,zero_shot,CAMELS-BR,0.46862872100235475,0.5447139745510579,77.32572159183127,21.005887082644872,-10.37678984068612,0.0,0.669064721929689,326.2532515384237,562.5050177984648,0.8323923945426941,0.6864689588546753,168
64365000,persistence,zero_shot,CAMELS-BR,0.29360390081622145,0.37910760429306345,0.08976873932505385,0.016853932584269662,-15.086206180202982,,0.5022721188687166,0.3670967078141316,0.8199999779462814,0.6594827771186829,0.3807106614112854,89
64365850,persistence,zero_shot,CAMELS-BR,-3.627702304460139,-0.7868176649896867,2.3194566411784017,0.38943085163593927,35.716830538358224,-0.0035543599342928375,-0.7728731177453925,9.95746972281637,8.495012718534344,0.850959062576294,1.0667086839675903,188
64370000,persistence,zero_shot,CAMELS-BR,0.677563460455687,0.7114335083939596,34.777445833591344,12.328244675981237,-9.899547691772264,-0.0007635054350542299,0.768160102267165,135.52814931997779,203.73363641218216,0.5737940073013306,0.5106258392333984,188
64380000,persistence,zero_shot,CAMELS-BR,0.8012457659412724,0.8995500532791236,8.340184305242232,3.547286699426935,-1.0006803440694865,-0.003848853805914744,0.971407687071242,30.222336537903704,23.6424462283511,0.7011363506317139,0.7178659439086914,188
64382000,persistence,zero_shot,CAMELS-BR,0.8480155361799206,0.8982989438920088,41.586545089192455,16.32929025812352,-1.55761641057592,-0.0022053956072964308,0.9155532832165297,160.16632634702017,251.57797338932664,0.8860811591148376,0.8385498523712158,188
64385000,persistence,zero_shot,CAMELS-BR,0.7309408228870562,0.772092639896469,18.63779967782556,4.685410307414496,2.1920839759964976,-0.003304526187104029,0.7920325668042041,78.77642574030287,136.57982776299207,0.7095600366592407,0.7693184614181519,134
64390000,persistence,zero_shot,CAMELS-BR,0.4442512285910343,0.5779876068411575,47.51053267175363,16.413814633162982,-11.325361082023168,-0.0008568630935941457,0.7260084985951297,190.9062000209236,348.5399932861328,0.6941617131233215,0.6052239537239075,97
64391000,persistence,zero_shot,CAMELS-BR,0.8641332959448691,0.9118899536341508,34.67865022258122,17.004565744814666,-3.214370241764527,-0.0003910122677548006,0.945418025796726,74.65981613794673,59.0864746650397,0.5241307616233826,0.4421041011810303,115
64395000,persistence,zero_shot,CAMELS-BR,0.6666744512796743,0.791875661259389,3.238330038902514,0.7424348178117172,1.2394545317584713,0.0,0.8386981850211669,7.721553790886758,4.983792054591537,0.17137101292610168,0.1940365880727768,184
64429000,persistence,zero_shot,CAMELS-BR,0.7272854821150343,0.8640389900592105,0.423008710509763,0.17560053139211648,1.3420478448510966,0.0016384000551240632,0.9656753959313741,1.010189630644382,1.8680699295198255,0.7111560702323914,0.6953011155128479,188
64430200,persistence,zero_shot,CAMELS-BR,0.5318626374421211,0.6118997179113945,5.204931513018395,2.32090590726883,14.729589777981777,-2.1368527044027252e-05,0.6325897685813562,14.425585300108503,9.901665945293777,0.6307606101036072,0.7411060929298401,187
64440000,persistence,zero_shot,CAMELS-BR,0.8525819603873446,0.9191344573205078,7.349154039794388,3.380904195156503,-2.052330731734457,0.0006506939953602429,0.9689928880151278,27.3702207365882,42.720018726587654,0.5219946503639221,0.5217726230621338,188
64441020,persistence,zero_shot,CAMELS-BR,0.8019777796153802,0.744593673798237,1.9096801502104102,0.9219856773103986,8.98471339823062,0.004917230408526714,0.7457483211004707,5.274462223004676,8.939399719238281,0.6553403735160828,0.7280805110931396,28
64442000,persistence,zero_shot,CAMELS-BR,-0.0779634576643129,0.2887509924933689,0.14139125538958106,0.037400000988570756,-6.131844567984538,,0.7517842039849936,0.46008801685758915,0.8500000238418579,1.5061708688735962,1.3479076623916626,43
64442300,persistence,zero_shot,CAMELS-BR,0.13970951873958293,0.5242226868989874,4.323285757424127,1.924000072479248,-13.543909015894206,0.010606568956615197,0.8254778313926553,16.21999979019165,16.21999979019165,0.46821409463882446,0.6278254389762878,15
64442800,persistence,zero_shot,CAMELS-BR,0.9711210646432566,0.9821798602874101,3.5148393924191765,1.9869324159114918,-0.10772531382387329,0.00035007961160586284,0.9888282788186071,9.70673763737585,15.668091589657415,0.48212823271751404,0.48246002197265625,188
64447000,persistence,zero_shot,CAMELS-BR,0.9874838452938458,0.9929805704303469,12.64900045523527,8.50696891419431,0.1926119793612787,-0.0006908739088548714,0.9966814545256978,27.487377417847274,16.481248072970647,0.3040230870246887,0.31186679005622864,188
64447500,persistence,zero_shot,CAMELS-BR,0.9580486956453443,0.970416663507231,20.630518483637854,14.379811556834095,0.6157233079170085,-0.0006920906206059636,0.9778632862262508,19.829894661598715,15.75,0.3435327410697937,0.3487134277820587,53
64449570,persistence,zero_shot,CAMELS-BR,0.45272732790500647,0.7371820927171815,1.341783517535121,0.8722033500671387,0.644482169377435,-0.0011132561029487884,0.9244357456577895,3.636312145245444,2.130000114440918,0.3872954249382019,0.4149310290813446,59
64450002,persistence,zero_shot,CAMELS-BR,0.9240598506622255,0.8152661775055033,2.495614566114879,0.4408490342913933,-1.6920972551082267,0.0015154658442765,0.8154010432113891,10.352695745505953,17.92609627535634,0.32816049456596375,0.2679453492164612,106
64452190,persistence,zero_shot,CAMELS-BR,0.901428995417999,0.9066678594649116,2.4147486351472662,0.8775135706452762,2.598733304758782,0.0003377392402712509,0.9162559468819857,9.141297168680758,10.72056273459758,0.400238037109375,0.42512205243110657,170
64453000,persistence,zero_shot,CAMELS-BR,0.9479677570210309,0.9714004582541741,2.5802114420656945,1.0906011266786544,-0.23677219925802023,-8.877685112589247e-05,0.9867921281840178,3.7291418103861904,3.6650028548301115,0.2536337077617645,0.25761473178863525,183
64460000,persistence,zero_shot,CAMELS-BR,0.6585529895798985,0.8186247626743826,11.391699309033557,4.554309508630207,-6.402621707261492,-0.0008196467812711626,0.933633233840013,42.51242844939415,64.50393058767845,0.601815402507782,0.6026997566223145,168
64464995,persistence,zero_shot,CAMELS-BR,0.9187663679101301,0.9569906218264318,43.08225335095175,16.654166106021766,-1.0049325503914466,-0.00021719225706782683,0.9862994934007179,151.81457137498361,35.60766638171813,0.36776092648506165,0.35925358533859253,132
64465000,persistence,zero_shot,CAMELS-BR,0.9205533356627981,0.9529853729443168,41.90882224864232,16.506489439213528,-1.7734700450467036,-0.00019434041012757544,0.975202714765013,136.12624335365277,34.16613266939066,0.3744560480117798,0.36759769916534424,188
64475000,persistence,zero_shot,CAMELS-BR,0.9624498557948996,0.9755574074597811,3.1937905118685954,1.7598935593949987,1.2234099842180697,0.004077030604346436,0.983534599048692,9.562531517226327,13.734810602182932,0.4860999286174774,0.4958362877368927,188
64476000,persistence,zero_shot,CAMELS-BR,0.9603555901161228,0.968416788464167,3.793176846540505,1.979265659542407,0.5377361903234567,-0.0009917523234941987,0.9742632869905933,12.845364052904339,5.385164807134504,0.4779665768146515,0.4956805408000946,177
64477020,persistence,zero_shot,CAMELS-BR,0.8524480097500327,0.9242902771573291,1.372240173095138,0.7049468058220884,1.4674191904670733,0.00039758794451213997,0.9820886380709962,2.318825972195149,3.01204200802474,0.5485059022903442,0.5230959057807922,188
64477600,persistence,zero_shot,CAMELS-BR,0.9566176564996245,0.9658268479480746,8.285943830249678,4.302449142679255,0.9263656993536794,0.0013902851382512817,0.9704681070373667,28.029419311572536,21.582720599244738,0.4807884395122528,0.4830845892429352,188
64480000,persistence,zero_shot,CAMELS-BR,0.9619236903309634,0.9730434932087566,4.332814534620205,2.5029254441565656,-0.532475055968059,0.0017445413684721196,0.9803858126350592,13.170269200521885,17.67766952966369,0.39550039172172546,0.40286773443222046,188
64482000,persistence,zero_shot,CAMELS-BR,0.9250006633268627,0.937133130189453,57.732073017896354,25.822721565470975,0.10855058385869246,0.000812123000948687,0.9471017805337415,101.28382291383738,94.49235200276274,0.3512023687362671,0.36069193482398987,136
64490000,persistence,zero_shot,CAMELS-BR,0.9681679387584624,0.942513077770021,45.05674142266702,19.80159568786621,1.1080436109300567,0.001956819657403616,0.943867084056808,167.67319404126587,226.7917547002095,0.3685847222805023,0.4081248939037323,188
64491000,persistence,zero_shot,CAMELS-BR,0.8482741908432808,0.8683215874670949,29.687384440905035,9.569371377955601,-1.5046478456598946,0.0006218843672979139,0.8865588049426546,118.67008124342735,246.963063144205,0.24225778877735138,0.21652105450630188,179
64491260,persistence,zero_shot,CAMELS-BR,0.5272054350192239,0.7699244904640281,5.3063219004693485,1.643186825153592,1.9048230044340526,0.0025192088370025595,0.943011468591863,21.41210567707475,26.534405692061597,0.7424370646476746,0.7619670629501343,182
64494000,persistence,zero_shot,CAMELS-BR,0.7239337548850927,0.8314209033840618,3.162022329063214,1.315222961762372,2.1096574022290904,6.719472161127726e-05,0.8764696428981846,9.773323767875242,17.10182779704973,0.3153528869152069,0.34771040081977844,170
64494950,persistence,zero_shot,CAMELS-BR,0.7106436214258339,0.739281224452851,11.699707371542974,3.678297848143476,-3.33602178759425,-0.0018620139269287985,0.7897520892300504,46.000122147928714,81.0380968744909,0.6130721569061279,0.5755125880241394,188
64497000,persistence,zero_shot,CAMELS-BR,0.8399130029178622,0.9180236838455699,3.9603521570479865,1.6208771753032305,-0.8624528109075723,-0.0026635226823971507,0.9818376546151458,12.913558944440794,19.978613378390243,0.28637003898620605,0.2870383858680725,171
64497010,persistence,zero_shot,CAMELS-BR,0.6421689679654361,0.8241992593432487,1.859382189280503,0.7057246372670584,0.14158812364157206,,0.9606339498579884,5.915252480776957,7.007428093662754,1.016160488128662,1.0376384258270264,138
64498550,persistence,zero_shot,CAMELS-BR,0.8465022977401178,0.9198240790815827,102.25161588974645,39.21666667959784,1.0459754048679895,-0.0014168426684887346,0.9747212096319339,352.22397361306173,713.1561740548349,0.42047974467277527,0.4014120101928711,177
64500000,persistence,zero_shot,CAMELS-BR,-2.612458589504798,-0.3912284147913039,11.515237769796961,1.6013422164340947,53.72207343250776,0.0014784884471626758,-0.2989335772505197,46.70249375302259,9.54803576416301,0.8407421708106995,1.2740529775619507,149
64501000,persistence,zero_shot,CAMELS-BR,0.9130302906457687,0.871194754950217,73.72317866451782,39.90231181205587,1.622924533117161,0.0003025108901991147,0.8750818854679628,207.08419642558232,282.41085573552186,0.3072705864906311,0.37015578150749207,188
64501950,persistence,zero_shot,CAMELS-BR,0.2709129486178986,0.5705488064226178,9.312042817075461,2.8050000188143356,-4.473587370546747,0.0,0.8584143122573707,30.01655894503932,64.47811085121923,0.5323293209075928,0.5374314188957214,184
64502000,persistence,zero_shot,CAMELS-BR,0.8966015811268716,0.884275544834816,2.928726904101083,1.18388884862264,3.3278769666028576,-0.0006418241817022392,0.8915843721268101,8.486579471662742,13.199996948242188,0.34175461530685425,0.37561875581741333,90
64504100,persistence,zero_shot,CAMELS-BR,0.6032463453396796,0.7999455930514674,0.10272450344077416,0.05312606319785118,0.8918475385482583,0.0,0.9077701585666086,0.2693472100038942,0.4311190043361564,0.23820890486240387,0.25267040729522705,188
64504210,persistence,zero_shot,CAMELS-BR,0.9336725345391298,0.9014780256881343,68.14070693487469,32.714626920984145,2.574129441198496,-0.0012982771166360103,0.9043012792161172,230.9959127105622,195.2346964514438,0.35291585326194763,0.3588416576385498,188
64504450,persistence,zero_shot,CAMELS-BR,0.775197059550291,0.7132354649284685,1.948498544678715,0.45585713284356255,6.296184395286412,0.0,0.718706519545522,6.64490722362017,12.60089320241214,0.30357372760772705,0.4090576767921448,175
64504500,persistence,zero_shot,CAMELS-BR,0.6942662524177251,0.8466824298321874,3.0619696820121156,1.0877659599831764,0.9526738479282956,0.0008048271684583212,0.9863376432779314,7.644331622524256,10.976347610913693,0.2118213027715683,0.22985367476940155,188
64504550,persistence,zero_shot,CAMELS-BR,0.6485983915692851,0.5966816336274363,3.436260893925847,1.0499999924347951,-5.477815863801874,0.00197894263072833,0.6245779806554647,12.810685349801645,21.269548155500782,0.45603811740875244,0.39584407210350037,104
64504581,persistence,zero_shot,CAMELS-BR,-1.5034667956547416,-0.46507904777674325,0.5743716923259676,0.08573863469064236,7.291580507546836,-0.0013792968178992712,-0.4644858170908117,2.1820403291226795,4.3431632068970165,0.19377851486206055,0.31482914090156555,176
64504587,persistence,zero_shot,CAMELS-BR,0.46404926106178546,0.693059748818083,0.04869324137385835,0.026111111044883728,-3.475829033390577,0.0,0.8729679104022906,0.14281106647214437,0.22499999403953552,0.2157410979270935,0.21854303777217865,63
64504591,persistence,zero_shot,CAMELS-BR,0.12369293860074793,0.4086163486924438,1.1862276412227581,0.32731470290352316,-1.4013100861224945,0.0011861723464071626,0.7524504281042901,4.646248432325125,8.757878757470081,0.2884848117828369,0.2927747368812561,136
64504598,persistence,zero_shot,CAMELS-BR,0.9685093796154024,0.9325681205392105,0.2282481670342228,0.09369280836940591,-0.005895828845485345,0.0032952730416249756,0.9336566152955142,0.6986197031182757,1.4519815053314031,0.2457895427942276,0.25109076499938965,153
64504700,persistence,zero_shot,CAMELS-BR,0.8770391862302823,0.9120872249367771,167.09146589514938,54.15744675981237,2.902249030316348,0.0003910122677548023,0.9274912588905515,677.0699373033779,958.7264990600812,0.3717217743396759,0.3884107172489166,188
64506000,persistence,zero_shot,CAMELS-BR,0.6741906373326576,0.7745396567655243,169.70656702653315,58.98229485369743,-3.382141708061165,0.0019358469576279975,0.8596740860133725,696.850880628127,1370.7980173119486,0.3374668061733246,0.2845853865146637,188
64507000,persistence,zero_shot,CAMELS-BR,0.7590434808001494,0.870440518218595,163.88473379030808,66.95598269523458,-2.6127111318659058,-0.00026902368759311283,0.9591300616522844,574.8450757255772,231.5936618827959,0.38905197381973267,0.3938177525997162,188
64507100,persistence,zero_shot,CAMELS-BR,0.29327080734348454,0.6472869173990698,1.5028722237002874,0.5043086667699138,3.8748559471802513,0.0013107111634993729,0.766361379217527,5.286930786046654,5.245484338279187,0.48741161823272705,0.5432037711143494,127
64508020,persistence,zero_shot,CAMELS-BR,0.6732958656442676,0.7580043621918845,15.504399931160139,5.0440069183390195,-2.5419644694990984,-0.00010549997254442542,0.8288811522891902,54.29180589854831,102.42330577619036,0.5345215201377869,0.46894505620002747,188
64508500,persistence,zero_shot,CAMELS-BR,0.7019031974213548,0.757756494361077,6.398935909608549,2.1872940576859636,-5.401781900458624,-0.0007906465901698391,0.816204107765266,24.15689946175166,41.69084279127355,0.4649322032928467,0.4078540503978729,137
64514500,persistence,zero_shot,CAMELS-BR,0.1196754563894522,0.4783691011118575,0.007440237925126169,0.0039285713407610145,11.11111111111111,,0.7834714617381068,0.014999999664723873,0.014999999664723873,1.5555554628372192,2.0,14
64515000,persistence,zero_shot,CAMELS-BR,0.9678953190100285,0.9783393727173568,244.7473838775271,120.25,-0.4889895070239667,-0.0023760575289525528,0.9848057374310702,628.5166664456879,461.32201334859366,0.31160372495651245,0.3046706020832062,188
64515920,persistence,zero_shot,CAMELS-BR,0.0658489866931048,0.17029125738439288,4.39543832073834,1.0045238165628343,-5.081686876414874,0.00017625788876341614,0.45762012588921963,17.63427943504245,38.90999937057495,0.2633970379829407,0.19395031034946442,84
64516080,persistence,zero_shot,CAMELS-BR,0.7989133208763142,0.8845132529889046,284.9071143895625,154.0744680851064,-3.5052463390930506,0.001919311581643695,0.9438154027798498,943.5194221636352,1623.1082835103762,0.20604029297828674,0.1891440898180008,188
64517000,persistence,zero_shot,CAMELS-BR,0.9084121580984406,0.8970873381144396,430.28989054110815,196.63914262487532,5.033122189686247,-0.0007847191045509804,0.9042473104143745,509.9709070405399,921.4433076845363,0.2969806492328644,0.3210561275482178,188
64529900,persistence,zero_shot,CAMELS-BR,0.8734803824541443,0.9326455255555857,0.24848373634901283,0.06842777940134208,1.7063127311365198,-0.0014516524702337039,0.9778695498482028,0.46956882227585023,0.837072994890863,0.1294948160648346,0.11586546152830124,144
64530000,persistence,zero_shot,CAMELS-BR,-0.24956406784824625,-0.01148377941168488,0.15297058642086783,0.043999999250684464,-3.333333480045379,0.0,0.5757866960551397,0.4345293927454863,1.1768602499794696,0.222222238779068,0.12068964540958405,175
64535080,persistence,zero_shot,CAMELS-BR,0.7788049380557572,0.8723228851064705,156.61634226148882,89.43935814515793,-2.128374737703386,-0.0005105793305926736,0.9430280831876077,190.0652837596043,125.67489884854368,0.198952779173851,0.1847238838672638,187
64541000,persistence,zero_shot,CAMELS-BR,0.17151976081335707,0.19858034175582717,17.407321838187414,4.844134481878228,-10.064362227163958,0.0005850711047771743,0.40482960711606175,70.12074981257398,149.5685766149038,0.581063449382782,0.4629838168621063,183
64543000,persistence,zero_shot,CAMELS-BR,0.6550930811093041,0.8156497304755929,22.17673547459268,10.395826223622198,-2.4408101447775374,-0.0014092101658655723,0.9520054042048809,60.233352105519764,42.30863011839455,0.38905033469200134,0.36260873079299927,115
64544000,persistence,zero_shot,CAMELS-BR,0.5347579775640967,0.725532736176864,0.19858307692156152,0.07921686517186911,4.065998088077588,0.0,0.7853782283737232,0.14274099250073705,0.0,0.25928109884262085,0.2785957157611847,83
64545000,persistence,zero_shot,CAMELS-BR,0.19586716145195626,0.42855809297140846,178.9322497483335,68.25,-10.547504025764896,0.0003673139555256033,0.6920654012942333,597.0,597.0,0.5676328539848328,0.3762376308441162,12
64545700,persistence,zero_shot,CAMELS-BR,0.9303377809601545,0.9508447105290757,0.3439791628379994,0.10209789809647139,2.0596209660182,0.0,0.9604637835223386,1.2544918040703437,1.6140007487299726,0.4238482117652893,0.4243229329586029,143
64546900,persistence,zero_shot,CAMELS-BR,0.24478381638820035,0.5598824836264831,5.6655217903341555,2.0294207294335527,-1.7907916787470008,0.0,0.8736335912419355,20.731710376645186,32.437805291399336,0.212728351354599,0.17260830104351044,178
64547000,persistence,zero_shot,CAMELS-BR,0.8945701854685608,0.8822379019110878,1.3660735703623592,0.5628570829119001,-2.765372940793648,0.0015341051848519575,0.8903637946452712,3.1800003051757812,3.1800003051757812,0.10425972193479538,0.05997173488140106,14
64550000,persistence,zero_shot,CAMELS-BR,0.9147736300698271,0.9165131319503157,12.605689554509365,5.979541469552664,2.1210986624490205,0.0003067296632448197,0.9244918080364938,34.97978863453101,15.844566479786776,0.21878619492053986,0.2659960687160492,179
64560000,persistence,zero_shot,CAMELS-BR,0.4762087882877757,0.6988419132993626,17.328124433281634,6.001625000162328,0.09935242309418973,0.001076942000729544,0.8978371475764639,63.37732296818639,115.57548610805829,0.2446717917919159,0.2362743318080902,188
64562000,persistence,zero_shot,CAMELS-BR,0.8431692212614724,0.8938089283375612,1.3867846883759205,0.8445906612899278,-0.24293006304329878,0.00040929984480284846,0.9313133812844403,3.350809694821117,4.2409251603533615,0.2128036469221115,0.2052696943283081,182
64565500,persistence,zero_shot,CAMELS-BR,0.5556420724033319,0.7709695916360778,3.4134518653895576,1.4320780038833618,2.7012131219022386,-0.00038590704161397746,0.8687880065486495,6.943105437378122,6.970744089063676,0.23097021877765656,0.25355878472328186,154
64571080,persistence,zero_shot,CAMELS-BR,0.7270746451282522,0.826206655387641,168.91576591076563,93.96347062758979,-3.1399396807662927,-0.0027458321366334824,0.9005698325619201,334.27572441919347,438.477479467304,0.19899727404117584,0.17435044050216675,181
64575000,persistence,zero_shot,CAMELS-BR,0.9018698305583907,0.9386187907033557,496.1888768071376,380.98694061814695,-0.8412978585231474,-0.000660587447218833,0.9628872261368581,779.1078619750797,1001.8800533053011,0.11023052036762238,0.1057567372918129,114
64575003,persistence,zero_shot,CAMELS-BR,0.9242924006766959,0.9584751100180857,551.3602204855212,318.04355256453806,1.9554239156448554,-0.0006699574363221543,0.979239072206158,770.3735812688958,435.1521622788696,0.12867368757724762,0.15202610194683075,184
64601000,persistence,zero_shot,CAMELS-BR,0.897527655209516,0.910431636862602,7.674248619136743,3.0638419719452554,-1.0434465036726064,-0.0008296352573759387,0.9269057619984353,28.85858986974574,12.65979650888069,0.2888142466545105,0.257796972990036,188
64605000,persistence,zero_shot,CAMELS-BR,0.7413826413445723,0.8538845041661702,14.67261686606767,8.28448302170326,3.572111903179337,0.0021315452277278317,0.900743300058603,8.812869377601524,13.0,0.26492437720298767,0.26922690868377686,58
64608000,persistence,zero_shot,CAMELS-BR,0.1358107742967828,0.5216170420956494,12.344351973152808,3.018840383976064,7.48511814832065,0.0012425970203325566,0.5886950230668133,13.98223858268221,18.330313444129892,0.3235190510749817,0.4338674247264862,188
64609000,persistence,zero_shot,CAMELS-BR,0.8899703424013494,0.9413569666263828,11.496037788134617,5.583856956378834,1.2787608481011798,0.0014904945652634005,0.9751293933043872,34.51942727365709,20.43522414698483,0.27106839418411255,0.2577936351299286,148
64610000,persistence,zero_shot,CAMELS-BR,0.9273265728410871,0.9390556452931351,10.670829039589396,5.512835765448142,-0.11720813332584222,0.0022109976115185503,0.9511788351670591,28.523068547526613,52.42939950921722,0.22688934206962585,0.20054322481155396,127
64611000,persistence,zero_shot,CAMELS-BR,,,2.1240997314453125,2.1240997314453125,2.1892518201826983,,,2.1240997314453125,2.1240997314453125,,,1
64613000,persistence,zero_shot,CAMELS-BR,0.8674337171131603,0.9254372451401629,9.566850796682056,4.576693612596263,-2.3395895904385027,-0.0019969276004034395,0.965586017243248,30.9191529813677,9.303382969558514,0.4311445355415344,0.3939337432384491,184
64613800,persistence,zero_shot,CAMELS-BR,0.8391640411359619,0.8120463805041311,10.88819292419277,5.312290901833392,-1.8885480409097912,-0.0008829279370421578,0.8276997122659617,40.83500751942423,72.12278615658529,0.28016605973243713,0.23232978582382202,188
64614000,persistence,zero_shot,CAMELS-BR,0.9938340694939305,0.9920047965728084,13.94446879328393,10.630013427734376,0.25914211288339584,0.0007903703007412291,0.9925763347287847,15.370098494466186,1.7670332606274912,0.20161885023117065,0.2024678736925125,150
64617000,persistence,zero_shot,CAMELS-BR,0.9790017201666471,0.9848478004034992,29.376376955191283,18.211149662098986,0.43694372875549237,0.0003432365944382454,0.9888509634030817,42.09946336262973,63.1291527341137,0.22025203704833984,0.21177932620048523,188
64618000,persistence,zero_shot,CAMELS-BR,0.7612271867223913,0.8580120888198454,2.3184532758705623,1.0325762629508972,-1.0214038744886818,-0.0005952608059192335,0.9313184161189072,8.022166231128042,13.876390955297714,0.15504090487957,0.15160228312015533,160
64619000,persistence,zero_shot,CAMELS-BR,0.8133107382514236,0.8838918762193971,24.907845760127188,9.417844782070238,-0.9212486254534402,-0.0018671499167659533,0.9257977752346952,85.5688810009095,144.45199584960938,0.8500357866287231,0.952656090259552,49
64619950,persistence,zero_shot,CAMELS-BR,0.8005363894352735,0.8870485831818617,23.32110138368227,7.720338486610575,-3.8360842411979883,0.00421618031611358,0.9395024390947354,94.35596991299141,146.0555025225493,0.9866729974746704,0.9262462854385376,188
64620000,persistence,zero_shot,CAMELS-BR,0.8389118532594082,0.9182574781258658,11.720851172155506,4.615106984655908,-0.6831364328538341,-0.0015949364733770337,0.9745446225221388,40.91120273226554,33.44206761692229,0.8067743182182312,0.7817750573158264,188
64625000,persistence,zero_shot,CAMELS-BR,0.542543290089578,0.75405429958107,65.8108458546746,21.628890402773592,-1.0163626709375537,0.0024315574404643533,0.8121405840732003,265.1169220080898,402.68862230493124,0.8300270438194275,0.8285651206970215,188
64630000,persistence,zero_shot,CAMELS-BR,-3.1984313716133714,-0.8482536326462655,44.49957128301784,11.99438554362247,50.39072954976952,-0.002321614938708756,-0.8459874597756456,163.64107405031496,323.9199905395508,0.7220298051834106,0.9292622804641724,57
64630100,persistence,zero_shot,CAMELS-BR,0.6113251948787567,0.8012551504539981,5.0177926514584295,2.167530788389664,3.2185067788439765,-0.0015812376599359385,0.9036405560685006,17.93207882817381,24.61119357509328,0.5505764484405518,0.5491259098052979,179
64630500,persistence,zero_shot,CAMELS-BR,0.6524148926862627,0.795728779756911,260.7635272661182,98.20302134619227,-8.271166807841132,0.0027595039586885348,0.9027562178573106,971.9484870956927,1581.1291479381805,0.739986777305603,0.8291472792625427,182
64634000,persistence,zero_shot,CAMELS-BR,0.7663392700628621,0.867081861205444,0.28134904353444623,0.09701818351944287,0.9432436156732555,0.004683363702831803,0.9447490880841544,0.9027701167156655,1.7868000268936157,0.5371935963630676,0.4944703280925751,66
64637000,persistence,zero_shot,CAMELS-BR,0.7631412461887979,0.8521113589937058,1.9966727519288956,0.6847554380479066,1.517016379761949,-0.0003593568548733387,0.9047153146956427,7.3171319174087595,13.336135113452194,0.35794520378112793,0.3560546338558197,184
64640000,persistence,zero_shot,CAMELS-BR,0.8209129166238109,0.8836106688497161,52.26589061427247,20.710893630981445,0.38482356099798976,-0.0005715718767544224,0.9115326841017424,209.1564663777811,232.06615720958285,0.4790872633457184,0.4650801122188568,179
64645000,persistence,zero_shot,CAMELS-BR,0.808690137156934,0.7233103366523028,102.31070699737516,35.17978386700472,8.151675465723795,0.0012667349304280803,0.7271705985274848,412.7099790773716,605.7790703776595,0.689129114151001,0.795159101486206,187
64647000,persistence,zero_shot,CAMELS-BR,-0.07412299994562588,-0.4624412497554704,8.153595308997923,2.135555648141437,-70.95546295957959,-0.003476611312368018,-0.11454522111111731,34.5400013923645,34.5400013923645,0.956604540348053,0.8519004583358765,18
64652000,persistence,zero_shot,CAMELS-BR,0.560484294417062,0.5943452684110894,77.03570737759946,24.624314071142184,-11.87430330789511,0.0009204196323935841,0.676312258587948,307.20006802216716,379.3626772017034,0.9816211462020874,0.8105975985527039,171
64655000,persistence,zero_shot,CAMELS-BR,0.7493907286612899,0.8469854315234924,181.54917740117372,65.28500325884139,-1.036571867696816,-0.0006943757184616275,0.8855822254490155,697.0442644260879,1109.5656399806933,0.75962233543396,0.7524731755256653,175
64655400,persistence,zero_shot,CAMELS-BR,0.630270728518707,0.8169858351271333,6.004895911314066,2.1581159190855166,-0.16310864739351538,0.0016269946393934875,0.9372016228335996,21.15067982494161,33.16000175476074,0.39038026332855225,0.3213443160057068,69
64658400,persistence,zero_shot,CAMELS-BR,-196.0695197562979,-12.84941839754368,11.473961172539171,1.3041935274918233,329.13602306690314,0.0,-12.84080868469686,50.44764510707876,96.4829495593085,1.0716910362243652,1.7314199209213257,155
64659000,persistence,zero_shot,CAMELS-BR,0.5803628310615301,0.651238146655756,109.07313089997258,32.6358831776513,-13.650412700101057,-0.002737807678430921,0.7396840395492861,457.2968241500641,793.8854704452492,0.9976158738136292,0.9234085083007812,180
64660500,persistence,zero_shot,CAMELS-BR,0.7989749865558908,0.8147818437848086,189.45206903026323,62.345139939734274,3.7845734995664433,-0.0005878896255070397,0.8261098724526132,731.4040316801716,1340.0150147226811,0.7126933932304382,0.7164120078086853,188
64670005,persistence,zero_shot,CAMELS-BR,0.3956277805790097,0.7035195747214802,0.8591471703074159,0.3016919331845417,1.8734694260287148,-0.0010997412192449135,0.8385865856638868,3.1121343525366294,4.221573054961098,0.2809852659702301,0.36157581210136414,186
64670012,persistence,zero_shot,CAMELS-BR,0.8649940019051057,0.9320197985919896,2.877389250278488,0.9754857240404402,-0.1602293146210729,0.002086113493504748,0.9855526567158178,5.063156534121546,1.788855234992275,0.21539613604545593,0.201107919216156,175
64671000,persistence,zero_shot,CAMELS-BR,0.9205310016569477,0.9356766553207326,4.193601696352607,1.919382753195586,1.9428057902260882,0.0,0.9464222786575769,11.093491856000291,8.823265194785371,0.2446373701095581,0.2779523730278015,162
64671600,persistence,zero_shot,CAMELS-BR,0.881345599381056,0.8733840832416593,3.501803819221396,1.7382312777901994,5.286031042174085,0.000518131642492075,0.8815501788196058,4.622530065791615,5.672587958257182,0.19993600249290466,0.2337034046649933,147
64671950,persistence,zero_shot,CAMELS-BR,0.6877624076143865,0.7153181173930773,0.36927684889073514,0.07820792127363753,-3.2816987827598005,0.0,0.7687138659324647,1.4721506501718573,2.417249000731126,0.281910240650177,0.20378194749355316,101
64672000,persistence,zero_shot,CAMELS-BR,0.20350581980321414,0.6042758354676201,0.8510107127482673,0.34535715196813854,2.428397507226268,0.0,0.7140087852344372,2.291600557867262,1.7219173890035118,0.2613570988178253,0.2953834533691406,112
64673000,persistence,zero_shot,CAMELS-BR,0.5094552967617003,0.6045293077988434,38.89637711018551,8.555860836455162,-4.533402329373475,0.002833076583019477,0.7204908720800989,165.2833807823963,356.313503411782,0.5405827760696411,0.45460212230682373,188
64675002,persistence,zero_shot,CAMELS-BR,0.6839022959645356,0.7822383541970934,289.4969702520345,78.75213765083475,-4.053314970317041,-0.0020963807715618198,0.865177214289591,1197.7443694057547,2382.1625296276025,0.6685745716094971,0.6285058259963989,188
64675240,persistence,zero_shot,CAMELS-BR,0.935148239158734,0.8976423973806603,0.4579441482157476,0.20564102209531343,3.625456531990535,0.007950430693531758,0.8995264087912216,1.1200001239776611,0.0,0.1377151608467102,0.1912911832332611,39
64675300,persistence,zero_shot,CAMELS-BR,0.34712923395179396,0.3750266362729896,0.10963576585196158,0.034999999403953555,4.840940430376202,0.0,0.37502663627298993,0.46000003814697266,0.46000003814697266,0.13139691948890686,0.19393137097358704,20
64675800,persistence,zero_shot,CAMELS-BR,0.9077370906253568,0.9511973731108808,0.022217493750127673,0.006170212964903801,-0.1204819351057257,0.0,0.9854512658182356,0.03741656805328595,0.08485279604070933,0.0807228833436966,0.10012061893939972,188
64678000,persistence,zero_shot,CAMELS-BR,1.0,1.0,0.0,0.0,0.0,0.0,1.0,0.0,0.0,0.07665503025054932,0.07665503025054932,23
64680000,persistence,zero_shot,CAMELS-BR,-0.4720633218687409,0.2572127830148032,9.81550580579839,2.793548386584046,9.265384052523665,0.00041407066088087856,0.3172662457820977,38.32811020783403,42.95400329030276,0.3089582920074463,0.385125070810318,186
64682000,persistence,zero_shot,CAMELS-BR,0.8148535542423173,0.8726146316331049,1.686061869913897,0.8822425502411863,0.7583987050471291,-0.0007032909616006165,0.9004387485691066,2.423770631532239,3.3923420301144662,0.2196170836687088,0.21402040123939514,188
64685000,persistence,zero_shot,CAMELS-BR,0.8735976096444832,0.8170041989660087,205.87886846188846,80.52362600285956,2.6559863126845906,0.0004859790330482179,0.8212185574629144,768.0547011843955,1012.1412678462166,0.5520313382148743,0.6451767683029175,188
64687000,persistence,zero_shot,CAMELS-BR,0.8516352276164729,0.9178031565032818,0.03713417897243699,0.014210525311921773,0.45558081368888054,-0.00015991063450638068,0.9673926326560867,0.09402126883782047,0.07999998331069946,0.08525869995355606,0.08940718322992325,152
64689000,persistence,zero_shot,CAMELS-BR,0.9442336198411938,0.921484589946552,132.48590456838056,66.22777811686198,1.711149392187951,0.0006581736638348878,0.9247487095409782,365.70007693103344,463.3890088420697,0.4377700686454773,0.44882267713546753,180
64689005,persistence,zero_shot,CAMELS-BR,0.8614960409819143,0.9162234699848523,148.28803144788392,71.02457712051716,-2.031935524459815,-0.002282011511105372,0.954394029490881,472.28597791316594,625.8650241571139,0.47553715109825134,0.4685104787349701,188
64689800,persistence,zero_shot,CAMELS-BR,0.868669518076768,0.8515617498554191,0.054934308591654366,0.019333335260550182,1.3472790232723455,0.0,0.8583607995750021,0.10411533512049716,0.24041632920566133,0.10299593955278397,0.11841876059770584,180
64690000,persistence,zero_shot,CAMELS-BR,0.7619488585638714,0.880583624071695,220.48557745728817,97.67465875503865,1.107540189160331,0.0014003572292804398,0.9626089547999022,815.8579240843368,836.2617603304718,0.44307568669319153,0.4428916275501251,188
64690200,persistence,zero_shot,CAMELS-BR,0.9138307937549108,0.9564811960930655,0.04844433262963646,0.019720280608097156,0.7739939603047824,-0.0015543430859714536,0.9912834460115544,0.09213517054756332,0.11401755662463138,0.08668728917837143,0.11152072995901108,143
64691000,persistence,zero_shot,CAMELS-BR,0.27668879890028997,0.40116899287675334,4.250882307773132,1.744444485063906,-15.356772936308522,-0.0024255381399296144,0.5809528980574747,15.002999794454867,17.700000286102295,0.633919358253479,0.5400122404098511,27
64691040,persistence,zero_shot,CAMELS-BR,-0.007305808358940125,-0.2595463931221045,0.4833423115501488,0.08020833088085055,-13.136531140370865,-0.0022456967213213682,-0.027020171396208825,1.2577261196285732,4.699999988079071,0.40147602558135986,0.16652506589889526,96
64691050,persistence,zero_shot,CAMELS-BR,0.6152129006959932,0.7974444793382915,1.3087983514347894,0.6583892755060388,0.8193227571705838,0.001709730783653612,0.8839569782640845,4.030353777717634,5.755866816023687,0.26665249466896057,0.2591029107570648,149
64691100,persistence,zero_shot,CAMELS-BR,0.8637577916295637,0.9095762811669981,0.0011433236624341064,0.00013071892697826709,0.0,0.0,0.909576281166998,0.0011433236624341064,0.0,0.003903707256540656,0.003903707256540656,153
64691150,persistence,zero_shot,CAMELS-BR,0.8901621283701339,0.9448410898668614,1.900721763791547,0.8223248348114597,-0.4310500754092788,0.0001967670038951555,0.9906455848808159,4.6130031041013675,5.6223790498974475,0.16414712369441986,0.16463130712509155,157
64693000,persistence,zero_shot,CAMELS-BR,0.9241825612212702,0.9357279808165878,150.15908708071993,60.83091159577065,1.4155180887474703,-0.0004498671729154507,0.9439246736903147,545.6358486175194,575.0339697433576,0.4933909475803375,0.5155192017555237,188
64700000,persistence,zero_shot,CAMELS-BR,0.8191419678239034,0.8934854011738993,4.771186097530923,2.006616941845144,-1.4342360393891171,6.79001375960284e-05,0.9469719114512187,18.616878416102825,30.178208153654797,0.1897716522216797,0.1511874943971634,131
64702000,persistence,zero_shot,CAMELS-BR,0.9057907905569768,0.9496160009895962,15.993182099685159,8.08072629888007,0.2077131575616808,-0.0001925226079888872,0.9781927706084622,42.41788939449737,49.03166477823113,0.23845167458057404,0.24162515997886658,188
64703000,persistence,zero_shot,CAMELS-BR,0.8646961453574434,0.9242503660181315,7.050299403853371,3.9619880363955136,0.20904638131851694,0.0024579208875576625,0.9598190939382745,11.887387641726159,14.577379737113251,0.1697518676519394,0.18607650697231293,171
64715001,persistence,zero_shot,CAMELS-BR,0.8251155159347896,0.8880343449161898,24.73717531513453,13.067365524616648,-0.24911915520331504,-0.00043197187642670005,0.9347120867452834,79.5788843220945,102.94673104941826,0.1817227005958557,0.17367687821388245,188
64717000,persistence,zero_shot,CAMELS-BR,0.9684311461623349,0.9638804710631317,7.826854433001723,4.426553828741914,-0.3105784398771198,-1.9226103910911785e-05,0.9674464795656972,17.035487102903602,30.15779622351398,0.1432901918888092,0.1411440074443817,186
64720000,persistence,zero_shot,CAMELS-BR,0.20747440380700477,0.6321460044034253,4.335124233917705,1.4707213978078915,0.290025775180173,2.0652111503472598e-05,0.830443213932784,14.95324671891276,26.657920344741367,0.21818587183952332,0.23922297358512878,187
64723000,persistence,zero_shot,CAMELS-BR,0.5757969869421644,0.6529616472625492,6.798351482595519,2.0562510794781623,-1.1463224120674809,-0.0014282464783679288,0.7278833095149724,27.28900908401947,56.52094272001644,0.23793558776378632,0.21433235704898834,188
64725000,persistence,zero_shot,CAMELS-BR,0.9532389978558568,0.9549339322351955,11.985665086967725,6.361676747213581,-0.10024521586071564,0.0005113225064918119,0.9615100862341194,39.45179900136931,75.21303078589507,0.17832130193710327,0.17015287280082703,167
64764000,persistence,zero_shot,CAMELS-BR,0.6279732256150459,0.6440523698218072,34.2151770925825,9.346447559113198,5.037031475975641,-0.0028092498527782887,0.6544633806596848,144.52172899071522,249.76004099073933,0.7785933613777161,0.8757533431053162,188
64765000,persistence,zero_shot,CAMELS-BR,0.5700840724042724,0.7581769041498592,95.17802310625396,45.81122420758617,12.11723691139434,-0.0018983238773573607,0.8454342407631008,239.05222922177168,275.0,0.6917875409126282,0.7436130046844482,98
64767000,persistence,zero_shot,CAMELS-BR,0.4566001373531815,0.6264517294941335,205.13514744938945,45.351597262255716,-5.011331238744814,-4.3581037277973245e-05,0.7967907523822015,887.8749259209266,1586.2091299844305,0.8764848709106445,0.8308228254318237,173
64771500,persistence,zero_shot,CAMELS-BR,0.7382271238750157,0.6650016087470947,73.56114803737505,23.068909916471927,6.295956372965031,-0.003347729850452282,0.6696953455248043,299.6403884750214,525.051232960743,0.8085953593254089,0.9102700352668762,188
64773000,persistence,zero_shot,CAMELS-BR,0.22736797457938807,0.559657964384964,35.81539841829568,11.888886858020573,8.466296984219557,-0.003524273365627925,0.624908988610094,126.40184890217907,198.96590949993265,1.0184946060180664,1.1063882112503052,188
64773500,persistence,zero_shot,CAMELS-BR,0.692005058935981,0.739056268672711,20.767573449243052,8.021751356318715,-10.871945068544209,0.0027535609471198083,0.7933159523685791,73.92611861219216,71.44264004104676,0.9017727375030518,0.8606548309326172,123
64773750,persistence,zero_shot,CAMELS-BR,0.12532079642841365,0.4285261604847376,2.3050294066478814,0.6428424849183159,0.11371216508527313,-0.00170292103963356,0.7467836601465195,9.497097110963473,15.795795399737548,0.8649228811264038,0.9398905038833618,113
64773890,persistence,zero_shot,CAMELS-BR,0.5217583614753423,0.5607620085500709,58.784806613210016,15.561234158917893,-7.132056611574692,0.006988625684985872,0.6508292952163961,239.92261387352997,406.48241823430203,0.871416449546814,0.7671142220497131,121
64775000,persistence,zero_shot,CAMELS-BR,0.5963988250047538,0.5521485235872832,58.52959882336676,15.87459730214261,8.320438138406047,0.0019443413628814632,0.5578094244755822,238.51833282251403,440.5904597732792,0.7459805607795715,0.8492380976676941,188
64775050,persistence,zero_shot,CAMELS-BR,0.9201086160261012,0.9593464536835421,0.04339974422098827,0.016021876042941585,0.7505242552251767,0.0,0.987715838792155,0.06235113444331034,0.0872569997937405,0.16193129122257233,0.15185794234275818,128
64776100,persistence,zero_shot,CAMELS-BR,0.706956147474896,0.8466629140598179,154.1626316923693,51.40664617558743,2.564076274797865,0.0050533437403379,0.9270184725560354,616.2991917868654,991.9758495538838,0.8045841455459595,0.8241294622421265,188
64780000,persistence,zero_shot,CAMELS-BR,0.5850068967686721,0.46675270273817193,3.6906264364619985,1.0167552917561633,7.808201506076326,0.0,0.46786753867606445,15.108043959901355,32.7576131151656,0.368741512298584,0.48794305324554443,188
64785000,persistence,zero_shot,CAMELS-BR,0.9183071321295552,0.9370684384930942,3.521610612294414,1.3750689300948273,1.6197981762392841,0.0023830606642534155,0.9492131610529876,13.235463303209155,9.592709165797379,0.22509954869747162,0.249314084649086,167
64790000,persistence,zero_shot,CAMELS-BR,0.7565222456087263,0.7802872304974611,6.933758734261335,2.2260462755852557,5.6675804069584395,-0.0009140885230755832,0.7970203683376403,27.144071423148205,50.33752657571775,0.34950125217437744,0.40928950905799866,188
64795000,persistence,zero_shot,CAMELS-BR,0.6890089266531585,0.8434751678343535,283.32798269959466,74.18084751291478,-1.2325604695294095,0.0014885452596436512,0.9721236354529275,1195.27251335412,1589.5820018321563,0.7303133010864258,0.716712474822998,188
64799500,persistence,zero_shot,CAMELS-BR,0.7682332553150965,0.868364485590641,194.43259878005665,52.790842491647474,1.348260608303531,0.0013334043598486542,0.9166024665576601,781.6484611170407,1324.3208273112348,0.6282771229743958,0.6658945679664612,184
64800000,persistence,zero_shot,CAMELS-BR,0.6102840085777584,0.7928027907397137,189.66391220200396,57.03290372199201,0.6686951864909517,0.00013769437725388856,0.9533205773847516,768.3952551996161,1377.522146483157,0.546206533908844,0.5630660057067871,188
64810000,persistence,zero_shot,CAMELS-BR,0.7848169074813744,0.8704229288214329,10.584091006009864,3.581854348487042,0.9841434713054088,0.0005241489523710521,0.9319227341030611,40.7820245406008,86.94811586839285,0.31063252687454224,0.27898409962654114,188
64815000,persistence,zero_shot,CAMELS-BR,0.7565817350071482,0.7558268654141953,22.037554873018742,7.157451706136611,-4.532224213720666,0.00040088215363198385,0.7899678561010998,87.9824941485059,165.04931982188083,0.4333159625530243,0.36952075362205505,187
64820000,persistence,zero_shot,CAMELS-BR,0.6802981424116903,0.8275841945820225,205.26706543546214,73.15414426681843,0.4951306142376863,0.0008007273022698526,0.8978457891094903,824.4352826716222,1421.9948388550185,0.43738991022109985,0.49524396657943726,188
64820001,persistence,zero_shot,CAMELS-BR,0.4061621018917254,0.6055733610045935,247.9079210969818,69.48956138529677,-6.276278664593178,-0.0005907512738695143,0.8013420696344227,1022.9794974745623,2064.7026530482362,0.5178591012954712,0.47425782680511475,188
64824800,persistence,zero_shot,CAMELS-BR,0.891867462631667,0.9447616884221586,0.6699488849782416,0.28097825335419696,-0.029061430425762685,0.0019987244101665035,0.990624663272137,1.4649550908478066,0.5656855598191532,0.20916885137557983,0.20392440259456635,184
64830000,persistence,zero_shot,CAMELS-BR,0.7051960462350844,0.7209573616037548,231.92242871281883,85.13820948499314,3.5826200394856635,-0.001686345675338187,0.7330716223612724,939.1083343989673,1429.1222964464616,0.4130221903324127,0.513837456703186,188
64831500,persistence,zero_shot,CAMELS-BR,0.7499309052671133,0.8652091620980872,0.30940600159448156,0.11211957142728826,1.138203531113694,0.0020055806669125945,0.9505334860606817,0.9814072177288875,2.011927051232304,0.1737784445285797,0.17478927969932556,184
64833000,persistence,zero_shot,CAMELS-BR,0.9474249526791022,0.9551301589760776,3.6356097202337803,1.7700881230629097,1.9963760731906974,-0.000946657013545453,0.9622056022715093,13.2697456895734,17.219095330691705,0.26541709899902344,0.2584524154663086,118
64843000,persistence,zero_shot,CAMELS-BR,0.9756219573536853,0.9737958911937913,704.6788233336215,409.43828412224264,0.4718864026461251,-0.00044548287421334286,0.9767425155162288,1410.9640882612564,1960.2837931922948,0.17544880509376526,0.17608271539211273,170
64849000,persistence,zero_shot,CAMELS-BR,0.5535581728187524,0.716363900048274,9.548662967075684,3.7716843504654736,-6.147695008101116,0.000948754640809419,0.8522498426925893,36.71194093956422,67.0999984741211,0.3095867335796356,0.26201024651527405,95
64854000,persistence,zero_shot,CAMELS-BR,0.8502330561176518,0.9186138021311956,20.013046798815193,8.16075581728026,1.4114267741413735,-0.0034739202288913973,0.9591602511755061,48.93746008938347,1.75,0.608260452747345,0.6079654693603516,86
64860000,persistence,zero_shot,CAMELS-BR,0.6540155830042402,0.8446113303341226,377.6638717166364,329.0,3.279200499687695,0.00045245269598363346,0.8479707230723477,420.0,420.0,0.049864668399095535,0.05785707011818886,10
64863040,persistence,zero_shot,CAMELS-BR,0.9681967542863111,0.9717309168660065,0.11356816457193931,0.04431818357922814,2.135677895078835,0.0,0.975611034122765,0.02499997615814209,0.0,0.14824119210243225,0.15990161895751953,44
64863360,persistence,zero_shot,CAMELS-BR,0.8156417464691248,0.9036198626363344,0.7299550630062748,0.15732483651228013,-0.6912097455535555,0.0,0.978059209554314,3.035879204269395,5.82494645114565,0.2039068341255188,0.22000305354595184,157
64863520,persistence,zero_shot,CAMELS-BR,0.45480840879273554,0.7365164615637425,3.6768895296656634,0.7774853716816819,2.6829475708332695,-0.00028723441789891765,0.9063339987482706,9.57859278250349,16.34635494559341,0.6573635339736938,0.671331524848938,171
64864000,persistence,zero_shot,CAMELS-BR,0.9456332004169701,0.9616031188036094,6.63418316218545,3.5125718525477816,-2.6391378713002998,0.001205894373538248,0.9719964959055523,3.5032606777119883,4.600006103515625,0.3846866488456726,0.35266897082328796,35
64870000,persistence,zero_shot,CAMELS-BR,0.7746987885458877,0.7958518220182106,40.93507831065981,17.325598385023035,-2.884672630068811,0.0,0.8328487583801101,154.8529172673851,234.60576659365023,0.44522973895072937,0.3792794644832611,184
64870500,persistence,zero_shot,CAMELS-BR,0.7632475384507764,0.8305009443043783,178.0415486704677,82.24347852623981,7.543510028550464,-0.000490520527828376,0.8596731395212291,285.2367437761131,372.0,0.3722362816333771,0.4295639395713806,23
64875500,persistence,zero_shot,CAMELS-BR,0.7139247508957287,0.857981860658749,7.697967377585696,3.1885184623576976,0.22043024574438277,0.0005074122928556551,0.9646643668116491,27.776840347892477,48.17042197071369,0.3544104993343353,0.3974021077156067,162
64884000,persistence,zero_shot,CAMELS-BR,0.9062222501818387,0.8820124920807795,0.02766558445540629,0.009615384221363526,-5.960264264694855,,0.8911033942491481,0.08497058102654134,0.17000000178813934,0.503311276435852,0.48239433765411377,52
64890000,persistence,zero_shot,CAMELS-BR,-0.47074223728750475,0.17259064346416375,258.95765207937893,52.752260532784966,17.96760840384286,-0.000546016256549417,0.7282351114035224,1065.5744584377549,1920.3062250461644,1.1410999298095703,1.277431845664978,188
64892000,persistence,zero_shot,CAMELS-BR,0.5806666051786915,0.7047064883419067,334.18654245902474,104.52964285782406,-2.7215458628421616,0.0049272347731134335,0.8190696881158201,1439.367668705354,2316.029036950962,0.6853430867195129,0.6829865574836731,140
64892500,persistence,zero_shot,CAMELS-BR,0.4909773371693197,0.74995122183493,7.329077010497453,2.368132529129465,4.925355568697158,-0.0022393103449975943,0.9146905354195637,29.95115533156043,53.36063515871347,0.6874826550483704,0.7450183033943176,166
64895000,persistence,zero_shot,CAMELS-BR,0.9377506548336613,0.9169771775132358,5.4771261034805105,3.7696295844184027,5.401773444143012,-0.001372013430810573,0.9208026305265362,9.034655499796326,6.5,0.3631499111652374,0.28996527194976807,27
64897500,persistence,zero_shot,CAMELS-BR,0.5416072955721408,0.7473538843558925,0.050350731321013205,0.020741401136419764,6.649138642268163,0.0,0.8276345819160575,0.033864473542726155,0.0,0.4805775582790375,0.5854799151420593,157
64898000,persistence,zero_shot,CAMELS-BR,0.6015971616204052,0.5120495284743357,21.93574290917186,6.260263181987562,-6.984994351981597,0.002600951214732996,0.5233257841943066,92.55660187550961,177.85000610351562,0.6113530397415161,0.45853957533836365,95
64898050,persistence,zero_shot,CAMELS-BR,0.6308807407814134,0.8087888828720735,86.30919384815289,39.11406230926514,5.99506500660925,0.006518526655058948,0.9107826313989584,185.50606459089147,260.0,0.4246203899383545,0.47869873046875,32
64903000,persistence,zero_shot,CAMELS-BR,0.963231463357017,0.9804491960025399,620.1992473253888,442.4255319148936,-0.2502391061226349,-0.0002680772548423571,0.9932375761692963,523.5685246460104,887.4370400203047,0.10308931767940521,0.10402604192495346,188
64926000,persistence,zero_shot,CAMELS-BR,0.6901333962333119,0.7560586663897327,0.10290306854303538,0.04191780825183816,-1.6655106159538866,0.000696651399158801,0.8120341012497593,0.29367135207881173,0.64000004529953,0.2741152048110962,0.2505292594432831,73
65001980,persistence,zero_shot,CAMELS-BR,0.12310436743090125,0.5886828326397139,0.16867128183915228,0.11300000250339508,14.240504991298371,0.0027305539407897223,0.8284129122967523,0.33000001311302185,0.33000001311302185,0.6139240264892578,0.5373961329460144,10
65002002,persistence,zero_shot,CAMELS-BR,0.5910165284513864,0.48974824360724367,1.1599509724410957,0.7138889299498664,-23.43149883885575,,,2.9250001907348633,2.9250001907348633,0.8783609867095947,0.5618728995323181,9
65004995,persistence,zero_shot,CAMELS-BR,0.8406079478684321,0.914180737858066,1.0027714189047723,0.43232392266075664,0.46543810989540846,-0.0008589466393896308,0.9566699696351074,3.4899228301204794,6.257134776412618,0.5066736340522766,0.5093133449554443,188
65005000,persistence,zero_shot,CAMELS-BR,0.8397251860951013,0.9191091133332316,3.0410119344999416,1.2580179023855138,0.1973684881792669,-0.0013273530644328235,0.9782480212470734,1.2549505247262662,1.7662960656722184,0.6846261024475098,0.7576972246170044,106
65006040,persistence,zero_shot,CAMELS-BR,0.5919316739283911,0.7616017329561672,0.2897889760510291,0.15541176621747368,-0.1760371092908012,-0.0013675352285237065,0.9073925649540298,0.901042635884436,1.5270396895406217,0.6313126087188721,0.6003527641296387,170
65006055,persistence,zero_shot,CAMELS-BR,-0.4384454362793724,0.39465702137254943,2.1087326462143277,0.6810326032016588,9.084816352787369,-0.00132735093088154,0.6233622897731868,7.231383345245089,11.174917830145937,0.5212109088897705,0.6149769425392151,184
65006075,persistence,zero_shot,CAMELS-BR,0.5313539401453273,0.6361155969777681,4.6570770412938645,1.979707475355331,-3.89987295476994,0.0006056154431259304,0.7524803078768999,17.13297121055475,16.386931745161142,0.6428278684616089,0.5612448453903198,188
65007045,persistence,zero_shot,CAMELS-BR,-0.06841241258460351,0.3984364101264367,2.9634759787510565,1.4610904236423208,-5.541394437354812,0.0007576144844620193,0.8799349624655457,8.848626184443974,14.018329325051761,0.7032706141471863,0.6021460890769958,188
65007046,persistence,zero_shot,CAMELS-BR,-0.4236860019137314,0.32175921804300023,103.89619997074323,35.24304839506506,8.785219336233947,-0.00018763888125913203,0.40517220079861593,391.363509903413,687.7250972524338,1.2284923791885376,1.34068763256073,187
65010000,persistence,zero_shot,CAMELS-BR,0.9038965935797713,0.8760912843521245,0.8383056306862164,0.4517297974609314,1.4005206532141359,-0.0014749722602039918,0.881332044336342,2.5490325267905893,3.797124053995232,0.626716136932373,0.6623178124427795,188
65011400,persistence,zero_shot,CAMELS-BR,-0.6122180357259381,0.1595156521802733,3.739902024091477,1.2473984129251319,-8.411917171887787,-0.0020460089178514157,0.89900434604187,11.88768909480644,17.30985997683423,0.7286478877067566,0.6448449492454529,188
65011500,persistence,zero_shot,CAMELS-BR,-1.06531334226336,0.10763065117816095,6.279204065017625,2.8004762047813054,43.32934570265976,-0.0011224617041790102,0.24380896390160944,5.668995137155957,0.0,0.7968267798423767,1.0186251401901245,42
65013000,persistence,zero_shot,CAMELS-BR,0.581539166888374,0.7644579784718609,10.258364883800017,4.896578889144094,-4.791079872890027,0.0,0.9166435859097981,30.42599702054294,50.089224186839225,0.6350830793380737,0.6191389560699463,133
65013005,persistence,zero_shot,CAMELS-BR,0.18079088568965418,0.48093612268474717,111.15614489629696,47.207840140829695,-4.7203843515037915,0.00508372819668608,0.8051964750912524,376.97944160194845,236.37279756733943,0.9634559750556946,0.9228909611701965,188
65014950,persistence,zero_shot,CAMELS-BR,0.8862112910695721,0.9382838780203273,1.1709045948720496,0.7685638309476224,0.9995303227552942,-0.0004957656954194707,0.9720647287077857,2.0297437851547118,2.6601220539600696,0.5746991634368896,0.570247232913971,188
65015000,persistence,zero_shot,CAMELS-BR,0.8798837483754958,0.938037892012797,1.3401275031740654,0.7663072059357089,1.0978529543010858,0.0037116472408750077,0.9795052356518027,3.494776622103541,5.9989042127389,0.56916743516922,0.5660668015480042,153
65015400,persistence,zero_shot,CAMELS-BR,0.833201616852935,0.8334771529144164,3.295629439691089,1.3786473549664655,-3.620519415478446,-0.00175108143478446,0.8546874060969993,12.141029753916625,24.34831745569534,0.7782300114631653,0.721008837223053,188
65017006,persistence,zero_shot,CAMELS-BR,0.7123254603165977,0.8290603403267109,153.98685795918573,70.27535132073068,8.546070411384079,-0.0026706959116144582,0.8909162318926996,393.05421388033864,200.76038418426555,1.1999621391296387,1.231268286705017,185
65017035,persistence,zero_shot,CAMELS-BR,0.5917969753480457,0.7775446580067041,0.6400381846430493,0.3114941538425914,-2.3868279946454805,0.002108760712817046,0.9386953213991417,2.062611345624638,1.596529439878,0.6456168293952942,0.5915645956993103,171
65019300,persistence,zero_shot,CAMELS-BR,0.9617896772932941,0.9797900620360896,5.182384945934194,2.477966241917368,0.6312525682255702,0.0004773672964336548,0.9913081276300474,13.742729324464358,19.225742116824716,0.9454416036605835,0.9340580105781555,118
65019400,persistence,zero_shot,CAMELS-BR,0.7582629888978067,0.853599629825756,2.452385320306587,0.9427469070126981,3.572501695336129,0.00552489686455708,0.8976829846588441,6.436101664505759,8.352245645586645,1.0479736328125,1.1111304759979248,162
65019600,persistence,zero_shot,CAMELS-BR,0.07964190673370741,0.5752804637793121,7.616184988700292,4.086065672297296,9.49564604175169,0.00452658758322564,0.7991600284861166,20.25275935156839,25.34758327859874,0.7897678017616272,0.8026312589645386,183
65019640,persistence,zero_shot,CAMELS-BR,-0.25486616479478563,-0.024974323963107725,0.883872603784724,0.42769232163062465,19.98262340766269,0.009180289859434204,-0.02493835623311247,3.0,3.0,0.2901824414730072,0.488052099943161,13
65019670,persistence,zero_shot,CAMELS-BR,0.7037226526615563,0.7677692371822347,1.625191363982999,0.38074830356909306,-9.688790217464609,0.0,0.8271734267930826,5.913692621614307,9.374035075606933,0.543156623840332,0.49002838134765625,147
65019675,persistence,zero_shot,CAMELS-BR,-1.5381546105490749,0.13064884783573782,3.2734094202749184,1.9631428854806083,16.211063488422734,0.0020313945272566305,0.31644551048265146,6.820770225911873,5.770000457763672,0.26439812779426575,0.3822287619113922,35
65019700,persistence,zero_shot,CAMELS-BR,-0.08674312051631894,0.04457659164668748,15.042301307604824,6.265000060752586,-16.46622347437253,-0.0022150164621573994,0.47927091047455506,58.57896204025933,78.48000144958496,0.7047113180160522,0.657649576663971,54
65019980,persistence,zero_shot,CAMELS-BR,0.9381923138882672,0.9472086483489291,19.960163561793383,13.339893376573603,2.784812731181218,0.0035098682223085043,0.9556467081096228,28.934138220503424,39.90458649932153,0.6111770272254944,0.6058840155601501,188
65020000,persistence,zero_shot,CAMELS-BR,0.9720330025020398,0.9740591868539801,6.20913393711945,3.473218199850499,0.9851420598804677,0.0005319693478195268,0.9777446610001159,13.730259187689759,13.624242739850889,0.4017106890678406,0.4001731872558594,174
65020500,persistence,zero_shot,CAMELS-BR,0.49953253763864613,0.7553204724512046,1.1043109340612367,0.633563824295205,0.4689645326785647,-0.002311230292585089,0.9713412750454824,2.413028992721785,0.23717076419697064,0.5358144640922546,0.5488033294677734,188
65020995,persistence,zero_shot,CAMELS-BR,0.2766619604452182,0.5203303732223928,0.15989066948629999,0.050594148642205176,2.4194369774644597,0.0029360340396553074,0.5465178831986588,0.55933813376342,1.080799075824422,0.31978827714920044,0.39544010162353516,188
65021000,persistence,zero_shot,CAMELS-BR,0.517902660825225,0.6943274379641922,0.22861479873721813,0.07805977681620493,-1.2664329485596686,-0.00313845129239506,0.8534204453993639,0.8278150528257123,1.3192766543658776,0.5683833956718445,0.4952489733695984,179
65021250,persistence,zero_shot,CAMELS-BR,0.736765705843635,0.8462874825447066,0.31486269033292624,0.13406436351385523,1.9087431469552327,-0.000996589634527742,0.8970125784602356,0.9079631459116324,1.3255328505068873,0.37597140669822693,0.4425344169139862,188
65021750,persistence,zero_shot,CAMELS-BR,0.5455940657221379,0.7365297818492391,0.22802208224123555,0.10451102217908685,-5.104987465565633,,0.8998222259565631,0.6417574705149187,1.1660898589141246,0.7806574702262878,0.7166524529457092,127
65021770,persistence,zero_shot,CAMELS-BR,0.7747860326686398,0.838900162472507,0.25057551946006396,0.11272499880733643,4.221268116286082,0.0013415708828147833,0.8676147155256889,0.5984603239316094,0.5066629847746039,0.5104697942733765,0.5136650800704956,188
65021800,persistence,zero_shot,CAMELS-BR,0.26779224802252843,0.4064829463838133,1.9459634893848539,0.7264285747494016,-12.471540379599372,-0.002963101552488424,0.6252694075561702,7.035539843410329,9.78000020980835,0.6829622983932495,0.5276010632514954,84
65023000,persistence,zero_shot,CAMELS-BR,0.881262299663242,0.8982803096085907,15.939622990998846,8.877659797034365,4.221748865979329,-0.0027178103159488723,0.9123886850205272,26.807648162418126,37.9658563712186,0.8708106875419617,0.9098362922668457,188
65024000,persistence,zero_shot,CAMELS-BR,0.893034401624974,0.9113686768137429,0.7087321422303021,0.33748457025974354,0.8557752280835563,-0.0006389667269548691,0.9248851771262003,1.7084607180994071,1.974807108542556,0.554714560508728,0.5617193579673767,188
65024100,persistence,zero_shot,CAMELS-BR,0.5946677836546497,0.7535425188076113,0.18937380226338738,0.09998342522435426,8.641688507898735,0.0003552585109500607,0.8046646223380118,0.3882529994023438,0.7080253857429832,0.43583348393440247,0.5304195284843445,181
65025000,persistence,zero_shot,CAMELS-BR,0.9347125364760014,0.9505041288367584,13.865555869194576,8.466601544238152,-1.7068758375884499,-0.0003146753151638225,0.9628021471819503,44.01794929793151,47.82536166962255,0.5662721395492554,0.5457889437675476,188
65026950,persistence,zero_shot,CAMELS-BR,0.8033251655936795,0.855357974585381,0.5570695545795069,0.193729733695855,-2.1511688366501303,0.003688971271447357,0.898566820102938,2.2269440964078786,3.6291940256190784,0.6542259454727173,0.6490268707275391,185
65027000,persistence,zero_shot,CAMELS-BR,0.723935140302539,0.7272338839365462,3.151159439988698,0.8770305514335632,-6.743837011245969,-0.0011024691987940836,0.7672009590852696,13.169041130790967,14.69207724219036,0.5668771266937256,0.5259862542152405,108
65027020,persistence,zero_shot,CAMELS-BR,0.811167766220174,0.9031104823675504,0.6819906054907264,0.2808235350777121,0.8725460601532303,-0.00023276543785753258,0.9522342034397812,1.8263363830220576,0.039999961853027344,0.45450302958488464,0.47863250970840454,85
65028000,persistence,zero_shot,CAMELS-BR,0.9398479121339514,0.9178412190560435,9.675117467834697,5.489239423171334,-0.8867515934779101,-0.0016742262391033387,0.9223706134415933,27.949531953980745,55.404392817883135,0.49577343463897705,0.4719190001487732,184
65029980,persistence,zero_shot,CAMELS-BR,-0.5202288897779725,0.31887840863106687,1.5389385099342798,0.5257874050830292,10.890834461725676,0.0,0.8188886815959279,4.439770564030375,7.629547932989056,0.9031926989555359,1.0067334175109863,127
65030000,persistence,zero_shot,CAMELS-BR,0.28863088182486973,0.3755922972959316,3.806241850739174,0.9274590418475573,-25.896129970845784,0.0,0.5634119345714119,15.154211943638055,22.033217773026863,1.2155181169509888,0.9691194295883179,183
65030500,persistence,zero_shot,CAMELS-BR,0.8960365952914459,0.947482752814749,46.00534793241334,19.393142989873887,-0.4112897922334574,-0.006977607974774619,0.9930191495806435,67.25236389316724,0.0,1.0401118993759155,0.9865068197250366,175
65034000,persistence,zero_shot,CAMELS-BR,-0.037884940706959025,-0.5499890472085756,115.31006143423248,23.09583375437392,-80.04632675680809,0.00404640680471461,-0.18581787567694263,485.47726343583844,686.3000121116638,1.9266711473464966,1.687562108039856,36
65035000,persistence,zero_shot,CAMELS-BR,0.8701030297562624,0.9203905571443375,16.393267510297413,6.745028196062361,-0.5455180972730634,-8.982070496120834e-05,0.9565058672402282,60.06203649741906,125.62279796344377,0.4140098989009857,0.41934359073638916,175
65035001,persistence,zero_shot,CAMELS-BR,0.941481189419935,0.9406553427855305,9.80618307823872,5.9679000935655955,0.09091978096607703,-0.002164905257123255,0.9467852575916692,19.426271610541555,16.25745571524113,0.4384920597076416,0.4416842460632324,188
65060000,persistence,zero_shot,CAMELS-BR,0.9265106977177671,0.9554080920430619,27.0841598470037,10.345559566578967,-1.2005654440561273,-9.338787927484771e-07,0.9713773698013077,107.2192224959387,236.54770256700903,0.3420814573764801,0.3620426654815674,188
65060001,persistence,zero_shot,CAMELS-BR,0.977510926178048,0.9825796687876865,11.964376849836901,6.391852531027286,-1.0335410617047365,0.000510259131015732,0.986009690641233,33.53296657637498,70.41763871909872,0.38860684633255005,0.40038925409317017,188
65085000,persistence,zero_shot,CAMELS-BR,0.8189041383747002,0.8890301896366046,2.6273305962941462,1.5415425059643197,3.242429849555081,0.0010971442979733053,0.9239926789877271,5.309801707687292,5.472201310498531,0.4075980484485626,0.4343751072883606,188
65090000,persistence,zero_shot,CAMELS-BR,0.8704264192367823,0.8372923070400162,3.3653060897779654,1.9984999656677247,-0.5758160249820337,-7.437934326912608e-06,0.8416805163538793,1.1699981689453125,1.1699981689453125,0.2685518264770508,0.32168683409690857,20
65093000,persistence,zero_shot,CAMELS-BR,0.7952427300615469,0.8953524491190462,3.1044408016368976,1.4953237128885168,0.8395011866567793,-0.001993614956263594,0.9844673183441172,11.020832135112952,14.077400207519531,0.6040974259376526,0.5606185793876648,76
65094500,persistence,zero_shot,CAMELS-BR,0.9378506140990968,0.9638765379151418,5.771860047281645,1.7155893709692922,0.03394508878811109,0.0,0.9808241235753687,19.914546906140636,34.90443780027457,0.42430493235588074,0.4006592333316803,143
65095000,persistence,zero_shot,CAMELS-BR,0.9130218325617481,0.9468887408173634,18.899409661205816,9.495224318605787,-1.71012889305869,0.0018075523820702925,0.970297326282053,59.3149326997407,95.08042894200479,0.558182418346405,0.5224368572235107,188
65100000,persistence,zero_shot,CAMELS-BR,0.9047100624144545,0.9189813078771271,24.33760224298049,12.049380748829943,-0.8170389596226195,-0.003242230612936707,0.9350981414910804,78.84899967043896,156.12699219033578,0.42678195238113403,0.4152524173259735,188
65100001,persistence,zero_shot,CAMELS-BR,0.9152608260485762,0.9560788063705289,12.962492951477408,6.294141586790693,0.5263892589099154,0.0012750736873858252,0.9886669737475544,41.766646919715406,40.962589436333765,0.41330620646476746,0.4283299446105957,188
65125000,persistence,zero_shot,CAMELS-BR,0.9319935261004916,0.9143824095349072,8.159828500255472,4.600000230471293,6.253746786052077,0.003113135484245192,0.9188810692793481,7.577722283113838,3.75,0.8712621331214905,0.8685753345489502,60
65130000,persistence,zero_shot,CAMELS-BR,0.9280410960246305,0.9507679925048054,22.802474410054792,8.336956738561824,-1.0403614012668154,0.0,0.9643682750139762,75.6201147180116,38.13219701857001,0.8160737752914429,0.8260388374328613,138
65135000,persistence,zero_shot,CAMELS-BR,0.9042069005638917,0.933842723371044,2.4854690461978226,1.258977673573201,-1.6544805426819698,0.0003139429499430732,0.9550764443700916,7.844059521521273,0.6898034271045453,0.4507516324520111,0.4200458824634552,179
65136500,persistence,zero_shot,CAMELS-BR,0.9809541975173488,0.9879914627707801,10.610036793243923,6.1499998115974925,-0.5869300687196983,0.009080533343753333,0.992529150416285,13.12753941963427,4.099890619084052,0.428535521030426,0.42657211422920227,184
65136550,persistence,zero_shot,CAMELS-BR,0.8779339539777521,0.8879410079517156,3.1680867105249595,1.4182833433151245,-3.0319056863791767,-0.0007263996441951477,0.9062325924623872,9.717510566702924,3.65813022518557,0.4567970335483551,0.41709959506988525,156
65137000,persistence,zero_shot,CAMELS-BR,0.5000638985861898,0.6965294288682369,0.10286591001526707,0.041860465783365934,4.2857144294040515,,0.7507719990658421,0.33015147605148953,0.3162277471681943,1.057142972946167,1.0547945499420166,86
65154910,persistence,zero_shot,CAMELS-BR,0.8524064576128867,0.6004122536479137,0.48231210252381457,0.22749998476356267,29.18659901461226,-0.012286822210407049,0.6008899366262246,1.299999713897705,1.299999713897705,1.0334928035736084,1.1555556058883667,20
65155001,persistence,zero_shot,CAMELS-BR,0.943030413681028,0.9467940981021536,3.7356727480822576,2.1102695659715303,-3.2745538153456764,-0.0024194221260624652,0.9543964959091591,7.694157705397494,1.4654006958007812,0.3661452829837799,0.4072226881980896,49
65175001,persistence,zero_shot,CAMELS-BR,0.9789752205140331,0.986262759402958,15.576483845215728,9.035286089207263,0.6858278444267899,-0.0010593328197446884,0.9909447928755729,22.653959449928077,43.45824879483715,0.3658052384853363,0.36153021454811096,188
65180000,persistence,zero_shot,CAMELS-BR,0.9455156291147365,0.9503654179613792,3.4953682808477526,1.770056240260601,1.6426564358698985,0.0029613041450816772,0.9572088818131627,3.557504327171382,4.668658887342634,0.632622480392456,0.6297659873962402,188
65181000,persistence,zero_shot,CAMELS-BR,0.9784029116452913,0.9846955524824594,4.498155208553076,2.920478749782481,-0.854101892138617,0.0010831629895304493,0.988943146604326,4.457886433920575,2.733382166256641,0.43566447496414185,0.43372610211372375,188
65187950,persistence,zero_shot,CAMELS-BR,0.9065675697679503,0.9524750389976971,2.885701878604848,1.3936559795051493,-0.5934497225841272,-0.0030702360724414804,0.9885407843410954,9.413795140516134,1.6692991974609184,0.5610290765762329,0.5334219932556152,186
65188000,persistence,zero_shot,CAMELS-BR,0.5037713635919162,0.7459342446186068,0.1943970754838598,0.08293233019180764,-1.78221029546152,-0.001432956080713422,0.969877489066288,0.7340396691353744,1.0016984613887219,0.4414650499820709,0.42533713579177856,133
65188100,persistence,zero_shot,CAMELS-BR,0.4379354214383726,0.7054840358444586,55.12156053527487,20.374615229761755,9.271947413214283,-0.0016641701042117915,0.8177184054935135,187.8242729389697,281.12635157940974,1.144762396812439,1.3195462226867676,156
65190000,persistence,zero_shot,CAMELS-BR,0.6332228622571809,0.6250914626224024,3.438011919826657,1.2007393532610955,5.206361954035391,0.0007336064168039329,0.6322682519743295,13.245641121243214,27.33861828240531,0.6078639626502991,0.6687737703323364,188
65200000,persistence,zero_shot,CAMELS-BR,0.9023638232271326,0.690768850055977,7.958224257542215,7.333333333333333,0.49382716049382713,,,10.0,10.0,0.15308642387390137,0.10565110296010971,3
65201000,persistence,zero_shot,CAMELS-BR,0.8574111459268015,0.8722850143529277,0.0746141136716891,0.024028775925419743,-3.928208485618514,,0.8954941062089805,0.2986158456901948,0.253870049909669,0.8682695031166077,0.8628833293914795,139
65208000,persistence,zero_shot,CAMELS-BR,0.9432295478774959,0.9670400576659429,8.794129691385125,4.747608704411465,-0.778785987070948,0.00013177097237980495,0.982170177614642,10.049321434928789,18.507410158802163,0.4905872642993927,0.49492549896240234,184
65208001,persistence,zero_shot,CAMELS-BR,0.9737789463721329,0.9847326063895883,5.85266649240125,3.5159180062882442,-0.00895782237110017,0.0003896109655761419,0.9922521431399772,3.1999176360933688,2.8778570876415337,0.5225954651832581,0.5060807466506958,188
65220000,persistence,zero_shot,CAMELS-BR,0.9798175810975521,0.9862343830201714,49.00059540482514,27.905546391263922,-0.39718540774063393,-0.00014745646749748237,0.9901888068199072,153.97012529526532,132.2308062465454,0.3646761476993561,0.3731245696544647,188
65220001,persistence,zero_shot,CAMELS-BR,0.9800598531722972,0.9871389436839897,30.72127273727221,20.437130603384464,0.6625202600553313,0.0016108606073230065,0.9915176515017748,41.66929238526271,81.91733954909552,0.3671676516532898,0.3552941679954529,188
65235000,persistence,zero_shot,CAMELS-BR,0.8980302531107702,0.9242044663973791,3.888540483998962,2.028744697570801,1.957189975189764,-0.0007885847384241085,0.9400177292633259,10.821921946385133,12.1794909080512,0.5883872509002686,0.6118345856666565,188
65240000,persistence,zero_shot,CAMELS-BR,0.9088689812401933,0.9499159266468249,2.6964684796774807,1.46964697811485,-1.8276258822563256,-0.003372657075430833,0.9794553449070669,1.674645272983766,2.195634497626759,0.5163114666938782,0.5353177189826965,181
65258000,persistence,zero_shot,CAMELS-BR,0.5132109076279883,0.6634356124791874,4.077551219990746,1.676702193123229,-8.199982257825026,-0.001628614355725852,0.802867440233102,15.800280024807932,26.627905165014816,0.6787796020507812,0.5501008033752441,188
65259000,persistence,zero_shot,CAMELS-BR,0.5558788626000186,0.6742694375108167,12.370852953545961,4.985159659956364,-10.748027128586696,0.003146581959797376,0.7882942214136677,45.727400576623985,65.30996677979593,0.8291468620300293,0.6773869395256042,188
65260000,persistence,zero_shot,CAMELS-BR,0.6729594657466769,0.6833285037318038,10.517952434556523,4.880681742321361,13.53669557456708,0.0010423928380642877,0.6954817012029215,36.037544929412334,18.110000610351562,0.6280579566955566,0.6499938368797302,44
65260001,persistence,zero_shot,CAMELS-BR,0.569344502346459,0.7855439159619486,9.03406628398988,3.879665953681824,2.1308706463682174,-0.0019318573934239969,0.9043806290132121,29.28823395193103,45.82214619799602,0.7238274812698364,0.7494286298751831,188
65271000,persistence,zero_shot,CAMELS-BR,0.544072265960499,0.736917272017941,26.453543415088834,9.529308375525982,-9.875955848705003,0.0010999109884927555,0.875219594132131,103.97256014416885,166.31505574806343,0.8489080667495728,0.7018527388572693,188
65293000,persistence,zero_shot,CAMELS-BR,0.6371175888058264,0.7247594216002708,7.992981487903185,2.254941565162958,-0.34205604871839324,0.0023141774006350327,0.8064883279421391,31.600166739361615,68.76359660578777,0.9130725264549255,0.8522654175758362,188
65295001,persistence,zero_shot,CAMELS-BR,0.7625713865567163,0.8668177830638029,19.35169967237169,10.249496499697367,-3.6980647146704615,-0.0012335229019752002,0.944485992723398,62.00433521662462,36.39599609375,0.5594308972358704,0.674278736114502,84
65310000,persistence,zero_shot,CAMELS-BR,0.9602175115458883,0.9655630162338448,96.53625415453666,45.2301917380475,-0.6064187916220604,-0.00050257812104074,0.9713148733068029,340.4383039812073,737.2393468617823,0.33020156621932983,0.33742210268974304,188
65310001,persistence,zero_shot,CAMELS-BR,0.9845310685370695,0.990110598274069,37.52357481630288,24.32450302611006,0.44268995109674597,0.002196769137369249,0.9936194311094257,52.46009777587173,57.68036762433599,0.36966246366500854,0.3782784938812256,188
65365000,persistence,zero_shot,CAMELS-BR,0.404896286078955,0.7116369723647697,2.4171820184314567,0.874829260592765,3.0334755731279057,0.0018929509447267595,0.8652969385499722,9.175781338982073,14.037885105402058,0.606402575969696,0.618531346321106,188
65365800,persistence,zero_shot,CAMELS-BR,0.9623295729591087,0.9742360686621793,71.47589369833675,44.5836234257139,0.8560062242487829,0.0008796159785834003,0.9816027783668877,18.991225293692303,6.68994140625,0.3327901363372803,0.3276938199996948,58
65370000,persistence,zero_shot,CAMELS-BR,0.5279178486080072,0.7684045489824366,19.178735217529656,8.538275911890228,0.9020755219282519,-0.0012059474415908392,0.8904613539826716,73.31237076901749,65.59999084472656,0.61041659116745,0.613238513469696,58
65370001,persistence,zero_shot,CAMELS-BR,0.8249201680761393,0.8982567717484483,14.549369433787254,6.653835596635621,-3.225914051447064,0.0013015206684884595,0.9510424792907969,49.265248081277576,65.71352311579822,0.6278682947158813,0.6487759947776794,188
65375000,persistence,zero_shot,CAMELS-BR,0.7623983877591778,0.7902606719065041,11.808842664496934,6.259601033748464,4.475309015575613,0.0015339532750032192,0.8078292418609839,29.916995598865565,24.407820109196816,0.5532799959182739,0.5802727341651917,188
65385000,persistence,zero_shot,CAMELS-BR,0.7653638189584997,0.7741478272451746,16.32004437984857,7.454468113310794,7.240346228442035,0.0,0.7886108869365182,62.13227799711471,66.78111677965181,0.6634073257446289,0.7298205494880676,188
65415000,persistence,zero_shot,CAMELS-BR,0.7630007217966419,0.8257621860702336,2.256795135418395,1.440444442960951,7.123475984002376,0.0015142674510007087,0.8501153311512636,3.0035256820910012,1.0500011444091797,0.4060152471065521,0.5288361310958862,45
65490000,persistence,zero_shot,CAMELS-BR,0.46802834854284014,0.5520456582550144,2.029146790066487,0.5846226337664532,-16.168229434182983,0.0010101966111976252,0.6754862141495839,8.038272998444839,9.823441060949785,0.7664719223976135,0.7609062194824219,106
65550000,persistence,zero_shot,CAMELS-BR,0.3937632889850222,0.6619892462877047,3.089224452853193,0.8964893683157069,-2.9492925673287314,0.0,0.9121021364666003,12.744960371490876,21.09036149179561,0.7944982051849365,0.8536965847015381,188
65690000,persistence,zero_shot,CAMELS-BR,0.30500104601558997,0.3837662605845572,12.769394379163808,3.7328191317142325,-7.770619384910915,0.002097816528747607,0.5618057400941969,52.60564655047093,109.15092736434333,0.7892889380455017,0.6290640830993652,188
65764000,persistence,zero_shot,CAMELS-BR,0.7854460656147703,0.6096299954690632,11.311526341399874,5.144999558275396,-14.32307063596388,0.005528831529336031,0.6136211839768083,36.11000096015042,44.78999328613281,0.6623331904411316,0.5877736210823059,22
65764001,persistence,zero_shot,CAMELS-BR,0.32695118503954357,0.4357073627206094,15.083703757932753,5.218349071259194,14.388805408948532,0.0024376768332651615,0.4421139527733273,57.17987743906651,120.99847997067086,0.6001134514808655,0.7442945241928101,188
65770000,persistence,zero_shot,CAMELS-BR,0.8333927242224126,0.907152101871265,20.70538699026818,8.58138299241979,3.751127689089205,0.0021053492500163057,0.9596661913217513,76.46492616734065,103.78824596263297,0.7807937264442444,0.7664965391159058,188
65774400,persistence,zero_shot,CAMELS-BR,0.6187160415276229,0.8020005282654805,313.7059041113181,199.06058474550855,-8.643315259804789,0.004697382074808248,0.909787136057821,539.7962578603153,1157.4541027617468,0.34712648391723633,0.38843125104904175,188
65774404,persistence,zero_shot,CAMELS-BR,0.7489087252561748,0.8162098901594864,236.87913371688285,124.98351065148698,6.496826602144532,-0.004117171414102394,0.8439773491740596,624.9348766071549,843.4453153583818,0.41424357891082764,0.3991626501083374,188
65774407,persistence,zero_shot,CAMELS-BR,0.9954301746562982,0.9881054435509697,145.05199587431233,96.54454549153645,-0.5855415709249062,0.005963037647270734,0.9882805764225863,148.58921645984017,89.1796875,0.08548352867364883,0.08338546752929688,48
65775900,persistence,zero_shot,CAMELS-BR,0.6333172528827413,0.782451727351329,19.729187679240336,9.376808491158993,-4.896043842469855,-0.001093743660446754,0.899993967676882,39.60820011953832,6.80999755859375,0.5695699453353882,0.4920065999031067,47
65775901,persistence,zero_shot,CAMELS-BR,0.6716544770637038,0.8228986557165144,21.932362510728645,8.172861007933921,-2.4089117276481153,-0.003930884266380809,0.9508515773056111,82.64060772089825,145.02588077403314,0.5821877717971802,0.5719078779220581,188
65803002,persistence,zero_shot,CAMELS-BR,0.8226922859873509,0.9094110500700195,226.59143800905278,147.37515835432296,-2.4696623158654902,-5.4749600668363776e-05,0.9725153936434905,503.189825016365,971.0046343864689,0.24370384216308594,0.24680247902870178,188
65808500,persistence,zero_shot,CAMELS-BR,0.13568199002267645,0.2593131866985756,10.920085244695207,3.0906145063192483,11.489150271444098,0.0,0.26451559222345766,45.073610011576044,89.21792435552233,0.8205135464668274,0.8779500722885132,179
65809000,persistence,zero_shot,CAMELS-BR,0.7218220781312589,0.8601262519223876,3.9961661804358415,1.7699978749485725,0.9132792792418807,-1.7203164280676225e-05,0.9450719181157972,15.030703888036227,14.17927443128802,0.6624841094017029,0.7015188336372375,188
65810000,persistence,zero_shot,CAMELS-BR,0.3494981387427367,0.6806217134500123,13.858816587519032,4.87627667695918,2.484283302604002,-0.00010614016745061697,0.951537212415558,54.750032257384156,102.74611926516577,0.6812728047370911,0.7265715599060059,188
65813100,persistence,zero_shot,CAMELS-BR,0.9094563803273835,0.9440086207561933,11.819858481722116,5.692862361175579,2.447387641488769,-0.003425871543349057,0.9648059001514263,34.33401100388681,7.076037909734515,0.5718339085578918,0.5781688094139099,181
65815050,persistence,zero_shot,CAMELS-BR,0.9135626858710123,0.8041417144557644,23.943854172377243,8.917873747805332,4.696348948154625,-0.000920867576328286,0.8050305043747166,91.46374868219169,181.42348712041533,0.6098085045814514,0.665962278842926,188
65819300,persistence,zero_shot,CAMELS-BR,0.756023923988248,0.8333392162162209,11.57092372549788,4.876488030275559,-0.5041696780258208,-0.004130139761104313,0.8650402281395381,38.59797699036123,40.276662136806934,0.6437327265739441,0.648060142993927,187
65819500,persistence,zero_shot,CAMELS-BR,0.6104452571927419,0.8058874560853009,0.23825400405648542,0.10203244688857516,1.320696589714796,0.0009088698329980764,0.9851919406490964,0.6408536521460488,1.2073243259097897,0.58598792552948,0.5914103984832764,188
65820000,persistence,zero_shot,CAMELS-BR,0.5831403173601133,0.7411999431691432,3.0227549183438556,1.2181034218305828,-5.769468619992073,0.0,0.8735873286417286,9.505261700763425,20.5,0.5552265048027039,0.5140461325645447,87
65824990,persistence,zero_shot,CAMELS-BR,0.7731300698562322,0.7491268077913825,55.53313360119543,21.495478655429597,-1.4928228205881642,0.005087298549395007,0.7560741734298451,218.90271811925953,399.1453369388148,0.45882540941238403,0.5100712180137634,188
65825000,persistence,zero_shot,CAMELS-BR,0.8328960546947565,0.9053727075303374,39.750400051093564,12.613839819076214,-1.8109517042760537,-0.00040003658977327133,0.9602039710305817,142.51778178454293,239.774894432257,0.5909028053283691,0.572827160358429,188
65825001,persistence,zero_shot,CAMELS-BR,0.8780199452458749,0.9377095004948289,34.474355722946825,11.381320466700288,1.3371020564005247,5.847647363473735e-05,0.9826901269307755,136.96702437626456,20.9320068359375,0.6193265318870544,0.623371958732605,97
65825497,persistence,zero_shot,CAMELS-BR,0.785257919692076,0.7626602879782518,58.14815941063823,22.420372364368845,-1.466193507584644,0.005330871542227422,0.7699502744958319,222.57766775177194,403.1432747795751,0.46306201815605164,0.506807804107666,188
65826800,persistence,zero_shot,CAMELS-BR,0.8552378468218067,0.8180591336423135,52.42257345983613,15.118597522332538,-9.450484087932061,,0.8327184698114358,208.04058347355223,179.08796721164714,0.8663489818572998,0.8954125642776489,164
65835000,persistence,zero_shot,CAMELS-BR,0.9522800865322785,0.94568122900476,113.29887835270499,62.56166153765739,1.3878677868324194,-0.0011386735636422507,0.9500149076411235,288.5199152640581,402.37891653208084,0.39067724347114563,0.4037179946899414,188
65855000,persistence,zero_shot,CAMELS-BR,0.7232283145532985,0.8434931778867574,26.662475971773503,8.422154245224405,5.622106748303071,0.0043295440277820105,0.8987672864189389,110.82789121323265,149.93665471056943,0.5899389386177063,0.6701949834823608,188
65874990,persistence,zero_shot,CAMELS-BR,0.6764953386132867,0.8203558753456008,0.5508668802573234,0.19396593839257628,2.462724852830309,-0.0011219337182992485,0.8871461221361703,1.9171761245933587,1.4500353043935863,0.648365318775177,0.6875364780426025,182
65875000,persistence,zero_shot,CAMELS-BR,0.5782575485543016,0.7713954350319425,4.996361738407633,1.5331654737321594,0.4023138236901749,-2.8743391343639263e-05,0.9377830579322285,20.455041043685018,34.382044072525765,0.6017223596572876,0.6333772540092468,139
65875500,persistence,zero_shot,CAMELS-BR,0.8307788069859331,0.842774653343265,2.0880719421157474,1.1000261166821355,3.2592339414473255,0.0011272162516704105,0.8565614386581606,5.9045514929766725,5.979715469551717,0.4510094225406647,0.4796293377876282,115
65883051,persistence,zero_shot,CAMELS-BR,0.6802766227197986,0.8310846016182883,202.18129656550474,128.27052735267802,1.3994632359300483,-0.0006518898468192303,0.959239085220757,494.6891186477753,193.7915018756663,0.2089642882347107,0.18616510927677155,188
65883052,persistence,zero_shot,CAMELS-BR,0.7550677603625833,0.8182712118197905,378.1978630234518,176.0056179775281,1.0639392282244398,0.0019633741597914894,0.8436815476218031,1428.5743087272554,2495.1408777862625,0.34830066561698914,0.36283859610557556,178
65883070,persistence,zero_shot,CAMELS-BR,0.6434426674934511,0.8210200249177301,0.676282670432584,0.29098900726863314,2.6157959528685506,-0.0021115107413068584,0.9706457543066733,1.7605634030766166,0.38000011444091797,0.4300166070461273,0.48172667622566223,91
65889000,persistence,zero_shot,CAMELS-BR,0.7397456287022823,0.8707047561300405,1.721856890110587,0.69466385023391,-0.2640587713143332,-0.001406910943492306,0.9705841769364406,3.227267564698529,5.3389997482299805,0.5304369926452637,0.5293888449668884,94
65889700,persistence,zero_shot,CAMELS-BR,0.8397723930694294,0.8018010295954551,15.612219946897294,5.091961879973058,11.623759809892839,0.006161680665704643,0.8079186401790086,60.36499268853607,0.5211373524675025,0.7280949354171753,0.6411019563674927,108
65890000,persistence,zero_shot,CAMELS-BR,-0.03750974207121405,0.2703003848331259,10.57702469276868,2.938244653509018,21.638691798582418,-0.002432713584821701,0.2895663968148796,37.797119523152006,52.045413961663556,0.7261939644813538,0.9206277132034302,188
65894991,persistence,zero_shot,CAMELS-BR,0.5563443241209252,0.6865819293300807,297.86430905194095,215.2251822527717,9.478960422286567,-0.009568387024499171,0.7764908326050042,539.9595946681893,984.339181422989,0.24217277765274048,0.21039308607578278,136
65894992,persistence,zero_shot,CAMELS-BR,0.46183514540483717,0.6491513235993505,629.122323906488,453.5234375,-17.023965238211364,-0.002928684476103359,0.7820605760155573,1777.529545665637,3041.602373749731,0.39683419466018677,0.4691140353679657,128
65895002,persistence,zero_shot,CAMELS-BR,0.7126631987736005,0.8464839264704909,270.5089694283037,197.63880937364365,-6.61248136621017,0.0009789460746637054,0.9208232119721489,603.3515606554912,1125.900146484375,0.3928588032722473,0.4328092336654663,90
65925000,persistence,zero_shot,CAMELS-BR,0.6519090415208708,0.723466095266382,28.434375741431538,10.054421874784655,-4.960629232597855,-0.001705569868557428,0.8001914981066592,111.74955621403454,185.83117385340358,0.6249863505363464,0.5439351797103882,186
65925765,persistence,zero_shot,CAMELS-BR,0.5950341606386547,0.783406925541935,0.41859553180679415,0.15333333330021964,-3.004291737760767,0.0,0.94694605483404,1.270170585334625,1.270170585334625,0.9227467179298401,0.8451326489448547,45
65925770,persistence,zero_shot,CAMELS-BR,0.6692659354256194,0.8340448976890741,0.6504805989360696,0.19760638637904157,3.1107422217615457,0.0,0.9494240329888965,2.277334016808577,2.5999999940395355,0.9390295743942261,0.9026550054550171,188
65925775,persistence,zero_shot,CAMELS-BR,0.4514631652410349,0.6160885839436152,0.1480356594435675,0.08987341693873648,11.88118722128232,0.0,0.6496991746414782,0.29154758247573104,0.5,0.7100425362586975,0.9456384181976318,79
65925780,persistence,zero_shot,CAMELS-BR,-2.358131803900981,-0.26414080851087585,5.534417278070364,1.0382681452778464,22.76498789474953,0.0,-0.18583876192443127,23.99668739212009,21.191720975657077,1.0125044584274292,1.3009047508239746,179
65925800,persistence,zero_shot,CAMELS-BR,0.708451680767691,0.8102081696889785,2.8497631562361834,1.0170542832504037,-5.04955321484801,0.0,0.8904380029231255,11.097070371961816,20.1058512140396,0.5279683470726013,0.5554656386375427,186
65926000,persistence,zero_shot,CAMELS-BR,0.6150387122613068,0.5441275317584495,158.988673099886,59.54777720239427,-20.75962841299442,-0.004839931948232401,0.579036033104943,636.1859005039329,821.0,0.8819993138313293,0.5844067335128784,36
65927000,persistence,zero_shot,CAMELS-BR,0.9719726287478397,0.9549782050350095,17.331662439010426,9.466666502111098,4.299459581514507,-0.0006393962274555756,0.9555696648466536,49.514482753471995,35.29998779296875,0.6133173704147339,0.6582411527633667,51
65927001,persistence,zero_shot,CAMELS-BR,0.854143972825934,0.8436990989652088,17.88128128623799,9.051652576612389,-5.3616675079551275,-0.0033104184933839334,0.8575458295910363,40.409602916007266,2.75,0.6130225658416748,0.5860533714294434,23
65945000,persistence,zero_shot,CAMELS-BR,0.9038174071711875,0.9423913402863199,6.56219651497022,2.0320349880989563,1.3029867679897287,0.0012301226444281603,0.9650557600172764,26.586423229158633,46.295897607528545,0.5942624807357788,0.5781910419464111,188
65948000,persistence,zero_shot,CAMELS-BR,-1.238456063518968,0.035878306512351466,24.961366210439287,5.6023525769247655,18.68637076294721,0.004768143301508113,0.12033828844589955,106.29603109793602,200.03404361783132,0.9527913928031921,1.1614575386047363,188
65950150,persistence,zero_shot,CAMELS-BR,0.6620821638593222,0.7271629130286748,5.852349973310415,2.180000100284815,-22.028984068115324,,0.7592295343864903,1.6000003814697266,1.6000003814697266,1.0536231994628906,0.8680297136306763,10
65950155,persistence,zero_shot,CAMELS-BR,,,0.009999990463256836,0.009999990463256836,-5.2631529414422005,,,0.009999990463256836,0.009999990463256836,,,1
65950200,persistence,zero_shot,CAMELS-BR,0.45276202212619354,0.659813911619427,14.932913624492299,4.689051864300182,-11.636808694122557,-0.0033835298076413823,0.82958472790785,60.163881745551066,95.79048790470974,0.9929705858230591,0.8607056140899658,187
65954950,persistence,zero_shot,CAMELS-BR,,,1.5860002040863037,1.5860002040863037,-32.95995673891316,,,1.5860002040863037,1.5860002040863037,,,1
65955000,persistence,zero_shot,CAMELS-BR,0.594293670218762,0.7812328088614573,37.8526421439828,14.739203591503244,-2.454443595222209,0.0019100100770468205,0.941285687680162,142.22237379343932,245.74164583878357,0.7325416207313538,0.7530178427696228,179
65960000,persistence,zero_shot,CAMELS-BR,,,10.042396545410156,10.042396545410156,-12.046558754289196,,,10.042396545410156,10.042396545410156,,,1
65960001,persistence,zero_shot,CAMELS-BR,0.7601417269937613,0.8773450164330352,96.66988285387004,36.26496014696487,-2.69169611124651,-0.0007906289051061687,0.9569966042836578,390.9524473630027,505.2955727466872,0.5222246050834656,0.5647658109664917,188
65962000,persistence,zero_shot,CAMELS-BR,0.8686716826994303,0.9303913818036182,75.21879131754172,32.04489452280897,-2.4348251933581886,-0.005317088399236843,0.9654114128580661,282.89238322373205,134.0,0.6006544232368469,0.5657032132148743,47
65970000,persistence,zero_shot,CAMELS-BR,0.24127157449558767,0.5527419607130752,38.859399057644204,17.512000097547258,-0.5902527701201977,0.0034916320140439758,0.8374211156755109,138.15118948228132,248.57999420166016,0.8458265662193298,0.7630367279052734,70
65970001,persistence,zero_shot,CAMELS-BR,0.019269957558386674,0.5544847524657307,40.43842681464949,11.801958297364047,-1.9175614011751074,0.00011044530910787193,0.7396173940963418,165.7970036557098,222.96849995898927,0.9666727781295776,1.0800007581710815,183
65970020,persistence,zero_shot,CAMELS-BR,0.037920560428648664,0.3394972834721176,0.14644095605038351,0.040825687964028176,-13.931888213815034,0.0,0.6925738127064855,0.5634713755834259,0.8062257623540895,0.513931930065155,0.3525179326534271,109
65970250,persistence,zero_shot,CAMELS-BR,0.26155115648019345,0.43091549124101347,2.4341828055876076,0.655454007642254,19.00411403508877,0.0014971153066677123,0.44902320243701854,9.82080169995766,15.349017847078676,0.9994614720344543,1.1782950162887573,187
65970500,persistence,zero_shot,CAMELS-BR,0.23720152538764427,0.18891884504773182,126.55011725812464,34.48461501770294,-29.2116660904637,0.03149057035802266,0.3139187343960571,441.5545864196966,836.9999694824219,1.6031792163848877,1.241585612297058,65
65971010,persistence,zero_shot,CAMELS-BR,-8.818417475277831,-1.7396018052624846,69.44000881729569,9.318297705751784,50.4135738168024,0.004382099441963789,-1.7222484611905249,291.1667921800492,577.8627299154364,0.8542799949645996,1.1965954303741455,141
65971050,persistence,zero_shot,CAMELS-BR,-0.8687019295979685,-0.06619530326182721,25.415139131306148,6.770204039252534,40.759540446266065,0.0,-0.049241907357520986,93.18925279751325,154.00999450683594,0.9497407674789429,0.773814857006073,49
65973502,persistence,zero_shot,CAMELS-BR,0.859971247015102,0.9204518377535721,254.480655955063,177.77659574468086,1.4900173559866348,-0.001247431833249487,0.9553654907172918,564.1726686042138,272.8552729928451,0.2941977381706238,0.2982895076274872,188
65974000,persistence,zero_shot,CAMELS-BR,0.8511751244094549,0.9032604220470992,2.643776533286028,1.3498611367411084,-0.8482521956260541,-0.004353358260965827,0.9413979011639345,6.556247020971678,1.75,0.8561722636222839,0.8795560002326965,72
65974500,persistence,zero_shot,CAMELS-BR,0.6389425082056848,0.7988390237505386,1.4179786940057784,0.6456815254229765,-3.733433501553413,-0.0012297667294091652,0.8651298411146816,4.31472560393585,2.490499064690784,0.5348228812217712,0.5293347835540771,130
65975001,persistence,zero_shot,CAMELS-BR,0.35386240624205156,0.47531060730833796,634.7343847549768,459.94421605860936,-38.30348861654052,-0.0032536857553778203,0.5119050375015399,1443.371579099186,2894.0219531587436,0.2938825488090515,0.31281283497810364,188
65975300,persistence,zero_shot,CAMELS-BR,0.6575553231678466,0.8051863322396227,18.0818952024177,7.2569238657646995,0.8651499751429576,-0.0036358823447409233,0.8608796094440334,66.49898116665867,77.69973132132877,0.5554355382919312,0.5746006965637207,188
65976001,persistence,zero_shot,CAMELS-BR,0.6117146102703186,0.7994738669007557,0.7422282848343161,0.3101704481629316,-4.525348515703728,-0.0012896840583790925,0.9526721950070507,1.7312454909500472,1.5563578193726875,0.6733582615852356,0.6287955045700073,176
65979000,persistence,zero_shot,CAMELS-BR,0.6072106523127705,0.7253544466013804,20.752249503849367,6.828111063820474,-5.250763081226987,-0.0021670041077845176,0.827458189009315,84.56952763949697,148.67082017715714,0.8352493643760681,0.7990612387657166,170
65980500,persistence,zero_shot,CAMELS-BR,0.46301350835738786,0.7338024708879863,117.97255224023627,40.29872154060906,2.0848767189098227,-0.0012364871965394111,0.8595194743949307,448.33037039865616,779.9360138085868,1.2488716840744019,1.264941930770874,169
65981500,persistence,zero_shot,CAMELS-BR,0.7935679701731826,0.697167040641004,136.8209471638211,29.934544904665515,21.25091247411852,0.0037604155240930845,0.6980493874265931,551.7209782460957,161.760009765625,1.5779966115951538,1.6450262069702148,66
65982000,persistence,zero_shot,CAMELS-BR,0.2572323203667233,0.3286817017248044,2.2342534104208642,0.6019020384671737,-10.756243528019656,-0.004229101720751249,0.5051771491118169,8.777871181505214,15.17020058631897,0.5817215442657471,0.39497336745262146,49
65984000,persistence,zero_shot,CAMELS-BR,0.4265189451251036,0.6387509807263638,430.70067981628836,316.32027080352293,-26.189981268517784,-0.004456030586264615,0.6978921310610735,1009.708397919504,600.4308883490444,0.31526562571525574,0.3103761672973633,187
65985000,persistence,zero_shot,CAMELS-BR,0.9276690214861872,0.9485364046397738,474.44717844186073,236.31329540496176,1.7008214827541932,-0.0013631012831425617,0.9602656370895389,1566.5872401104798,168.37163026746913,0.34543725848197937,0.3518102467060089,188
65985220,persistence,zero_shot,CAMELS-BR,-0.6204725468399606,0.2529414174603085,8.76285397586635,1.941435897687144,-7.506158273625204,0.0008590364099928527,0.8733187827854056,37.04654691556401,56.2671104335095,1.0839070081710815,1.11234450340271,181
65986000,persistence,zero_shot,CAMELS-BR,0.8527969032641676,0.9155403202010047,596.8991257581214,320.2924482001633,-4.425340285790677,0.003768245429392683,0.9554073060316544,1992.4986138678853,160.66432687119487,0.38298553228378296,0.4066731631755829,183
65987000,persistence,zero_shot,CAMELS-BR,0.6785883335340424,0.7529525028485623,317.6456225237805,208.92712410460126,-10.691511519009735,-0.004917373792562935,0.8113950499148345,826.9122877979152,898.8193644998977,0.34408801794052124,0.31908661127090454,188
65987001,persistence,zero_shot,CAMELS-BR,0.512452116389555,0.6621431333648045,387.2650924339523,294.0928237067329,26.671054374951044,-0.004467684418723283,0.6795026095914696,894.8941504107968,655.2621799796816,0.32800933718681335,0.305303692817688,180
65990550,persistence,zero_shot,CAMELS-BR,0.7763569216994705,0.7489843049002098,16.611854607856863,5.734395511069541,8.65939240921987,0.0010983959267069701,0.7580968586680307,65.75314715561183,55.27557634849099,0.6874518990516663,0.7594324946403503,177
65992500,persistence,zero_shot,CAMELS-BR,0.8826613612951238,0.9393176083440156,214.34706392726022,147.43148860525577,1.1851575061088948,0.00038579982307044083,0.9801067785636718,415.17368088255324,149.8463499432368,0.27766668796539307,0.2684342563152313,188
65993000,persistence,zero_shot,CAMELS-BR,0.6545834958509353,0.8300303675334648,319.27234679366677,205.20532518752077,0.22761112495053662,-0.0002541895761534593,0.9715121336855002,762.6026542188818,314.8607785136037,0.23249374330043793,0.23607076704502106,188
65996000,persistence,zero_shot,CAMELS-BR,0.38209377984391624,0.6986290049333082,2.0826892623819253,0.6900500090498674,1.7999598019763319,0.0005727853258692336,0.8394955948813223,4.155836376719279,3.369086582849884,0.34332457184791565,0.3352073132991791,114
66005000,persistence,zero_shot,CAMELS-BR,0.5983663439287938,0.7587642830750136,11.017001792620219,5.002483050873939,7.3407619558841635,-0.003270855093802781,0.8168677856032587,26.107069678040794,24.083736079152605,0.37166744470596313,0.4447667598724365,188
66006000,persistence,zero_shot,CAMELS-BR,0.8640112304608951,0.9150254693143798,6.814397025970772,3.199752326165476,3.4466856240911126,-0.0012239891656127995,0.9431888209189854,14.907356339111399,26.724314089974246,0.2556677460670471,0.30738553404808044,155
66008000,persistence,zero_shot,CAMELS-BR,0.7106589263391738,0.8561546469856286,17.29109227302957,6.321430977354658,-1.5190360257714595,0.0013536828670709863,0.9719336054650769,59.102656382288416,39.93111406037216,0.7225107550621033,0.7053558826446533,188
66010000,persistence,zero_shot,CAMELS-BR,0.9795916825602407,0.941460736978767,9.556236827448066,5.200772450294024,1.3796759693414389,-0.002155484790110851,0.9418314011037635,25.176392968661958,50.67498779296875,0.2382940798997879,0.2493489533662796,81
66015000,persistence,zero_shot,CAMELS-BR,0.9906758822949986,0.9931431464912844,13.451766759618483,7.00861847654302,0.0983210121659179,0.0014265999005326387,0.9948601995844744,19.302040117195933,6.6407637853705355,0.23449283838272095,0.2397921234369278,188
66025500,persistence,zero_shot,CAMELS-BR,0.05507579279390873,0.51962356447677,0.8734033131912389,0.6834989380329213,-0.2296786207296246,0.0004228434766508178,0.9800736662331122,1.614781622857264,2.84264072281797,0.1402622014284134,0.13349750638008118,188
66040000,persistence,zero_shot,CAMELS-BR,0.9784740880645999,0.9813430526048831,6.037273495941914,2.7687296087091617,0.04277597054069159,-0.0004213137197374723,0.9847756281692547,11.317150382672718,6.862226583561717,0.0974380373954773,0.09445846080780029,165
66050000,persistence,zero_shot,CAMELS-BR,0.8597853875204737,0.8654699899706086,15.534998546248081,5.69269509748979,0.07621319413731731,-0.00047835342074994437,0.8766626517075028,52.7090550249541,90.4354248009396,0.16984030604362488,0.17318303883075714,110
66051000,persistence,zero_shot,CAMELS-BR,0.9521900655664186,0.9759479930568384,0.7646709316811142,0.448999415052698,0.17772486377326363,0.00010174524841379592,0.9963284796384827,1.4847271874559784,0.8987386934818776,0.06461480259895325,0.06129559129476547,188
66052500,persistence,zero_shot,CAMELS-BR,0.7759922135511574,0.8721660107282301,6.935204913051103,3.6166520552201704,1.7163970771495707,0.0,0.9190693537880923,8.673921676280882,15.186779946087109,0.14144323766231537,0.14190523326396942,187
66055000,persistence,zero_shot,CAMELS-BR,0.8104277624114921,0.9051111326003302,36.39172822151391,14.71526921313742,0.7323721159121683,-9.229792992745782e-05,0.9791162213921173,133.90415938992928,280.35313120302925,0.14861662685871124,0.15917110443115234,184
66065000,persistence,zero_shot,CAMELS-BR,0.8714285296777389,0.8647317642405683,19.963423267084227,7.774818538797312,-2.34769673648577,-0.0007466884416018615,0.8798342565497879,73.48267422371119,133.34960891093058,0.346451073884964,0.31657320261001587,145
66070004,persistence,zero_shot,CAMELS-BR,0.9979041338160903,0.9982749085869276,12.525825039646875,7.821187973022461,0.09227313609843593,-8.567442208819165e-06,0.998573467771766,23.956522961426945,21.891454664085394,0.12441717088222504,0.124199777841568,184
66071300,persistence,zero_shot,CAMELS-BR,0.8484132735000911,0.9216524076692199,2.1440394405863095,0.9484127589634487,-0.3828617402549386,0.001081593361383652,0.9677973979576014,4.864156041899021,7.738649498799618,0.034217607229948044,0.036396682262420654,126
66071382,persistence,zero_shot,CAMELS-BR,0.4108797803456925,0.6973685693344323,28.89738432874486,9.402602976018732,0.6073873781949028,-0.0006520281341350518,0.7849492860112472,118.47641807652748,17.485074463417366,0.22103969752788544,0.19783465564250946,154
66071385,persistence,zero_shot,CAMELS-BR,0.6451434370828775,0.8205144402294292,7.532906534071946,4.648936170212766,0.21085184143941524,0.0007482609875870344,0.9873887332677906,19.87231971635649,32.15068687705858,0.0868709608912468,0.08879225701093674,188
66071390,persistence,zero_shot,CAMELS-BR,0.5025977638702805,0.7567083590041941,6.697923144052027,3.918072620070124,0.2379885018507283,-0.0004298370169673856,0.9716678008220183,17.787973926742268,31.60000228881836,0.08497358113527298,0.08936460316181183,83
66071392,persistence,zero_shot,CAMELS-BR,0.7394525767591176,0.8492275077621615,8.619342088797467,5.886145534894324,1.5448092680382615,0.0,0.8977644485129799,16.743644108583716,23.325269720844055,0.1140313446521759,0.10997478663921356,151
66071397,persistence,zero_shot,CAMELS-BR,0.6919174940430755,0.8383393272749535,6.575432338753145,3.66402966409757,0.0746585262383576,0.0002613887173713277,0.9671473878376381,20.503115693473294,34.23848017306129,0.07605757564306259,0.08638421446084976,181
66071400,persistence,zero_shot,CAMELS-BR,0.47569031244079973,0.6492009769114455,16.637809582189185,8.146032851675283,-1.2413585637564597,-0.0010706442769424485,0.8132586108779923,61.35992643145542,115.07217878213096,0.15334555506706238,0.13697369396686554,184
66072000,persistence,zero_shot,CAMELS-BR,0.9228843773515742,0.8987219154896244,16.885340336468765,8.407336546027143,-2.7787896397670107,0.001248008920965606,0.9051475647666062,50.92226643056376,78.16676170366064,0.22620642185211182,0.21982844173908234,184
66074000,persistence,zero_shot,CAMELS-BR,0.6359400514216769,0.702004696392343,1.2770375020586662,0.6641666094462076,-1.3257601676516082,-0.0036192546541324207,0.7202194352964387,2.5199995040893555,2.5199995040893555,0.4134199023246765,0.5637509822845459,12
66076000,persistence,zero_shot,CAMELS-BR,0.9857775881469276,0.9906664516401676,3.701863776351195,2.034782782844875,0.3283725894451893,0.0007830042181347831,0.9937743110665507,8.546158950812048,8.382847128310633,0.06511923670768738,0.06399159133434296,184
66090000,persistence,zero_shot,CAMELS-BR,0.9516764510407301,0.9714196123110508,53.70197900624128,11.305020036368534,-0.6307507570044412,-0.0001302470353381005,0.9849849222271203,224.4980425412082,29.03210120523868,0.10168448835611343,0.10250303149223328,145
66110000,persistence,zero_shot,CAMELS-BR,0.9716243186655871,0.947860512954294,4.891680952888608,1.9197549073303,-2.5261255687370205,0.0022416968859649694,0.949678800591199,13.216310256477913,10.14105604280893,0.4860084354877472,0.4472619295120239,188
66120000,persistence,zero_shot,CAMELS-BR,0.9993170700386305,0.997724883682925,2.462354467669681,1.7383295018622216,-0.09866208126996574,-0.0008915329320813691,0.99774371099194,4.150750094060698,0.0,0.04388110712170601,0.04391484707593918,188
66126000,persistence,zero_shot,CAMELS-BR,0.9861447398510502,0.9885176859353506,3.1007845563445495,1.9527027027027026,0.09364218827008379,-0.0002473730496715242,0.9908166848628647,3.1269438398822866,2.516611478423583,0.04943322017788887,0.049534689635038376,148
66140000,persistence,zero_shot,CAMELS-BR,0.814521295279869,0.8802569878414265,30.371768298564174,10.486469551418605,6.151274558015575,-0.0017402012191049879,0.9082213659263532,82.90895147225899,119.89315041630115,0.44853949546813965,0.4969411790370941,178
66150000,persistence,zero_shot,CAMELS-BR,0.3700573167582192,0.5159238906373003,2.295427253216156,0.5628138913048638,-6.304202422235322,-0.0011551412523612657,0.7016755521261728,9.506409912273492,17.419614373570518,0.4384448230266571,0.31631383299827576,144
66155000,persistence,zero_shot,CAMELS-BR,0.48961289314989187,0.49355961310626084,2.8594330087034394,1.0306722717124874,-12.27611659534425,0.0,0.5769769267008242,11.561525341413159,16.88268335267415,0.3634662628173828,0.3234899342060089,119
66160000,persistence,zero_shot,CAMELS-BR,0.7357898068218776,0.8648406585394093,57.674568667929435,21.84491673936235,2.759192206166495,-0.00034431737655284816,0.9504498591642793,201.4337393779879,37.274898451873106,0.5227873921394348,0.5982528328895569,188
66162000,persistence,zero_shot,CAMELS-BR,0.5539624381965966,0.7498317674995125,42.78349186286038,16.923436253628832,-4.683419649432685,-0.000645586017054417,0.9172554031936277,141.31544693162132,187.23813705475322,0.6381702423095703,0.641165018081665,188
66163000,persistence,zero_shot,CAMELS-BR,0.8977001135402547,0.9449545629321138,29.299360448996776,14.866277202646783,-0.3469056804199372,-0.0003611089773650905,0.9814212642050676,73.92671963584642,93.70747423681995,0.46348148584365845,0.4165645241737366,188
66170000,persistence,zero_shot,CAMELS-BR,0.5463174955448051,0.5442195219395907,0.9008462657939776,0.19211181537671523,-9.118091492797959,0.0013179492849797296,0.60814190287167,3.6970606240104247,6.29373662874577,0.31097888946533203,0.20500291883945465,110
66171400,persistence,zero_shot,CAMELS-BR,0.3268266735442811,0.3719799424163587,8.744270001946171,2.026233472941834,5.014125558087387,0.00017669809712204942,0.37363578335719494,34.930982860013174,75.9280014038086,0.22738881409168243,0.2898542881011963,81
66171500,persistence,zero_shot,CAMELS-BR,0.6304645866283267,0.7890409786684257,6.197142064656343,2.6193738998250757,-0.18536792459210644,0.0002234120250466775,0.9182755896502379,22.608815661712097,34.1282933540763,0.10647407919168472,0.11295848339796066,188
66173000,persistence,zero_shot,CAMELS-BR,0.6531096234512167,0.8286803885932184,16.958395698715595,6.195682424180051,-0.11129920867016217,0.0015790681840180797,0.9470570215180791,68.12086643446663,132.4788867710054,0.1428418755531311,0.1529545933008194,188
66174000,persistence,zero_shot,CAMELS-BR,0.7473931989305322,0.7814703142864152,4.893005493856573,2.061891329288483,3.0920496603549883,-0.0010415510161995989,0.7965004433198065,18.576517813897347,28.6697734429996,0.19216015934944153,0.2606341540813446,175
66175000,persistence,zero_shot,CAMELS-BR,0.8519302987347368,0.8914038649187052,3.9482279419076294,1.6252604601854947,0.16081792248110766,0.00030101516875904837,0.9221211723357561,13.205633776370904,16.918154387091377,0.18602874875068665,0.1535148173570633,187
66200000,persistence,zero_shot,CAMELS-BR,0.9158587977551949,0.9316055613535508,12.965535221117825,6.38156981901689,1.2238615719562658,-0.0004205708957569368,0.9417162167123185,41.10864217336773,17.11554178191261,0.15197190642356873,0.15897159278392792,176
66201000,persistence,zero_shot,CAMELS-BR,0.8011053109543184,0.8638756586889921,18.12725987585261,8.155790613052693,1.0893103948231908,0.0,0.8925304022566081,52.403173357573365,20.49231586168861,0.18205010890960693,0.22524291276931763,188
66210000,persistence,zero_shot,CAMELS-BR,0.8293727444196815,0.75200369068258,58.65864678555574,27.479468041277947,7.356668643030798,0.00043183341158183064,0.7555435925035677,181.44598894334425,196.72833538432988,0.3052615821361542,0.34882083535194397,188
66231000,persistence,zero_shot,CAMELS-BR,0.9845760821832353,0.975330455876872,5.724626124423692,1.8226599997662483,0.3627994205689029,7.375995080437627e-05,0.9762232110860536,11.698094186785571,8.349532103822321,0.04104781895875931,0.04681883752346039,188
66240000,persistence,zero_shot,CAMELS-BR,0.7996432220682974,0.8260080787882909,64.38524932473925,26.14438293093727,-3.3799995076242677,-0.0009942535797587589,0.8596247131551625,205.1909579772181,385.0478484108752,0.3405742347240448,0.2903951108455658,168
66240080,persistence,zero_shot,CAMELS-BR,0.9708856840630954,0.9781297626167293,10.418120465926338,4.01595744680851,-0.6530361050328227,0.0,0.9825937364715408,17.77357589231835,0.7071067811865476,0.09275847673416138,0.1047251969575882,188
66245000,persistence,zero_shot,CAMELS-BR,0.10685539507655217,0.18533936115698613,3.604902024388083,1.117500004172325,-15.009980564018283,0.0,0.47715348520306944,14.821425577557394,23.010459964418473,0.5479041337966919,0.3633496165275574,120
66250001,persistence,zero_shot,CAMELS-BR,0.9033712311254458,0.9042515168537547,58.55055326234778,24.924945750135056,1.7517341551274943,0.0001264792940668287,0.9133972738917275,189.24924153390967,105.89685500709848,0.2432478815317154,0.28132474422454834,188
66255000,persistence,zero_shot,CAMELS-BR,0.9385931596632692,0.9017973195246121,54.95996144969753,26.713781559720953,2.8823074040536936,-0.0029015743597988614,0.9046112599797751,136.71574260137353,67.00202452412971,0.2628466784954071,0.27065661549568176,188
66260001,persistence,zero_shot,CAMELS-BR,0.9088387645566253,0.8487934340985547,81.22595206501158,36.8336121579434,5.023849757204547,0.0004370392869755199,0.8516643345446313,240.540843818081,431.42275605816883,0.297281950712204,0.34141188859939575,188
66260002,persistence,zero_shot,CAMELS-BR,0.9275473417120608,0.9370015406851391,103.11185661176033,60.68038247207115,2.965383759110798,-0.00010897781875011253,0.9464574300077638,167.67275017528831,171.41417503529274,0.4532177746295929,0.4297732710838318,145
66280000,persistence,zero_shot,CAMELS-BR,0.9912013764270208,0.988116725043658,15.972078819478462,9.353810103043266,0.6277674214097494,0.0003104572135705988,0.9888335921508323,18.229720704693044,9.586138845387305,0.1599806696176529,0.16072943806648254,184
66340000,persistence,zero_shot,CAMELS-BR,0.9689265368061016,0.974796120877985,20.679514655635792,4.769994900550372,-0.532499971528612,0.0007982293590150756,0.9801977759794592,85.4884691050255,1.4170620149828552,0.10378151386976242,0.10381066799163818,162
66350000,persistence,zero_shot,CAMELS-BR,0.9992900646436849,0.9983174553761179,3.88647925563631,2.595478544843958,0.0779397546417209,-0.0003707511871132267,0.9983520405194853,3.1144823004794873,0.7071067811865476,0.04713357239961624,0.04788986220955849,188
66360000,persistence,zero_shot,CAMELS-BR,0.9985343101645032,0.9978813266137826,4.025742740956828,2.5691084507533484,0.11178445743693922,-0.0012665559772700383,0.9979987534509722,2.005130437761249,3.339681209825282,0.06154542788863182,0.063876211643219,175
66370000,persistence,zero_shot,CAMELS-BR,0.9983667493581342,0.9977428390154145,6.600928108759206,3.7761398400674318,0.06893051804348352,-0.0005390284454653838,0.9978848584350043,1.8550334204461587,0.9517715970158039,0.06472057104110718,0.0645810142159462,179
66380000,persistence,zero_shot,CAMELS-BR,0.8651761854700422,0.9309393331884901,12.566314273859888,5.68382294797107,-0.819543221625289,9.400753943769602e-05,0.9789607813482991,34.560919648359196,7.972014197965367,0.21215493977069855,0.2007223665714264,181
66384000,persistence,zero_shot,CAMELS-BR,0.5608317836569088,0.7260939905552197,2.3122317424632253,1.1534463294008945,1.78057767923196,0.0010231397616951568,0.7742546905091705,6.654983563790198,3.068526282659961,0.1593097448348999,0.18019792437553406,188
66390000,persistence,zero_shot,CAMELS-BR,0.8634370272868148,0.9240595870258176,1.678845193985433,0.8588297823642163,0.12176075085125661,-3.483520916542585e-05,0.9601180176401596,5.037757111228315,2.2803505156272483,0.13305632770061493,0.13114246726036072,188
66390090,persistence,zero_shot,CAMELS-BR,0.6949956262284355,0.8052338457534287,5.252573428429332,1.7670454128899358,-6.649578506009924,-0.0017678380523043664,0.8896402197345568,19.879470143579784,32.011474142770936,0.5066377520561218,0.46365365386009216,176
66400000,persistence,zero_shot,CAMELS-BR,0.888462502143562,0.9021875850938091,19.86022738652692,9.24359214873541,-2.189300339585669,-0.002329503263452177,0.9186587169263882,67.18955679392535,108.43333758936497,0.23821774125099182,0.222633957862854,168
66400360,persistence,zero_shot,CAMELS-BR,0.9203193124936283,0.9540763892345208,9.030271862270206,5.280163174090178,-0.5817758964235746,0.00046832389370546,0.9706205237332849,26.99608112239276,41.84201065352648,0.15007799863815308,0.16039875149726868,184
66400390,persistence,zero_shot,CAMELS-BR,0.8326721860309414,0.8467709944425024,13.845602608269688,6.363455842523014,0.6481246578157253,-0.0014150105925505047,0.8598601704880237,39.73840238566136,62.95785643233096,0.15538959205150604,0.16033382713794708,136
66430000,persistence,zero_shot,CAMELS-BR,0.8483187204094548,0.9041059542439052,16.07749011949629,5.02487605643672,-2.298014172387097,-3.481970501360496e-05,0.9443867650741201,62.110439976360496,84.74467381349042,0.3579033315181732,0.3535216152667999,179
66440000,persistence,zero_shot,CAMELS-BR,0.7400635714334263,0.8027838363620166,12.925627714760575,3.227851540484327,-4.886737782651661,0.0,0.8597452459848995,51.5451300797356,92.57369655571078,0.4754237234592438,0.44366455078125,188
66450001,persistence,zero_shot,CAMELS-BR,0.8857751809767415,0.9361909234802133,31.74692549308873,14.133832194887358,-0.0012993560348813125,-0.0006915397441008535,0.9726790832054281,95.3909885525056,104.07360225442932,0.3651379942893982,0.35816940665245056,145
66454800,persistence,zero_shot,CAMELS-BR,0.9004216585405488,0.9283740136383019,2.817169620521659,1.5451723768355998,0.5254702623412986,-0.0007433574875853844,0.9447926609841962,8.012211934209832,8.15340801130218,0.16721586883068085,0.17916223406791687,188
66455000,persistence,zero_shot,CAMELS-BR,0.941402154276195,0.953938746742672,2.806091823741726,0.9325367529341515,0.1672849784476856,0.00035984733718181887,0.963036063487806,3.9911024869896665,4.213444858256002,0.181551992893219,0.19282931089401245,188
66460000,persistence,zero_shot,CAMELS-BR,0.9756682264281633,0.9874164343745993,21.242639014688443,11.550287682669504,0.2947695290254249,0.0003093011181067931,0.995336796759342,52.30980439842257,47.86488932190099,0.19258110225200653,0.1937604546546936,140
66465000,persistence,zero_shot,CAMELS-BR,0.9946320306548924,0.9961340446410542,5.944642141764592,3.727126994031541,-0.2107339394730739,0.0005134244880339017,0.9971614641927958,1.7919272234052537,1.838481946922311,0.05846862494945526,0.055721465498209,188
66470000,persistence,zero_shot,CAMELS-BR,0.9827944489244934,0.9912808396271977,14.282448614200138,6.021312758501838,0.13900681648997815,-0.00289597501175521,0.9983928325223378,0.2802658657387004,0.0,0.11055538803339005,0.108955018222332,170
66475000,persistence,zero_shot,CAMELS-BR,0.8377150093996474,0.9077140769715576,1.5018845069464009,0.7299753911992445,3.0688786032451816,0.001652925457194818,0.9469381099525122,1.7812420546107288,0.323767769410597,0.270182341337204,0.3410404920578003,187
66489000,persistence,zero_shot,CAMELS-BR,0.8033572595970448,0.8997182215220091,6.176913089816703,3.0691489361702127,-0.9994633753689295,7.750139851868832e-05,0.9788522599254773,18.22909761891685,13.366625103842281,0.10806278139352798,0.10054881870746613,188
66490000,persistence,zero_shot,CAMELS-BR,0.9596695091874512,0.9594599787470676,3.2775613123855414,2.176989027794371,0.29090208731651185,0.000332710954257384,0.9638181940112092,7.1932114085083425,3.469708120089438,0.09747577458620071,0.09650803357362747,188
66493900,persistence,zero_shot,CAMELS-BR,0.8703797882216805,0.9290557069900321,2.672357519253561,1.1847376924880006,1.8388628381169645,0.00029576920694605966,0.9643646363220416,4.12175148585705,5.3664823798761825,0.2515762150287628,0.24538837373256683,188
66520000,persistence,zero_shot,CAMELS-BR,0.7921265478908396,0.8522724468920184,9.00449687683671,3.9991049221583777,-2.0786793319011485,-2.5713220023870775e-05,0.9001355407515866,31.004038936558686,56.23867132532598,0.25097891688346863,0.1950967162847519,140
66522000,persistence,zero_shot,CAMELS-BR,0.9641796461261518,0.9772590003326875,6.7363081712124,4.460548287007346,0.050409734795223274,0.0005628901159349976,0.9850908101638332,8.924140970878478,7.954525894364362,0.2254122942686081,0.22088168561458588,134
66523000,persistence,zero_shot,CAMELS-BR,0.8725186304715589,0.8977386678091863,13.942892645328262,7.148936170212766,-1.4415103967342773,0.0,0.921148044583544,46.184412955021955,88.2779700718135,0.24027299880981445,0.22812581062316895,188
66525000,persistence,zero_shot,CAMELS-BR,0.944062977834349,0.9618170551136582,11.517382449016129,6.681758231305062,0.37696206327604365,0.0012512821310991951,0.973927183960541,31.513396901986297,30.429033132277755,0.20841003954410553,0.19413445889949799,188
66525100,persistence,zero_shot,CAMELS-BR,0.9080250220250061,0.9519964552331295,6.427748485938708,3.8610048294067383,-0.06919377328104259,2.870880942648993e-05,0.983061459185063,13.931870819930475,16.453994750976562,0.22205547988414764,0.21596884727478027,44
66600000,persistence,zero_shot,CAMELS-BR,0.9970510840337485,0.9968463491955992,3.632524135677798,2.156129719298563,0.2619021375749028,0.0005900289599383955,0.9971555213137308,10.555890895509943,7.708171712248521,0.07940598577260971,0.07849182933568954,162
66650000,persistence,zero_shot,CAMELS-BR,0.9983267238002298,0.9974988960141808,3.522886784920769,2.115642638433547,0.06639038907874723,-9.261354224283751e-05,0.9975877993677966,9.470003388570882,2.9995946446542794,0.07559970021247864,0.07514718919992447,168
66710000,persistence,zero_shot,CAMELS-BR,0.9986884865410101,0.9990102367305703,7.408688658919764,4.861648725426716,0.05088169657096655,0.000468884445642314,0.9992242915352448,6.904984231238078,5.320044762152614,0.04740316793322563,0.04803204536437988,184
66750000,persistence,zero_shot,CAMELS-BR,0.9972542775656889,0.9970283226598571,10.199169025807684,4.65214968517999,0.1082401278513127,0.0009659953300078985,0.9973497952854491,5.211986666218894,0.0,0.044676244258880615,0.04345453158020973,181
66800000,persistence,zero_shot,CAMELS-BR,0.9996022474566822,0.9991176050402628,6.0900850142176095,4.563794114854601,0.02497915450810074,-0.00018107718456204097,0.999136197078339,4.573322438714744,3.93994140625,0.0322139598429203,0.03215938061475754,180
66810000,persistence,zero_shot,CAMELS-BR,0.9994550173089646,0.9982062897199839,9.493713456475062,6.232075305695229,0.06409073054512876,-0.00018097170160854496,0.9982222514259955,13.200372509064419,3.3375232911815242,0.03619767725467682,0.03649973124265671,188
66825000,persistence,zero_shot,CAMELS-BR,0.9994348425589232,0.99874664742237,4.319024266883065,3.084558852175449,0.024158954222274414,8.761166649829365e-05,0.9987702779618408,1.5756182349391548,0.0,0.025534724816679955,0.02546348050236702,188
66830000,persistence,zero_shot,CAMELS-BR,0.749267526702208,0.8560159425319063,0.3241814597277012,0.13850159102931936,2.8290852112461455,0.000996887029543956,0.9067201290601523,1.036439032009917,1.2761656608453704,0.22816963493824005,0.2788976728916168,188
66840000,persistence,zero_shot,CAMELS-BR,0.8217718158691582,0.8722746628700252,8.709300242306083,4.5985595703125,-0.18820920898992585,-0.0004501131867563992,0.8953280118134125,10.308645741132661,13.160003662109375,0.03000103496015072,0.030107684433460236,25
66845000,persistence,zero_shot,CAMELS-BR,0.9661839703604138,0.9808700391218569,9.62987366387225,5.715814590454102,-0.17198351800438855,-0.0008022151595505969,0.9911719542295002,13.442201555044504,6.183791725672833,0.15595293045043945,0.15839633345603943,188
66849000,persistence,zero_shot,CAMELS-BR,0.5002486946445985,0.5722970073171687,24.397803490848695,8.859899427579796,3.5293859933070433,0.0007346919416707353,0.5868721098594754,93.11900979301807,173.32216434286343,0.2849336862564087,0.3339572548866272,184
66850000,persistence,zero_shot,CAMELS-BR,0.8874825010240919,0.9319097650583635,10.382635912373843,6.2556578170421515,0.7026465273293212,0.006442999977755132,0.9564093431772949,6.669615482349702,8.888992309570312,0.19128747284412384,0.21083077788352966,43
66855000,persistence,zero_shot,CAMELS-BR,0.8052466536946749,0.8620215480222562,11.34740719026535,5.124489106630024,-0.3455458459587185,-0.0005952017509948081,0.8874752180187316,37.59526689398987,48.18791721249275,0.2482491135597229,0.2522135376930237,152
66860000,persistence,zero_shot,CAMELS-BR,-0.2326355278526977,0.45918359583361223,0.6479773151288003,0.46669815171439694,0.0012223335101982145,0.0007292537343237739,0.8234453187900826,0.7173097962249475,0.7174259403654748,0.07277772575616837,0.08386514335870743,106
66865000,persistence,zero_shot,CAMELS-BR,0.2821144603803104,0.30856843226600184,6.720043866845209,0.8510712700328608,-6.138352520347316,0.0007082810359494394,0.47393202642172527,29.30936931474462,61.62937691761198,0.29951727390289307,0.18647094070911407,174
66870000,persistence,zero_shot,CAMELS-BR,0.6395679974435295,0.7382841169115439,62.406541261278846,25.329900295176405,-2.2266876794929633,-0.0005143250733631215,0.8281889880832525,211.05805143434225,400.90501594425075,0.20182877779006958,0.17656758427619934,188
66880000,persistence,zero_shot,CAMELS-BR,0.9648012087004656,0.965953408299831,26.40133352545121,17.058989910369224,0.953697597858026,0.001045380185799102,0.9699278054171512,63.0586119446979,77.06184424301782,0.1537017822265625,0.16132396459579468,188
66885000,persistence,zero_shot,CAMELS-BR,0.9224740882286794,0.9348341172755715,2.7014926488635735,1.9004437481915508,-0.09036391205855898,0.0,0.9439452861551567,2.8122152386326444,2.8122152386326444,0.013088983483612537,0.012541374191641808,27
66888200,persistence,zero_shot,CAMELS-BR,0.8597967624486023,0.8787648913292102,1.3797165329601928,0.6163865858767213,2.857307787582658,-0.0002307996741974655,0.8933864226369886,3.322649466714507,3.2062437061151483,0.3473238945007324,0.33938804268836975,119
66895000,persistence,zero_shot,CAMELS-BR,0.9997013158359535,0.9995031487303286,7.2167207369605855,5.1925954615816154,0.047319116061292084,-0.00020352779177392963,0.99951965931656,5.047801861524781,4.005008010004966,0.03391837328672409,0.034073419868946075,188
66900000,persistence,zero_shot,CAMELS-BR,0.8826485825987305,0.8947845376905637,17.140474566288106,7.745866065329694,1.8828286400032732,0.0005504173936326899,0.9072076767437941,61.38477298687906,78.45440306026221,0.5424661040306091,0.5471421480178833,188
66910000,persistence,zero_shot,CAMELS-BR,0.9783437383764984,0.9452299691191861,7.002728942146926,3.5824304634416606,1.5879222639383443,-0.0007622119170521864,0.9459337947894251,17.92797238265154,19.97100830078125,0.29879793524742126,0.32257089018821716,71
66920000,persistence,zero_shot,CAMELS-BR,0.9859783242031535,0.987728491910997,4.110963331427201,2.3330843864230935,-0.11040960864216517,-6.1022575974820775e-05,0.9899128342236306,0.3684992783769103,0.0,0.17716524004936218,0.17731985449790955,109
66923000,persistence,zero_shot,CAMELS-BR,0.5432350390247574,0.7552588464769006,0.19452341897363762,0.04895419701365114,1.5001929758913695,0.0,0.8373114628491557,0.49106436148467814,0.6057060515936283,0.11037478595972061,0.13211150467395782,131
66926000,persistence,zero_shot,CAMELS-BR,0.658923761325372,0.8007143227797027,16.382568429528078,6.566923879441761,0.7775335087190738,0.0005653152220169138,0.8580563606703793,62.65111328360627,40.72092825087836,0.28381773829460144,0.3163772523403168,168
66941000,persistence,zero_shot,CAMELS-BR,0.7507075452958245,0.7774825504136833,24.762018872130078,11.632082797111348,-4.740922535145178,-0.0013713909081975867,0.8188623962276739,87.27465583249025,110.82489815901943,0.36019355058670044,0.32399046421051025,188
66945000,persistence,zero_shot,CAMELS-BR,0.8496287016343291,0.9052632100327267,23.731341073950837,10.626824338385399,-1.7809371928048676,0.0006794786726653911,0.9452822690845414,81.85662086353386,80.70004844691401,0.36093491315841675,0.30415087938308716,188
66950000,persistence,zero_shot,CAMELS-BR,0.970211053087096,0.9829002603775039,6.098843423327489,3.632500071434458,0.004339774599982552,-0.0014827806461734719,0.9916246378569201,0.500099176512981,0.0,0.1878901571035385,0.17565011978149414,157
66960008,persistence,zero_shot,CAMELS-BR,0.9995807238940038,0.9983472104216442,18.59995659794668,12.366060512272393,0.1132073219280203,-7.02735419230785e-05,0.9983572607017148,22.629216885257836,0.0,0.042172301560640335,0.041654229164123535,127
66970000,persistence,zero_shot,CAMELS-BR,0.9994079267447271,0.9991769844260644,19.451122154726335,14.401643793633644,0.05233109120376069,9.370428705622949e-05,0.9992263733183326,19.922425958232793,21.14715205789428,0.03272370621562004,0.03255879133939743,188
67006000,persistence,zero_shot,CAMELS-BR,0.9994690906528192,0.9980749736016725,14.527068330730543,10.55952380952381,0.18800368150492738,7.297542431769326e-05,0.9980867728056761,6.324555320336759,5.0,0.028385749086737633,0.0282988753169775,84
67025000,persistence,zero_shot,CAMELS-BR,-4.6915769612070815,-1.1536104775371663,34.605222079974446,7.310689079974379,70.27460430925117,0.0010238474216348117,-1.1479838889429663,146.51916959069206,251.69920775781773,0.8618180751800537,1.2515982389450073,119
67030000,persistence,zero_shot,CAMELS-BR,0.9994781673270339,0.9985924612701766,17.794680286439647,11.48977531270778,0.06569165667353911,-0.00030775658146585047,0.9986134326238842,4.927633564356702,0.0,0.03751551732420921,0.037508416920900345,188
67050000,persistence,zero_shot,CAMELS-BR,0.9995493853966543,0.9993419413867972,20.1408729181424,15.178571428571429,0.06123084745641331,-0.0003371721049926467,0.9993612819252575,18.93145530591877,8.0,0.03858617693185806,0.03795420750975609,84
67100000,persistence,zero_shot,CAMELS-BR,0.9984486004662915,0.9981361010974545,22.65369825495549,9.949049908181895,0.13181584705551724,5.2319062911662315e-05,0.9982925779107225,71.58093752349414,26.91328330330787,0.03971194848418236,0.03890058025717735,184
67170000,persistence,zero_shot,CAMELS-BR,0.940322973144482,0.9651519361757447,29.671298819893536,11.98226270610339,1.1671804687114804,-0.000383340130470821,0.9755821234436516,103.03040705836301,118.85711023651683,0.48031583428382874,0.6126794815063477,146
67175000,persistence,zero_shot,CAMELS-BR,0.748104611277412,0.7710458472530564,15.81542331085945,5.746900845426789,9.498171558395349,-0.0016839348834791004,0.7886016072432985,17.617524041814455,25.550048831064423,0.7336376905441284,0.6997149586677551,121
67176000,persistence,zero_shot,CAMELS-BR,0.8818207925713368,0.9364761716841075,5.386079592728126,1.7445986376240337,-1.2201142912680345,-0.006653250670158747,0.9725304302430122,19.222881216618546,2.969638623395394,0.7937065958976746,0.8095955848693848,145
70100000,persistence,zero_shot,CAMELS-BR,0.38184778139992237,0.6097560445721582,42.58232768110804,13.529697475281168,-1.8245645549355953,0.0024458332388338083,0.8276792338947955,159.8528610236264,273.20600150894376,1.153411865234375,1.1392720937728882,188
70150000,persistence,zero_shot,CAMELS-BR,0.21259747135581875,0.6335861042905886,281.3205278945788,106.45394121442523,-2.1808693730798536,-0.0025983065525411013,0.8207862646296556,1107.9920916490878,1515.1377285361145,0.9289321899414062,0.9204109311103821,175
70200000,persistence,zero_shot,CAMELS-BR,0.5250082459825804,0.7535827038668201,100.38693751666769,42.18254033555376,2.268071269290899,-0.0009785093852888761,0.9600447306888629,341.9318693823114,328.7455730612585,0.9383335709571838,0.9556807279586792,188
70300000,persistence,zero_shot,CAMELS-BR,-4.392671769537804,-1.0058905836218148,253.6904519584396,41.99409507944229,35.18217569551783,0.0005235912553456026,-0.9951472993491361,1091.911481555664,2364.982825660442,1.122544527053833,1.4311729669570923,188
70350000,persistence,zero_shot,CAMELS-BR,-0.107772885106868,0.4998685834923653,86.54011523957317,28.152023667380924,11.790565982040729,-2.2915551380196797e-05,0.713142781595826,348.8689168601252,488.9960378162588,0.9129175543785095,1.0772885084152222,168
70500000,persistence,zero_shot,CAMELS-BR,0.6066307679327085,0.8014115899413861,22.360377332892266,8.415807348943533,2.669012413038028,0.004987931345043082,0.912081955900291,83.67791489714854,124.07197753976746,1.0052741765975952,1.056921124458313,188
70600000,persistence,zero_shot,CAMELS-BR,0.25402897164853055,0.5449018581160626,25.321619800599603,8.327978679474365,-5.309173415401943,0.0019938593402228054,0.8385226430676809,87.81785145745346,149.3948349508441,1.0148721933364868,0.9026315808296204,188
70610000,persistence,zero_shot,CAMELS-BR,0.33681222509036846,0.6504283373040831,61.644172033020304,23.516057035923005,1.1026845800575305,0.002582276065957914,0.9518056384628389,198.9395076691692,283.4755086575576,1.1253712177276611,0.9957732558250427,175
70700000,persistence,zero_shot,CAMELS-BR,0.04063976971457117,0.5646541543879389,215.8802180274262,91.30132968375024,4.6456802157976025,-0.0009502589188577666,0.8364233701476795,718.2614186073594,898.877355371688,0.8814560174942017,0.9199866652488708,188
70840080,persistence,zero_shot,CAMELS-BR,0.7511586723415555,0.8487589832750693,111.82119085130624,61.1063829787234,-8.335900549082146,0.010591852552726579,0.8975271075461383,290.0312052176455,605.5101155224411,0.32664045691490173,0.3501571714878082,188
70841500,persistence,zero_shot,CAMELS-BR,0.4842147583260754,0.5733519027902995,4.7183281674470745,1.5257983847719725,-13.118432210679078,0.0006024954901221319,0.6949353325099332,18.249930694344854,24.400769755863408,0.6330872178077698,0.5574719905853271,183
70842000,persistence,zero_shot,CAMELS-BR,0.5737823793463172,0.5140532714834078,10.830152840067642,3.3026212001668998,-15.224438637864294,0.0022511382612783425,0.5602703366050967,45.48687892243666,69.42626676881099,0.620028018951416,0.5295025706291199,174
70843500,persistence,zero_shot,CAMELS-BR,0.5281346359743222,0.7162805455609347,2.624409375849886,0.8460086781693541,0.5451832710210748,0.0005952710101443277,0.7737760395185846,10.279787718626782,16.876837973947218,0.5162481665611267,0.5877496004104614,184
70844200,persistence,zero_shot,CAMELS-BR,0.47043738828576465,0.6983545498035311,8.977928731811529,2.804325659644795,-4.6528949451490895,-0.00126548255789852,0.8964152316477546,37.31306243346837,60.88743094493942,0.39233726263046265,0.33746927976608276,187
71200000,persistence,zero_shot,CAMELS-BR,0.8669504273230246,0.9301199735541534,16.56196716023007,9.216240423790952,-0.5849593779248135,0.0028420100662501155,0.9817434601093992,44.18902777319926,57.94158338830811,0.6970070004463196,0.6929455399513245,188
71250000,persistence,zero_shot,CAMELS-BR,0.8505986366540049,0.9129760434439694,8.916886738338153,3.936271309535554,-1.3099472527719478,0.0003017244471809309,0.9588110752055753,24.843405540301777,46.90051648349408,0.7963500022888184,0.7940757870674133,188
71300000,persistence,zero_shot,CAMELS-BR,0.9414921815932864,0.9694794248970969,14.925777158290941,9.656098918711885,0.03777198174283388,0.004926062993643253,0.9915864410316274,24.00597706866,8.260255694452571,0.5790055990219116,0.556501567363739,188
71320000,persistence,zero_shot,CAMELS-BR,0.966433806877474,0.9798766709661317,13.94439524339304,8.584926626261543,-0.4531630362149107,0.0011632996966949756,0.9882840933355251,20.325915899237042,13.892443989449804,0.5715561509132385,0.5585564374923706,136
71350000,persistence,zero_shot,CAMELS-BR,0.984773434907046,0.9836949978374516,18.622882614401668,12.07287234448372,0.3268748180772136,0.0,0.9854275776583123,31.236196951613685,44.637428241331286,0.5031926035881042,0.5072263479232788,188
71350001,persistence,zero_shot,CAMELS-BR,0.9639651684510022,0.9783205149576151,20.965329730110792,11.529943836496232,-1.1899644837614838,-0.0003773012278987034,0.9876236274507761,12.812789399426592,6.155751777744383,0.4786607325077057,0.49498501420021057,188
71380000,persistence,zero_shot,CAMELS-BR,0.9671345305577181,0.9804048570101978,21.09976425739773,12.330319105310643,-0.36265324158694884,-0.001371311819431266,0.9891537246142023,42.28152401140802,62.80127387243033,0.5082604289054871,0.5169289112091064,188
71383000,persistence,zero_shot,CAMELS-BR,0.9696484865594835,0.9826891434792103,25.513483742828605,15.771599992792657,-0.6430741623798839,-0.0024234267454291553,0.9911778723792247,35.58634257731417,59.53106533397983,0.4643208980560303,0.4781133830547333,188
71385000,persistence,zero_shot,CAMELS-BR,0.0836063966098951,0.293451528704043,0.5185737762797026,0.19284042648654035,17.975400209690395,0.0010390618415640936,0.30541746587179186,1.8893078741762497,2.576295839130472,0.6866931319236755,0.8945463299751282,188
71385400,persistence,zero_shot,CAMELS-BR,0.9164574791243454,0.9532947776637899,33.96611942960036,13.966717960986685,-1.4984644926941246,0.0001300803036334286,0.9798012603977789,121.23944412635252,268.88443214106553,0.5915482640266418,0.6297895908355713,188
71386500,persistence,zero_shot,CAMELS-BR,0.9085946109954289,0.945611210671561,33.2158286070958,12.555604002577192,-1.6597730169393414,-0.0006340833787141162,0.9715689209003301,115.96068309479914,256.0108020164973,0.5250176787376404,0.566419243812561,188
71490000,persistence,zero_shot,CAMELS-BR,0.5069254379315327,0.6646512954245649,5.6577568246408,2.337419968332563,3.5015003834988936,-0.0010031394343193827,0.69698801914379,22.67036413617983,22.302864337626737,0.6122255921363831,0.6407387852668762,175
71491000,persistence,zero_shot,CAMELS-BR,0.9410987236792251,0.9479108581800713,3.45977174842906,2.115352279703382,-0.9368110155042684,0.0016861666750073879,0.9547120099857462,9.585015583055633,4.900001525878906,0.6012407541275024,0.60210782289505,71
71495000,persistence,zero_shot,CAMELS-BR,0.6725454639161014,0.8101740193623471,3.03450286107321,1.3484840603901984,3.029655952658368,0.0014967504920561647,0.8687536845373565,10.612355796326716,15.295914871274222,0.7410494685173035,0.74736088514328,188
71496000,persistence,zero_shot,CAMELS-BR,0.8902131104539548,0.9043207787873321,5.542138441407583,2.9407734772118417,-0.9906012211430825,0.0001886857221888305,0.9161509581149138,18.74323826278599,23.824776173488,0.5923659801483154,0.5653272867202759,181
71498000,persistence,zero_shot,CAMELS-BR,0.8296785079135416,0.9145898564985695,18.67492662107598,9.130856852582161,-0.720052974058209,0.003216300169718765,0.9765832981856025,66.15034144159054,94.06542268323416,0.5373236536979675,0.5398623943328857,188
71550000,persistence,zero_shot,CAMELS-BR,0.9391066712055349,0.9192549429951475,86.89098565970616,41.943889151228234,0.875901461509513,0.001635493589352506,0.9230341074018658,290.63512566051037,493.39255776056825,0.5272329449653625,0.5367002487182617,188
71630000,persistence,zero_shot,CAMELS-BR,0.8718173611212079,0.879359885320317,13.239903390480194,4.410452172160149,1.7579543005614608,0.0008476916662974558,0.8971212159900216,54.75894473831989,81.04936767180853,0.913618803024292,0.8736014366149902,188
71800000,persistence,zero_shot,CAMELS-BR,0.9217977753753014,0.8196150534847473,127.6781949175119,61.667567526327595,5.407487259321554,0.0002011675060352748,0.820653246731719,456.9236260032961,796.7135620786181,0.5480225086212158,0.6376962661743164,185
71840000,persistence,zero_shot,CAMELS-BR,0.8585682448869708,0.8753234775828239,110.49119056055719,69.98404255319149,-1.7629067211779352,0.0014684211095519935,0.8896573497474565,272.4382498842628,258.0939751330898,0.5087223052978516,0.5637242794036865,188
71890500,persistence,zero_shot,CAMELS-BR,0.2219888794070518,0.19835568710780327,1.6632905728844336,0.3189159589720533,-14.996483305474877,-0.0010523620135141805,0.3654749540587736,7.127540176369185,15.265795853732607,0.6102652549743652,0.4088648557662964,188
72300000,persistence,zero_shot,CAMELS-BR,0.7530893574967445,0.8362347525088235,366.3038426608036,162.30308727507895,1.6430983255115221,-0.0016631243979057034,0.8689842372881154,1291.3012001297045,903.6893824760807,0.5246568322181702,0.5329778790473938,188
72400000,persistence,zero_shot,CAMELS-BR,0.46877141909668707,0.7208680461383923,28.78903384474077,14.824354867781363,-5.135477379043436,-0.006621842752932653,0.9378363986178238,81.74582565242511,109.4000015258789,0.5845165848731995,0.5161798596382141,62
72428000,persistence,zero_shot,CAMELS-BR,0.8372738409000137,0.9097344012183075,26.36070371376375,10.513899052396734,1.6246497719642001,0.00011369436456982324,0.9638656263298757,86.20911260028412,44.37263163658962,0.7378597855567932,0.7669731974601746,188
72430000,persistence,zero_shot,CAMELS-BR,0.7817968344564366,0.8357341444307547,40.14731563115173,15.305742639176389,-6.098655931412346,-0.000980278019209177,0.8824137821709868,143.46116212063447,160.92909521835375,0.7802761197090149,0.7517396211624146,188
72530000,persistence,zero_shot,CAMELS-BR,0.7256645860135313,0.8148857396767868,17.594224499191533,7.866235659725365,-5.08495422813312,-0.0015441774329939574,0.8835586716803411,61.74237695833178,50.75923561284193,0.6976358890533447,0.7089110016822815,174
72580000,persistence,zero_shot,CAMELS-BR,0.15390440878468847,0.5929844714700298,48.72168453852986,12.827824311053499,-1.9892226867641984,0.0011549486811423468,0.6892803128363331,208.3597956285962,334.116684789244,0.789624810218811,0.8393286466598511,188
72630000,persistence,zero_shot,CAMELS-BR,0.5583304481390021,0.7441560515189072,111.60228197974156,38.081023545975384,-4.913959382946591,0.00041479921791644225,0.8992275866048195,432.4932868612401,700.1635050322569,0.8551768660545349,0.7966000437736511,188
72680000,persistence,zero_shot,CAMELS-BR,0.602253365514333,0.7496108886564501,133.65452877998587,47.093839264930565,-6.754073198831348,0.0005090678380620731,0.8707325582724914,492.47860537434286,507.6803700390748,0.9182444214820862,0.8454672694206238,188
72690080,persistence,zero_shot,CAMELS-BR,0.8032175980797027,0.8639563386331973,260.31898394903,120.55851063829788,-4.80903471917256,0.008842424554779429,0.8913963426458857,882.0314053365673,1865.475944631825,0.3097524344921112,0.27272602915763855,188
72700000,persistence,zero_shot,CAMELS-BR,0.777872400071386,0.6999154817971422,276.33025811488056,115.22762063209046,8.467399072339699,-0.0014130358092570364,0.7030617024400105,926.7265898945448,2092.6311925486025,0.3270704746246338,0.3472907841205597,188
72715000,persistence,zero_shot,CAMELS-BR,0.6290454013676383,0.6392265663354997,30.918229626654345,10.708856941696178,-13.866820065859676,-0.0021799832999018914,0.6996187737576092,127.65859068459552,203.9425702827009,1.000990867614746,0.8672898411750793,188
72750000,persistence,zero_shot,CAMELS-BR,0.8230462487364771,0.9073182591403894,23.742097279251357,8.395159647819844,2.2804402466943343,0.0010633733276142546,0.9734635969377854,85.77776518422475,147.16657229140046,0.8367935419082642,0.805501401424408,188
72810000,persistence,zero_shot,CAMELS-BR,0.5708199225314092,0.5358806209353377,102.13552121166195,28.622189844542362,-14.523688009314082,0.0017544199339664772,0.5934895973723632,428.7348948098203,712.796307673188,0.9703173637390137,0.8243682980537415,188
72849000,persistence,zero_shot,CAMELS-BR,0.6912965419398991,0.8106190932737534,131.56796293152544,40.527602838709,-6.1859038199889795,0.003961767805627431,0.9022726072043475,551.849911086018,393.95471779433376,1.0075868368148804,0.9518203139305115,188
72850000,persistence,zero_shot,CAMELS-BR,0.7273647225900097,0.6660608304954201,68.09363571539272,27.242534301052356,13.855184770955965,0.0033650186087918095,0.6726616019407652,215.199035778509,226.92069099136816,0.802746593952179,0.8698286414146423,146
72870000,persistence,zero_shot,CAMELS-BR,0.32225768503690677,0.47527824633017857,16.856694268207992,5.514423457231928,17.248166072530378,0.00035577062707260396,0.49533540862127756,68.92746959909903,55.75535568465239,0.8187503218650818,0.9984022974967957,188
72870900,persistence,zero_shot,CAMELS-BR,0.4988586260292953,0.5345406263224481,213.1819595377161,70.73936170212765,-10.396944571391264,0.0017640526433977122,0.6316012916248073,871.6651880165916,1477.8125726897847,0.8623424768447876,0.7351816296577454,188
72880000,persistence,zero_shot,CAMELS-BR,0.7771035422042312,0.7477439395306247,180.62813893964156,54.046771673446,-6.06544398479119,0.0006525898014385217,0.7725186843602692,743.0493872315216,1543.03744761072,1.016139030456543,0.9743711352348328,188
72900000,persistence,zero_shot,CAMELS-BR,0.7828193672649921,0.8910935113100795,50.232020927776176,21.057234165516306,-1.417354837103851,-0.0005750054678498005,0.9702167891078113,192.10127537317393,119.5846980177648,0.7483379244804382,0.7437167763710022,188
72980000,persistence,zero_shot,CAMELS-BR,0.6364401816976644,0.7425285142210358,171.98672160825814,67.5627661918072,5.015896241152175,-0.0033238491200028412,0.7764609022381123,608.1807205506846,859.5240984864312,0.9173217415809631,0.9579220414161682,188
73010000,persistence,zero_shot,CAMELS-BR,0.8170254592583819,0.8070401164565,580.2391816419766,288.0648351816031,4.948343598596146,0.0015700422744724524,0.817775962326404,1744.7272852798515,2489.7345240005006,0.6332329511642456,0.7051516771316528,182
73150000,persistence,zero_shot,CAMELS-BR,0.7676938586304418,0.6725827685157257,6.69197053066297,3.467812553048134,15.827292521476389,0.005687380022249708,0.6752897544943594,22.02010605442665,11.60000228881836,0.6759123802185059,0.7189313173294067,32
73170000,persistence,zero_shot,CAMELS-BR,-0.44269780071099407,0.3889143729027018,71.12500233706012,20.02127659574468,8.48068107400131,-0.004046405837106741,0.5983923973043244,282.29143548016924,369.10973977937783,1.04666006565094,1.01177179813385,188
73180000,persistence,zero_shot,CAMELS-BR,0.2507944946088737,0.6508283691129825,48.353762964903325,20.31271738720977,-0.22502832245039936,-0.002694442027396989,0.8456842692070188,153.88518765922555,173.8054088685894,0.9695623517036438,1.0231741666793823,184
73200000,persistence,zero_shot,CAMELS-BR,0.6171445485823335,0.5308931736790318,1119.7885149356632,407.5,-16.52412360759653,0.003809530022209469,0.5572770473122114,4178.19945271485,5768.0,0.8233458995819092,0.6741557121276855,44
73200080,persistence,zero_shot,CAMELS-BR,0.7437003983734525,0.8528220003510213,794.4853985705478,280.8114539613115,-3.784244271909586,-0.0007418900012053208,0.9369038699996491,3196.1861278776482,5413.659780536896,0.44768616557121277,0.4489561915397644,188
73204000,persistence,zero_shot,CAMELS-BR,0.6541379938257248,0.8292453673964592,20.634321536602275,7.058014840419803,1.5031088262314531,0.0013317301161276732,0.9641761717665234,79.86745153918399,126.63015165639878,1.1622858047485352,1.1155208349227905,168
73300000,persistence,zero_shot,CAMELS-BR,0.6489563641077443,0.638706180570797,20.858014901767493,7.529899431959443,10.453512517746088,0.00534416478820848,0.6487873186666737,81.65707934792646,106.13310081060752,0.8489804267883301,0.9569775462150574,184
73330000,persistence,zero_shot,CAMELS-BR,0.6995676631093634,0.7688914355998335,29.2726481752714,11.966796403869669,-9.923911819388959,0.002971847274023026,0.8343782338628518,113.950657789183,175.1926406606043,0.9782002568244934,1.0096056461334229,188
73330250,persistence,zero_shot,CAMELS-BR,0.6434709916761263,0.7933256974481174,15.132039699086336,7.003668061913328,-2.2948726194271156,0.0012229306560109648,0.9176865493571311,54.793260484161024,101.98772267126438,0.8069746494293213,0.7231393456459045,188
73350000,persistence,zero_shot,CAMELS-BR,0.5625776998705487,0.6994177402556718,36.64471534579981,16.58935434640722,9.473136650852352,-0.0029455756533740066,0.7394179400401468,140.08307257184472,235.83483313131296,0.748742938041687,0.8411930203437805,188
73389000,persistence,zero_shot,CAMELS-BR,0.9052584538109244,0.9526380923564621,3.8307395487175797,2.1127696166167387,0.20042895385027962,-0.002014148791867447,0.9905062968498262,10.32094887511808,11.826293058106057,0.4456370174884796,0.45390114188194275,148
73390000,persistence,zero_shot,CAMELS-BR,0.9647691497421148,0.9673017696908423,8.928991723962724,3.726080978170354,0.4907330855093522,-0.0017503965641974262,0.9724263836553525,33.3864522862104,66.94027188471824,0.46851080656051636,0.44585666060447693,188
73420080,persistence,zero_shot,CAMELS-BR,0.5946235188698044,0.727017231944219,32.75328849513103,20.3373164439455,21.809328987180166,-0.006238655265372022,0.7797201309920156,90.49155333959611,66.06814663663572,0.4189881682395935,0.2833183705806732,188
73480000,persistence,zero_shot,CAMELS-BR,0.7850105921991036,0.8769676302636272,36.2203313997577,20.203269036788516,2.51062727254427,-0.000405453332558316,0.9464780569066854,110.69763701935393,5.860078291329322,0.5458099842071533,0.5398929119110107,179
73500080,persistence,zero_shot,CAMELS-BR,0.7165623033597548,0.6581708887999831,69.79675126639862,30.238617024523148,-6.253327356584661,0.0041122201784834795,0.6828450580975645,273.60665196591987,491.71739851260094,0.514039158821106,0.5167211890220642,188
73550000,persistence,zero_shot,CAMELS-BR,0.8207163539671325,0.8599446683504146,660.1936750656896,361.9817172111349,-6.196618575846612,0.0025318935547109893,0.8810849647684871,2298.755082319766,1542.2358670101132,0.4910688102245331,0.5565545558929443,188
73581000,persistence,zero_shot,CAMELS-BR,0.811084547541073,0.7116293686088956,26.439904760550316,9.011830632152453,6.120887543554734,0.00026988121591681874,0.7143017411001227,102.30562192785787,83.64330849889262,0.6969687342643738,0.7784096002578735,183
73600000,persistence,zero_shot,CAMELS-BR,0.872830503143637,0.7573189947683875,46.582917179442525,15.79879332222837,-7.2262416002994945,0.0002875705619500117,0.7602038304073684,193.72129802719473,242.61400938053006,0.7285970449447632,0.637727677822113,188
73600600,persistence,zero_shot,CAMELS-BR,0.8095583324592076,0.878018777349719,40.21841961832594,19.872340425531913,-2.736855082290575,0.0028489672905137806,0.9115828066193475,152.5352418295523,271.5851615976101,0.5497133731842041,0.6011154055595398,188
73600700,persistence,zero_shot,CAMELS-BR,0.750867437988406,0.8370748596336302,26.5419396706459,16.816807693691665,11.36824038783792,-0.008006714125299217,0.8798027137174744,78.67432650643347,65.9324819555178,0.43860307335853577,0.42908772826194763,186
73610000,persistence,zero_shot,CAMELS-BR,0.3468021493858079,0.6793704126379267,54.07192624368762,17.26124467716572,3.22834123095966,-0.005627792196858276,0.9462552432895684,198.21625032214385,186.74180035546408,1.3229913711547852,1.3000438213348389,188
73658000,persistence,zero_shot,CAMELS-BR,0.7153490605635495,0.8295364115673873,13.25917655858118,6.3611345876087535,-2.9312195765547666,0.0006806507309290617,0.9152818610582969,50.51236332230849,84.25198800345893,0.6191394925117493,0.5954076051712036,188
73690001,persistence,zero_shot,CAMELS-BR,0.4201011533029877,0.5900665321534487,22.749327555801592,5.853510694300875,5.184402235688294,0.001699226805671297,0.6115532165927229,96.53818071610459,196.04830616042398,0.722591757774353,0.7502152919769287,188
73691000,persistence,zero_shot,CAMELS-BR,0.6903437441745606,0.8221519138894041,13.284639735360559,5.962287157456926,1.1399995208099416,9.48020955795631e-05,0.8752038851534791,47.997851404979556,79.15138985354291,0.6249616146087646,0.6034045815467834,188
73693000,persistence,zero_shot,CAMELS-BR,0.7605515964832456,0.8278207197962378,28.186123931976276,9.949386748643416,-5.651117933564132,0.0017048237362787474,0.8808618917617896,112.50202346375349,132.88970704300735,0.722432553768158,0.6924505233764648,159
73700000,persistence,zero_shot,CAMELS-BR,0.3903178448424266,0.3723110955986104,20.931737996395402,7.476476191339039,12.488980399647932,0.0006863019202411908,0.3749856261983917,81.15810718070742,133.4541119636259,0.5644019246101379,0.6743782162666321,105
73705000,persistence,zero_shot,CAMELS-BR,0.6740813107491785,0.7128953311309161,53.716796283536944,16.71675506551215,-3.9558339607736603,-0.0013353133595491,0.7720303437264483,209.26621283025057,413.64820439831874,0.6871367692947388,0.6151153445243835,188
73730000,persistence,zero_shot,CAMELS-BR,0.7944118614304911,0.8943580738919341,50.19668651333918,24.69574478839306,1.7644147471360265,-0.002652808112180348,0.9470216272750607,159.94999218505765,254.54469155729805,0.6161710023880005,0.6245948672294617,188
73750000,persistence,zero_shot,CAMELS-BR,0.7871946240150585,0.8678076227353253,75.88507998047119,32.134242441343225,-0.2654787542057403,0.0005778799383194776,0.9256741803574083,296.49560269079205,477.5808980647226,0.6833257675170898,0.6664639711380005,184
73765000,persistence,zero_shot,CAMELS-BR,-2.218522901325645,-0.539399623520207,23.66829745902848,4.336469445785042,48.56197945108106,0.0011619689678558642,-0.5274290102008321,105.05723513753858,43.21978512754574,1.2368221282958984,1.410324215888977,160
73770000,persistence,zero_shot,CAMELS-BR,0.8851660971504881,0.8770741846710638,100.9254490903919,44.00163259912044,-0.2271005138068285,-0.0019841311202205038,0.8908357480473805,399.6607558387696,485.6726627488052,0.6852449178695679,0.5936572551727295,188
73780000,persistence,zero_shot,CAMELS-BR,0.2310777595368143,0.4878975733666153,38.77768493300693,13.908032391299592,-9.449824847632446,-0.0024542685293243785,0.7670515876641533,150.1758360000431,283.33467169056576,1.2184809446334839,1.028046727180481,188
73820000,persistence,zero_shot,CAMELS-BR,0.36655088473472597,0.6763849399774089,21.42542030803378,6.267801642972739,12.057148983998742,0.0,0.8540426831648541,80.82958386756378,121.8190466542281,1.4341633319854736,1.4265642166137695,188
73850000,persistence,zero_shot,CAMELS-BR,0.538047777317987,0.6110264121873725,372.910918871535,105.14506619534593,-9.349749662959045,-0.0020299415594764586,0.7131543789423633,1573.3105540771994,2141.812757987832,0.9165895581245422,0.9063197374343872,188
73900000,persistence,zero_shot,CAMELS-BR,0.06681721638027627,0.22283274362946193,16.20095330787309,5.322304669252419,26.529314432553814,0.0022550863841844793,0.22994945840083814,67.726737637112,79.09568910142441,0.8881500363349915,1.0560529232025146,188
73960000,persistence,zero_shot,CAMELS-BR,0.742815355390805,0.6713427124768826,220.8380463608812,79.47878722180711,-8.712987881187189,0.001198111689578927,0.6922513107507737,906.6763018140124,1351.9824321097758,0.762891411781311,0.6279020309448242,188
73970000,persistence,zero_shot,CAMELS-BR,0.6212365673471965,0.8070511173157574,128.8257773588594,53.779255369876296,0.3439612821899326,0.0018847335718153169,0.9623670266185557,478.49273766693676,886.4744779180053,0.7152596712112427,0.7090906500816345,188
74040080,persistence,zero_shot,CAMELS-BR,0.6372168772493942,0.6660511579292131,965.6541658819199,351.3191489361702,-3.8521489048744613,0.0005032022753430412,0.7053029222084802,3954.2486770561104,8226.721856243834,0.4439777135848999,0.40365105867385864,188
74100000,persistence,zero_shot,CAMELS-BR,0.7345409178694162,0.6934280335094374,1374.814056234608,517.633651165252,-8.219438533266553,-0.0008207477678603345,0.7215593567991128,5575.192446844147,8681.113680703944,0.6242055892944336,0.482454389333725,188
74205000,persistence,zero_shot,CAMELS-BR,0.07696647376233823,0.43560881933894047,33.22243556269106,8.147648187988963,-4.779904889656351,0.0036671843596148,0.8255199171464436,141.4176772605912,261.7283156456903,0.9465997815132141,1.011521816253662,179
74210000,persistence,zero_shot,CAMELS-BR,0.6206616093878559,0.7030098786865494,106.65313781596377,43.12554227300437,-10.49032563230372,-0.0029765555896785235,0.7845819394478123,393.5466532710775,290.59567043486487,0.7206215858459473,0.584823727607727,166
74270000,persistence,zero_shot,CAMELS-BR,0.6877921618899774,0.7877991642601292,226.91748723023738,76.06050670907852,-4.592793473935333,0.0019444153953030938,0.8644894966171442,822.2156095889576,1285.6395888424872,0.9200436472892761,0.8704644441604614,188
74295000,persistence,zero_shot,CAMELS-BR,0.5483412914436568,0.5621748544061078,11.582529473452228,4.437306329370179,24.897531513830877,-0.002710507326740781,0.5785972708105813,35.516142870490235,12.046551181085691,1.1239556074142456,1.132574200630188,188
74300000,persistence,zero_shot,CAMELS-BR,-0.16112624644626794,0.1301875552091818,82.65934721870636,20.45071768713124,57.85046998255091,0.006167881504844772,0.16409860447927394,326.89058090572183,479.7129817918274,1.6043059825897217,1.7374194860458374,188
74310000,persistence,zero_shot,CAMELS-BR,0.2846814313014464,0.6013147354724251,75.01560605331797,27.74555574228734,11.355855229365755,-0.00218590205295624,0.68120514136636,265.5250756454252,227.0297337354735,0.9206440448760986,1.0451055765151978,162
74320000,persistence,zero_shot,CAMELS-BR,-1.057569015963928,-0.3059070899192675,48.91713860114723,12.968848454077607,54.97798737588042,0.00028176950241653315,-0.2990579689452695,204.3113452170102,304.00631675766795,1.069335699081421,1.2769458293914795,184
74329000,persistence,zero_shot,CAMELS-BR,0.5191476209297659,0.5700587482874845,2018.6576779473723,648.6109064792065,-11.068835909464886,-0.0008763772139143908,0.6651293667524304,8443.967951961178,16707.453940669184,0.5733951330184937,0.4446437656879425,188
74345000,persistence,zero_shot,CAMELS-BR,0.8518260305946269,0.9238928543913157,9.719705912755057,3.460851016196799,-1.4623491350227638,0.0010921208593821716,0.9799889493024505,39.325792890680745,19.03943276465977,0.4772322177886963,0.4652332365512848,188
74370000,persistence,zero_shot,CAMELS-BR,0.4674340914356383,0.6064097318795263,60.0541023244209,21.612516781117055,10.617463313269818,-0.0018923892958799086,0.6348775674078667,188.09404060026196,317.29784834751115,0.5742552280426025,0.6585318446159363,188
74400000,persistence,zero_shot,CAMELS-BR,0.4363396775013948,0.7157469500789105,7.841671688736957,2.8116643189432775,9.309662526171007,-0.0005991015929348309,0.8703418344630273,29.035078263212352,48.23980615145563,0.9322108030319214,0.949375569820404,188
74420000,persistence,zero_shot,CAMELS-BR,0.37830088052724686,0.6761822441649243,15.37061089393834,5.237000057988978,13.561574212767972,0.002759394674123023,0.8213415760582446,55.976308006825114,79.37808287585524,1.102574348449707,1.187421441078186,188
74422000,persistence,zero_shot,CAMELS-BR,0.09966355976367214,0.3826242520002088,24.379569390607124,9.01085643715998,21.41150600561547,-0.003271724294300414,0.41121323299092005,73.26098637170921,68.04428574122586,0.8771749138832092,1.0255728960037231,188
74424500,persistence,zero_shot,CAMELS-BR,0.36201342648814494,0.5328972485826685,133.89651867346055,40.957356553603994,-13.469468604002252,-0.0024819430765990885,0.7234907699276073,566.4114722358995,717.6522069236634,1.2318036556243896,1.0829871892929077,188
74460000,persistence,zero_shot,CAMELS-BR,0.957848276599952,0.9772795053168793,3.268286443085847,1.5172627764813444,0.2517251861553143,-0.0017360500733413463,0.9907235198608957,4.226069259785267,7.401999840488584,0.2939372658729553,0.3246587812900543,188
74462000,persistence,zero_shot,CAMELS-BR,0.9505617025893757,0.9731076477866577,2.943542681890802,1.638572355534168,0.04892589300911799,0.0007385622909121276,0.9885641305782079,2.169340157011306,1.062018949453907,0.3799050450325012,0.35641616582870483,188
74463000,persistence,zero_shot,CAMELS-BR,0.887672537294298,0.9222780007583795,9.13155782913241,3.0296915414485523,-0.6084791733584544,-0.0018550473601988676,0.9475554706384156,36.21323098163334,74.08209083853322,0.3846180737018585,0.36598101258277893,188
74465000,persistence,zero_shot,CAMELS-BR,0.9481625150066645,0.9183114355686419,8.127933523714145,4.6370065110795045,2.4829472972030544,0.0006337042961348776,0.9209623913136109,26.13185138973352,12.43438345648437,0.4380224645137787,0.4208051860332489,188
74467000,persistence,zero_shot,CAMELS-BR,0.8336861500232757,0.8825953581718932,20.726924110690245,8.024498954255094,1.8156525759028634,-0.0006775858462278392,0.9073210540766213,76.53704874785431,126.21963900378971,0.496801495552063,0.5199084281921387,186
74470000,persistence,zero_shot,CAMELS-BR,0.8378592227619772,0.8257043142768751,23.52860154307748,11.871018266424219,6.807818637128803,0.0034677891073679468,0.8361431448721388,58.065383997219485,61.0669955850713,0.5299332737922668,0.5993697643280029,188
74500000,persistence,zero_shot,CAMELS-BR,0.6833066772578633,0.7377066291813441,1496.6637734816325,571.6574110477528,-8.21181172919802,0.0020304440629451657,0.7987693908221226,6077.356598233228,11167.812351305625,0.5162066221237183,0.4629703164100647,188
74600000,persistence,zero_shot,CAMELS-BR,0.74035682926863,0.8690199670902312,38.18354941110779,18.253935971158615,2.1433304000800386,0.0032376738260902656,0.9606909736858755,117.30174764256499,147.76501615741122,0.728528618812561,0.7345158457756042,188
74610000,persistence,zero_shot,CAMELS-BR,0.18043870126366024,0.5976764386945708,96.6527027048175,29.420549996355746,5.831973852243746,-0.00047798613407744675,0.7243726315395167,345.56754789575376,569.8717694077982,0.8024338483810425,0.8450249433517456,188
74700000,persistence,zero_shot,CAMELS-BR,0.9260569633068997,0.9600583924212389,21.12780980959553,7.619267038504282,1.5112834530988564,-0.006216958066751127,0.9835450658926732,45.41842229354382,24.48589967543906,0.7094590663909912,0.7049105763435364,180
74720000,persistence,zero_shot,CAMELS-BR,0.6971081112733228,0.8099672539849634,1646.3796265474396,681.8793937725256,-9.148682677245567,0.005784034230779389,0.8903196390941899,6021.656429409354,9560.167308351418,0.5416574478149414,0.5778357982635498,181
74750000,persistence,zero_shot,CAMELS-BR,0.23689105842804747,0.34411035813832147,19.661670472913674,6.211614702220844,-17.096513524895926,0.00018188114315030937,0.5672125717560835,79.97103183927946,160.7791301015619,0.906935453414917,0.7370591163635254,184
74800000,persistence,zero_shot,CAMELS-BR,0.8005339441410856,0.8706755294916596,1281.278263131604,650.8923412891145,-7.942116493418355,-0.006339249017458613,0.9079148417062785,4137.340677776599,5794.572147199407,0.5050017833709717,0.6088002920150757,188
74880000,persistence,zero_shot,CAMELS-BR,0.7544373685517705,0.8721783902343773,18.35486121049605,7.155755913003962,-2.266116511039673,0.0006818720287923748,0.9714350724280533,59.208425531493575,44.13542881711664,0.6743617653846741,0.6775468587875366,188
74900000,persistence,zero_shot,CAMELS-BR,0.7208767342673272,0.8608109378347173,34.92315415647948,13.114669337220814,-1.0072366255330523,-0.001985357985058313,0.9865523333772027,133.26988841935938,208.784317553001,0.8387325406074524,0.8122013211250305,184
75155000,persistence,zero_shot,CAMELS-BR,0.8073976932724537,0.8925497416144758,42.55559896174604,15.939304115979567,-3.7913573968509544,0.0,0.9383661555540085,159.7799370306674,205.84258725895424,0.5783161520957947,0.5664786100387573,184
75181000,persistence,zero_shot,CAMELS-BR,0.7419186682265657,0.7458670945198469,65.21508924515533,20.549361568816163,-9.762990015355246,0.0011980110644988044,0.7844185187302268,249.03621035757115,441.92798954908875,0.617109477519989,0.5522224307060242,188
75185000,persistence,zero_shot,CAMELS-BR,0.8434916787491068,0.8576298979391672,5.032477420021057,2.1201754425004213,-3.2795837726446275,0.0009682303207744596,0.8821204981449373,15.717060777180224,11.469086842592962,0.4553012549877167,0.4354669451713562,171
75186000,persistence,zero_shot,CAMELS-BR,0.8709789033198846,0.8446263192319771,10.221807074876857,3.03346955427464,-10.733059090184906,0.0,0.8582423591261037,39.930880317565624,11.078917219903067,0.9301960468292236,0.9247350096702576,188
75200000,persistence,zero_shot,CAMELS-BR,0.6132921104594553,0.774688293400084,24.045557833469474,8.35457980301645,-2.158728329232385,0.00022320644960595326,0.8318067127321788,94.36389262676583,152.90171127429363,0.6320591568946838,0.7168524265289307,180
75205000,persistence,zero_shot,CAMELS-BR,0.7259759718196244,0.8419774116696284,22.419812785848006,9.090902298054797,-0.663780867109502,-0.0020342763276116043,0.9350131709534076,78.48861476031199,134.63749857797944,0.6026895642280579,0.5936208367347717,188
75230000,persistence,zero_shot,CAMELS-BR,0.8629283658555095,0.9286620259146785,90.61391869494531,33.07630033188678,-1.798679616346838,0.0010960608162521833,0.9674824339697116,327.15906643868635,537.3421233929662,0.5649398565292358,0.544731855392456,188
75240000,persistence,zero_shot,CAMELS-BR,0.854885451865423,0.9269972167323977,0.42450996849921296,0.2826153956926786,1.0750315570854043,0.00213992764087027,0.9824626953268331,0.6095490952857392,0.35000038146972656,0.4167875349521637,0.3686109185218811,65
75270000,persistence,zero_shot,CAMELS-BR,0.6064315797156608,0.7916323171320022,13.478081020439008,5.064264719977098,-1.4977498037664494,0.0008585002193519826,0.8687942240442692,46.21284963007594,42.71299460875188,0.6619647145271301,0.742661714553833,136
75285000,persistence,zero_shot,CAMELS-BR,0.6408657241539233,0.7133566524925374,27.7587368961297,10.289050665082812,-8.737293061907753,0.0004829555810567515,0.7905220343521919,107.37878078407985,192.9783018890984,0.707175612449646,0.6078895926475525,158
75290000,persistence,zero_shot,CAMELS-BR,0.8473865661748251,0.8865096246591139,29.13452337262342,11.042878526322385,-1.5206650627316112,0.0007992507824440102,0.9168171309479167,116.94662552215424,115.85694939839017,0.5236539244651794,0.5190004706382751,188
75295000,persistence,zero_shot,CAMELS-BR,0.7944037916435625,0.8180860508597577,59.96540092933808,20.587708787715183,-6.021068649034434,-0.00046588244070766907,0.8527565655186609,230.29149557954133,315.3411549035269,0.8008862733840942,0.7035627961158752,188
75300000,persistence,zero_shot,CAMELS-BR,0.9190783592798508,0.9557850002534948,56.18810494668808,29.670744662589215,1.466081254483145,-0.0031097990369041255,0.9803779308106435,140.49128086824462,127.01574705523721,0.662054717540741,0.6692663431167603,188
75320000,persistence,zero_shot,CAMELS-BR,0.9022011452293497,0.9402484283756872,76.14199685378298,29.28686160229622,-2.1760479942972872,0.000831038957021437,0.9661954029831875,287.33121775727113,72.51424105823071,0.5949564576148987,0.6097512245178223,188
75325000,persistence,zero_shot,CAMELS-BR,0.9266974186099727,0.9519135535802742,70.14847475632166,37.808510638297875,-0.4981063724683023,0.0004635302303224245,0.9694263610937431,185.51981026294737,170.51099671282202,0.5568088293075562,0.5694634318351746,188
75350000,persistence,zero_shot,CAMELS-BR,0.9383353172756688,0.9591959334104384,100.7585884141364,57.07819155429272,2.7015586740949917,-0.0013817818993469393,0.9713764904804789,261.9707998995308,440.8225266476295,0.6546911001205444,0.6571441292762756,188
75400000,persistence,zero_shot,CAMELS-BR,0.6208068747150416,0.7938672862181014,38.64512334413413,11.91121532880394,9.051070233408868,0.0008411320299949003,0.8941625828369797,160.95365822606377,171.2316250812965,0.992638885974884,1.0664840936660767,179
75430000,persistence,zero_shot,CAMELS-BR,0.17153091451108338,0.5221483507189384,18.304747903806586,6.851861664589415,1.3505021585726273,0.001468253612692337,0.876496722200303,70.17393384181494,105.1713118297986,0.7445650100708008,0.7705804109573364,188
75450000,persistence,zero_shot,CAMELS-BR,0.8013795394574312,0.8305985098696184,61.20361470428287,23.42619070394079,9.438370126396327,0.0014276374187334046,0.8514606723389119,215.60468841111572,256.8741234802726,0.9315218329429626,0.9175460934638977,179
75500000,persistence,zero_shot,CAMELS-BR,0.8426088813510176,0.9156786385607553,77.79443187935165,31.155162037714668,2.2197864788450175,3.179875852847569e-05,0.9632964888665898,187.08834795792578,52.0448796431762,0.8053443431854248,0.8392892479896545,184
75550000,persistence,zero_shot,CAMELS-BR,0.9415011156415446,0.9370730083024992,898.7786079518213,478.2660189689474,2.793487710476229,-0.0036915501714425147,0.9427076207450714,2810.9349525030657,3294.3322843228116,0.5216153264045715,0.5684728026390076,188
75600000,persistence,zero_shot,CAMELS-BR,0.06103123391673526,0.46729229564696206,43.05395416070336,12.997945154680217,-22.660836045361673,0.0013469630966147714,0.7497515356786417,156.24952007411233,204.8291982966388,1.269473910331726,1.2940821647644043,188
75650000,persistence,zero_shot,CAMELS-BR,0.4336189986569903,0.6778835943754404,94.98802398686313,29.941196390447466,-7.401466622401611,0.001628231449534806,0.8916954789567925,340.90935075609264,231.2236838529909,1.369041919708252,1.3728878498077393,188
75700000,persistence,zero_shot,CAMELS-BR,0.8879385270967932,0.9167292534825077,92.38099787797503,32.75348559313494,0.9170590903329701,0.0006393242625480564,0.9328018413658018,317.0773084831883,340.3579858702547,1.1617777347564697,1.194020390510559,184
75780000,persistence,zero_shot,CAMELS-BR,0.9664737412610386,0.9471726521868548,869.0205365209766,468.1785903281354,4.384781429771009,-0.0021695385079495456,0.949210527874081,2424.975625396319,1747.9685777353966,0.5524353981018066,0.5756351351737976,188
75830000,persistence,zero_shot,CAMELS-BR,0.5778916171680706,0.7273158280910318,4.5723681045673095,1.870930847434446,7.9251244925378455,0.0024920645788390726,0.7739777975353128,11.5285592033689,6.326532641091052,1.1804566383361816,1.2307695150375366,188
75881900,persistence,zero_shot,CAMELS-BR,0.7726006655706998,0.8869177965121979,33.923538461239474,15.4524373196541,-0.2646603163867776,0.0003828573567196611,0.9893829584139083,115.7488990774203,24.16703435435212,0.7181470394134521,0.72392338514328,188
75900000,persistence,zero_shot,CAMELS-BR,0.9854916096417502,0.9854594289882953,456.5196979904879,267.346185724786,0.8119813073326452,-0.00014784773310276556,0.987311631643226,1244.657810589499,1819.4406687415487,0.4175865054130554,0.4096542298793793,188
76077000,persistence,zero_shot,CAMELS-BR,-0.08222562521611398,0.5161635166436562,58.29659758688835,20.65255313509322,8.186227192470698,-0.004726861706876154,0.7527317047217273,230.76063975235732,334.1019008056041,1.0404084920883179,0.9272303581237793,188
76081000,persistence,zero_shot,CAMELS-BR,0.5719507892927759,0.7166403188097651,29.383882952017352,9.759865254903517,-6.765259696201214,-0.0005378625676825122,0.8427857386757732,117.21913219177048,179.33963564970907,1.1615536212921143,1.005539894104004,141
76085000,persistence,zero_shot,CAMELS-BR,0.5826947387856514,0.7395532528542247,46.77206136587663,18.19170609687237,-3.070394680626404,-0.0021695035352228484,0.8743580163150637,168.22150282981653,141.7174546667417,0.9921624064445496,0.8772326707839966,188
76100000,persistence,zero_shot,CAMELS-BR,0.5997482662220417,0.7946652295190132,110.20164265991629,33.43103440203097,-6.3240779310817645,-0.002001447364279936,0.8906579316109815,451.6288739796303,849.6673291263518,1.0711547136306763,1.0212785005569458,184
76120000,persistence,zero_shot,CAMELS-BR,0.7793661708645524,0.8695812605182374,60.90403895077933,25.463664869351827,5.726518846450895,0.002248034709492433,0.91866819753523,206.9132668535297,376.64970463283254,0.9136929512023926,0.9375144839286804,188
76251000,persistence,zero_shot,CAMELS-BR,0.9120630168012777,0.867476128533029,14.557182116479698,6.364665293867918,7.253128568024776,0.0011069522605588605,0.871844550053251,43.65657654870837,55.70861702613248,0.9673397541046143,1.0266249179840088,188
76260000,persistence,zero_shot,CAMELS-BR,0.09911800040049956,0.42302513371431805,46.40038682856538,11.343333378250216,-9.192108825393328,-8.928071836852847e-05,0.7837505641665605,191.12065136540386,323.198032075391,1.3592509031295776,1.2630621194839478,162
76300000,persistence,zero_shot,CAMELS-BR,0.9477334729116944,0.9646811413751785,41.778985305397704,19.14634096622467,0.7080582058181522,0.0024466631315737813,0.9759428502349019,98.02197757566807,83.65272387256334,0.948213517665863,0.8737533688545227,188
76310000,persistence,zero_shot,CAMELS-BR,0.9586930523182312,0.9672907556992354,69.13152571078778,30.35843169181905,0.9318215570858662,0.00023803269053991605,0.9734540117477146,237.34329394343396,117.1498903398778,0.745185136795044,0.7858397364616394,188
76360001,persistence,zero_shot,CAMELS-BR,0.8458650899657897,0.9193103472072088,21.187059904393465,10.290159637374538,-2.2059554520574003,0.007212644221538916,0.9709630693196851,54.73599294751345,70.97393294523657,0.8951606154441833,0.9164421558380127,168
76380000,persistence,zero_shot,CAMELS-BR,0.6757781097678797,0.809640197999442,28.221052021823176,12.34977544462657,-9.32630694789169,-0.005083525290096529,0.9027704148794221,76.3862361770825,37.58324094593227,0.9408397078514099,0.9579918384552002,187
76395000,persistence,zero_shot,CAMELS-BR,0.860122042718091,0.8823026039574421,4.42290451405137,2.0217250963749245,-2.8168945889041344,0.0008278648960141424,0.9068851406776969,15.717766913359016,25.414205752668657,0.8015233278274536,0.7575342059135437,171
76431000,persistence,zero_shot,CAMELS-BR,0.49169204117321264,0.7123279028613454,74.65061565869533,26.969030122167055,-5.510704815523465,-0.0013740727617052723,0.903761320774478,298.9487734594695,581.9544219970703,0.9179884195327759,0.9468373656272888,97
76440000,persistence,zero_shot,CAMELS-BR,0.3261692002820241,0.6556848556918617,122.05208363114888,34.84771673270798,-7.661214467132814,-0.000620620424073931,0.7252647445053797,501.9870140202747,847.5436001031067,1.1163707971572876,1.1103758811950684,182
76460000,persistence,zero_shot,CAMELS-BR,0.3184272770040374,0.6753280636559948,63.86124455076532,19.060897895581807,3.312532168876037,0.003613348992358944,0.9136737572749967,257.7652016467,408.7321461681915,1.1920465230941772,1.1465109586715698,173
76490000,persistence,zero_shot,CAMELS-BR,0.7510408338121771,0.8523532868836523,142.3320904771875,54.71778478199923,-1.790823824807546,-0.0013269204735739011,0.9286308165461357,545.8765886168777,1007.8104980600272,0.7518818974494934,0.7621811628341675,158
76500000,persistence,zero_shot,CAMELS-BR,0.9628819691183769,0.978936987622674,143.85240139822392,66.2604363767997,-0.1056573208296327,-0.002486548876053131,0.9901195735547732,317.72949053108977,355.82657249640323,0.6426534056663513,0.6295961737632751,184
76550000,persistence,zero_shot,CAMELS-BR,0.25846200070185643,0.6533196635759616,7.431741856175278,2.76903613504157,1.2327157089015948,-0.0005062654373988729,0.8504951098185403,28.722341801312563,39.0776908931447,0.409720778465271,0.451336532831192,166
76560000,persistence,zero_shot,CAMELS-BR,0.9718155033437439,0.9696284514165225,135.85831036143588,70.9115888615872,1.0628533688524675,-0.002924044624184767,0.9724762414159439,379.05916431042726,553.1234122328949,0.5810093879699707,0.5980474948883057,188
76600000,persistence,zero_shot,CAMELS-BR,0.9776003760083013,0.9875262983323839,115.37220143205172,62.40382513452749,0.06774049605464963,-0.00033849065066720446,0.9935008848496104,310.899501447011,376.3489072655851,0.5202319622039795,0.5220975279808044,183
76630000,persistence,zero_shot,CAMELS-BR,0.6583578277064925,0.7371692247595361,25.771234349524768,11.142391362915868,9.256813662791377,0.0,0.765720433149077,78.5838292532495,106.59502802663921,0.8478146195411682,0.9328226447105408,184
76650000,persistence,zero_shot,CAMELS-BR,0.8490848479796944,0.9124931544880119,27.82264191190646,10.997256925550557,0.18563592146965086,0.0005747919320920926,0.9478397604787968,80.19093625730464,130.67238982234167,0.6329146027565002,0.6865040063858032,177
76700000,persistence,zero_shot,CAMELS-BR,0.8975471043387789,0.9461873568870897,38.809950863750025,18.986160166377637,1.5991753304720133,-0.005124814196546874,0.9809259195856329,65.63013631571826,15.12762018885322,0.945525586605072,0.9444099068641663,162
76742000,persistence,zero_shot,CAMELS-BR,0.7405770825543069,0.6425365430878116,26.97758429135244,7.6146813386932335,-11.081039351918273,0.0014612004249134058,0.6595779630291336,113.08049321600282,225.3395651008339,1.127042293548584,0.9797685742378235,188
76750000,persistence,zero_shot,CAMELS-BR,0.9163274573116356,0.9527294659414955,59.67362077602816,23.670491383430807,2.1118730122750518,-0.0010830972779316897,0.9775117229797231,190.2983509713772,81.84073396202172,1.0616440773010254,1.0379481315612793,188
76800000,persistence,zero_shot,CAMELS-BR,0.9775230364916189,0.9874949656301968,172.82727658564156,87.2613813927833,-0.15264543906420805,-0.001643429582251596,0.9940852529551302,266.1514237409706,71.49395463969051,0.5811927318572998,0.5686660408973694,188
77150000,persistence,zero_shot,CAMELS-BR,0.9872758648655874,0.9884231249845566,539.4697631419754,330.341885018856,0.8189058508960246,-0.0011806699908879573,0.9902234546458442,794.0168754360755,1259.5014977417839,0.4050755798816681,0.40631937980651855,188
77500000,persistence,zero_shot,CAMELS-BR,0.6884635558151238,0.7744085863892248,126.35592457968282,35.18432011804048,1.7085229437735407,0.0025513591552159126,0.8412999280945963,530.4774251439283,966.498573079974,1.3524433374404907,1.4237438440322876,188
77585000,persistence,zero_shot,CAMELS-BR,0.8764211261792113,0.9350717716822992,130.58708210691358,49.674365474955536,0.5113429950460896,-0.005250456910984816,0.9817493822290011,378.4367281283474,501.59814802756966,1.1611121892929077,1.2525542974472046,173
79200000,persistence,zero_shot,CAMELS-BR,0.23052621388750638,0.4947305708820393,15.55716813217869,4.0830045105403014,17.79704532062167,0.0036276254922681973,0.536530325302294,65.2064656260155,86.2759108671865,1.2476310729980469,1.322619080543518,157
79400000,persistence,zero_shot,CAMELS-BR,0.7347305335866754,0.7474883077178212,18.7741868847259,5.904892098568156,-8.66927271741369,-0.0030383242804091493,0.7899441745318658,70.11746075597155,115.68026648174505,1.252874493598938,1.274044156074524,166
80010000,persistence,zero_shot,CAMELS-BR,0.25501653264685287,0.5910967356016158,3.0391689866753504,1.1822065192720164,8.051786607572538,-0.000695262161327299,0.6686611421890657,11.396122291967345,15.808000087738037,0.5621174573898315,0.6158850789070129,92
80100000,persistence,zero_shot,CAMELS-BR,0.1812688471090892,0.48071636786362826,5.362859275646705,2.57456375528502,-6.306062694471445,-0.0012509844118000959,0.7970726566972215,17.327792950383714,29.21204573100686,0.7154611945152283,0.5986332297325134,149
80130000,persistence,zero_shot,CAMELS-BR,-0.36294189944790145,0.38619779982903646,2.055259085962787,0.8821783680824717,1.8421331641633278,-0.0013002039308992793,0.8757105204424278,5.461347114177593,9.715899610824843,0.3410339057445526,0.3598161041736603,157
80200000,persistence,zero_shot,CAMELS-BR,0.273376397590942,0.3099364160101804,1.2095891735991795,0.2609906445818338,-1.3547013569468376,0.0019028702417019754,0.467842087117157,5.175030719603379,10.56200004078862,0.5829042196273804,0.5192865133285522,171
80280000,persistence,zero_shot,CAMELS-BR,0.04179094592710819,0.16247412801416783,4.042071795870464,0.9994719214318843,-7.946492026296651,-0.002130592776618992,0.5132815254679781,16.875435684826336,34.507936799153555,0.6555999517440796,0.5645180940628052,178
80320000,persistence,zero_shot,CAMELS-BR,-0.08842599313293742,0.2703424147454794,5.4430202708310595,2.0452173870542776,-0.7039838895624823,-0.001129627536451891,0.7243157923655785,20.506503180327293,41.889999866485596,0.8818603157997131,0.881628155708313,92
80360000,persistence,zero_shot,CAMELS-BR,-1.771270759536355,-0.32021638504267025,10.70843417936542,3.7062333703041075,38.69648703204597,-0.0007425647335294883,-0.2960932427123981,33.99570403790939,54.945003509521484,0.6909805536270142,0.8937350511550903,60
80410000,persistence,zero_shot,CAMELS-BR,0.01928074341010544,0.28998383217666446,4.680965065303914,1.5897499782008093,4.665302763818922,0.0,0.6148458666316001,17.858377435037035,31.560181168862492,0.7707169055938721,0.7295854091644287,148
80450000,persistence,zero_shot,CAMELS-BR,-0.3013068387158826,0.4132821971199496,1.4629397383037694,0.6899736915764055,5.420646058769318,-0.0028559024680127783,0.5538861718203081,4.121516010380948,4.121516010380948,0.652970016002655,0.8164488077163696,38
80800000,persistence,zero_shot,CAMELS-BR,-0.0008361102125151731,-0.025773969291544407,10.834153242891547,2.7659720468787508,-17.45094417498887,0.0,0.3070938369431887,46.53683046874059,97.4968593705529,0.8679695129394531,0.6799352765083313,179
80850000,persistence,zero_shot,CAMELS-BR,0.18910470748059782,0.46779579720927233,9.551207432155225,3.238109292879782,8.890377985698665,-0.0005774374786713717,0.7406473038547334,35.26092709790933,71.30987711306244,0.7776937484741211,0.8831534385681152,183
80860000,persistence,zero_shot,CAMELS-BR,0.1554843271563977,0.45193968305217347,15.326668812839566,5.44828645345327,0.9367347053267123,0.001074933420166256,0.7832758639352676,59.15758309421843,108.12538634893421,0.6761646270751953,0.6622174978256226,185
80870000,persistence,zero_shot,CAMELS-BR,0.9002946824663314,0.9498961918311634,1.6355483204303733,0.8829937161139723,-0.5694229236009453,-0.0006693542425134334,0.9903554895062839,4.704109111610986,6.270186569452788,0.45115676522254944,0.46594515442848206,159
81019300,persistence,zero_shot,CAMELS-BR,0.13100808878542003,0.6016107602406501,2.563524952520555,0.6596511637055597,1.2237573152395682,-0.0011772988254542555,0.8071341376240159,10.976723604449447,22.29188138162711,0.4535469114780426,0.4666253626346588,172
81019350,persistence,zero_shot,CAMELS-BR,0.7120009464354022,0.8058966657783504,5.0605311613767325,1.873006933547081,-1.1906180418739007,0.0002319658557857658,0.8823215619542308,19.822474699410474,36.88480897146317,0.5162249207496643,0.4927993714809418,188
81019550,persistence,zero_shot,CAMELS-BR,0.20832729877456113,0.27052278610729785,0.71731326568225,0.21180851567298808,12.16526809322884,0.0,0.27389622840917993,2.896173084947137,4.550274909800595,0.3591427505016327,0.5139440298080444,188
81020000,persistence,zero_shot,CAMELS-BR,0.13796578945942883,0.016414914206068554,9.007157608038717,1.9736842544455278,-31.66444278496808,-0.0026367083936251427,0.1805556608607658,38.960006125281254,54.5400013923645,0.8940812945365906,0.3544447720050812,38
81021000,persistence,zero_shot,CAMELS-BR,0.594712853529058,0.572809702607833,0.23860708260000554,0.13851852190715294,0.16542451818758158,-0.002756718791430357,0.6097946921237176,0.6887670774471599,0.9200000762939453,0.6526055335998535,0.5144509077072144,27
81030000,persistence,zero_shot,CAMELS-BR,0.6242692854243386,0.813505887138322,0.6937683517192509,0.45873742879436,0.6285425492237418,0.0024503826522038145,0.931639563806228,1.6178843871702633,2.116510669746468,0.34990909695625305,0.3525561988353729,179
81050000,persistence,zero_shot,CAMELS-BR,0.7771554896934907,0.8879572560667862,0.17558838560247436,0.0724897986772109,0.4713957164013535,0.0,0.9917920330494043,0.5177051767043739,0.3535533905932738,0.16335926949977875,0.13981060683727264,147
81060000,persistence,zero_shot,CAMELS-BR,0.858426449861341,0.9149818892331502,0.4926519915001037,0.223749995879505,2.0098909864720236,0.0008302711314901838,0.945617493495266,1.6374919984694973,1.2437243720246633,0.29186055064201355,0.29296424984931946,184
81080000,persistence,zero_shot,CAMELS-BR,0.24646751900543407,0.577174323872504,10.760404629545024,3.5502660401324007,5.617744729330302,0.001965391060062596,0.6439265093931644,44.02385724339786,67.61525957087781,0.33841681480407715,0.41275933384895325,188
81100000,persistence,zero_shot,CAMELS-BR,0.5618610032083224,0.7542367133117218,3.8654540622395412,1.6134042511595057,2.226633835599829,0.0,0.8245996000607925,13.78688444346349,25.866290877093373,0.22173498570919037,0.24832099676132202,188
81102000,persistence,zero_shot,CAMELS-BR,0.6739121721668492,0.7620378170104469,12.666659653858577,4.4534521889179315,-1.2298097905249203,0.0010815356147839614,0.8409789642893141,51.11239656440269,85.82480564267786,0.475050687789917,0.4491129219532013,188
81107000,persistence,zero_shot,CAMELS-BR,0.7100791419369924,0.855887534692926,17.58909241177092,7.747466432287338,-1.832011208902569,-0.00023005262722058765,0.9691324550976262,57.979896534634044,16.117579356872422,0.4231829345226288,0.3734211325645447,188
81120000,persistence,zero_shot,CAMELS-BR,0.3373653456331861,0.6717304139047405,3.0488797995155448,1.1375617378569665,-1.0964672819002188,-0.0006433369566787688,0.7943887907008529,11.312929657857467,15.329658672719079,0.43637168407440186,0.4537143409252167,188
81125000,persistence,zero_shot,CAMELS-BR,0.3810578777813145,0.5969617043085053,3.832950343060001,1.3627930841547378,-2.0170194205986847,9.896792842923816e-05,0.8013316230539383,13.960788092315827,28.579516009770845,0.3237861096858978,0.3165544867515564,188
81135000,persistence,zero_shot,CAMELS-BR,0.6697630645175411,0.7707204230450209,30.848765841266015,12.942356982129686,-1.2722831337568368,0.00076543946409224,0.8037261694958613,101.93458336649175,137.29094461833878,0.47106435894966125,0.4506451487541199,188
81139500,persistence,zero_shot,CAMELS-BR,0.1927979309933251,0.5261073558146383,2.862389635791704,1.0577266032391406,-5.750968299038128,-0.001411502689353205,0.8557782690592395,10.728580558583433,17.28546537735055,0.5101328492164612,0.44286760687828064,188
81140000,persistence,zero_shot,CAMELS-BR,-0.053772649953606866,0.4684935770625529,4.915942203577556,1.6052515849154045,2.0942370376071033,-0.0007010225319588666,0.8862890902970061,17.419282422771374,36.541256621030136,0.34965646266937256,0.4086040258407593,188
81160000,persistence,zero_shot,CAMELS-BR,-0.007952533063275258,0.12595875272297097,6.858311829300107,2.1471664601183953,-7.561220970975074,0.0010823820708510644,0.5086803841724301,28.182829100699575,54.71302944653088,0.5116980671882629,0.4035007357597351,188
81167000,persistence,zero_shot,CAMELS-BR,0.7093510448888157,0.8126069439775826,0.8864509113607619,0.5257818033872557,-0.21979018228194552,0.0016775582330857998,0.893786570105282,2.5232051890566924,2.4427311291740152,0.3397526741027832,0.3094463050365448,121
81168000,persistence,zero_shot,CAMELS-BR,0.7611938687804005,0.8749660704226397,2.7779980184463273,1.5000530294820564,-0.16626108483465024,-0.0018184254241199148,0.9409921502711354,7.881611460837646,10.023548488719399,0.380340576171875,0.4552434980869293,147
81169550,persistence,zero_shot,CAMELS-BR,0.5536736306118252,0.7174443703824633,4.928301150291979,2.0277979040479326,3.49859712161649,0.0010071283960015817,0.7660489042315477,18.097288409892087,11.314067332021992,0.5329045653343201,0.5941969752311707,143
81170000,persistence,zero_shot,CAMELS-BR,0.7060544883764004,0.8406985840584498,65.22784994833431,25.43407413807321,1.9189319950628665,0.00016897330414296363,0.9430650193462999,234.00275458875976,274.0401368294425,0.4192355275154114,0.3947533667087555,188
81200000,persistence,zero_shot,CAMELS-BR,0.5742512260509403,0.7877521018713781,36.448042619457524,15.65511620298345,2.005218610689039,0.0009343822102547087,0.9077660131390951,136.9431226433788,195.6956906818663,0.4071451425552368,0.44988954067230225,188
81205000,persistence,zero_shot,CAMELS-BR,0.5260114048434048,0.6688293337983207,77.58511387412636,31.658445059535016,-3.513763219662901,0.00011058491246368311,0.8042828045342683,298.6750434622742,537.6665564949184,0.38160064816474915,0.3538696765899658,166
81210000,persistence,zero_shot,CAMELS-BR,0.3322056983477071,0.6243775466891466,2.2185458295078835,0.7869148907509256,-3.346162096727437,0.0,0.8951451016576956,9.104979234291546,13.06158450153659,0.3842713534832001,0.35966402292251587,188
81290300,persistence,zero_shot,CAMELS-BR,0.8877308080023941,0.9384608523919156,0.10564282420587905,0.053426169102715554,-2.005475547044713,,0.9714490507490177,0.21119315601304753,0.09425738059715745,0.6110638380050659,0.558903694152832,107
81290400,persistence,zero_shot,CAMELS-BR,0.4596555783683922,0.6453895261421654,0.05683059886077272,0.026320754734904698,22.22222091053335,,0.7133253738984429,0.17092186935783701,0.11768603354465762,0.9773241877555847,0.8923932313919067,106
81290500,persistence,zero_shot,CAMELS-BR,-3.184869034615473,-0.29844436754441594,2.8465986502636755,0.358988747482052,30.34840879818865,-0.004235210473167928,0.07899620058081214,12.6569245425695,12.522044023064684,1.0761003494262695,1.2733880281448364,178
81291000,persistence,zero_shot,CAMELS-BR,0.4050034296006946,0.6901833587496073,13.521056107928837,4.430219729523082,-5.753953921617836,0.010105804250871382,0.9200035733357663,49.21971257390534,67.25789916433608,1.106490969657898,1.0643177032470703,182
81298000,persistence,zero_shot,CAMELS-BR,0.6213479794404962,0.7515623315740846,4.662809983124111,2.6185595931545382,8.67433588629931,1.783695182779564e-05,0.7940824471305276,11.219529366932424,12.822898864746094,0.5028466582298279,0.5760094523429871,62
81300000,persistence,zero_shot,CAMELS-BR,0.6947810548539546,0.8428444195301409,6.524851334352839,3.5615958178297,0.40409571455340615,-0.0037594503467707034,0.9695468325942013,17.764516341832355,21.775331486348197,0.47020480036735535,0.490951269865036,188
81302000,persistence,zero_shot,CAMELS-BR,0.7819774335230211,0.797496989205566,4.608317887946922,1.1031914873326079,8.9410118880952,,0.8128990984438935,13.324750086174648,27.010087503844606,0.3474222421646118,0.5030910968780518,188
81303001,persistence,zero_shot,CAMELS-BR,0.8973162005009682,0.9027647146541428,0.3094058828141595,0.20182629008042186,6.756868747593967,0.0012914106971104386,0.9124037308426741,0.20129990577697754,0.20129990577697754,0.43381598591804504,0.4300467371940613,19
81312000,persistence,zero_shot,CAMELS-BR,0.9264823929492932,0.815330305250312,3.2453438489517112,1.4668599620942147,4.127892042175241,0.0007527793927531497,0.8160987784743495,11.472864531915311,21.565948225108443,0.48205670714378357,0.5470049977302551,155
81330000,persistence,zero_shot,CAMELS-BR,0.5437463443692845,0.6503276758365566,31.289695266756098,13.55777306351925,4.453344225075133,-0.000624815853947705,0.676230009810517,114.75048172859859,135.22765811339505,0.4212323725223541,0.509320855140686,163
81335000,persistence,zero_shot,CAMELS-BR,0.8953463203418851,0.9319814061272909,15.804056957735583,7.250994489548054,1.7657980058008549,0.0,0.9529117678311446,48.37758723679779,90.88984884442938,0.4962593615055084,0.4984312951564789,188
81345000,persistence,zero_shot,CAMELS-BR,0.22474396937048935,0.3913662686606123,3.663724854075705,1.10053192491227,-7.342560336069324,-0.0019382512540835912,0.6466266462635092,15.04418369592736,28.301562175766996,0.4695093631744385,0.38051244616508484,188
81350000,persistence,zero_shot,CAMELS-BR,0.7684244166439369,0.8791532366486369,56.8630764112217,26.476092835386357,1.1378279377956395,0.0014324693404218526,0.9469589212612219,161.19151261440976,227.7294682673945,0.39394378662109375,0.405044823884964,167
81380000,persistence,zero_shot,CAMELS-BR,0.8830308991450584,0.8673652150811141,34.30283139492951,16.454551419344817,2.9366149397360504,0.00033502387521990896,0.8747959827647828,70.51901268047739,105.32781355283858,0.3447814881801605,0.35706788301467896,110
81400000,persistence,zero_shot,CAMELS-BR,0.7807010365834139,0.8858578633110361,5.708000785479013,3.24404254492293,0.025406899059046282,0.000296826750146504,0.9518066379965193,8.339537735639135,5.813142437366044,0.5638694763183594,0.5718406438827515,188
81420000,persistence,zero_shot,CAMELS-BR,0.7426864975492352,0.8188359383987711,74.46038339798476,27.116210027174517,0.5453065962754641,0.001775409187875861,0.8799451631163928,299.383570587217,571.2131195511512,0.2895493805408478,0.28471946716308594,176
81428000,persistence,zero_shot,CAMELS-BR,0.041361471427688534,0.46959757474179176,1.3727719320884995,0.5797287216211887,-3.1480098408283603,0.0007168548803616857,0.9040489396640529,4.658724495568199,7.384634799871658,0.6775087714195251,0.5944852232933044,188
81429000,persistence,zero_shot,CAMELS-BR,0.5581968255509582,0.7804055165202853,7.189574008484161,3.0790957466084907,2.343671288593243,-0.0005777944022276917,0.9044769472897745,22.856974845190646,25.681491435818295,0.47265756130218506,0.48904579877853394,188
81429500,persistence,zero_shot,CAMELS-BR,0.7694705883184099,0.8160187010784088,1.1596209428625626,0.5495162807231726,-4.930075237379532,-0.00043163509110500167,0.8606351203816401,3.8483753576060744,5.697828024150609,0.3404705226421356,0.34419119358062744,172
81430500,persistence,zero_shot,CAMELS-BR,0.5166830398991952,0.736635368753745,2.8655233370709086,1.3255764666725607,0.4197795580745504,0.0,0.9358940927318533,7.513798261282547,6.098893695158192,0.5904209017753601,0.5223686695098877,170
81440000,persistence,zero_shot,CAMELS-BR,0.44866132600142905,0.7032222756021478,3.960392531754922,1.7147925381964826,2.074328810987611,0.0003747463803089081,0.9319166209493316,13.0702228900635,26.749598444427498,0.4338564872741699,0.44260451197624207,188
81450000,persistence,zero_shot,CAMELS-BR,0.7441467788872799,0.8671450075908271,0.9440887220090748,0.4436159666548384,-0.454958003470003,0.0012042967125518843,0.9411253143699418,2.8996513740574055,0.9571602124702621,0.2829988896846771,0.29582083225250244,188
81470000,persistence,zero_shot,CAMELS-BR,0.17243675770034972,0.6146168993655561,7.057606899958499,3.4766489571713386,2.462557044200035,-0.0018067088925544424,0.7917415539011393,15.033526575239769,25.145675823621207,0.46566304564476013,0.5217673778533936,188
81470001,persistence,zero_shot,CAMELS-BR,0.21663637089037224,0.6198607947438144,5.962059244695612,2.6949610386079956,3.146872313281686,0.0034715889420475973,0.7530865815425067,19.351908649646024,19.510482368432665,0.38171452283859253,0.4270341694355011,103
81491100,persistence,zero_shot,CAMELS-BR,0.832671248217425,0.9034383928327763,4.580793367221471,1.6019768099631033,2.8156599390800205,-5.075451339486489e-05,0.9395608530504027,17.668537287710933,22.94794627127615,0.24827155470848083,0.2640867531299591,186
81495200,persistence,zero_shot,CAMELS-BR,-3.0742506979435893,-0.5403780769078954,47.87673813670863,9.26026821893359,11.016939418675825,-0.0007035566608901891,-0.498268167268201,119.959360462013,234.16753694544062,0.25339120626449585,0.29461103677749634,126
81496200,persistence,zero_shot,CAMELS-BR,0.895214172952225,0.933141141009848,4.540397191173067,2.5094375170194185,-0.2838102625196896,0.0003945869176125768,0.953676763833779,7.95390648127383,6.10804918154159,0.19829557836055756,0.19709545373916626,130
81499085,persistence,zero_shot,CAMELS-BR,0.6723519810328109,0.8379912885270882,13.64486434885999,6.599125132416233,1.3399693551352003,-0.0020282658698398733,0.9571953871564048,51.221489165564975,70.16479587727173,0.2723661959171295,0.2666606307029724,132
81499200,persistence,zero_shot,CAMELS-BR,0.9065330344494764,0.9526580167786908,0.4727929619630555,0.18028124351985753,-0.08175513595148097,0.0006994950523540183,0.9941525412516773,0.04588894942534235,0.04588894942534235,0.2606769800186157,0.25461888313293457,128
81501000,persistence,zero_shot,CAMELS-BR,0.658754929314848,0.8275319162009074,3.6929386411044405,1.424843211065639,0.05183273543775575,-0.0007922758694972575,0.9897849381933339,11.183340243126521,22.960357909615787,0.20490771532058716,0.20847615599632263,176
81510000,persistence,zero_shot,CAMELS-BR,0.6714883273165893,0.8279609780061015,4.262743310822142,1.1458509627808915,0.1643222560212215,0.00023041399796588837,0.9675292674285833,15.336146395420332,32.5744548981999,0.1379988044500351,0.14309357106685638,188
81519000,persistence,zero_shot,CAMELS-BR,0.6412055535527399,0.7409101451320992,6.078838651842296,2.876398829703635,-2.369653730224806,-0.000529345778304758,0.830995510531725,22.704874584732483,39.58332623153562,0.2673579156398773,0.23913127183914185,188
81525000,persistence,zero_shot,CAMELS-BR,0.3703300529091782,0.6403509843144499,7.453760068943165,3.6119680607572513,4.615427806111157,-0.0013886303705147752,0.7050495576652893,22.744406359395928,12.472368838197514,0.32266494631767273,0.3624110817909241,188
81530000,persistence,zero_shot,CAMELS-BR,0.7760322910558473,0.8837029714009129,6.535157411764641,3.630609859119762,-0.4154089480400537,-0.0009756856032876664,0.9766925931191391,10.949005313341221,20.255139112262693,0.18581750988960266,0.17092420160770416,154
81531000,persistence,zero_shot,CAMELS-BR,0.8875608803353471,0.9372694522722698,6.932114268918536,2.747555492914211,0.30343116716770596,0.00020358392319147663,0.9738572033868905,24.38356677700268,28.271195822850785,0.1430082619190216,0.13990402221679688,171
81532000,persistence,zero_shot,CAMELS-BR,0.8195204089746178,0.8732764195453947,14.559531262602148,7.855085109142547,-0.08694538971246106,0.0007902156027492111,0.9155228566108308,41.56791410780904,35.005518543220305,0.2312757819890976,0.21194647252559662,188
81545000,persistence,zero_shot,CAMELS-BR,0.8043946981412996,0.8911855809916125,7.877194921613571,4.547012886805841,1.1001673003072672,0.0018309112472267384,0.9384203993860101,17.503685650082247,24.56996218538931,0.1771053820848465,0.1977459192276001,171
81560000,persistence,zero_shot,CAMELS-BR,-0.37139813827448376,0.34758903513352524,17.820463120837918,5.977585016412938,1.6582012429243207,0.0006598615130412686,0.4221686402458411,70.02022717118368,144.1872234259118,0.4372839331626892,0.4520604610443115,188
81575000,persistence,zero_shot,CAMELS-BR,0.02918631437779262,0.5122303114780942,2.552829311626831,0.7171914970621149,-5.6170794010709955,0.0,0.9433313968278212,10.70104161122065,14.596347015535022,0.9906913042068481,1.0019681453704834,188
81580000,persistence,zero_shot,CAMELS-BR,0.3727749440632563,0.6131694772706862,2.5904493071130115,1.1709116827151929,6.053236091807384,-0.0007948999207725051,0.6637268553851008,9.228011677327588,12.427323414683043,0.949139416217804,1.0338822603225708,171
81585000,persistence,zero_shot,CAMELS-BR,0.5875251279358737,0.763307273149004,1.6029957221273496,0.7011420268278855,2.1751301688729843,0.0019663290677023465,0.8282799341235376,3.9458295914771724,3.5166253726718204,0.4089294970035553,0.4089535176753998,169
81595000,persistence,zero_shot,CAMELS-BR,-0.3766737181443749,0.40569995281858373,11.259858384394422,3.9284303566505168,5.1339689881623665,-0.0012953621509799902,0.5815523971405511,42.95941955053685,79.57895181059651,0.6500088572502136,0.6732507944107056,145
81597000,persistence,zero_shot,CAMELS-BR,-0.15269112161538345,0.34336845844943,4.428058286369272,1.3785268722041961,-2.429400720390403,-0.0009476831071731882,0.875728811684968,13.447801079631734,29.553708099581826,0.3574146628379822,0.33940914273262024,186
81598000,persistence,zero_shot,CAMELS-BR,0.6803698049841687,0.7034980064969691,9.603837412837196,3.441619634628296,-0.8320085669445758,0.000847130797103272,0.7531824301472531,38.10698215169911,65.25466497641725,0.35567253828048706,0.3318279981613159,184
81600000,persistence,zero_shot,CAMELS-BR,0.525232391634875,0.7683339230371848,16.036952966946664,6.7519312868727015,1.8849277941824558,0.0009374783875098942,0.9556946520374356,61.54033799984749,97.43783123447709,0.42196139693260193,0.42772260308265686,188
81615000,persistence,zero_shot,CAMELS-BR,0.33119253750715405,0.573634487109874,0.6501344714927233,0.34322286469595775,-1.822296141290216,0.0009199050557852024,0.8187006653809091,2.147395136336215,1.5238807496951325,0.2669060528278351,0.24505123496055603,175
81620000,persistence,zero_shot,CAMELS-BR,0.7172715562485401,0.8376491617522435,19.392822146035044,8.440403873135585,-2.813556193359374,-0.0009309250286170141,0.9326432673893273,64.68799055719936,52.19524180946793,0.4059726893901825,0.3633325695991516,161
81630000,persistence,zero_shot,CAMELS-BR,0.5558318797599373,0.768817799051042,16.26457999722018,8.11684090750558,0.20362030041136023,-6.541008753034767e-05,0.9663775199755104,49.96993736491199,23.02362699356117,0.42114171385765076,0.4113215208053589,175
81640000,persistence,zero_shot,CAMELS-BR,0.24469732658151921,0.6453021779552492,2.1626618413834744,0.9095442092337576,4.626836565704772,0.0003662038757212636,0.8681467941200727,5.955960541638093,6.4632523889465405,0.4156492054462433,0.4975830316543579,147
81650000,persistence,zero_shot,CAMELS-BR,0.7228434324689303,0.8524572807671136,21.961389128794043,9.800390054891398,-1.229496086883779,-0.0010956108016534783,0.9628991123527668,66.98369783487938,45.618534800949995,0.42280125617980957,0.39509233832359314,182
81679000,persistence,zero_shot,CAMELS-BR,0.8469691720271367,0.9225868507576309,14.35584599026908,8.189141560749835,0.2458160913779308,0.00022898096686009561,0.9794259623786569,37.430857589368784,57.65395979825315,0.22548016905784607,0.23325993120670319,166
81680000,persistence,zero_shot,CAMELS-BR,0.750815959995976,0.8539341359082866,24.75641526716217,13.305965119219842,1.4028713441229397,0.0009479846177772675,0.9022238605126581,46.377420401085715,24.443309538369803,0.28346267342567444,0.2859511971473694,188
81680500,persistence,zero_shot,CAMELS-BR,0.7785739067842707,0.887303037128345,1.5401489913825726,0.7641387089139464,2.8619328283087,0.00025618712582880544,0.9673491098227285,4.2143671920437535,6.263851665324497,0.43038368225097656,0.4666222333908081,173
81681000,persistence,zero_shot,CAMELS-BR,0.8150053640055882,0.903877923668457,18.374753850589123,10.50256885366237,1.4467963980282834,0.0018523573073378225,0.9607604423629509,53.16495718014742,41.312971550900734,0.2467624545097351,0.27312955260276794,188
81681400,persistence,zero_shot,CAMELS-BR,0.9343520856528496,0.8826145533605139,5.497209686183959,2.844611167907715,1.0562678001625896,0.0012435043667040086,0.8848267194554049,17.31307346004459,33.4694782301353,0.41950446367263794,0.42775270342826843,180
81681800,persistence,zero_shot,CAMELS-BR,0.8223325538126539,0.9059290282111582,5.227636852677284,3.3001637988620334,0.3451824330781369,0.004392755533289751,0.9743042527156919,11.878402819103696,15.294452320222094,0.48810145258903503,0.5082805156707764,171
81682000,persistence,zero_shot,CAMELS-BR,0.89170876641666,0.930220359662378,34.046698998342954,18.345826721191408,0.7161640043291858,0.0015129147803981356,0.9516476053989285,60.804236719608554,75.97601318359375,0.2921222746372223,0.3093646466732025,75
81683000,persistence,zero_shot,CAMELS-BR,0.903780287168622,0.9506005676953561,62.43554348291047,34.92366220864905,-1.204989084683812,-0.0005518752005697295,0.9868118328132813,173.58516911219823,208.01308883145242,0.3160357177257538,0.3001430928707123,166
81684000,persistence,zero_shot,CAMELS-BR,0.9649442860597791,0.9665805257309847,41.082347700397285,25.96846706309217,0.829881011035948,0.00017760740118877294,0.9708174513731034,66.28896678328137,57.31098429533059,0.2791427969932556,0.2894149720668793,188
81700000,persistence,zero_shot,CAMELS-BR,0.9150191545751883,0.940917420534237,5.210104655714545,1.7844370310647146,-2.040198044000794,-0.0006767012939819343,0.9593043569357267,17.734021733151227,10.70597138166948,0.5521531105041504,0.5292143821716309,175
81710000,persistence,zero_shot,CAMELS-BR,0.6449018884204513,0.6786292872565598,26.737402095395453,8.680523862838745,-4.126477373454193,0.00038134275806187,0.7373110613344942,112.05059648459138,190.5299835205078,0.6618674993515015,0.5380339622497559,100
81780000,persistence,zero_shot,CAMELS-BR,0.8449810644666563,0.9022703744069028,11.636859052886063,6.027031824943867,1.437107651589129,0.0031472661218014883,0.9307643855305782,25.172583103235013,30.570973776931556,0.5496090054512024,0.5191476941108704,188
81790000,persistence,zero_shot,CAMELS-BR,0.7775364064148385,0.8774011294896139,12.849151949596843,6.354004433701158,-0.48949994136702407,-0.00044681364478253195,0.957065508635222,37.21653229970836,10.520865265750999,0.5249736309051514,0.5368750095367432,179
81790001,persistence,zero_shot,CAMELS-BR,0.20331027768599952,0.40164506212686657,6.47043614952046,1.5867879015026671,0.7546139957371484,0.0006880276764077344,0.6672428464274119,24.458914557215124,50.717401635338376,0.5698925256729126,0.5100604295730591,165
81850000,persistence,zero_shot,CAMELS-BR,0.3659898465794811,0.41750683169034597,4.4575099829264495,1.7084081623019005,-13.799477221277892,0.004328365943663946,0.5648712360671696,16.67369431361315,26.961113619729595,1.0253933668136597,0.8546350598335266,147
82002000,persistence,zero_shot,CAMELS-BR,0.5900840949628964,0.7682162648517704,3.0629111980036923,1.4127659163576491,5.126102713817636,0.0029656572235754117,0.8385966938323053,8.005324583002936,5.774294160256274,0.6186813712120056,0.6482956409454346,188
82009080,persistence,zero_shot,CAMELS-BR,0.4718850452045993,0.6438276033281857,8.247727251818933,2.9457624632379282,-1.5904870153985249,-0.000877581768772083,0.8088088883371274,32.68720423587387,53.30001784122212,0.6606853604316711,0.6531878709793091,184
82009800,persistence,zero_shot,CAMELS-BR,0.28940583081445626,0.428499202065739,25.785117299626176,7.60167628236719,-10.63746573960352,-0.0038293032005649666,0.638346871893591,78.0181794907657,198.1018155789147,0.84791100025177,0.7679546475410461,185
82061000,persistence,zero_shot,CAMELS-BR,0.25619316602369346,0.4197848612792541,6.064435700894684,2.3866386373503867,-8.385389643951235,0.0013702172308729058,0.6546638953771493,23.90115992407794,33.82491685133904,0.5555877685546875,0.40598490834236145,119
82065000,persistence,zero_shot,CAMELS-BR,0.00403340120491813,0.4804910598619848,5.315489816903356,2.6600000222524005,8.220652157669672,0.002249967921673833,0.5577846458771368,15.925791787505911,19.170000076293945,0.3929010331630707,0.5423588752746582,45
82111000,persistence,zero_shot,CAMELS-BR,0.27114648297289323,0.64601176514665,13.020891088551977,6.32639900927848,-2.264261071437951,-0.00213544767225533,0.9551649462194187,37.61317493619559,59.81785079425283,0.5294911861419678,0.47656652331352234,188
82121000,persistence,zero_shot,CAMELS-BR,0.6662413019489264,0.7575436147142034,15.435431925738294,5.76878715068736,-1.7253993436536694,0.0016184750836723896,0.8404496238083672,59.849055924230555,106.07735639186589,0.6270224452018738,0.5430060625076294,188
82121002,persistence,zero_shot,CAMELS-BR,0.6468274664637346,0.7870812959151856,11.825773940896372,7.955306257520403,1.774723705535945,-0.00028494973251307586,0.8393626333647519,12.011732793267694,17.769996643066406,0.2476850301027298,0.35708361864089966,49
82121003,persistence,zero_shot,CAMELS-BR,0.6340446553282064,0.8194385788777486,12.033360016380616,7.776049425572525,1.3355515794977573,-0.0023066938917730116,0.9768154024481823,25.58011104086422,34.92732569340055,0.339687317609787,0.37359803915023804,162
82160000,persistence,zero_shot,CAMELS-BR,0.2439096833013712,0.48316924985440834,3.8569747612320158,1.5277925374660086,-5.364769225966242,0.0009873726080866455,0.7525280333502584,13.73036041968266,24.912951066840353,0.3779620826244354,0.3450181186199188,188
82163000,persistence,zero_shot,CAMELS-BR,-0.14227021291024355,0.48080142762210354,4.787740677235596,2.387340394106317,8.625387604771289,-0.0016600708543250166,0.8460358759358679,13.650956707703676,28.52828782823965,0.6723493337631226,0.7421723008155823,188
82169000,persistence,zero_shot,CAMELS-BR,0.23556278447575985,0.5897926844968596,5.899496798665853,3.4486957442933233,10.497372335593393,0.005079289474329136,0.6724270162130433,15.742080520570847,19.1200008392334,0.574573278427124,0.6952219605445862,69
82170000,persistence,zero_shot,CAMELS-BR,0.5220069759529095,0.5954084176179346,18.172844985168737,7.985908407669563,6.089608699663188,0.0015326318948583294,0.6130410351935607,62.22540791424658,115.86220884552901,0.8427914977073669,0.9016394019126892,154
82190000,persistence,zero_shot,CAMELS-BR,-0.404756984916127,0.3813602342573926,7.4015349443411385,2.4303333194167527,-5.074564774162251,0.0016839352740091358,0.8318038824992319,28.877704317052522,35.557955850617276,0.7873527407646179,0.8269256949424744,135
82195000,persistence,zero_shot,CAMELS-BR,-1.430188027980682,0.11504455638189326,12.006468545630698,3.974223423669947,4.812136865247609,-0.006556668319923541,0.3816440042648337,44.32220840768067,46.17650257229353,0.8797053098678589,0.8850045800209045,188
82195002,persistence,zero_shot,CAMELS-BR,-1.2076641876232803,0.10544011234814632,17.883965065479718,6.606060690350002,38.97922085392716,0.005439359712275851,0.34469354544847897,29.718633452894636,61.000003814697266,0.8864988684654236,1.2154910564422607,99
82198000,persistence,zero_shot,CAMELS-BR,0.24743975920024364,0.4935789014165868,2.1171534171006314,0.7971348236785846,-8.86091797798138,-0.0011937080214849405,0.7590803480456415,7.876873985266993,12.553017733540347,0.6076022386550903,0.5057246685028076,178
82198300,persistence,zero_shot,CAMELS-BR,-0.07072716652050626,0.47576228203013504,3.422292720389175,1.0923404474841787,1.5093047053422106,-0.002282437438964592,0.9679783048720584,11.281686193019352,20.914044627179507,0.6190441250801086,0.6579274535179138,188
82220000,persistence,zero_shot,CAMELS-BR,-0.01128621202527591,0.5478314376043736,0.7538679628218719,0.2292017194202968,2.4484730534402757,0.001538630479013335,0.8075037711674323,3.17519884055863,5.198463666779293,0.4305800497531891,0.5030674338340759,175
82230805,persistence,zero_shot,CAMELS-BR,0.37900779161351184,0.5456368048433663,18.16997998211137,7.963829874992371,-8.488476267462609,0.001033776650373179,0.7334274239124958,61.93757147470242,97.22297055606784,0.6198534965515137,0.5202447175979614,188
82230812,persistence,zero_shot,CAMELS-BR,-0.021634062376010954,0.49773281946876136,6.0875160936895,1.755490183258076,-2.3370987371202396,,0.5826983845182188,24.734442827160898,20.501340706411042,0.6381058096885681,0.7935314774513245,153
82230850,persistence,zero_shot,CAMELS-BR,0.34632155134723097,0.520247767592614,40.75312043072313,17.346413734041413,0.040399390151792204,0.0034963716079556215,0.7164136108600314,138.28890756292267,272.41085400619284,0.6230567097663879,0.6155290603637695,145
82234000,persistence,zero_shot,CAMELS-BR,0.37381574455799305,0.6802898472400237,13.379015082044207,5.730648941182076,-1.1728951451502827,-0.001151923706964375,0.9768771570870214,49.551551677519086,78.45524267861114,0.4011691212654114,0.37224140763282776,188
82235000,persistence,zero_shot,CAMELS-BR,0.4090004357287992,0.6564047870172351,55.276763689413805,22.025091677177244,5.3916943702116065,-0.0028153196569085347,0.7185795446944689,188.39692687280825,353.76724601850566,0.4414694011211395,0.541594922542572,164
82261001,persistence,zero_shot,CAMELS-BR,0.7053156300797443,0.8384149014458944,0.7309606074707053,0.3438650757547409,1.3020975764792013,-0.0011885053476817925,0.941951834801959,1.749176088435064,3.739500045776367,0.2499658465385437,0.28924083709716797,63
82270000,persistence,zero_shot,CAMELS-BR,0.350289330303991,0.6618491220095082,12.629058207819014,5.334202142471963,3.902889599826801,-0.0048766798109285085,0.9145571515991054,42.49545440885268,87.78624736376165,0.707059919834137,0.7673296332359314,188
82270050,persistence,zero_shot,CAMELS-BR,0.5069607679936402,0.6442258723223353,15.916925498584316,7.640746949019132,-7.207785141115998,-0.0037715752889418835,0.7800399931930659,52.46713714798475,92.38430873466132,0.6834665536880493,0.5706881880760193,143
82290000,persistence,zero_shot,CAMELS-BR,0.6918047518755142,0.8461335423820682,0.6885864060731418,0.33069149685151716,2.2434868981867595,0.0,0.9556704784055967,2.3863906129599433,3.6720635294722057,0.636358380317688,0.6582669019699097,188
82300000,persistence,zero_shot,CAMELS-BR,0.6724408147737007,0.8186823934300513,0.9073547510942115,0.44764892899609626,-2.047292286154085,-0.0003609195268916357,0.9386983763096359,2.6451654138858576,2.8411445252375858,0.5764399766921997,0.5647915601730347,188
82320000,persistence,zero_shot,CAMELS-BR,0.6442132683808759,0.8132174090025112,6.653678965511096,2.64705437880296,-5.1013993309467764,-0.0023018204075037317,0.9015247496775849,25.26920841825419,40.07403559141432,0.8774957656860352,0.8491089940071106,182
82350000,persistence,zero_shot,CAMELS-BR,0.35606541381870327,0.6709579330051709,30.501157171564955,11.967518601011722,2.7702084668123685,0.0005580059667677356,0.7783049146620095,91.99782182458863,79.28646341000797,0.6874170899391174,0.7037498354911804,188
82370000,persistence,zero_shot,CAMELS-BR,-0.45457155335888744,0.3504113061556984,17.966267274564583,7.657805977548872,23.63413947723598,0.004822206013284466,0.5187043346955402,62.67017166108853,96.38130164146423,0.8122061491012573,0.8534571528434753,70
82410000,persistence,zero_shot,CAMELS-BR,0.33176312401238073,0.5257059644367215,4.156314682807246,1.0187789223609713,-2.040064500005485,0.00025838014738389925,0.7504706710376443,17.417279445302622,30.013622024748777,0.58294677734375,0.5252794027328491,109
82420000,persistence,zero_shot,CAMELS-BR,-0.10161928585181523,0.21965700588061998,0.5482611992182201,0.15446738995935605,0.6705061417828244,0.0,0.6769626680171532,1.7033464210672666,4.208510091584946,0.4003696143627167,0.35291603207588196,184
82549000,persistence,zero_shot,CAMELS-BR,0.333671507450086,0.5311448201470079,13.651606176026997,5.91635260840719,10.141846852840462,-0.0008423076741637982,0.5609092560618194,46.60015878687976,38.61886732903817,0.6522638201713562,0.741479754447937,129
82769800,persistence,zero_shot,CAMELS-BR,0.40033824925210637,0.6268875598003788,2.1120637306761227,0.8143513882792862,-0.17903526761072278,0.0018357949641465178,0.8368413854341189,8.299061595957932,16.21471901510074,0.6961898803710938,0.7366758584976196,179
82770000,persistence,zero_shot,CAMELS-BR,0.8584790245711952,0.9191910281422363,11.332350069084756,6.72067358393869,-1.8207117400186092,0.0009929437163033877,0.9545291237213301,22.698134747671716,20.66080420012117,0.9424241781234741,0.9091176390647888,167
83020000,persistence,zero_shot,CAMELS-BR,0.4520416544358997,0.5357890925139746,13.079936326871358,4.469809191567557,-11.728521587553644,-0.0007392310651768604,0.6644185470596685,52.58143792018436,81.49471608698502,0.8175494074821472,0.7272133827209473,140
83029900,persistence,zero_shot,CAMELS-BR,0.7787311321255563,0.8586591061533326,14.134605758584605,7.088213788980694,1.1852514870395772,-0.003347206558774043,0.9184912121872293,41.15951372491274,38.52739137906893,0.8630450963973999,0.8684216141700745,173
83030000,persistence,zero_shot,CAMELS-BR,0.7285999245182346,0.7774682971280283,21.432009637822237,10.210127074033656,-11.607011089889085,-0.005771849526348911,0.8282000304509394,68.04496933059033,138.23123205410752,0.6791673302650452,0.6826498508453369,188
83035000,persistence,zero_shot,CAMELS-BR,-0.8222680333788279,-0.0748090923467748,6.88542464849476,1.9710811511525568,25.574284016799997,-0.0035627535988550577,-0.060221158958446264,28.496801308474335,42.234510451326855,0.8614658713340759,1.0858888626098633,106
83040000,persistence,zero_shot,CAMELS-BR,0.30830556639391393,0.44839968333801394,19.040416255165546,5.6660447163467715,-20.531865900780097,0.0024649903483416127,0.6424326940202527,79.63438150421716,144.65511288009134,1.0787993669509888,0.9216221570968628,188
83050000,persistence,zero_shot,CAMELS-BR,0.8367125161361724,0.9145731257215918,28.359135009620122,15.577410327686984,2.2889631482478814,0.002912871597612606,0.9675495769373266,50.01011743480086,36.69451835717056,0.6301526427268982,0.618251621723175,170
83059000,persistence,zero_shot,CAMELS-BR,0.8820951320982359,0.9290633897523085,30.16060405986093,16.58840123997178,-0.9514547151813768,-0.0021725163345327897,0.9625625836953189,64.17037785357698,40.442283940885815,0.686623752117157,0.6418991684913635,129
83060000,persistence,zero_shot,CAMELS-BR,0.531416245572297,0.7256828114975971,2.8130185866940005,1.129547849693831,5.391137487960714,-0.0006809972999453073,0.7903448682150552,9.576888949528431,8.532876445291219,0.7582398056983948,0.8109845519065857,188
83069900,persistence,zero_shot,CAMELS-BR,0.545649643022512,0.7431777496409209,7.534623092201999,2.8186388706907315,7.819784278346162,-0.0015505514933322195,0.8183826791872718,23.80526554884225,35.181399891203235,0.8577834367752075,0.848531186580658,188
83070000,persistence,zero_shot,CAMELS-BR,0.6151835233604297,0.8076525498968403,7.992993024669648,3.357212798392519,-3.426669685732855,0.0009088267038597601,0.9589964656617371,27.05806566628476,25.720520456960358,0.7156429290771484,0.7509939670562744,188
83095000,persistence,zero_shot,CAMELS-BR,-0.001990470895625762,0.4782318988770248,9.274120045810092,2.7473529575721307,11.376112278261813,-0.014436873888115397,0.5529914399699427,35.32861224031808,59.338435303360505,1.4206960201263428,1.4203892946243286,170
83100000,persistence,zero_shot,CAMELS-BR,-0.11361846349303195,0.505216527488946,9.644718342101386,3.9206383183915565,-2.3101384822932043,0.00045662093400692175,0.8287531237648641,37.07578858877598,42.087899351972794,0.8023375272750854,0.7823707461357117,188
83101000,persistence,zero_shot,CAMELS-BR,-0.19485561502001403,0.4795558441662189,10.560524361723797,2.951889904600948,5.539621329262219,0.0006089312791275163,0.7219546556997457,45.03195508920599,40.073242591932804,1.0930659770965576,1.0552791357040405,179
83105000,persistence,zero_shot,CAMELS-BR,0.30075787539037435,0.5952071492803012,17.01866563564355,5.724736166127185,-0.7945432783764974,-0.0008666104352807319,0.8692937580942666,69.29942931175715,106.97853912194608,0.9192646741867065,0.8918585777282715,188
83120000,persistence,zero_shot,CAMELS-BR,0.3130981989661662,0.5523933575741158,16.700549780612175,5.69611701496104,-13.356839800059323,-0.000981860079862406,0.7840036745780479,59.70792494151839,100.19433643206806,0.8732122182846069,0.9119466543197632,188
83130000,persistence,zero_shot,CAMELS-BR,0.6003451174306955,0.45859221358007296,2.3202233041152573,0.5066574490530059,-11.679373368417734,0.0026125969432149124,0.47297664482610124,9.940795060739298,21.42670054370109,0.8634387254714966,0.7352002859115601,188
83250000,persistence,zero_shot,CAMELS-BR,0.45697816404337577,0.7360224666281863,40.29349015886193,16.48837389635003,-2.9354885813875855,0.00426842289220182,0.8806175239782947,152.8696198055924,160.78096457796164,0.7238671183586121,0.749048113822937,184
83270000,persistence,zero_shot,CAMELS-BR,0.7722980869356555,0.7177821644362238,34.46803078926127,14.039297743361125,8.139023343262298,0.002284539123624068,0.7240369774549871,126.10218826545679,188.60724370110108,0.7819070219993591,0.7431343793869019,129
83300002,persistence,zero_shot,CAMELS-BR,0.8530422210594234,0.8812797048210997,43.24266693374127,24.21193987257937,3.4891952110490436,0.0020604994229591334,0.8984296543929201,121.4022525475304,179.97979814629062,0.6968401670455933,0.6663087606430054,188
83300200,persistence,zero_shot,CAMELS-BR,0.9176384431843349,0.9394641372305659,57.861636865164016,27.541745832789015,1.1480438272529923,0.0017385948031299302,0.9527878217629596,192.51287638313843,88.76203751772245,0.6083288788795471,0.6319212317466736,171
83345000,persistence,zero_shot,CAMELS-BR,0.5259550566089961,0.5554267877876171,17.824834515218516,7.35304375658644,17.556712333401798,0.0025002521819885853,0.5669943842819064,59.131297681876596,14.601733939256887,0.769804060459137,0.8903486728668213,188
83349600,persistence,zero_shot,CAMELS-BR,0.7746683472155012,0.8566139685911006,36.26599841978024,17.12993225940438,-6.3863350542525374,-0.002847407662516302,0.915271262736915,99.96226328949845,28.48105188003513,0.7275954484939575,0.7107140421867371,129
83360000,persistence,zero_shot,CAMELS-BR,0.8420574381418722,0.8413583853568685,28.99381311253684,11.961067958081022,-9.463147988568261,-0.003953605190275187,0.8623684622327815,95.79317818904596,83.84446042625083,0.6811046004295349,0.6098558902740479,188
83429000,persistence,zero_shot,CAMELS-BR,0.8578680839707044,0.8381844724815484,5.556482005687465,3.0215732463891953,1.271598844419908,-0.00026233465612375984,0.8459988646619153,10.692298710527187,10.113915127425772,0.12311447411775589,0.14293497800827026,138
83440000,persistence,zero_shot,CAMELS-BR,0.7595566955026707,0.8318079137991584,24.46952116814736,8.040197932973822,2.3061645449573387,0.005306128569195349,0.8627254240732802,95.90666515659944,74.6193748543958,0.6805095076560974,0.715149998664856,188
83458000,persistence,zero_shot,CAMELS-BR,0.8753377315625126,0.8687502005788617,38.47415545918938,23.00531914893617,3.092484150413783,-0.0008536629383847499,0.8779814179703506,97.27384026551023,118.58541225631423,0.7147074341773987,0.7351422309875488,188
83461000,persistence,zero_shot,CAMELS-BR,0.9182523042554782,0.9370856962166962,80.68670369930005,46.885172526041664,-0.7639011260391861,0.004958590342096416,0.9514966353186326,240.75187717530846,174.9874952047507,0.5857328176498413,0.5753442049026489,129
83480000,persistence,zero_shot,CAMELS-BR,0.11898373899274439,0.41920486031255366,3.659705481782085,1.2491489401523104,10.79597994120042,0.0019521113051724007,0.44333968578607463,14.070349663566914,3.901281469059925,0.44973868131637573,0.602574348449707,188
83500000,persistence,zero_shot,CAMELS-BR,0.9082260623628102,0.8462996089672759,51.68542051246132,28.080872321382483,7.820499161264795,0.0010081697401359384,0.8493982214751675,164.63294966558294,87.19606571551063,0.7194015979766846,0.7581485509872437,188
83500002,persistence,zero_shot,CAMELS-BR,0.8922197862701738,0.922220300208317,45.7244850076157,23.442617122163163,-0.4891943618054853,-0.0003981956431532048,0.9453413436288116,121.24225662335274,153.24854006111246,0.5865795612335205,0.58870929479599,188
83520000,persistence,zero_shot,CAMELS-BR,0.8417095379846725,0.7953778354225751,69.23942008790289,34.87380458446259,9.476336572029446,0.0019874815165930974,0.8018009923104459,239.09208582427092,298.3949145775599,0.6797118186950684,0.7377041578292847,188
83660000,persistence,zero_shot,CAMELS-BR,0.4941551135743929,0.6046237645035427,19.427000944018577,8.081182749685413,10.700621288895135,0.0013145402750868798,0.6289304181945216,66.77212378298162,97.26577968534373,0.7369786500930786,0.7847349047660828,167
83675000,persistence,zero_shot,CAMELS-BR,0.5083856049599178,0.5311490421254045,11.536261693898064,4.8499255250109,11.200340146501997,0.003067163931247745,0.5412051782503325,43.83194284720372,63.809595613473064,0.596738874912262,0.7341262698173523,188
83677000,persistence,zero_shot,CAMELS-BR,0.5774341353132466,0.6536034027280488,32.748933997674385,14.92258952835859,11.601538987840625,0.0002065388371843748,0.6755978335202613,114.53935498331647,72.89987667894256,0.6181801557540894,0.7145394682884216,177
83690000,persistence,zero_shot,CAMELS-BR,0.7273833892096662,0.8587270419671473,78.27874174449849,38.721521519600074,0.9955620121904927,-0.0009716396791944054,0.9339582558790174,259.2956726614958,286.6872426790736,0.6623808145523071,0.6828052401542664,188
83720000,persistence,zero_shot,CAMELS-BR,-0.0237321376790669,0.5391301693016286,2.5712592913295724,1.1521276571649186,6.016757819539484,0.000324057855370697,0.7399087975046688,6.420557485336333,9.777077789408034,0.459764689207077,0.5556433200836182,188
83780000,persistence,zero_shot,CAMELS-BR,0.852698940591326,0.8083136133831664,88.92282723034266,44.257978784277086,7.566658914758579,0.0004743497145455848,0.8140407613854179,265.9078787851161,501.7932841320218,0.6255148649215698,0.6680336594581604,188
83800002,persistence,zero_shot,CAMELS-BR,0.7263254503904755,0.8368709696634463,91.34211149400488,39.98746737241745,1.246652306796745,0.0004995778699988414,0.9116569050718059,371.03909224801663,666.7205345112899,0.7071259021759033,0.7081862092018127,160
83820000,persistence,zero_shot,CAMELS-BR,0.006902854311951034,0.5490856392347756,2.4412925631094455,1.126382974868125,4.910367586828357,-0.0030748336439379628,0.8559348816507237,8.434184350994546,11.006726975238704,0.5145107507705688,0.5224735140800476,188
83840000,persistence,zero_shot,CAMELS-BR,0.8239820282422099,0.9039787512433907,72.87092129447899,34.45846817341257,4.242947812912326,0.0006698679965690419,0.9526687272628243,140.29037837429328,177.46505883938156,0.426312655210495,0.46929866075515747,141
83870000,persistence,zero_shot,CAMELS-BR,0.7452801066207744,0.8705086451892694,73.89892054610287,37.9787931815206,0.697108063699678,0.0001157055612798991,0.9305674297812154,272.025026048947,388.44337568370656,0.2749069631099701,0.2715226411819458,179
83880000,persistence,zero_shot,CAMELS-BR,0.26141917846737184,0.5503794153881911,3.693643345070715,1.4714994307445444,-2.6111646545334097,0.0,0.8434196783360733,13.965267286454313,22.83251897418201,0.6352372765541077,0.5963367223739624,184
83892990,persistence,zero_shot,CAMELS-BR,0.5783924141386256,0.7461970792888234,8.482012801310548,2.866860082174869,-8.760101977503734,-0.0008685805142337397,0.8796404517132307,32.34196339835174,44.64660854058387,0.7922706007957458,0.7524296045303345,188
83892998,persistence,zero_shot,CAMELS-BR,0.37258306923258544,0.5217266784366156,28.578842946891186,10.152918514083414,-14.43813291952968,-0.003046609431556333,0.6984701998232576,112.9769539435451,154.73309459849287,0.7287710905075073,0.5865928530693054,170
83893000,persistence,zero_shot,CAMELS-BR,0.1335505280176178,0.5836286342450661,16.95878537219249,6.512127637863159,-0.07312999193814876,-0.000751974836047286,0.7053281773866431,61.87360534662159,106.98308263680872,0.5611968040466309,0.5234482884407043,188
83900000,persistence,zero_shot,CAMELS-BR,0.460189788017196,0.7366546549315619,13.38796896607285,5.321202191900699,3.7559140449679584,0.00034068566305804106,0.8876322648835122,39.0296162071219,52.46992888235834,0.5429484248161316,0.5495755076408386,188
84018000,persistence,zero_shot,CAMELS-BR,0.5104815554630653,0.6732622951257075,3.416451570242656,1.7878442944073287,-5.107402920999126,0.004097411190345486,0.8193341399075399,10.072666008570975,14.330400466918945,0.37710464000701904,0.3159177899360657,61
84020000,persistence,zero_shot,CAMELS-BR,-0.3201204390524661,0.39065435347313615,6.790042924259675,2.731278162053291,8.886255690017638,0.000728981751356609,0.5073819684611213,15.244913821959083,19.771947796205957,0.5132254362106323,0.6632714867591858,188
84022000,persistence,zero_shot,CAMELS-BR,0.5246297128811199,0.7158335944055307,6.6319096339812695,3.1629415353139243,-3.3303301727525874,-0.00043439803806486366,0.8806064298057432,24.40300499949332,24.06999969482422,0.27216261625289917,0.2598068118095398,60
84030000,persistence,zero_shot,CAMELS-BR,0.8307576786910358,0.5919346122558783,48.630872485178216,15.601370865298856,18.679282804528206,0.0008184741835379102,0.5921132326414069,188.20824704473995,333.52899169921875,1.1496676206588745,1.1987812519073486,62
84041000,persistence,zero_shot,CAMELS-BR,0.32232557730848244,0.6718817531433152,3.008570724353639,1.0766915098783818,7.786985893485125,-0.0003857238174077293,0.8310397568791001,11.429274117954487,22.749951671004094,0.48926854133605957,0.5700414776802063,188
84071000,persistence,zero_shot,CAMELS-BR,0.14902994527807167,0.6015207639420298,25.677461320063323,8.406022009642228,5.411260838385474,0.00040918994501281183,0.771114206345248,100.3017753080313,211.2416868421229,0.478082537651062,0.5779812335968018,184
84074000,persistence,zero_shot,CAMELS-BR,0.641815910573867,0.6833236453417959,5.765273215673157,2.7866689953310737,-10.031780530265655,-0.0008698425170511771,0.7474449590308574,16.324494469272572,19.302600860595703,0.6137686371803284,0.5025833249092102,58
84079000,persistence,zero_shot,CAMELS-BR,0.44361587825162296,0.6184718417773889,7.12727286628835,2.582554286464732,-8.293607292795558,-0.00019136551472639582,0.7762143381720593,28.81080678221041,32.56331153162711,0.6483901739120483,0.49648040533065796,188
84095000,persistence,zero_shot,CAMELS-BR,0.45745368004621967,0.6810737129697144,9.589525097059395,3.7988159146927694,7.053506748460995,0.0008955872239920348,0.7448035624530105,23.31027487976911,27.3138121207804,0.5975677371025085,0.6330457329750061,131
84095500,persistence,zero_shot,CAMELS-BR,0.49308054124564016,0.702125153017687,42.51533831155818,16.282648248875393,-4.323911407645514,0.0013326215985748503,0.8849464168543928,159.1276531596274,232.7357393116534,0.6113948225975037,0.5565151572227478,188
84100000,persistence,zero_shot,CAMELS-BR,0.8074829887013915,0.8892105955436177,8.533709620025679,2.9134839709693865,1.3420396444788099,0.002251510358426169,0.9336750404330039,34.694852431280395,49.59329228149827,0.5765973925590515,0.597648561000824,169
84150000,persistence,zero_shot,CAMELS-BR,0.05216620159806751,0.5187614326512391,16.18037122812298,5.330274724698329,-1.3061951243883327,0.0,0.9739544355704288,65.07762340259772,104.7581975998572,0.748235821723938,0.7273634672164917,182
84150100,persistence,zero_shot,CAMELS-BR,0.16018683164853775,0.5972301095998269,19.40709034685566,6.554474985979973,0.9209929129359099,0.00022540211500951882,0.9321261693084729,80.56155050737867,121.00888304149609,0.5646102428436279,0.5682151913642883,188
84249998,persistence,zero_shot,CAMELS-BR,0.42831199167313405,0.7161801958715073,14.384756755850061,6.432800021538368,8.067742586448448,-0.00018304704495514246,0.8978940735876976,49.397220187506086,83.59726351564706,0.8306057453155518,0.8751198649406433,130
84250000,persistence,zero_shot,CAMELS-BR,-1.1383435861018332,0.06457007187756769,151.96928360782326,30.643530330440793,47.987406892217784,0.0,0.28296525281298757,267.1985724098976,402.1209021600279,1.5592297315597534,1.7183774709701538,132
84250008,persistence,zero_shot,CAMELS-BR,0.07898972366473811,0.22858412599839395,40.62466186503554,8.597967707622818,-11.584598768750862,-0.00274756871918444,0.5608187247502644,173.68673284287482,359.84483520303075,0.8458232879638672,0.7391607165336609,171
84300000,persistence,zero_shot,CAMELS-BR,0.24389393425852957,0.6424185727111257,20.543593061155306,9.041915383372274,6.989708669185077,0.0024059654444121246,0.8278400384474676,60.860350950112554,113.28167948610835,0.723093569278717,0.737902820110321,143
84500000,persistence,zero_shot,CAMELS-BR,-1.1870580807264233,0.0656477724475355,5.892331462046914,1.7140957770195413,14.292491309637587,0.0009594474598915298,0.15186582120393732,9.251835402164026,8.580208573907479,0.5971828699111938,0.7192089557647705,188
84520000,persistence,zero_shot,CAMELS-BR,0.4441887021667845,0.7256254704031913,6.147765906169853,2.678046300087446,2.0338363925115686,0.0028186375219980755,0.9737286080757268,21.60915100701652,37.96565522869671,0.38853535056114197,0.40467745065689087,162
84520010,persistence,zero_shot,CAMELS-BR,0.6034030346032906,0.7385771511001133,13.97962089948669,5.135828965975914,-4.3810740960200905,-0.002407296640654923,0.8550330542295648,52.645182094504015,97.21599001158668,0.5731151103973389,0.5086730718612671,162
84534500,persistence,zero_shot,CAMELS-BR,0.40024700980083294,0.4918348806587689,24.422501119220918,7.9865493495413595,-7.404581950325345,-0.00019429752895670435,0.638709009449604,100.93403693132841,203.96988488460565,0.5820639133453369,0.46957921981811523,188
84541000,persistence,zero_shot,CAMELS-BR,-0.4312283295320063,0.2480945199129433,6.4502415909521,2.2418723211009453,13.756115224403606,0.00250825214489531,0.29682618991810017,25.714995475718958,44.9040083608285,0.7042475342750549,0.8575799465179443,188
84551000,persistence,zero_shot,CAMELS-BR,-0.40284252724045166,0.3544896962708638,17.295948410839248,6.717204456743986,15.669228680145565,-0.00034868350561609654,0.4762138624929805,56.960045778861975,61.50969655547481,0.734569251537323,0.8331345915794373,161
84559800,persistence,zero_shot,CAMELS-BR,0.7415268867069746,0.7981204659282474,29.075299541174733,12.26741068730963,2.103870874364365,-0.0005066185298975741,0.8500890674018488,107.199471616982,132.21076855804262,0.7378336787223816,0.7383730411529541,188
84560000,persistence,zero_shot,CAMELS-BR,0.2781051466956853,0.604466591943387,35.49712360887914,15.864851169097118,1.412100131186791,0.002097069864775286,0.9168487393375518,141.19581398341538,193.9913904395747,0.5517736077308655,0.5742392539978027,156
84560002,persistence,zero_shot,CAMELS-BR,-0.0035372564098838932,0.501608138771164,40.02641628828987,16.297367982697068,7.818247608323706,0.001921911279135196,0.6048009551263287,145.93868884623816,225.98597392272563,0.6216681599617004,0.6379108428955078,171
84580000,persistence,zero_shot,CAMELS-BR,0.119129068894823,0.5869369772302682,59.402605607879295,23.324094438283456,8.50381509202298,0.0030404374964029413,0.7530181591227461,145.00336950686895,224.10846404941967,0.5190542340278625,0.614737868309021,177
84597300,persistence,zero_shot,CAMELS-BR,0.4919536175271315,0.6526851906074727,7.949439661171856,3.888289929704463,-7.922115392298955,-0.0020324420274243325,0.8010154381186033,26.64570173046289,39.932071234114964,0.5184429287910461,0.3985051214694977,188
84598000,persistence,zero_shot,CAMELS-BR,0.30059446120313005,0.6298644466214811,11.395273245202011,4.4922504825446445,-6.418348553455353,-0.00023174317729652769,0.9204239727826793,42.68429901492892,57.95431214572005,0.5011391043663025,0.48447293043136597,131
84598002,persistence,zero_shot,CAMELS-BR,0.36980507907765514,0.6672287724552924,13.22458367752145,5.333265981775649,-0.9294943195869005,0.000750870191102343,0.946450053913648,49.064321653814794,74.66572297332853,0.45624178647994995,0.48473575711250305,188
84600000,persistence,zero_shot,CAMELS-BR,0.6914996535170195,0.814576549181806,9.994208060266143,4.313505855012448,4.759356442869081,-0.0001676484212683512,0.8911280253114546,35.86300455203568,53.21756383383606,0.5343947410583496,0.5574873089790344,188
84800000,persistence,zero_shot,CAMELS-BR,-0.21470018490520104,0.43552233431930154,4.6356736986414475,0.8987434862748437,8.073132937928275,0.0006963361099800551,0.5647825532101155,19.43846339090402,38.72925581725113,0.5236710906028748,0.6005496382713318,184
84820000,persistence,zero_shot,CAMELS-BR,0.46029573875937735,0.5928821274258204,15.485298644514742,4.992782983420924,-6.349315219430097,-0.002181386711900799,0.7357622808046763,64.88687208835684,120.12312877712519,0.8519176840782166,0.7667711973190308,176
84850000,persistence,zero_shot,CAMELS-BR,-2.405742300163445,-0.32323838731959786,43.05665433408183,8.891202149338069,29.352325903645394,0.0025676387980202928,-0.25753641113874304,183.8317462793194,79.34261150226907,1.0438448190689087,1.2245815992355347,188
84853000,persistence,zero_shot,CAMELS-BR,0.5205717745321438,0.696998832759565,13.47403216980721,5.160985629441449,-7.394007198177733,0.0034506767337273286,0.8523318215504042,47.476005689008296,62.60764440313399,1.2200063467025757,1.2015419006347656,125
84949000,persistence,zero_shot,CAMELS-BR,0.19273910586733967,0.5667082429923265,32.29979542774807,12.244515866634382,18.80684123983198,0.0030399641926283152,0.676895745916889,112.18126298095363,147.34596630430227,1.3925126791000366,1.3985068798065186,157
84949800,persistence,zero_shot,CAMELS-BR,0.8744382768793781,0.6399304849289527,3.4086367710394545,2.420600334803263,26.110034544347286,,,5.796501159667969,5.796501159667969,0.7424125075340271,0.7308526635169983,3
84950000,persistence,zero_shot,CAMELS-BR,-0.2368568061940446,0.40596773113525764,89.46522470458024,35.107597165919366,5.322499743385168,-0.0076490331111515805,0.5075883193724782,340.0742042887724,481.6351442183818,1.0881726741790771,1.192679762840271,188
84970000,persistence,zero_shot,CAMELS-BR,0.4972224410829482,0.6263585088451558,15.281503064654764,5.273676027484397,-4.5969803295198295,-0.003050412426296459,0.7615104797520543,61.7047722134963,120.96643424758365,1.0886731147766113,1.0213438272476196,188
84980000,persistence,zero_shot,CAMELS-BR,0.4610771018105615,0.7387549344648385,0.19020235429482832,0.09646170190040101,0.588076825849557,0.0,0.9591619892852055,0.5698091563191249,0.6609716339781004,0.19760674238204956,0.19407443702220917,188
84990000,persistence,zero_shot,CAMELS-BR,0.8834340833126249,0.8703621654417983,8.070419024244558,4.086848302636036,7.502043132798457,0.0021658762842797913,0.8795079488539842,20.423636912810004,16.700595348940475,0.936340868473053,0.9410574436187744,172
85080000,persistence,zero_shot,CAMELS-BR,0.5001423668707528,0.7400857779134933,27.77169430877081,12.190106308206598,0.01234176047126666,0.003825546365207603,0.8389342803371943,93.05597476602806,148.29296909315897,0.4532334804534912,0.47716227173805237,188
85350000,persistence,zero_shot,CAMELS-BR,0.8096634012479826,0.8961304512557892,25.243584775225557,12.484485385265756,4.346756407607932,0.0027075972553355712,0.952538182508338,86.28298887177564,129.23290481540312,0.7330751419067383,0.7782269716262817,188
85395100,persistence,zero_shot,CAMELS-BR,0.6236267295709463,0.7254285624390124,164.36746824625186,59.65164782138581,-2.403096350979217,-0.00013736563664132687,0.8076245250710883,657.4031437452819,1331.1304755608332,0.3256475627422333,0.31493115425109863,188
85400000,persistence,zero_shot,CAMELS-BR,0.8893852754973817,0.9411278964831689,172.21699644363053,75.54292751880402,0.784941695376935,-0.00012396771068025683,0.9760764636504053,585.7370976107435,45.04222924149199,0.5022547841072083,0.470873087644577,188
85438000,persistence,zero_shot,CAMELS-BR,0.8477266267279813,0.8229762198479423,13.730512765265463,5.210748575054431,-10.133250672582404,-0.007791849203195193,0.8390500028928671,52.116112980018414,50.42934452447494,0.8402091860771179,0.9163739681243896,107
85440000,persistence,zero_shot,CAMELS-BR,0.9184957512910659,0.945428825835752,60.05132439980936,28.901006536280857,-0.13033463615338878,0.0007376878709886847,0.9611808046106353,175.59340670738968,137.805125962545,0.47894906997680664,0.4950284957885742,188
85460000,persistence,zero_shot,CAMELS-BR,0.7195890336980847,0.7818021931876946,7.091674405011622,2.7036542137094,-5.846268813192211,0.0014958706291151938,0.8417897030703094,25.238024012516462,39.73191409093867,1.1000968217849731,1.051174283027649,188
85470000,persistence,zero_shot,CAMELS-BR,0.7041167257804286,0.6393388144269383,24.426706306435513,7.081670780181884,-11.735383055310324,-0.0004322615711561603,0.6678796625543212,104.04851690714257,147.32956533435382,1.1859831809997559,1.1293423175811768,175
85480000,persistence,zero_shot,CAMELS-BR,0.854210707765386,0.8384858375722193,27.23258705546166,9.031604225976126,6.123450614894245,0.006336621691024703,0.8470144086688846,113.38648786463396,117.26022014247559,0.7972652316093445,0.8423949480056763,175
85520000,persistence,zero_shot,CAMELS-BR,0.6265162773169307,0.4433673038116066,12.196127958508304,3.3246512135793997,15.563758826444884,-5.1093131758640775e-05,0.4435414373267864,49.52914340576461,102.0,0.7439354062080383,0.8870249390602112,86
85580000,persistence,zero_shot,CAMELS-BR,0.9714925182150927,0.9505796028141645,21.41121059191793,11.53929826547528,2.724148553180081,-0.0034292932531044193,0.9521903285270202,40.7989651284877,43.41658669218482,0.8044611811637878,0.7958061099052429,171
85600000,persistence,zero_shot,CAMELS-BR,0.9294066347611465,0.9606970142431634,57.124137661935166,24.16804576852468,-0.6622500549421744,-0.005520084673663668,0.9808430128812494,106.51518944295681,69.11366488813208,0.8493351340293884,0.9411345720291138,179
85610000,persistence,zero_shot,CAMELS-BR,0.14600253214034153,0.352079238490524,3.7821559410941643,0.7398391141212811,-12.328049506087881,-0.003892872400745935,0.6585014623570559,16.748828230281013,30.70336209569483,1.297589898109436,1.0911122560501099,179
85615000,persistence,zero_shot,CAMELS-BR,0.03882864617981496,0.528990826628721,6.661531712059561,1.7673988896575603,13.630244675242537,-0.004153234809127403,0.6631659877856695,28.066432819510954,30.628565031801735,1.2064578533172607,1.1755619049072266,182
85620000,persistence,zero_shot,CAMELS-BR,0.7301701525030819,0.8056146134254536,14.313091798619642,3.911186083834222,9.566708091775508,-0.0028341236656907465,0.8406288491661883,53.01100777204041,78.88485292585277,1.2802571058273315,1.2584673166275024,188
85623000,persistence,zero_shot,CAMELS-BR,0.43638347384320375,0.7167989773102463,25.058355102863203,5.487000644375375,4.513587081597976,0.005178946409038168,0.9389461462356236,89.245471292858,163.68738612160143,1.052308201789856,1.0804765224456787,177
85625000,persistence,zero_shot,CAMELS-BR,-0.03640736062229877,0.3023175584621999,26.814778969087484,8.023709632376189,23.935181791574767,0.005965410306804912,0.32623154198051507,106.1267166665638,204.3113432974293,0.9848945736885071,1.0159872770309448,186
85630000,persistence,zero_shot,CAMELS-BR,0.2846364998430033,0.6434093102137048,20.413318948076405,6.504255301616293,7.977530446226969,-0.00196915555870732,0.7740600557856859,78.21575022433383,93.65588452150457,0.9134051203727722,1.0154868364334106,188
85642000,persistence,zero_shot,CAMELS-BR,0.9440016710050289,0.9525511510196265,179.87848438996446,86.2700027629016,-2.6513740761320865,-2.6414965621893854e-05,0.9617459977868145,607.5580089428231,1081.7632330447555,0.43575164675712585,0.4646699130535126,187
85650000,persistence,zero_shot,CAMELS-BR,0.9713180540107006,0.9787735650468763,116.29484667975414,62.68272729353471,1.2318398454312263,0.0009833704575162236,0.9818499394236819,398.71564637805056,568.5419949308933,0.5227411985397339,0.5366995334625244,110
85670000,persistence,zero_shot,CAMELS-BR,0.9264910907824133,0.9551712573510628,12.166274477347688,6.605100032091141,1.7901572053246022,-0.0009680852977534196,0.972779762901897,23.77393530739074,43.0,0.5856315493583679,0.6454768180847168,100
85730000,persistence,zero_shot,CAMELS-BR,0.5786785007884618,0.6875406295796441,66.02799622042428,24.532616941971664,-6.620473601152758,0.0031445177161209398,0.7946651540587135,247.65655481036993,413.4930470999482,1.1687525510787964,1.0979810953140259,188
85735000,persistence,zero_shot,CAMELS-BR,-0.1078313258094803,0.4808953925453189,50.56691877590594,13.83416258635368,0.5930655203189066,0.004427374381387107,0.9261630662216668,213.48268049667996,342.4500916743306,0.9617995023727417,1.0090892314910889,187
85740000,persistence,zero_shot,CAMELS-BR,0.6519439221550015,0.8188016494240784,38.95932729286631,12.848748618544954,6.1382112062784815,0.0035173356006029492,0.9293843948712794,125.16876042388861,203.51651889499004,0.9252028465270996,0.9488672018051147,165
85780000,persistence,zero_shot,CAMELS-BR,0.9730801466254764,0.9516903810191625,7.436874901104088,3.8234744611601372,2.8609507247310884,0.001588272142475304,0.9531491673884278,17.161002301730512,7.648529270389178,0.7035744190216064,0.6835611462593079,177
85830000,persistence,zero_shot,CAMELS-BR,0.7403641697653371,0.8483310980196987,12.505931765678612,3.885920775231925,7.829665281619253,-0.003210854495585877,0.9065318126856978,41.55899922362588,76.44049340931238,1.0282481908798218,1.0329102277755737,188
85850000,persistence,zero_shot,CAMELS-BR,0.7641976417146218,0.8821226202332667,12.35686674361556,4.949468181171316,-1.105472721170565,-0.0025804968107399316,0.979883150328115,45.37673521262323,39.257485306472375,0.8648109436035156,0.8259849548339844,188
85900000,persistence,zero_shot,CAMELS-BR,0.9824040479442611,0.9873749406559016,142.27155273105575,75.22522373306019,-0.5621183482752043,0.0037116897939335376,0.990334949391073,255.18262465386132,347.66323425289636,0.5263270735740662,0.5403473377227783,179
85990002,persistence,zero_shot,CAMELS-BR,0.9776735827265374,0.9849273821749603,124.13984907216367,80.34042553191489,0.5219564648783749,0.0003014079820839455,0.989866763213275,179.34101594448495,25.45584412271571,0.4074689745903015,0.3974546492099762,188
86099000,persistence,zero_shot,CAMELS-BR,0.7387912428981295,0.8391961257072482,27.36622178200938,12.012839002812163,8.805693377855954,-0.0005449164459996603,0.8907086552417769,90.934588100681,120.96910334495865,0.8562341332435608,0.8734385371208191,188
86100000,persistence,zero_shot,CAMELS-BR,0.4918192787956439,0.7271999330187329,95.20783918397348,26.443037286240568,-1.8717079055168009,0.0032060105024587296,0.9429111430755783,398.5570100647442,658.9712327969279,0.9566195607185364,0.908561646938324,186
86100600,persistence,zero_shot,CAMELS-BR,0.5893565228355491,0.7991767368848521,2.4607478583660725,1.128373793739686,0.7405927061904649,0.004345705581708449,0.9462129052718874,7.934983518404871,4.672687460558491,0.7909850478172302,0.7454488277435303,187
86160000,persistence,zero_shot,CAMELS-BR,0.4593569501732975,0.7293902506233491,43.943209744829716,14.529295999910579,5.40878992128662,0.0007096387664942347,0.9233222149770033,183.4742788538938,267.00038070346324,0.8810181617736816,0.9173941612243652,179
86250000,persistence,zero_shot,CAMELS-BR,0.5704010437233837,0.7722483991506781,83.90363693984081,31.70402970466208,0.5474339605017106,-0.0020888718173689876,0.9533332314697586,332.31119041417924,399.8651882427153,0.7601903080940247,0.7905307412147522,188
86298000,persistence,zero_shot,CAMELS-BR,0.32698565067679386,0.6452340912193949,227.84055794942407,86.40184230135198,7.531659542306492,0.000365085305527587,0.7408678420191586,921.4947690334676,1248.9538990321246,0.8762933611869812,0.9400343894958496,114
86300000,persistence,zero_shot,CAMELS-BR,0.08710988551162235,0.39665343212480386,165.82872787416332,33.13617018055409,14.848140123319547,0.001552443164270955,0.4209288029204715,712.0096207215181,593.8594109719909,0.8557833433151245,0.9317616820335388,188
86305000,persistence,zero_shot,CAMELS-BR,0.5828463780285331,0.7834776594126674,124.49391166861611,50.46808510638298,2.226677167609365,-0.0017074041590465147,0.8754255025984584,492.4041023387193,927.995959042926,0.8325695991516113,0.8159406185150146,188
86306000,persistence,zero_shot,CAMELS-BR,-0.25494749139775763,0.36528681987691813,303.47121129449033,112.07369085458609,-27.996239982964344,0.0156024817123959,0.6205407916977497,1128.3428977544054,1258.4499607086182,1.2109949588775635,1.2237204313278198,65
86321000,persistence,zero_shot,CAMELS-BR,0.1985439491095653,0.6220803418179393,5.479186180003148,2.9574999478128223,5.215431803284152,-0.00261416432768935,0.7830491355260395,16.644389990093334,20.350000381469727,0.6150875687599182,0.6033360958099365,36
86340000,persistence,zero_shot,CAMELS-BR,0.7033474126407616,0.8487787953038802,7.399899038818602,2.5246630498896474,-1.2676718296743323,0.0013753592396143488,0.9769606299181789,29.600861954768714,10.878646891545044,0.6198751330375671,0.6127615571022034,184
86360000,persistence,zero_shot,CAMELS-BR,0.44806079846183355,0.6491253618467506,7.25648419423803,2.351094979480658,8.45909764442649,0.0,0.6956102163784528,16.073028070669913,26.69026033442463,0.5642013549804688,0.6469797492027283,179
86401000,persistence,zero_shot,CAMELS-BR,0.3382629388812104,0.525765103748232,33.2331615827257,12.004920168125883,13.147708406258309,-0.0017281156356277715,0.5548501366184194,105.19683309875494,108.0300699586452,0.7025267481803894,0.8411089777946472,188
86406000,persistence,zero_shot,CAMELS-BR,0.8358828612719776,0.8116454812803541,12.50433770285589,5.231255493912042,-6.314653141772294,0.0,0.8296923151347966,43.62206441374218,40.024930126145094,0.7140589952468872,0.6419814825057983,153
86410000,persistence,zero_shot,CAMELS-BR,0.4711471335705384,0.709103933103403,144.40570914888923,39.971097641442654,5.634460906097857,0.003199500404830226,0.7911695386683508,571.1394146162395,59.283808365991334,0.8011056780815125,0.9429007768630981,169
86420000,persistence,zero_shot,CAMELS-BR,0.3912464562598169,0.5960955684372681,12.359821496353849,3.5285123031824193,8.396046666106717,0.0,0.6312052882366623,50.535455701997165,32.5909269598193,0.6985101103782654,0.7861714363098145,188
86440000,persistence,zero_shot,CAMELS-BR,0.5543463644158776,0.7768102385652356,63.91255358174725,22.323408020303603,4.276204321988633,0.002669563777301053,0.9369810928017064,227.4600164433243,415.7380449484115,0.6757829189300537,0.7157862186431885,188
86447000,persistence,zero_shot,CAMELS-BR,0.3313992618205026,0.6460283225941555,82.6325200804955,28.005714327238856,-1.5897670130744495,-0.000870646794561801,0.707383561980959,332.3413646915547,203.59794344112592,0.7606552243232727,0.7682420611381531,105
86448000,persistence,zero_shot,CAMELS-BR,0.6661958044765455,0.8326005309785145,167.22147373048637,77.92553191489361,-0.04724274179694211,-0.0009067920290870904,0.9335155353111879,630.1877498015969,970.5938903578572,0.7808580994606018,0.7198470234870911,188
86450000,persistence,zero_shot,CAMELS-BR,0.41071892579801295,0.5779617655916132,538.0190554851961,177.76374677249365,15.566644267449064,0.013397164208512759,0.613244277069205,1938.0794507952464,1719.56005859375,1.5546530485153198,1.5666277408599854,56
86451000,persistence,zero_shot,CAMELS-BR,0.2811390707428959,0.13353454779824436,722.6954786846416,158.6679292876145,-35.59959432056895,-0.0036869291558822223,0.17730282781209616,3001.719328838391,6195.859924316406,1.0929986238479614,0.6521323323249817,87
86460000,persistence,zero_shot,CAMELS-BR,0.41425117611751605,0.5235566030933676,462.9820791186358,138.7269386332086,16.319022624565882,0.0024295062582713398,0.5430675130299001,1839.6815449016215,3040.6136756308933,0.9360093474388123,1.0646206140518188,188
86470000,persistence,zero_shot,CAMELS-BR,0.059730704830734394,0.5588394700843176,463.4856356771007,119.35239907710448,2.447823628907255,-0.0022910461428537407,0.707586397555936,1937.202234150326,2350.7079960753226,0.9192616939544678,0.9372556209564209,184
86470800,persistence,zero_shot,CAMELS-BR,0.764163951355135,0.88243076450931,149.20856814710956,76.63297872340425,-1.1698206965091722,0.001139345865363857,0.9726338762819188,541.6419481539442,578.5054018762487,0.7767816185951233,0.7231265306472778,188
86470900,persistence,zero_shot,CAMELS-BR,-109.45730992022918,-8.184044326169449,54.13888964401994,16.75263163917943,41.82729863621052,0.00029996140390699906,-8.158774947569265,0.029998779296875,0.029998779296875,0.09509574621915817,0.600617527961731,19
86471000,persistence,zero_shot,CAMELS-BR,0.1944393046200823,0.1488329019760921,492.2419569109803,97.75052669592071,-26.879316127059354,-0.0013246650220557002,0.314944452884355,2130.134980929662,3675.719940185547,0.9236388802528381,0.7993971109390259,57
86472000,persistence,zero_shot,CAMELS-BR,-0.21027983617798585,0.31862056094246627,571.4626598136415,139.7668955985536,12.679993552589316,0.0016743624263388449,0.3638777910798846,2434.269708140092,904.4958406285052,0.8516845107078552,1.0066591501235962,188
86480000,persistence,zero_shot,CAMELS-BR,0.354846065443401,0.5863424699365076,59.668382169218916,17.542766290552475,12.731214102380093,0.0005447660367282302,0.6345269898372703,254.56846049578482,352.0337817737429,1.018747091293335,1.1412603855133057,153
86488000,persistence,zero_shot,CAMELS-BR,-0.09198064609059187,0.23095718187424286,30.902097524585994,16.027083615998965,23.212209963901575,-0.0030058954441775053,0.24050846743039822,71.46429517415376,96.18199920654297,0.6071394085884094,0.8546181917190552,37
86490500,persistence,zero_shot,CAMELS-BR,0.31681285539929216,0.639019078223518,63.290515613304244,20.305236275466356,10.59254813358825,0.0014595027719240712,0.741514232033436,257.4216819062412,304.25798834670707,0.8429554104804993,0.8772748112678528,188
86500000,persistence,zero_shot,CAMELS-BR,0.4597695618727534,0.6052952259253563,59.041463326619386,12.856116103365066,-8.368953800086476,-0.00080590076486238,0.7606555944059383,251.51702235412446,553.8132541073109,1.098406195640564,1.01384437084198,188
86505500,persistence,zero_shot,CAMELS-BR,0.4787080315313028,0.7390116906497829,61.266402749580564,22.62905902685003,5.668543999747887,0.002119630663053332,0.871297727630397,249.6865878996454,352.304455114912,0.9272541999816895,0.9758273959159851,188
86510000,persistence,zero_shot,CAMELS-BR,0.6758417895694782,0.5780832744895983,496.3158248679621,136.49720845323927,10.299596723027186,0.0016529812200799625,0.5811492886600289,2097.761214310453,4027.4746141753685,0.8880500793457031,0.9891268014907837,188
86560000,persistence,zero_shot,CAMELS-BR,0.3301071528284343,0.6174439685345946,45.24800504861434,14.296302572574492,5.085904534663235,-0.0002343535359731093,0.6829991140992461,175.02871741506112,294.59645653643776,0.8489816188812256,0.8939924240112305,153
86580000,persistence,zero_shot,CAMELS-BR,0.3204024199819375,0.6704169119512365,64.03431110150534,20.422738807110846,-4.74530409033545,-0.001788623718203465,0.9306265367160098,269.47037899127963,421.2153895754843,0.8845076560974121,0.9893073439598083,158
86700000,persistence,zero_shot,CAMELS-BR,0.6982713652347545,0.8010929137270133,14.628973905063173,4.4632319896382855,3.7844746564667924,-0.0007925130449780438,0.8699131507134357,60.54023742269276,98.77135255318018,1.1805555820465088,1.19167959690094,188
86720000,persistence,zero_shot,CAMELS-BR,0.5257285796082263,0.558494156531057,585.2051073014267,182.88263780266576,-11.413674179490473,-0.004704720040641139,0.6465316138355874,2390.6053389142176,4411.220342354397,0.9460765719413757,0.8486027121543884,169
86745000,persistence,zero_shot,CAMELS-BR,-0.1501701808282485,0.2841561839999899,35.45919793244734,9.570509518595548,18.433001820415676,-0.003996660862885672,0.3071448927069963,147.83585758383458,201.90909562356393,0.9434630870819092,1.092474341392517,179
86879300,persistence,zero_shot,CAMELS-BR,0.8697070113314701,0.818340477516991,579.2035268658842,216.50934765006923,0.5671192830202461,0.00020785049963309172,0.8220636160279966,2341.6731157423083,3388.19921875,0.46238988637924194,0.517207145690918,79
86895000,persistence,zero_shot,CAMELS-BR,0.734155385875453,0.8238800155119229,419.49724579114417,185.0174231427781,3.569320503154636,0.002661881333712531,0.861102081205322,1531.9932905756148,1159.8883148376317,0.7938242554664612,0.867759108543396,188
86950000,persistence,zero_shot,CAMELS-BR,0.9373818101045065,0.9562917128793629,91.02998522623209,46.973091520112135,1.678164073879463,0.0029823514644173738,0.9688701100924548,267.1024219717579,168.1300048828125,0.6426808834075928,0.6527181267738342,58
87035000,persistence,zero_shot,CAMELS-BR,0.9645568559602848,0.9771927090132204,169.83344782462612,115.3076923076923,0.5220872670219385,0.0001400197667084345,0.9848888324518235,354.0203787516032,191.51240168720145,0.4178118407726288,0.43170076608657837,130
87040000,persistence,zero_shot,CAMELS-BR,0.9038657404237753,0.9489057097395458,382.91020279467,270.93617021276594,0.5846491410795873,0.0006244367062744199,0.9795028412047381,442.4848019988935,534.6367925984893,0.42965462803840637,0.41868355870246887,188
87150000,persistence,zero_shot,CAMELS-BR,0.43335523637321705,0.7267610126376682,34.006513227833366,11.187560184838924,3.2590110785150146,0.00030304448762901587,0.9109030316635883,134.200203660549,253.55186342325678,0.9379808306694031,0.954272985458374,188
87160000,persistence,zero_shot,CAMELS-BR,0.28781771630737696,0.6461614906061282,61.74884267624533,18.118682303327194,3.30523901989327,-0.004605651195357628,0.958528356239101,247.21214607198715,507.87365476168304,0.8636990785598755,0.8962103128433228,188
87168000,persistence,zero_shot,CAMELS-BR,0.22203542165891188,0.6317124653486921,8.928094614058983,3.0601861810236306,4.636551543027524,0.004001594463640075,0.7986519065803217,35.350369082417565,45.032140822445676,1.0698126554489136,1.1141138076782227,173
87170000,persistence,zero_shot,CAMELS-BR,0.8114743760157854,0.7456940908505245,58.64414576791163,24.458715270547305,8.124376224255993,-0.00027983853360404737,0.7510922391790655,194.06994065508584,304.5035692439943,0.842546820640564,0.9370083212852478,187
87230000,persistence,zero_shot,CAMELS-BR,0.7466165915516709,0.789464702027762,20.518373312546107,8.722082798821585,-10.412859771196512,-0.0038244363344676693,0.8362837773910801,71.12099142455786,137.8364023639269,1.0259759426116943,0.9651931524276733,175
87250000,persistence,zero_shot,CAMELS-BR,0.8254972023489107,0.8422177325925196,11.710280144835806,5.941318442035654,2.549815065714575,-0.0025738787837441025,0.8571888978768484,31.932201994603766,35.75611835756225,0.9054069519042969,0.9666649103164673,179
87270000,persistence,zero_shot,CAMELS-BR,0.6986838975062697,0.836904408039676,72.1041844936349,33.34652443135038,-2.2339289531879882,-0.0013188674611735972,0.9015112909892635,221.17597897764466,243.878736231232,0.8150588870048523,0.8391717076301575,188
87309000,persistence,zero_shot,CAMELS-BR,0.13234391762929287,0.5467563926934632,29.445063815727867,10.030777246631377,-10.718532842508928,0.001481709998388963,0.8743020845233318,119.77852940233075,180.91854247271672,0.9677758812904358,1.087004542350769,171
87317030,persistence,zero_shot,CAMELS-BR,-0.11156382396828235,0.5041233280290931,29.806801397328805,8.901028844761976,5.2434942620546225,0.0021040306822734493,0.6997187495997332,122.2655626621552,254.16647345449437,1.0503751039505005,1.0714536905288696,187
87317060,persistence,zero_shot,CAMELS-BR,0.9941745897786326,0.9922510586362936,1.8393343991620246,0.8751170483041317,-0.002718038234921465,0.0003820877890183278,0.992786043782405,1.1256897504953285,1.1145074547833445,0.11289282143115997,0.11204560846090317,188
87366000,persistence,zero_shot,CAMELS-BR,0.2621491466438697,0.589747078307417,2.659311305836852,1.0251808397154858,4.171606898554787,-0.0011878226221442093,0.6589293432323973,7.411093256857654,17.260990682418303,0.4903261363506317,0.6508577466011047,188
87372000,persistence,zero_shot,CAMELS-BR,0.3295019915018367,0.5810941984594381,8.702668624865229,2.853551228841146,16.177578535422025,0.0012388353585712983,0.6351810397179487,19.523089739457525,13.408205782273997,0.8042249083518982,0.9194900393486023,156
87374000,persistence,zero_shot,CAMELS-BR,0.8843934411916132,0.9239858877184732,21.466306141914803,9.874470668270233,-0.7689745298428065,0.0012875196140947273,0.9516834518120347,78.05873984489435,129.43817366411125,0.7850052118301392,0.7891443967819214,188
87380000,persistence,zero_shot,CAMELS-BR,0.9476519823438231,0.9736294064429925,24.535151207738057,13.382474118090691,0.20297886130792642,-0.00143167099545519,0.9957130444389608,74.96059970752582,25.429748861677826,0.5959832072257996,0.5879346132278442,188
87382000,persistence,zero_shot,CAMELS-BR,0.9284850085268057,0.9330692928948151,47.40717533012851,18.24586336663429,2.0559806235141016,0.002030476002053666,0.9405051668214379,102.78363010477418,167.27964162429683,0.6071398258209229,0.6483234167098999,188
87398800,persistence,zero_shot,CAMELS-BR,0.5472651093954655,0.7610457049809707,2.8679004731759656,1.0022595676276436,-6.8444760083242295,0.005752158944095226,0.9298576887177037,10.119144966994389,15.077588320012353,1.0351102352142334,0.9927639365196228,188
87399000,persistence,zero_shot,CAMELS-BR,0.9854842281018961,0.9870414891408846,3.8174469891288174,1.8613095408741465,1.0267460173367589,0.0007934021706519773,0.9890634123730089,11.267943983335666,17.49047653168652,0.5331087112426758,0.5131773352622986,188
87460200,persistence,zero_shot,CAMELS-BR,0.33640201351658705,0.6112979635292022,4.984879133812365,1.6451340812835946,-10.238394719740306,0.0,0.8578122885244089,18.624269973349246,30.0573943868132,1.277290940284729,1.0200979709625244,179
87530000,persistence,zero_shot,CAMELS-BR,0.8668618774110609,0.9333003457584566,1.9938104946831114,1.2556604574311454,0.6895212251267009,-0.0014585290536061474,0.9922723951187058,4.193447790044517,4.925190802813916,0.36583054065704346,0.36617642641067505,159
87590000,persistence,zero_shot,CAMELS-BR,0.6622357183762266,0.8219155149980294,40.06194042695411,13.439992342581297,-1.1226533020085796,-0.003840196845496739,0.9589441428234268,167.25586482163126,230.37695300946643,0.7719824314117432,0.7898401618003845,179
87670000,persistence,zero_shot,CAMELS-BR,0.7404882348395566,0.8521953419860878,151.41578436663707,46.63283767419703,3.581216428790755,-0.003273645820330011,0.9086305731891188,396.9507926534731,187.4142327017673,0.857185423374176,0.9828300476074219,170
87730001,persistence,zero_shot,CAMELS-BR,0.3520739626457142,0.6109447862735,127.95637501522415,37.013068214058876,1.8857389671310367,-0.0022406425604900512,0.6635577376508601,532.7330954787187,467.61148403348693,0.8854498267173767,0.9177232980728149,176
87750000,persistence,zero_shot,CAMELS-BR,0.4192520497451082,0.7052020359711303,1.7972749378414763,0.4395585001466122,-3.5383512105716535,0.0,0.9512776264378838,7.604498369574016,12.815301512135383,1.1394214630126953,1.0890212059020996,188
87780000,persistence,zero_shot,CAMELS-BR,0.9272240766169024,0.8138305428688009,1.992994726027789,0.8258351496840407,8.459359236309213,0.006205173948368767,0.8145685266417102,7.277567480017719,13.578104285958956,0.9642578959465027,0.9971442818641663,182
87800000,persistence,zero_shot,CAMELS-BR,0.6609595861344522,0.7340091287163393,2.8278059742466586,1.0401568728334762,-4.582642738077275,0.001052462609234986,0.8097496342754041,11.404927313466192,14.76651690014627,0.7684445977210999,0.7020378708839417,153
87810000,persistence,zero_shot,CAMELS-BR,0.4956142240548078,0.7308416967225162,4.04096556756277,1.244648910068134,0.7342219471852227,-1.3607867231923976e-05,0.9478160857551032,15.836269727282282,28.615029571427307,0.7234476208686829,0.7718619108200073,188
87820000,persistence,zero_shot,CAMELS-BR,0.7825946543912141,0.8647883702260947,92.59513841744467,30.21051128682765,-1.8602004478307157,0.0011784621188421773,0.9266320479303625,383.6754994639205,607.8922601908993,0.743313193321228,0.6905819177627563,176
87840000,persistence,zero_shot,CAMELS-BR,0.9123497333560727,0.8932328478244305,70.11153614645042,29.090952321177436,1.3264499280938098,0.0035895078965865017,0.9004326800033865,252.42688710462943,392.5359856115105,0.8074451088905334,0.7846226096153259,168
87850000,persistence,zero_shot,CAMELS-BR,0.8932373037722992,0.9302940156951166,7.4654495379753465,2.4023404514535946,-0.7094456546602013,0.002197111844168268,0.9564146113395492,25.091452893077438,17.4928556845359,0.86320960521698,0.8868141770362854,188
87865000,persistence,zero_shot,CAMELS-BR,0.71538153884364,0.7259864509520075,7.297413554294131,2.4763830671919154,-6.453472868416891,9.580917163642608e-05,0.7650552498331082,30.091460166241973,45.812935062856404,0.5046386122703552,0.4045267701148987,188
87880000,persistence,zero_shot,CAMELS-BR,0.8480565296960008,0.9139123117710795,27.895888185153456,8.253324463250156,-3.7878261811369134,0.0008379257320060146,0.9552163879208014,114.38971135760424,172.03778654702577,1.4380298852920532,1.4879604578018188,188
87880001,persistence,zero_shot,CAMELS-BR,0.9029050227750954,0.9498266103596216,11.52726017122733,6.017956890406147,-0.12190936092705808,0.0040902286821877624,0.9889865049219541,20.558112304060113,6.324555320336759,0.8145473003387451,0.7778449654579163,186
87900000,persistence,zero_shot,CAMELS-BR,0.9200173199169384,0.8622196383810821,87.48654258267183,35.568956539142825,2.4777308562892073,0.0008967755336244665,0.8646657271885287,305.1975940740219,414.004830889689,0.8617786169052124,0.9076430201530457,138
87905000,persistence,zero_shot,CAMELS-BR,0.913696631241388,0.9490494444523476,183.6145386452624,68.48603001730783,-0.3555069143493284,0.0026146211310132256,0.9735473262593621,659.9379150695546,510.32590794878115,0.9028606414794922,0.9260329604148865,175
88020000,persistence,zero_shot,CAMELS-BR,0.8489586525517758,0.8934895088540054,14.102678065480314,4.689586403739193,1.2584826201023382,0.004187383041650918,0.9166309083950718,56.700576881495515,21.02145899935522,1.2006640434265137,1.2409234046936035,184
88179000,persistence,zero_shot,CAMELS-BR,-0.004710607151932944,0.5477100036342288,6.923640070481835,1.735752726053839,3.710393292406478,0.0,0.7581704574367049,28.25677289664378,32.54245268503613,1.1451612710952759,1.2246073484420776,186
88185000,persistence,zero_shot,CAMELS-BR,0.3107091230795934,0.616224739001502,5.222373220689816,1.6252100573492652,4.109762762931885,0.0017627484055712586,0.8999766430974009,20.08943291011066,31.66570139308276,0.9778020977973938,0.9451324939727783,119
88220000,persistence,zero_shot,CAMELS-BR,0.8576684862065628,0.9203617226211325,65.3660382359943,26.78458536805018,-2.1264272470498473,0.003729095096069418,0.9670760504444478,214.0179906671952,346.8264629409328,0.9870160222053528,0.983627438545227,184
88260000,persistence,zero_shot,CAMELS-BR,0.8238906608082097,0.8854804438886168,114.472134620781,35.00717429538349,3.8403012042349998,0.009533609745716563,0.9164167650804723,387.9746477911215,461.536611916606,1.0062823295593262,0.9372420310974121,182
88370000,persistence,zero_shot,CAMELS-BR,-459.8886238154746,-19.848667791844083,410.81761260627087,43.194538543316035,321.6113037802408,0.00816982903127857,-19.83754946078869,150.27300278135937,269.9049501379046,1.0096136331558228,1.7828806638717651,130
88400000,persistence,zero_shot,CAMELS-BR,0.2969106599099054,0.11691051932819474,9.096785485421144,1.8795360789931927,43.41538806481626,0.008804094083466822,0.11712182106563729,39.91964419601979,71.0,1.1610230207443237,1.1421324014663696,97
88550000,persistence,zero_shot,CAMELS-BR,-0.210222853959662,0.19888364919494272,47.26700227029572,15.85225002616644,27.737583368663774,-0.000425728621044244,0.21939626553271896,201.41246874429103,196.0025510038071,0.8088599443435669,0.9474561810493469,160
88560001,persistence,zero_shot,CAMELS-BR,0.45835214595573825,0.5866111917569257,96.63417410563645,26.675212737727673,-5.163774324384286,-0.00041174951217114175,0.7337697277356618,401.64748225278345,650.729590536653,1.1682425737380981,1.0558711290359497,188
88575000,persistence,zero_shot,CAMELS-BR,0.43052964235220337,0.6383402007814166,42.21111088909882,12.58680809083137,-9.975263613023996,-0.0032617236394903854,0.8258214819037559,170.37142941573777,219.09967440537508,1.0175930261611938,0.9735519289970398,188
88600001,persistence,zero_shot,CAMELS-BR,0.7238775599933196,0.8369377846158461,37.60849432139809,14.58138296959248,7.238845758605682,-0.0029547320641651192,0.8935028252963398,127.37626120937031,182.0,0.8228625655174255,0.867441713809967,94
88641000,persistence,zero_shot,CAMELS-BR,0.410462162587624,0.7178377537275743,147.42549081801798,42.337694239743215,-1.0737949080422176,-0.0017778079029278984,0.9230215768825782,593.2736130372363,603.6526210035024,0.8462427258491516,0.9074633717536926,188
88680000,persistence,zero_shot,CAMELS-BR,0.6210805503561956,0.7319405050347907,94.8738131958416,39.229021255786606,11.631865870899016,0.0007378192837963066,0.769945692335301,315.0795534464272,324.237567225021,0.9075571894645691,0.9377639889717102,143
88750000,persistence,zero_shot,CAMELS-BR,0.5653203693495481,0.6144519861498805,5.747238181809344,1.9585095765383056,-9.592411615506963,0.00014910645875048506,0.6999493508021974,21.973794962713512,30.02646399665681,1.1588640213012695,1.0255166292190552,178
88850000,persistence,zero_shot,CAMELS-BR,0.20262927687264787,0.27695955029007735,16.27295613819813,4.368114052808773,-21.795865875073236,0.0015990968028194094,0.5083143441291316,68.65302884059601,123.31753202325164,1.0554090738296509,0.8795300722122192,171
