basin_id,model,mode,dataset,NSE,KGE,RMSE,MAE,PBIAS,FDC_slope_error,FDC_KGE,tail_RMSE_95,tail_RMSE_99,RB_flashiness_obs,RB_flashiness_sim,n_predictions
01013500,timesfm,zero_shot,CAMELS-US,0.9884433494859968,0.9848902492155358,183.12523258074776,96.96244905432876,-0.6665474086210723,-0.000766509562211283,0.985900341411068,435.38356782898035,335.2753767753693,0.30981728,0.32107413,196
01022500,timesfm,zero_shot,CAMELS-US,0.8022326221509688,0.791091247393346,238.41374078156898,107.97432942293128,-9.538098383167961,-0.001767533074751526,0.8146663420732532,836.8533743637186,1043.8725161090777,0.6845296,0.58972067,196
01030500,timesfm,zero_shot,CAMELS-US,0.9713597145730385,0.9565656917714215,631.9378097250931,367.1125594158562,-3.258548226400908,0.0025051362011759247,0.9587595525731203,1630.4166280643444,2416.0348862252026,0.596427,0.628236,196
01031500,timesfm,zero_shot,CAMELS-US,0.6458825869737785,0.7144950810137669,455.2887796916982,199.10387187101404,-14.92667611156954,-0.004865655098460566,0.7830027025691877,1558.8085737303281,1349.0240570781052,0.7604646,0.6888722,196
01047000,timesfm,zero_shot,CAMELS-US,0.5064445365589851,0.5479564729986934,844.6756279178123,316.04218040356795,-19.07411104732436,-0.004197091792323877,0.6394093424227127,3348.1846184251017,4828.793874909195,0.86053914,0.7024241,209
01052500,timesfm,zero_shot,CAMELS-US,0.5678703412837798,0.6082672636403383,361.7574340167408,115.41551703129089,-14.98435951806557,-0.0011591872339822631,0.6905028510564124,1492.5772932346597,2627.175774319294,0.8140248,0.70652413,209
01054200,timesfm,zero_shot,CAMELS-US,0.3972530464701338,0.34742094028376735,250.47832010736522,78.13700654974394,-24.500023016787107,-0.0027008566072809527,0.43145947859565903,1050.5650496362052,1701.5997048536974,0.94744796,0.63780534,209
01055000,timesfm,zero_shot,CAMELS-US,0.3804840760715057,0.3809088906133433,305.51645246177344,98.78185633609169,-21.529543141392022,-0.0024457223585477098,0.49690197857319607,1269.355508712434,2044.5870995596003,0.916491,0.6535773,209
01057000,timesfm,zero_shot,CAMELS-US,0.5410042247450544,0.528544586031696,129.4448287877617,48.46973588478052,-17.625979806833254,-0.0009844373369648184,0.5930629449076281,518.3917307812743,702.7198202981614,0.78360486,0.6334885,209
01073000,timesfm,zero_shot,CAMELS-US,0.824222200361715,0.7753778741628843,10.589618955771334,4.949132407679776,-12.03658128479505,-0.0012788432623864546,0.791176845768107,36.15575670801473,60.5872168355635,0.7628083,0.6695145,197
01078000,timesfm,zero_shot,CAMELS-US,0.7890715529038639,0.800176914967141,82.44484984323806,39.75897750760069,-10.097456657999773,-0.004932733074930452,0.8310299339640426,257.9156306073414,339.13411271247713,0.7552552,0.67834574,202
01118300,timesfm,zero_shot,CAMELS-US,0.5924332870762228,0.7007358666395798,4.814894776592181,1.9494789359906248,-8.581912554035803,0.0036598759047989197,0.7995285147342767,17.863892320431393,27.009660861150543,0.6059951,0.4883956,131
01121000,timesfm,zero_shot,CAMELS-US,0.09880711377608609,0.09768563147061582,89.6598352225176,21.968086492014294,-22.491169443824894,-0.0009792325184913506,0.3658156435308406,384.38226567693766,698.915307849952,0.82220817,0.4969805,131
01123000,timesfm,zero_shot,CAMELS-US,0.30146934568736894,0.3516172411461579,66.98155366354644,17.027100844515694,-16.99817763605009,-0.0012019599226927233,0.5158831868285894,277.9356338505299,520.2484761324132,0.6890422,0.47107092,144
01134500,timesfm,zero_shot,CAMELS-US,0.6329497898043269,0.6377634013623834,135.49429100516042,51.108254888374816,-15.904142721256466,0.0006212637941178378,0.6940599003418947,534.1528954370538,852.735036921869,0.80401295,0.6427525,203
01137500,timesfm,zero_shot,CAMELS-US,0.4275051941651473,0.4571279034425467,211.7764047398726,77.25263747018785,-17.534448041387673,-0.0015793499361775251,0.5632026460185691,890.2697212822432,1363.274456107634,0.7164094,0.49590302,199
01139000,timesfm,zero_shot,CAMELS-US,0.7619020825662297,0.7470959068331902,84.46111688020727,37.189734491487826,-11.550459727113628,-0.0034930019925161725,0.775061880139846,291.7716056769674,320.3683480741444,0.61862886,0.4928916,205
01139800,timesfm,zero_shot,CAMELS-US,0.7947197532166919,0.841219953464808,6.805843659024587,3.2539737711986296,-5.310582737572085,-0.0016563880022127248,0.8822868680768928,21.957347182833043,26.23327950216259,0.44439673,0.39108148,203
01142500,timesfm,zero_shot,CAMELS-US,0.8604616361887294,0.8566960713423702,23.900939443894192,11.093031689600291,-7.968135080615032,-0.0004508069890053028,0.8739768745365245,67.39784924649969,41.265914825123026,0.53803843,0.4793113,197
01144000,timesfm,zero_shot,CAMELS-US,0.6792527340702987,0.692224930336626,857.4577714327055,360.618051702326,-12.678693993250109,-0.0006588903101701071,0.7396900200464499,3238.5008914345112,3576.3719494321213,0.6288589,0.48381877,198
01162500,timesfm,zero_shot,CAMELS-US,0.8515956350396119,0.7975341509920514,17.80313106458624,7.998071861800863,-10.84845647406624,-0.0027955312249397304,0.8090872652508124,55.85856631607864,87.74499706895391,0.7018698,0.66716063,201
01169000,timesfm,zero_shot,CAMELS-US,0.7217926781297561,0.7175204360456645,144.93146820843126,61.84946609124905,-14.919604613827097,0.00027634391024895094,0.7538906810989459,525.0360164260819,699.1866065946999,0.70755124,0.61085945,205
01170100,timesfm,zero_shot,CAMELS-US,0.664289261282231,0.7099516328099009,62.21604110245499,25.476902757039884,-13.327234538190961,-0.0014869817790250754,0.7682009102439432,220.68431702849097,369.8607651037508,0.64372075,0.55555004,205
01181000,timesfm,zero_shot,CAMELS-US,0.6017851753077723,0.7280197831579265,150.91695711224278,57.345799416911845,-12.288829631022216,-0.0020273678182313078,0.8286310573188203,570.508694736459,1000.7805911198786,0.6789082,0.607866,196
01187300,timesfm,zero_shot,CAMELS-US,-0.0033403360207930888,-0.29981578908369455,209.57069572400727,30.44143243600394,-40.58100635646909,-0.0015649787183710205,-0.009322049745371874,905.3753042258596,1690.8461189555644,1.1666169,0.66069186,131
01195100,timesfm,zero_shot,CAMELS-US,0.22262312728959122,0.16178699733463486,19.959672763092215,3.832525934183246,-24.263981554571156,-0.005362247314640911,0.28786878674109806,79.10626106873029,165.04034743638928,0.8845719,0.6157463,144
01333000,timesfm,zero_shot,CAMELS-US,0.8424234686009513,0.852452281936932,31.87789790333399,13.941567027988146,-8.137843715576626,-0.0006095545915420462,0.8741496036756617,106.07541233067863,32.764555312325605,0.5446178,0.48385677,199
01350000,timesfm,zero_shot,CAMELS-US,0.5387688966459846,0.7039492470965347,456.69555671624846,151.2118105623457,-3.8455832755725563,-0.0004058337774138811,0.7370579253692511,1755.9729166893387,3115.5266364045156,0.8059533,0.8670412,144
01350080,timesfm,zero_shot,CAMELS-US,0.7468977774406862,0.7164399863287036,32.79141260161423,12.722121823165152,0.9809928513762503,0.003058171857335524,0.723938644859595,121.24019114744277,200.56501433888505,0.70218045,0.7957091,144
01350140,timesfm,zero_shot,CAMELS-US,0.6560169661783086,0.7706053551103723,17.560655785329015,7.0764284583015575,-2.374660892354241,0.004073556189852754,0.8091759424947067,65.22434461394116,86.90041253410759,0.75231844,0.8422333,144
01365000,timesfm,zero_shot,CAMELS-US,0.731350867579897,0.8146854121704384,66.19953285787906,26.436699655320908,-5.058686652315234,0.004003888869540104,0.8344840856778336,237.60981958239324,446.36995435504866,0.66729915,0.6711579,144
01411300,timesfm,zero_shot,CAMELS-US,0.8323194599858991,0.8216536258511045,8.836609707754407,4.664179096332175,-6.32486407843769,-0.002258959529983704,0.8394827779806839,24.090680128679626,34.36219907181168,0.33231506,0.27450275,173
01413500,timesfm,zero_shot,CAMELS-US,0.8125814297366237,0.8568152556952515,158.5891827378028,63.450680361853706,-2.917338693680175,-0.000783490731794928,0.875817124258536,605.2256625302414,977.6624605599012,0.67742467,0.70786697,144
01414500,timesfm,zero_shot,CAMELS-US,0.803937071156153,0.8646633653119565,26.551379368783437,12.10206296046575,-2.466998876696001,0.0012107515520339007,0.8925962336183594,94.60610721449761,144.67777692608138,0.6938044,0.7190695,144
01415000,timesfm,zero_shot,CAMELS-US,0.8846502099063446,0.9125595598836918,20.763586080149878,10.43824718064732,-3.786477232690404,0.004624550276646815,0.9282642248329623,63.39611873619764,85.6036524281491,0.6457596,0.6725248,144
01423000,timesfm,zero_shot,CAMELS-US,0.8736587754110404,0.9126734087300695,276.3218559689525,135.58524386088052,-6.210789326620104,0.000650675175044111,0.9361392698677156,783.8115502353803,486.1946741085867,0.6977075,0.6761575,144
01434025,timesfm,zero_shot,CAMELS-US,0.5030555872031492,0.6890493946319516,5.669222251842496,2.2162534246842065,-3.76728137405157,0.0037824027030153914,0.7201568238852095,21.687446774802,36.81672024285818,0.5567154,0.60077447,144
01435000,timesfm,zero_shot,CAMELS-US,0.6856724229132691,0.8234340711964819,108.95010365196565,44.412496672736275,-6.9241046483385595,-0.00014313432672982684,0.8666330677053605,403.469209717789,662.2479372114195,0.6221188,0.6090546,144
01439500,timesfm,zero_shot,CAMELS-US,0.8603583292445891,0.9012443036157165,120.0813551451093,55.724865160994796,-7.205077244779027,0.0011040234743065792,0.9269310840310314,392.58688261089355,314.9011466514312,0.6573481,0.5940585,199
01440000,timesfm,zero_shot,CAMELS-US,0.6453758013539841,0.7460688421235351,90.52844799677304,34.76201728656532,-13.83099970624703,0.0013907456621966574,0.8126950139998527,359.5713411183902,503.92709078935434,0.6887378,0.57764584,209
01440400,timesfm,zero_shot,CAMELS-US,0.4932587763323062,0.7283038377617927,126.96496074060433,39.18935103599842,-6.991974545860386,-0.002152065446718865,0.7765029261870944,520.7371597814874,937.6417229966466,0.675306,0.63236433,208
01451800,timesfm,zero_shot,CAMELS-US,0.5434189818435562,0.7194482811418608,82.78602494971653,28.598461041799407,-11.592037336495135,-0.0013978625117080923,0.8356402929354158,333.70141465202494,571.6236782461821,0.8604466,0.71628433,205
01466500,timesfm,zero_shot,CAMELS-US,0.8317374856640997,0.854071721812474,0.30961070367791854,0.13768672055386483,-2.5266219965602965,-0.001250442826097653,0.8806820781922449,1.1572632856500735,2.35863903733911,0.16886285,0.14808767,188
01484100,timesfm,zero_shot,CAMELS-US,0.2213288389447815,0.26390684139251575,4.042277757959586,0.8687249914819033,-15.864332072025842,0.0014415236310061745,0.4590558625062233,17.676288916260532,30.460106437376563,0.5416494,0.2754476,196
01485500,timesfm,zero_shot,CAMELS-US,0.5820250149736159,0.5834980421923177,57.49786743595482,13.152061223413385,-18.70270668097971,0.002516912114473205,0.651473795178164,245.70227664848537,450.4101295513993,0.9371857,0.8073517,209
01486000,timesfm,zero_shot,CAMELS-US,0.6974242765640827,0.75229747554921,2.8057709607145855,0.9241851934572546,-12.192881389265889,-0.0006471825881343464,0.8100764539849646,11.22775254701762,15.854591550356211,0.66085005,0.5697564,205
01487000,timesfm,zero_shot,CAMELS-US,0.8510486657300311,0.8888777604943923,22.05741321381413,8.309840486107802,-4.883804469112331,-0.00048026089828715965,0.915750778951224,86.77299852601114,59.15089932384302,0.26142874,0.21833722,205
01491000,timesfm,zero_shot,CAMELS-US,0.21677359140011987,0.19603258799537449,283.5797672546871,63.53090376087597,-24.20647201066245,-0.0013374426884668021,0.36568814167742403,1236.288321972668,2680.1300696403164,0.7413559,0.49823263,196
01510000,timesfm,zero_shot,CAMELS-US,0.4983000126196545,0.5086802933091765,267.0737749692533,81.00472599300531,-11.145993872872024,0.001670620216358918,0.5864712022134217,1098.6896457113255,1897.4871385250958,0.7174222,0.5769538,183
01516500,timesfm,zero_shot,CAMELS-US,0.4007154226160594,0.6828253964985842,16.22422183504249,4.904640433701073,-10.738192087533731,0.0009412150272307268,0.8876329539853096,63.185585730019916,112.61489853329145,0.73934764,0.82368135,205
01518862,timesfm,zero_shot,CAMELS-US,0.7064494672357982,0.7905818562800937,86.46044550244048,34.67332343140034,-13.577357890605436,0.006179082675146906,0.847170175722233,317.801504515068,277.78034979457345,0.73551565,0.7460617,198
01532000,timesfm,zero_shot,CAMELS-US,0.5778714901827624,0.7443188878042803,259.40034993294375,96.74100463558929,-6.362068770074324,0.003585416428366385,0.7907850552585116,1041.5640027734319,1660.154868941114,0.81199765,0.8443601,198
01539000,timesfm,zero_shot,CAMELS-US,0.5677884150034752,0.6332898839434598,356.8237618066507,125.3502848867024,-3.340121230408909,0.0016441142012289973,0.6433607234323242,1382.6970462736492,2499.4126123368465,0.6590006,0.69610053,209
01542810,timesfm,zero_shot,CAMELS-US,0.6952720251786935,0.6690870669779845,7.414670797815929,2.7446892493341153,-17.734700525075752,-0.005545479195793651,0.7076014328723833,29.889457890600678,30.354036345241997,0.9836763,0.8678602,206
01543000,timesfm,zero_shot,CAMELS-US,0.7965537403418895,0.7625405593601062,277.94271050734517,116.58408896888842,-13.43354897967686,-0.0014650019393912042,0.7835819443655316,996.4309011103561,1116.5347680340783,0.8455787,0.7618821,209
01543500,timesfm,zero_shot,CAMELS-US,0.7985101793491587,0.7916965414975219,660.8677607531675,273.91124035410905,-11.905827519778947,0.0005124119075513509,0.8147014174944951,2424.063720938724,2454.908139917158,0.75880516,0.6824264,209
01544500,timesfm,zero_shot,CAMELS-US,0.8612374149479969,0.8260936297230913,131.66071799925427,51.72357438739977,-10.62520530573366,-0.0007201118250182367,0.8396175205230599,474.4063115491037,783.5386843679297,0.7881239,0.7880389,209
01545600,timesfm,zero_shot,CAMELS-US,0.885784215597597,0.8782404686990897,40.69831648898835,15.72579582798424,-8.64713647835844,-0.004258387126243386,0.8918880826494613,152.87236790573078,260.41067105890687,0.7847569,0.78844273,209
01547700,timesfm,zero_shot,CAMELS-US,0.8089045145222371,0.8536569732834589,35.56979856168868,13.995965745460474,-10.683029654893666,0.002577021981682477,0.8824362389790913,129.61391693906657,188.54293910289016,0.83174115,0.7999349,209
01548500,timesfm,zero_shot,CAMELS-US,0.8810921293764699,0.8865399896624989,444.23486509361527,183.09037010305622,-7.018650477675192,-0.0005421264395640835,0.9035732130652119,1572.5920116025825,2671.4910945163956,0.7259955,0.7383327,203
01549500,timesfm,zero_shot,CAMELS-US,0.6576974009681131,0.7987360169457974,49.43484230369843,18.411010846715843,-7.537236161282686,0.002719442587039461,0.8402290257550098,187.95300142436068,306.34406122815875,0.8012629,0.82301384,203
01550000,timesfm,zero_shot,CAMELS-US,0.7509308057453399,0.853202531353197,195.58516194107608,80.95933237353574,-7.39863800538491,6.456644432224767e-06,0.899692944788607,690.4114183847172,1169.1345378585247,0.7128905,0.71978736,206
01552000,timesfm,zero_shot,CAMELS-US,0.625245605020345,0.7550744232376333,663.3484166431487,250.08985928257115,-5.953260030869541,-0.0005100758664542786,0.7895685163973739,2666.678338119868,4042.7267256039704,0.7810183,0.78894496,209
01552500,timesfm,zero_shot,CAMELS-US,0.45188290465768266,0.7103549570175381,41.53158331434082,15.268899608456918,-8.26514474443671,-0.0016576196093155172,0.9126921051651897,153.3407289417879,289.8615094772896,0.7278547,0.6757223,209
01557500,timesfm,zero_shot,CAMELS-US,0.709353520004164,0.8264229586225158,43.43475681823399,17.458132041128056,-10.068667928042741,0.00025442326200855736,0.8803726092715978,161.77245759045826,251.9778905971362,0.69477236,0.6301664,209
01567500,timesfm,zero_shot,CAMELS-US,0.29714791779492433,0.17985816872544869,73.90261822809164,10.528768758454392,-25.37093090591488,-0.0034760161825797935,0.2164486256357384,307.5690456838688,612.811168209411,0.9300822,0.62060875,209
01568000,timesfm,zero_shot,CAMELS-US,0.48456951637103096,0.6640761632628391,391.9879164525245,111.85433554300448,-13.244024206557413,-0.0019646169203357162,0.815793211594316,1636.3560945891982,2724.9954818972083,0.8393324,0.7502034,205
01580000,timesfm,zero_shot,CAMELS-US,0.49865041366876917,0.5838838611912245,75.03156293482397,25.938099018041637,-8.62951081651732,-0.0021014828653738767,0.6954148854997412,310.3146639059705,503.68792657034356,0.4362512,0.29494795,207
01583500,timesfm,zero_shot,CAMELS-US,0.3977895303204505,0.5481154124122888,45.78795261330454,14.660394425294838,-7.039357050420414,-0.001104865847091789,0.7141243431443967,192.32550832215026,387.1218532886165,0.38268173,0.26880574,196
01586610,timesfm,zero_shot,CAMELS-US,0.5617266582356373,0.6614126194302388,20.441167197219162,6.575486285345895,-7.629339888662863,-0.000182849343458278,0.7660232909131962,84.35386309337358,166.82497851202538,0.4412782,0.32217678,196
01591400,timesfm,zero_shot,CAMELS-US,0.21121109171655017,0.3564451724674049,20.20690005319902,6.0840752903296025,-11.135911934756688,-0.0007728152580058403,0.6009312700232396,82.15849116552417,170.37939721540926,0.45960644,0.29448867,196
01594950,timesfm,zero_shot,CAMELS-US,0.7360329422058931,0.7594042397361389,2.3869469629018245,1.0326728383079171,-12.129764924233422,-0.00018096787094656896,0.799923013106676,8.585588701989703,11.307019126261817,0.68602616,0.59891844,196
01596500,timesfm,zero_shot,CAMELS-US,0.5868547368230824,0.7475787601519497,76.32927146355695,27.667165838942235,-13.867378815571305,0.0034909361333775105,0.8463752343598208,303.33074082365374,541.7276361358174,0.9316124,0.92747766,196
01605500,timesfm,zero_shot,CAMELS-US,0.534759701257797,0.5456755978749919,175.60342617151164,40.529887465392655,-15.438246655934671,-0.0005392854734133021,0.6246345891869182,738.1115244522471,1424.9450457502533,0.7348369,0.6557313,147
01606500,timesfm,zero_shot,CAMELS-US,0.6743399220528331,0.8067079338571739,473.1125701279828,165.1693285743662,-10.822040537679294,0.0015357502338959328,0.88245568888458,1891.306551809036,3492.475129767204,0.6947104,0.717679,149
01613050,timesfm,zero_shot,CAMELS-US,0.7213486889612812,0.8323006714367078,9.562054785619466,3.622386708891278,-9.277942117539709,0.0013808759570971899,0.8936087089380029,36.527195364764765,64.80322492329476,0.9161536,0.83739984,209
01620500,timesfm,zero_shot,CAMELS-US,0.5147950444160394,0.6169458508996437,35.402886246011484,8.439180738148998,-15.396588431263933,-0.0015903096840860706,0.7307374976472205,147.34028116424372,262.71018249774596,1.0011747,0.9348936,201
01632000,timesfm,zero_shot,CAMELS-US,0.20962749945575332,0.19110341821834753,534.4592974369456,108.94089437621871,-30.812640757015917,0.0029655482548890597,0.38483213220910417,2310.660791508835,4472.2942211607005,1.1188412,0.9305678,153
01632900,timesfm,zero_shot,CAMELS-US,0.47222861943052596,0.5322173627218643,64.02291336147997,15.011199055885783,-12.943731758365859,-0.0015059140082202237,0.645272915084731,269.88320956623454,515.6178375878732,0.6314349,0.48888892,147
01634500,timesfm,zero_shot,CAMELS-US,0.20536789476335437,0.512081517584449,167.37903557862975,40.7939583990309,-15.089776593363917,0.0028181222888752563,0.7967670514694046,737.7935344193135,1351.6338073510617,0.9168662,0.77533305,198
01638480,timesfm,zero_shot,CAMELS-US,0.6204984992717681,0.7631493705021991,99.54272902110364,32.753979658839675,-13.453662735901812,0.0020328541268544963,0.8560300094832082,394.7915614477295,349.30742249883775,0.85030484,0.7577214,198
01639500,timesfm,zero_shot,CAMELS-US,0.36996594835397867,0.49865954458251005,102.23365139100486,33.662939646597685,-13.986859218995518,-0.0015476562779722265,0.6640872407952358,428.2106600638714,704.2836295947136,0.6592644,0.43635586,209
01644000,timesfm,zero_shot,CAMELS-US,0.5253677528566845,0.7485460536510413,260.0471027339329,87.43534938253538,-10.81583344531896,0.0011310973352172404,0.8496768852110583,1061.320549179479,1900.0155922627002,0.7085883,0.6354579,198
01658500,timesfm,zero_shot,CAMELS-US,-0.7130982599483984,0.24623152055563446,10.409813870737317,2.839772781384164,-11.708731410707726,0.0005879280292770961,0.7789692193303444,30.473701336444275,48.21605617750024,0.90723157,0.79791737,207
01664000,timesfm,zero_shot,CAMELS-US,0.5289320950631251,0.624726864628993,657.1468128670193,172.89215463831806,-12.355770672158561,0.003573812841152959,0.7359866545623901,2776.844328138432,5079.481063735451,0.6733827,0.5816823,207
01666500,timesfm,zero_shot,CAMELS-US,0.6741140932780697,0.8020743699489103,108.52396174742333,37.526271488355555,-7.53288958446089,0.0018921104380853412,0.8944811248583612,437.86576262719467,726.5623243441694,0.526843,0.45849165,207
01667500,timesfm,zero_shot,CAMELS-US,0.7440231958254773,0.744734079364394,307.23744352053336,116.12452831083131,-11.07616607325522,0.002326182407458105,0.7786318020510649,1189.714787141637,2024.6826995140432,0.6052155,0.5089606,206
01669000,timesfm,zero_shot,CAMELS-US,0.627241123276577,0.629082725514496,28.045378140238988,7.777010900720122,-15.139884161906055,-0.0019103326302046843,0.6787433384040631,120.81579246889456,217.06832875199848,0.6429958,0.5078615,197
01669520,timesfm,zero_shot,CAMELS-US,0.6570978842687749,0.5432616513285469,90.56867285049938,20.358664974720792,-12.044681122502247,0.0003889280502890613,0.5545454122704828,391.4602317973769,810.3182064627232,0.64243454,0.5520006,198
02011400,timesfm,zero_shot,CAMELS-US,0.6456209097752716,0.6281517379080114,130.40013837009153,35.58580920470888,-16.05350995252652,-0.00044045247496185547,0.676170749510298,538.2184783760671,874.2746914548343,0.7796393,0.68486947,201
02011460,timesfm,zero_shot,CAMELS-US,0.48947564391830156,0.5823533549520985,92.60883316122904,27.060424406137038,-18.88107757235033,0.0023546856310029604,0.6966461376205455,381.7420087105192,672.9008963548742,0.9352125,0.8666522,201
02013000,timesfm,zero_shot,CAMELS-US,0.5937823518124712,0.6723508979855747,143.61839086855318,41.33799938037635,-13.47153979620499,0.0006726647668460622,0.7612165549595664,584.6298288728169,1037.2355227886267,0.86238337,0.8323617,209
02014000,timesfm,zero_shot,CAMELS-US,0.6684554001702978,0.752847780696848,122.50824034602294,34.62012915177779,-9.179296383817361,0.0014255965130210851,0.8293527930152012,512.7878921548315,882.6591568299775,0.71974325,0.6893154,209
02015700,timesfm,zero_shot,CAMELS-US,0.5690230913335147,0.5955590053796437,130.188558603326,35.19680833583925,-14.545267310174035,-0.0023408970424687245,0.6708600527902338,547.9094638812636,986.2596789876591,0.72418374,0.64606726,205
02016000,timesfm,zero_shot,CAMELS-US,0.6223961697871145,0.6355824501371938,450.5988187098906,155.351388736647,-17.615048059732132,-0.0006475556442946465,0.6907535287136564,1822.6566893759507,2623.2245797848514,0.8126021,0.7365272,196
02017500,timesfm,zero_shot,CAMELS-US,0.7264323357131992,0.7313395212270645,83.72670691335917,27.426556040187776,-11.577506217718641,0.004335227389404651,0.7704264801437753,350.35451382953613,692.8322610078485,0.73724633,0.6668081,197
02018000,timesfm,zero_shot,CAMELS-US,0.7663900884699195,0.7762277157787285,227.68846175120026,86.21510192326137,-11.276754904437395,9.167632005575854e-05,0.8097933681999335,848.7394430494694,1450.5706308452689,0.7472714,0.71281207,196
02027000,timesfm,zero_shot,CAMELS-US,0.38029479361077634,0.4876948031828354,194.5831790433881,36.807449564119665,-11.136149562077623,-0.0024572638357267668,0.645035871189924,831.8661075706506,1563.0706665960834,0.6970682,0.5827959,205
02027500,timesfm,zero_shot,CAMELS-US,0.6710553772232264,0.758466871136559,73.67797066635326,15.81538779328509,-7.0183858659266125,-0.00342215211602738,0.8362565133911475,313.2308462642618,581.8680174790464,0.7029687,0.63540226,205
02028500,timesfm,zero_shot,CAMELS-US,0.29257002839874213,0.3450175858381631,183.16464499881195,32.12346477973752,-13.868055508707764,0.00046981856495333443,0.5136334890803498,783.785572381408,1485.999362580708,0.6735599,0.5178774,205
02038850,timesfm,zero_shot,CAMELS-US,-0.04405569948837984,0.42985686688865044,7.8767618626705715,1.7423422683011456,-9.552154530554557,0.0013695732979449836,0.8800607409842344,32.99694264826348,72.16647213831008,0.6692668,0.5499084,197
02046000,timesfm,zero_shot,CAMELS-US,0.6729446272516144,0.679316465384906,63.69279076262733,23.10780316334592,-20.221921365290285,0.0005200246153704291,0.7262331118690759,259.04908863240433,217.35521030173462,0.9953638,0.85030043,209
02051000,timesfm,zero_shot,CAMELS-US,-0.03130060039539262,0.3020194318810021,72.38002323908795,19.632002528411586,-20.90581101260526,0.0032727203343652853,0.6917077765920144,301.10906645397955,477.4576006593493,1.0078694,0.88681704,205
02051500,timesfm,zero_shot,CAMELS-US,0.4789763956104074,0.33871337179870054,582.6379129044626,176.42902493240808,-30.549425384076045,0.005892631380916991,0.37579532493745593,2415.57029711392,4024.798630536536,1.0899694,0.730463,202
02053200,timesfm,zero_shot,CAMELS-US,0.8975987249323057,0.8744837407950823,92.6371771430037,40.09789917086871,-8.717971839479585,0.0005609644469876107,0.8850296812598591,302.09266216321333,192.3813951752893,0.89447576,0.9990333,209
02053800,timesfm,zero_shot,CAMELS-US,0.7535825332622532,0.7777458854534094,57.73480840405527,22.19938087463379,-10.247717937587261,0.0002592410208279994,0.8169381524594829,210.35384351060182,368.2831517131526,0.6073147,0.56437266,206
02055100,timesfm,zero_shot,CAMELS-US,0.712191392847717,0.8403493715353567,5.5473207740378285,2.098291199426262,-6.223913899252863,-0.00027974984784680246,0.9292020604440981,22.2164418951726,34.51083729062018,0.5052646,0.45898035,196
02056900,timesfm,zero_shot,CAMELS-US,0.4674358166471949,0.5690099603510277,76.32535903828263,22.081079825614264,-9.885499858884408,0.0008456188891335127,0.6942337955934299,314.13873402953743,567.2268513766608,0.4813876,0.3844981,206
02059500,timesfm,zero_shot,CAMELS-US,0.5261563468437088,0.6361922029264946,92.94289859451108,32.21126854535446,-10.233969951339656,7.522823945065385e-05,0.7507160306968806,376.4701567743991,540.4995988090824,0.5529644,0.43444967,206
02064000,timesfm,zero_shot,CAMELS-US,0.3202543318785588,0.44806949489053916,93.92181420818325,23.42983519051962,-13.571548994466331,-0.00021071482873837033,0.6366244672962862,400.1132124712144,723.9840995356577,0.60713714,0.48134363,207
02065500,timesfm,zero_shot,CAMELS-US,0.6183832062134065,0.4462383968660134,85.22970607129521,16.546031824593406,-16.489879030548877,0.0010760065375283526,0.4535282893309057,366.62285577378145,675.3902727639914,0.6907971,0.50330704,206
02069700,timesfm,zero_shot,CAMELS-US,0.3764005826506922,0.5450373868345755,66.1805170603674,20.433973108680505,-9.358341728080417,-0.0017722715627507043,0.7231391353475343,263.656661058568,471.0603424710653,0.4325224,0.31476313,206
02070000,timesfm,zero_shot,CAMELS-US,0.12001490220818478,0.5335170476389501,65.94142026846085,17.824648801562855,-6.472042066885902,-0.0010787678003220027,0.9113321241494421,279.10202095844727,508.5613143865444,0.3833731,0.31785372,206
02074500,timesfm,zero_shot,CAMELS-US,-0.0959948272034552,0.36962636440329455,107.9460289638907,20.26412969676371,-9.997672254831665,-0.0005577777926775145,0.8391947200463259,476.73432618239974,893.8128658322473,0.58784884,0.4887463,197
02077200,timesfm,zero_shot,CAMELS-US,0.2054042704701713,0.18807251795727886,81.09238564290267,17.565461493848005,-30.312738021371032,0.006200754951329587,0.38475824146585436,351.3955229347426,745.1763982397852,1.1428523,0.86951524,196
02081500,timesfm,zero_shot,CAMELS-US,0.24100914023777564,0.043772042553338664,364.3609674937736,66.97619407054968,-49.10779883340839,0.006594240845637027,0.13454834311804809,1619.210218487974,3504.8555909679853,1.4419706,1.0954386,200
02082950,timesfm,zero_shot,CAMELS-US,0.32311202044838616,0.23624939732214545,168.14150901230266,50.38431297790031,-34.1431866159301,-0.003973177210077328,0.3306987726071977,713.9032925617515,1271.4393532083539,1.0841471,0.7575008,196
02092500,timesfm,zero_shot,CAMELS-US,0.8366865355761468,0.8052872849441377,74.18754288789606,34.030324268249835,-12.582281382786801,-0.004044385078336803,0.8213420751668215,241.14134480409228,520.2719530127146,0.7801463,0.84228235,196
02096846,timesfm,zero_shot,CAMELS-US,0.1435505822611165,0.14825478578433815,10.736149506898398,2.8534770245053234,-40.88956034404917,-0.0016523589708489703,0.3736799067989518,45.15630818375187,85.93711422867703,1.3457152,1.1082847,196
02102908,timesfm,zero_shot,CAMELS-US,0.36575781805242746,0.34798490602701615,5.57954618775973,2.2182048504449883,-18.63157654447814,-0.0026741732826188304,0.43154352777385985,21.18564425757443,33.537819258721626,0.53999007,0.27410877,196
02108000,timesfm,zero_shot,CAMELS-US,0.9002247691723784,0.8179538765732386,221.25708163873136,107.66919156118315,-10.997723928698251,0.0005558404453870971,0.8225822431602654,637.1419214516503,1129.6094648524613,0.7092816,0.7040645,196
02111180,timesfm,zero_shot,CAMELS-US,0.17600254816971717,0.2234886211788586,124.95685137984286,27.91348612065218,-18.95825823521143,-0.0024289055200118533,0.45905473735649716,547.3117436320365,1150.1946774211037,0.68603647,0.43438965,196
02111500,timesfm,zero_shot,CAMELS-US,0.2906355504275755,0.375373263229519,140.4081299130803,32.96063585346248,-11.831492046380655,-0.0018693408644965895,0.564443169057013,593.3810900916042,1167.2750052759657,0.4658179,0.322206,147
02112120,timesfm,zero_shot,CAMELS-US,0.5105849785560028,0.4393620247942449,144.70169468006966,44.16166606702303,-12.36693857314597,0.0012282446480737178,0.47464794966870294,606.0654040220616,1036.5875014177416,0.49839988,0.30880493,209
02112360,timesfm,zero_shot,CAMELS-US,0.7098369571842222,0.7048411360802076,55.75422599590636,17.45497012708746,-7.137431790878381,-0.0012554812110628002,0.7439333225197033,224.42846798009603,416.1508276640047,0.3772117,0.26165307,209
02118500,timesfm,zero_shot,CAMELS-US,0.11009888188323069,0.24460077729143082,222.34114842511835,49.16452601309599,-13.637012405027697,-0.000768960879195188,0.5518250863920218,961.0647380777066,1736.6612578191773,0.5568225,0.36029908,209
02125000,timesfm,zero_shot,CAMELS-US,0.10830199796700402,-0.11488640120409754,161.95847339181753,26.95315378438236,-50.901724900643615,0.0005592299679450102,0.044672822109265486,703.1176265624184,1303.0658441865721,1.4049174,0.8938147,209
02128000,timesfm,zero_shot,CAMELS-US,0.28244139675811475,0.10969249296571448,181.2326348876422,43.537313203019885,-43.62565494070493,-0.0001707169191095051,0.17623031164254033,745.9155811781418,1334.6280776727992,1.2255912,0.7885508,209
02137727,timesfm,zero_shot,CAMELS-US,0.3955655519095289,0.4214091093205963,179.40942721840995,46.90572019936382,-12.246290107171811,-0.0019880002273542554,0.5410577850886003,765.722996990728,1338.2532183692092,0.44938004,0.30474573,207
02140991,timesfm,zero_shot,CAMELS-US,0.22068002999981395,0.24787516019501687,550.5529304469366,124.58183382503951,-20.344167186728978,-0.0021207422650868623,0.4458268729597513,2429.738454286595,4851.934103468586,0.6285027,0.4038682,199
02143000,timesfm,zero_shot,CAMELS-US,0.2953769262978284,0.3464123816474224,129.37158747362423,26.142773494628315,-15.00998494032156,-0.0023805103786673394,0.5213174361639907,558.1887004700338,997.2308941961827,0.61724627,0.41327026,207
02143040,timesfm,zero_shot,CAMELS-US,0.16127147883058124,0.1635053379473671,62.92397991857276,12.301634384290821,-23.234802167411022,-0.001446656521589408,0.39347481521720074,278.01614883649313,578.2580524786129,0.7321788,0.46059993,197
02149000,timesfm,zero_shot,CAMELS-US,0.2897654838452023,0.3247249734025818,94.18185897278758,23.670957419290495,-11.26905750468013,-0.00110612437799921,0.48602706707591714,403.1309380632431,739.3941083845915,0.41155916,0.25764146,209
02152100,timesfm,zero_shot,CAMELS-US,0.32080413155477616,0.3240785976614482,83.50915492704812,19.45712146120208,-18.914045686832672,-0.00023691460227328806,0.4552181791224763,361.7326066593912,575.6002002692574,0.57575756,0.34576488,209
02177000,timesfm,zero_shot,CAMELS-US,0.718434124906572,0.7131790631932103,263.3158105447495,99.14236235498782,-9.221636876882526,-0.0007997596568298446,0.7484014405751922,1061.7259599242316,1930.750282462216,0.39472556,0.29407385,199
02178400,timesfm,zero_shot,CAMELS-US,0.29994332527230305,0.32278480994151093,123.95559246683378,34.05365880330404,-13.900373873496257,-0.000946032608076533,0.457219941465807,520.0318452821555,932.4195433143433,0.4676109,0.30235004,147
02193340,timesfm,zero_shot,CAMELS-US,0.140369159648417,-0.08049345607534453,57.4517354216037,11.024766946672415,-53.25567106391029,-0.0001745984994771868,0.04677432140150983,254.41122106780136,503.3276203851719,1.3681989,0.7519307,198
02198100,timesfm,zero_shot,CAMELS-US,0.4791109971308706,0.3525247846750169,40.285993112442696,8.101217634823858,-32.695602697242485,-0.00010965043627686813,0.40708819854732103,176.68636116629517,331.29595513251417,1.0532206,0.82916975,196
02202600,timesfm,zero_shot,CAMELS-US,0.8089327778945188,0.6884593441829838,86.14757169525612,26.64781184472103,-21.344581044905834,0.00016347771289984547,0.7007653818828594,330.29982725237187,633.4453833445458,0.8675387,0.98029214,183
02212600,timesfm,zero_shot,CAMELS-US,0.14646836534884677,-0.033857332114452854,121.03793560987233,28.960711580701172,-49.66603997762571,-0.007964190911486486,0.10292843420024933,531.5886898947705,887.3651077679322,1.2195482,0.7505639,196
02215100,timesfm,zero_shot,CAMELS-US,0.7174970011288606,0.6816804195234085,137.46690922279868,39.84031150018682,-17.434861506020113,0.000529127140239595,0.7164735632924564,543.8258689298941,1120.5015483323014,0.73633474,0.7399641,196
02216180,timesfm,zero_shot,CAMELS-US,0.3723501069099421,0.3804182425963254,71.16547372202216,16.701074923528832,-26.725389037239715,,0.5081020022717733,303.4065530940545,656.0757972139819,1.0761235,0.97486234,196
02221525,timesfm,zero_shot,CAMELS-US,0.2821134538379355,0.23868461164489685,153.30956783492633,36.804360945922575,-26.940254794106206,-0.000863817480405954,0.37109187481649974,655.6641695469712,1100.083827706445,0.8072045,0.5327173,205
02231000,timesfm,zero_shot,CAMELS-US,0.9228880841948988,0.7328971194339088,482.4967084509692,95.72925407874402,-11.81369510659743,-0.002963326048773085,0.7330134598409621,2062.2659308117045,4588.026626568943,0.89952844,0.86783445,197
02231342,timesfm,zero_shot,CAMELS-US,0.9144137096154488,0.8372577668985319,19.52130709349849,6.971345768184013,-11.19989293444934,-0.0008730658344301284,0.8419856969720609,71.25089209825029,154.51736803457646,0.62929946,0.62355727,192
02235200,timesfm,zero_shot,CAMELS-US,0.9762072140211686,0.9543192943704736,4.994205215878933,2.39491845028741,-3.323432655934222,0.0014715292151155392,0.9554515361098107,16.315187607479515,33.79021747194036,0.27091536,0.31461933,196
02245500,timesfm,zero_shot,CAMELS-US,0.39439988443992957,0.296403619621614,321.29212370872017,56.96190398871297,-25.816967854460515,-0.0013429011940450063,0.3614086129603681,1417.0521780100962,3082.70301358324,1.0342648,0.8060048,198
02246000,timesfm,zero_shot,CAMELS-US,0.3336598351796878,0.2591506021177147,352.77243624307874,54.90681027208717,-23.10861221505141,-0.001678113846301399,0.35436813409944135,1515.3319204907032,2885.385025426774,0.99903923,0.8531047,206
02296500,timesfm,zero_shot,CAMELS-US,0.9848260834527581,0.961217399987872,48.72031126263015,24.84086798507758,-3.383794738056168,0.0012790765016058164,0.9618441664539211,144.01445127407686,178.77487799887177,0.5983657,0.61946493,198
02297155,timesfm,zero_shot,CAMELS-US,0.7502708077556752,0.7550345673529515,29.716599601084496,8.776130155446689,-14.714599849974778,-0.004540011489440762,0.7917124806032089,121.64284172640596,211.91373894900977,0.6507783,0.6372528,205
02297310,timesfm,zero_shot,CAMELS-US,0.9425572542822193,0.8752297000907684,57.25877709461073,22.8402740141057,-7.982467663447025,0.0002840213507282266,0.877569307206408,215.7207579160196,308.1791109225882,0.66421986,0.66237015,198
02298123,timesfm,zero_shot,CAMELS-US,0.9758750293970508,0.9598727557590636,60.22800871665566,28.475160530309356,-2.8714813912873254,-0.001291104218128808,0.9613949136909409,173.75150655515256,273.24272787801897,0.5550735,0.57634485,209
02298608,timesfm,zero_shot,CAMELS-US,0.8593591034627326,0.8038390191684242,88.40485866664974,30.75621669629806,-14.600017330606219,0.006929290077897866,0.8159957637770794,343.0923222602898,200.51991042318252,0.91889113,0.97933596,197
02299950,timesfm,zero_shot,CAMELS-US,0.4286061984252565,0.3505287095591658,137.46690087856848,39.92142906225272,-31.529212599705538,0.0009617803247863183,0.42630064039831383,579.511946083311,1039.5372651204812,0.96133274,0.87558717,197
02300700,timesfm,zero_shot,CAMELS-US,0.7678917662421108,0.6969496150557052,26.24061748280188,8.971602337092769,-15.071575294726463,-0.002242520110835304,0.716953002693322,108.77526385816302,157.2163551924122,0.96782756,0.9124453,196
02310947,timesfm,zero_shot,CAMELS-US,0.9750228676535495,0.9181849856952452,27.05578758475409,11.245831828859007,-5.640956074042668,-0.0025426567100345493,0.9188786681875147,82.06365937786325,162.24086650908612,0.67654645,0.742512,196
02312200,timesfm,zero_shot,CAMELS-US,0.9855465880426273,0.9635585052461665,5.958845771651443,2.423506668222384,-3.4567009520110954,-0.030112051360598788,0.9641932352483013,20.549640951072284,13.59737847556302,0.5164061,0.5447201,196
02314500,timesfm,zero_shot,CAMELS-US,0.9932262600220416,0.9831476047055068,84.73150485611721,40.18355223893815,-1.6489940879758653,0.00859370500191213,0.9833409204948698,289.2386671165434,473.2377410532423,0.32844722,0.34440055,196
02315500,timesfm,zero_shot,CAMELS-US,0.9852350505619268,0.9295827242791421,353.44435121012003,137.31553881059443,-4.364073901548637,0.003911373227061712,0.9297704577202037,1427.7930843822148,2797.6126116088913,0.42456162,0.44350705,197
02324400,timesfm,zero_shot,CAMELS-US,0.9437288899279328,0.9336593557393349,22.415604114455565,7.118325571016389,-4.534529478620689,0.005617255832590998,0.9376929700897836,86.57402535485762,185.07699209692683,0.5922112,0.6011948,196
02327100,timesfm,zero_shot,CAMELS-US,0.8746401372088004,0.799806471454274,116.58997930423082,34.83318739463835,-11.830459917108193,0.012113906502593627,0.8086072727802205,490.89032804481445,976.0356105294039,1.01665,1.0646176,197
02342933,timesfm,zero_shot,CAMELS-US,0.20416187349614923,0.04195102051037991,446.7839979732617,104.46468514859961,-49.122563861839694,0.0038919331741013863,0.17900555843968724,1913.4807183884757,3429.4410264563235,1.3116574,0.841213,209
02349900,timesfm,zero_shot,CAMELS-US,0.3212044255221487,0.18408749433203153,73.07108204496348,14.41255711931355,-35.66590600094386,-0.00205509735641108,0.24515139928205354,322.5890498883938,665.4545050180107,0.93620414,0.5824057,196
02350900,timesfm,zero_shot,CAMELS-US,0.8912116885594434,0.8118378177369986,146.31821718960012,54.93950573278933,-8.749719414752926,-0.0006426337282887072,0.8175250551879718,554.4783631769242,1037.0441698694688,0.49491784,0.49859047,196
02361000,timesfm,zero_shot,CAMELS-US,0.6893237294137932,0.5928364516148468,641.4751813781803,181.9033167118929,-16.39207025260158,-0.0026414056603084393,0.6156726424287022,2734.220025109241,4497.588005060924,0.7360648,0.6064434,196
02363000,timesfm,zero_shot,CAMELS-US,0.7968938327567667,0.7737761902598037,326.3493007123048,112.9513020854311,-10.912673522914302,0.0022143753865264196,0.7977230244147783,1317.4481597291933,2368.6644243936676,0.87616944,0.83651114,197
02369800,timesfm,zero_shot,CAMELS-US,0.5331183832554138,0.41658867326441296,100.9078663319834,25.248848963756952,-16.621282299870543,-0.002544726628830655,0.43317328470856364,436.0003034776118,898.9755050015726,0.69374275,0.52422374,196
02371500,timesfm,zero_shot,CAMELS-US,0.945333793663674,0.9357321601015338,161.97079586720628,72.10958011186302,-5.313466836485994,-0.001062099359523637,0.9404039447393937,576.2673934058763,695.0367506619197,0.7404973,0.849985,199
02372250,timesfm,zero_shot,CAMELS-US,0.870961112138338,0.9077653410293306,221.63782705273178,90.80717978165977,-6.68892716695174,-0.0003899072252377053,0.9270710409248336,832.8036103835187,1019.5969453576786,0.72807527,0.8265507,199
02374500,timesfm,zero_shot,CAMELS-US,0.6901921328418383,0.6932567988736036,100.34392224511171,44.6022694520276,-11.0466333078074,0.0007296614033969646,0.7360954417603136,383.6791532571139,432.58768964026234,0.54110146,0.48116648,198
02381600,timesfm,zero_shot,CAMELS-US,0.17602012309941595,0.14775063349003603,23.866387645012008,5.388778899937141,-23.252983607600385,-0.000191169771889637,0.3275936972049739,101.01998148829867,189.03550362517956,0.70087814,0.4167544,205
02384540,timesfm,zero_shot,CAMELS-US,0.2814758631340799,0.30644917113524284,19.468570330819404,6.008551585735107,-25.322338667313357,0.0014785761383103446,0.4592178291445551,82.09852088777181,130.53717038149188,0.72548693,0.5550103,196
02395120,timesfm,zero_shot,CAMELS-US,0.3142838246853389,0.3536467118722507,37.149222721752885,9.906359393422196,-19.373141443055474,-0.003164179953892742,0.5028092171702577,150.47769952350183,260.6009218048711,0.65516746,0.4395058,205
02408540,timesfm,zero_shot,CAMELS-US,0.3522099209088938,0.358911715180081,399.59815171108414,120.25699998286305,-24.260450071450894,-0.00026110018099336635,0.48028010672016586,1712.1730312438149,3028.8868306111253,0.7774427,0.5099934,196
02415000,timesfm,zero_shot,CAMELS-US,0.2418472604470221,0.19429429836365253,388.391691060624,107.05238263947624,-28.789332510938472,0.00016457457196190906,0.32183302487786003,1684.5334158797295,2908.892343806211,0.83518904,0.44588837,196
02422500,timesfm,zero_shot,CAMELS-US,0.30563016462580295,0.2696856907762476,298.54330969966475,85.00833842219139,-24.842692190439912,-0.004032692529820851,0.3860076880106078,1295.8934483289406,2280.9390960575593,0.7004398,0.40076223,196
02427250,timesfm,zero_shot,CAMELS-US,0.36529256666744747,0.32633017481556215,393.3117650529823,130.3385094428549,-31.82842210736326,-0.0032931218776510417,0.4356548186210505,1519.7167186612635,2378.617024294029,0.99254453,0.7854698,196
02430085,timesfm,zero_shot,CAMELS-US,0.06906519374037956,-0.08208663367091007,50.42160612255751,10.964004160684832,-36.495376552297415,-0.0035137588043248416,0.14056374124270743,218.11499908409715,393.3050118029633,0.926634,0.4475529,209
02430615,timesfm,zero_shot,CAMELS-US,0.2762754735531465,0.352519124548179,8.534833843910018,3.1016344915736807,-17.970682162655436,-0.005853060393909093,0.5285927167131854,34.67985135610162,56.30223072755508,0.625682,0.3798181,209
02450250,timesfm,zero_shot,CAMELS-US,0.10658570295501812,-0.022333277033889765,451.2697055424571,94.64769607183466,-42.2555324663892,-0.0019996209431030823,0.19158259053052928,1954.438037197711,3486.6379546651524,0.99637634,0.7486673,209
02464000,timesfm,zero_shot,CAMELS-US,0.3100431452305987,0.2703995572533199,550.8878631121945,143.51748431926708,-33.22934559344916,-0.0043766596144319755,0.391670924225902,2314.8699655027663,4120.420098786021,0.9910093,0.80318826,209
02464146,timesfm,zero_shot,CAMELS-US,0.10323887916000418,0.0798410671415769,13.93437039341769,3.7567053554160745,-31.579437811167523,-0.0027911778961515026,0.32288307828130525,57.038377086485724,95.2484721482907,0.8643181,0.55662984,209
02464360,timesfm,zero_shot,CAMELS-US,0.35102662550811436,0.38401173057966875,71.54804669551783,25.573905146293093,-24.178399514370277,-0.0033204356598159693,0.5094526359444944,285.83633144412045,407.2712416674061,0.73042625,0.49164417,209
02465493,timesfm,zero_shot,CAMELS-US,0.5545657763941068,0.4826807607171647,23.36180705354526,7.978733135752701,-15.331136470762216,-0.003357361778086553,0.5147485526719909,93.15779731213578,163.13718068143703,0.5086812,0.34080806,209
02469800,timesfm,zero_shot,CAMELS-US,0.5040020258353661,0.44077452264929073,241.29571902192703,79.72597965172359,-25.739617672042204,-0.001750496902083093,0.5028623608124954,985.2037574299292,1330.371724340128,0.88283026,0.71585315,196
02472000,timesfm,zero_shot,CAMELS-US,0.703031730786678,0.7008366570067446,1173.6402037721866,389.73283977599806,-16.326535921508544,0.00202115614735901,0.7452703081819725,4749.961001376039,6639.797287576859,0.99644965,1.1091007,209
02472500,timesfm,zero_shot,CAMELS-US,0.6863532713180881,0.6041777798952739,424.1283409975745,137.4418259828829,-19.546061836645798,-0.002848321817055424,0.6316353545983036,1788.2420189530367,2119.864666951226,0.927818,0.71409124,197
02479155,timesfm,zero_shot,CAMELS-US,0.23483598042600518,0.32809254309057445,134.8412801843508,37.92538157355022,-27.241397426128806,0.00421502733596691,0.5344479734649467,556.7341002622367,931.2456107461945,1.0866064,0.8436174,203
02479300,timesfm,zero_shot,CAMELS-US,0.7667831966352348,0.6147723414322683,743.9678943848902,237.43190389386774,-14.791051613892476,0.0010618076255334563,0.6231063338759419,3079.4421505862074,5011.028882852637,0.94092417,0.85771656,209
02479560,timesfm,zero_shot,CAMELS-US,0.7947304167082607,0.6591574427200283,756.5274907171868,251.37913929686255,-16.280740583577103,0.002135069673040668,0.6681948622889896,3101.7017750573864,6112.201866614966,0.8774073,0.85600704,196
02481000,timesfm,zero_shot,CAMELS-US,0.5171908217955927,0.4878054847102139,266.52507620325486,83.33239450478202,-26.98701911136502,0.00239570866889606,0.5598525501980729,1089.252978554918,1780.6290846077336,1.2711806,1.1063179,203
02481510,timesfm,zero_shot,CAMELS-US,0.7470542071679238,0.49466111524958534,1140.989193904211,299.8327465154193,-29.3006394804169,0.0016341585074279227,0.49877641290651686,4945.7419893747765,8433.56538927667,1.252864,1.0156775,197
03010655,timesfm,zero_shot,CAMELS-US,0.8072016170098698,0.8010473623455121,92.48920983896481,32.95229289759344,-7.830629770661352,0.001692987736280037,0.8259523982410952,363.4431278533299,728.9192269016577,0.67768186,0.6750688,199
03011800,timesfm,zero_shot,CAMELS-US,0.7191138755442361,0.7636875339392224,46.76220960954329,20.063533679923818,-10.624637756045447,-0.0017716700764822228,0.8120329851297047,175.34687223052563,214.9978997122832,0.6221696,0.57490975,199
03015500,timesfm,zero_shot,CAMELS-US,0.6212209703466571,0.654140291628153,525.5670064713603,212.96606786627518,-19.119017862387388,-0.0010023721211604372,0.7139656945369239,1916.0272231387735,2883.1369840318625,0.79982555,0.7002257,209
03021350,timesfm,zero_shot,CAMELS-US,0.288330158566784,0.2809264486679167,354.891709833493,120.83122287922768,-27.674974995295102,-0.0008359988874544373,0.42394472441900577,1485.56344709655,2458.7420620285548,0.93240124,0.67616767,199
03026500,timesfm,zero_shot,CAMELS-US,0.6196259704291102,0.7152734876444397,9.898817381876833,3.6319937998313083,-9.769192543629062,-0.0014644923388760292,0.803478216496256,40.2113865854913,64.72533351562157,0.6781713,0.6006662,209
03028000,timesfm,zero_shot,CAMELS-US,0.7356353069328283,0.8260421066326491,79.38583614712299,31.123963765423706,-8.178516786361113,-0.002856137536919455,0.8794161451856612,319.8799579196256,387.99346470185503,0.65684956,0.60542375,198
03049000,timesfm,zero_shot,CAMELS-US,0.5701575573683936,0.609125928966922,192.66408336108285,72.48197737062611,-19.406257547400013,-0.004629938589732138,0.6826963919374294,760.0219601618379,1072.8207360667543,0.84710336,0.7322704,207
03049800,timesfm,zero_shot,CAMELS-US,0.5962425368267892,0.642389148342599,5.896790176558807,2.3319864393025638,-19.402804968289505,-0.0014944337705879995,0.712910400064656,23.582190126744255,29.000977080441803,0.95203936,0.84678423,200
03050000,timesfm,zero_shot,CAMELS-US,0.4459803949846355,0.5555342237517391,341.1254417773052,138.96239032550733,-22.038792114781007,0.0016855825304397526,0.6777889456056488,1259.6853119059479,2001.2701974558756,0.7694806,0.79044944,147
03066000,timesfm,zero_shot,CAMELS-US,0.48023202174383006,0.5719809178637192,161.98252918116643,78.04634340963057,-18.299028406729033,0.0014777929343551786,0.6783168855442129,580.1058835486557,1008.8311265492084,0.7885818,0.6702872,155
03069500,timesfm,zero_shot,CAMELS-US,0.5550990276387302,0.6373241810811987,1223.586595762543,602.5358909248506,-18.643290183491278,-0.002164590660751111,0.720858927536697,4179.460011796742,6025.314632746741,0.72331554,0.6931332,149
03070500,timesfm,zero_shot,CAMELS-US,0.6157556321918238,0.6956501281423855,252.11319364294553,111.3380763361531,-13.808145252792613,-0.004002002898265276,0.7732731185346061,977.0336884923795,1265.3671254513538,0.7991709,0.71252936,155
03076600,timesfm,zero_shot,CAMELS-US,0.6929117633946131,0.7780013063421437,63.629977571959174,23.37515256507545,-12.612182879269948,0.001506825016647069,0.8415884024193644,249.31263963198128,223.4471163994065,0.8192366,0.7686377,209
03078000,timesfm,zero_shot,CAMELS-US,0.5595470007344685,0.6903396714707084,99.19861118155646,39.872337083497115,-16.539457228837886,0.0005116334143952031,0.7822667568036179,351.98546311051246,379.88564874833264,0.7798328,0.69876564,209
03140000,timesfm,zero_shot,CAMELS-US,0.23134670433230453,0.40466944809707006,51.66210491185117,16.178403690243453,-23.05197006846704,-0.0027121720750106007,0.6321201249234911,206.58002464635092,305.9563601246864,0.92400634,0.7401997,209
03144000,timesfm,zero_shot,CAMELS-US,0.542436531184356,0.7081766683642015,148.30850786652175,46.423926193748365,-13.014327894812851,-0.0034138104814398704,0.8348859489617666,598.3297474198275,936.1831247395631,0.74766856,0.7541284,209
03159540,timesfm,zero_shot,CAMELS-US,0.43750623367797514,0.36950762469206255,261.1504819711955,88.5187490567999,-32.11705706129121,-0.00015032042044996197,0.4463392516632708,1089.2730777156087,1353.945461297821,1.1021029,0.9964836,206
03161000,timesfm,zero_shot,CAMELS-US,0.4485918467934079,0.49431480065706546,292.30540743037653,73.12624827738341,-9.488414583359457,0.0009052682481424344,0.601193127504483,1268.536197419684,2784.7991942543767,0.39465883,0.27940196,197
03164000,timesfm,zero_shot,CAMELS-US,0.7606162588120268,0.7634086977244705,805.7517472712616,314.8191028941761,-6.9853286287256475,0.000817379414757527,0.7962341927579825,3251.9050197900096,5432.90356968349,0.4345889,0.3702264,209
03165000,timesfm,zero_shot,CAMELS-US,0.254742954292132,0.3181236906242104,76.21232249411912,17.287412880710438,-11.748276695860065,1.7922714936963874e-05,0.5177857831618065,328.7663375583997,606.7214231467806,0.45406872,0.2905233,209
03170000,timesfm,zero_shot,CAMELS-US,0.7421819616438359,0.7790395247511896,127.09842790095959,55.6614459462143,-5.826246349706154,0.0016246020157938794,0.821603432966847,472.14201304391594,757.0031175059199,0.39757547,0.3493422,209
03173000,timesfm,zero_shot,CAMELS-US,0.714333521157086,0.7742209586183297,201.79250858186623,65.68627969842208,-10.035801299877635,0.004568034910714898,0.8306527993281146,843.5614998440072,1363.0237095207285,0.6677078,0.64553404,209
03180500,timesfm,zero_shot,CAMELS-US,0.47232272370504413,0.4365054770995591,323.94877011637413,120.3582411610909,-27.18820960384351,0.005145386790622885,0.5093710689482887,1267.3963499409804,1717.989785641912,0.9815242,0.71653086,209
03182500,timesfm,zero_shot,CAMELS-US,0.6253172577052611,0.715190073895912,637.7024260638628,240.56594167619744,-14.978623215692306,0.007548234259334,0.7958000203963826,2370.0193232088236,4393.014883019332,0.78221256,0.8457738,149
03186500,timesfm,zero_shot,CAMELS-US,0.5007453249157459,0.5433739632431818,266.9530167165461,105.67728871787155,-20.641639566949838,-0.0008081604720774627,0.631925761076562,1030.1892749025799,1673.153419779448,0.7766972,0.726229,149
03187500,timesfm,zero_shot,CAMELS-US,0.5820926932833324,0.6331905043783013,150.05430391631302,64.43536957478364,-17.207480473407852,-0.0005459846371734522,0.7060485469109019,544.3108099168697,847.6227133842941,0.7446638,0.7077132,149
03213700,timesfm,zero_shot,CAMELS-US,0.7774720056894244,0.8759105545569844,560.0279308159619,250.78692938356983,-5.634104158954102,-2.0857072506135638e-05,0.9372853802136896,1988.1692973818774,2532.742501606549,0.6141179,0.56692034,147
03237280,timesfm,zero_shot,CAMELS-US,0.21784796244479043,0.1480892952714814,34.73214986290347,6.393426773606234,-28.519414903443163,-0.0024158847484904294,0.28441942852856694,149.54551905677442,284.75209453281224,0.9287869,0.69117814,209
03237500,timesfm,zero_shot,CAMELS-US,0.17397720775672687,0.1470919810648812,1078.9384174849808,275.9524370562378,-31.717570472445058,0.0038300783466446026,0.34906935227171376,4516.216939681183,7883.055051874867,1.1541274,0.98447746,201
03238500,timesfm,zero_shot,CAMELS-US,0.35494124610752653,0.2956205776148222,523.9493302377974,185.31546980620286,-34.06717937710224,-0.0031525088881088972,0.4029306200587218,2094.485161049501,3063.450235940443,1.285797,1.1269729,209
03241500,timesfm,zero_shot,CAMELS-US,0.6466401161828841,0.7622309285853892,66.87582834864321,24.585636282686014,-12.003633750399285,0.0034604885282968137,0.8504154217907383,258.41833743227227,532.8210534039116,0.82357657,0.8246448,199
03280700,timesfm,zero_shot,CAMELS-US,0.32965702608243475,0.40341974294321525,112.5105288457335,29.888854346341557,-18.31049443449237,-6.912197719907698e-06,0.5546811695359433,462.7454191791587,899.807848013021,0.79534596,0.6947723,144
03281100,timesfm,zero_shot,CAMELS-US,0.3347570554248934,0.4515839190794869,311.720662885449,86.83141375664208,-17.04589382677247,0.000601743974239774,0.6210817382839433,1276.2348486546312,2377.3965801005925,0.808916,0.80832106,144
03281500,timesfm,zero_shot,CAMELS-US,0.4648944104366821,0.5303321146448506,1174.6395950203373,389.13926728566486,-18.650509444024973,0.0027922712798152532,0.6439913589677828,4597.978466508329,8384.130461664436,0.8609427,0.8424889,144
03285000,timesfm,zero_shot,CAMELS-US,0.5107905738518175,0.4485617516826882,548.3337405879781,172.41999321280875,-25.155151519158412,0.001242372542962951,0.5088375855037446,2236.328468869012,3901.8575926831,0.98091304,0.86684895,144
03291780,timesfm,zero_shot,CAMELS-US,0.07923546054458408,-0.05002069079325899,114.52896441338063,29.75757351904466,-45.55524297728442,-0.004134314682632215,0.19942370789963748,485.38033623465617,820.7359042968028,1.2951202,0.93270344,209
03300400,timesfm,zero_shot,CAMELS-US,0.4857695662129511,0.5094217658823436,837.8233860366861,273.3073231046821,-23.87215098737836,-0.003734893296415319,0.6069149903167803,3365.736026990027,6546.4055857085195,1.0619727,1.0464593,188
03338780,timesfm,zero_shot,CAMELS-US,0.8386395189775907,0.8087490959253545,202.91559894912885,66.87740486888794,-12.517147480453843,0.007455952600321933,0.8269941923625065,836.8951792267513,1016.3584276184927,0.9592491,0.9420321,209
03340800,timesfm,zero_shot,CAMELS-US,-0.3124289695144653,0.4394768625831589,417.95025314800625,77.66730366321589,-4.416224965148122,0.0011734657795046885,0.675330992007123,1801.6421797495113,3565.633391123654,1.0687569,1.1168245,151
03346000,timesfm,zero_shot,CAMELS-US,0.4923090939545157,0.36481829016927214,672.5777496189846,218.73944706829826,-42.246185988311154,0.003909141014069216,0.4250667498000912,2644.9402588856174,3886.8505866774694,1.4675792,1.3725425,209
03357350,timesfm,zero_shot,CAMELS-US,0.07076797879635377,0.09096403667264985,14.260852596512922,2.1017531831054916,-27.625433368575322,0.008895041277426366,0.40073672692917195,61.7956892537978,115.47715974757293,1.2924786,1.0567513,151
03364500,timesfm,zero_shot,CAMELS-US,0.22008307224957802,0.21730731923632762,230.97682719377966,52.4453813224908,-30.405418793247463,0.029815713802618007,0.40480131990850987,960.8945287393376,1823.9701428069343,1.0948403,0.98477197,144
03366500,timesfm,zero_shot,CAMELS-US,0.11199921513893485,0.34292030445471045,786.801556375469,248.0594187123435,-25.387075868960597,0.00044091146368735457,0.6323927229844771,3195.2142218576723,5305.482926676925,1.219327,1.1023691,175
03368000,timesfm,zero_shot,CAMELS-US,0.03826089715119385,-0.2570537062999203,58.04964522093826,13.85273239929104,-61.535203979337844,0.02479043822254813,-0.04268550018863948,248.2557277594146,433.8619115395768,1.5723661,0.9484271,149
03384450,timesfm,zero_shot,CAMELS-US,0.0069833970370999365,-0.36663163445015146,449.5612703942528,68.1708269953086,-62.811231439484736,0.010887980309786306,-0.06991634815693737,1954.2456382621335,3697.8940143119976,1.6144049,1.0940915,209
03439000,timesfm,zero_shot,CAMELS-US,0.5100875679470025,0.5601255944595778,154.30981125706006,40.815477284078064,-9.52782395303016,-0.000967049596616483,0.6566290115114514,657.9846430415427,1368.2954361279296,0.41200733,0.3108627,197
03450000,timesfm,zero_shot,CAMELS-US,0.7953386379805192,0.8258258274295379,5.56509435338287,2.1953328200008557,-7.81462062690439,0.00015105325812041562,0.8605702249413245,21.277288436045886,32.848593971449695,0.5213184,0.48064598,207
03455500,timesfm,zero_shot,CAMELS-US,0.49918752768821195,0.5512470897737,71.64673567002043,25.282582857170883,-14.671388697973065,-0.0012603418374914077,0.6466532833834752,296.2893522484289,465.24576545897776,0.56689715,0.40914422,196
03456500,timesfm,zero_shot,CAMELS-US,0.49941913978834884,0.576031131655177,104.72273867100873,25.07605654334054,-10.42195573212209,0.0013410285858587029,0.6863829911101487,456.18396383235154,913.8774914295723,0.507803,0.4104782,197
03460000,timesfm,zero_shot,CAMELS-US,0.7309347431545818,0.8230426512232606,47.859622153752255,17.796624418618023,-7.357214448597509,0.0008578841895436062,0.8854453824477517,193.76943908830071,300.5108084693769,0.43147582,0.4142404,207
03463300,timesfm,zero_shot,CAMELS-US,0.21759065089711283,0.2434042996391721,152.07629633589917,37.0206660256168,-18.13865561311209,-0.0016179794500662033,0.43482218715313936,664.0675999439823,1275.1294130148035,0.5896276,0.3799474,197
03471500,timesfm,zero_shot,CAMELS-US,0.7824544140649519,0.8421085240224587,48.36941015134949,21.275509638079047,-8.386051142092812,0.00045273126448547307,0.8830883856487339,178.6845404758619,135.01420963219795,0.5463583,0.52365,209
03473000,timesfm,zero_shot,CAMELS-US,0.7507877094513282,0.8641837567420154,220.82976074069063,96.03799248654306,-6.026279264026218,0.0032642917767149032,0.9329242054962362,816.7708635851716,1149.1692240019495,0.5403553,0.53031355,209
03479000,timesfm,zero_shot,CAMELS-US,0.2785197852430411,0.3816000761306839,229.62344360424208,45.177163719525794,-12.707525183425828,0.000613427088180029,0.5844606940174468,1000.5349735916225,2191.1753943623285,0.61077094,0.50035936,197
03488000,timesfm,zero_shot,CAMELS-US,0.7874792862234834,0.8295984092634622,159.82687368035533,56.70755331596119,-7.189075739762528,0.0006965834111418781,0.8695164380507877,612.3873908149834,1063.4660357926837,0.662195,0.68661106,209
03498500,timesfm,zero_shot,CAMELS-US,0.249025335630921,0.6107096920314057,494.1906299213212,153.91560468868335,-10.920817514454619,-0.0027631391076493143,0.862139910954767,2080.586744925785,3069.677910341859,0.5373308,0.5478787,196
03500000,timesfm,zero_shot,CAMELS-US,0.5813128764213071,0.662542945071835,203.89102267710132,67.15406978373625,-9.406567612843647,-0.0010725189383526887,0.7521740196050238,844.215354281664,1311.9928767320857,0.42607722,0.3324609,196
03500240,timesfm,zero_shot,CAMELS-US,0.5556809045221731,0.6192436935459618,72.62057596417615,21.65647397448669,-9.215606530738992,-0.0006244476549406887,0.7088870042459834,311.86662959482595,621.5825786327371,0.41371214,0.32630128,199
03504000,timesfm,zero_shot,CAMELS-US,0.671221685641088,0.7006012151428898,101.67986683023027,36.30234535255624,-9.490848116594645,-0.002621339537142938,0.7536401020496242,404.157523728073,771.2518100171293,0.43516684,0.34393993,199
03574500,timesfm,zero_shot,CAMELS-US,0.6419276173329724,0.7467823140812577,528.2349352585545,208.13528240924816,-15.628481792873806,-0.008244135150488816,0.8268969505310144,1820.8752640170503,2850.502190095707,0.90455025,0.92698646,209
03592718,timesfm,zero_shot,CAMELS-US,0.10856370896188683,-0.056322885967511116,94.64362178733074,17.894551864549435,-36.65128842067804,-0.00028272259483222775,0.08900892391236737,419.7691989578418,843.672556463559,1.007488,0.5296146,179
03604000,timesfm,zero_shot,CAMELS-US,0.6875246568941251,0.782096862098546,355.4331854478947,125.99342036592788,-10.344929858192284,0.00034606952171651467,0.8514048240307834,1391.5809225116905,1939.3855201924744,0.5426183,0.5001252,207
04015330,timesfm,zero_shot,CAMELS-US,0.8578960516689187,0.9098679689199154,64.23441934622947,23.339920652699348,-1.310027723649748,-0.0015275506486986876,0.9354957293010754,236.48281203619572,131.43440415724382,0.8229044,1.0036905,197
04024430,timesfm,zero_shot,CAMELS-US,0.8970061105900113,0.8945426468682327,233.11148081746015,73.53712374823434,-5.772842866167303,-0.0005234119311850055,0.9079613405534631,969.4123764073172,514.8122479789381,0.710958,0.6558061,196
04027000,timesfm,zero_shot,CAMELS-US,0.9348726994581592,0.9567745897040583,295.9899219012544,122.79739188189482,-2.7380527945212334,0.001838010397742746,0.9701501418232873,860.2740084703182,758.1275327188904,0.68839175,0.7585244,199
04040500,timesfm,zero_shot,CAMELS-US,0.9603420993654014,0.8851223671419993,52.4056299854468,23.215604129590485,-7.458140168732911,-0.00391152098788914,0.8862217822668422,158.75299179627268,106.64492845010106,0.5524688,0.5554836,209
04043050,timesfm,zero_shot,CAMELS-US,0.7813708327187624,0.8426956973860973,34.96573421755249,10.887944001962643,-9.996068746910792,-0.0013527981817694993,0.8862446128604334,142.20518490983284,203.41256598307072,0.6259361,0.58151436,202
04045500,timesfm,zero_shot,CAMELS-US,0.9910387752086643,0.9795718286990373,89.16787906446208,51.462412643432614,-0.29925204992786886,-0.00014527656605162545,0.97989411256524,282.98395186273564,525.0869684802492,0.32540065,0.34948263,200
04056500,timesfm,zero_shot,CAMELS-US,0.9840014391091635,0.9719336489736029,159.40075967482616,79.73669860839844,-1.312411950996561,0.0015266626521785193,0.9729276257940203,463.559839878162,74.97887017785975,0.26927152,0.28652123,200
04057510,timesfm,zero_shot,CAMELS-US,0.951878912148742,0.9371861077940211,37.472705192100825,15.769134621871146,-4.955824130998955,0.0002747868349415247,0.941516488597475,134.41155900635022,50.2486923076877,0.39510307,0.39461684,209
04057800,timesfm,zero_shot,CAMELS-US,0.9386557126568837,0.8520332643484554,16.97312364127521,7.051353134671036,-7.884256242426697,0.0011393469094615437,0.853997878840592,51.21944587640121,90.67915563962696,0.5441239,0.52715564,196
04059500,timesfm,zero_shot,CAMELS-US,0.9785150485996851,0.960962172745205,64.23290924689888,30.05534926239325,-3.398488198785963,0.0010821450055168262,0.9623732939929999,156.4102785362556,151.27277798324926,0.5053491,0.53509396,196
04063700,timesfm,zero_shot,CAMELS-US,0.9772972199662124,0.9192807627851892,16.432751335407843,8.065669868198142,-4.150181453647647,-0.00023242218283212566,0.9197646629267757,37.63544146242609,27.628686235427722,0.47838166,0.501378,197
04074950,timesfm,zero_shot,CAMELS-US,0.9628662227166631,0.9439442317960224,49.20641533694702,25.058301675199257,-1.6744015936396979,0.00046010754961801903,0.9467921582754106,121.8162770011012,198.37432847117046,0.28318664,0.2937013,198
04105700,timesfm,zero_shot,CAMELS-US,0.8361131768015229,0.775410870100579,8.87117418295796,4.804344368893564,-5.293390381322579,-0.0015493283466930553,0.785956509661673,29.770328815402383,44.78378257675386,0.3582493,0.2806228,209
04115265,timesfm,zero_shot,CAMELS-US,0.5457934027006373,0.6910923605521603,13.505561193337867,5.319160203933716,-6.682528562791117,-0.0012169437553589974,0.8168422620772865,52.54790313417951,100.56248768074094,0.38032195,0.2862567,200
04122200,timesfm,zero_shot,CAMELS-US,0.9336835088370659,0.9205324978980924,69.99184237504632,33.644969550930725,-2.25263189920369,-0.0002023219868831378,0.9272601307999174,237.7334940064134,312.3028252652861,0.2774676,0.25579485,196
04122500,timesfm,zero_shot,CAMELS-US,0.9714827439632707,0.9389584099219466,66.33919425294273,38.12508790230637,-1.5938034323555375,0.0009382457212700097,0.9402883276614931,221.19426238752817,212.94855248246327,0.2416033,0.2355325,209
04124000,timesfm,zero_shot,CAMELS-US,0.9505788623682172,0.9676551092570888,78.92682359548118,47.818632427014805,-0.9279000204657172,-0.0004436706559165435,0.9787033803719833,187.68192638119254,134.78006347710655,0.17919385,0.16714402,209
04127918,timesfm,zero_shot,CAMELS-US,0.8534783706191147,0.8383886915644188,65.00590638493054,23.730683048376054,-5.977291161940248,0.00010340353447608336,0.8553832313428257,257.1746648454685,121.76645036212314,0.47671378,0.4415673,209
04127997,timesfm,zero_shot,CAMELS-US,0.691684741318283,0.8306216201709415,33.45671239761158,16.512800333451253,-2.6148757473716207,7.133576848272066e-05,0.9363619193255353,107.43661758521807,214.66970752417092,0.17680919,0.16108882,196
04161580,timesfm,zero_shot,CAMELS-US,0.9010521538904819,0.8855137894560129,4.878233594518549,2.33729810235603,-5.947235911286297,0.00020302926481307812,0.8961334133748675,16.59702821200428,11.52888338203091,0.51147395,0.52594095,209
04185000,timesfm,zero_shot,CAMELS-US,0.9501857708786619,0.8912072160322734,143.82061607150334,71.58839646535903,-8.549230296025188,0.0027061750203479923,0.8934893786393868,433.5570121358654,149.74969608247386,0.79469097,0.78460854,199
04196800,timesfm,zero_shot,CAMELS-US,0.616286603930278,0.5390937214832587,396.6985622763973,144.45027989605398,-26.55062220235935,0.005345476567491188,0.5816381500052419,1527.3056777361703,2730.6360547802933,1.3596159,1.349336,209
04197100,timesfm,zero_shot,CAMELS-US,0.7060329725283225,0.6613833480919984,194.39397206965262,82.88100187145933,-22.23337014840432,0.009476929289513547,0.6958233293223537,674.9318785377922,874.3032401855955,1.2794293,1.2548339,196
04197170,timesfm,zero_shot,CAMELS-US,0.07820996212994846,-0.14192136403716815,191.8283880821308,43.2397516378098,-51.544831261975936,0.0016811641221232618,0.04584767862037509,804.703143029762,1545.8833276149405,1.5549719,1.109952,144
04213000,timesfm,zero_shot,CAMELS-US,0.40436675340705086,0.4226424350441884,374.7932273601487,161.6606359388314,-25.661283942505737,-0.0011624086957293736,0.5301932517046084,1399.5625206870745,1973.613381456173,0.9915185,0.79200834,204
04213075,timesfm,zero_shot,CAMELS-US,0.06220177411544259,-0.06516923420813558,19.773334426171616,5.497324827185087,-39.03133676289418,-0.0011813412435739655,0.18047354912484803,84.28465037150048,141.4650582237298,1.1022488,0.60348004,209
04216418,timesfm,zero_shot,CAMELS-US,0.17510825633255156,0.20169424809915892,203.20368483165086,61.16834922955961,-28.888462515707793,-0.0037909457529034414,0.4155865050311619,842.7684877451525,1631.4025468217344,0.950864,0.63155514,196
04221000,timesfm,zero_shot,CAMELS-US,0.7245514420859878,0.7900251605897722,253.27441767865324,104.43573167372723,-11.233834228633015,-0.0030751860962210664,0.8435889931827654,955.2618473661065,368.7993810725653,0.6471086,0.60876155,196
04224775,timesfm,zero_shot,CAMELS-US,0.5822585702891501,0.6703343434838285,75.51543366118368,29.071401099769435,-13.775960070226748,-0.0036610533286987913,0.7616892639820085,294.54379284470775,458.635830169169,0.6462367,0.55248725,196
04233000,timesfm,zero_shot,CAMELS-US,0.5726185725372549,0.54079377228279,45.42281204994485,13.46914986788371,-17.91883584169408,0.001593217282543448,0.5912388123499436,190.09546051948175,342.71837420631437,0.71026075,0.58073807,209
04256000,timesfm,zero_shot,CAMELS-US,0.6587391849661342,0.6882528433683524,130.85290756468265,58.04100402520628,-13.473039021991012,-0.0007752646347768261,0.7431475573643033,455.5605904724223,406.49315764592086,0.6893899,0.5171778,196
04296000,timesfm,zero_shot,CAMELS-US,0.8455952437179963,0.8386758760135251,105.93670217629551,52.57150317412879,-7.318822422761262,-0.0020770282815883515,0.8579969350093097,304.25977171485795,379.6955930616733,0.66600233,0.61589307,203
05056000,timesfm,zero_shot,CAMELS-US,0.9864982922838365,0.9759428236657671,58.02577233359024,26.928831708007657,-1.725520182835131,0.002997592363925175,0.9767985441172036,151.6073988399481,218.51998223879622,0.45299956,0.4685111,197
05057000,timesfm,zero_shot,CAMELS-US,0.9814358834063368,0.9503673241740351,103.66313741324586,44.59991332054138,-1.898490521997054,0.005184997607851856,0.9510105369480122,379.03725958051444,549.4654198237392,0.30462813,0.29160503,200
05057200,timesfm,zero_shot,CAMELS-US,0.750662288711003,0.611266740449605,142.55740179819753,25.836890885233878,-21.74840834468469,-0.006280212961777852,0.6259106643648871,631.066083896017,1190.17845308148,0.53537446,0.49720073,200
05062500,timesfm,zero_shot,CAMELS-US,0.9230916002850027,0.8999254324513324,118.57050813759432,30.38450633395802,-5.172576791834153,0.00040577022801826373,0.9073324385011128,504.8300223976027,103.59646177827673,0.3641825,0.36911216,198
05087500,timesfm,zero_shot,CAMELS-US,0.8561974375181944,0.8249038694617146,62.905562996077784,15.586612767492882,-9.34789120404231,-0.0018020011645699524,0.8389260285172497,254.77038144729318,550.5891208530812,0.7953275,0.84113115,198
05120500,timesfm,zero_shot,CAMELS-US,0.975760498495704,0.9506079318948071,21.79956415093408,6.5182310656497355,-4.005180136592815,-0.0012207541514418913,0.9516037303722572,87.57419565454663,146.88486658261968,0.37392724,0.4180971,209
05123400,timesfm,zero_shot,CAMELS-US,0.9718221829799057,0.8992922794342801,49.67138566149581,13.141895407400847,-4.543716784626607,-0.008471570758843208,0.8994751504228728,204.81967825623843,379.0726919767582,0.37726378,0.37717542,209
05129115,timesfm,zero_shot,CAMELS-US,0.9906393349185882,0.9884141371518915,73.41187867322728,31.82770509862188,-0.9717559152014186,-0.002397272594443063,0.9892084710821389,229.34751287310047,395.4884304568251,0.29100865,0.31749094,201
05131500,timesfm,zero_shot,CAMELS-US,0.9608621137880833,0.9342899394547375,410.04001342723353,153.07854352157082,-5.489329522892299,0.00011120611838785072,0.9369448779714867,1396.7258909680827,1474.9970661450966,0.6389657,0.72160816,209
05291000,timesfm,zero_shot,CAMELS-US,0.7377368228592058,0.8360838527432696,132.2513380562256,31.996735182675447,-9.79134412788348,0.0010923775995936719,0.8913405791445843,568.9105176387021,927.2562043085993,0.7923988,0.8347224,209
05362000,timesfm,zero_shot,CAMELS-US,0.9022474814353441,0.878142932520756,376.53086168748075,137.71871151477833,-8.685678598445774,-0.006766964020125318,0.8882386971579533,1374.854261714692,1897.171081116638,0.8256032,0.8916163,203
05393500,timesfm,zero_shot,CAMELS-US,0.8826928822329088,0.8778881366959228,66.07907731695327,24.98524064898491,-6.822073078788419,-0.0024270123240067824,0.8930004577018397,231.5510769818243,280.97089712642105,0.8247012,0.86442226,200
05399500,timesfm,zero_shot,CAMELS-US,0.6768269864011092,0.5939453727277312,350.43102283904705,108.90374717313021,-25.305681963659286,-0.007275539013301559,0.6275785076045279,1348.9346970979805,1444.768258917323,1.0874081,1.1250414,197
05408000,timesfm,zero_shot,CAMELS-US,0.7703825446806792,0.8676856158488852,49.772591166930525,21.76689844715352,-3.2282610793271207,0.0007927833839642216,0.9385821306666123,169.77786021041462,265.80147207835336,0.18903781,0.20330632,196
05412500,timesfm,zero_shot,CAMELS-US,0.7791837009190482,0.8267101053417467,1079.9259639933748,251.45979739832535,-8.48333302544535,-0.0030585477290791287,0.867433125743249,4475.286188890699,8318.379657158423,0.5721563,0.57435304,209
05413500,timesfm,zero_shot,CAMELS-US,0.30607530288254325,0.3109619534669812,165.36249415339051,30.58717135993802,-9.145440905334432,-1.0846240094938842e-05,0.42471288023791975,717.747786905955,1595.4368389050585,0.3312661,0.20071588,196
05414000,timesfm,zero_shot,CAMELS-US,0.7454005201735228,0.773604448100189,35.4890972474879,11.99819989107093,-4.508894757019812,-0.0008458366142835589,0.8158565876655043,135.17088829712503,282.53700649086994,0.25555718,0.23416992,196
05444000,timesfm,zero_shot,CAMELS-US,0.6324044007093057,0.6671802806812925,66.80694926225031,15.11735624103455,-6.8830073934919795,-0.0008508004081632589,0.7311094410162113,286.4329178556752,518.5344162275376,0.42160144,0.36333334,209
05454000,timesfm,zero_shot,CAMELS-US,0.04672731241954842,-0.13116954379639112,64.78604273888784,10.440275196849868,-39.919921567107,0.011986487717431028,0.13034026575287572,280.0482215329019,533.4584583720209,1.1046991,0.68890244,207
05458000,timesfm,zero_shot,CAMELS-US,0.8556132554967857,0.924345462843114,136.8181078699486,48.523658277885765,-1.7104996707017257,-0.0014644802765824139,0.9692904195315931,522.1894611094082,453.45092923247347,0.68479264,0.6659986,209
05466500,timesfm,zero_shot,CAMELS-US,0.7142971412742246,0.6593183878844522,397.8556437206943,108.58444020806289,-14.81142317339575,0.0018831047283875343,0.6840257616570107,1683.7428946797668,2549.8585713331568,0.90008867,0.8456085,205
05487980,timesfm,zero_shot,CAMELS-US,-0.6110135612637888,0.3172994339449565,692.2402419984974,159.23301522066845,-9.172475763836523,-0.00010127569061499364,0.7602728071440644,2978.7061207978522,4474.572501752968,1.1549782,1.4478904,199
05488200,timesfm,zero_shot,CAMELS-US,0.7548019562165821,0.6602979782996986,89.54118065428105,24.297654684633017,-26.809950144661975,-0.001703771667390136,0.6849820765413872,372.66349946728496,602.9492785229351,1.2511673,1.3572453,204
05489000,timesfm,zero_shot,CAMELS-US,0.12153744479845019,0.4347946307242826,537.1018924145317,142.10973707389306,-18.520115345323386,0.005650695572679901,0.7514457071230867,2262.110197416525,3477.6214570604106,1.0879755,1.3639059,204
05495000,timesfm,zero_shot,CAMELS-US,0.5215519319923474,0.5446568696547879,726.6618058497156,180.382769400851,-21.163763191074537,0.006269621404859371,0.6321163881683027,3079.8978326918113,4945.640955360189,1.4804052,1.4504988,209
05495500,timesfm,zero_shot,CAMELS-US,0.31116463932324556,0.4411183298383383,588.9788035529532,142.95288857463294,-26.03298368051251,0.009087712247160554,0.6279945379530799,2467.632557473557,3853.9832321298027,1.5855733,1.5441866,205
05501000,timesfm,zero_shot,CAMELS-US,0.5176882580597979,0.586820515052419,441.9613577614676,123.26999399693389,-27.481715563290766,-0.002217581675013014,0.6826982730313311,1819.312541913429,2885.1789805711314,1.3300782,1.4059964,209
05503800,timesfm,zero_shot,CAMELS-US,0.3051017731892226,0.597710789652186,85.81834741916171,23.51507456852435,-14.055109428370335,0.025518417112742386,0.8396033727281105,359.2229152777972,556.2986109916022,1.5888971,1.62618,209
05507600,timesfm,zero_shot,CAMELS-US,0.3758301573706244,0.4176469232865547,161.24195152633044,41.03483787314681,-34.447366277996544,0.03926284495590163,0.5489914282248884,604.0136665238563,934.1677901298299,1.7414418,1.6558992,209
05508805,timesfm,zero_shot,CAMELS-US,0.3658687166470196,0.31012568178649236,341.0096856536709,82.976667575859,-38.11578036721548,0.011835160879466192,0.42569845588487254,1468.231893613641,2252.2836640898777,1.54183,1.3793063,209
05514500,timesfm,zero_shot,CAMELS-US,0.22098930870728806,0.17908167175803458,2944.2337777905395,643.0000706634453,-40.674561172544166,0.002632100269016918,0.3613953827030687,12758.782392348723,21806.133495493377,1.5405446,1.426823,209
05525500,timesfm,zero_shot,CAMELS-US,0.7890803570262201,0.6634048439827895,394.167667354165,120.62790847414792,-20.077654487342024,0.0021768499504392774,0.6760351133503195,1584.9815461900391,2469.30241197572,1.1368269,1.080226,202
05556500,timesfm,zero_shot,CAMELS-US,0.774370983383059,0.8267258511944469,120.35253528030792,35.22692171025734,-9.74998427779295,0.0032002138109266595,0.8724301300617625,491.1704348099783,813.2674219456914,0.9405709,0.8784245,208
05584500,timesfm,zero_shot,CAMELS-US,0.6521013586702005,0.43415947836998037,1179.5540827036355,261.4357226410104,-34.816487537336606,0.0016466808574343295,0.44689101117571395,5206.715216056825,9949.713418916343,1.4395027,1.3051134,199
05585000,timesfm,zero_shot,CAMELS-US,0.6976663762662105,0.4967211282204179,1524.4561007602622,325.2483828387192,-26.22278814738763,-0.0006609106007492704,0.50265167933023,6458.496259150105,12015.45296191082,1.101815,1.0297998,209
05591550,timesfm,zero_shot,CAMELS-US,0.1605301628682233,0.4823220912899966,62.44639364906378,15.59083625393514,-19.149237563882767,0.00122915936596793,0.7711381807315192,265.71240401681115,414.00012329426886,1.0417707,1.040594,209
05592050,timesfm,zero_shot,CAMELS-US,-0.16523294865679428,0.4086247554453394,167.3338267970523,44.667405209225144,-16.145050303112484,-0.0016890687837867041,0.8331312259197945,675.2916597359513,1102.821701473936,1.1181759,1.1856276,197
05592575,timesfm,zero_shot,CAMELS-US,0.044247511755701185,-0.22420850870646092,214.49240027835125,55.625961905612684,-65.21588964324599,-0.002063274990745066,0.010600095375457808,915.220024576348,1483.7485981220775,1.6133467,1.3125507,209
05593575,timesfm,zero_shot,CAMELS-US,0.08251927288315508,-0.18228823063538147,451.65448282785866,104.60403535011532,-64.12194690768656,0.006015897512934215,0.019582782476939564,1926.379185266743,3464.1880971040096,1.6595751,1.5822448,209
05593900,timesfm,zero_shot,CAMELS-US,-0.046224429511684484,-0.21507188806051114,224.5926633809016,53.25905520632043,-56.852183520050716,-0.002160184074731751,0.138644078384334,939.7774216932263,1626.9725060328212,1.551664,1.4083769,209
05595730,timesfm,zero_shot,CAMELS-US,0.1442919722571202,-0.018410503523223376,377.48246259132134,101.07846177915673,-56.296728680433255,0.0008355298634997732,0.16827498464606472,1605.7940865339162,2685.8193303299977,1.683713,1.506887,209
06037500,timesfm,zero_shot,CAMELS-US,0.9572977132269755,0.9584815055657465,38.89980358784988,20.38665711351216,-1.4862587554112188,-0.0007705930247490357,0.9637068070930628,112.95100820794038,80.40825199719752,0.09447551,0.08814758,203
06043500,timesfm,zero_shot,CAMELS-US,0.9720461298372252,0.9580398945614488,174.54730101236763,76.73583175196792,0.27914560588671217,-1.759006335546459e-05,0.9599516202037849,319.0825620120918,243.58566103113003,0.23389207,0.25122815,198
06154410,timesfm,zero_shot,CAMELS-US,0.8770517514028522,0.8479950699143304,4.327969755759775,0.7748082328641244,1.403893162554996,0.0008209838470714208,0.8487390593125385,17.93200742590466,35.006456019538874,0.6175977,0.69651955,209
06188000,timesfm,zero_shot,CAMELS-US,0.9701808541677783,0.9689423726260373,315.2301277229513,129.73630367979712,1.939990501043612,0.0016896027179186361,0.9723396467545732,710.1750899283803,681.1175719076828,0.415942,0.4083884,196
06191500,timesfm,zero_shot,CAMELS-US,0.9847325108524164,0.9865850009069215,555.0011693446901,249.24750596649793,0.33092709530630593,-0.0008935377254749959,0.9888382007017925,1283.4637698888378,521.10254789735,0.2215204,0.23189698,196
06221400,timesfm,zero_shot,CAMELS-US,0.9648882671373563,0.9370723542211028,36.31352484617517,17.3595693397522,3.646652924292408,0.006261649077803758,0.9388743312651293,84.04947650376687,22.32718824447202,0.286596,0.31713605,200
06224000,timesfm,zero_shot,CAMELS-US,0.9626624592364178,0.9195425455468236,82.91845724880203,31.35605352179048,3.0697398182010236,-2.2147983956735673e-05,0.9203932874960294,304.9576555230147,591.0582367917846,0.3350649,0.38132977,197
06278300,timesfm,zero_shot,CAMELS-US,0.9307609631700714,0.940582979664391,22.358182771331634,6.622518856718083,1.8094088561179453,-0.002304390352425467,0.9499208718439656,83.12053427580112,40.52638985545361,0.56337273,0.5922685,198
06280300,timesfm,zero_shot,CAMELS-US,0.9789921383798429,0.9821656217352969,111.63772595241426,50.91767080898943,0.19534596970587206,-6.716200214695878e-06,0.9853342960441669,246.10692201049432,178.65899356832617,0.3247643,0.33526653,203
06289000,timesfm,zero_shot,CAMELS-US,0.9689557232288475,0.9772135511796889,40.139072935615,12.780415118319317,-1.6354865428107208,-0.00017485494620090962,0.9832012749467113,151.88103419939048,27.94010144481183,0.2378878,0.24294655,206
06291500,timesfm,zero_shot,CAMELS-US,0.9824236116287274,0.9765477618290981,10.307975739348514,4.353622856322658,-1.597758077531052,-0.0030451404963282667,0.9781158870534767,36.44764598082292,34.01615211491262,0.34865147,0.36775416,209
06311000,timesfm,zero_shot,CAMELS-US,0.9440302004269562,0.9370841939056208,8.387532208084346,2.8139624358409674,-4.638173438186689,0.002454520190666075,0.9435843693707843,31.507494343368407,28.034424706320536,0.41733032,0.41179964,201
06332515,timesfm,zero_shot,CAMELS-US,0.23330302984339335,0.2520497455347842,28.483541024375224,6.984731966544529,-41.547507858238795,0.000639097232412629,0.43078207632571397,123.17812892296847,230.03902543629377,1.2743844,1.235124,197
06339100,timesfm,zero_shot,CAMELS-US,0.5385499108521007,0.3383529372298484,81.01507806487143,14.301547278304996,-41.459768986164455,0.0005467170446504729,0.370676058726887,357.7182932664222,761.6247660226247,1.385216,1.1190685,197
06339500,timesfm,zero_shot,CAMELS-US,0.5293864259153764,0.5192908091021522,283.1312373939036,58.50336967925636,-26.13067908419383,-0.0037517104760128907,0.5990769159113671,1243.884603849068,1720.210874400254,1.0907286,0.9987833,196
06344600,timesfm,zero_shot,CAMELS-US,0.1674765664481389,-0.003892340606076017,166.38355666708387,27.12366841446022,-59.79991213781571,-0.0009267750753164938,0.1520915108692633,737.9557978872137,1499.3464033382518,1.6069801,1.3234246,197
06350000,timesfm,zero_shot,CAMELS-US,0.5471245280896868,0.28481874427796194,136.5274022474572,22.303606019231488,-37.51433182614459,0.0006942507740558927,0.2911167934279002,556.9154940914742,1101.251350035373,1.0190768,0.7770739,203
06352000,timesfm,zero_shot,CAMELS-US,0.5635895562759434,0.5690876426532273,111.39455501265364,19.367393233505965,-21.645977518416988,-0.0036553839797084098,0.6455254261467556,474.86981135396826,864.4547145537517,0.9285111,0.9345074,203
06353000,timesfm,zero_shot,CAMELS-US,0.8637540417754547,0.882326675346918,140.7813920528995,40.08964868995421,-9.222263517663682,0.001934688630726357,0.8963574659267204,570.336890399895,741.1094433628018,0.7398661,0.84504986,201
06354000,timesfm,zero_shot,CAMELS-US,0.9221019087978987,0.8985082093721909,283.47403652144504,90.80977290305333,-8.86392860932716,-0.0024543994025679923,0.90556203537701,1051.5993712140298,1207.43691404562,0.7299836,0.8821877,201
06360500,timesfm,zero_shot,CAMELS-US,0.8641036734989014,0.6044180043148668,941.6456332894784,234.39006379652167,-26.497359600745575,0.002252648627865214,0.605750946704305,4121.768480438604,6727.811013326746,1.281117,1.2657074,198
06404000,timesfm,zero_shot,CAMELS-US,0.6814546292255035,0.6578594469851147,11.38557465936152,1.8879900524506763,8.146932799997723,-0.0031289245063823717,0.6673027723624732,50.0742961885526,109.3897316266731,0.58728206,0.6686827,196
06406000,timesfm,zero_shot,CAMELS-US,0.6915525182693367,0.7791531032351607,13.595839399687279,2.0169675666458753,-5.128219370678869,-0.0006109368460634167,0.8551202514893241,57.22560649026718,131.754057562463,0.31978706,0.23626807,196
06408700,timesfm,zero_shot,CAMELS-US,0.9872813805269767,0.9894963192541253,0.10395294793497847,0.07038934339726637,-0.09875524633190483,-9.833212418869537e-05,0.9914853967044635,0.06632534618297406,0.10563699895431103,0.020813033,0.02149091,197
06409000,timesfm,zero_shot,CAMELS-US,0.9536696797278484,0.9617830791334079,1.6279226654523455,0.9692831921577454,-0.1317394022366043,-0.001493975468356024,0.968280859218522,4.201953998857501,6.461496099060811,0.118342154,0.10297733,200
06431500,timesfm,zero_shot,CAMELS-US,0.4558046120333302,0.37631248390368377,73.25436175534358,8.663446757258201,-6.430611692468705,-0.0003338428995551474,0.3828069633672645,323.6323098608773,719.608845004205,0.22774017,0.12365038,196
06440200,timesfm,zero_shot,CAMELS-US,0.2490415755270342,-0.09681640227837729,109.48938963372454,17.273716964263595,-70.73020755327967,0.019611961608967124,-0.0864388308855717,471.04834926403873,878.280606850818,1.6535687,1.3982671,204
06441500,timesfm,zero_shot,CAMELS-US,0.8994340786498978,0.8199371052873377,244.58934008491218,71.46127942573388,-13.59834367931436,0.001783327955663619,0.8261455793572787,1017.6816660169488,1384.7146201355285,1.3838255,1.3296769,206
06447000,timesfm,zero_shot,CAMELS-US,0.4760249175909719,0.5640085719981234,721.3845742372808,204.50614931135038,-27.821433933757696,-0.001356827999552751,0.671385218248048,3086.8603755094177,2597.77480748692,1.1128546,1.0950631,196
06447500,timesfm,zero_shot,CAMELS-US,0.8753770605052682,0.901131801290236,7.841563108183053,3.377993654231636,-4.515967763662951,0.0019041488735067804,0.9228299581954799,28.424375402400145,15.458245128264112,0.3836406,0.37990505,196
06450500,timesfm,zero_shot,CAMELS-US,0.8020075293630463,0.7888148380145062,54.52737057725846,20.692787723541258,-5.8664675816306895,-0.0011383383946992013,0.8121112589593846,216.89001859804745,390.38892009921346,0.24725734,0.21053831,200
06452000,timesfm,zero_shot,CAMELS-US,0.6855082494583031,0.5318954233176647,970.6518936148564,271.21427675724027,-22.33007050473908,0.005421531482010574,0.5475568752299518,4124.814842787799,8132.72924946031,0.91872776,0.73003376,200
06453600,timesfm,zero_shot,CAMELS-US,0.5940776900028346,0.5371754043383851,140.15517918191625,19.555954122452565,-12.668849636488389,-0.0019161375747093895,0.5708934205383918,619.2737130939812,1374.625307090925,0.74769986,0.60207397,197
06464500,timesfm,zero_shot,CAMELS-US,0.938761454865837,0.8765945830003979,24.755323183726446,8.199779634475709,-4.780445512731352,-0.00015047066722683605,0.8782356111408961,101.44192552362928,208.66230056896046,0.47480437,0.48277894,200
06468170,timesfm,zero_shot,CAMELS-US,0.9805314574377864,0.9120612080972009,61.84098919813176,18.314426481278975,-6.447322116788819,0.0025597721537464757,0.9124382326329619,159.82226203969992,219.3788925132132,0.61100644,0.6164387,201
06468250,timesfm,zero_shot,CAMELS-US,0.9801741067458601,0.9210218013368607,66.9707209957998,18.14594490173741,-5.295580207694023,-0.00463022697002171,0.9214115076076554,272.05908490904227,483.98663347810816,0.5304896,0.53116316,201
06470800,timesfm,zero_shot,CAMELS-US,0.9693325927213806,0.8259164898683808,28.38150332464363,7.950817806303353,-12.402408694344583,0.0004210182658462569,0.8261117748532447,116.21871295707066,168.42786396122486,0.795888,0.8515353,201
06477500,timesfm,zero_shot,CAMELS-US,0.8773648202308729,0.9287143613365081,124.29118112381538,17.755901750753903,-2.916875545563298,-0.000562286736550878,0.965317569020665,549.2705877594964,1223.7775193867774,1.4958785,1.5511131,197
06479215,timesfm,zero_shot,CAMELS-US,0.9081227636311774,0.8649370654442168,12.266742482046574,3.383661245615198,-12.354760978970882,-0.010541452561739995,0.8713976998507043,50.289381397614065,68.09706061408718,0.7919579,0.8857383,197
06479438,timesfm,zero_shot,CAMELS-US,0.8032816710725865,0.791376331818087,76.8586852642816,17.64775291523012,-15.569240161666382,-0.008392745427170605,0.8134055625067391,331.35695626705393,377.6339627289929,0.65822184,0.7337654,197
06601000,timesfm,zero_shot,CAMELS-US,0.09714908316383297,-0.029016047043022297,126.81569364018489,16.326879064835126,-21.19267371732842,0.00033729675794543987,0.10667046992020401,540.5915642008533,1031.3994958126514,0.48635,0.19697359,201
06614800,timesfm,zero_shot,CAMELS-US,0.8498793361956843,0.8131980990747332,2.3689902293118124,0.4918662574873016,4.625655012057922,0.0006495960779359378,0.8197340510194029,9.746421186916814,18.95866886088321,0.32986584,0.39402178,209
06622700,timesfm,zero_shot,CAMELS-US,0.9733277920847343,0.9446127834926457,25.5191464908193,9.531359193276385,2.4115851379985207,-0.0006399009121158088,0.9457290650054497,76.06797406633389,132.12212018057897,0.38815582,0.3736545,196
06623800,timesfm,zero_shot,CAMELS-US,0.9867348304260766,0.972839385029007,33.483260741288966,14.206829158627258,0.49525918027268556,-0.00231878066292732,0.9734239034421689,113.80090369880946,165.77340010413323,0.33134624,0.32167575,196
06632400,timesfm,zero_shot,CAMELS-US,0.9650783896934494,0.8792379399681229,40.791760267413174,15.05470955615141,6.419846802131693,-0.000905730648407408,0.8796601195867418,159.0454289521632,121.61659176364391,0.38018528,0.38303417,196
06746095,timesfm,zero_shot,CAMELS-US,0.9904512718547571,0.9696540488745563,1.9980757871167754,0.9426683828915436,1.8124552636170868,-0.00015418384006934266,0.9698626245357646,6.63574410833418,9.337207162392124,0.3878659,0.42458615,197
06775500,timesfm,zero_shot,CAMELS-US,0.7340723874047201,0.81851546137761,26.286514628833746,16.179895282362068,-0.9204123802181944,-0.0002603048518818739,0.8826394083106567,77.1132102555963,117.81923637795497,0.073415935,0.06080884,209
06784000,timesfm,zero_shot,CAMELS-US,0.48751342908083073,0.6314816841024284,79.58889527627613,24.18992323061315,-3.5187082937682495,-0.00042826200414605026,0.7598216756607407,316.48184252936113,586.6610802812995,0.27804583,0.23038569,205
06803510,timesfm,zero_shot,CAMELS-US,0.4875651198222939,0.3794898640163785,13.219000589960213,2.8653185223814233,-17.8300538025801,0.001180654109261308,0.41700206456664735,58.1926955570499,123.16042719749612,0.6860493,0.480075,199
06803530,timesfm,zero_shot,CAMELS-US,0.338335383260861,0.49044578859898047,60.35385755068501,13.738507294073337,-16.686275030891263,0.0006759022814988337,0.6832669676012453,258.5850028722259,428.35161309902054,0.78392714,0.7230571,205
06814000,timesfm,zero_shot,CAMELS-US,0.1578543912282162,0.21276441293863502,108.21553745735153,20.03258668045785,-33.20438536225119,0.0022459090575381035,0.45136808483547597,468.6890460973671,886.3559822015783,1.2911518,1.1291176,209
06846500,timesfm,zero_shot,CAMELS-US,0.34544670546495093,0.26372158023356107,3.620402551707358,0.3391556199617755,-47.08730589471689,,0.3725995200155965,3.620402551707358,30.122250677643027,2.0,2.0391319,209
06847900,timesfm,zero_shot,CAMELS-US,0.08546831453263792,0.03360557188576618,8.706594159880414,0.9456342490118121,-17.47783237267808,-0.0033794294078951514,0.2723995859375965,36.2182073273028,72.41481149746923,0.56772506,0.28425157,209
06853800,timesfm,zero_shot,CAMELS-US,0.3469856309515862,0.22621212564980664,179.53561602532884,22.388842383444167,-36.224534298416614,0.001915154044070104,0.3222788387667451,782.260506163203,1495.4875059780393,1.4362984,1.1225632,209
06876700,timesfm,zero_shot,CAMELS-US,0.8709724908323175,0.6088417119087546,105.59319487878479,15.291443912749084,-23.671216421231495,0.001405446030810567,0.6090877845378027,459.4058536082971,849.9419480520476,0.85140896,0.73726535,209
06878000,timesfm,zero_shot,CAMELS-US,0.40952754439812755,0.3229464024720371,312.1283989203749,35.07989536860343,-29.41130012187407,0.0037624895694851022,0.4108413385238452,1359.6417230093164,2587.3819249460716,1.357718,1.1012743,209
06879650,timesfm,zero_shot,CAMELS-US,0.9375586768132644,0.8195437247003755,0.3276632992282989,0.09083342934517484,-9.138923600222576,,0.820580842380639,1.2777693274974355,2.350499397957692,0.76774424,0.7448099,209
06885500,timesfm,zero_shot,CAMELS-US,0.4288168449605174,0.6785974971751842,111.57624849687829,28.216502973337494,-16.205741151280012,-4.833526585378695e-06,0.8119019287443457,479.1836205863842,770.1427986391124,1.0973487,1.0729136,209
06888500,timesfm,zero_shot,CAMELS-US,0.822887321203215,0.8821758442136809,52.227521404470615,13.331696279881674,-4.309873958591141,-0.0036142947184666444,0.9082720121698717,218.96656575268065,401.65613605656887,0.613953,0.7130554,209
06889200,timesfm,zero_shot,CAMELS-US,0.2968185397395302,0.5280209420944582,32.257943820231276,7.933489623760279,-13.183966224594203,0.00408761437793826,0.7504022885965067,137.28655824453887,239.3875493903004,0.91540647,0.9186786,209
06889500,timesfm,zero_shot,CAMELS-US,0.34882158582047085,0.6810413179366964,56.508171103106065,15.429700207847514,-8.36356473272779,0.004134892681837796,0.8753388417422635,240.7076384673284,410.92002886117234,0.9832981,1.015598,209
06892000,timesfm,zero_shot,CAMELS-US,0.4973210321989855,0.6987598564640678,230.7253246142875,52.251786168219084,-5.677078891838529,-0.0003837119009062126,0.8770328374091976,981.9758947979125,1569.7785956461464,1.2200972,1.0493653,209
06903400,timesfm,zero_shot,CAMELS-US,0.6363950369321512,0.521566712838716,277.54036350146663,89.75552280490496,-32.21797215840836,0.001197292760058713,0.5598779449816551,1117.9849683140533,1234.175750338249,1.3409973,1.5018715,196
06906800,timesfm,zero_shot,CAMELS-US,0.12724952031539316,-0.00814176814817813,1944.6013836578757,453.1592934765467,-51.198898491804584,0.006636001999589823,0.20466224745720996,8010.320077697813,13343.28410965933,1.5887243,1.296117,205
06910800,timesfm,zero_shot,CAMELS-US,-0.04079459925824547,0.4959855618030595,66.65152382226455,15.159426016987048,-20.51328165919144,0.0005457029034620225,0.6798845750848455,288.1184481798921,494.95227651414854,1.1007046,1.2198076,209
06911900,timesfm,zero_shot,CAMELS-US,0.36962554189457286,0.5684610443080645,32.16041864450141,8.411262582279498,-20.11263574478856,-0.02744798496093026,0.7506268475013922,134.3884672397789,190.9810095875284,1.1113125,1.1818789,201
06917000,timesfm,zero_shot,CAMELS-US,0.7241009118246735,0.6200027519272222,334.09136974118553,90.28990731921279,-18.116058743587953,-0.0022808540609526307,0.6385314203102284,1330.1876317900085,2211.4613926692264,1.2912244,1.4097786,209
06918460,timesfm,zero_shot,CAMELS-US,0.5612406230477551,0.4941803834978804,230.3721866145561,49.712468494068496,-18.19246669988117,-0.0003214160452075024,0.53695022659093,987.9596318640891,1850.8118134382255,0.6161553,0.475454,209
06919500,timesfm,zero_shot,CAMELS-US,0.5725826163627571,0.4928265052373515,650.0293259824851,168.41935504758084,-29.94404857191644,0.009474190091699725,0.5468464615774813,2704.3494577748825,4763.917303575431,1.2826487,1.1371391,202
06921070,timesfm,zero_shot,CAMELS-US,0.2662570164557584,0.09770407907540535,596.0981125900487,124.82771040926995,-44.38613879443592,-0.0010820250435730136,0.1702946550464629,2579.3480419093476,4607.556095350607,1.0853963,0.71205,209
06921200,timesfm,zero_shot,CAMELS-US,0.15860760482334113,-0.04596065146892192,318.90078166325225,67.13140550772681,-53.35668632662631,0.0005931429343900771,0.08923175443724585,1383.8491609781881,2465.7504968863946,1.2123744,0.74417824,209
06934000,timesfm,zero_shot,CAMELS-US,0.9231399057225916,0.9203509045642231,2113.8801791873375,687.2518027273662,-7.001485157127985,-0.002214392999944647,0.9272878457917648,8684.967193047336,11969.317146330764,0.82381654,0.8126415,209
07014500,timesfm,zero_shot,CAMELS-US,0.5804848707394297,0.6530871396738853,1260.4001349721489,322.31426016337565,-13.920740951158441,-0.00382015618117678,0.743022363729416,5411.042053813378,8128.913493459707,0.6769528,0.63622177,209
07056000,timesfm,zero_shot,CAMELS-US,0.35998323305155444,0.32837751376022195,1522.5583707192902,363.9098837387622,-30.077260109513283,0.0013615066597968128,0.44063873837316225,6635.3269140986495,12717.45758810405,0.9285624,0.74603844,199
07057500,timesfm,zero_shot,CAMELS-US,0.6121963033634796,0.6491989179710815,453.69995459716955,115.30294259541343,-11.571938934183748,-0.002090782757812189,0.7166076977618638,1902.834481628834,3142.5608020066097,0.36810791,0.34913647,209
07060710,timesfm,zero_shot,CAMELS-US,0.15503245543159094,-0.007445689509007591,141.16884268790852,22.323533189417137,-39.32659870932168,-0.001191088109577007,0.11510310608810936,625.5686089673484,1365.3865260844227,1.2057753,0.8294168,198
07066000,timesfm,zero_shot,CAMELS-US,0.29470887292623693,0.22742156933975477,726.0693167094453,155.88353773053183,-25.80991120935116,-0.00035738520658994133,0.33554185681013016,3144.338829045438,5611.299517613361,0.6792183,0.41355482,209
07067000,timesfm,zero_shot,CAMELS-US,0.591985428708422,0.5979732550711956,1267.1343383575552,332.5669789291455,-12.441532525119637,0.0005940534471246765,0.658071939365523,5423.875559409933,8923.533269000414,0.42856216,0.35444424,209
07068000,timesfm,zero_shot,CAMELS-US,0.6513964016253151,0.7653436944953577,1528.6275060060836,433.083251953125,-8.98586747588444,-0.0005154599804618985,0.8280147466192904,6512.687882678938,8232.001804050424,0.38061696,0.34578815,209
07071500,timesfm,zero_shot,CAMELS-US,0.612153736446955,0.6256787904554416,369.7279844433764,91.0891633102198,-9.123903087518283,-0.00015133023440174267,0.6842897253411637,1548.2794725194508,2667.46203416816,0.2643193,0.20630905,209
07083000,timesfm,zero_shot,CAMELS-US,0.9795683559435658,0.9674794986110549,6.742864506939254,2.668548817561968,1.5352345713724065,0.0006019001164726465,0.9688608962165206,24.37401208961265,4.4783882851054555,0.29667568,0.30999893,197
07142300,timesfm,zero_shot,CAMELS-US,0.9886613410082127,0.9908119845027725,0.36378308103748286,0.16906230968565783,0.7182785014378543,,0.9924984512535105,1.038048081141091,1.4595519683163423,0.1966016,0.25394407,209
07145700,timesfm,zero_shot,CAMELS-US,0.5511501955575229,0.521370881653711,99.68771620660469,14.193604102402784,-28.743854811749873,0.0004227837948107896,0.5750130002363838,434.0156178131078,814.958465232348,1.4936929,1.3436294,209
07148400,timesfm,zero_shot,CAMELS-US,0.6879315553222615,0.4497973945790422,59.233795202918685,11.707857315165645,-27.449482062284506,0.0013947309025543128,0.45342995102912376,256.5102420317959,484.3215034636086,1.0128665,0.7409988,209
07149000,timesfm,zero_shot,CAMELS-US,0.7350491176694238,0.5652805354067806,53.59676863343705,9.6436393612804,-11.608518886817414,-0.0017792278429002162,0.5681180469616083,229.3001271519637,432.1933626630879,0.51945364,0.4144546,204
07151500,timesfm,zero_shot,CAMELS-US,0.5026959126564605,0.6151556450242094,150.1598769633302,23.828322603631374,-13.573446901143082,0.0017844835582008223,0.7281621059651223,638.3321867796489,1211.9588195154568,0.7208314,0.62347555,201
07167500,timesfm,zero_shot,CAMELS-US,0.24602916160484156,0.0810762613373317,83.68733605668224,11.254936329842185,-40.82621903023152,0.021944433207512007,0.12583923165830724,363.8337173064689,684.740300279993,1.2188482,0.7788329,209
07180500,timesfm,zero_shot,CAMELS-US,0.40410420879982867,0.5832421014893746,61.97310487724251,11.807189097672559,-17.46901473731659,-8.488549039954718e-05,0.7541959277646824,269.23830977226567,482.63351329028103,0.8685519,0.7013235,209
07184000,timesfm,zero_shot,CAMELS-US,0.7157717702617681,0.5268884627614057,321.9051872424481,69.43528669776883,-26.040931333014644,0.028584936865811705,0.5399484060784582,1371.1212841747993,2414.253653631598,1.6543839,1.6507609,206
07195800,timesfm,zero_shot,CAMELS-US,0.3511280253796908,0.6763908315622095,8.436362507947544,1.9492051402727764,-7.206348096930177,-0.002059761927087173,0.9212378379236379,35.58602575159619,66.90527333455715,0.599707,0.5671928,204
07196900,timesfm,zero_shot,CAMELS-US,0.4484800045749491,0.4123521100257874,29.754185843966926,8.486309641674161,-24.88316762184204,0.00025502827766202274,0.4936397695519861,129.27988640299907,217.18038653432416,0.8146424,0.5914775,200
07197000,timesfm,zero_shot,CAMELS-US,0.6578126241250118,0.6679029435518764,149.2068139321486,46.66408614741946,-16.514623667802038,0.0036274169567487927,0.7197565274219848,596.0147483753393,798.2993216127081,0.59938663,0.5977289,206
07208500,timesfm,zero_shot,CAMELS-US,0.8094550083423163,0.747125833695671,3.5192764451429563,0.9570163270543675,-8.191620633937022,-0.0012461370296697662,0.7625242184791049,13.39513210925614,30.30402427086756,0.4092727,0.32475284,197
07226500,timesfm,zero_shot,CAMELS-US,0.04614638496040935,-0.3666161944298316,182.02911366560295,15.962417936364732,-76.15111158658861,,-0.22137977442149825,791.9741345391283,1515.5821639961796,1.9390092,1.6815286,209
07261000,timesfm,zero_shot,CAMELS-US,0.2579010779555193,0.24581754168874126,405.86813951485203,86.03814572684468,-30.648543841462494,0.00988563335240969,0.4089307542703755,1790.8098191697118,3700.0250569823866,0.9866831,0.7203261,200
07263295,timesfm,zero_shot,CAMELS-US,0.26736536929550025,0.17040495364126895,134.37705994234065,33.46179195655388,-40.64106480977886,0.004939811294616736,0.2962198742491906,595.107825721993,1035.630545939296,1.322161,0.98229873,199
07291000,timesfm,zero_shot,CAMELS-US,0.3025007209604782,0.24527423725542274,411.34317273655074,86.14431811105176,-29.812009173792116,0.00010965467877834326,0.3736167804350107,1806.975377052822,3653.471220238155,1.0101781,0.7126654,197
07292500,timesfm,zero_shot,CAMELS-US,0.5035896331422202,0.47413742905778666,1155.233739037013,371.17819243070613,-23.782771684309726,-0.0011297956156754926,0.5463757093804463,4803.827872927362,7332.45260677776,0.91191876,0.67723227,209
07295000,timesfm,zero_shot,CAMELS-US,-0.07029902712927139,-0.0030916226783177514,188.41969214927303,99.46495199203491,-46.893619443810685,-0.0007933731701257607,0.26301919941731966,556.2766503045356,521.746826171875,0.87469685,0.5926843,24
07299670,timesfm,zero_shot,CAMELS-US,0.472787735049088,0.36467269953864456,25.764892639321104,3.4652097916257554,-9.28238472134909,0.0008541521582144567,0.3673778884362755,92.37264721600975,211.88623504111058,0.6547388,0.5229997,207
07301410,timesfm,zero_shot,CAMELS-US,0.640606500353925,0.754619653799166,2.4685576855288667,0.6202763359223564,-6.624515480009057,0.005849993898719409,0.8482897229185471,10.269010745023248,18.968013567871157,0.41134542,0.3403547,208
07301500,timesfm,zero_shot,CAMELS-US,0.8932290053915213,0.8767649588054174,7.96969036302789,2.2412386884707867,-7.198776631004207,,0.8889504381641324,33.233200032538676,8.17146344249533,0.52681863,0.44745612,209
07315200,timesfm,zero_shot,CAMELS-US,-18.62394712951396,-3.5583004557135514,14.161226188945458,2.136391550888238,188.13692122370395,,-3.555866665358997,60.835589795188305,115.5806801999175,1.7547872,2.198178,207
07315700,timesfm,zero_shot,CAMELS-US,-2.0308277233122514,-0.2607974852383321,88.30643880954146,15.696967339758098,58.49661296969788,,-0.1542758681441727,381.90448779171305,249.62917479446688,1.6951091,1.7381953,209
07335700,timesfm,zero_shot,CAMELS-US,0.6116561407049278,0.45896532047956573,102.8086659839496,24.417509218187707,-27.716017344202626,-0.0072572190568457595,0.4817000127929678,436.7257148461909,783.4258904454615,1.1160628,0.8975813,209
07340300,timesfm,zero_shot,CAMELS-US,0.27298273381447946,0.12853773366813837,459.1622695892436,84.73661895400112,-36.114318261672175,-0.0015073265400791375,0.1814510941002898,1972.2741390894191,3635.3680313638583,1.3061329,0.9959015,206
07346045,timesfm,zero_shot,CAMELS-US,0.94008591553844,0.8272725013144338,49.54628619453541,18.223404997680337,-9.431783837730604,-0.005090244712298825,0.828361635518666,197.3004799726449,373.4945786334542,0.6388968,0.65713745,200
07359610,timesfm,zero_shot,CAMELS-US,0.46451134585867804,0.2946114677526017,402.859260678376,83.32475878139438,-28.278870665204465,0.0019462829961191738,0.31248052550550287,1776.4465689615206,3643.6833809772806,1.0588291,0.7244685,197
07362100,timesfm,zero_shot,CAMELS-US,0.8851349013351932,0.8159484684651302,109.66460765357455,45.69967329425783,-16.420446827034645,-0.005481338717411563,0.8244442486824748,297.9919003872039,175.6156413458269,1.079115,1.1333798,205
07362587,timesfm,zero_shot,CAMELS-US,0.20516677769505565,-0.018002668630974883,148.55588235433868,35.57768132345723,-55.86698515021728,0.00551597660849891,0.05181274196718699,658.4013240420195,1024.6840069375635,1.4690919,0.9539686,199
07373000,timesfm,zero_shot,CAMELS-US,0.358161930697696,0.27996443791464953,88.84446235229919,18.6854341318066,-31.26684956453202,-0.00011019452918106451,0.38189949917483845,380.3029148308654,682.1241745665628,1.1344067,0.8486368,207
07375000,timesfm,zero_shot,CAMELS-US,0.8290719257472985,0.7002482409993952,171.3968177223446,46.400898145592734,-20.992847607923345,-0.0004686990474021997,0.7069477371490209,727.4724642396269,1178.5119083394536,1.0705543,0.85643065,207
07376000,timesfm,zero_shot,CAMELS-US,0.9163476206365629,0.824326416555199,213.7292060505531,87.75423828201677,-13.201673899132604,-0.0023785668618920217,0.8279390088991969,824.4784376343325,767.0535909865305,0.95046586,0.89705294,199
08013000,timesfm,zero_shot,CAMELS-US,0.7384281243670885,0.5761693719488842,777.507751919974,123.26880380019401,-18.46617832774154,-0.0013685888936286403,0.586157767592135,3345.6956318140838,6325.649380457627,1.1030554,1.0296685,206
08014500,timesfm,zero_shot,CAMELS-US,0.6292722094592624,0.4212829853275788,830.2136293905813,149.3300561098317,-22.010158710482248,0.0018903747610146682,0.4255918245201946,3518.5781200869264,6682.343049847531,0.9603224,0.72171986,201
08023080,timesfm,zero_shot,CAMELS-US,0.4476280828353004,0.6146295062092517,47.10098245955913,14.891449010461953,-22.138901949199667,0.017905476822732164,0.7514181161341298,157.2211038801222,165.94062862730672,1.5288683,1.5066053,209
08025500,timesfm,zero_shot,CAMELS-US,0.45501119552231495,0.5706882651481735,199.1896613504947,54.0730027522512,-22.99805907740735,0.0004176790994740373,0.6988822110692747,733.7311483603346,962.0814234013202,1.3977245,1.3466347,206
08029500,timesfm,zero_shot,CAMELS-US,0.3210459471273799,0.31247500130064465,198.4535922487548,42.06993563779803,-28.691609088419817,-0.0032382682657771528,0.4587383231393398,860.22745655206,1493.9334457820935,1.1909056,0.96553683,209
08050800,timesfm,zero_shot,CAMELS-US,-0.07624008402206894,-0.08617090587159137,17.42193989779162,2.862685515939466,-44.86181102943544,,0.30798327209662024,77.21954292789839,155.7203856342357,1.6231458,1.4714292,197
08066200,timesfm,zero_shot,CAMELS-US,0.10523421504870745,-0.013460467444214697,158.32300148596752,27.694992738613152,-40.097163082557216,0.006085160365667773,0.22827706218404165,681.8686010038506,1246.2433429437403,1.663711,1.2813592,206
08066300,timesfm,zero_shot,CAMELS-US,0.6748905782107996,0.45474378873276544,93.69504136682255,16.450133962494334,-20.157878008325135,-0.000767983834563269,0.45779999656346215,405.5289382609504,756.4626245341153,0.95356125,0.7304788,209
08070000,timesfm,zero_shot,CAMELS-US,0.433212197271054,0.3554701590916348,193.59826641606165,35.74898056664535,-26.08003678592196,-0.004835681664762757,0.425116861095051,833.660666637847,1558.4935491151618,1.3050774,1.180443,209
08070200,timesfm,zero_shot,CAMELS-US,0.7109526229421592,0.5486179667013353,146.02108845133566,44.15697659764971,-26.809308105783597,-0.0012888221688335012,0.5646644142406239,598.5058472084938,711.454500443153,1.2657245,1.0241914,203
08079600,timesfm,zero_shot,CAMELS-US,0.7594306516054067,0.5033896925333381,32.47400719304337,7.6583034535703645,-44.22898585050336,,0.5163291401837644,138.96300849745802,228.30989367911957,1.9254754,2.2351763,196
08082700,timesfm,zero_shot,CAMELS-US,0.08873214844870325,-0.18002118598947292,2.015495620699328,0.3488163568689956,-74.02685623486353,,0.028380798310765343,8.752663013046975,15.843637594700168,1.9159621,2.8523555,209
08086212,timesfm,zero_shot,CAMELS-US,0.6596715641559775,0.7628498237246674,2.2630182628534086,0.6347370335142102,5.1085334216321785,,0.7954624036880662,7.574148927879687,10.26782667480243,1.7386066,2.2913973,209
08086290,timesfm,zero_shot,CAMELS-US,-0.1440458582981201,0.1087808399975122,12.015881536698165,2.6016817873577214,-35.92166126615361,,0.5213273192495436,48.73934237638044,87.42965935254801,1.9684596,2.7294502,209
08101000,timesfm,zero_shot,CAMELS-US,0.04388268824982733,-0.14869794685883742,61.89867659031995,10.430849388718956,-50.341065705333435,0.019179328632783627,0.13064339321142993,262.3130729707508,492.9573107983933,1.421412,1.1806163,202
08103900,timesfm,zero_shot,CAMELS-US,0.051361057213681116,-0.20350014644907333,5.22289758188035,0.70562607982763,-64.13241296506342,,0.05056375059251139,22.343562856863645,42.10337568347341,1.6229497,1.3852175,202
08104900,timesfm,zero_shot,CAMELS-US,0.13237409104470588,-0.007888123452141071,24.07310590715372,4.636328257335145,-43.38453947016249,0.0003138669395578997,0.18925701087693336,103.01063374290963,192.35976454139242,1.1393434,0.7045047,209
08109700,timesfm,zero_shot,CAMELS-US,0.7338839095573387,0.4968760638017078,42.15850298861888,8.410546424099062,-29.71303462489691,0.006275849426060465,0.5041830712057149,183.36774003451748,294.1205379255116,1.2294488,1.0831056,209
08150800,timesfm,zero_shot,CAMELS-US,0.3908439223129351,0.47885931604624554,11.496364823585008,2.4969821161630623,-0.8014321451405536,0.00015487746978360903,0.4907190196900656,49.725725967086184,91.2070289087493,0.9055692,0.9906065,209
08155200,timesfm,zero_shot,CAMELS-US,0.48214079731497406,0.7023315604435265,14.878296360935556,4.013874572418306,-8.070609068102598,0.0030942648578227774,0.7682486023739612,63.11409698076307,93.5469484684076,0.7482301,0.9227916,207
08158700,timesfm,zero_shot,CAMELS-US,0.5397535014187032,0.7141166091657073,20.707010969478382,5.175686659451311,-17.277517809948357,0.0007034679931970517,0.8041431343906118,90.29467516906155,151.45795224177215,0.7319345,0.7743654,198
08158810,timesfm,zero_shot,CAMELS-US,0.3485455001244656,0.6590915566633311,7.558711393269791,1.659269457993012,-14.77776836908478,0.024762037651774732,0.7880502682507677,32.73592731821065,67.20243055816577,0.77182114,0.8245867,196
08164000,timesfm,zero_shot,CAMELS-US,0.021469505202690864,0.32028409129981605,107.15769819992771,17.61330472308091,29.57500702907289,0.012051630702848683,0.3480291262737141,464.40848088328113,861.8727348469178,1.1653322,1.4765829,209
08164300,timesfm,zero_shot,CAMELS-US,0.007470255797119463,-0.34164319926343345,163.91365379908612,15.659036884917633,-55.71871938701882,0.011365274715012808,-0.019706627838607105,714.054038481045,1358.972651646412,1.5824585,1.2303344,209
08164600,timesfm,zero_shot,CAMELS-US,0.8480198418459993,0.5340743688198144,5.851770583814846,1.4308994019904753,-35.05018609872801,,0.5354495092745981,23.515758246117276,42.346208720559815,1.6689816,1.9560636,206
08165300,timesfm,zero_shot,CAMELS-US,0.7482532042655436,0.7121375834259922,2.937739380115482,1.312710384432779,-0.5339520206199913,-0.002080468921364655,0.7182578906958965,10.779268417446454,13.093828650118905,0.30782148,0.29470807,209
08171300,timesfm,zero_shot,CAMELS-US,0.1278296969216376,0.5231014457656911,64.88207407590126,12.528290129444922,-22.279739655645436,,0.7557585560279914,277.75551293465327,413.2375500231815,0.99291635,1.1214845,209
08175000,timesfm,zero_shot,CAMELS-US,0.24625419580125452,0.2632366126442718,143.2949963758987,19.48597210962058,-35.63740803032097,0.005588737276455914,0.45367673166856337,624.014706393218,1162.5389493404882,1.7570096,1.7096931,209
08176900,timesfm,zero_shot,CAMELS-US,0.8287929883798764,0.516075072765479,15.658832614606167,2.5683038091903487,-31.046961311310497,,0.5167317299163511,68.92783524697228,139.18238258746976,1.6028172,1.4677273,176
08178880,timesfm,zero_shot,CAMELS-US,0.8375755717607561,0.6556660099106018,13.445860090341315,3.00066725193017,-14.006555390914079,0.0013312210363078947,0.6579798968700052,53.29967521847626,112.89321978637436,0.54951364,0.4634386,197
08189500,timesfm,zero_shot,CAMELS-US,0.2403963574730148,0.48570355587016434,13.117081791454247,2.8970270830442746,-26.821362390916867,0.01233984210668234,0.7004835596377602,49.94531094331599,99.43465726019282,1.1247423,1.5351162,209
08190000,timesfm,zero_shot,CAMELS-US,0.9096222313100203,0.8118475417716926,9.506572657805371,2.7418737685281123,-3.3127841433312697,0.0001758761068912998,0.8147092084698403,40.07990147879851,74.12586469402953,0.25027156,0.22332908,209
08190500,timesfm,zero_shot,CAMELS-US,0.3166043905245528,0.34329909023010685,1.8662236305633646,0.221363134356884,-40.218099560233995,,0.4941418492117633,8.12989716800982,15.302060171264374,1.3862325,1.4947315,209
08194200,timesfm,zero_shot,CAMELS-US,-1.4223633497885895,0.07163228702921043,25.45283710534602,5.095074117164469,-1.080491716305281,,0.2100550024964034,98.00572290021422,182.8285063864616,1.8309401,2.2998722,209
08195000,timesfm,zero_shot,CAMELS-US,0.7045827286113506,0.7206811643724478,17.95117457208412,3.876985926377146,-1.6056746434500537,0.0006398169470470377,0.7219665961517022,77.11056744658269,144.53101124357707,0.3159587,0.35672846,209
08196000,timesfm,zero_shot,CAMELS-US,0.9454533737734463,0.886230547148788,4.702563449229563,1.4052252060060866,-6.705911526342267,-0.001409104849998167,0.8872381056828778,19.655493770062133,35.6626156718085,0.6615622,0.70214045,209
08198500,timesfm,zero_shot,CAMELS-US,0.44416288962724737,0.1875783146672909,5.50956749938813,0.6757161845102082,35.62159847612144,-0.0023742364549339673,0.1875942859652998,22.93625164299302,53.536705473984874,1.0461022,1.4807194,199
08200000,timesfm,zero_shot,CAMELS-US,0.4742545969158929,0.6037950533234326,2.19739551758078,0.7688424244754765,-21.60629197863651,-0.010199176917579558,0.7289596978373428,7.409188497839619,11.405957773960582,0.73687416,0.9202026,209
08202700,timesfm,zero_shot,CAMELS-US,-11874.46734071512,-148.84601467983111,0.6015901453555661,0.0863349132259871,10338.268730259453,,-148.8460146798311,0.6015901453555661,0.6015901453555661,2.0,3.5158732,209
08267500,timesfm,zero_shot,CAMELS-US,0.9878846184221486,0.9862703146414645,2.225571923102059,1.119113246801541,-0.29943059651236986,3.687334480423181e-05,0.987610986016966,5.244853126157505,5.6136148688541105,0.19814156,0.20913419,197
08269000,timesfm,zero_shot,CAMELS-US,0.980843305055735,0.973946114767053,1.952345938590257,1.1665639066454119,-1.6571359763220697,0.0024217015684773746,0.9756424522489212,4.610152134277208,7.499337006178016,0.24807829,0.25819722,197
08271000,timesfm,zero_shot,CAMELS-US,0.9847191831153806,0.9848647116106904,1.4660425804940582,0.767541093361087,-0.645499913773393,-0.0004154203082130832,0.9868478094038399,4.488778811219808,3.6569691258362065,0.2316765,0.22954297,205
08324000,timesfm,zero_shot,CAMELS-US,0.6583301616913069,0.5999175500691939,25.905231565573168,6.58581507784649,-10.988178283776719,-0.0007518021709263766,0.6297536834438677,109.28891335693139,197.82336496350013,0.43656272,0.31684092,206
08377900,timesfm,zero_shot,CAMELS-US,0.9494334845792922,0.8446337146632139,7.268721928711579,2.26351864386331,-5.3921963237403885,0.00020538013152980594,0.8452073432469107,29.705519067795045,60.356971869260896,0.45072156,0.43600866,197
08378500,timesfm,zero_shot,CAMELS-US,0.9586949514176996,0.8715630455786764,13.486312893488275,5.591795496963428,-4.820608305761047,-0.00026901785263831746,0.8721692249669746,50.71235334996058,84.9085367630472,0.30668435,0.28423718,209
08380500,timesfm,zero_shot,CAMELS-US,0.9103197086356123,0.8952255197724471,12.354595691681642,2.245661929174123,-8.047644885596085,-0.0013616106379642657,0.8982625768398679,54.447455156702155,107.13468516933088,0.89507693,0.8432956,197
09034900,timesfm,zero_shot,CAMELS-US,0.9817409129330558,0.9557786854872713,2.9076159829250208,1.2507144224703612,3.0775327002663735,0.003949231284568679,0.9564165434163024,9.32382689199886,8.772642778239302,0.34795287,0.39011955,199
09035800,timesfm,zero_shot,CAMELS-US,0.9920376120354245,0.9839199490440151,1.287115678760047,0.6195916650397926,0.1485396834956671,0.0009155144291719437,0.9843026622283323,3.0088512020811455,3.794124579646174,0.28696615,0.28627345,209
09035900,timesfm,zero_shot,CAMELS-US,0.981958719029974,0.9426593925623163,8.145949589553236,3.2078805182239796,1.3249207694568055,-0.0008396310921746225,0.9430638184123041,23.477627237783896,23.650291515382836,0.26763165,0.272911,202
09047700,timesfm,zero_shot,CAMELS-US,0.985880027894416,0.9895741032537355,1.2378575413032324,0.530553785237399,-0.31858909228424387,-0.00047180938630715305,0.9919275948487584,4.490608623215942,4.529366414651334,0.25295496,0.24704635,209
09065500,timesfm,zero_shot,CAMELS-US,0.9805471682377505,0.9095531056475505,7.211811238712883,3.297673621201163,4.126171982587365,0.00017448712498112362,0.9096988110420492,25.39901656299219,20.87265577319764,0.32524213,0.3361932,203
09066000,timesfm,zero_shot,CAMELS-US,0.9885556222861329,0.9710950309929999,4.3816328990567035,1.7328219754355294,-0.42809594991746347,0.00315722021822034,0.9714662654916584,16.288211528107208,21.39450377720636,0.34659916,0.38104627,196
09066200,timesfm,zero_shot,CAMELS-US,0.9613051226703592,0.9335483854924816,4.145137293710323,1.457086303556452,2.756670363265455,0.0020455684238025046,0.9356212433903316,16.534912235830802,15.463564504830355,0.43681556,0.42171326,196
09066300,timesfm,zero_shot,CAMELS-US,0.9817175889550483,0.9332353684733092,1.6191022338746024,0.6131461188862366,3.9455214788049795,0.0010688070579325734,0.9335759112625771,5.474932437028317,5.574164598776875,0.37330818,0.38246876,196
09081600,timesfm,zero_shot,CAMELS-US,0.9866607412951183,0.9378117089083648,56.65780792032888,25.445018531032726,2.5475269185638365,-0.001252746693890562,0.9379738119994698,185.80843520455045,192.4793167511252,0.28865084,0.30201674,209
09107000,timesfm,zero_shot,CAMELS-US,0.9849118321090967,0.968788517478007,16.991264112288935,7.925308209286922,0.21578937966852477,0.0018198173637895623,0.9694656564698416,52.58508477621162,88.42776184700185,0.25477174,0.26297262,209
09210500,timesfm,zero_shot,CAMELS-US,0.9755108909316229,0.9640968908626892,18.306539730913297,7.976675416864277,-3.153379854784668,-0.0009598567978514154,0.9659323515487378,54.341735502937574,49.17562470122174,0.2360877,0.24455725,209
09223000,timesfm,zero_shot,CAMELS-US,0.9788203328083795,0.966093009134698,28.624617657734508,11.66451787022711,-3.061278138575307,-0.004077218085342997,0.9676862369730003,88.27086190679692,76.61249158107508,0.33427605,0.3309125,206
09306242,timesfm,zero_shot,CAMELS-US,0.9923654846104101,0.9713342276053648,0.07063597205263737,0.03941989955378742,-2.461136895487413,-0.0026993203599672833,0.971536644416748,0.1819858617502858,0.24767746247610017,0.20712875,0.20159476,205
09312600,timesfm,zero_shot,CAMELS-US,0.9655308684001249,0.8627136891249737,10.91476125017055,2.7947024007134025,-8.616889869705844,-0.0024097942270281843,0.863271546680983,46.64962931730041,68.0910208971455,0.36828634,0.33321413,197
09352900,timesfm,zero_shot,CAMELS-US,0.9576229927368538,0.9517237270317059,30.132423393441908,14.709536460450458,-2.8341186972011676,0.0006323950426289152,0.9563842639191769,98.31417761193858,93.16201654591848,0.4036022,0.39318198,197
09378170,timesfm,zero_shot,CAMELS-US,0.9811563479368149,0.9600178000556955,0.1006509900436113,0.03789322580754136,-2.763601267844671,-0.0020855494055916426,0.9610690077248649,0.28328223265290353,0.17901708575751218,0.38099042,0.3831973,198
09378630,timesfm,zero_shot,CAMELS-US,0.9383079898574499,0.7971540012307212,0.16032803108117064,0.03795156065869378,-12.237858638314671,,0.7982092108264494,0.6872841504667717,1.4315643700843683,0.76196635,0.87702096,200
09386900,timesfm,zero_shot,CAMELS-US,0.3436817036242319,0.1269341645392833,0.9261680073415172,0.16980964464727294,-49.6344048948963,-0.00528036827519705,0.18124903262543657,3.8952378712589355,7.423851426598746,1.3437319,1.2895151,203
09404450,timesfm,zero_shot,CAMELS-US,0.6929105478399034,0.7489372661141324,10.804170358712069,3.149153255569148,-11.014570920021907,-0.00043755055646463314,0.8076372380211969,43.60456411684565,93.97016578348983,0.35631415,0.26131326,197
09430500,timesfm,zero_shot,CAMELS-US,0.595653830826282,0.4591425726812417,186.45290498127017,28.891191397140275,-17.008623284417645,0.0034539122838418927,0.4814365674123836,792.1808321554317,1464.5200359440607,0.6184537,0.43099812,201
09430600,timesfm,zero_shot,CAMELS-US,0.16449914380648345,0.11561705327089822,59.19805015263819,10.833451815476504,-32.3739220591407,0.006099793477422934,0.32858829519410393,246.28192439378793,459.2198330101712,1.1823472,0.9687671,205
09447800,timesfm,zero_shot,CAMELS-US,0.9721878661244324,0.9817022674888756,0.10182836048556408,0.06342468478462913,-0.49757906263569857,-0.0009624131226997554,0.9878365641689327,0.18809117492274166,0.22583400315629987,0.058793716,0.068945445,209
09480000,timesfm,zero_shot,CAMELS-US,0.005606374984706286,-0.1739968061112338,1.481778681787736,0.20046863783792587,-26.884413232095756,0.0017808929049879935,0.17379949883474666,5.913514623678164,12.169457079604742,0.7898544,0.32228175,209
09484000,timesfm,zero_shot,CAMELS-US,0.2041146962425059,0.30047514551227505,10.487980571827192,2.1438570433612645,-27.046272461320335,,0.5308335128650379,45.264560314957926,81.5101485038281,1.1386224,0.9977192,209
09484600,timesfm,zero_shot,CAMELS-US,-0.00408116715538287,-0.3687759818592715,19.3784950813311,3.0455274636719074,-65.66884045351854,0.0038970001636422,-0.04308042456578676,83.22086839885115,155.84730798875793,1.6443598,1.3404102,209
09492400,timesfm,zero_shot,CAMELS-US,0.9443978834008132,0.959058443064953,3.625489349199904,2.0453945255735846,-2.991876963385652,-0.0003546464646557862,0.969322564233205,7.714973221275922,12.273479109069195,0.31798267,0.3178365,209
09494000,timesfm,zero_shot,CAMELS-US,0.8985922810192087,0.8555237519930301,24.71897374683606,9.262679623751835,-4.549356688309646,-0.0016098869179694691,0.8594654264949282,94.98663372999096,179.81225002432902,0.39244536,0.3797119,209
09497800,timesfm,zero_shot,CAMELS-US,0.1962533296283382,0.30028780550500134,22.97452055878253,5.68715620321386,-14.571151232004462,-0.002798853768732821,0.531949985275583,97.4445756381656,185.35646533519295,0.59664047,0.40031254,170
09497980,timesfm,zero_shot,CAMELS-US,0.3249953214508351,0.14072747985686762,39.61837269361232,6.112955870240499,-40.07890190388254,-0.0009662667323496309,0.18212765162068523,172.0556863719801,321.46229039489504,1.0204166,0.62040687,209
09505200,timesfm,zero_shot,CAMELS-US,0.6732537830290077,0.7921368649470455,16.833455261809128,4.314032580984298,-8.595896103703842,0.000553254327442472,0.8843195365609524,68.28499369661472,112.8554018215196,0.56136173,0.5707769,199
09505350,timesfm,zero_shot,CAMELS-US,0.08172910542792089,-0.06652359116252793,123.01368144761702,16.004737511408653,-49.87334784392417,,0.18801448236507912,534.6626261144221,1018.8520130728597,1.5434452,1.2794925,209
09505800,timesfm,zero_shot,CAMELS-US,0.8693557117948535,0.9020963120171113,13.336308331361888,3.362835505362333,-6.361107070203602,0.0011240629295703598,0.9249238357231114,56.640839273903424,92.93196091753776,0.40845343,0.38653144,209
09508300,timesfm,zero_shot,CAMELS-US,0.13402648961725905,-0.14852950115080432,45.741726703027204,5.4400238585542535,-64.0199285031291,,0.012252507455106532,195.3794394462135,371.4753563251954,1.6371795,1.2607589,201
09510200,timesfm,zero_shot,CAMELS-US,0.11658070220520789,-0.21642159754496504,51.86588052735373,7.9164982084229445,-71.30914137058137,,-0.10672607086462627,224.92761438723952,423.4536223136422,1.6002231,1.3073764,209
09512280,timesfm,zero_shot,CAMELS-US,0.18010056947874853,-0.12648807218622227,5.239106085786595,0.7956846714285469,-68.21857630164226,,-0.04765731376138227,22.24441164474783,42.56997682035343,1.6105016,1.944648,209
09513780,timesfm,zero_shot,CAMELS-US,0.18179872337213931,-0.13774555449026415,9.54717211441038,1.3880728148040946,-71.93045296045244,,-0.04329714424441722,41.77155032110436,92.91736777926032,1.5590972,2.135277,199
10023000,timesfm,zero_shot,CAMELS-US,0.9891409702511118,0.9432423709942873,2.2145962305164537,0.8731108259356193,-1.795783969103634,-0.0017566867014200543,0.9433672974775825,8.831176953727786,12.113057956748415,0.123075016,0.11411321,209
10166430,timesfm,zero_shot,CAMELS-US,0.9851407438985452,0.9690167928493684,0.9375828228829204,0.2818718001816832,-0.7171565918789029,0.00013919491324344835,0.9695869966087638,3.8517771403972967,2.864113833646535,0.25365752,0.2403451,209
10172700,timesfm,zero_shot,CAMELS-US,0.9105936314929428,0.9051337359203199,0.5637554523102642,0.2031614552274275,-3.3537265708419675,-0.0013186593109439457,0.9154190674677475,1.5306701018563338,1.7238422151528312,0.102760315,0.07676281,209
10172800,timesfm,zero_shot,CAMELS-US,0.9898186714645204,0.9906109910866927,0.8041218178568148,0.3732652270622801,-0.7296806358487548,-0.0007232536665244017,0.9918361555682494,1.772495097288173,0.643409428885489,0.18149106,0.18047728,209
10173450,timesfm,zero_shot,CAMELS-US,0.9915223416470726,0.970930946640389,10.330125388428543,4.315188493047442,-2.8505335458116283,0.0004217139846215516,0.9710471578290107,39.940526678749336,54.46787333114676,0.26697475,0.27255857,196
10205030,timesfm,zero_shot,CAMELS-US,0.9852808547082432,0.9457586797011518,2.202776468007081,0.9672606535974493,-2.240460999085099,-0.0013459500671784488,0.9460452152702801,8.516208668259177,11.288488163320826,0.17745404,0.1713975,197
10234500,timesfm,zero_shot,CAMELS-US,0.9814169583394067,0.9444894879747052,8.49350239842661,3.5035256381240187,-2.5285899651251795,-0.0011264496798824974,0.9450451206600045,30.42333329522413,50.75667897496947,0.20703681,0.19954114,209
10242000,timesfm,zero_shot,CAMELS-US,0.9768912670467561,0.9441403655139531,9.270791329107663,4.194235263258647,-3.0113491754836246,-0.000713685112957111,0.9449761049226669,29.655394686615153,42.70039153613965,0.40620455,0.36831716,209
10244950,timesfm,zero_shot,CAMELS-US,0.9928978752691207,0.9877548844989887,0.5601957500143985,0.2182277024647836,-0.40049447460810567,-4.344860420283682e-05,0.9881559586501125,1.991535610061179,2.219322179015675,0.093007974,0.08646042,209
10249300,timesfm,zero_shot,CAMELS-US,0.9386101940392366,0.8344163378934483,2.2688697581935537,0.4914431992936604,-8.241971185662303,-0.00021148864409037058,0.8360076488854732,9.54327205733958,16.380477410057686,0.3910011,0.334171,203
10258000,timesfm,zero_shot,CAMELS-US,0.8847157000148321,0.8948974880326044,1.743020954774976,0.3160244035657103,-6.360646485946466,-0.002026630761080034,0.9129366163492316,7.162898666291079,12.05180049186022,0.31727272,0.24251221,209
10258500,timesfm,zero_shot,CAMELS-US,0.22355023735390422,0.03901418191924988,6.1286447228252605,0.9038544680531088,-53.23130138741743,,0.17645126306892944,26.668993064802137,49.08736181258632,1.0444891,0.61520684,209
10259000,timesfm,zero_shot,CAMELS-US,0.7825880107976227,0.7432337477277391,0.7759928332229069,0.2041245183448472,-5.082665953804597,0.0003409798452362507,0.763934613768985,3.2469639021266503,6.1579819185202425,0.23725775,0.17006665,209
10259200,timesfm,zero_shot,CAMELS-US,0.04024062626245617,-0.29498878129505646,4.656901731818711,0.377106526955677,-61.87789479255732,,-0.0759067930799997,20.285018364618093,38.84093179480405,1.2211174,0.5613086,209
10263500,timesfm,zero_shot,CAMELS-US,0.9076458737616528,0.8359826585458695,7.171677289404201,1.3759408886708206,-4.577797844547438,0.002066324278242857,0.8384562527979971,29.676838622903595,67.0853653681201,0.3036906,0.24307536,199
10310500,timesfm,zero_shot,CAMELS-US,0.9090769469740817,0.8887983561137022,0.9971615211692433,0.31828273683073416,-3.693476253991261,-0.0007156604316681699,0.8978815288558468,3.5215675720793627,4.577228732413036,0.18919978,0.12970935,209
10316500,timesfm,zero_shot,CAMELS-US,0.9862702610130655,0.9859746844216419,8.981924081689456,3.588996993297595,-0.6611277722916078,0.0005086961643698332,0.9871703258867702,32.482534571926344,46.53991253410786,0.3255454,0.330146,209
10329500,timesfm,zero_shot,CAMELS-US,0.920134428817607,0.8057724235638571,18.247095538475566,4.360702864488765,-7.97814083915154,-0.0004142521786965926,0.8068810180657531,78.98945982661748,151.95631924373143,0.40893996,0.34987414,199
10336645,timesfm,zero_shot,CAMELS-US,0.9553492256567881,0.9568786763457274,5.508729402608801,2.1473419315154008,-1.3445410897741394,0.008356893803068186,0.9627372010852246,17.602296404335313,27.343392056133617,0.4204554,0.42988798,202
10336660,timesfm,zero_shot,CAMELS-US,0.964585714190557,0.9792339381485548,9.926079268472217,4.0731643845539285,0.07959308710822673,-0.0006648764324400369,0.9875786714050313,34.845023589286946,42.95341456321531,0.35298994,0.34524548,202
10336740,timesfm,zero_shot,CAMELS-US,0.9622565041178479,0.897099231978376,0.1171883528003296,0.04423760385675864,-4.761794935848757,0.0016653056268650553,0.8981506597207563,0.4524329963833914,0.6220695095518778,0.38243082,0.34061116,209
10343500,timesfm,zero_shot,CAMELS-US,0.9790689233981487,0.9382645058081226,2.531041964049013,1.03874329687876,-3.622816865888761,-0.0004014924303132848,0.9389377220491955,7.486404295176513,10.469433355825608,0.32136175,0.30248803,209
10348850,timesfm,zero_shot,CAMELS-US,0.9604974304292032,0.9246422059247812,2.3751299859679067,0.9299311674953077,-2.129641085875366,0.00047799399234705123,0.9268898171523282,8.521198744722103,10.27125044610158,0.24775729,0.24923503,209
10396000,timesfm,zero_shot,CAMELS-US,0.900975579474681,0.882879849276757,51.02091710928621,18.860550723029572,-5.239016887444862,0.001352716800684977,0.893318504028797,196.25719267543275,287.1787420587427,0.34735587,0.2975143,206
11098000,timesfm,zero_shot,CAMELS-US,0.6865824007923804,0.6248395718091166,8.581740621380236,1.6309379510165471,-17.197634403669007,-0.0015484332014928381,0.6588132513746935,36.22452990306306,67.99707805556838,0.5747012,0.36268944,197
11124500,timesfm,zero_shot,CAMELS-US,0.5918688355103785,0.5311586634736369,19.359078598895486,3.052949881697092,-24.7304550503539,,0.5843094020990661,85.48718022354284,174.08625396028165,0.6726295,0.4202398,199
11141280,timesfm,zero_shot,CAMELS-US,0.825048285550678,0.8560347184023828,4.39740130594197,0.74052090850173,-8.115709653442913,-0.0010664699091861261,0.8875392439238646,18.047056940830604,35.00191894533541,0.47051927,0.47492695,209
11143000,timesfm,zero_shot,CAMELS-US,0.918024888677455,0.8647072518760464,44.39853545430328,12.352031468204334,-11.33478387022875,-0.0028583950754056224,0.8704320495985438,162.03942560358695,108.76914328333953,0.650783,0.5590578,209
11148900,timesfm,zero_shot,CAMELS-US,0.7890858197221199,0.7574727056816524,180.44953302348046,41.01036449829696,-21.18752858888801,,0.7685134444093077,777.1575183583275,1062.4661142990183,1.1909118,1.1863762,209
11151300,timesfm,zero_shot,CAMELS-US,0.8410605628390039,0.5892085102321751,28.677828500041045,3.924633433017434,-23.59888450346506,0.016053760011642056,0.5900880840678437,124.89828624077498,232.0987636084668,1.4702649,1.2735025,209
11162500,timesfm,zero_shot,CAMELS-US,0.597270584821442,0.5469349298006876,48.32107775531388,11.379296523853068,-26.676618331901153,-0.0009128027076534054,0.6027964234762433,207.78706883092818,323.525651243137,1.0120155,0.91087997,209
11176400,timesfm,zero_shot,CAMELS-US,0.7963586521664335,0.828861004871432,26.763308225922188,4.889903470782483,-13.073502623109688,,0.8635699409935598,115.44932415975477,209.14733419013567,1.0929248,1.1632164,209
11180500,timesfm,zero_shot,CAMELS-US,0.48423659390439444,0.4680034999020769,4.165759383001193,0.9334757452723169,-30.747476326575946,,0.5600169021155583,18.096609997677003,24.789098788221466,1.125518,1.2395173,209
11180960,timesfm,zero_shot,CAMELS-US,0.443671105138165,0.6087752732692413,4.835506976032747,1.0921836331334158,-18.322554218235606,,0.7635188277108812,20.707501619340956,29.17818442500014,1.0577672,1.152857,203
11224500,timesfm,zero_shot,CAMELS-US,0.9322143228506136,0.7956148738677417,3.06635232624705,0.5556609209172392,-13.993396850097316,,0.7970989802999713,12.97769229553647,23.929051285637527,0.899773,0.8382409,209
11230500,timesfm,zero_shot,CAMELS-US,0.9625207591702819,0.9244628947324276,23.689521700017234,10.272015138105912,2.3194538611213926,0.0040002643393916015,0.9257345038585691,77.74682327510342,128.4635424840836,0.3856076,0.42051297,209
11237500,timesfm,zero_shot,CAMELS-US,0.9677707536824632,0.9249901236665712,15.282633513068024,4.776797343598028,4.279227857378836,-0.00869002599557582,0.9260933760969197,62.54877000008968,48.82407768475176,0.39991632,0.46518466,209
11253310,timesfm,zero_shot,CAMELS-US,0.7557053236585061,0.5761815559817902,3.234534980625672,0.5084871710049719,-26.28155023643554,,0.588479543830841,14.058890167207856,19.94767440424232,0.81338936,0.5557707,209
11264500,timesfm,zero_shot,CAMELS-US,0.9749028622948502,0.9872488387271084,84.62113056002734,39.44289784454273,-0.21371500458471013,0.0001677646372489211,0.9956952102489621,239.40436623879557,254.80574064487908,0.40213576,0.44816008,209
11266500,timesfm,zero_shot,CAMELS-US,0.9808385480777841,0.9900495510028479,127.91984203144327,61.207073503704166,0.21785930353843136,0.002795604290187624,0.996919299940667,398.3466631920486,517.0500790532652,0.34183314,0.3743985,209
11274500,timesfm,zero_shot,CAMELS-US,0.815492031913186,0.7385510863072169,29.86378965681951,3.517227301802914,-15.578568523551894,,0.754658227750867,131.98711131538428,287.25241425350475,1.2057252,1.3167229,196
11274630,timesfm,zero_shot,CAMELS-US,0.8894993656412687,0.8236716358304585,4.361305506769362,0.6103999361413298,-13.478836387358506,,0.8303177515489047,18.393666983466655,42.49423029345687,0.8851043,0.95526713,200
11284400,timesfm,zero_shot,CAMELS-US,0.5734510274322853,0.44653885322274944,16.06037276744203,2.788818211202247,-35.24035056621892,,0.49470824736080965,69.84930122794192,114.53130088045017,1.2549244,0.92566603,209
11299600,timesfm,zero_shot,CAMELS-US,0.5696222970863108,0.3968560994199525,16.39554776151944,2.953486604430004,-36.64383367017503,,0.43429299267309307,71.16623705571295,129.40273429869168,1.2712593,0.9168561,209
11381500,timesfm,zero_shot,CAMELS-US,0.7491008209722287,0.7615963196271862,127.61025242862236,41.567435707201795,-8.617467651963524,-0.0001818133493069092,0.799124662419763,515.1669775179196,660.1404302455455,0.38974485,0.3116672,209
11383500,timesfm,zero_shot,CAMELS-US,0.8741414730300945,0.8180848513745804,122.58207270303515,35.72903774994347,-8.029473683377468,-0.0017659497686008524,0.8272202972581228,462.32135231821667,552.5595664724642,0.44072515,0.34171784,203
11451100,timesfm,zero_shot,CAMELS-US,0.8499123686585945,0.7612630904115988,71.14288962497962,17.90985313674622,-16.2393936378681,0.009506429438865871,0.7719969471614573,290.590946136472,392.05675087170493,0.9518683,0.8033825,209
11468500,timesfm,zero_shot,CAMELS-US,0.8314618229532907,0.6829513424316223,164.89919441677557,35.80617642700672,-20.640195721484915,0.0024570053034292452,0.6904121308936475,732.7858193288275,335.15390152329604,1.064977,0.94521654,200
11473900,timesfm,zero_shot,CAMELS-US,0.6716452821224003,0.6963846661099748,1221.418107502793,293.51049313127993,-12.243240432721844,0.009745882140855713,0.7528608464658981,5315.6368661736515,9369.173388271756,0.7605516,0.6354398,200
11475560,timesfm,zero_shot,CAMELS-US,0.8374181277250333,0.7653679049937547,17.194669518343265,4.429605207374792,-14.967303752918834,0.00034855738266335173,0.7776781933820189,69.85719149406532,72.35605862084009,0.8993805,0.7923241,209
11476600,timesfm,zero_shot,CAMELS-US,0.8218861979156873,0.7092209717046131,97.91765679432929,17.35881250935044,-14.404998392969892,0.002613441198031627,0.7195889355416348,432.211622350869,651.9860896711477,0.9877081,0.8543468,197
11478500,timesfm,zero_shot,CAMELS-US,0.7367956513274636,0.6640793428412064,787.5208931283281,190.26223568221434,-15.851316701281958,0.009374401053775003,0.6882726038341289,3434.852584052166,4711.383319573011,1.0297505,0.8407867,199
11480390,timesfm,zero_shot,CAMELS-US,0.7031333194377476,0.810664612567431,202.98610574290592,44.48554485766217,-7.98016262907097,0.006517169199917794,0.8910180647272623,887.7332038669109,1444.0630987769903,0.92264706,0.86278856,200
11481200,timesfm,zero_shot,CAMELS-US,0.7158536567711902,0.7157132440548735,114.52046398934884,31.594923522341904,-13.43279268412431,0.003340479217072527,0.7578883580860822,455.57169194740004,629.1359030654751,0.96939,0.8471961,201
11482500,timesfm,zero_shot,CAMELS-US,0.7979547691752437,0.7843252630108356,707.9719764308577,193.076682100296,-9.545500649813539,0.0070481107679621555,0.8104545354031382,3069.945971812106,5589.489438385433,0.8291429,0.67987037,200
11522500,timesfm,zero_shot,CAMELS-US,0.8678825768402277,0.8248067957964235,708.2236162667026,250.75488383461985,-8.30978800045884,0.0012878808785056553,0.8360763517081505,2852.747813261229,3956.143371461672,0.50923073,0.4164663,209
11523200,timesfm,zero_shot,CAMELS-US,0.9189629309799138,0.9308415630035619,134.73491078307975,48.637612829403004,-2.1484958376186456,0.00479384125098168,0.9442239966662246,499.05420384033886,1021.4590315185242,0.48703042,0.4360404,196
11528700,timesfm,zero_shot,CAMELS-US,0.9006156893355649,0.8672440213746655,501.2391312469695,148.07892249988026,-7.382141605081478,-0.0009690194337702643,0.8764650367813588,2072.531454352109,1259.664353236883,0.6266734,0.51375157,209
11532500,timesfm,zero_shot,CAMELS-US,0.7686728656936208,0.8042300201366924,3146.8063789245175,957.670333478918,-8.492814644601129,0.0018545604043392755,0.8450141093414567,12616.856470492858,20379.13963324398,0.90016145,0.7991819,199
12010000,timesfm,zero_shot,CAMELS-US,0.680751712777621,0.7396739453769889,280.9455928273969,102.92601814452541,-9.429034064312214,-0.0023928362848015874,0.8030085736029834,1130.715427088562,1510.0104663784712,0.7050518,0.6692381,209
12013500,timesfm,zero_shot,CAMELS-US,0.6996338813533836,0.7633291479343571,479.9970053390647,154.450592280586,-9.375309605748798,-0.0004663558033866505,0.8257436359955339,1886.0206409891498,3341.6482401885473,0.765501,0.71693295,207
12020000,timesfm,zero_shot,CAMELS-US,0.657480487211743,0.7191138491584153,408.1821033400864,133.47490493110988,-10.925876384435385,2.3042032155279335e-05,0.7881606906898744,1667.7634430076541,2449.3168923644553,0.7831537,0.7138902,207
12025000,timesfm,zero_shot,CAMELS-US,0.8023875904114313,0.8684839231004922,261.6812155115638,125.42588802501916,-5.185180576725101,0.0027919111592588017,0.9167441778562808,835.6222165309302,1024.07791447052,0.6343734,0.6319751,209
12025700,timesfm,zero_shot,CAMELS-US,0.7451840075353963,0.833894312416945,124.45203753119311,49.036963686418304,-6.897794077910109,0.000792722603029837,0.8992074092352402,456.29131133054364,652.7299309215886,0.67879343,0.6803725,209
12035000,timesfm,zero_shot,CAMELS-US,0.7485686462642676,0.828516231050137,1086.238029269582,393.71633166445497,-6.494955856787999,0.0019341273834172154,0.8896658815375319,4227.6196059383565,6432.575647562194,0.53963464,0.5431136,209
12040500,timesfm,zero_shot,CAMELS-US,0.554404845954475,0.6216830531982982,2676.7665767676117,1046.447644163235,-8.929956365127337,-0.002146980602749062,0.7137436256908686,10259.73546037594,18572.738047082967,0.5801729,0.4788322,203
12041200,timesfm,zero_shot,CAMELS-US,0.51767376126884,0.5902937327076294,1199.7704721447194,474.2876132908713,-7.742406902942934,-0.0012979450748279008,0.6914139933116328,4590.075007823859,8401.289449509895,0.4680804,0.35878596,203
12043000,timesfm,zero_shot,CAMELS-US,0.5104844522554903,0.5998990402104627,850.7587700787569,289.35381490534,-10.403326152939018,-0.00256969517989062,0.7116185820493032,3449.12051853458,6253.472209744497,0.66836333,0.59373325,209
12048000,timesfm,zero_shot,CAMELS-US,0.843220478001375,0.8664838066568976,101.68184559514125,45.25650053617487,-2.9926805898337387,0.0009517897300807335,0.8930414664549979,302.5511059053158,556.6390290697263,0.3283362,0.2869965,209
12054000,timesfm,zero_shot,CAMELS-US,0.7196916194533138,0.7509224554490075,180.0834780398717,75.44395716909015,-8.445103031558048,-0.004064359170596509,0.7963507783832728,669.201434382325,1104.544823670671,0.44923693,0.40769506,209
12056500,timesfm,zero_shot,CAMELS-US,0.6338593485575043,0.6705959684760292,315.8146917503084,117.06635238352605,-10.423881020187322,0.0006963074382948797,0.7340449713572501,1262.2983242010328,2035.1472282393606,0.5196009,0.44465804,207
12073500,timesfm,zero_shot,CAMELS-US,0.8092797062037028,0.8336414489142547,3.5084702699805232,1.2156366787704767,-5.305573538279422,-0.0018413245747847806,0.8651043018152988,13.239888207188875,22.839407638598725,0.33881918,0.3247972,204
12082500,timesfm,zero_shot,CAMELS-US,0.8367426973713734,0.8515709375677788,175.8204905915077,105.17658186931999,-3.1505280715042296,-1.3123648122705112e-06,0.8760107711560962,448.9871289749109,514.5088536521193,0.3421893,0.2844543,196
12092000,timesfm,zero_shot,CAMELS-US,0.7291267779570554,0.7782278268033579,146.56293534566197,78.87258070342395,-3.5235245602963174,0.00016427482246064544,0.8295759942640804,489.5688012753522,862.6090996799661,0.33146894,0.25412923,196
12095000,timesfm,zero_shot,CAMELS-US,0.7600396760473003,0.7530809757311253,112.37601468677639,51.53239919207423,-6.819058657812262,0.0009194709416140492,0.7814171874006971,429.679344966589,737.4806029314627,0.53054667,0.4404618,197
12114500,timesfm,zero_shot,CAMELS-US,0.8959958807847145,0.9056608672784126,50.62912514587854,28.784256903178385,-3.766070089067931,0.0011721390079234145,0.9213032465266282,130.84238899678266,130.5843392756729,0.44335607,0.4339557,209
12115000,timesfm,zero_shot,CAMELS-US,0.8742086922151374,0.8717441501305548,84.46675153505528,47.76625877818422,-4.4469675955475045,0.002595937512416383,0.8878254506295731,255.57054860375345,283.6702318803362,0.45359424,0.43964985,209
12115500,timesfm,zero_shot,CAMELS-US,0.7637702913965163,0.8046281507892359,47.611681529900174,25.381170478163725,-7.996596114894909,0.0007418173012078769,0.847043199774892,141.99437353722035,141.65994079011594,0.56600386,0.5364937,209
12117000,timesfm,zero_shot,CAMELS-US,0.8690995700645571,0.8583449825951319,27.52621272990488,13.811623835096173,-2.980966991016427,0.0026086974561785846,0.8727143551243954,98.8238985288303,101.01506414762068,0.3381165,0.2901964,204
12141300,timesfm,zero_shot,CAMELS-US,0.7270406936256385,0.7660137650050496,540.976730664497,295.7468402862549,-7.548296826352919,-0.0009248328587986472,0.8130931565045428,1488.6524754840295,1166.5459003143721,0.5315046,0.46693224,200
12143600,timesfm,zero_shot,CAMELS-US,0.810290328185698,0.8431261128116586,170.22222215518602,95.74979044718035,-5.78097040906227,0.0011453681822429299,0.8765821640559087,495.8267296565335,608.0435786391695,0.49229693,0.4642851,209
12144000,timesfm,zero_shot,CAMELS-US,0.8283220080683842,0.8523233306302992,173.18746543515368,97.27253821706087,-4.4815608804619025,0.0016287047075566295,0.8803845893889509,516.9879616780155,626.9434711128023,0.39845935,0.37442073,209
12145500,timesfm,zero_shot,CAMELS-US,0.6684153061921307,0.7873796472773065,95.14594548953524,45.255314457359496,-7.5778597375136805,0.00020255110102523205,0.8797056566265498,308.99561177541347,382.77291531065873,0.6611435,0.6812621,209
12147500,timesfm,zero_shot,CAMELS-US,0.6544125827581111,0.758517513232153,166.02096475517496,92.52417979628275,-7.864831669539351,0.0011520374772042812,0.8417847703623469,433.79146646243396,460.82445709035625,0.46812904,0.4133143,209
12147600,timesfm,zero_shot,CAMELS-US,0.46220713461044616,0.5599522133064633,44.773202283412175,22.746907562730414,-18.63592020459395,-0.005880553546759964,0.6757216375031199,146.63699745695646,148.70658396552247,0.78416765,0.6754442,209
12167000,timesfm,zero_shot,CAMELS-US,0.6153431712478161,0.7313359202561281,973.1135196822951,462.3394370923202,-7.4193139149787335,0.0012672152221121606,0.830278416855421,3192.889900968225,5254.450109064854,0.48949665,0.44389915,209
12175500,timesfm,zero_shot,CAMELS-US,0.8733235570919985,0.9357615226699736,179.5303826060938,97.97578331614226,-0.6409176976663907,0.001025605904287314,0.9901709682441497,408.9231052855088,619.8786680031085,0.3851342,0.34775662,209
12178100,timesfm,zero_shot,CAMELS-US,0.8272702454127853,0.8616114811910414,58.799435208129104,30.811785100179424,-4.984800188582123,-0.004682489595433433,0.8931003792561547,182.82754921021035,95.3420890753761,0.44058833,0.3739173,209
12186000,timesfm,zero_shot,CAMELS-US,0.8330265731260782,0.9011366831699893,363.62972585227595,196.84809853585713,-3.6408243865309005,-0.0022805089174965897,0.9461909848862501,1080.1384581072662,1215.1422500610604,0.43079245,0.41279012,209
12189500,timesfm,zero_shot,CAMELS-US,0.8562863381278121,0.8935859478740971,1132.8987666939372,668.8206590605945,-2.7944714809413305,-0.0009521474844607393,0.9227924768002745,3232.161512686607,3103.571597264189,0.35713944,0.31925264,205
12358500,timesfm,zero_shot,CAMELS-US,0.9678200265024632,0.9588387504368776,838.0050796991876,391.2144913965342,0.9742461630662658,0.0007945588172475204,0.961520316994493,1960.804432274607,2466.981853964211,0.32223928,0.35173967,196
12374250,timesfm,zero_shot,CAMELS-US,0.9499161501711246,0.9419519122582618,5.399489685130799,2.0090952947221954,-1.5989616192397793,-0.004061617696987235,0.9472970704392963,18.78178267546762,26.489692026296385,0.45165935,0.43029267,203
12375900,timesfm,zero_shot,CAMELS-US,0.9667705027587494,0.9730712624928849,5.724680614441205,2.4525434479641555,0.6655211768921206,-0.0035004523159340648,0.9778444058777827,15.969281305602665,25.366425797201437,0.2495236,0.22753152,199
12377150,timesfm,zero_shot,CAMELS-US,0.8780302631530248,0.919602687565347,27.08305105989157,7.700923218310458,-0.8771307498393736,0.0030607476604671384,0.9493306758475422,105.84313537299836,194.64387256917928,0.34346136,0.28803262,206
12381400,timesfm,zero_shot,CAMELS-US,0.9773044753848344,0.9411242428829221,17.470281965896486,7.0289863822529615,2.0535054500967456,-0.0007336964915261035,0.9417788329331691,55.11577056843413,53.58408108667696,0.26313525,0.2819465,206
12383500,timesfm,zero_shot,CAMELS-US,0.9811973770107427,0.9805530741417829,1.2020334481030277,0.561076175653193,-0.8133487505182518,-0.00011928043790846582,0.9826736073657295,3.2940936598796933,5.194510227962815,0.15142989,0.1567185,209
12388400,timesfm,zero_shot,CAMELS-US,0.9146706013553171,0.9410089287388895,9.349064138071162,2.589919334393369,-2.5238422799249434,-0.0009354021362399066,0.9597553014570114,39.38662339013714,44.553362061596545,0.38826612,0.36890018,209
12390700,timesfm,zero_shot,CAMELS-US,0.9482345368117676,0.9679892174501296,70.67729522116295,29.623403016685835,-1.2458405899980138,0.0019290267901854521,0.9810666612028909,252.6302757198416,162.81713094971246,0.3402302,0.31590304,197
12411000,timesfm,zero_shot,CAMELS-US,0.9142898547403924,0.8936002256646314,358.8608733167464,141.79244560716256,-5.078375777112215,-0.0003202716713760073,0.9020000219939981,1333.3816842451477,2136.543256078968,0.5058012,0.50055486,209
12414500,timesfm,zero_shot,CAMELS-US,0.9319492641718927,0.9307006429453318,858.7458892890002,372.9339199522466,-3.2626177074190172,-0.0005546737553477274,0.9394340098371212,2970.2595708433587,3988.367904934625,0.3892329,0.3779404,209
12447390,timesfm,zero_shot,CAMELS-US,0.9803541808313567,0.9886599359778062,9.225058032340797,4.056838464508787,0.443927016905161,-0.002415696027305944,0.9942045867710342,27.01296030184503,15.081177224600479,0.3840278,0.39769274,209
12451000,timesfm,zero_shot,CAMELS-US,0.9618997617316604,0.9457597211687221,321.67146934001977,174.16620291308098,-2.4074330153620127,0.0011260734567163921,0.949030614839966,852.2447973946628,1049.61673252788,0.34060955,0.34455594,197
12488500,timesfm,zero_shot,CAMELS-US,0.9678883699924071,0.9689021277332526,44.12856129859421,24.346815866716742,-1.6045138780063752,1.0308200306917426e-05,0.973296910632156,111.93386328858342,131.3808523131072,0.35355437,0.33372802,209
13011500,timesfm,zero_shot,CAMELS-US,0.9679794075659172,0.9316572574849624,85.00583640298517,29.327896510585074,3.769297073239753,0.0034731558007232086,0.9327032956135042,262.3915144343074,232.53097453509258,0.37040797,0.37693474,209
13011900,timesfm,zero_shot,CAMELS-US,0.9845038015950563,0.9593932841546253,109.22449540505677,48.32563675875869,2.1225475280988344,-0.0017149092726495112,0.9599422523100837,204.7388936165622,206.48092312419024,0.2771132,0.29523626,209
13018300,timesfm,zero_shot,CAMELS-US,0.9874944978662349,0.977552902994205,1.9735737674043197,0.8449967914414638,-1.7873724875317494,-0.0033396768908716644,0.9781420193723096,6.632912360443572,9.754388203759051,0.20365876,0.19651556,206
13023000,timesfm,zero_shot,CAMELS-US,0.9829018912070591,0.9824908956171754,99.49932529962254,45.972386921421766,-1.43661464165205,-0.003125131283618788,0.9846512710204243,227.18554337466594,200.16439560776533,0.19839033,0.1899097,209
13083000,timesfm,zero_shot,CAMELS-US,0.9442947010316669,0.9150848756383584,1.6394308545484313,0.7394741345820814,-1.7267154695848232,0.0008423768968779995,0.9190917058598522,6.110284603689578,7.131492097474248,0.12716274,0.11160236,209
13161500,timesfm,zero_shot,CAMELS-US,0.9594923653929709,0.8872266839056324,33.81303597407988,10.33396013211278,-4.824643131232911,-0.0008551897483578055,0.8883363529032215,137.58708194372736,252.36248808369234,0.3299201,0.3018725,206
13235000,timesfm,zero_shot,CAMELS-US,0.9556360610108856,0.9571067592083576,190.11674290954087,75.00073651035437,0.08164135981508008,-0.0011685713160435492,0.9617556427007229,652.4063056924523,1127.2082767802533,0.259086,0.26095268,209
13240000,timesfm,zero_shot,CAMELS-US,0.9584335641541694,0.9784778944052572,44.535097528116445,18.91078662416011,-0.5623746203951785,0.0027897202758193386,0.9932579872454875,113.77340124379924,147.6303255828743,0.43355015,0.4394331,209
13310700,timesfm,zero_shot,CAMELS-US,0.9484638811760674,0.9500794791316087,171.4338280859745,67.9381127243407,-0.32642791906124163,-0.001555294688609453,0.9548954534068197,575.599041436514,941.398152044224,0.33394828,0.34628356,209
13313000,timesfm,zero_shot,CAMELS-US,0.9757700822045016,0.9632079771544014,92.57588914370402,35.93647404720909,0.5823568312517032,-0.00023763176468392933,0.9648745088506306,316.6485382023156,240.216855571827,0.32241413,0.35382444,209
13331500,timesfm,zero_shot,CAMELS-US,0.9506304504270044,0.9648495010512753,130.1978003641325,63.10579703299052,-0.6905636028887475,-0.0020916801390656395,0.9738001466220614,390.67967772468256,395.5210600286274,0.3770655,0.38092262,209
13337000,timesfm,zero_shot,CAMELS-US,0.9636694038055483,0.9812401009512111,762.978288796315,355.45171003777364,-0.3767756848144819,-0.0007593241617874016,0.9945079023525324,2465.4416736464095,2693.7929390464615,0.33528483,0.32922205,197
13338500,timesfm,zero_shot,CAMELS-US,0.9487714181668956,0.9579473616188238,277.6045576030407,120.2319484144877,-2.5114797948130656,-0.0010584273444585318,0.9664875745630872,874.4371462400794,932.5749046769675,0.3480903,0.32758248,209
13340000,timesfm,zero_shot,CAMELS-US,0.9514922175599132,0.9653382571314324,2533.230323627385,1200.5616677024148,0.01979279908297778,-7.99445881582983e-05,0.9741561111185588,9026.821477399837,10863.876875459415,0.3419885,0.33347142,209
13340600,timesfm,zero_shot,CAMELS-US,0.9586735028908114,0.9676378625559379,859.8906771216726,413.85919964010947,-1.6045299651817553,-0.001989759033791904,0.9751484407165563,2837.982448060915,2482.413721074289,0.306235,0.29725423,197
14020000,timesfm,zero_shot,CAMELS-US,0.7420618805656574,0.7162203140291846,187.91944527327507,56.96786619487562,-9.763590022670307,-0.0006706484773158425,0.7399761281141605,766.7328951185729,1361.1005125084537,0.5711415,0.4927698,209
14092750,timesfm,zero_shot,CAMELS-US,0.8732669366023617,0.9140885322735545,21.745437656339597,8.761140629724803,-2.7263827920751127,0.0011874965586096131,0.9421546637605277,83.15929610783728,101.16242952982927,0.3651682,0.33214006,197
14096850,timesfm,zero_shot,CAMELS-US,0.8031693666484934,0.7390316011556717,40.7604476182597,8.370559769838595,-6.083827345959055,0.0008761278844018547,0.7540829855994112,178.2630835359803,393.71280405914206,0.3353224,0.28289044,197
14137000,timesfm,zero_shot,CAMELS-US,0.6504680379821509,0.768640309592198,703.861118216702,306.6190913273738,-8.565540905393654,-0.0008391297382300232,0.8564157371629917,2542.54449652602,3074.2329232247575,0.52706766,0.43362555,208
14138800,timesfm,zero_shot,CAMELS-US,0.6525332585121266,0.6873971883742773,46.840721197711055,20.737671003825422,-16.435394018556124,-0.0002353186031592222,0.7458423354021971,155.89784241870618,193.2131397344997,0.9508404,0.89792746,207
14138870,timesfm,zero_shot,CAMELS-US,0.6596095972158784,0.7048854147439934,25.0764726623147,10.85085929347779,-13.705925633081682,-0.0044788126484999295,0.7652655161642019,90.5610480857028,129.14951059004508,0.83465564,0.75084776,197
14138900,timesfm,zero_shot,CAMELS-US,0.6528809914304992,0.6785289761615847,51.259857949186994,21.48478100998233,-13.21072854896668,-0.005987005242234618,0.7345482317619407,192.601067116422,288.4614156176042,0.76487255,0.66293085,198
14139800,timesfm,zero_shot,CAMELS-US,0.6887871436311663,0.7672328341442963,82.20276092906742,35.85689548032368,-10.048871837996293,-0.00046872236474373996,0.8348627802059724,289.55885635638543,506.61715083321616,0.78009784,0.72121674,199
14141500,timesfm,zero_shot,CAMELS-US,0.6376267091518125,0.6520639916695583,99.5600866293577,43.57135184529866,-16.12667259593029,-0.001995371107183657,0.7048120758668026,318.0108281701677,456.0054719116856,0.7418409,0.6336696,209
14154500,timesfm,zero_shot,CAMELS-US,0.7188353463796595,0.6801495530092092,507.80332738663395,205.21194695285632,-16.359432759939107,0.00038102155070752347,0.712031693896951,1875.140838228865,2032.8035463697252,0.8174923,0.7572831,209
14158500,timesfm,zero_shot,CAMELS-US,0.9595924480826815,0.973472431853525,49.930789103032005,24.504677001369057,-0.8092635413011288,0.001594429727916775,0.9827401544533537,147.97466043404097,177.93603788470384,0.1599172,0.16284023,209
14158790,timesfm,zero_shot,CAMELS-US,0.8034989355171254,0.7650904941250979,62.41173364672003,24.716278478859714,-12.212032221110292,0.004089833963685549,0.7852682486636406,233.1108428566048,247.9162115979284,0.7675955,0.7266632,209
14166500,timesfm,zero_shot,CAMELS-US,0.8785597799622076,0.780090776484125,156.71465344686084,46.17893250022779,-9.873277390856092,0.00024305684973012498,0.7853030538333862,621.1136707816828,1083.5828099077387,0.75457424,0.7130325,209
14182500,timesfm,zero_shot,CAMELS-US,0.7427374473791597,0.7850823488107495,436.03663048590835,186.08798593492364,-10.027313980244625,0.0010035795401624192,0.8319584229744575,1617.6799368986424,2850.4612703493053,0.7704474,0.7082454,199
14185000,timesfm,zero_shot,CAMELS-US,0.7686084518375228,0.7858139088285648,515.4455938263916,233.82363254601876,-11.412357680990395,0.0023465251365310733,0.8211430736690601,1829.7397721142602,1472.2596061801457,0.7073118,0.683635,209
14185900,timesfm,zero_shot,CAMELS-US,0.6696864503863635,0.7209179244814108,525.7578707324474,200.91386047618812,-13.532005078628828,0.0011505578413256307,0.7826809401079774,2005.536292465367,2571.305727397039,0.82229745,0.7961561,209
14187000,timesfm,zero_shot,CAMELS-US,0.789846571600596,0.8117972219690204,134.2844606544231,58.87632519890817,-11.080737279264675,-0.005296485041203169,0.8455146763653238,470.09846409340753,419.86835740126253,0.76311797,0.74572545,209
14216500,timesfm,zero_shot,CAMELS-US,0.9020374799003555,0.8830142933002667,244.85908303123549,110.3465138649454,-4.120274388394764,-0.0007358159393160875,0.893033113775635,806.4555750300095,1294.179857974585,0.44712412,0.43004733,196
14222500,timesfm,zero_shot,CAMELS-US,0.8309910919426035,0.8975772312230362,339.74867882645214,166.7240307091526,-5.240777598764536,-0.0008489389641613485,0.9421981338980511,1121.5766120673425,1523.0783753622588,0.6911945,0.6999873,209
14236200,timesfm,zero_shot,CAMELS-US,0.8477497980468905,0.9026076384747999,317.72507356086203,160.74781044044687,-4.530577120432792,0.008549140243895324,0.9403312937489814,960.7127985402192,1053.9327250338947,0.62389064,0.57600164,199
14301000,timesfm,zero_shot,CAMELS-US,0.9120989639830934,0.9467475843598263,1115.3054828917097,461.28404925196304,-3.0332765270247646,0.0019251149740438442,0.9692287195437568,3909.7528442515286,3976.570007146438,0.7649012,0.8054778,197
14303200,timesfm,zero_shot,CAMELS-US,0.8117851469307115,0.8887159226377815,12.197355320847638,4.235239456450273,-1.6085634823629882,0.001334309647457406,0.9273627087490004,49.17787861674373,81.34958191010065,0.79316074,0.8396197,197
14305500,timesfm,zero_shot,CAMELS-US,0.7269476676495261,0.781546174509826,1008.7289649265313,348.0907976068378,-9.448679074685739,0.00012886539523317142,0.8356961576929102,3871.7075493773996,6588.09257486753,0.7652693,0.73832613,209
14306340,timesfm,zero_shot,CAMELS-US,0.8186903866779831,0.8604352820240037,21.060744352158775,7.66577611466748,-9.61274750194249,-0.00309317898002532,0.8933972730711457,83.13649443133703,120.275987000939,0.98652047,0.9645147,199
14306500,timesfm,zero_shot,CAMELS-US,0.8617258256393884,0.8603307457666386,783.8033779051013,284.1318519263747,-7.805289355708802,-0.002600437272619667,0.8789385594904003,3046.5292538153535,2356.1899380012846,0.6851466,0.66856134,209
14308990,timesfm,zero_shot,CAMELS-US,0.8202056354861034,0.7472229402480804,64.76134381057825,21.12318644227023,-14.335782171320416,-0.001275173557644227,0.7615427387473563,249.87945280583273,355.9103471251057,0.70392287,0.5350243,209
14309500,timesfm,zero_shot,CAMELS-US,0.7092459856375422,0.7660411980593775,264.2862335148054,74.34163505380803,-13.558498575708581,-0.001139278589793867,0.8179733504283866,1105.2971274020422,1539.8617676909212,0.90764284,0.84051675,209
14316700,timesfm,zero_shot,CAMELS-US,0.6889480955974197,0.6764433437688051,644.3945778570151,243.68201789673435,-16.192763238143797,-0.0002828632093216793,0.718347904075205,2436.9776434802607,2379.633828777058,0.79244655,0.76250887,209
14325000,timesfm,zero_shot,CAMELS-US,0.7529505051070664,0.7110235537041498,722.0451636128255,245.98852688730048,-15.318531880793806,0.0009317948878811017,0.7384740282463551,2793.1093939095886,3258.7905694292635,0.89883125,0.8092376,209
14362250,timesfm,zero_shot,CAMELS-US,0.9585576365268694,0.86904491357673,1.5860712839571012,0.5409863087745231,-6.6409960137198745,-0.0006483594649100907,0.8699743093880727,5.80818075829845,7.8812364952017,0.71804285,0.67140025,209
14400000,timesfm,zero_shot,CAMELS-US,0.7528378549848953,0.8098146875074215,1877.2588518449804,675.0326825739664,-10.802004919075246,-0.0002021281306057096,0.8565957080063091,7273.313935815678,8333.803343627558,0.8581912,0.7864882,209
